MSA_Column,Q93X23_Residue,A0A386KZ50_AA,A0A386KZ50_SHAP,A7IZZ2_AA,A7IZZ2_SHAP,C3RSF5_AA,C3RSF5_SHAP,C7ASI9_AA,C7ASI9_SHAP,F1CKI8_AA,F1CKI8_SHAP,F1CKI9_AA,F1CKI9_SHAP,F1CKJ1_AA,F1CKJ1_SHAP,F2XF96_AA,F2XF96_SHAP,G0Y7D2_AA,G0Y7D2_SHAP,G0Y7D3_AA,G0Y7D3_SHAP,O24475_AA,O24475_SHAP,O81191_AA,O81191_SHAP,O81193_AA,O81193_SHAP,Q5SBP2_AA,Q5SBP2_SHAP,Q6XDB5_AA,Q6XDB5_SHAP,Q84KL3_AA,Q84KL3_SHAP,Q84KL6_AA,Q84KL6_SHAP,Q84SM8_AA,Q84SM8_SHAP,Q948Z0_AA,Q948Z0_SHAP,Q94G53_AA,Q94G53_SHAP,R9QMQ9_AA,R9QMQ9_SHAP,R9QMR0_AA,R9QMR0_SHAP,R9QMW2_AA,R9QMW2_SHAP,R9QMY9_AA,R9QMY9_SHAP,Mean_Abs_SHAP,Scaled_Attention_Weight
1,-,-,,-,,-,,-,,-,,-,,-,,-,,-,,-,,-,,-,,-,,-,,-,,-,,-,,-,,-,,-,,-,,-,,-,,-,,,
2,-,-,,-,,-,,-,,-,,-,,-,,-,,-,,-,,-,,-,,-,,-,,-,,-,,-,,-,,-,,-,,-,,-,,-,,-,,,
3,-,-,,-,,-,,-,,-,,-,,-,,-,,-,,-,,-,,-,,-,,-,,-,,-,,-,,-,,-,,-,,-,,-,,-,,-,,,
4,-,-,,-,,-,,-,,-,,-,,-,,-,,-,,-,,-,,-,,-,,-,,-,,-,,-,,-,,-,,-,,-,,-,,-,,-,,,
5,-,-,,-,,-,,-,,-,,-,,-,,-,,-,,-,,-,,-,,-,,-,,-,,-,,-,,-,,-,,-,,-,,-,,-,,-,,,
6,-,-,,-,,-,,-,,-,,-,,-,,-,,-,,-,,-,,-,,-,,-,,-,,-,,-,,-,,-,,-,,-,,-,,-,,-,,,
7,T,-,,-,,-,,-,,-,,-,,-,,-,,Y,9.961208193359806e-06,Y,9.961208193359806e-06,-,,-,,-,,-,,-,,-,,-,,-,,-,,-,,-,,-,,-,,-,,9.961208193359806e-06,0.0015257964656969988
8,S,-,,-,,-,,-,,-,,-,,-,,-,,S,0.0007302883168787307,S,0.0007302883168787307,-,,-,,K,0.002130336620339511,-,,-,,-,,-,,-,,-,,-,,-,,-,,-,,-,,0.001196971084698991,0.1833446520867486
9,P,-,,-,,-,,-,,-,,-,,-,,-,,D,0.0008997171808140053,D,0.0009020143801963379,-,,I,0.00020849978846266155,P,6.444636615213277e-05,-,,-,,-,,-,,-,,-,,E,3.616021432718838e-05,-,,-,,-,,-,,0.0004221675859904651,0.06466502839138266
10,D,-,,-,,-,,-,,-,,-,,-,,-,,L,0.001927771453028603,L,0.0020012387226636535,-,,Q,0.0007952884456600641,H,0.0045307154635108905,-,,-,,-,,-,,-,,-,,T,0.0008362406027981958,-,,-,,-,,-,,0.002018250937532281,0.30914323720582204
11,I,-,,-,,-,,-,,-,,-,,-,,-,,V,0.0070128525302293136,V,0.007010159386432137,-,,T,0.002693294758904477,Q,0.005736511459271376,-,,-,,-,,-,,-,,-,,T,0.005845197457233563,-,,-,,-,,-,,0.005659603118414173,0.86690311734278
12,L,-,,-,,-,,-,,-,,-,,-,,-,,R,0.0010402850272636986,G,0.0014063500743431503,-,,G,0.0034766575299384414,I,0.0014432775230977276,-,,-,,-,,-,,-,,-,,N,0.0019564313406927,-,,-,,-,,-,,0.0018646002990671436,0.28560797957728734
13,R,-,,-,,-,,-,,-,,-,,-,,-,,R,1.8627471636598126e-05,R,1.8627471636598126e-05,-,,R,2.2268549569546247e-05,R,2.2268549569546247e-05,-,,-,,-,,-,,-,,-,,R,2.2268549569546247e-05,-,,-,,-,,-,,2.0812118396367e-05,0.003187872000708945
14,R,-,,-,,-,,-,,-,,-,,-,,-,,R,0.0005998472809522373,R,0.0005998472809522373,-,,R,0.00024406830224288657,R,0.00021933335499894078,-,,-,,-,,-,,-,,-,,R,0.00022085012965224546,-,,-,,-,,-,,0.00037678926975970946,0.0577142576434806
15,S,-,,-,,-,,-,,-,,-,,-,,-,,S,1.0638684920359512e-06,S,1.0638684920359512e-06,-,,T,0.0021391080889222075,S,4.9283334081978386e-05,-,,-,,-,,-,,-,,-,,S,0.0016252526768148739,-,,-,,-,,-,,0.0007631543673606263,0.11689528156597309
16,A,-,,-,,-,,-,,-,,-,,-,,-,,A,0.0020870093304972592,A,0.0020695903201732586,-,,G,0.0001920180649444798,G,0.0013537027882761915,-,,-,,-,,-,,-,,-,,A,9.517344113482407e-05,-,,-,,-,,-,,0.0011594987890052029,0.17760487682843729
17,N,-,,-,,-,,-,,-,,-,,-,,-,,N,0.0003760735768588043,N,0.0003760735768588043,-,,G,0.001969098420968147,D,0.002358944747642786,-,,-,,-,,-,,-,,-,,N,0.00042632963852869956,-,,-,,-,,-,,0.0011013039921714482,0.1686909565883114
18,Y,-,,-,,-,,-,,-,,-,,-,,-,,Y,0.00041040847117203196,Y,0.00041040847117203196,-,,Y,0.001230994529336885,Y,0.00020847050325173484,-,,-,,-,,-,,-,,-,,Y,0.0001696736685234679,-,,-,,-,,-,,0.0004859911286912304,0.07444112522529929
19,Q,-,,-,,-,,-,,-,,-,,-,,-,,K,1.4457985438027344e-05,K,1.4457985438027344e-05,-,,Q,0.0002621558689210273,Q,0.00038579226641421153,-,,-,,-,,-,,-,,-,,A,0.0003499409786837414,-,,-,,-,,-,,0.000205361016979007,0.03145593464328793
20,P,-,,-,,-,,-,,-,,-,,-,,-,,P,2.168404344971009e-19,P,2.168404344971009e-19,-,,P,1.0842021724855044e-19,P,1.3552527156068805e-20,-,,-,,-,,-,,-,,-,,P,2.168404344971009e-19,-,,-,,-,,-,,1.5449880957918439e-19,2.36651752512767e-17
21,S,-,,-,,-,,-,,-,,-,,-,,-,,S,8.137360841616894e-05,S,0.00010497601887800932,-,,T,0.00014433451055995497,S,0.0006174031289479275,-,,-,,-,,-,,-,,-,,S,0.0014499399079765075,-,,-,,-,,-,,0.0004796054349557136,0.07346300402317746
22,I,-,,-,,-,,-,,-,,-,,-,,-,,K,0.00040084323781976975,K,0.00040084323781976953,-,,L,6.106609120006906e-05,L,4.110232451220493e-05,-,,-,,-,,-,,-,,-,,L,0.0006798546723912468,-,,-,,-,,-,,0.000316741912748612,0.04851657365540244
23,W,-,,-,,-,,-,,-,,-,,-,,-,,W,0.0005641226861294164,W,0.0005641226861294164,-,,W,5.074922165589834e-06,W,5.074922165589834e-06,-,,-,,-,,-,,-,,-,,W,1.3247394810270043e-05,-,,-,,-,,-,,0.00023032852228005652,0.03528030319438467
24,N,-,,-,,-,,-,,-,,-,,-,,-,,D,0.000707810111279369,D,0.0008037936130724727,-,,D,3.801572934337345e-05,D,5.6260329365395505e-05,-,,-,,-,,-,,-,,-,,S,0.0019193094847634882,-,,-,,-,,-,,0.0007050378535648197,0.10799335223902828
25,H,-,,-,,-,,-,,-,,-,,-,,-,,S,0.00019733442244667255,S,0.0001511230098926355,-,,F,0.00042084371379236827,F,0.0014372999941206234,-,,-,,-,,-,,-,,-,,Y,0.002948822589918676,-,,-,,-,,-,,0.001031084746034195,0.15793520532798247
26,D,-,,-,,-,,-,,-,,-,,-,,-,,N,0.007308193985042366,N,0.007308193985042366,-,,S,0.004284526483375209,N,0.007308193985042366,-,,-,,-,,-,,-,,-,,D,0.001391097103669944,-,,-,,-,,-,,0.0055200411084344505,0.8455258689770067
27,Y,-,,F,0.007308193985042366,-,,-,,-,,-,,-,,-,,F,0.007308193985042366,F,0.007308193985042366,-,,T,0.003889631566090258,Y,0.0012635063585650632,-,,-,,-,,-,,-,,-,,F,0.007308193985042366,-,,-,,-,,-,,0.005730985644137466,0.8778370525991206
28,I,-,,I,0.00018902800786342708,-,,-,,-,,-,,-,,-,,V,0.001162095503709065,V,0.001162095503709065,-,,I,1.2397394624150154e-05,I,2.6134435059009466e-06,-,,-,,-,,-,,-,,-,,V,2.054287149735106e-06,-,,-,,-,,-,,0.00042171402342689054,0.06459555447385769
29,E,-,,Q,0.000138599971443128,-,,-,,-,,-,,-,,-,,E,0.0005613069746241186,E,0.0007028523750813838,-,,Q,0.0007950424136296819,Q,6.341527498658258e-05,-,,-,,-,,-,,-,,-,,-,,-,,-,,-,,-,,0.0004522434019529789,0.06927185647968094
30,S,-,,S,0.002101875574695649,-,,-,,-,,-,,-,,-,,T,0.002469311289658609,T,0.0024645860732804554,-,,L,0.001529578515948708,S,0.00260251496285904,S,0.003232550731549067,-,,-,,-,,-,,-,,-,,-,,-,,-,,-,,0.0024000695246652547,0.36762785468156783
31,L,-,,-,,-,,-,,-,,-,,-,,-,,-,,-,,-,,F,0.0038589953143450526,L,0.00029870644357419586,L,0.0014713782278442439,-,,-,,-,,-,,-,,Q,0.002800956075576476,-,,-,,-,,-,,0.0021075090153349924,0.32281523933675527
32,R,-,,-,,-,,-,,-,,-,,-,,-,,-,,-,,-,,D,0.00014711059233798947,N,0.0008497077146086449,N,0.00010700869667203263,-,,-,,-,,-,,-,,S,0.00266563572246559,-,,-,,-,,-,,0.0009423656815210642,0.14434576593002715
33,I,-,,L,0.0011016227862184738,-,,-,,-,,-,,-,,-,,L,0.00019363673792409177,L,0.00019363673792409177,-,,S,0.0011075485158444811,-,,N,0.0003336144150012334,-,,-,,-,,-,,-,,L,0.0024256413295105895,-,,-,,-,,-,,0.0008926167537371601,0.1367255318468267
34,E,-,,P,0.004469023159237025,-,,-,,-,,-,,-,,-,,E,0.004709432593046086,E,0.004956295151474544,-,,E,0.005030115366544996,-,,N,0.0023620972582709767,-,,-,,-,,-,,-,,S,0.003968209728915523,-,,-,,-,,-,,0.004249195542914859,0.6508655793136424
35,Y,-,,C,0.002167267393231382,-,,-,,-,,-,,-,,-,,S,0.0017965190511384783,S,0.001808643751893847,-,,-,,T,0.00041167572448302757,-,,-,,-,,-,,-,,-,,S,9.210237500332147e-05,-,,-,,-,,-,,0.0012552416591500113,0.19227017947515998
36,-,-,,K,0.0003745227536071296,-,,-,,-,,-,,-,,-,,D,0.0020957750896754045,D,0.0020657328013357385,-,,-,,P,0.0001904723800934021,H,0.0009162015029538531,-,,-,,-,,-,,-,,K,0.0015510378879654767,-,,-,,-,,-,,0.0011989570692718342,0.18364885296111574
37,V,-,,-,,-,,-,,-,,-,,-,,-,,-,,-,,-,,-,,-,,-,,-,,-,,-,,-,,-,,-,,-,,-,,-,,-,,,
38,-,-,,-,,-,,-,,-,,-,,-,,-,,-,,-,,-,,-,,-,,-,,-,,-,,-,,-,,-,,-,,-,,-,,-,,-,,,
39,-,-,,Y,0.002185498323147987,-,,-,,-,,-,,-,,-,,Y,0.0013100195888526601,Y,0.0013100195888526601,-,,Y,0.0023626065749682433,Y,0.0015567563036180873,S,0.002217828029934622,-,,-,,-,,-,,-,,Y,0.002263896879617416,-,,-,,-,,-,,0.001886660755570239,0.2889870643138681
40,-,-,,K,0.0020768060010890573,-,,-,,-,,-,,-,,-,,K,0.003549390781675201,K,0.003543442185982708,-,,K,0.002328662646187406,K,0.0030298984030872394,K,0.0019491715753801567,-,,-,,-,,-,,-,,K,0.0020889922316759913,-,,-,,-,,-,,0.0026523376892968226,0.4062687370455463
41,G,-,,G,0.0012589057059065125,-,,-,,-,,-,,-,,-,,K,0.0005690465203314624,K,0.0005662639076565119,-,,E,0.0008706132402923108,E,0.0007775567437473371,E,0.00045830543653448033,-,,-,,-,,-,,-,,G,0.0012365479519163014,-,,-,,-,,-,,0.0008196056437692738,0.12554214009522416
42,E,-,,E,0.0004184377189576642,-,,-,,-,,-,,-,,-,,E,0.0004907432231933523,E,8.990182125381049e-05,-,,E,0.0026855075469869333,Q,0.0022372337099271474,E,0.00036890373421134235,-,,-,,-,,-,,-,,D,0.0006095577238179736,-,,-,,-,,-,,0.0009857550683354606,0.15099188473058567
43,T,-,,P,0.002626535696934308,-,,-,,-,,-,,-,,-,,N,0.0031598939371219863,N,0.002578186678560739,-,,K,0.002054335754112381,R,0.002530895542562384,R,0.003672392008778469,-,,-,,-,,-,,-,,N,0.001319114642141367,-,,-,,-,,-,,0.002563050608601662,0.39259229243033456
44,C,-,,Y,0.0014713782278442439,-,,-,,-,,-,,-,,-,,H,0.0022520078842009133,H,0.002251262290120447,-,,H,0.002883983209737596,H,0.002089606372769462,H,0.004766731609809905,-,,-,,-,,-,,-,,Y,0.0002912930568553909,-,,-,,-,,-,,0.0022866089501911366,0.3502486633055697
45,T,-,,T,0.0007649733778621942,-,,-,,-,,-,,-,,-,,E,0.006030659167868971,E,0.005948844646446469,-,,L,0.0018726229539785001,F,0.004498033976762332,L,0.0009126763556274251,-,,-,,-,,-,,-,,M,0.00023085248149130904,-,,-,,-,,-,,0.0028940947085767427,0.4432995869599809
46,R,-,,S,0.0005979471327414948,-,,-,,-,,-,,-,,-,,M,0.0011220282456592598,M,0.0010645731696149177,-,,M,0.0011211181980288801,N,0.003061993011174943,Q,0.002048136586579521,-,,-,,-,,-,,E,0.0020252728418438276,A,0.0003211935889481795,-,,-,,-,,-,,0.0014202828468238779,0.2175501712150259
47,Q,-,,R,0.00025143269969712907,-,,-,,-,,-,,-,,-,,Y,0.00017500224430275883,Y,0.00017500224430275883,-,,R,0.0002654042510287958,R,0.00021724134378861844,G,0.004884138768743496,-,,-,,-,,-,,R,0.00015901555518952064,R,0.0013797437469003162,R,0.0014713782278442439,-,,-,,-,,0.0009975954535330707,0.15280552194570254
48,I,-,,S,0.000313131343150272,A,0.0015149882426084686,-,,-,,-,,-,,-,,I,0.0022629482554872233,I,0.0022629482554872233,-,,A,0.0015416836795369333,Q,0.0006197279916086796,K,0.001398344030100349,-,,-,,-,,-,,A,0.0015359333789046492,S,0.0007430531853519191,G,0.0011444352589801805,A,0.00031803445530302203,-,,-,,0.001241384370592629,0.19014760543649148
49,N,-,,N,0.0004955529863819583,E,0.0009476749732237887,-,,-,,-,,-,,-,,E,0.00011835879788066884,E,0.00011835879788066884,-,,A,0.0017462564883589243,A,0.003419475010390171,A,0.00408406006378253,-,,-,,-,,-,,D,0.00010220874419516034,R,0.0004559243930734652,E,0.0006379237419714229,E,0.0005850428549685183,-,,-,,0.0011555306229188433,0.17699705760888698
50,V,-,,K,0.0002368458113431633,K,0.0010132080305427546,-,,-,,-,,-,,-,,K,0.0018636817605324153,K,0.0018298611577670235,-,,G,0.001991226463282233,E,0.0008207775939122895,K,0.0011609792368690833,-,,-,,-,,-,,R,0.0009264164960722233,A,0.000592871961974047,R,0.003819291751312505,R,0.003959809123193717,-,,-,,0.0016559063078910412,0.25364152049243843
51,L,-,,L,0.00016172013336234088,L,6.257499996039879e-05,L,0.0002506836585370179,L,0.00011967605809310952,L,0.00010879348164911592,L,2.5321619433766853e-05,L,0.00014080933576892797,L,0.00011224940811984132,L,0.00013118927381115445,-,,M,0.00011219473750179977,L,0.00012502662750218913,L,0.00016817812208017442,L,0.00024431307189541526,L,0.0014713782278442439,L,9.260564527098524e-05,L,0.00010653236187175094,L,0.0002117953891600287,L,0.00012788089513337007,L,0.0006160012432702679,L,0.00032533715120055764,V,0.007308193985042366,L,0.00012920231018527745,0.0005523480789406408,0.08460527381045525
52,K,-,,K,0.00011725163694646045,I,0.0007846648681782101,I,0.0004773779475841194,I,0.0008832919905798031,I,0.0008832919905798031,I,0.000940421816355724,I,0.0007529109419941333,M,8.657771560100642e-05,M,8.657771560100642e-05,I,0.0009423383219626808,I,0.0002790782405318151,I,0.00022506952191881825,I,0.0012283129780074294,I,0.000881133545484966,I,0.0007082277241939009,I,0.00040638863682472884,I,0.0008832919905798031,I,0.0003170977618731817,K,0.0009857805238810153,I,0.0007110856991265133,I,0.0007333788664271901,I,0.0007112138196567612,I,0.0006914420899505801,0.0006398350584278109,0.09800599001925946
53,E,-,,E,0.004114806896118901,K,0.0017500185178255432,G,0.002988606647368936,G,0.002625038980125342,G,0.0027933940124116497,G,0.003389050831673588,G,0.003008220292303446,G,0.0032061540612025345,G,0.003189511783316835,G,0.004095703956851635,A,0.0027079610694602228,M,0.002043872239356773,E,0.003175865206727212,G,0.0033270011499662083,G,0.0019523134207555298,G,0.0032405255870778444,G,0.003296223929916542,G,0.0025516722156157883,G,0.0033049423876580853,D,0.003231048010270051,D,0.003360956477977066,G,0.002101141386244912,G,0.002924882962483773,0.002972996174900366,0.4553852271873528
54,Q,-,,E,0.0014643120982471645,D,0.0017042428259719416,E,0.0006885577358250951,E,0.00021598372163856541,E,0.00017490842782372156,E,0.000480040874506644,E,0.0003059789902902917,D,0.0033842780253026234,D,0.003352825472984726,E,0.0001723171291266469,Q,0.0011658654178461302,Q,5.957057678767519e-05,E,7.834588646143428e-05,E,0.0003059789902902917,E,0.0011470978999413776,E,0.00011940808161759462,E,0.00011895828241461708,E,0.0006044586711156205,V,0.0014713782278442439,E,0.0003498805121683258,E,0.00038320787894746987,E,0.0011470978999413776,E,0.0003305736031516985,0.0008358811839237077,0.12803512700633987
55,V,-,,V,0.0005972870101132401,V,0.0009175325871440371,V,0.0008951020884428854,V,0.0008850690853301878,V,0.0008850690853301878,V,0.0005561221643260691,V,0.0004798958306578606,V,0.0003682614652031209,V,0.0003682614652031209,V,0.0007988521996426348,V,0.00010019299162870036,V,4.3947313083917927e-05,V,0.00010118020514776174,V,0.0005448625937534226,V,0.0005657106260767126,V,0.0007661654096169767,V,0.0008850690853301878,V,0.0009461928860849488,V,0.0001796411966625473,V,0.00017171026570514898,V,0.00040558504963358145,V,0.0008437559142062946,V,0.0007661654096169767,0.0005683318229539356,0.08705356518743379
56,R,-,,K,0.0002700146510640782,R,0.0010552035429545342,K,6.297690102546277e-05,K,0.00021208313954760002,K,0.00020882962660100587,K,5.972338807886861e-05,K,0.0012973669453341967,K,0.0002047189009671574,K,0.0002091239415156325,K,0.00026708590465563146,N,0.0003645146458848353,R,0.00021215059230478636,K,0.00074332715538193,K,0.00016858346991912887,K,0.00027220448221780785,K,0.0010304779535692012,K,0.00021208313954760002,K,0.00021147171949334703,R,0.0002731421051912284,R,0.0010721568023551273,R,0.0011149812089356343,K,1.3883765299014682e-05,K,0.001002016866117783,0.00045817916730267786,0.07018106042522389
57,M,-,,K,0.000519036301059703,D,0.001746047798965977,E,0.0009195900999425163,E,0.0009101732475951949,E,0.0007417379910877533,E,0.0009572886181942298,K,0.0004715691343494299,H,2.2636196726573506e-05,H,9.404924368454485e-05,N,0.0007530488696809756,M,0.00047308322129724573,M,0.00026648460572426176,M,0.00048344392765336435,K,0.0014423150479432765,N,0.0003660319134743087,N,0.0010442875648129825,E,0.00021120754918836095,D,0.00011411520615442098,T,0.00022391097889654747,E,0.0025376749897668576,N,0.0013713927061584762,N,0.00046135475818731624,N,0.0023393428349341877,0.0008030357741512393,0.1230040696112531
58,M,-,,M,4.6807789016589885e-05,M,0.0009031728077390786,I,0.003136352365300322,I,0.005983126064567016,I,0.006002175999721373,I,0.005955844989406987,M,0.00018175012057681316,L,0.00015271434663064295,L,0.00015763564898147142,M,0.001440423905376278,L,0.0005510119278060333,L,0.0004031847099597507,L,3.854735782610804e-05,M,0.0008171975826869858,I,0.0017561736710762397,S,0.0014713782278442439,I,0.0059976732300327015,I,0.007308193985042366,M,0.0006001890522929244,I,0.006523473787269721,I,0.006475689369264826,I,0.0017561736710762397,S,0.0013938971072123903,0.0025675125094220485,0.39327573889284045
59,L,-,,L,0.00020176768247428086,F,0.00012291237915506328,F,0.0003038418643133454,F,0.00016214496781610614,F,0.00016310362186560708,F,0.0003083646183497029,F,0.00012510676825796527,M,0.002722871462267325,M,0.00273489387229726,F,0.00016007896965661986,L,0.0002849273196188325,L,0.00020036415758931255,L,0.00017547743106069652,F,0.00015516488168524275,F,0.0002668891784383071,F,0.00017810634493323254,F,0.00016214496781610614,M,0.00208030298151774,I,0.00020874114860060543,F,0.00013597010116016956,F,0.00013890843748660183,F,0.00013600049302373626,F,0.00017553421714253063,0.0004914616463707126,0.07527906540071405
60,H,-,,V,0.0016467117509229886,N,0.0013775941447108024,N,0.0007249514537506725,N,0.001886013313348333,N,0.0019420769817560955,N,0.001974594127516234,N,0.0020784355138926806,-,,-,,N,0.001650859199133911,Q,0.0007659896927928164,K,0.0006715323080854472,E,0.00013130291788619042,N,0.0013721112017264653,D,0.00021417290059573408,N,0.0013000407911488783,N,0.001886013313348333,F,0.0008966304467749366,L,0.001814025662559351,S,0.0014713782278442439,N,0.0029044565989136493,D,0.0002893345832941635,N,0.0012524795324422486,0.0013452716505925797,0.2060604185790241
61,K,-,,-,,A,0.00023290234800227083,R,0.00025894985577196416,S,0.0019439343972440931,S,0.0019293097108134768,S,0.0017366805142122162,S,0.0006360429294137088,-,,-,,S,0.0017701207218312747,-,,-,,-,,S,0.0025092290188182993,L,0.0003645904865067864,S,0.0012832040084483703,S,0.0020614075144029247,N,0.00045761106859051334,-,,S,0.0014545528054463435,S,0.001825290261773844,L,0.0007121216395988086,S,0.0023418036844321042,0.0013448594353316873,0.20599727798644063
62,V,-,,-,,L,0.0031169330681640787,I,0.0014713782278442439,L,0.005851213459894175,L,0.0058374999378301914,L,0.004368355076150205,M,0.00519498643758147,-,,-,,M,0.003950626797193877,-,,-,,-,,M,0.005046547733533248,M,0.004621556119348653,M,0.007308193985042366,L,0.00590852655682719,F,0.00024490723597423965,-,,M,0.00452732051658103,M,0.0049299937143119105,M,0.004110040788630128,M,0.007308193985042366,0.004612267102496836,0.7064786426742256
63,-,-,,-,,P,0.0020248556334464592,S,0.003809928491833668,S,0.003983794528775713,S,0.003983794528775713,S,0.0028174495236106987,S,0.0038723082513916324,-,,-,,S,0.003960547091195052,-,,-,,-,,S,0.0038663987470117013,S,0.002558130747855902,S,0.0038315457174227276,S,0.003983794528775713,K,0.0015047808417723715,-,,S,0.004695310451934747,S,0.0034607175499913588,S,0.002560405775347509,S,0.003673915841445603,0.003411729890661661,0.5225877532159657
64,-,-,,-,,-,,M,0.004577320138427099,M,0.004050916772342067,M,0.003689194041407529,M,0.0036407250537451963,S,0.001746948263710518,-,,-,,L,0.0017382100640022983,-,,-,,-,,S,0.003757218265829586,V,0.004487334268009038,N,0.0050395177272368535,R,0.0043065005323809314,-,,-,,L,0.0044731670661318145,L,0.002340815948705451,V,0.003995367868474869,N,0.0027940954290082264,0.0036169522456722483,0.5540224484737059
65,-,-,,-,,-,,A,0.0023255239059583985,A,0.0017678823610961598,A,0.0017678823610961598,A,0.0007425802003111397,E,0.0002528010247950842,-,,-,,E,9.647179808133427e-05,-,,-,,-,,E,0.00023672611357614438,E,0.00025808645970911445,E,0.00024354576695828978,T,0.0014713782278442439,-,,-,,-,,-,,E,0.00025808645970911445,E,7.106448679949015e-05,0.0007910024304945561,0.12116087620885801
66,-,-,,-,,-,,-,,-,,-,,-,,-,,-,,-,,-,,-,,-,,-,,-,,-,,-,,-,,-,,-,,-,,-,,-,,-,,,
67,-,-,,-,,-,,-,,-,,-,,-,,-,,-,,-,,-,,-,,-,,-,,-,,-,,-,,-,,-,,-,,-,,-,,-,,-,,,
68,-,-,,-,,-,,N,0.0014713782278442439,D,0.004650873987946902,A,0.0036854921250951316,A,0.004639205747019732,D,0.0051728190817453374,-,,-,,D,0.004107165258174182,-,,-,,-,,D,0.0034410012197879534,D,0.0026526409706430915,D,0.004081031802237959,D,0.004732808125514787,-,,-,,-,,-,,D,0.0026696211473425996,D,0.0032647659594576524,0.0037140669710674645,0.5688978834509539
69,-,-,,-,,-,,G,0.0001617723666614658,G,0.0006015895763096383,G,0.0006483876639805334,G,0.0008901849886197282,G,0.0005482371972079103,-,,-,,G,0.001163807344899082,-,,-,,-,,G,0.0004400091986423408,G,0.0006880306316949104,G,0.0014713782278442439,G,0.0005957914964948166,-,,-,,-,,-,,G,0.000704192513456388,S,0.007308193985042366,0.0012684645992377854,0.19429558792566282
70,-,-,,-,,L,0.00014112994585752027,E,0.0015756087824031252,G,0.0015871678662663106,G,0.0015871678662663106,G,0.002574903349906538,E,0.0007711571532201958,-,,-,,E,0.0004668590224685023,-,,-,,-,,E,0.003295381714289277,V,0.00035261553171060954,E,0.0032902616089678506,E,0.001508594097986569,S,0.00037948423642290965,-,,E,0.0035704162366815384,E,0.003612300365706233,V,0.00015539270386276077,E,0.0021720991924484394,0.001690033729654043,0.25886894858133735
71,-,-,,-,,H,0.00208035013225675,L,0.00145807458432138,L,0.0021218029484630645,L,0.002173247063374544,L,0.001319699180576766,L,0.001480016076297269,-,,-,,L,0.0026191849262797765,-,,-,,-,,L,0.0021463630611285914,F,0.0006457752251793429,S,0.0010116193653849919,L,0.002125121261015382,L,0.0016170188050813078,-,,D,0.001236333453160618,D,0.0035204700956130877,F,0.0006490917100029819,S,9.197603288114465e-05,0.0016435089950635625,0.25174257653613036
72,-,-,,G,0.00028176870264553887,S,0.005351845345293778,V,0.0035480361132927585,M,0.004445743709543697,M,0.00477682547248692,M,0.0034236883055214187,I,0.00045421680876999544,K,0.002890890802911186,K,0.0027169188011519994,M,0.003065267297371548,-,,-,,Q,0.006273296857540426,I,0.0007011543441675597,T,0.007308193985042366,I,7.529009541818546e-05,V,0.0059840819170533955,E,0.0006360142319419162,E,0.000748281386687544,G,0.00038199059991136344,G,0.0008704652909160822,T,0.007056168152179902,I,0.0007302818122139358,0.0029390676205743576,0.4501882603865443
73,-,-,,-,,S,5.95395719240699e-06,S,0.0003967052233181656,S,0.00031183287551037183,S,0.0003192000368263788,S,0.00014675167727592987,N,0.0014713782278442439,-,,-,,S,0.0010983354554779134,-,,-,,-,,S,7.211685066556674e-05,S,0.0004435883772315515,T,0.00030344779666807746,S,0.0001991346940207611,D,0.00152538935292726,A,0.0006397008447018666,E,0.004143595157839104,E,0.00374543076742611,S,2.4826247940032962e-05,T,0.0008279071155616264,0.0009220761563780805,0.1412379415423719
74,-,-,,-,,-,,-,,-,,-,,-,,-,,-,,-,,-,,-,,-,,-,,-,,-,,-,,-,,-,,N,0.0,-,,-,,-,,-,,0.0,0.0
75,-,-,,-,,S,0.002169009942550996,H,0.0009530010361932513,P,0.0010714466099175056,P,0.0003691363796208088,P,0.00037744628039219886,P,4.3335918313247206e-05,E,0.0014713782278442439,K,0.0021028747666005446,P,0.0002616896930359099,E,0.0014027889275133882,V,0.004430995706914419,-,,P,0.00026499737970770316,P,0.0009592141604869086,P,0.0008486740029207658,H,0.000800516034745994,G,0.005672994904482185,G,0.006048575629390396,-,,F,0.002370180137821535,P,0.0010476549134867403,P,0.0007811192290080077,0.0016723514940473379,0.25616049273234537
76,-,-,,M,0.0009334898294288611,A,0.0017588874812818262,V,0.004997147342497008,V,0.002828468830150545,V,0.004963453062998447,V,0.005294304688534589,H,0.0014713782278442439,V,0.006816218792809416,V,0.006846568717609822,L,0.0009095995783650748,E,0.0007355811388451542,K,0.0002981511687957951,E,0.0002209447195105117,H,0.0006222261883252874,L,0.0004229832589383746,L,0.000712595908271033,V,0.004487433876081434,G,0.0019744663029124605,I,0.0010283528175122594,F,3.57442547052349e-05,S,0.0011594639951483941,L,0.0003821134164826719,L,3.9988517480299196e-06,0.0021262422803824555,0.325684685396465
77,V,-,,E,0.002736447359558752,D,0.004630317508912547,D,0.002355660801698969,D,0.005037065912005871,D,0.004900102914598804,D,0.005051993040319533,N,0.00013812781673301898,V,0.003115974438477637,V,0.0035258631698677463,N,0.00010593302134037378,V,0.005071142870845219,M,0.0007980312275874236,M,0.0006788739011465215,N,0.0014713782278442439,S,0.0014713782278442439,D,0.0032427296257309317,D,0.005033564470627476,N,0.00012145836185401165,E,0.002492996336242214,S,0.0014713782278442439,D,0.007308193985042366,S,0.0014713782278442439,D,0.005295799401499701,0.0029359038728463526,0.4497036570123306
78,N,-,,N,0.00556922107901388,D,9.253369052409793e-05,D,0.00016480674747991307,D,9.736746384369554e-05,D,8.30774792260536e-05,D,0.00027348149147298786,D,0.00023110761113546562,N,0.003144136209453928,N,0.003144136209453928,D,0.00016683284211204,D,0.001774003788358549,E,0.0005962144874390973,A,0.002124918323324545,D,0.0002550319593581636,D,4.982078299891414e-05,D,0.00023971819013260523,D,9.736746384369554e-05,D,0.00012193526034250946,N,0.0020559093723990724,D,0.0014713782278442439,L,0.0014068692925767942,D,4.982078299891414e-05,D,0.00016490198720679077,0.0010162865540234733,0.155668509498483
79,P,-,,S,6.581294229815091e-05,L,0.0005106028512630281,L,2.9872568047542924e-05,L,0.0005175711799302558,L,0.0005484088208590737,L,0.00022433878620473172,L,0.0005481437946583395,P,0.001530277584554681,P,0.0015219639757842534,L,0.0005762697324395877,S,0.0005294815829620309,A,0.0006575631884009095,A,0.0012496159528292568,L,0.00046613306839503815,L,0.0002880995107103018,L,0.0005734901820112057,L,0.0005110261572155145,L,0.0005205029246358087,P,0.0001526797511824221,L,0.00020781935044787456,I,0.003394047364190426,L,0.00014695420160008662,L,0.0005650269225307089,0.0006667696692674447,0.10213166767063438
80,L,-,,L,0.004556775221167005,I,0.006996273700598046,L,0.003975137316698102,L,0.0046304964235860625,L,0.004619976702414759,L,0.003984687272617697,I,0.006511127444498324,I,0.00676577766335941,I,0.0072338414910801474,I,0.0068649698697253805,I,0.003631093139880847,I,0.00544818401492054,V,0.0009466097758949721,I,0.00621569978759223,H,0.007308193985042366,I,0.006863772132518647,L,0.004558111345502334,L,0.0015377624311297207,L,0.002999311119991536,I,0.007308193985042366,I,0.007308193985042366,H,0.007261718932375662,I,0.00677066987838943,0.005404199026915999,0.8277818930326367
81,E,-,,V,0.005148099873101941,Q,0.001636986583404431,Q,0.0005079880706762092,Q,0.0008572897432741352,Q,0.0007884355543377144,Q,0.0006037424674032165,Q,0.0005628208092286938,E,0.0026867178179917684,E,0.0015591523685429887,Q,0.0015498449140998675,Q,0.001534326800550212,Q,0.0018177916043701876,Q,0.0019667844736302857,Q,0.0009064401685361039,H,0.0006752229682909519,Q,0.0003360906585944792,Q,0.000777399007455857,Q,0.0003064055265550142,S,0.004204354468634947,Q,0.0009864188791651983,Q,0.0009655471823708388,H,2.0822783571488725e-05,Q,0.0004486905515593689,0.0013411901424063434,0.20543523831530627
82,Q,-,,Q,0.001048319928446698,H,0.0067506899428103175,H,0.007308193985042366,H,0.007308193985042366,H,0.007308193985042366,H,0.007308193985042366,R,0.00035415181035645325,K,0.003887242551543135,K,0.003909906316910241,R,0.00017987830132713925,R,0.00019957359257887587,Q,0.0002988645362160162,Q,0.00023690229213657642,R,0.0006172753865123621,R,0.00016253490468355345,R,0.0009206832772216433,H,0.007308193985042366,R,0.0009708776175588554,L,0.0033302430780961572,R,0.0006323955622053072,R,0.0008638272228783555,R,0.0003148566654659254,R,0.0008172910542222374,0.0026972384333209423,0.4131463562268055
83,L,-,,L,0.00039410312568345456,L,0.00010791913308234493,L,4.953874965222673e-05,L,0.0004981218128197753,L,0.0005031028618858596,L,0.00030519377443538604,V,0.0024439102768867775,M,0.003070374114138753,M,0.003070374114138753,L,0.0014713782278442439,L,2.4307180575739104e-05,L,9.810839553828274e-05,L,0.00011271832755487507,V,0.002710982861496032,L,0.00023529517825877005,L,0.0006480886526404058,L,0.00050262688328692,L,4.861323850670283e-05,L,2.1788754445977742e-05,L,0.0007611004602227276,L,0.0007249183887072724,L,0.00023529517825877005,L,9.004082133868329e-05,0.0007881695874521188,0.12072695877453449
84,E,-,,E,0.00045921899806473823,S,0.00038186685897571984,S,0.00147799071528891,S,0.0019283558250678314,S,0.001923395718176518,S,0.0019346603648501474,W,0.0014713782278442439,E,0.0012859185479224993,E,0.0012989474179998502,W,0.00029935894899101105,E,0.0010547261535823794,E,0.0008371934346093174,E,0.00064134757306391,W,0.0016440892763614093,W,0.0018174398713073742,W,0.0022199903641707663,S,0.0019691450345211813,L,0.0013104183961110993,N,0.0010991058986950207,W,0.0005904882146265121,W,0.001123607692767184,W,0.0026566000319755982,W,0.0014746971010732258,0.001343475681132454,0.20578532304828454
85,L,-,,L,0.0010710024756254756,L,0.0001993614659626411,M,0.0012387764597856466,M,0.0008661307653378877,M,0.0008659336748583056,M,0.001024652583945456,M,0.0006625539863481445,L,0.0001137059510060244,L,2.1642200173393815e-05,I,0.000542852335515758,L,0.00010075475444037547,L,1.4960205371826891e-05,F,0.0017073406856865814,M,0.0003620044494218556,M,0.0007098234912894653,M,0.0008926847420053995,M,0.0008661307653378877,L,8.646816718957352e-05,L,0.00016262598739440426,M,0.000943339778344679,M,0.000822069890239199,M,2.8160618179701216e-05,M,0.0005266308211756493,0.0006012872284624057,0.09210147105129819
86,I,-,,I,0.0005950961616402209,V,0.0018940525584078534,V,0.001962511820715902,V,0.002221210257002702,V,0.002230522441261281,V,0.0022374607479537707,V,0.0018052621096308005,V,0.0044642299453086015,V,0.0044642299453086015,V,0.001780856619361666,I,0.0014713782278442439,I,0.0005289279723147488,I,0.0007069576181082741,V,0.0018243517986801761,V,0.000760594074691393,V,0.0018033900626230352,V,0.002230522441261281,V,0.001942307787010254,V,0.004465486043525337,V,0.0018004640086596185,V,0.0006365523296429132,V,0.0014341791361989933,V,0.0018033900626230352,0.0019593014856423784,0.3001137235562282
87,E,-,,D,0.00019647560389740725,D,6.560042442906127e-05,D,3.281867506711441e-05,D,3.696041332411141e-05,D,3.696041332411141e-05,D,3.2164273136048297e-05,D,0.00021645425934437533,D,0.0005024019501828485,D,0.0005005885223334042,D,0.00021685639182317007,D,0.0007738247686714501,D,0.00032291432976342836,E,0.0005673564803124583,D,6.267318590804567e-05,D,0.0001963688548296426,D,9.31968486073073e-05,D,3.696041332411141e-05,D,8.53029370555726e-05,D,0.00038723401599839984,D,8.955662815774843e-05,D,0.00023755607636565787,D,0.0002066083336275286,D,9.31968486073073e-05,0.0002169578542647961,0.033232266690610794
88,I,-,,T,4.8218045075604414e-05,S,0.00022916341188144535,N,0.0025231355560990276,N,0.0021580913478411144,N,0.0021580913478411144,N,0.0020936250097558966,S,0.001159533356928943,T,0.0011355650481639906,T,0.0011295701176803463,S,0.00012087963669035755,D,0.0018717794894538434,D,0.00016618331564674995,D,0.0006378948286052334,S,0.0013251993568791126,S,0.0009568933996516078,S,0.0012531950456532912,N,0.0021580913478411144,D,0.0009823067032363202,D,0.0002247438095543922,N,0.0007083030730692813,N,0.0011131603310215365,S,0.0009639371974084667,S,0.0001238299768674626,0.0010974517718628804,0.16810089722826138
89,L,-,,L,0.0015227359944433414,V,0.0015069072620115967,V,5.2386818097886414e-05,V,2.7340625750605225e-05,V,3.242271814774804e-05,V,4.647714482142808e-05,V,0.0009725196682919979,I,0.0008806295613274596,I,0.0008346276984101623,L,0.0010255882297861298,L,0.0001360897661019374,L,9.00158834302132e-05,L,0.00021652796505384762,V,0.0010792711996662925,V,0.00010505546245272,V,4.413124100153314e-06,V,3.242271814774804e-05,V,2.6980480120245457e-05,L,5.0857429008068996e-05,V,6.103840129777923e-05,V,0.00014459709770328077,V,0.00010505546245272,V,0.00011926121097386295,0.000394487909634662,0.06042522619715945
90,Q,-,,Q,0.00033750407161371927,E,0.0011887951569584214,E,0.0010092480677800807,E,0.0011230106838149808,E,0.0010470565394022596,E,0.0012041994096032044,E,0.0011620394277053643,Q,0.0006609155235544276,Q,0.0006609155235544276,E,0.0014211507621842041,R,0.0008902578810365649,Q,0.00014371827265334238,K,0.0012702340866653564,E,0.0013564924410918548,E,0.0012606183795263028,E,0.0014473034883579706,E,0.0010097433599123883,E,0.00126142932699314,Q,0.00014561396707447747,E,0.000604034846431755,E,0.0011047863744880844,E,0.0007569172518473681,E,0.0014473034883579706,0.0009788386230698983,0.1499324662808823
91,R,-,,R,7.928135201298152e-05,R,0.0004546308992031284,R,0.0001879018201457526,R,0.0001879018201457526,R,0.0001879018201457526,R,0.0001879018201457526,R,2.703836822305606e-05,R,5.005538524642708e-06,R,5.005538524642708e-06,R,4.4569641837063864e-05,R,5.201217010992007e-05,Y,0.00021490027964236652,N,0.0005692529552246191,R,5.23408490683124e-05,R,0.000197668221978623,R,1.926716099180753e-05,R,0.0001879018201457526,R,5.23408490683124e-05,R,0.0004035674823906401,R,2.4586276132346482e-05,R,2.4586276132346482e-05,R,0.000197668221978623,R,1.926716099180753e-05,0.00014706514533756532,0.022526532387191062
92,L,-,,L,0.0,L,0.0,L,0.0,L,0.0,L,0.0,L,0.0,L,0.0,L,0.0,L,0.0,L,0.0,L,0.0,L,0.0,L,0.0,L,0.0,L,0.0,L,0.0,L,0.0,L,0.0,L,0.0,L,0.0,L,0.0,L,0.0,L,0.0,0.0,0.0
93,G,-,,G,0.0,G,0.0,G,0.0,G,0.0,G,0.0,G,0.0,G,0.0,G,0.0,G,0.0,G,0.0,G,0.0,G,0.0,G,0.0,G,0.0,G,0.0,G,0.0,G,0.0,G,0.0,G,0.0,G,0.0,G,0.0,G,0.0,G,0.0,0.0,0.0
94,L,-,,I,0.0027370884159052863,I,0.003276737788998187,I,0.0017979940616329978,I,0.0025152526400127268,I,0.0025176206286957404,I,0.0025303407007323405,I,0.002244705976700956,L,0.0019800242674242216,L,0.0019463884013281594,I,0.0027298598833806085,I,0.0024044692715658993,L,0.001225261626252483,L,0.0023254157682160736,I,0.002179031413396842,I,0.0022735669596090145,I,0.0023431535783039513,I,0.0025152526400127268,I,0.0017382226618612162,I,0.0026638396734931014,I,0.0032950922932293908,I,0.003509460062551172,I,0.001819916534269303,I,0.0023296139990795074,0.002386883010723996,0.3656080257636411
95,S,M,0.00035913043421955933,S,0.0003660772535361533,D,9.998545759689194e-05,D,0.0007154384829450299,D,0.00020637403619568021,D,0.0002054344325114969,D,9.523581650138299e-05,E,0.0012377010383234468,G,0.0001017617967849862,G,0.0001017617967849862,H,0.0007179907647421937,S,0.00021111893149819725,S,0.00029417027595871195,S,0.00032204267824807004,E,0.0022909865210375795,D,6.052762249321748e-05,D,0.00014792513939724733,D,0.0002054344325114969,D,5.3857478629712886e-05,S,0.0011976383130679325,D,5.480706642927675e-05,D,5.513646521874117e-05,D,0.00011705436943178885,D,0.0004775906371866278,0.00040396588505210045,0.06187700404510472
96,Y,G,0.0037896750723443624,Y,0.00011818390204529983,R,0.0004097895911824814,R,0.0002074070779612846,R,0.00016981206403615572,R,0.0002085400071700135,R,0.00011863018034622799,R,0.00017429540580564322,Y,6.080357201680638e-05,Y,6.080357201680638e-05,R,0.00021415627814822994,C,0.002539851035329953,Y,0.00024966652655346674,Y,0.00011186390855675526,R,0.00017429540580564322,R,0.00013856059366442548,R,0.00021302334893950103,R,0.0002085400071700135,R,6.293261337062828e-05,Y,6.552218801355903e-05,R,0.0001686791348274268,R,0.0001686791348274268,R,0.00013856059366442548,R,0.00021302334893950103,0.0004160539401140016,0.0637285778032854
97,H,S,0.00022914934996926662,H,0.00043101519050246106,H,1.727863252899488e-05,H,4.3846610151184704e-05,H,4.592716253716921e-05,H,4.592716253716921e-05,H,4.496685660240451e-05,H,5.32886561391082e-05,L,0.0020680523860975956,L,0.0019960944477134877,H,8.877778216238877e-05,H,0.001987693031321462,F,0.0003542913483505596,L,0.0003218201920047342,H,5.32886561391082e-05,H,7.905653643974809e-06,H,5.625254828571817e-05,H,4.592716253716921e-05,H,8.67061277288816e-05,H,0.0004912863584288375,H,5.899070372442487e-05,H,0.00015572975521690798,H,7.905653643974809e-06,H,6.027171909601118e-05,0.00036468304779429145,0.05585990119100815
98,F,I,0.0,F,0.0,F,0.0,F,0.0,F,0.0,F,0.0,F,0.0,F,0.0,F,0.0,F,0.0,F,0.0,F,0.0,F,0.0,F,0.0,F,0.0,F,0.0,F,0.0,F,0.0,F,0.0,F,0.0,F,0.0,F,0.0,F,0.0,F,0.0,0.0,0.0
99,E,S,0.007308193985042366,E,0.0008872969876056724,Q,0.0069816653408552596,Q,0.0050626975393481015,Q,0.005075715751736914,Q,0.005307011871488149,Q,0.005569669199633907,K,0.0023217491478894022,N,0.007244322736479481,N,0.007206681895751592,K,0.0029295615276563824,D,0.0019310278232276125,Q,0.006785759553503989,Q,0.005587103257942596,K,0.0011424883139611642,K,0.004258767566015176,K,0.001308921823774199,Q,0.005093435766576895,K,0.0007244530587532433,L,0.00043051800584232767,K,0.0009870059234624484,K,0.0024353464854545166,K,0.003940956634210837,K,0.0015628716269549933,0.003836800909298633,0.5876975115220773
100,E,S,0.0017757170408917676,N,1.5741854380736214e-05,N,0.001116375768059367,T,0.004038994955209261,T,0.005492514367270448,T,0.005493497365005791,T,0.005711674652605367,N,0.000404316409978576,K,0.00018219014288263356,K,1.715935014638986e-05,D,0.0034445495116438582,R,0.0009507849879654396,D,0.00029791686619209067,D,0.0004216056050014055,N,0.00027866701562012896,D,0.0007190186849332783,K,0.0008812258778186461,T,0.005492514367270448,K,0.0021283718315400313,D,0.0018331672030382174,N,0.0003811317508032552,N,0.0001929526339577673,H,0.007308193985042366,K,0.0015085193692258015,0.0020869500665201277,0.31966614629188983
101,E,I,1.810382605747953e-05,E,2.4848033987237514e-05,E,1.1694484971420074e-05,E,1.4286453465493406e-05,E,1.228215037194468e-05,E,1.228215037194468e-05,E,1.228215037194468e-05,E,8.365856016127687e-06,E,0.0002339379971127704,E,0.0002339379971127704,E,6.087780918211729e-05,E,0.0003808927548767178,E,0.0002036305519567212,E,3.48627996955701e-05,E,8.365856016127687e-06,E,5.577122390234094e-05,E,2.4038719859090542e-05,E,1.228215037194468e-05,E,1.441514576292005e-05,E,6.457926077713558e-05,E,1.5864127613751847e-05,E,2.4038719859090542e-05,E,5.577122390234094e-05,E,2.4038719859090542e-05,6.50604234780872e-05,0.00996555460669808
102,I,T,0.0,I,0.0,I,0.0,I,0.0,I,0.0,I,0.0,I,0.0,I,0.0,I,0.0,I,0.0,I,0.0,I,0.0,I,0.0,I,0.0,I,0.0,I,0.0,I,0.0,I,0.0,I,0.0,I,0.0,I,0.0,I,0.0,I,0.0,I,0.0,0.0,0.0
103,K,A,3.111699537757659e-05,I,4.617729829515474e-05,K,0.00017497696403172934,K,7.058555013058927e-05,K,0.00018062953186479675,K,5.567952513901422e-06,K,6.986717415250169e-05,K,1.8936988229696408e-05,K,5.728990203483447e-05,K,6.021817678949907e-05,K,7.95689186466429e-06,V,0.0021448340017423133,K,8.570455378035435e-06,K,8.055695558230207e-05,K,1.0077350331301273e-05,N,0.000221754006147412,K,2.9243195111859887e-05,K,1.704443586949529e-05,K,9.035217299603764e-06,S,0.00019561209726193495,K,4.3084307871488065e-05,K,4.3084307871488065e-05,N,0.0007954484530670481,K,3.542812165714619e-05,0.0001815456804365155,0.027808048200141322
104,R,E,1.8130314327366128e-06,S,0.0011343716139559658,T,0.007308193985042366,V,0.007308193985042366,V,0.007308193985042366,V,0.007308193985042366,V,0.0070946612288026855,S,0.0016595792071880753,E,0.0006194731996102776,E,0.00019494658952659753,S,0.003557635886677138,E,0.0007830310121795476,Q,0.0014713782278442439,I,0.0009923680444641654,S,0.003276987601931804,S,0.004370199120259643,S,0.0038907043842477127,V,0.007308193985042366,T,0.007308193985042366,N,0.0012088829421284205,S,0.0030955217470434657,S,0.0030160027708067976,S,0.0027380270674417337,S,0.004305165429658819,0.003635829708977252,0.5569139819336028
105,I,S,0.0004691566561511062,I,0.0014147821258141526,A,0.0004576737772294882,S,0.0025648511618690294,S,0.002595729995221533,S,0.002595729995221533,S,0.0028452161106147624,A,0.0006946152608571421,V,0.0005932886326124058,V,0.0005970641115261139,A,0.0017157168392710263,I,0.0017488397984158515,I,0.00021366426884064443,I,0.00020043642542265372,A,0.0012538660011156143,A,0.0001591361729768376,A,0.000938955379011329,S,0.002595729995221533,A,0.001212294923057139,V,0.0005103824316077419,A,0.00048032583944240137,A,0.0008710149013182907,A,0.0004962561345889219,A,0.0008270143070289684,0.001168822551851509,0.17903303334537207
106,L,P,0.0,L,0.0,L,0.0,L,0.0,L,0.0,L,0.0,L,0.0,L,0.0,L,0.0,L,0.0,L,0.0,L,0.0,L,0.0,L,0.0,L,0.0,L,0.0,L,0.0,L,0.0,L,0.0,L,0.0,L,0.0,L,0.0,L,0.0,L,0.0,0.0,0.0
107,D,K,0.0004285798391501699,K,0.0004125162047488779,D,0.00045538902894994596,D,0.0004372813602677277,D,0.00046787306453905915,D,0.00046787306453905915,D,0.00045621107345949385,D,0.0008602176045737742,N,0.0010625010982635648,N,0.0010582388930071931,D,0.00047291413148862577,N,0.0010077726660395038,S,0.00032922216589313137,N,0.0010401876601441838,D,0.0008435925728215804,D,0.0004001226690517919,D,0.0004784982356116001,D,0.00046787306453905915,D,0.00023140682726434934,E,0.0009306632053890767,D,0.0004381826694284135,D,0.00043845583517773944,D,0.0002431414265304523,D,0.0004747458931023146,0.0005793108439158621,0.08873526393876473
108,G,E,0.0010029623734792502,E,0.0014713782278442439,Y,0.0006256919115721006,Y,0.0006667708902573184,Y,0.0007550606265073617,Y,0.0007565297370727881,Y,0.0008554577743995078,Y,0.0033029664073657653,T,0.0019435508979372866,T,0.0011261149234443918,Y,0.0007361636404782657,S,0.0051653366454674915,S,0.0026944036391203068,S,0.0030919123931223884,Y,0.0014032970678264616,H,0.000950738167167071,H,0.00118506401086043,Y,0.0007908592223340657,Y,0.0023198033142488293,K,0.002323377820503807,Y,0.002903930631555055,Y,0.0016444501031265672,H,1.3407304250774533e-05,H,0.0007555613626348719,0.0016035328788573504,0.24561928148640028
109,V,V,0.003896010012311318,Y,0.00209968804544648,V,0.0022057483397379765,V,0.0008634892324626055,V,0.0013001933913538535,V,0.0013380457486684351,V,0.001458403170821021,V,0.0019946909096310345,I,0.002592164964046021,I,0.0027682965138468595,V,0.00264904473357622,K,0.00011842686010226351,I,0.00026630010581635754,I,0.0003295397415666971,V,0.0015406060323401851,V,0.0012644086996444223,V,0.0016027790527002963,V,0.0012118723642109567,V,0.0015431596214925834,I,0.00031127257393144336,V,0.0024820481923754985,V,0.002513689280209941,V,0.0012601817731164296,V,0.0016027790527002963,0.0016338682671712165,0.2502658692673581
110,Y,-,,F,0.0014713782278442439,Y,0.0008903960044091959,Y,0.001645467147865996,Y,0.0023289424140576173,Y,0.0023047945512152256,Y,0.00200800201795404,Y,0.002468598490337663,T,0.0012809516273177303,A,0.0010080207476013524,Y,0.0020130422036913156,Y,0.0004032962164223611,H,0.00010423457316759958,Y,0.00027335323882848346,Y,0.002421170626590106,Y,0.003351467534862661,Y,0.002235188531929319,Y,0.002311874387899518,N,0.002517720042840494,Y,0.0009109958494195476,Y,0.0021601826280348135,Y,0.0024736671461540326,Y,0.00335934070652429,Y,0.0022171281985530365,0.0018330092658052452,0.2807690598435494
111,-,-,,-,,-,,-,,-,,-,,-,,-,,-,,-,,-,,-,,-,,-,,-,,-,,-,,-,,-,,-,,-,,-,,-,,-,,,
112,-,-,,-,,-,,-,,-,,-,,-,,-,,-,,-,,-,,-,,-,,-,,-,,-,,-,,-,,-,,-,,-,,-,,-,,-,,,
113,-,-,,-,,-,,-,,-,,-,,-,,-,,-,,-,,-,,-,,-,,-,,-,,-,,-,,-,,-,,-,,-,,-,,-,,-,,,
114,-,-,,-,,-,,-,,-,,-,,-,,-,,-,,-,,-,,-,,-,,-,,-,,-,,-,,-,,-,,-,,-,,-,,-,,-,,,
115,N,L,0.001227580757314648,T,0.0021901293838376195,-,,-,,-,,-,,-,,-,,T,0.0018296814024175306,T,0.0028648490890971173,-,,Y,0.00427640588790316,N,0.0003670566058697509,N,0.0010137494415957255,-,,-,,-,,-,,-,,L,0.000645013533565805,-,,-,,-,,-,,0.0018018082627001696,0.27598988252491247
116,N,S,0.0032236867315149987,N,0.0040825086366198604,R,0.00401285849146865,S,0.002984323843651315,S,0.003079309785808302,S,0.003044284736849683,S,0.0028078967437049638,S,0.002743506269397853,S,0.005191929621162766,S,0.005194434495603264,S,0.002160219394991532,-,,E,0.000609213354899078,H,7.305232554395404e-05,S,0.0023325679669785894,S,0.0039494539298078725,R,0.007308193985042366,S,0.0031738792626345813,S,0.0035044631592203593,-,,S,0.0030170025880321715,S,0.0033585485270077073,S,0.0031700039656873884,S,0.0006233870658030323,0.0031656693127922854,0.4848977107258667
117,D,R,2.5506395844424326e-05,-,,Y,4.4282558116261046e-05,Y,7.375808391806821e-05,Y,7.421820534519563e-05,Y,7.421820534519563e-05,Y,7.347445768296607e-05,Y,0.00032139672868138715,-,,-,,Y,0.0004412020848395243,-,,-,,-,,Y,0.0003668857886848555,Y,0.0003292835350182541,Y,0.00042495998131350727,Y,7.421820534519563e-05,Y,0.00041973999788099195,-,,Y,0.0008057149327777241,Y,0.0003350462959699885,Y,0.0003279502187249027,Y,0.0003673916380526732,0.0002693674890318303,0.0412600514676941
118,H,V,0.0030400178937355733,-,,W,0.004315456965290572,W,0.0034087351307757747,W,0.004486109980089959,W,0.004504227347835,W,0.004328205594842738,W,0.0036046219076827984,-,,-,,W,0.003093968376696395,-,,P,0.005807698560139084,H,0.00048092750582914563,W,0.0033842933361608873,W,0.004162437397845167,W,0.0021212990036536044,W,0.004474479982525634,W,0.0035571196090369724,-,,W,0.003281233189031432,W,0.0030045802396748353,W,0.003316846247462385,W,0.0022109702282774547,0.0035043804471887063,0.5367793943251297
119,G,Q,7.4763265329666e-05,-,,S,0.007308193985042366,S,0.007308193985042366,S,0.007308193985042366,S,0.007308193985042366,S,0.007308193985042366,S,0.007308193985042366,-,,-,,G,0.0007945504894300976,-,,R,0.0003389585691441764,K,0.00010554383264295925,S,0.003994069005317464,T,0.007308193985042366,S,0.007308193985042366,S,0.007308193985042366,N,0.0004127520507010393,-,,S,0.007308193985042366,S,0.007308193985042366,T,0.007308193985042366,S,0.007308193985042366,0.005301429422006116,0.8120402784705493
120,G,-,,-,,D,0.00022757112741905253,E,0.0007747620985791207,E,0.0002370407366338118,E,0.0002289450946143777,E,0.00021233183168786366,E,0.0001481703277037865,-,,-,,E,0.0003294655026305032,-,,Y,0.004385771582465976,C,0.00020031914304310489,E,0.0003180572781074014,E,0.00022076469537251565,E,0.00022781479384597557,E,0.0002287165519900241,E,8.842980834612074e-05,-,,E,0.0014713782278442439,Q,0.004485677867832151,E,0.0004656940409360294,E,0.000242475312648624,0.0008051881123167047,0.12333375150345982
121,-,-,,-,,-,,-,,-,,-,,-,,-,,-,,-,,-,,-,,-,,-,,-,,-,,-,,-,,-,,-,,-,,-,,-,,-,,,
122,D,-,,-,,A,0.0018703901821612232,K,0.0006549942194860631,K,0.0012072033183293202,K,0.0009845787893952376,K,0.0016770942533442643,K,0.0012076624418758135,-,,-,,N,0.004208651793994449,-,,F,0.00109806007433774,F,0.0006311358047417204,K,0.0011946747104238807,K,0.001654627629529285,K,0.0005031057078712507,K,0.0012072033183293202,K,0.0011904326499907736,-,,K,0.0012985366177490935,K,0.0015920582612917312,K,0.0014624651894177606,K,0.0007797273494175272,0.0013568112395381366,0.20782798167849467
123,T,-,,-,,G,0.00016398100928686918,G,9.000954859016674e-05,G,0.00018742998927033248,G,0.00018742998927033248,G,0.00019714713100401946,G,0.00018630876609008947,-,,-,,G,0.000182315059511829,-,,H,0.0010683181496956573,H,0.0004401217976396847,G,0.00016067074509632306,G,0.00027988104898740614,G,0.00016240595606450088,G,0.00018742998927033248,G,0.0008616189191522967,N,0.0010803432578642851,G,0.00010610469682834894,G,0.00018882172412576934,G,0.00019401365021065874,G,0.00014780318846606104,0.000319587085074998,0.04895237961343799
124,W,-,,-,,I,7.128864726226817e-05,I,6.798861606387245e-06,I,1.8127939317021796e-05,I,1.8127939317021796e-05,I,7.979418779418833e-06,I,1.4625183077282128e-05,-,,-,,I,1.5702373126701865e-05,-,,-,,N,0.0038942027447703568,I,7.902154835345808e-06,I,7.941199709444417e-06,I,1.3884753995695684e-06,I,1.8127939317021796e-05,I,4.6983246181871865e-05,F,0.002426705948437284,I,0.00018790231175902343,I,0.00037219054142303417,I,7.941199709444417e-06,I,1.4983018886964033e-05,0.00039660661905085895,0.06074975704485594
125,K,-,,I,8.488476283075811e-05,G,5.626809467650397e-05,G,4.802742155105169e-06,G,4.802742155105169e-06,G,4.802742155105169e-06,G,4.802742155105169e-06,G,4.588140013486767e-05,K,2.2769155539769803e-05,K,2.2769155539769803e-05,G,7.921932344943687e-06,-,,-,,N,0.0018733119617493506,G,6.439930107981413e-06,G,1.0535112767015872e-05,G,1.5984054029316216e-06,G,4.802742155105169e-06,G,0.0007927312225283815,Y,8.594781551312075e-05,G,3.460459864382695e-05,G,2.1195624805212894e-05,G,1.0535112767015872e-05,G,1.4310330948626788e-05,0.00014836753938455254,0.022726025078766626
126,A,-,,S,0.0037637313349932026,C,0.0014713782278442439,P,0.0037565640097996698,S,0.006345424097037077,S,0.0063962389570191526,S,0.005268924446478692,C,0.0013401048682750189,A,0.0031791320011900167,A,0.003169680266003311,C,0.0014713782278442439,-,,-,,H,0.0010645838636233244,C,0.0014713782278442439,R,0.0032259058999427478,C,0.0013893332101442676,S,0.006177434777372327,C,0.0014013852866937501,K,0.0011861208280511252,C,0.0011873825353565439,C,0.001132295358911463,R,0.002874411131664866,C,0.0013347189685624695,0.0027908336440310368,0.42748269364045616
127,-,-,,-,,-,,-,,-,,-,,-,,-,,-,,-,,-,,-,,-,,-,,-,,-,,-,,-,,-,,-,,-,,-,,-,,-,,,
128,-,-,,-,,-,,-,,-,,-,,-,,-,,-,,-,,-,,-,,-,,-,,-,,-,,-,,-,,-,,-,,-,,-,,-,,-,,,
129,-,-,,T,0.0007761279822589523,G,4.595648316119675e-05,G,0.00021498166432407713,G,1.4011853117764446e-05,G,3.0115835068377178e-05,G,0.00021294827224677132,G,0.0002392533374823579,T,0.00390904166043647,T,0.00390904166043647,G,0.00012960138452574823,T,0.007308193985042366,-,,Q,0.00476116029696895,G,0.0001283456072434796,G,1.9007703662852083e-05,G,1.2507359235217888e-05,G,7.93187524267684e-05,G,8.496929369850031e-05,S,0.002977780117966046,G,2.1289399735719696e-05,G,1.5446692331104082e-05,G,0.000128256957664728,G,0.00034293398288006484,0.0011527404673597264,0.17656967878011365
130,-,-,,N,0.00153911364775914,R,0.0037863466630613796,R,0.003323861775843552,R,0.004053184353802868,R,0.004044790496808686,R,0.0038962937113240443,R,0.0024565480484303216,L,0.00035673655965973844,F,0.0003509042463687005,R,0.0031821417663226094,N,0.0034474443755792526,-,,Q,0.0019577187248643437,R,0.0033159902943539965,R,0.0037079099043152985,R,0.0023225647419201118,R,0.004053874945122399,R,0.0029971907003566852,P,0.00216763953266196,T,0.003270268497937653,T,0.005571146644013129,R,0.003690061466801511,R,0.0030370647990629832,0.003024036177107744,0.4632032200919783
131,-,D,0.0008869915847674803,K,0.0011158761160020834,E,0.002611685187741828,-,,-,,-,,-,,E,0.002544310173212922,K,0.001965798412327047,K,0.0014620436172302334,-,,N,0.000198290607845646,-,,R,0.002430432845829231,-,,-,,E,0.0019900449989947665,-,,E,0.004070785232642168,E,0.001961972591287731,K,0.0009481170280733082,K,0.0012629981809956295,-,,E,0.002352238901094974,0.0018429703912889318,0.2822948436402885
132,-,A,0.0014713782278442439,N,0.0007055564404070529,S,0.0008470994049310018,D,0.001997092082511584,D,0.0012684663210646477,D,0.0014111066182571211,D,0.0012258367684562814,-,,T,0.0024068353195979626,T,0.002789830081651253,E,0.0027884542143873253,E,0.0011870505914445178,-,,T,0.0036623280971221322,E,0.001428195120211742,E,0.0025682635683581716,-,,D,0.0013474522319830225,S,0.0001584395845463726,K,0.0024583525655918997,S,5.773104350812404e-05,S,0.00017476234157619912,E,0.003494442821595382,-,,0.0016724336722523016,0.25617308028319835
133,-,G,0.003032163950331023,-,,-,,I,0.002059980894818461,I,0.003375219217398532,I,0.0033837533507072885,I,0.003808133741442013,S,0.003479199479519419,-,,-,,S,0.004131384557873763,I,0.001001085066147071,-,,D,0.005264143947507279,S,0.002765117326038399,S,0.007308193985042366,S,0.002223931374184893,I,0.0033713410001420833,-,,W,0.003107250606229839,I,0.003956141182982685,I,0.0039816369538348455,S,0.007308193985042366,S,0.003240414887928849,0.003710960305953954,0.5684220236397457
134,E,L,0.0019032106961069115,P,0.0016366231150922465,T,0.002569341972583203,V,0.002470954875621838,V,0.007308193985042366,V,0.007308193985042366,V,0.006757906001505222,V,0.006414369160506127,-,,-,,V,0.005791757376894182,D,0.00016107946597261304,-,,E,0.0012812934044426434,V,0.007308193985042366,G,8.603542876191963e-05,V,0.007308193985042366,V,0.006994638139597501,V,0.007308193985042366,T,0.0006222566573781695,-,,-,,G,0.0008970257067691033,V,0.005651006144796911,0.004198866740591601,0.6431565236231109
135,-,T,0.00030250143518927453,K,0.0018453164772522389,H,0.0006715952604174174,C,0.0018473023916732601,C,0.0016479376841634042,C,0.001657861479593071,C,0.0017582781650410484,V,0.0008609988991168542,K,0.0030279610987637563,K,0.0030279610987637563,V,0.00025582556845408816,E,0.0006616224748731084,N,0.0013996218328697716,N,0.0017151930813998108,V,0.0008363149774870783,V,7.930735999723556e-06,V,0.0007847196707912539,C,0.0016516204470738115,V,0.0001601404460234958,N,0.004428847605934965,I,0.000389010995538358,I,0.0012419433774233783,V,7.930735999723556e-06,V,0.0014853849654249318,0.0013197425377194823,0.20215002644204239
136,-,L,0.0006005876635506056,Y,0.0009280295817906905,A,0.003703415856492867,A,0.0015194891960741113,T,0.0024180786887992587,T,0.0027256109937897656,T,0.0035566733317170954,A,0.001143031851062505,K,0.0003730348340060776,K,0.00037019296655952457,T,0.0028695627764071825,S,0.00021187787887941317,N,0.000251616360635219,A,0.003907987607745261,A,0.0014713782278442439,T,0.0013188874827473195,T,0.0039814952756170524,T,0.0025635163633027846,T,0.003322848462836394,M,0.0010637354306677863,T,0.003583341000943371,T,0.003273774114609535,T,0.0011195195718686152,T,0.002653027780014202,0.0020387797207483704,0.3122877096702214
137,N,T,0.00452833256859301,D,0.002981100406553644,D,0.0016029934339727705,D,0.0012143623525567714,D,0.0016402657346944256,D,0.0015478231342429425,D,0.0015427082231843357,D,0.0011812815542830383,D,0.002021781694840848,D,0.0020178588978564524,D,0.0026465417011482945,D,0.001842101454187585,D,0.0008304036051288559,D,0.0017540222902487892,D,0.001219102743005756,D,0.0016091675513341451,D,0.0017345234620847192,D,0.0015478231342429425,D,0.0010584610539961226,D,0.002583202938830303,N,0.0006277379670168976,D,0.0031788082386266466,D,0.001720336543190492,D,0.001709219953004678,0.0018474983598676864,0.28298840995474983
138,L,N,0.002307581672782496,L,2.7096277469873744e-05,L,0.00027436428760581474,L,0.00024856030290585236,L,0.00025325799931251707,L,0.00025325799931251707,L,0.0002268629602077256,L,4.618398313519417e-05,L,4.336927697558065e-05,L,4.3720866635702256e-05,L,0.00024600805637951925,L,1.531433610604821e-05,L,1.1906972904136495e-05,L,4.11351102121151e-07,L,0.0002512124393483807,L,1.92268108778752e-05,L,0.00025325799931251707,L,0.00025325799931251707,L,4.7060330748162846e-05,L,4.6482473636767515e-05,L,0.00025325799931251707,L,0.00025207958841297557,L,1.92268108778752e-05,L,0.00025325799931251707,0.00023525903308280012,0.03603552844526557
139,Y,P,6.33216366199746e-05,Y,0.00011950291015986246,N,0.00010996079452678899,N,0.00016517608131122347,N,9.031960854311798e-05,N,9.031960854311798e-05,N,8.749559085474609e-05,N,0.00027009416550959715,H,0.002940798066529585,H,0.002940798066529585,N,0.0002819792810626097,Y,2.0008611918886376e-05,Y,0.00047546751212599876,Y,0.0007813352734662108,N,0.0002642325821187002,N,0.00012464654235932042,N,0.00010154051478185849,N,9.031960854311798e-05,N,0.00035286526402890893,N,0.0013860792245608577,N,0.0001894682385401127,N,0.0003141905572049339,N,0.00012464654235932042,N,0.0002655436599977775,0.00048542124759150886,0.07435383435144703
140,A,N,0.00038431290124027066,A,0.00030513499423780394,T,0.0033514798915916283,T,0.0039122951361566655,T,0.004102792160668707,T,0.004133189941120783,T,0.003205980280877673,S,0.0002843329705237993,A,0.00031938570493497345,A,0.0004348989328207049,S,0.00011050770605486066,S,0.00014870504290143334,F,0.00042079335269100155,F,0.0006890110079984595,S,0.00025193352025471987,S,0.00013381427568838803,S,0.00043618885287729,T,0.0040658782527313786,S,0.0004062917028537444,L,0.00013010827830599154,S,0.0002674552171168352,S,0.0006490000695197229,S,0.0003364654416032845,S,0.0005206609736471302,0.0012083590253507187,0.18508898663539866
141,T,D,0.004684901070332112,T,0.00035800976326481225,T,0.00019137915837447362,T,0.0004112554262346342,T,0.0005292663395633251,T,0.0003592330787179779,T,0.00017221677779375488,T,0.00036470581423530825,V,0.0030749343378559855,V,0.0030856281898678406,T,0.0005409715115820702,T,0.0008544612138506673,T,0.001067779758849149,V,0.0031792163739325255,T,0.0004252818498597763,T,0.00037546773470828026,T,0.000415402021394507,T,0.00034093039987890584,T,0.0003388597892465636,R,0.004214749953922896,T,0.0001891732968275503,T,0.0002199432047348176,T,0.00037546773470828026,T,0.00042699388961773253,0.0010915095287230812,0.16719070105476289
142,A,L,0.0001583616139591072,A,3.2668336237146205e-05,A,3.509618571548577e-05,A,3.404922687504125e-05,A,3.404922687504125e-05,A,3.404922687504125e-05,A,3.404922687504125e-05,A,3.404922687504125e-05,A,2.211707404887113e-05,A,2.211707404887113e-05,A,3.404922687504125e-05,A,0.00012619915560527562,A,2.0910170235800308e-05,A,1.1659600149622005e-05,A,3.404922687504125e-05,A,3.404922687504125e-05,A,3.404922687504125e-05,A,3.404922687504125e-05,A,3.404922687504125e-05,S,0.002060553549884585,A,5.295029935169656e-05,A,5.295029935169656e-05,A,3.404922687504125e-05,A,3.404922687504125e-05,0.0001265926378318206,0.019390679889193553
143,L,Y,0.0,L,0.0,L,0.0,L,0.0,L,0.0,L,0.0,L,0.0,L,0.0,L,0.0,L,0.0,L,0.0,L,0.0,L,0.0,L,0.0,L,0.0,L,0.0,L,0.0,L,0.0,L,0.0,L,0.0,L,0.0,L,0.0,L,0.0,L,0.0,0.0,0.0
144,K,W,0.0004117189529421141,E,0.00047665053740189416,G,0.0009750188064545001,G,0.0013251997159835157,G,0.0009311322503622217,G,0.0012209213612662212,G,0.0010643555910013161,G,0.0010061326227291819,Q,0.00025211745781995637,Q,0.0007772712460618348,G,0.0012543452884548386,R,0.00016510394730152178,G,0.001549067869625173,G,0.0014778117823828075,G,0.0011399628037262904,G,0.0021062793307480726,G,0.0008960199575878877,G,0.0012218237260355539,G,0.0007362479201956666,G,0.0005449049484346586,G,0.0010831585724396656,G,0.0008516851704551897,G,0.002243637440203265,G,0.0010134547811743745,0.0010301675866994885,0.15779472051487425
145,F,M,0.0001605348366120545,F,0.0004963262923243161,F,0.0003215931378803214,F,8.921392618981992e-05,F,8.063764858495355e-05,F,8.063764858495355e-05,F,6.29909710043283e-05,L,5.562493164696287e-05,F,0.00010634866076753531,F,0.00010634866076753531,L,0.0004141918591329048,F,0.0003224590196409494,F,4.6933360042997186e-05,F,0.0003016620200682159,F,0.001062546781734525,L,0.00029747528936099584,L,0.0004296156969420024,F,8.063764858495355e-05,L,0.0003608023356953195,F,0.00024292163527963632,F,0.0008700626787049244,F,0.0008700626787049244,L,0.00029747528936099584,L,0.0008209511047567783,0.00033241892134887096,0.050917881192667026
146,R,V,0.00011290211733379604,R,2.5923610843546757e-05,R,1.9436125249499928e-05,R,3.145457957766667e-05,R,0.00011365313689762689,R,0.00011365313689762689,R,0.00011424698559023524,R,5.0823401317957433e-05,R,0.0001226759893060598,R,0.0001226759893060598,R,0.00012068685506618938,K,9.882787519404654e-05,R,9.987687951565161e-05,R,0.00011108449744573011,R,0.00011177343192904674,R,3.524298374488625e-05,R,3.411354697146005e-05,R,0.00011365313689762689,R,0.00010014336744303092,R,0.00014335797979314851,R,0.00011611156709988393,R,0.00010675591100132839,R,3.524298374488625e-05,R,3.411354697146005e-05,8.70179014641021e-05,0.013328865728838289
147,L,D,0.0007886958685782194,L,0.00010441127458719592,I,0.00014328991979177416,V,0.006839866314495132,I,0.0009396205699545308,I,0.0004125077294984406,I,0.0011171279762600646,T,6.0127814822240146e-05,L,0.00033227574307889484,L,0.0006096259724219581,T,0.00037066727124673285,L,0.00039480784319989023,I,0.00012614410462274332,L,0.00018374370854189437,T,0.00010201447300411033,T,0.0014440475500801528,T,0.0007858658489431831,I,0.0004358788018406166,T,0.0008021771071904615,L,0.0002451934939689329,T,0.002070833005510549,T,0.0011571887164655268,T,0.0008877257961720513,T,0.00023153098488464799,0.0008577236620483307,0.13138082315862287
148,L,F,0.00018595943681179434,L,4.0667049840691384e-05,L,2.3232799858790184e-05,L,3.506066733097121e-05,L,0.0002165241833611632,L,0.0002165241833611632,L,2.188790293087755e-05,L,0.00015260834960706534,L,1.645054054493631e-05,L,1.645054054493631e-05,L,0.00018311681023801325,L,1.7092225449700526e-05,L,1.355155765578676e-05,F,0.0004021547296487733,L,0.00017193214406072517,L,5.022327297393933e-05,L,3.151376684178089e-05,L,0.0002165241833611632,L,0.00017200566557301424,L,0.00017831798505486628,L,4.672006535574374e-05,L,0.00015051832215740227,L,5.022327297393933e-05,L,0.0001724625286550667,0.00011590509100801267,0.0177536273495621
149,R,L,0.0,R,0.0,R,0.0,R,0.0,R,0.0,R,0.0,R,0.0,R,0.0,R,0.0,R,0.0,R,0.0,R,0.0,R,0.0,R,0.0,R,0.0,R,0.0,R,0.0,R,0.0,R,0.0,R,0.0,R,0.0,R,0.0,R,0.0,R,0.0,0.0,0.0
150,Q,K,0.00013003595809394237,E,7.513188199851335e-05,L,2.2539066787900387e-05,L,1.603386400491598e-06,L,2.8561414266966796e-05,L,2.8561414266966796e-05,L,2.8561414266966796e-05,L,0.00036426109857096265,Q,0.0007113019338267976,Q,0.0007001520698970477,L,4.527813219927503e-05,Q,0.00047526366547009946,Q,0.0008477314462807822,Q,9.540363882894639e-05,L,7.979241861300098e-06,L,0.00020347993938781461,L,3.793121384102187e-05,L,1.8282313800778682e-07,L,1.911126258547247e-05,Q,0.00037045788388602745,L,2.585991377829182e-05,L,2.585991377829182e-05,L,0.00020347993938781461,L,3.793121384102187e-05,0.00018694416111003016,0.02863495419105044
151,H,E,3.575570136270691e-05,Y,0.00034885814625556307,H,3.603555367642876e-05,H,3.708783679429734e-05,H,5.624579975372097e-05,H,4.321761787454034e-05,H,2.9192027821676943e-05,H,4.0814717618703765e-05,H,0.0003315464496049181,H,0.0003315464496049181,H,0.000676738082722047,Y,0.0011059088572300795,H,0.00043533855767926205,H,9.294812316458108e-05,H,4.0814717618703765e-05,H,0.00011748294547524966,H,3.043997250239441e-05,H,5.624579975372097e-05,H,3.6942815195330455e-05,H,0.0004743410299926449,H,4.53809756759722e-05,H,3.095157714243708e-05,H,0.0001205888920907585,H,3.043997250239441e-05,0.00019103594246304377,0.029261708035126784
152,G,K,0.0004153610975695918,G,3.7733738383395665e-05,R,1.1180366928413529e-05,G,3.7733738383395665e-05,G,3.7733738383395665e-05,G,3.7733738383395665e-05,G,3.7733738383395665e-05,G,3.7733738383395665e-05,G,3.7733738383395665e-05,G,3.7733738383395665e-05,G,3.7733738383395665e-05,D,9.692049356144576e-05,G,2.333944068939661e-05,G,3.7733738383395665e-05,G,3.7733738383395665e-05,G,3.7733738383395665e-05,G,3.7733738383395665e-05,G,3.7733738383395665e-05,G,3.7733738383395665e-05,G,2.6772573044423674e-05,G,3.7733738383395665e-05,G,3.7733738383395665e-05,G,3.7733738383395665e-05,G,3.7733738383395665e-05,5.377145837824122e-05,0.008236380522955528
153,Y,-,,Y,2.8179845893512617e-05,Y,2.8179845893512617e-05,Y,2.8179845893512617e-05,Y,2.8179845893512617e-05,Y,2.8179845893512617e-05,Y,2.8179845893512617e-05,Y,2.8179845893512617e-05,Y,0.0010295731301758386,Y,0.0010295731301758386,Y,1.9265699289783136e-05,F,4.959002024923241e-05,F,1.830510130722375e-05,F,2.3565529113700007e-05,Y,2.8179845893512617e-05,Y,1.9265699289783136e-05,Y,1.9525286190444844e-05,Y,2.8179845893512617e-05,Y,1.4667831160069947e-05,Y,2.8179845893512617e-05,Y,2.8179845893512617e-05,Y,2.8179845893512617e-05,Y,1.9265699289783136e-05,Y,1.9525286190444844e-05,0.00011305567665888232,0.01731717162463231
154,S,-,,A,0.0005733335514060546,S,0.00010083203736074496,T,0.00017843991882951921,T,0.0008484366820372687,T,0.0007578627333036928,T,0.0002024806702499017,A,0.0021186554235255207,E,0.001154421151329516,E,0.001155055739737487,P,0.0015798344517753042,S,0.0019693569769020443,N,0.0008780615051458558,K,6.432601784496345e-07,A,0.0022170197213711956,T,0.0006204012397721724,D,0.0015878162754710992,T,0.0008995423453001188,T,0.0002815957570867859,H,0.0014565889985748723,P,0.0006180470241597739,P,0.0008274560119921865,T,0.0006204012397721724,D,0.001308161757019315,0.000954541064013089,0.14621071596562868
155,V,-,,I,0.0004111631891051423,V,4.622437147688644e-05,V,0.0018133818562365933,V,0.0005229666013743533,V,0.0005229666013743533,V,0.0008724174136351705,V,0.00012951570211551335,V,0.0002102576224754317,V,0.0002102576224754317,V,2.385059973599065e-05,V,0.0002454576241751744,V,0.0002739419390465461,V,3.856773823957373e-05,V,0.0005137897430969151,V,0.00011766688149638196,V,2.996449362317869e-05,V,0.0005229666013743533,V,8.155241123899327e-05,I,0.004257321296337125,V,0.00022701559802655726,V,0.00021292837345661695,V,0.00011766688149638196,V,5.811368160326155e-05,0.0004982589062267794,0.0763202277641033
156,S,-,,P,0.0002019394182821154,S,9.155151748838091e-05,F,0.0013155072482426437,F,0.005733506947953551,F,0.005697089195041548,F,0.004504081938900978,S,0.0005172449239142581,S,7.886539372650023e-05,S,7.950228841105289e-05,S,0.0003385808745796966,S,0.00012218547136738352,S,0.00013086945983100746,S,0.00011648085938341814,S,0.00022507831625788232,S,2.1451705590483835e-05,S,0.00036264902918504803,F,0.005530164488292029,S,0.00013549991143699025,P,8.978456360587366e-05,S,3.2966736557976045e-05,S,3.2966736557976045e-05,S,3.6850098555192085e-06,S,0.0003070155017978318,0.0011160290233156582,0.17094644608727505
157,Q,-,,-,,-,,-,,-,,-,,-,,-,,-,,-,,-,,-,,-,,-,,-,,-,,-,,-,,-,,-,,-,,-,,-,,-,,,
158,-,-,,Q,0.0010867786713472081,S,0.0007109178054400324,P,0.0020947268418521985,P,0.0023918896408969274,P,0.0023449782915953414,P,0.0021199062500999975,A,0.00020688520467908173,P,0.0017219067887765203,P,0.0017219067887765203,S,0.0004503795406170758,Q,0.00027980584329037047,E,0.00018745153331389198,Q,0.0007162941256575352,A,0.000483541706473439,S,0.00031491929439132716,A,0.0014713782278442439,P,0.002250153238418138,S,0.002485014490939839,Q,0.00218536881813556,A,0.000629586621505471,A,0.000739992477824819,S,0.0002695359179612727,A,0.0014713782278442439,0.0012319433194643934,0.18870148342354842
159,-,-,,-,,-,,-,,-,,-,,-,,-,,-,,-,,-,,-,,-,,-,,-,,-,,-,,-,,-,,-,,-,,-,,-,,-,,,
160,E,-,,E,0.0002845011086013667,D,0.0016960444563837525,D,0.0015015675176314836,D,0.0031390340893611476,D,0.0029882102418896488,D,0.0026850808716191456,D,0.0020976255751272957,D,0.0012604118412268275,D,0.0017443483123047558,D,0.00374793185580541,E,0.0001919883924795503,D,0.0011375281041380472,E,0.001332583377880168,D,0.0023870455532559688,H,0.0014713782278442439,D,0.006410684464281908,D,0.0029895804657323086,D,0.0017301112524903068,E,0.0003387124232474227,D,0.0032974864115087117,D,0.003484692738819022,H,0.0014713782278442439,E,0.0014713782278442439,0.0021243175537963904,0.3253898676428908
161,V,Y,4.678504518471693e-06,I,0.0001992420296830325,V,2.1696272312869482e-06,V,1.8982829996076238e-05,V,0.00023943307268312977,V,5.2581431839176306e-05,V,0.0002360555692588142,V,5.029996108554526e-05,A,3.483848181479521e-05,A,3.483848181479521e-05,V,4.0397136979335724e-05,V,1.617220847352875e-06,V,1.2565675933951185e-06,V,8.223131009360592e-06,V,5.029996108554526e-05,V,5.112866452481104e-06,V,0.00023624763188697978,V,0.00023943307268312977,V,0.00023198102181431321,I,0.001874845111168627,V,1.4798051974202526e-05,V,1.1821784580714271e-05,V,5.112866452481104e-06,V,0.00023624763188697978,0.00015960475193083423,0.02444727202538019
162,F,Y,0.00011546434063523315,F,7.641016436808835e-05,L,8.441728091598638e-05,F,1.9950102330902795e-05,F,3.9116445216358764e-05,F,3.9116445216358764e-05,F,9.034978876538909e-05,L,0.00013900157316225605,F,0.00017372514064019733,F,0.00017372514064019733,F,0.00031886223605634076,F,0.00018070162937329417,F,0.00039971552806568344,F,0.00012931332650131455,L,6.546234240514549e-05,L,0.0003628933760498954,L,6.955638967096715e-05,F,3.9116445216358764e-05,L,0.00012898043554250568,F,0.0005006934863733541,L,0.002384726023068633,L,0.001834035590986219,L,0.0014158664573071435,L,0.000331844873737329,0.00037971019009354795,0.058161666214352974
163,N,D,0.0017302709046242795,N,0.000543943118549882,Q,0.0004896710565924482,E,0.0006093341167265943,E,0.0005961537690254528,E,0.000644078319290497,E,0.0006563626604055644,N,0.0011223562323608178,H,0.003298802554944641,H,0.0032723976152177815,K,0.000660261343030295,D,0.005416103234731019,D,0.003606869727410735,D,0.002166432744868847,N,0.0003606568314002938,D,0.0008193282413800433,N,3.976706193020169e-05,E,0.000644078319290497,N,0.00016593321111103425,K,0.0005685109126709616,K,0.0005844202232079254,K,0.00032759546026937033,D,0.0008193282413800437,N,0.00023867370917791177,0.0012242220670665473,0.1875187895785145
164,S,N,0.00037365547063699007,D,0.0069300012600600515,Q,0.001349653925469937,Q,0.0014713782278442439,H,0.0070295455324057106,H,0.007308193985042366,H,0.006185172937265966,L,0.0014713782278442439,E,0.007152379376218713,K,0.002711172656911842,A,0.005816940507860653,C,0.0025224359940676836,C,0.0024340670830524653,C,0.005783118979149233,L,0.0012119849703377586,H,0.004030882996662959,H,0.00550961609510414,H,0.007308193985042366,V,0.0014022719681339828,D,0.005756759618851027,H,0.004377923208091996,H,0.0039225234835496585,H,0.0025054787376746356,H,0.005448183199076789,0.004167204684431476,0.6383067250396396
165,F,G,0.0005208431631156471,F,0.00041556116943637146,F,0.0008712099598923518,F,0.0008054185474057781,L,0.0009389019009331115,F,0.0012338802439270393,F,0.0010489461858812499,F,0.0015042129211539823,F,0.0004910595265463305,F,0.0004927242924071761,F,0.0017466879163665224,F,0.0007005407455272011,F,0.0004903506425857125,F,0.0006200452101874331,F,0.0013485633227333033,F,0.007308193985042366,F,0.001388443797156398,F,0.001035727975319975,F,0.001087519423629,F,0.0007477485166930547,F,0.0011327898074075912,F,0.0011197332220916972,F,0.007308193985042366,F,0.0016569025224216266,0.0015005916242876371,0.22985137468754574
166,K,D,0.001968065292863041,K,0.0009912719542670334,V,0.00034648360613508827,K,0.0006559811387175209,K,0.0013281920707596889,K,0.0015643027861879705,K,0.0007662696223424034,K,0.0006721357343581349,K,0.002553023192566951,K,0.0025638867106876372,K,0.0010461202031189602,K,0.002139691242446843,K,0.0009143680243544796,K,0.002663021841556664,K,0.0008016401857944988,K,0.0009625536714299299,K,0.0004685322067987656,K,0.0015478695952942452,K,0.0008667561779534632,I,0.001894969862224391,R,0.000401592667425297,R,0.0005709832767101593,K,0.0012216132680655705,K,0.00033449414261164934,0.0012184924364445995,0.18664116007986142
167,-,-,,-,,-,,-,,-,,-,,-,,-,,-,,-,,-,,-,,-,,-,,-,,-,,-,,-,,-,,-,,-,,-,,-,,-,,,
168,D,Y,0.0003359061325120153,D,0.0001091158466338985,L,0.0006708161988293814,D,0.0005518148830505235,D,0.0006203120875456513,D,0.0006203120875456518,D,0.0003687719369764161,D,6.532056971052903e-05,-,,-,,G,0.00032246613403664706,N,0.00031113178195344744,I,0.002285310591610573,N,0.0001374874375003993,D,5.8051829447809505e-05,N,0.0014277151365033182,N,7.218635155696221e-05,D,0.0006203120875456513,D,0.0008502372251540765,-,,N,0.0013655766124132916,N,0.0003798980292102241,N,0.0003406947009786418,N,7.218635155696221e-05,0.0005516963815367654,0.08450545081948514
169,-,-,,-,,-,,-,,-,,-,,-,,-,,-,,-,,-,,-,,-,,-,,-,,-,,-,,-,,-,,-,,-,,-,,-,,-,,,
170,-,-,,E,0.0015232259399458024,-,,-,,-,,-,,-,,-,,D,0.003952178872992519,D,0.003954476072374852,-,,D,0.004171554168737277,E,0.00035817253311105034,E,0.0010571432916202756,-,,-,,-,,-,,-,,D,0.002782203407097272,-,,-,,-,,-,,0.0025427077551255783,0.38947629953735485
171,E,Y,0.0030365660508941458,T,0.006572852375445392,R,0.003965751183379136,Q,0.0012256032787451,Q,0.004144447109291765,Q,0.0041678501055057516,Q,0.0032685449687744335,Q,0.0011352550197584349,E,3.3998856654665385e-05,E,3.3998856654665385e-05,Q,0.0009615191373599869,K,0.0009693789196514355,K,0.0019196856148883024,E,1.621439956154085e-05,Q,0.0006025554683810665,E,0.0005715458133457744,Q,0.0010843531073869727,Q,0.004145811147084404,K,5.458376156168808e-05,V,0.00398395867347942,Q,0.002243096354190037,Q,0.0013826351448149607,E,0.0005335680531780117,Q,0.00016625688618930292,0.0019258345952573497,0.29498747159199507
172,R,Y,5.7673584860861274e-05,-,,D,5.324752139223714e-05,M,0.0012072419881184473,M,0.001517815819824668,M,0.0007791190916122819,M,0.0014207958105023491,N,0.0007566162902979704,K,0.0010755119115610921,K,0.0006688894809572723,N,0.00017786233832016007,G,6.36733995177477e-05,C,0.0006965379595973477,G,0.0001796082837487285,N,0.001326475936654612,K,0.00045193186721950235,S,0.00145409596315095,M,0.0015183146466032247,N,0.0007169300064760607,N,2.3975586441727346e-05,I,0.0033878640717540406,I,0.002796949497602927,K,0.00045193186721950235,S,0.0014414390734793108,0.0009662826955179576,0.14800922669885355
173,G,P,0.00021824478006450613,G,0.0007379370734708794,G,2.0504936700294324e-05,G,0.00026865571655074563,G,6.938731521904828e-05,G,0.0002751481954680803,G,0.00030416700745980756,G,0.0004891731534621669,G,9.503983443540301e-05,G,9.503983443540301e-05,G,5.887112923840955e-05,T,0.0015076286603858259,S,0.0003737854507743763,S,0.0003009737280125862,G,0.00012726107231676059,G,1.0016299703220334e-05,G,0.00037887787335571214,G,6.52734681046258e-05,G,0.00037845796547165733,G,0.000664577867323142,G,0.00032693112008318946,G,9.663027971801993e-05,G,8.84242533246378e-06,G,0.00037887787335571214,0.00030209596085175146,0.04627319702806777
174,S,I,0.0006196025382650116,K,0.0009212636291476375,P,1.0128013994944032e-05,R,0.0019843455352194094,R,0.0036059597372841527,R,0.003612416174410413,R,0.0018503594976413357,Q,0.00011252800950637695,G,0.0014043185234468897,G,0.0013895747257939874,Q,0.00012061963115111086,D,0.0027928410551369912,D,0.0011638883283726143,D,0.0007634883478363684,Q,0.00010306449602215446,Q,0.00018321029327390535,Q,0.0005790029651589387,R,0.0036726929985398354,Q,0.00017133129052790183,N,0.0019646298343833552,Q,8.94919598433955e-05,Q,0.00018569440340517263,Q,0.00018445021502687896,Q,0.0005694202120697078,0.0011689301006441036,0.17904950700644265
175,F,K,0.000988019897696875,F,0.00018368608741844937,F,0.0004338975094482875,I,0.005298830187588639,I,0.006317475240130731,I,0.007308193985042366,I,0.007100703599067947,F,0.000561286757780876,F,0.00014202990414291782,F,8.926034756160384e-05,F,0.0001965843544906748,F,0.00014080210809053962,F,0.00032117535242678425,F,0.00013999641284160856,F,1.2776866115234262e-05,F,0.00034922125235440054,F,3.0828841598297505e-05,I,0.007308193985042366,F,3.3301919875590317e-05,F,0.00019633940947779305,-,,-,,F,0.00052496881360951,F,2.1877712300702424e-05,0.001713611388368282,0.26248042899990515
176,-,-,,-,,-,,-,,-,,-,,-,,-,,-,,-,,-,,-,,-,,-,,-,,-,,-,,-,,-,,-,,-,,-,,-,,-,,,
177,K,T,0.00031196959695111755,K,0.0006582000147212309,L,0.004597059763430508,A,0.00020352089311814314,A,0.00032152448361537795,A,0.00032152448361537795,A,0.0003526198511378328,A,0.0008744291010848703,K,0.0018706852456788331,K,0.001599326627477774,S,0.0009940671033555114,K,0.0018324735604280692,N,0.0010043583345864721,I,0.00218490459063348,A,0.0007094185987218511,T,0.001054230105911491,A,0.0007048617654126713,A,0.00032152448361537795,S,0.006153639118023075,-,,F,0.00010999958619303372,F,0.000308109291334546,T,0.0010005170385723719,A,0.0011863339803543697,0.001246752070346669,0.1909697965959029
178,A,V,0.001679211671941889,A,0.00017963742048937744,D,0.0006601298640591693,-,,C,0.0007549107911989941,-,,C,0.0008313493533907138,C,5.504880600177413e-06,E,0.00021997985950199562,E,0.0002556178599320599,C,0.0007347864614183436,P,0.0019084626447257787,A,6.450450954196361e-05,P,0.0034919199596693488,C,0.00016005958340804024,C,0.0014713782278442439,C,0.0003207299309760809,C,0.0006915023881570477,S,0.0030379200187033825,-,,V,0.001249531930298678,V,0.000385517799826364,W,0.007308193985042366,C,4.479019167068184e-05,0.0012121733015426999,0.18567323394957452
179,C,-,,S,0.0011557977400476884,S,0.000359821917165534,C,0.0009686033433180798,-,,C,0.0014713782278442439,-,,S,0.0009039844245543387,S,0.0004905692771078263,S,0.00048344371886811094,S,0.0008189063130526912,-,,-,,-,,S,0.0011747998799634565,-,,T,0.00422713800894101,-,,T,0.0026785587419760723,-,,S,0.000758767504789107,S,0.0005316917482593695,-,,T,0.003765501623485939,0.0014134973192409617,0.21651080592891486
180,L,-,,I,0.0016515949429586885,N,0.003373072929884209,S,0.005823202542816522,S,0.004365141986101406,S,0.0033066094974943065,S,0.0016412044367352047,P,0.00026088244216891166,L,0.0022817263485389997,L,0.0022072353625496787,E,0.00052039083123262,S,0.005129843225561882,N,0.0011425510658361903,N,0.0015039868678986777,-,,S,0.0037709517210298416,L,0.0023907590546112193,S,0.0021824998625304994,A,0.0007711087649664317,-,,C,0.004259147523683351,C,0.007308193985042366,S,0.0033933253715202113,L,0.0014366206604073727,0.0027961928296937424,0.42830358066384167
181,C,C,0.0011965362276873846,K,0.0006283354357996526,N,0.0016603620269090744,A,0.0030870590505218723,A,0.0033317084992564145,A,0.0032935589460323035,A,0.0028774185062670336,S,0.0014713782278442439,-,,-,,N,0.0030466293915879968,L,0.001691844795002865,L,0.0012445685253628976,L,0.0016679018362528986,P,0.0015257929569665032,A,0.0044158264864640724,K,0.0026065970664839334,D,0.003289002281020544,N,0.002109074517958086,-,,P,0.0028832283480874675,P,0.005707370712678289,A,0.004189817714392535,K,0.0010432414273624565,0.002522250141901835,0.3863427284536593
182,E,D,0.0014162367228391774,N,0.0008617569312886871,Q,0.0029513441369739273,N,0.0011589623322951698,N,0.0029377573776321075,N,0.0029887481973614703,N,0.002389887418131848,Q,0.001102823327223999,C,0.007308193985042366,C,0.007308193985042366,I,0.002507803119365422,V,0.0013583710961096874,A,0.004288002367972534,A,0.004921516127819763,S,0.0014713782278442439,I,0.001819983772682104,Q,0.0015093480354272306,N,0.00296859817250369,I,0.0017818579023349825,K,0.00264634144698361,S,0.0011581857920014062,S,0.0014713782278442439,I,0.0016863992130977845,Q,0.0006926227315227913,0.0025294037769725253,0.38743847817556765
183,-,-,,-,,-,,Q,0.0014713782278442439,H,0.0026712753107524597,H,0.0025670314495849066,H,0.002435374744826339,-,,-,,-,,Q,0.0014713782278442439,-,,-,,-,,Q,0.0014648051836712768,Q,4.9744579533614975e-05,-,,H,0.0026777824579811613,-,,-,,-,,-,,Q,0.0003849917150351523,-,,0.001688195766341489,0.25858742069115176
184,-,-,,-,,-,,-,,-,,-,,-,,-,,-,,-,,-,,-,,-,,-,,-,,-,,-,,-,,-,,-,,-,,-,,-,,-,,,
185,-,-,,-,,-,,-,,-,,-,,-,,-,,-,,-,,-,,-,,-,,-,,-,,-,,-,,-,,-,,-,,-,,-,,-,,-,,,
186,-,-,,-,,-,,-,,-,,-,,-,,-,,-,,-,,-,,-,,-,,-,,-,,-,,-,,-,,-,,-,,-,,-,,-,,-,,,
187,-,-,,-,,-,,-,,-,,-,,-,,-,,-,,-,,-,,-,,-,,-,,-,,-,,-,,-,,-,,-,,-,,-,,-,,-,,,
188,-,-,,-,,-,,-,,-,,-,,-,,-,,-,,-,,-,,-,,-,,-,,-,,-,,-,,-,,-,,-,,-,,-,,-,,-,,,
189,-,-,,-,,-,,-,,-,,-,,-,,-,,-,,-,,-,,-,,-,,-,,-,,-,,-,,-,,-,,-,,-,,-,,-,,-,,,
190,-,-,,-,,-,,-,,-,,-,,-,,-,,-,,-,,-,,-,,-,,-,,-,,-,,-,,-,,-,,-,,-,,-,,-,,-,,,
191,-,-,,-,,-,,-,,-,,-,,-,,-,,-,,-,,-,,-,,-,,-,,-,,-,,-,,-,,-,,-,,-,,-,,-,,-,,,
192,-,-,,-,,-,,-,,-,,-,,-,,-,,-,,-,,-,,-,,-,,-,,-,,-,,-,,-,,-,,-,,-,,-,,-,,-,,,
193,-,-,,-,,-,,-,,-,,-,,-,,-,,-,,-,,-,,-,,-,,-,,-,,-,,-,,-,,-,,-,,-,,-,,-,,-,,,
194,-,-,,-,,-,,-,,-,,-,,-,,-,,-,,-,,-,,-,,-,,-,,-,,-,,-,,-,,-,,-,,-,,-,,-,,-,,,
195,-,-,,-,,-,,-,,-,,-,,-,,-,,-,,-,,-,,-,,-,,-,,-,,-,,-,,-,,-,,-,,-,,-,,-,,-,,,
196,-,-,,-,,-,,-,,-,,-,,-,,-,,-,,-,,-,,-,,-,,-,,-,,-,,-,,-,,-,,-,,-,,-,,-,,-,,,
197,-,-,,-,,-,,-,,-,,-,,-,,-,,-,,-,,-,,-,,-,,-,,-,,-,,-,,-,,-,,-,,-,,-,,-,,-,,,
198,-,-,,-,,-,,-,,-,,-,,-,,-,,-,,-,,-,,-,,-,,-,,-,,-,,-,,-,,-,,-,,-,,-,,-,,-,,,
199,-,-,,-,,-,,-,,-,,-,,-,,-,,-,,-,,-,,-,,-,,-,,-,,-,,-,,-,,-,,-,,-,,-,,-,,-,,,
200,-,-,,-,,-,,-,,-,,-,,-,,-,,-,,-,,-,,-,,-,,-,,-,,-,,-,,-,,-,,-,,-,,-,,-,,-,,,
201,-,G,0.00015857049177964437,-,,P,0.0014014962574521931,-,,-,,-,,-,,-,,-,,-,,-,,-,,-,,-,,-,,-,,-,,-,,Q,0.0004643894127914832,-,,E,0.0015619593030956058,E,0.0008428824631744939,-,,-,,0.000885859585658684,0.13569051049478506
202,-,E,0.000157640389008226,-,,N,0.0019173626064561211,T,0.002002898679840137,T,0.0018207689405216056,T,0.0018207689405216056,T,0.0018466873233715618,T,0.001753832461277983,-,,-,,T,0.0017041472851568927,-,,-,,-,,T,0.0017474982801766582,T,0.0018723482242310073,T,0.0015859601426227066,T,0.0018207689405216056,I,0.0017880019147357928,-,,T,0.001415480915624152,T,0.0013616728333157816,T,0.0027021034082684056,T,0.001479838832468489,0.00169398706577169,0.25947449623769886
203,-,S,0.0006397036128401475,-,,E,0.0001511255175920492,E,0.0016555525758540452,E,0.0015112878227234654,E,0.0015112878227234654,E,0.001767143684836425,E,0.0018148126403016275,-,,-,,D,0.0019759893467695285,-,,-,,-,,E,0.0016437344953537706,E,0.0018156394334043731,E,0.0015808387509287174,E,0.0015112878227234654,E,0.0016925101672468769,-,,E,0.0019059928714094303,E,0.0018935337472929577,E,0.0018669447527356689,E,0.001658600009274844,0.001564469710235933,0.23963582611989004
204,-,I,0.0011502459027837527,D,0.00212785835088483,D,0.003662183600549857,R,0.0019191570181734457,R,0.004181589395965019,R,0.003595835842232759,R,0.00365101369895226,E,0.0020522829755400414,M,0.0007316144760416337,M,0.0007713553598354565,E,0.001756736653246873,D,0.0038827025900849683,Q,0.0020739876587231878,E,0.0007238628890671534,E,0.0023072450032439163,G,0.0006564106145022055,D,0.005105834815159684,R,0.004189573480758868,G,0.001045033770532523,G,2.863273792727508e-05,E,0.0022149729117159245,E,0.0021776144039612005,G,0.0006852752365986344,D,0.0059447194003281415,0.0023598224494504,0.3614630558012069
205,D,D,0.0005716886887951896,D,0.0005042304792265907,D,0.0006934914714774019,Q,0.0026444383811594285,Q,0.001760082242082846,Q,0.001760082242082846,Q,0.00232217925098223,E,0.0011822188326202322,D,0.0004282640918988193,D,0.0004282640918988193,E,0.00033420097690848606,D,0.0003800813043097302,D,0.00044326283882766324,D,0.0005331597653597524,E,0.0005386286920158322,E,3.0469279039475238e-05,Q,0.0020729183778729287,Q,0.001760082242082846,E,0.00046617409497963643,D,0.0006216940148815735,D,9.5506048692666e-05,D,0.000367734268943291,E,0.0013326771779919727,Q,0.003271615678718255,0.0010226310222020217,0.15664031602392126
206,T,V,0.0014713782278442439,I,0.002920255008556192,I,0.003219773576360092,I,0.003830153527137157,I,0.005054010133941704,I,0.004616638649297833,I,0.005141288473916812,I,0.004598551514755086,I,0.003514375739465387,I,0.0033911338423957163,I,0.004271756858822022,T,0.0014713782278442439,T,0.0014713782278442439,T,0.0012083689144261546,I,0.004731343272665253,I,0.004610743851719158,I,0.00496904827030696,I,0.005055341735836343,I,0.003535090985753373,I,0.003317714574962549,I,0.00401593352848444,I,0.004897837292287233,I,0.005338931010932003,I,0.004826363309660575,0.003811616198133949,0.5838398727157436
207,K,-,,K,0.0009346378498090767,K,0.0015217471226212163,S,0.0012585594528367412,S,0.0011762468300076422,S,0.0012158676528742508,S,0.001056537875807471,G,0.007308193985042366,K,0.0011313846836986802,K,0.0011366762626211818,R,0.0014713782278442439,R,0.00038309818785083993,K,0.0009118570226785424,K,0.001656660288604441,R,0.0014713782278442439,R,0.0010633290291840148,R,0.0014713782278442439,S,0.0012202168326562728,R,0.0014713782278442439,I,0.0008712995467897717,R,0.0011130062441106047,R,0.001174393904912621,R,0.0010239675614299862,R,0.0014713782278442439,0.0014571552814242148,0.22319806344885562
208,G,-,,G,9.729933791041631e-05,N,0.0022341866196181766,S,0.00191222738829491,S,0.0022688761046184757,S,0.0022464839120538097,S,0.002181657055352603,S,0.0006919379952153353,G,0.0006019407955801886,G,0.0006019407955801886,G,0.0014829896251927488,G,0.0005980507324412837,G,0.00016276432098861056,G,0.00026224538913505863,S,0.0010688982958286034,D,0.0020434942824918835,T,0.0009866315848779583,S,0.0022440536862832795,G,0.0013587112127306394,S,0.001445049196727333,S,0.00111709770689984,S,0.0011073687613148654,D,0.0020434942824918835,T,0.0016028242975587189,0.0013200097121385571,0.20219095057257316
209,M,-,,V,0.006692325020245334,I,0.002316475067335308,I,0.0011632857466196654,I,0.002557585300967272,I,0.002256830494701812,I,0.0015951105957158415,V,0.0026879585934755897,M,0.0021522477073820066,M,0.0020801796191051375,V,0.005290801329469395,L,0.00013286441716827774,M,0.0009858649588699395,L,0.0016395383526550712,V,0.004095014207636256,V,0.0032751152335545415,V,0.0031589709693649703,I,0.002338596427308488,V,0.003560462430112612,M,0.0030980943834283373,I,0.0029153207770096657,M,0.00013036042675902614,V,0.0026687944494309377,V,0.0027370035784621454,0.002588208699425114,0.39644585369689817
210,L,-,,L,8.251256525961749e-05,L,0.00012323017590117885,L,0.0004535180816623337,L,0.0008969700265572218,L,0.0008969700265572218,L,0.0006646856098982724,L,8.862122402003802e-05,L,7.889498951276409e-05,L,7.889498951276409e-05,L,0.0007274774307383957,L,6.51324068830889e-05,L,5.107594293869599e-05,L,0.0004657707493622351,L,0.0006997867193953712,L,0.0007297589705093706,L,0.000655038776445512,L,0.0008969700265572218,L,0.00018697130790928455,L,4.7839562606522446e-05,V,0.0013236429601755067,V,0.0006825445981179957,L,0.0007297589705093706,L,0.000188812025406243,0.0004702120928885317,0.0720241897901065
211,S,K,0.0007542983837884797,A,0.0007842390385694527,N,0.0013689046254382628,N,0.0014000451115962467,N,0.0015965188175390162,N,0.0015827211612437087,N,0.0015931671991203404,N,0.007308193985042366,C,0.0027201279861631305,S,0.0014158089328243368,N,0.002865253032321925,Q,0.001473067643943975,Q,0.000653438896002183,Q,0.0005580515442090913,N,0.004102579006014048,N,0.002524239366865205,N,0.003936910750266522,N,0.0016157556361360967,N,0.0022281223309384606,N,0.0017852817158202387,N,0.001960501132332768,N,0.002025974145485299,N,0.0024965811008487164,N,0.003534650412268295,0.0021785179981157568,0.3336919575878458
212,L,F,0.0,L,0.0,L,0.0,L,0.0,L,0.0,L,0.0,L,0.0,L,0.0,L,0.0,L,0.0,L,0.0,L,0.0,L,0.0,L,0.0,L,0.0,L,0.0,L,0.0,L,0.0,L,0.0,L,0.0,L,0.0,L,0.0,L,0.0,L,0.0,0.0,0.0
213,Y,Y,0.00015566816479149864,Y,0.0007564880662530915,F,0.0027813028927780336,F,0.0015363395013712497,F,0.0011707383105696207,F,0.0010289069346610903,F,0.001081669558130183,Y,1.8059625571812895e-05,Y,0.0006063539743170916,Y,0.00010971223584987374,F,0.0007948796968403569,Y,0.00040994360174591125,Y,2.481578366495124e-05,Y,8.422733094169932e-05,Y,0.0011260388689750375,F,0.00048740175938663657,Y,0.0021344255980010303,F,0.0009474252837415282,F,0.0020522483627972354,Y,9.4520746838288e-06,Y,0.0015180137529383186,Y,0.0015136485101234496,F,0.0003945723674350658,Y,0.0004254593891705114,0.000881991318530796,0.13509799318187138
214,E,C,6.916406760300737e-05,E,2.822325681910711e-05,R,0.003076145718158544,R,0.0022961936185517773,R,0.0033818853541530284,R,0.003196967691961394,R,0.00238504815041979,R,0.0023098417149923283,E,2.963304619370486e-05,E,2.963304619370486e-05,R,0.0032319019021398773,E,0.0004723147085008691,E,0.000142172589314682,E,0.0004399324465109351,R,0.00344714299141872,R,0.0031457089585930787,R,0.0032974605537693536,R,0.003196967691961394,R,0.003081932937442168,E,9.757955272157673e-05,R,0.0022082479237103846,R,0.0022303017465756425,R,0.0031457089585930787,R,0.0024181820360395932,0.0019732621109307394,0.30225212607833396
215,A,P,0.0009330508427451488,A,0.00014580902635222547,G,0.000442587921860203,A,0.00039480218324314633,A,1.4040507755745814e-05,A,9.468995888242164e-05,A,0.00010259335616770665,A,0.00010728556179805582,A,0.000535224322386205,A,0.000535224322386205,A,0.00010280173461035527,A,0.00012018416756266776,A,0.00011171734743655164,A,0.0001018535310244148,A,6.240368999597422e-05,A,9.641546094344816e-05,A,0.0003131936984432911,A,1.499660063173354e-05,A,9.724728635177084e-05,A,9.29739603000619e-05,A,0.00011201667826559672,A,7.728073625957709e-05,A,6.994312466663914e-05,A,0.0003131936984432911,0.00020798040493801823,0.031857156343765264
216,S,F,0.0,S,0.0,S,0.0,S,0.0,S,0.0,S,0.0,S,0.0,S,0.0,S,0.0,S,0.0,S,0.0,S,0.0,S,0.0,S,0.0,S,0.0,S,0.0,S,0.0,S,0.0,S,0.0,S,0.0,S,0.0,S,0.0,S,0.0,S,0.0,0.0,0.0
217,F,E,0.00037485664670377817,F,0.0012071713146508591,L,0.0005597291191398547,L,0.00024533768017941397,L,0.000654955271465388,L,0.000654955271465388,L,0.0005420166878745091,L,0.00020198699513328922,H,3.795635075657912e-05,H,9.680841062358064e-05,L,0.0005090317298378717,F,0.0012444388010007796,F,0.001138431117154467,Y,0.00033514849799476544,L,0.0002840806381002242,L,0.00011688309835840422,L,0.000520004504308535,L,0.0006171927837172413,L,0.0012095569600869814,Y,0.0001751195788656576,L,0.0006429083790760061,L,0.0006235058408833495,L,0.0005319395023937386,L,0.0005753760543476716,0.0005458079680882639,0.08360349994626926
218,F,P,0.0012230133507119176,Y,0.0007158525418683454,I,0.004110912930492427,I,0.003730651659899095,I,0.006261979887320158,I,0.006297555952768483,I,0.0057714661506454755,I,0.0038859447216207854,L,0.001351711532342546,L,0.0012258244499055166,I,0.0036007945039593704,L,4.066279622707005e-05,L,0.0006784469412395159,L,0.0013037276421905448,I,0.0040288863422899045,I,0.005217890871669216,I,0.002877446073942861,I,0.006593192122908172,V,0.0006271568141923339,H,0.004566392017635901,I,0.0034182210613733083,I,0.004243807417689392,I,0.005226067033719383,I,0.004706896884061055,0.003404354237528032,0.5214579961357955
219,L,S,0.0017448137291814273,V,0.0052896621389218875,A,6.0111572474733255e-05,A,0.0003710302521569775,A,0.00037210303761806425,A,0.0003134063394518879,A,0.00038236954816147994,A,0.0004208687527527324,S,0.0031754136875467515,S,0.004682209250180011,A,4.06774082402215e-06,S,0.0010855482214326244,L,0.0003778806548691714,V,0.007308193985042366,A,0.0003213130119472621,A,4.256986200397447e-05,A,0.00028534514955037236,A,0.00029706776041758354,A,0.0006620052315943566,S,0.0036658961432057802,A,0.00010952948066049882,A,0.00012028873525605797,A,4.256986200397447e-05,A,0.0002616844003096159,0.0013081645228151502,0.2003765774910815
220,-,L,0.0003572614537035557,-,,F,0.0009677584409613061,F,0.0007130073032117041,F,0.0015769256512029885,F,0.0014438282135638642,F,0.0008009162735264319,-,,-,,-,,F,0.0011180684842357373,-,,-,,-,,F,0.001561569621473104,F,0.002063256082539304,-,,F,0.0014438282135638642,F,0.0013360700398900398,-,,F,0.0015940140815226857,F,0.0015027960376312148,F,0.001217822527022293,-,,0.0012640801731462926,0.19362400856453985
221,-,-,,-,,-,,-,,-,,-,,-,,-,,-,,-,,-,,-,,-,,-,,-,,-,,-,,-,,-,,-,,-,,-,,-,,-,,,
222,I,-,,K,0.0013588997748278544,P,0.00014284711282165706,-,,-,,-,,-,,F,0.0028851652638479607,F,0.0017818984907904587,F,0.0017818984907904587,-,,A,0.0014944293300858417,R,0.00031011292627332017,R,0.00028968599127357134,-,,-,,F,0.0024823234444945733,-,,P,0.0007488139673487857,V,0.0006515539895888999,P,0.00010129920448117796,P,0.00010698683361168034,-,,F,0.00043537521710111605,0.0010408064312383825,0.15942431313872535
223,E,-,,N,0.006704681060306142,-,,P,0.0029486216221276344,P,0.002863943458632575,P,0.0035137952106421024,P,0.002427721734782717,P,0.0027042563272860385,Q,0.0034980597373202855,Q,0.0034800206516094104,P,0.002549981510935295,Q,0.005688121639899319,E,0.0016752420861768605,Q,0.007308193985042366,P,0.0029473517521229104,P,0.001904814920779885,P,0.003107660829907011,P,0.0035137952106421024,-,,E,0.0017124123673532938,-,,-,,P,0.001183923458672682,P,0.0033214820484567566,0.0033186357690892306,0.5083281695474839
224,-,-,,-,,-,,-,,-,,-,,-,,-,,-,,-,,-,,-,,-,,-,,-,,-,,-,,-,,-,,-,,-,,-,,-,,-,,,
225,-,-,,-,,-,,-,,-,,-,,-,,-,,-,,-,,-,,-,,-,,-,,-,,-,,-,,-,,-,,-,,-,,-,,-,,-,,,
226,-,-,,-,,-,,-,,-,,-,,-,,-,,-,,-,,-,,-,,-,,-,,-,,-,,-,,-,,-,,-,,-,,-,,-,,-,,,
227,G,-,,G,0.0009705169286828062,G,0.0008350603556207042,W,0.0014713782278442439,G,0.002041781797352772,G,0.002110748922506113,G,0.001102231729361538,G,0.0007898011882382454,G,0.00043799147506157595,G,0.0006051532623795318,G,0.0011119822593687553,G,0.00026418621283910427,G,1.8716662038216784e-06,D,0.001497859929148601,G,0.000698666621587352,G,0.0002478767603841476,G,0.0005786578654196041,G,0.002110748922506113,G,0.0008017000759675576,E,0.00043242271437887123,G,0.0005261064924855334,G,0.0005330910283253301,G,0.0003305513769670689,G,0.0005009002333714644,0.0008696211324348196,0.13320320433107347
228,-,-,,-,,-,,-,,-,,-,,-,,-,,-,,-,,-,,-,,-,,-,,-,,-,,-,,-,,-,,-,,-,,-,,-,,-,,,
229,E,-,,E,0.0,E,0.0,E,0.0,E,0.0,E,0.0,E,0.0,E,0.0,E,0.0,E,0.0,E,0.0,E,0.0,E,0.0,E,0.0,E,0.0,E,0.0,E,0.0,E,0.0,E,0.0,E,0.0,E,0.0,E,0.0,E,0.0,E,0.0,0.0,0.0
230,N,-,,N,0.0005640109602366593,N,0.0008093548772909722,K,0.00022159100621610365,K,0.000671547804620565,K,0.000671547804620565,K,0.0006505610162993499,K,0.0009584903882658306,V,0.001544418424038394,V,0.001544418424038394,K,0.001896331582147201,E,0.00018161520680438735,D,0.0007236466472530839,D,0.0016845760128634494,K,0.0008042464437965341,K,0.0006885958192590808,K,0.0006688676286952705,K,0.000671547804620565,K,0.00044188095063268083,S,0.0022209954956318384,K,0.003251484209314305,E,0.0008114251089376222,K,0.00046967931003263783,K,0.0006667049397028525,0.0009920668637094932,0.15195868663723805
231,I,-,,I,6.998768532156552e-05,V,0.0001575884561541996,V,0.00017014808479482336,V,0.00017431959377200095,V,0.00017431959377200095,V,0.00017431959377200095,V,0.00031103443415704014,V,0.002338229448295216,V,0.002338229448295216,I,9.520842091624435e-06,T,0.00035076522455956724,T,0.00015805592126398398,T,0.00017513986682786097,V,0.0003058883393493872,I,0.0005308413729094241,V,0.00031357234539225784,V,0.00017431959377200095,V,0.00028878231890849083,I,0.0008646358126224234,V,0.0004980402093723284,V,0.0002298021008259976,I,8.420003552723666e-05,V,0.00031357234539225784,0.00044370924639777857,0.06796464714010372
232,-,-,,L,1.7556714507910136e-05,-,,-,,-,,-,,-,,-,,L,0.00010111275431856975,L,0.00010111275431856975,-,,-,,L,0.0006136558105151678,-,,-,,-,,-,,-,,-,,-,,-,,-,,-,,-,,0.0002083595084150544,0.03191522507741354
233,L,-,,-,,L,0.0005855926084015896,M,0.00013540144804598676,M,5.730671751114244e-05,M,5.730671751114244e-05,M,4.760310506092686e-05,M,7.215240559193033e-05,-,,-,,M,0.00017357882453709848,L,9.239565473700909e-06,-,,L,0.0005319938267062843,M,0.0002542687362979574,M,0.00016304354629064486,M,0.0002754458760085548,M,5.730671751114244e-05,M,0.0001880637914558925,L,8.945497016364235e-05,M,0.00013358694786309248,M,0.0002614907212244517,M,0.00016304354629064486,M,0.0002453149674164681,0.00018427342312433124,0.02822586701002971
234,E,-,,E,0.0004889004865778296,D,0.001296909999230309,E,0.00040746979079264153,E,0.0003503160817135384,E,0.00036701401567342445,E,0.0003159109958317602,E,0.000526289394863899,D,0.0030491952172782815,D,0.0031614891576282056,D,0.003695675240356228,H,0.00023174769764042056,E,0.00023772952390847284,E,0.0001362518172073255,E,0.00010157795449525559,E,0.00024514361631596573,D,0.0009727079248054587,E,0.00036701401567342445,D,0.004985236523561259,D,0.0036815178959328375,E,0.0003456517614211517,E,0.0003405890920863449,E,0.0006110166699922063,D,0.0007822058966046887,0.0011607635117213445,0.17779859925777694
235,E,-,,E,0.00039347353359529656,D,0.0007040175909970868,E,0.0006116000965289898,E,0.0006715148674892829,E,0.0006715148674892829,E,0.0009523681446278265,E,0.00037740455594752334,E,0.001477218946592565,E,0.0014640734552052268,E,2.7139804205011567e-05,L,0.0008253721833204829,L,0.0001454790872262865,M,0.0022836164408013837,E,6.304458324938217e-05,A,0.0004321068646245519,E,0.000479093375116042,E,0.0006863443022054542,E,4.02649776723371e-05,D,0.0008112390743241778,E,7.593043129908821e-05,E,0.00030879012752019967,A,0.0004026611965114396,E,0.0005052945326096124,0.0006265027408329795,0.09596382779647768
236,A,-,,A,0.0011487396313248058,A,0.0005973724418675622,A,0.00021822285966640196,A,0.00021696837224152517,A,0.00021696837224152517,A,0.00021666586345180937,A,4.3740293101869555e-05,A,0.0002504210691655806,A,0.0002504210691655806,A,5.0296410453974e-05,A,0.00030929403688802367,A,0.00031564793112750784,A,0.00015813131863825494,A,4.2844000230421366e-05,A,3.911275111000926e-05,A,1.2077505010260267e-05,A,0.00021696837224152517,A,0.00027399493181178426,A,0.0008123831571886765,A,0.0001432601699321232,A,0.0001381488883022776,A,3.911275111000926e-05,A,2.501227443042558e-06,0.0002484040619006327,0.03804900292771882
237,R,-,,R,0.00019653543986993316,K,0.0015680859494059246,E,0.0011004037105090101,E,0.0011061573388369689,E,0.0013399862921385428,E,0.0009837952760247985,E,0.0007690768660140262,R,0.0014723892985641321,R,0.001484213808869732,E,0.00017727679080562633,R,0.0028952005832530436,R,0.0010798144415157143,R,0.00041343196905637976,E,5.102799748456713e-06,E,0.0008164843720178174,E,0.0007603457570553827,E,0.001096333575914379,E,0.0007538382806319815,R,0.00017345528040151764,E,0.001230500073396089,E,0.0010223072788199592,E,0.0001158838866893905,E,0.0007649172167897603,0.0009271972298403725,0.1420223560067286
238,D,S,0.0021665590619160723,V,0.004440571839234283,S,0.0027998129567916737,I,0.00022931870346650776,I,0.0017362850490136087,I,0.001798355663737986,I,0.001194214038295139,I,0.0004103149846151177,E,0.002057183905545961,E,0.002019328947216288,I,0.001616205415699269,D,0.0004321269619434748,R,0.0009453528567619271,Q,0.0005766192526530857,I,0.0010279416916197607,I,0.001110474913830347,S,0.007308193985042366,I,0.0018342948895149294,T,0.006951582768706014,E,0.0024544259241224475,R,0.002811133264656944,S,0.005796505146166671,I,0.0007857029171915377,T,0.0014713782278442439,0.0022489118068994025,0.3444744472782666
239,F,P,0.00043559028074099883,F,0.0013561874367783795,F,0.00040858573396273065,F,0.000526457322515354,F,0.0005197552998308757,F,0.0005004532906274445,F,0.0005487567165437608,F,0.00021293812921731778,F,0.0012265396130442363,F,0.0012265396130442363,F,0.0004130555915648978,F,0.0009212115131176308,F,0.0010510522258376119,F,0.0003616709018471123,F,0.00040582938993328577,F,0.00048170482271686594,F,0.000369429458425683,F,0.0005004532906274445,F,0.0003636361704501356,F,0.0012232452380034303,F,0.0008051544193539721,F,0.0012132463597296272,F,0.000479291505041695,F,0.000369429458425683,0.0006633422408908505,0.10160667532011577
240,S,H,0.0010358526676375777,T,0.0005356275341498743,T,0.0005151961330788418,S,0.0005500599336813768,S,0.0010199254989624086,S,0.0009820938428559362,S,0.0005895576680697318,S,0.0006787635505835892,T,0.0003334175073366033,T,0.0003189400681305468,S,0.0008554956283363301,A,0.0008314575665408939,S,0.0005263091728587522,S,0.0009958650113861788,S,0.0008346722709658192,S,0.0009400559483262261,S,0.0007382728230150068,S,0.0009820938428559362,S,0.0002848300242263677,T,0.0006106087606082642,S,0.0006452690195276044,S,0.0007862506027565964,S,0.000806542067360857,S,0.0005631177791710379,0.0007066781217675981,0.10824459841097987
241,T,Y,0.00027833575724455493,T,0.004263786755848342,M,0.0006344277581551978,T,0.0014713782278442439,A,0.007308193985042366,A,0.007308193985042366,A,0.007308193985042366,A,0.0011980457304657352,S,0.0005390861729736846,S,0.000761191317450432,T,3.02332836904794e-05,T,0.000637771004357469,T,0.0004388337359842386,T,0.001351650280453133,A,0.004632855135842196,T,0.0012964920859641952,A,0.005748583964101024,A,0.007308193985042366,T,0.00026158538508890136,T,0.0011283246963065517,E,0.0021600815570805825,E,0.000961338766000666,T,0.00027814715094326073,A,0.002905461049683234,0.0025087660731519827,0.3842773219244137
242,K,L,0.00020315340193277794,E,0.0013518303685323386,T,0.0025523129651177845,A,0.0005928758500761805,T,0.004475097854190696,T,0.004491591473754639,T,0.0029777019576526765,K,0.0007098241047214218,T,0.0009060634135466233,T,0.0008972525475884547,K,0.0014471079996067919,K,0.0014416916495557815,R,8.680631676821e-05,K,0.0007534890347908315,K,0.00039758682085218035,M,0.0007896995534231745,K,0.0005230099431819363,T,0.004477253320134166,K,0.00032759089621719665,K,0.0013845807618412308,K,0.000610576772554244,K,0.0010027768564942717,M,0.0008352956507545405,K,0.0008376295979691348,0.0014196999629690534,0.21746088865930183
243,H,E,0.0036708822844748724,Y,0.006212367356568797,Y,0.005316875021169963,Y,0.004362440310717648,Y,0.0057242674087811685,Y,0.004858655024184887,Y,0.005009763484331155,Y,0.004689718962278477,H,0.0010788071611516508,H,0.00032018745879524137,Y,0.004675848825239944,F,0.0013935648318261608,S,0.006124026419844614,I,0.002455250120450618,Y,0.004998528196779975,Y,0.005434685811624082,Y,0.003964652104541607,Y,0.0053545293709921365,Y,0.004269267014473179,Y,0.005262856190089514,Y,0.005994190034353319,Y,0.005903978173996086,Y,0.005986457087684317,Y,0.004151128727521159,0.004467205307577941,0.6842589711546144
244,L,L,0.0,L,0.0,L,0.0,L,0.0,L,0.0,L,0.0,L,0.0,L,0.0,L,0.0,L,0.0,L,0.0,L,0.0,L,0.0,L,0.0,L,0.0,L,0.0,L,0.0,L,0.0,L,0.0,L,0.0,L,0.0,L,0.0,L,0.0,L,0.0,0.0,0.0
245,E,Y,0.00033462402694842055,K,0.00153538896191388,K,0.0017785501510827586,K,0.0005000968210396828,K,0.0020397549905665957,K,0.0020397549905665957,K,0.0009541249648240774,E,0.0002977995595512212,K,0.00015422999641912996,K,0.00015422999641912996,K,0.0008911144219667342,H,0.0003390405489299637,R,0.0002523944889389555,Q,0.0012401074565792744,E,0.0010055643368290978,K,0.0007265138171322646,K,0.00043430963184918963,K,0.0020397549905665957,R,0.0005535362624132473,K,0.0003957804836666952,K,0.00047795029050609974,K,0.0006705493586727855,K,0.0007265138171322646,K,0.0004343096318491908,0.0008323330831818272,0.1274916508067854
246,E,G,0.0019423348992643622,R,0.00033717664816332077,Q,0.0005539676831564487,E,0.0022627046884947724,E,0.0037103579719227754,E,0.0036552149707445316,E,0.003170874080793325,E,0.002131421144235878,-,,-,,E,0.002274779324234855,K,0.00012133573087528076,E,0.0019371363704487844,K,0.0002522471347997345,E,0.0023555191340689985,D,0.003986856518174667,E,0.007123962941948121,E,0.0031906650849770966,E,0.0018252200809755997,E,0.0007080267675969556,E,0.003021638410589742,E,0.0027083567850869628,D,0.006442660271716268,D,0.0010850429238601384,0.0024907954348240284,0.3815246903244247
247,Y,S,0.00019877551516945686,Y,0.0004827142965926685,V,0.0006711049262312327,A,0.0021969169769421046,A,0.002644915638171952,A,0.0027727453558162463,A,0.002595852281846757,A,0.0023371609280200298,-,,-,,A,0.0008947461936881033,R,0.0007593568165108181,K,0.00037703713920390696,K,0.00025533159447642563,S,0.001400380069531634,A,0.002164694221702301,A,0.0017972573589203468,A,0.002629402890071789,A,0.003237971892284905,T,9.11068012087305e-05,T,0.0014713782278442439,T,0.0005285818114649812,A,0.0010629382155398768,A,6.156289546409193e-05,0.001392360547577391,0.21327320554204424
248,-,-,,-,,-,,-,,-,,-,,-,,-,,-,,-,,-,,-,,-,,-,,-,,-,,-,,-,,-,,-,,-,,-,,-,,-,,,
249,-,-,,-,,-,,-,,-,,-,,-,,-,,-,,-,,-,,-,,-,,-,,-,,-,,-,,-,,-,,-,,-,,-,,-,,-,,,
250,-,-,,-,,-,,-,,-,,-,,-,,-,,-,,-,,-,,-,,-,,-,,-,,-,,-,,-,,-,,-,,-,,-,,-,,-,,,
251,V,R,0.0003332631391924272,V,0.0014713782278442439,L,0.0003531367810133016,L,0.0012153273426170695,L,0.00046323655392449553,L,0.0006639665742738042,L,0.0006952402313441275,L,0.0004666741065731577,-,,-,,L,0.00041797462847750506,-,,F,0.004039435302807106,-,,L,0.0006846472394107832,L,0.000676575896713036,L,0.00020765184873413104,L,0.0006921303537576838,L,0.0006541771570809629,-,,L,0.000574595484224018,L,0.0003897998539661057,L,0.0006585594541609448,L,0.00035498865438106776,0.000790145201605051,0.12102957117190757
252,K,D,0.0005018687164996622,M,0.0007740805869696413,P,0.0009031239466826035,Q,0.0018583576133940805,Q,0.0026485484855788134,Q,0.002526888822195021,Q,0.0023359986304231123,-,,-,,-,,Q,0.00020603638726104058,-,,D,5.056706370841549e-05,-,,Q,0.0014713782278442439,Q,5.472450627741501e-05,-,,Q,0.002615471348121223,Q,0.0006435725856760123,-,,Q,0.0009259427247448179,Q,0.00046167887479741716,Q,6.94380380090739e-05,-,,0.0011279797848864122,0.17277699007482059
253,-,-,,M,0.0016187909382979297,-,,-,,-,,-,,-,,-,,-,,-,,-,,-,,-,,-,,-,,-,,-,,-,,-,,-,,-,,-,,-,,-,,0.0016187909382979297,0.24795641697397594
254,-,-,,I,0.00045812649144774475,K,0.0008843445761027618,T,0.00010630319449083009,T,3.463580765782935e-05,T,3.463580765782935e-05,T,0.0001201620406732629,-,,-,,-,,K,0.0001906792275846057,-,,-,,-,,K,0.0008293272179866829,K,0.0002826547118520121,-,,T,1.8054315227743556e-05,K,0.0017739510389923874,-,,K,0.0010396072803012114,K,0.0010337884144275913,K,0.0006144560643993329,-,,0.0005300518706287019,0.08119007806507589
255,-,-,,D,0.00041338109821013565,I,0.003522387047195416,I,0.0016107190891479094,I,0.0019259852051132119,I,0.0019743891249425693,I,0.0017457931571962556,-,,-,,-,,I,0.0008042878390445807,V,0.006907091079968237,-,,V,0.006938104059083032,I,0.0009695351768054215,I,0.00260007999990397,-,,I,0.0019422934241724262,I,0.002850343818280894,-,,I,0.0007661771396441137,I,4.158736728919427e-05,I,0.002591168507966864,-,,0.0023502076958727643,0.3599903271178446
256,-,-,,Q,0.00035765903355705847,-,,-,,-,,-,,-,,-,,-,,-,,-,,L,0.0002133657444972076,-,,E,0.0016137310750473164,-,,-,,-,,-,,-,,-,,-,,-,,-,,-,,0.0007282519510338608,0.11154914458721148
257,-,-,,-,,-,,-,,-,,-,,-,,-,,-,,-,,-,,-,,-,,-,,-,,-,,-,,-,,-,,-,,-,,-,,-,,-,,,
258,-,-,,-,,-,,-,,-,,-,,-,,-,,-,,-,,-,,-,,-,,-,,-,,-,,-,,-,,-,,-,,-,,-,,-,,-,,,
259,-,-,,-,,-,,-,,-,,-,,-,,-,,-,,-,,-,,-,,-,,-,,-,,-,,-,,-,,-,,-,,-,,-,,-,,-,,,
260,-,-,,-,,-,,-,,-,,-,,-,,-,,-,,-,,-,,-,,-,,-,,-,,-,,-,,-,,-,,-,,-,,-,,-,,-,,,
261,-,-,,-,,-,,-,,-,,-,,-,,-,,-,,-,,-,,-,,-,,-,,-,,-,,-,,-,,-,,-,,-,,-,,-,,-,,,
262,-,-,,-,,-,,-,,-,,-,,-,,-,,-,,-,,-,,-,,-,,-,,-,,-,,-,,-,,-,,-,,-,,-,,-,,-,,,
263,-,-,,-,,-,,-,,-,,-,,-,,-,,-,,-,,-,,-,,-,,-,,-,,-,,-,,-,,-,,-,,-,,-,,-,,-,,,
264,-,-,,-,,-,,-,,-,,-,,-,,Q,2.8203897212738045e-05,A,0.0025120922405783524,A,0.0025454948337817426,-,,V,0.0017539438271935558,-,,E,0.003080416790901626,-,,-,,Q,0.0003323690423511075,-,,-,,-,,-,,-,,-,,Q,0.0008610563361023416,0.0015876538525887805,0.24318703012803147
265,-,-,,-,,-,,-,,-,,-,,-,,K,0.0007193233504025989,I,0.0002089903459060709,I,0.0002280915230846696,-,,D,0.0002375686808527239,E,0.0029960502774387583,-,,-,,-,,K,0.0007219851929003999,-,,-,,-,,-,,-,,-,,K,0.0006427312939966945,0.000822105809225988,0.12592510002774068
266,-,-,,-,,-,,-,,-,,-,,-,,-,,-,,-,,-,,-,,-,,-,,-,,-,,-,,-,,-,,-,,-,,-,,-,,-,,,
267,Q,-,,N,8.258062531209877e-05,-,,-,,-,,-,,-,,-,,G,0.0010020407752194278,E,0.0009096379351914729,-,,K,0.0005440838716493502,G,0.002194070641848046,-,,-,,-,,-,,-,,-,,L,0.00024781312660118466,-,,-,,-,,-,,0.0008300378293035968,0.127140077966694
268,N,-,,I,2.6596581090735227e-05,-,,-,,-,,-,,-,,-,,G,0.0001083748711952597,G,0.00010819492740095966,-,,D,0.0007863589019316715,G,0.0009972519917637909,-,,-,,-,,-,,-,,-,,E,0.0001255265785912896,-,,-,,-,,-,,0.0003587173086622844,0.05494610604626312
269,K,-,,I,0.005805805751180371,-,,-,,-,,-,,-,,-,,N,0.003557150482775271,N,0.0034040195952609923,-,,-,,D,0.0036862085003195504,K,0.00400110571098472,-,,-,,-,,-,,-,,N,0.0023788040651332764,-,,-,,-,,-,,0.003805515684275697,0.5829054336092443
270,E,-,,L,0.0010204133813321126,-,,-,,-,,-,,-,,I,0.00013315674516418247,I,0.00010373058481460879,I,0.00046080002741577286,-,,-,,E,0.003298986431442995,M,0.004929309708190975,-,,-,,I,0.0014713782278442439,-,,P,0.0008028251935971897,I,0.00020175281426182068,-,,-,,-,,V,0.007308193985042366,0.001973054709910627,0.3022203576685862
271,-,-,,-,,-,,-,,-,,-,,-,,-,,-,,-,,-,,-,,-,,-,,-,,-,,-,,-,,-,,-,,-,,-,,-,,-,,,
272,K,-,,N,0.0035353643906569383,S,0.0027269196511264687,P,0.002832054838253919,P,0.005478173335963084,P,0.005416201707204758,P,0.004784818683370476,S,0.0031523286669801896,D,0.00039637370824335816,D,0.00044586571428820154,P,0.002859397091338981,-,,I,0.002435250903544142,I,0.0028170070813400964,S,0.0042144023580530385,P,0.002935295074838796,P,0.003890809789076818,P,0.005485611947674819,A,0.000904419524365268,E,0.0001046347176647789,P,0.0030377986310320413,P,0.0048608475379244105,P,0.0027464449263671937,P,0.00416442433354265,0.0031465656642204742,0.4819715316011077
273,-,-,,D,0.0020230359156893207,N,0.00019947952439134482,V,0.00013134970759627257,V,0.00016802752489174675,V,0.00016802752489174675,V,0.00018770592741350494,V,0.0002986420612520003,P,0.001705473304069229,P,0.0017757283518170027,V,0.0010026657049833194,-,,D,0.00012399057105723715,E,0.0031535716077173382,V,8.910521524508515e-05,P,2.341292794302403e-05,V,0.00017848971484804414,V,0.00016802752489174675,S,0.000818856297911521,D,0.002324329288186956,D,0.0011465035583093821,D,0.001220600299821498,P,0.0001562624763344066,V,0.00017665256594157246,0.0007836335270546952,0.12003215300517102
274,-,-,,N,0.0005796004687873924,L,0.0012456076642264945,S,0.0007419695875799919,S,0.0009294757557398961,S,0.0009294757557398961,S,0.0012862671991807158,S,0.00037532317244968165,-,,-,,S,0.0008388110479386256,I,8.525969831628902e-07,E,0.0011804743079550006,E,0.0002682950173675154,S,0.0007034133454336395,S,0.0010919812264388127,S,0.0008594572118270947,S,0.0009294757557398961,S,0.002493892369795179,Q,0.0016934081499864408,C,0.0013011974121744235,C,0.0014713782278442439,S,0.0012389669668995563,S,0.001452785775977811,0.0010291480483840699,0.15763855392061057
275,-,-,,-,,-,,-,,-,,-,,-,,-,,-,,-,,-,,-,,-,,-,,-,,-,,-,,-,,-,,-,,-,,-,,-,,-,,,
276,-,-,,-,,-,,-,,-,,-,,-,,-,,-,,-,,-,,-,,-,,-,,-,,-,,-,,-,,-,,-,,-,,-,,-,,-,,,
277,N,-,,-,,N,0.0018036146730880263,S,0.00035531799451503246,S,4.623685397744434e-05,S,4.8932798762614914e-05,S,4.244370021088054e-05,S,0.000421258173779568,V,6.957957152323548e-05,V,6.957957152323548e-05,S,2.338965993498562e-05,N,0.0007289339435202056,D,0.000364559073194527,N,0.00048695516430017597,S,0.0005170300538292146,G,0.0007692185998425717,S,0.001023426639026058,S,6.823183534634027e-05,I,0.00413710853003593,N,0.0011909932913662868,S,0.00014841989166432674,S,9.110352356634304e-05,G,0.0003277162058764918,S,0.000686110601618273,0.0006100072886591712,0.09343715611787064
278,L,-,,M,0.0016300718958411691,L,7.589420230042563e-05,L,0.00027035627473446144,L,0.00031908261473262607,L,0.00022198790411764586,L,0.0001195382583206584,L,0.0003172277954868448,L,0.000512815595058658,L,0.000503618086167282,L,0.0004310489538433518,L,0.00042451549341666114,L,2.2380099389922554e-05,L,2.6569988970343674e-06,L,0.00019690322310591952,L,0.00029119797094193025,F,0.004632492800114589,L,0.00022198790411764586,L,0.00014212569989434582,I,0.0004934917252982581,L,0.00023549708960815343,L,0.00019942629365863617,L,0.00029119797094193025,L,0.0013468329283889404,0.0005609716425381343,0.0859261781227996
279,A,-,,A,0.0007345270042391944,S,0.0015757983572505358,S,0.0012878669148488242,S,0.0012270412245026288,S,0.0012176887902390593,S,0.0014379767159754045,S,0.0011797305573662763,L,0.0002939602258513343,L,0.0002939602258513343,S,0.0010171375872285002,L,0.0006101790966018374,S,0.0028676479211961264,L,0.000997475817981127,S,0.001045934306291386,S,0.001044742647884061,S,0.0005863040859122055,S,0.0012338668321136622,S,0.0010162811254783113,A,0.0010985907067017956,S,0.001330469993836736,S,0.0013237669863897872,S,0.000398584150772883,S,0.0006004591995969857,0.001061738716265652,0.16263059152319487
280,T,-,,I,0.0016018723128617951,R,0.0013754097081431565,R,0.0006439060702879037,Q,0.003821724872959806,Q,0.003822112305467335,Q,0.003210622480448867,Q,0.0027406612566788576,K,0.0028502873358371536,K,0.002943484577983686,R,0.0001495148976517829,S,0.005558984414067295,S,0.0026675343915513175,S,0.0030510636307495053,Q,0.004209935137573973,Q,0.0030340880163742872,R,0.001107114822822187,Q,0.003882290922154656,L,0.0030294573645967297,L,0.0030533799992501034,R,0.0012677332100013946,R,0.0013709667985322604,Q,0.003034736603724658,R,0.00042964131704464935,0.0025589792368157977,0.3919686647979404
281,L,E,0.00027812736823939506,L,0.0005275893427756122,E,0.0011425230570744232,E,0.0005277568891173956,E,0.0011606797871361295,E,0.0011606797871361295,E,0.0011238178379554267,E,0.0008550604487246672,K,0.0013147867006953902,K,0.0013147867006953902,E,0.001054076396476098,S,0.0007795864805529166,W,0.0014713782278442439,W,0.00037999531151587955,E,0.001143049639352714,E,0.0005577057095069609,E,0.0009875670132752144,E,0.0011606797871361295,E,0.0005567541005897418,F,0.002945342877411561,E,0.0011979999159508377,E,0.0016070744596619628,E,0.0005577057095069609,E,0.0011284812832067683,0.0010388835346474144,0.1591297756925192
282,V,R,9.027507715841419e-05,V,3.5689335277387616e-05,I,0.0009455804135061823,I,0.000886565191509737,I,1.0807035074705093e-05,I,1.0807035074705093e-05,M,0.00010730110563283985,I,9.68954781182581e-06,V,0.0005780501884272181,V,0.0005780501884272181,I,0.0001281238053204012,I,0.00022757055816439423,I,1.0588912379679434e-05,T,0.0018548587312786136,I,9.689547811826e-06,I,0.00012812380532040146,I,9.689547811825838e-06,I,1.0807035074705093e-05,I,6.721170396195243e-05,I,0.00101658297411037,I,3.3030459835386315e-05,I,2.07592300253368e-05,I,0.00012812380532040146,I,9.689547811825838e-06,0.000287819365921973,0.044086396224068465
283,N,A,0.001039194675011481,R,0.0005421529940222979,K,9.743475626986862e-05,Q,0.00387258727413441,Q,0.003134413060888083,Q,0.0029661941931829316,Q,0.0018965792313392293,R,0.0027136920356921118,R,0.0005424829127979992,R,0.00047636358783927985,G,9.988639457715685e-05,E,0.0011450537970328887,R,0.0007129790443146631,C,0.002957712838181786,R,0.0011410382007615144,E,0.00047185477198130664,G,0.0007165593048269418,Q,0.0032462299873273945,R,0.00405572451559246,S,0.00037112704340829715,G,0.0002604557758176412,G,0.00023798695410648098,E,0.0008247705266929867,G,0.0004196438401531936,0.0014142549048313498,0.21662684821955264
284,H,S,0.00028208482979259406,H,0.0014700020064247782,F,8.026718900058075e-05,Y,0.0004530021479075056,Y,0.0001957501040587835,Y,7.803630675398888e-05,Y,0.0005424359437430155,D,0.004332596799437605,H,3.8018276628073686e-05,H,1.9415891373937914e-05,D,0.0019681623173627406,R,0.0002757199741050998,H,5.218034792204717e-05,H,8.073565036736541e-05,D,0.003850343614416909,Y,0.00023615649975302722,D,0.0012750005742853175,Y,0.00017092768572358707,D,0.003327469614756751,H,0.00017270082407016808,D,0.0014727911981702053,D,0.0014727911981702053,Y,0.0009654932826111939,D,0.001925400446031231,0.001030728446786113,0.15788062960554988
285,S,I,0.0005879556847521923,A,0.00010284536676885965,N,0.0019322903959394858,V,0.0008906033779412513,V,0.0016943443142896691,V,0.0017353029418029026,V,0.00174792181204344,V,0.0009639055519181118,S,0.0010216207741246101,S,0.001010583907200727,V,0.0010383638498852933,A,0.0006276542441625238,S,0.0012941644290084746,S,2.9694364717134915e-05,V,0.0008988948355076003,L,0.0001824284043473251,V,0.001477834112859642,V,0.0017353029418029026,V,0.0008378874356699445,A,0.0004998886292198321,V,0.0007461567518264881,V,0.000876530782371519,L,0.0001824284043473251,V,0.000978305374553149,0.0009622045286275168,0.14738455823422844
286,L,Y,0.0006334580689722463,L,0.0010255743489182448,L,0.0006144343822732835,L,0.0006377963728657737,L,0.0012459089303723382,L,0.0012459089303723382,L,0.001273367022710495,L,0.0006703593726823459,L,0.0006862612199923572,L,0.000682087238814821,L,0.00073734240591841,L,0.0005298141241534282,L,0.0003343358092148074,L,0.00017963763807431915,L,0.0006972299475434772,L,0.0011324632314363477,L,0.0006458745484123658,L,0.0012459089303723382,L,0.0004552972192607951,L,0.0007289348416787822,L,0.000553818810797317,L,0.0006686511379003369,L,0.0011293986579834553,L,0.0004921956386110313,0.0007602524512221442,0.116450783940595
287,E,E,8.966563603892699e-05,E,0.0001388907104389364,E,0.0011909977469315648,D,0.0007869795671186318,Q,0.0014397112796148272,Q,0.0014397112796148272,D,0.00033799142038623575,E,0.00012080350931700532,E,0.0005630215740328349,E,0.0005630215740328349,E,0.0006070767577259852,E,0.00015463896624807712,D,0.0003375083677116499,E,0.00014909179836311717,E,0.0007610226346104232,E,0.000762973898855559,E,0.000814308416112057,Q,0.001491794773008405,E,7.589111307357502e-05,V,0.000284630209025573,E,0.0003649873881115581,E,0.00033870608299700665,E,0.0002882512037524443,E,0.00020173721468931614,0.0005543088800754736,0.08490561724102996
288,F,T,0.002784714459726913,M,0.0010147380316550862,Y,0.0014203256565131855,Y,0.0015372085683581977,Y,0.0025172842674159646,Y,0.0016354798025994687,Y,0.0016696944944079037,Y,0.0011669443927216968,M,0.00124489776601193,M,0.0023239851562805182,Y,0.001114472150653087,L,0.0011805585089683414,L,0.00032456693904626846,L,0.00022442346028509976,Y,0.0012871885928112663,F,0.0024805780277755937,Y,0.0010858884281449742,Y,0.0024230661401136,Y,0.0011929910014751356,F,0.000553400005997642,H,0.0007564670261526873,H,0.0009218556997908308,F,0.0024712995713550806,Y,0.0020460086654260183,0.0014740848672369373,0.2257912330420768
289,P,T,0.00035089792807380143,P,0.00030886037213626033,G,0.0006024971793578239,R,0.00012284411971447422,R,0.00035273542287175136,R,0.0002922120655710361,R,0.0014156531165943826,G,0.0005262513169747871,P,9.888073917858117e-05,P,9.623623794379784e-05,G,0.0009336467861050912,P,1.0802897600685191e-05,P,1.155926681191411e-05,P,2.327909591088962e-06,G,0.0006348218664895103,G,0.0009879818508105043,G,0.0014011140044449854,R,0.00036026577673356437,G,0.0005241045379287562,P,0.0002091572814590934,G,0.002089067351088995,G,0.00224400209489348,G,0.0010135202332518202,G,0.0007567169009739236,0.0006394232190250046,0.09794290699830066
290,L,M,0.0007149287748788331,L,1.4847609428005343e-05,W,0.0007911375292298068,W,0.0005013720034013145,W,0.00029670252108333813,W,0.00029670252108333813,W,0.00017065233382135872,W,9.164131414628228e-05,L,0.00015449965881927176,L,0.0001619472629584634,W,0.00019393827792107404,T,4.676563484428467e-05,L,8.805288887858432e-05,L,0.00018845791463536286,W,9.925738783892452e-05,W,0.00025332853229219576,W,7.634561390701893e-05,W,0.00029670252108333813,W,0.0002621322477256671,L,0.00012195352407530887,W,0.0005162130957511471,W,0.0005359793904577027,W,0.0002529474782465319,W,0.00017228837674280377,0.0002624497672187482,0.04020043748431087
291,H,K,2.8172671886358037e-05,H,1.0059222145213762e-05,H,0.0006730074512216514,H,6.562679354080748e-05,H,6.562679354080748e-05,H,6.562679354080748e-05,H,6.562679354080748e-05,H,9.026540352244346e-05,H,1.9424642832241718e-05,H,1.9424642832241718e-05,H,9.662311528761702e-05,H,0.00012536294438915253,H,0.0001267521481354057,H,2.603737380848218e-05,H,9.19793711477271e-05,H,6.562679354080748e-05,H,9.00870661293897e-05,H,6.562679354080748e-05,H,9.662311528761702e-05,H,1.0309223002253056e-05,H,0.00016302530032252663,H,0.00016302530032252663,H,6.562679354080748e-05,H,9.00870661293897e-05,9.915223388282873e-05,0.01518752796726309
292,W,K,0.0025421088312355708,W,4.518541363215433e-05,T,4.518541363215433e-05,S,4.518541363215433e-05,S,4.518541363215433e-05,S,4.518541363215433e-05,S,4.518541363215433e-05,T,4.518541363215433e-05,W,4.518541363215433e-05,W,4.518541363215433e-05,T,4.518541363215433e-05,W,4.518541363215433e-05,W,4.518541363215433e-05,W,4.518541363215433e-05,T,4.518541363215433e-05,T,4.518541363215433e-05,T,4.518541363215433e-05,S,4.518541363215433e-05,T,4.518541363215433e-05,W,4.518541363215433e-05,T,4.518541363215433e-05,T,4.518541363215433e-05,T,4.518541363215433e-05,T,4.518541363215433e-05,0.00014922388936562992,0.022857195489942105
293,R,Y,0.0009402437077520011,R,6.369234652401445e-05,N,0.0024400865089800523,D,0.0014713782278442439,N,0.0010253516698616432,N,0.0010253516698616432,N,0.001400023936946169,Y,0.0001374300104264202,R,0.00021316815216100834,R,0.00021316815216100834,Y,0.00018019883844831453,R,0.0007367007496541042,R,0.0005135154689862573,R,0.0003448763581674562,Y,0.00094958064150534,N,0.00021325406865067799,Y,0.00022967052785823674,N,0.0010253516698616432,N,0.0004678308274637616,M,0.001213676394963872,N,0.0006899751858256133,N,0.00032825920349675267,N,0.00021325406865067799,Y,0.0012127356180066135,0.0007186989168357304,0.11008586969793586
294,M,N,0.0022207030288217532,T,0.006362850565864285,V,0.007308193985042366,L,0.0002936653015136331,L,0.0007077084493599583,L,0.0006960787409496852,L,0.0006920126165747406,L,0.00092766156902037,M,0.0005739577851231006,M,6.114640706154543e-05,L,0.000268020370900522,V,0.007308193985042366,V,0.007308193985042366,V,0.007308193985042366,L,0.0009129490597604353,L,0.00039990001500143907,L,0.0010632596456151594,L,0.0007077084493599583,L,9.45679859700377e-05,V,0.006643064106137558,L,0.0001460040813800116,L,0.00015197826411832572,L,0.0005163253054860329,L,0.0012644935588169404,0.0022473679686252066,0.34423797164833786
295,P,R,0.0005209759433442311,I,0.001512402730237461,P,0.00012190738267368046,P,7.771060514316985e-05,P,5.2779823908577855e-05,P,5.2779823908577855e-05,P,5.2779823908577855e-05,P,6.543033466517201e-05,L,0.0001961608287712145,L,0.00017044979345484358,P,6.75117067459184e-05,Q,0.000507211030631442,Q,0.0003034154202145129,Q,0.0017602475992157531,P,6.75117067459184e-05,P,5.837311022397709e-05,P,7.456893118711332e-05,P,5.2779823908577855e-05,P,0.0002605247630684488,P,0.00012220694010846796,P,0.0001794033210696383,P,0.00010079653295666285,P,0.00012349240209567097,P,7.456893118711332e-05,0.00027399955455728,0.04196956271074988
296,R,I,4.745204620208951e-05,R,0.0004422932147078552,R,9.572584940409577e-05,R,0.00047937788207699176,R,0.00048340233970186415,R,0.00048340233970186415,R,0.0008127249996204886,R,2.7843747088717337e-05,R,9.032633030899384e-05,R,9.032633030899384e-05,R,8.610722776533293e-05,M,0.0013140945680560699,G,2.027954120382633e-05,R,1.2793087351688902e-05,R,9.222784297274805e-05,R,4.766631803346569e-05,R,3.606314387613193e-05,R,0.00048340233970186415,R,0.0001038493616458131,R,0.000811286937782714,R,3.322327535311296e-05,R,3.322327535311296e-05,R,4.766631803346569e-05,R,3.606314387613193e-05,0.0002587842275053097,0.0396389727070397
297,L,N,6.987190234851066e-05,A,0.000685965178461522,L,0.0003555533288163706,L,0.00010893933552364028,L,0.0008812749288737984,L,0.0008886369488386471,L,0.00013164130136552988,M,0.0004404837334144138,L,0.000456501755348665,L,0.0009468537284490972,L,0.0010392525550297683,P,0.0011120147147782899,L,0.0003881843927830205,I,0.0018593213169101085,M,0.00015145733028706077,M,0.0004245535463750684,L,0.0003872446309054835,L,0.0008848579907050076,L,0.0003320703708019908,V,0.0034357708266580305,L,0.0014765303885317538,F,0.003417279110950513,M,0.0003962590625681403,L,0.0001242691494659667,0.0008497828136746001,0.1301644929556912
298,E,S,0.0004162708232425605,E,4.672028510631959e-05,E,6.096293793705566e-05,E,2.068671724467964e-05,E,2.4524774546855284e-05,E,2.4524774546855284e-05,E,2.4524774546855284e-05,E,5.705950497327833e-05,E,1.8272475744993995e-05,E,1.8272475744993995e-05,E,5.1671687925475184e-05,N,0.0033414457977433594,E,5.937059655422373e-05,E,5.7360266462432224e-05,E,3.431576534549122e-05,E,3.271773662863381e-05,E,5.69142225420289e-05,E,2.4524774546855284e-05,E,4.8236622972385406e-05,E,5.535600475581114e-05,E,5.021894163986721e-05,E,5.021894163986721e-05,E,5.007365920861777e-05,E,5.69142225420289e-05,0.00019504828267256357,0.029876293574553642
299,A,E,9.141491074100318e-05,A,0.00035270967239275724,A,7.445966317364497e-05,T,0.0003068318903715448,A,0.00012755861758668644,A,8.365606130950032e-05,T,0.0018183958329606657,A,9.964421513611815e-05,A,0.0002762974244873655,A,0.00013347914985627917,A,9.36061950804125e-05,A,0.00047024319478076586,A,7.515978061218559e-05,A,0.00027731755258993726,A,8.771497499766456e-05,T,0.0002264471622828845,A,0.00010281245244460993,A,8.365606130950032e-05,A,0.00023514488481722528,T,0.003454225944284617,A,0.00010461924645555798,A,0.00025041378848013253,T,0.0002264471622828845,A,0.00010281245244460993,0.00038146117878660644,0.05842987186847483
300,-,-,,K,3.421248224541478e-05,-,,-,,-,,-,,-,,-,,R,1.828348266983137e-05,R,1.828348266983137e-05,-,,R,4.218971895980661e-05,R,2.044411785476672e-05,K,0.0005553701486575561,-,,-,,-,,-,,-,,S,1.8023822503793756e-05,-,,-,,-,,-,,0.00010097246508014296,0.01546633976134494
301,R,K,0.0013076728267683536,W,0.00020276892610494147,R,1.4712482709433718e-05,R,3.401039205396596e-06,R,2.715819885178672e-05,R,6.0578924276499604e-05,R,3.234413334219953e-05,R,0.00021073026522003133,W,0.0001503367036998202,W,0.00014087859634012248,R,0.0005812615903571431,-,,W,0.0005990978391816982,-,,R,1.9174647974711353e-05,R,0.0005222115810685744,R,0.00026131967149284173,R,2.715819885178672e-05,R,5.089934416004144e-05,-,,R,1.2216024865933836e-05,R,1.5480038408680452e-05,R,0.0005222115810685744,R,0.00026415698836031144,0.00023932236201470875,0.036657924122870555
302,W,T,0.0017964080096005517,F,0.0012811652430971896,T,0.0030471930370869695,T,0.004022744830784253,T,0.005810942065789881,T,0.005810942065789881,T,0.00557208877126686,N,0.0012352795169295698,-,,-,,N,0.0021729850596004536,S,0.0016415867759086808,-,,W,0.0026977529126325107,N,0.0014972532482095938,M,0.0013523144698823393,N,0.00233467682952412,T,0.005810942065789881,N,0.0017013706687640522,W,0.004602079093619703,N,0.0019217321156432252,N,0.0012027525533097453,M,0.00043689797082993196,N,0.002293747260010442,0.002773469264955706,0.42482292509552966
303,F,S,0.0011945735595581392,I,0.0028255127282028024,Y,0.001111228154749103,Y,0.001320448228240689,Y,0.0015116048473219968,Y,0.0014768796782478504,Y,0.0015175529249417243,H,7.692446231189562e-05,Y,0.0001340405396411644,Y,0.0001067943663280608,Y,0.0012913831427234363,F,0.00042782310191200474,F,0.00025404688527950206,F,0.00023465646422530473,H,0.0007651022592086627,Y,0.0014885370011968357,Y,0.0010234561546890826,Y,0.0015244220385163235,Y,0.0012005427017879684,F,0.00014285111986361883,Y,0.00050540010332837,Y,0.0011257894760216944,Y,0.001515385038963842,Y,0.0013067778011716152,0.0010034055324346534,0.15369547401591077
304,I,A,0.0005613154956518829,E,6.275600812296852e-05,I,0.0001417453860015537,I,0.0004796918506132537,I,0.0006185332318330425,I,0.0006213949767303247,I,0.0005912586348539322,I,0.0005551434731910391,I,2.418647895125175e-05,I,7.955007430956863e-05,I,0.0009249318281250977,I,0.0003641219710283024,L,0.00015255291682310281,L,0.0005392163661330284,I,0.0007225555521435476,I,0.000728338332992433,I,0.0005324446774953653,I,0.0005826760379316182,M,0.0021134904030597735,I,0.0006794885258910637,I,0.001444214467018412,I,0.0015387420929263633,I,0.000728338332992433,I,0.00035530825410468156,0.0006309164737051684,0.09663989618960751
305,N,-,,-,,D,4.518698465890649e-06,D,6.845607008418833e-07,D,1.930182108450641e-05,D,1.930182108450641e-05,D,0.00011781988385398646,D,8.674754838673568e-05,E,0.00024458014702406815,E,0.0002445801470240681,Q,0.00011692431415365649,D,5.156028802562639e-05,D,2.0141543740778835e-05,D,9.189630665502619e-06,D,1.2461084782726732e-05,D,8.745865610584789e-05,D,8.829162337205604e-05,D,1.930182108450641e-05,D,2.031707566461324e-06,E,1.0472972261791148e-05,D,0.0001082159567768925,D,0.00010821595677689249,D,1.392112677226032e-05,D,8.872201884380895e-05,6.702015129788236e-05,0.010265733633491718
306,I,-,,E,0.0008069259757747714,I,0.0009828767263345614,I,0.00028006845918799846,I,0.0005361328048282225,I,0.0006124659460361381,I,0.0004495607808069547,V,0.0014317465741838869,T,0.0008639146323637725,T,0.0008656508651173449,V,0.001843130961946242,A,3.202229203487137e-05,A,0.00023154924787455023,A,0.000242874751924045,V,0.0008134606201337908,V,0.0014437802209665105,V,0.0014588618115616374,I,0.0006124659460361381,V,0.0009418151059894795,V,0.0012417618644994918,V,0.0007083833629648264,V,0.0006928369567609408,V,0.0008545622882596846,V,0.001376898917882322,0.0008401629179768771,0.12869097663407233
307,Y,-,,Y,2.7262905105765792e-05,Y,0.0003136196246464428,L,5.515859364896187e-05,L,5.998815205527981e-05,L,5.998815205527981e-05,L,7.586555384872821e-05,F,5.7891437103822225e-06,Y,1.3624815969130036e-05,Y,1.3624815969130036e-05,F,0.00011190313561717277,Y,1.6130328099055272e-05,Y,8.984175189238005e-06,Y,1.0397674718426999e-05,F,0.00040746007757301876,F,0.00012122712891891237,F,0.0003809810319576153,L,5.998815205527981e-05,F,1.434022770767724e-05,Y,6.108486439072682e-05,F,7.184013982273765e-06,F,0.0003237426793782591,F,0.0004396485374336066,F,1.952958407551955e-05,0.00011337058122199491,0.017365406764396716
308,R,-,,-,,G,0.0008706451672538161,R,0.0012792847361708696,Q,0.0011437640676138538,Q,0.0010806956933683417,G,0.0018716873131820163,G,0.0010759803501195135,-,,-,,G,0.0006410347176416656,-,,-,,-,,G,0.0011192270799800536,G,0.0005465468971001745,G,0.0008943243837622549,Q,0.0011403262609899114,G,0.001445599218972824,-,,G,0.000718079578465316,G,0.0009615109243046854,G,0.0005601119481166261,G,0.0009474532939538922,0.0010185169769372383,0.15601015193108478
309,-,-,,-,,E,0.0002182608750078826,-,,-,,-,,-,,-,,-,,-,,-,,-,,-,,-,,-,,-,,-,,-,,Q,0.0031300555988470684,-,,-,,Q,0.002188191264168952,-,,-,,0.001845502579341301,0.2826827085966058
310,-,-,,-,,-,,-,,-,,-,,-,,-,,-,,-,,-,,-,,-,,-,,-,,-,,-,,-,,-,,-,,-,,D,8.280486600140867e-05,-,,-,,8.280486600140867e-05,0.012683538927705988
311,-,-,,-,,-,,-,,-,,-,,-,,-,,-,,-,,-,,-,,-,,-,,-,,-,,-,,-,,-,,-,,-,,-,,-,,-,,,
312,-,-,,-,,-,,-,,-,,-,,-,,-,,-,,-,,-,,-,,-,,-,,-,,-,,-,,-,,-,,-,,-,,-,,-,,-,,,
313,-,-,,-,,-,,-,,-,,-,,-,,-,,-,,-,,-,,-,,-,,-,,-,,-,,-,,-,,-,,-,,-,,-,,-,,-,,,
314,-,-,,-,,D,8.332973888514826e-05,-,,-,,-,,-,,-,,-,,-,,-,,-,,-,,-,,-,,-,,-,,-,,H,0.0007976924128567479,-,,-,,-,,-,,-,,0.00044051107587094807,0.06747477109376357
315,-,-,,-,,S,0.0018239907544113636,-,,-,,-,,-,,Q,0.0016110534133002938,-,,-,,-,,-,,-,,-,,-,,-,,-,,-,,T,0.0005149533355857432,-,,-,,-,,-,,Q,0.0014713782278442439,0.0013553439327854112,0.20760322867525013
316,-,-,,-,,S,0.0002038759021066691,E,0.00011406264081416639,E,0.0003659087785849135,E,0.0003473345312333336,E,0.0003365772989242568,-,,-,,-,,Q,0.002802540191560105,-,,-,,-,,Q,0.0004277791025922871,E,0.0010597694999260388,Q,0.004672056563312064,E,0.00035431147271515115,-,,-,,Q,0.003292669569847473,-,,E,0.0009431371176080301,-,,0.001243335222435374,0.1904464248958361
317,-,-,,-,,-,,-,,-,,-,,-,,-,,-,,-,,-,,-,,-,,-,,-,,-,,-,,-,,-,,-,,-,,-,,-,,-,,,
318,-,-,,-,,-,,-,,-,,-,,-,,-,,-,,-,,-,,-,,-,,-,,-,,-,,-,,-,,-,,-,,-,,-,,-,,-,,,
319,-,-,,-,,-,,-,,-,,-,,-,,-,,-,,-,,-,,-,,-,,-,,-,,-,,-,,-,,-,,-,,-,,-,,-,,-,,,
320,-,-,,-,,W,0.0008512009885760667,N,0.0012189804398763792,N,0.0033644867907636046,N,0.00303468667676426,T,0.0008110440230932498,D,0.0017323429495651075,-,,-,,D,0.002591130482101362,-,,-,,-,,D,0.002846999605333398,D,0.0031046686156381174,D,0.0013808968204814605,N,0.003156682593651864,-,,-,,D,0.0010479006307800394,-,,D,0.002843307439638787,D,0.001488005112030412,0.0021051666548781507,0.3224564510013383
321,-,-,,-,,A,0.0014500518655769382,A,0.0014713782278442439,T,0.007308193985042366,T,0.007308193985042366,T,0.007308193985042366,T,0.007308193985042366,-,,-,,T,0.007308193985042366,-,,-,,-,,T,0.007308193985042366,T,0.007308193985042366,T,0.007308193985042366,T,0.007308193985042366,-,,-,,T,0.007308193985042366,T,0.007308193985042366,T,0.007308193985042366,T,0.007308193985042366,0.00652853012659813,1.0
322,-,-,,-,,S,0.0006345996793088343,T,0.001587722445038025,K,0.003981907209977483,K,0.003970779096647753,I,0.0028840901909854113,Q,0.002189889186300158,-,,-,,E,0.0014713782278442439,-,,-,,-,,Q,0.0017454583649139743,T,0.003920762868161296,E,0.0014713782278442439,K,0.0040720227010284885,-,,-,,K,0.0014901804180952507,K,0.001748430555050339,T,0.0034812810976043137,G,0.007308193985042366,0.0027972049502561452,0.4284586110524247
323,-,-,,E,0.0014713782278442439,K,0.00415088205507386,N,0.0033461681734579256,N,0.005419502164597076,N,0.005419502164597076,N,0.004610476848602928,N,0.005466089176295397,D,0.0032191867196869014,D,0.003361684423710829,N,0.005023436155575557,K,0.0019194262382259655,A,0.0003069257799448295,A,0.00031023822498647916,N,0.004303995027628932,F,0.00087541022716741,N,0.0033685226593837283,N,0.005419502164597076,-,,P,0.00427451008043904,N,0.00423466228456992,N,0.005015128528827639,F,0.0003955828656752472,N,0.005212600074864546,0.0035056731938978456,0.5369774092969642
324,-,-,,-,,-,,-,,-,,-,,-,,-,,-,,-,,-,,-,,-,,-,,-,,-,,-,,-,,-,,-,,-,,-,,-,,-,,,
325,-,-,,-,,-,,-,,-,,-,,-,,-,,-,,-,,-,,-,,-,,-,,-,,-,,-,,-,,-,,-,,-,,-,,-,,-,,,
326,-,-,,-,,-,,-,,-,,-,,-,,-,,-,,-,,-,,-,,-,,-,,-,,-,,-,,-,,-,,-,,-,,-,,-,,-,,,
327,-,I,0.002508580397412244,K,0.0032011584437182912,S,0.007262523355563015,E,0.0014713782278442439,Q,0.007308193985042366,Q,0.007308193985042366,Q,0.007308193985042366,S,0.007308193985042366,E,0.005396986702618402,E,0.0049226287104495,T,0.007308193985042366,R,0.004208136399446661,R,0.0022416748057269274,S,0.005770971514823644,S,0.007308193985042366,E,0.002029143179598091,S,0.007308193985042366,Q,0.007308193985042366,-,,-,,M,0.004030038224454693,M,0.004416152602352322,E,0.0028788062960455264,S,0.007308193985042366,0.00527781476024704,0.8084231301536768
328,H,C,0.00014040808388903294,-,,I,0.0010230414086494684,T,0.0014713782278442439,M,0.0009257504908929421,M,0.0008243045338482953,M,0.0009495054630864482,K,8.772694519119874e-05,-,,-,,K,0.0017082617674466626,-,,-,,-,,K,5.026137269970126e-06,T,0.002393057282081598,K,0.0014713782278442439,M,0.0005838980596680208,K,0.001535370560166964,K,0.00027675558065130444,E,0.0008043863080541031,E,0.0001949538986632683,T,0.003121723703365725,Q,0.007308193985042366,0.0013791733702031032,0.21125327500353583
329,N,T,0.0030374970233200066,T,0.00305153721879947,N,0.00134932049160759,L,0.0012561926959608477,L,0.0020325625482521454,L,0.0016403498420395708,Q,0.0008007788503765557,S,0.0014371807677377685,E,0.00015715131420294468,E,0.0001281136427546662,S,0.0012458336584074384,R,0.0004957592112118553,R,8.235592101028179e-06,K,0.002442899574037958,S,0.0013569503444047972,P,0.0013463701157739817,S,0.001145711275221213,L,0.0016742878022574016,N,0.0012153378883918732,K,0.0008508911837052289,S,0.002856314412199097,S,0.0017910665642829429,P,0.001347945907121546,S,0.0009628997175965678,0.0014012994850735206,0.2146424168840753
330,Q,P,0.0019090255450371146,Q,0.0012742847811428387,N,0.002198654738133722,D,0.00012267565754741234,D,0.0003188500871863623,D,0.0003511090617696655,D,0.0004418588450775839,C,0.0014713782278442439,D,0.0016488029046446192,D,0.001659567155652051,Y,0.0013663920158534621,P,0.0030442219136515166,P,0.002610676442002482,P,0.0033141149600097192,C,0.0014713782278442439,Y,0.0008129672923231031,Y,0.0004366798379642063,D,0.0003511090617696655,K,0.0016585789902047782,V,0.001259619117221105,N,0.0029726584677288214,N,0.002966702909394011,Y,0.0008129672923231031,Y,0.0005605229505386228,0.0014597831867860184,0.2236005897925876
331,D,Y,0.00020281732625135367,D,0.000360506647909329,I,0.00056542868968399,M,0.0009405347764818899,V,0.0016047343051396573,V,0.0016047343051396573,V,0.0016435266647089734,I,0.0007170933551875566,R,0.00046245919032733156,R,0.000429756910433782,V,0.0010209687303760465,D,3.892290853636672e-05,D,0.0003157984406028126,D,0.00038134181490894446,I,2.7234789265678886e-05,L,0.0003204800626838399,M,0.00020813524231745625,V,0.0016047343051396573,N,0.0022760736368512436,G,0.0005995365080718308,R,0.0018738574723181918,R,0.0018713849429853686,L,0.00032412411249736723,M,0.0015831301350650194,0.000874054803036806,0.13388232666274855
332,V,S,0.000991579541468711,K,0.0012003887445098532,F,0.0018573030247620332,K,0.0015145668518326942,N,0.0003836704860539507,N,0.0002614155160149461,N,0.000318715630465075,N,0.0003402474380520774,K,0.001568478573344322,K,0.0015788661538069795,K,0.0006354153382176988,M,0.0009579810095146923,M,0.0007416609450033844,M,0.0014861077473496097,N,0.00026196866282017213,I,0.0006477897221126463,K,5.409957254462353e-05,N,0.00038747600673989346,A,0.003269007837999775,M,0.0002959378194244031,K,0.0015271343767442357,K,0.001541812342141125,I,0.0005971118787519173,K,0.00022715267724047818,0.0009435786623714705,0.14453156285933358
333,N,S,0.0028113199334097757,N,0.00087682205888528,Y,0.006647709487742388,T,0.0032464934452034345,T,0.004626682052867453,T,0.00521908687093315,I,0.0014713782278442439,T,0.004496836986557866,N,0.0006684479109234837,N,0.0006588950289647865,S,0.005094182868210651,N,0.0008574508698135237,N,0.0004924810201936793,N,0.0007554452810280578,T,0.004634561223581267,R,0.005721598561063404,T,0.004254520552586613,T,0.00521908687093315,A,0.001065008903959316,N,0.0016959380973567734,T,0.005310084607377872,T,0.006939053455118485,R,0.0051975368113314265,T,0.004246510865390009,0.00342529716630317,0.5246659048639507
334,P,Y,0.0034907195296092737,G,0.000505508211743476,T,0.00012056162964774615,E,0.0006398687549433085,E,5.0657092899894035e-05,K,3.927744886026758e-05,Q,3.0014081930239998e-05,E,0.00010740090356129751,P,0.000515470618909475,P,0.0005071113416416603,K,0.001848907949133311,P,0.0008265230459674297,P,4.846675239050658e-05,P,0.00016470863666388243,E,0.0002153470820764055,E,0.0003571100174386575,E,5.804972156607278e-05,K,4.236762326606641e-05,E,0.0001583583013506032,P,0.0005757278161443353,E,0.00019807994651511193,E,0.00011428801906091871,E,2.3183456006147364e-06,E,5.804972156607278e-05,0.00044478719135360953,0.068129760103501
335,I,G,0.0001131249202212353,T,0.00347720776571157,K,0.0003356525256993317,K,0.0003335125460396707,K,0.0006034908245067268,K,0.0006073265708699382,K,0.00045612694878194857,K,0.0001486877615044401,S,0.0009297003360152494,S,0.0009310162976304917,K,0.0006379771763637283,T,0.003939062579240252,L,0.001892237694110414,I,8.962046024969878e-05,K,0.00012208704131047725,K,0.00024572640047607606,K,0.00041495713031372203,K,0.0006033603283278585,K,0.0003665333249739701,T,0.004404464988053579,K,0.0004679660699322408,K,0.0003396241389788977,K,0.00024703123991605717,K,0.00028839933350210966,0.0009164539334470702,0.14037676409170738
336,L,D,2.5370670851324967e-05,L,2.0504586185700368e-06,L,1.0533638533829426e-05,L,1.685918096978962e-05,V,0.0004713780604104848,V,0.0004713780604104848,L,1.2285947391887012e-06,L,1.3398358370071035e-05,L,0.0004759511895049719,L,0.0004759511895049719,L,6.1009635342980275e-06,V,0.00033337396906274886,I,2.9872936339717744e-05,I,0.0005010832558836202,L,1.0474475516168535e-05,L,1.6862695998028994e-05,L,5.576929795160222e-05,V,0.0004713780604104848,L,2.6821969409420812e-05,V,0.00011538597941676605,L,2.4269729845657408e-05,L,2.4269729845657408e-05,L,1.6862695998028994e-05,L,0.00018486051742900615,0.00015756190327312057,0.02413436106102838
337,L,T,0.0008698824529031294,L,0.0006144808204398182,L,0.0002301792632065533,L,0.0002521533052507742,L,0.0002632289112454767,L,0.00023843555758059365,L,0.00026452540914325014,L,7.786739612822933e-05,A,6.887472410732478e-05,A,0.00014230683938769366,L,9.994105896386551e-05,L,0.0003580188943557597,F,0.00016665555005009503,F,0.0006457093258697456,L,0.0002317089500053643,L,0.0002573030653999639,L,0.00010574064201999682,L,0.0002535954657549931,L,0.00029199474538931804,L,0.0007036183305939646,L,8.150912976756725e-05,L,7.762064071012952e-05,L,0.0002476454891802847,L,0.00010574064201999682,0.00027703069206141197,0.042433853668339655
338,E,Q,0.00012540747804598,E,1.4929231631945082e-05,E,0.0002652735260188413,E,0.0002363437033507818,E,0.000324032273607947,E,0.000324032273607947,E,9.143595709792665e-05,E,9.027333378593664e-05,E,4.5882113614314705e-07,E,5.163429872773628e-06,E,0.0002987847892119576,E,2.5301128262597348e-05,K,0.0008730879121197998,E,1.4494778101975268e-05,E,6.099781900162849e-05,E,0.00028297969593735217,E,0.00027421651335836263,E,0.0002899224258554795,E,2.3154140681506485e-05,E,6.0688367365961855e-05,E,0.0003107874388612283,E,7.75938046372185e-05,E,0.0002853154099614175,E,3.660737214908127e-05,0.00018297006765257456,0.028026227053334615
339,F,I,0.00016581623960618597,F,0.0002008387011932502,L,0.00028889054002863214,L,0.0003376934255734604,L,0.0003376934255734604,L,0.0003376934255734604,L,0.0003351664800551431,L,0.0003889182898488939,L,0.00143614250914009,L,0.00143351242437264,L,0.0003397817669987835,L,2.325298506337767e-06,L,3.4603825228710115e-05,L,0.00017507168108781807,L,0.0005176959394821723,L,0.0003045877096432155,L,0.00031472510849440017,L,0.0003376934255734604,L,0.0003237367945737614,F,0.0010071243086062546,L,0.00027744509545206224,L,0.00027744509545206224,L,0.0003045877096432155,L,0.00029452316259058817,0.0004072380159290858,0.06237820888195677
340,A,V,0.0,A,0.0,A,0.0,A,0.0,A,0.0,A,0.0,A,0.0,A,0.0,A,0.0,A,0.0,A,0.0,A,0.0,A,0.0,A,0.0,A,0.0,A,0.0,A,0.0,A,0.0,A,0.0,A,0.0,A,0.0,A,0.0,A,0.0,A,0.0,0.0,0.0
341,E,-,,K,1.1115312002523011e-05,K,7.479936828494685e-05,K,1.8519394666738797e-05,K,1.8519394666738797e-05,K,1.8519394666738797e-05,K,1.8519394666738797e-05,K,5.5477958452439205e-05,K,3.458709096986207e-05,K,3.458709096986207e-05,K,9.9210704431612e-06,K,0.00023862789256231913,K,8.028140240250804e-05,K,6.368139219656138e-05,K,5.5477958452439205e-05,K,9.9210704431612e-06,K,4.345932486817822e-05,K,1.8519394666738797e-05,K,1.2503755473047824e-05,K,2.0241107864770973e-05,K,1.116373321223734e-05,K,3.5844595845055856e-06,K,9.9210704431612e-06,K,4.345932486817822e-05,3.936553725337202e-05,0.006029770329616985
342,L,A,0.0002366698240969024,L,0.00028324932563780867,L,0.00024168602776938444,V,0.0014713782278442439,L,0.0003794545075213122,L,0.0003794545075213122,L,0.0001832109636250821,L,0.00014743015902291703,H,0.00021939750066121897,H,0.00021239848528392712,L,0.00046456519212285604,L,4.003464431883035e-05,L,6.911842582268373e-05,L,0.00031971795192310503,L,3.7666446066979254e-06,L,0.0002995516073484159,L,0.00029429964268933495,L,0.0003794545075213122,L,0.0001525804398120654,L,0.00036224407485141013,L,6.733112726710957e-05,L,6.110904566719126e-05,L,0.0002995516073484159,L,0.0004529423713003179,0.0002925248671493273,0.04480715589525133
343,D,Y,0.0001585658145291268,D,0.00012649032592850862,D,0.0006275841531467567,E,0.00011886239854307288,E,5.4200575150912224e-05,E,5.4200575150912224e-05,E,5.4200575150912224e-05,E,4.93709672004711e-05,D,0.0001650403337360166,D,0.00017759282518633464,E,5.267529529068289e-05,D,0.0009116827002765176,N,0.001833577005164807,E,0.0004718546669672209,E,6.321494403097342e-05,E,6.084845537924177e-05,E,4.7814256299181205e-05,E,5.4200575150912224e-05,E,7.180187544523777e-05,D,3.716393784117537e-05,E,0.00011768837862466012,E,5.877877049086119e-05,E,6.084845537924177e-05,E,4.299777818709005e-05,0.00022796898492711775,0.03491888380790965
344,F,F,0.0,F,0.0,F,0.0,F,0.0,F,0.0,F,0.0,F,0.0,F,0.0,F,0.0,F,0.0,F,0.0,F,0.0,F,0.0,F,0.0,F,0.0,F,0.0,F,0.0,F,0.0,F,0.0,F,0.0,F,0.0,F,0.0,F,0.0,F,0.0,0.0,0.0
345,N,Y,0.0,N,0.0,N,0.0,N,0.0,N,0.0,N,0.0,N,0.0,N,0.0,N,0.0,N,0.0,N,0.0,N,0.0,N,0.0,N,0.0,N,0.0,N,0.0,N,0.0,N,0.0,N,0.0,N,0.0,N,0.0,N,0.0,N,0.0,N,0.0,0.0,0.0
346,I,S,0.0002118689261656691,M,0.0005817725420083371,I,9.660267817430345e-05,I,5.267594517435493e-05,I,3.623265816082345e-05,I,3.623265816082345e-05,I,3.623265816082345e-05,I,2.5167385794038624e-05,S,0.0031269400203480986,S,0.003126940020348098,I,2.5167385794038624e-05,M,2.179942422349146e-05,I,0.0003383230926105521,I,7.792005884561864e-05,I,2.0914344947115864e-05,I,2.8190811615046308e-05,I,2.5167385794038624e-05,I,3.623265816082345e-05,I,9.977685059017616e-05,I,5.374219721791434e-05,I,2.0914344947115864e-05,I,2.0914344947115864e-05,I,2.8190811615046308e-05,I,2.5167385794038624e-05,0.00033971194123322935,0.05203498102110247
347,V,M,5.470803658598919e-05,L,0.0003598529345015694,I,9.579644675421713e-05,F,9.579644675421713e-05,F,0.00011412898533927948,F,0.00011412898533927948,F,9.579644675421713e-05,F,0.00011609907673754499,V,0.0009691246254855195,V,0.0009691246254855195,F,9.579644675421713e-05,V,0.0006241212662996271,V,0.0006241212662996271,A,0.00020805993709144407,F,9.579644675421713e-05,F,9.579644675421713e-05,F,9.579644675421713e-05,F,0.00011412898533927948,F,9.579644675421713e-05,L,0.0003527196355229755,F,9.579644675421713e-05,F,9.579644675421713e-05,F,9.579644675421713e-05,F,9.579644675421713e-05,0.00024041148837826095,0.036824749785375345
348,Q,M,0.0020668474030783907,Q,0.0002951517128771717,Q,0.0008469008381384422,N,0.0009868379626244907,H,0.004275456930203419,H,0.004280665127657839,H,0.005099246172320685,H,0.0017126412677541962,Q,0.0005029554866970918,Q,0.0004938691819906573,Q,0.001704220906983468,Q,0.00020319615197676247,Q,0.00028968638302183153,Q,0.00025489412793941804,H,0.0027423390173821668,H,4.472754407981933e-06,H,0.00018104570309679054,H,0.004280665127657839,H,0.0037402516347469304,Q,6.907084498751177e-05,Q,0.001131457620840465,Q,0.0009489586888287387,H,0.0004620931199411962,H,0.00034236046131298976,0.0015381368594361029,0.23560232236189305
349,A,Y,1.937690611771204e-06,S,8.829021382092623e-06,S,5.164510875673827e-05,S,9.128150077150302e-05,S,3.8110515316608435e-05,S,3.2235221994031785e-05,S,3.356469599267022e-05,S,0.00039840539360639146,T,0.0009053578115369045,T,0.0009053578115369045,S,4.248228305017606e-05,A,0.0001265271990493562,A,8.533135352346856e-05,A,0.0001264639056414263,S,0.00039840539360639146,S,8.98622982003579e-05,A,0.0003748689951333573,S,3.2235221994031785e-05,S,5.158273530088433e-05,A,0.00011967114973267251,S,2.4020354754331397e-05,S,2.4020354754331397e-05,S,8.98622982003579e-05,A,0.0026311835553149035,0.0002784684112400693,0.04265407462937955
350,A,Y,0.0002955740975256224,I,0.0017200439146263327,L,0.0017482202593288685,L,0.00324031266625775,L,0.002891716493811276,L,0.0028956181245306024,I,0.002034336543886099,L,0.002615425315990063,I,0.0031114177321688477,I,0.0032150045348603175,L,0.0017715746962693442,Q,0.0006990234983298354,T,0.0014713782278442439,L,0.004270159482616348,L,0.0031808297890559417,L,0.003088753849358873,L,0.0037485151517965554,L,0.0028567481302705254,L,0.002287583768732672,V,0.0014713782278442439,I,0.003426997862069709,I,0.0034186861678255033,L,0.003092162700703407,L,0.0033359828207934054,0.002578643502354016,0.39498071577371874
351,H,I,0.00032242358680175645,F,4.427754727415726e-06,Q,5.408443460168631e-06,Q,7.575892514145828e-05,Q,2.573660453577278e-05,Q,2.573660453577278e-05,Q,1.9446058356570278e-05,Q,4.438898940368537e-05,Y,0.0005504204733369593,Y,0.0005504204733369593,Q,0.0001134797205449857,F,0.00010217591409866845,Y,0.00013819950714112145,Q,0.0003737535592621238,Q,2.4938095582922878e-05,V,7.398482826338682e-05,Q,3.90165198261592e-05,Q,2.573660453577278e-05,Q,1.717046307790192e-05,H,0.0014566805680036041,Q,6.8007636182270134e-06,Q,6.8007636182270134e-06,V,9.995591331567328e-05,Q,3.90165198261592e-05,0.0001725782355979772,0.026434470279132163
352,Q,N,0.00019743698572900935,Q,0.0004346495424183577,Q,0.0004992765085520632,Q,0.0007220348244650921,Q,0.0001733181239261495,Q,3.227721370424999e-05,Q,0.0004127830553577988,K,0.002754760512852597,Q,0.00024603993070481913,Q,0.00024603993070481913,K,0.003297011916525181,Q,1.6146730580291482e-05,Q,0.00011141173535626681,Q,0.00020134107655189157,K,0.002926085952059803,K,0.004090414664256462,K,0.0034139199757324363,Q,0.00016619839843305076,E,0.0037038330549862227,Q,0.00010741426612863984,K,0.0051093713253877165,K,0.005109371325387716,K,0.004134811497533854,K,0.0034062373401065665,0.0017296744119767108,0.26494086393655125
353,A,D,0.00022992857790080854,E,0.0009887069531729223,Q,0.004366954434115267,N,0.002794258912523754,N,0.0026861294884531193,N,0.0026832956745436558,N,0.0021795648719027554,R,0.0031863121229138013,R,0.002236670513806041,R,0.0025811808444693744,R,0.005396613927436126,Q,0.002590272685396199,E,0.00039149285196684355,G,0.000610879547668516,R,0.003003387591491293,R,0.004533500310542139,R,0.0049332571551550675,N,0.0028029979231500098,R,0.0047640066279408455,E,0.00019062640780632132,T,0.0030702270402191817,T,0.003728972589366002,R,0.0028544181805941864,R,0.0038849906699748786,0.0027786935792712126,0.4256231533573588
354,D,Q,0.0021000836374364534,D,0.0007195308665262822,E,0.00012284754221454077,E,0.00011736996181458584,E,0.0002131158773706698,E,0.00022110007672421138,E,0.00021138928404000002,E,0.00010631600229699081,S,0.00040496407087272095,S,0.0004021222034261679,E,0.0001245108080937198,E,0.0002052812353935775,E,0.00044674080742854714,E,0.00020327530832202397,E,0.0001045109374062502,E,0.00013154461504960902,E,0.00012631587298446044,E,0.000218096821292114,E,0.00013574521627670046,D,0.0009683441813503787,E,0.0001289519074188353,E,0.00011574416872790422,E,0.00013011916446916818,E,0.00012631587298446044,0.00032434735166334883,0.04968152790502002
355,L,T,0.00038186207129188706,L,8.923886041956086e-07,L,9.671709533616384e-05,L,1.3034930626754896e-05,L,4.426220458697666e-05,L,4.5153718384093944e-05,L,4.347643101951872e-05,L,0.0004808678311759112,L,0.00011912240603678208,L,0.00011912240603678208,L,9.305590062503589e-05,L,0.0001505719544509512,L,0.0001957929974564217,L,3.763252698795668e-07,L,4.6677842479378104e-05,L,0.00013719649061089435,L,5.507485606469293e-05,L,4.426220458697666e-05,L,0.00013658926688420089,M,0.0012995605654078726,L,7.001503813325247e-06,L,1.6754918533395533e-05,L,0.00013929466121700252,L,5.507485606469293e-05,0.0001550748261068244,0.023753405912155977
356,K,A,0.0034364206479930767,K,0.002755082866075026,Q,0.0014713782278442439,K,0.004181458376712876,K,0.005674808655203621,K,0.006129329873326504,K,0.005121117592112483,E,0.0053264445637939495,K,0.0019610170363894433,K,0.0019535735222900516,E,0.007308193985042366,K,0.0022758710334621836,K,0.0012777612578478105,K,0.0015855360372446197,E,0.005223268083870745,Q,7.323296199786191e-05,E,0.005740873430761098,K,0.005617590303074975,K,0.004021490007560489,K,0.0018404951413447596,E,0.005785235542126184,E,0.005367629397205401,Q,0.000946371907271732,E,0.005055821079492065,0.003755416730418482,0.5752315846898519
357,Q,H,0.00043984267023409465,H,0.0007877786055848979,I,0.0031376281326664034,C,0.0014713782278442439,S,0.0014242126036045867,S,0.0013788033797590363,C,0.0008184478660818988,Y,0.0016214671513001741,R,0.0004205363471251753,R,0.0004364109318138971,S,0.0037122544891028835,E,0.00013861974733333495,D,0.0013452574021742744,D,0.00031922039917741134,Y,0.0007371535205838382,S,0.0026789388321024963,Y,0.001306972858917006,S,0.0024517815009647754,H,6.838847503388607e-05,K,0.00048067377521838085,S,0.0019929619699248524,S,0.0028174633213570413,S,0.003265745907705039,Y,0.0016977206039438652,0.0014562357799813956,0.22305721988606453
358,V,L,0.00018739962971754784,V,0.0005513547331434987,L,0.001291787727148658,V,0.0032926281245466557,V,0.003733721890336629,V,0.003529173580140192,I,0.0003545854438904099,L,6.636550404647304e-05,M,0.0014908114889972855,M,0.0015211641118991087,L,0.0005477980726407583,A,0.0015845893891877373,I,0.0032193899244630044,L,0.0007144771729257278,L,0.00028219819012674654,L,6.33962536262799e-05,L,0.0002169223382265483,V,0.003733721890336629,V,0.003567488918910184,A,0.0002776108319101406,L,0.0007380330889029961,L,0.0007386882583532238,L,0.00016544957997565753,L,0.00020674693401605764,0.0013364792948945062,0.20471365973322322
359,S,K,0.0012398181620139376,S,0.00015879263424183184,S,0.002185543693560479,S,0.002425925663293988,S,0.001996425743032702,S,0.0018737065555824777,S,0.0025288319452947874,V,0.0027557073810360864,S,0.0012243329384096198,S,0.001008999889354108,V,0.0038067589864738565,S,0.001079208421819272,S,0.0013260344438532556,S,0.001537118713439871,V,0.006128196555736325,S,0.0014713782278442439,V,0.0010247519413868027,S,0.0019265614772527597,S,0.0014135469643737817,S,0.0025401165534652916,L,0.0011496815098542598,L,0.0012280620553777044,T,0.007308193985042366,V,0.0026801775404335596,0.0021674113325905573,0.33199070702917116
360,T,L,0.00010578884026615694,R,0.00018677655913632498,R,0.0005981653805881915,R,6.295699217182186e-05,R,5.975060169735331e-05,R,6.36266147628993e-05,R,0.00012573090071737374,R,7.070977722334413e-05,R,0.000819404890873806,R,0.000819404890873806,R,0.0001593456572856162,R,0.0002703430485853452,R,0.0002399389426401668,R,0.0007272367803109642,R,7.180387152647873e-05,R,0.000136928148612567,R,0.00016015700414722132,R,6.36266147628993e-05,R,5.435626358096674e-05,R,0.0008217841520907681,R,0.000160151634585827,R,0.0001582422163702366,R,0.000136928148612567,R,0.00016015700414722132,0.0002597214556487468,0.039782531536556115
361,W,P,0.0,W,0.0,W,0.0,W,0.0,W,0.0,W,0.0,W,0.0,W,0.0,W,0.0,W,0.0,W,0.0,W,0.0,W,0.0,W,0.0,W,0.0,W,0.0,W,0.0,W,0.0,W,0.0,W,0.0,W,0.0,W,0.0,W,0.0,W,0.0,0.0,0.0
362,W,E,0.0,W,0.0,W,0.0,W,0.0,W,0.0,W,0.0,W,0.0,W,0.0,W,0.0,W,0.0,W,0.0,W,0.0,W,0.0,W,0.0,W,0.0,W,0.0,W,0.0,W,0.0,W,0.0,W,0.0,W,0.0,W,0.0,W,0.0,W,0.0,0.0,0.0
363,K,S,9.530521611601282e-05,E,0.0004014704763361744,M,0.00158913822089644,K,0.0005654425108198632,K,8.704797599980914e-05,K,8.704797599980914e-05,K,8.604395401145881e-05,K,0.0005527540032044877,R,8.36176529453225e-05,R,8.36176529453225e-05,K,0.0001669080333395216,N,5.9623880982866324e-05,N,0.00016609844690142168,N,0.000211133759056792,K,0.0005191246308502168,K,0.0001636271718679494,K,3.6578503861121745e-05,K,8.704797599980914e-05,K,0.0006561074272963685,K,0.000173314104572914,N,0.0018446348018389177,N,0.0017943263519473187,K,0.0001636271718679494,K,8.45324735392551e-05,0.00040659043221654675,0.06227901600086694
364,S,E,0.002238075334762759,H,0.0019785709997999423,E,0.0013479806394499781,E,0.001566986838491531,D,0.0012301447883640633,E,0.0016658091059062006,E,0.0008555698146390812,D,0.0002515380977752364,D,0.0019410753267230514,D,0.0019743746074995156,E,0.0012506622448721614,S,0.0028833536816840707,S,0.0035791635060146076,D,9.645392989158892e-05,D,0.00014052830299423886,D,0.0015846494155012272,G,0.0006031752279445653,E,0.0016540958842192275,D,0.001043301576658283,E,0.0017401264945223582,D,0.001136652207738776,D,0.0008235790219316023,D,0.001617492102257723,G,0.0007414649877812506,0.0014143676723926267,0.21664412125943913
365,-,-,,S,2.6186343385764064e-05,-,,-,,-,,-,,-,,-,,L,7.954862060764796e-05,L,7.954862060764796e-05,-,,T,0.0004930354576857961,S,7.473028000332357e-05,T,0.0009277581824172262,-,,-,,-,,-,,-,,T,0.0013891836273443002,-,,-,,-,,-,,0.0004385701617216723,0.06717747382904417
366,T,I,0.0003725926038887669,E,0.0009424352501681204,S,0.00021406577533674795,S,0.0003083235848820576,S,0.0001228644536602698,S,7.042896131478263e-05,S,3.148530396725884e-05,S,0.00017365335175832216,-,,-,,S,5.978855742967348e-06,-,,-,,-,,S,0.00011839846011399634,Y,0.0026407674940085862,S,0.0004493634042632713,S,6.054720373460024e-05,S,0.00018548416024443673,-,,S,0.0008629162396710258,S,0.0008387129088812136,Y,0.003307672432164224,S,5.3625793454892585e-05,0.0005977397909586412,0.0915580964424698
367,G,-,,L,0.0019666880301942693,D,0.0016467332176784023,-,,-,,-,,-,,G,0.0015410870918646526,G,0.0017929119722033284,G,0.0017775356015316214,-,,G,0.00030106234132500873,C,0.004672778771937544,G,0.000438493533049759,-,,-,,G,1.7262203507324895e-05,-,,G,0.0021021723302963808,C,0.0012922984551964548,G,0.0026202510709942865,G,0.0025414010199002945,-,,G,0.000548794777329276,0.001661390744072043,0.2544815926181161
368,-,-,,-,,-,,-,,-,,-,,-,,-,,-,,-,,-,,-,,-,,-,,-,,-,,-,,-,,-,,-,,-,,-,,-,,-,,,
369,L,E,0.0011634997970325037,G,0.0026319999368249907,-,,G,0.001171442532690011,G,0.0014344716868172722,G,0.001689780044151714,G,0.0016306053205051249,S,0.0014834993159751036,L,1.5195284770640343e-05,L,1.5195284770640343e-05,G,0.0013961399045199024,L,0.00034661906697750465,L,0.00045153093400908915,I,0.005707166403867706,G,0.0012899872272105792,G,0.0003519600289099204,S,0.0013963875655924555,G,0.0016784899180248558,-,,W,0.0007263786962415906,-,,-,,G,0.0003519600289099204,S,0.0013881336573336998,0.0013160221317567613,0.20158015759092635
370,V,S,0.0010834697238474309,K,0.0019465856021314582,L,0.003693609197807809,S,0.0007633414076977641,F,0.0030969168845602535,F,0.0027547378917004484,S,0.0007223105893430648,P,0.0024812747740612607,G,0.0009082628000025433,G,0.0006232124314735309,F,0.001627069468158139,V,0.0009281468940204228,A,0.001249801019748152,A,0.0009656557899731576,S,0.0007248115064950962,F,0.001796637522276952,P,0.0012934098762107519,F,0.0028372637062787005,S,0.000162286101534789,E,0.0011804651140788702,S,0.0013314522014426173,S,0.0010487684742131328,F,0.001803758383119118,P,0.0021150401135215328,0.0015474286447373746,0.2370255807556034
371,E,E,0.00023509853683708452,N,0.0002895270973000798,G,0.0026022284654360905,P,0.0008972871046516361,P,0.0012545004531298708,P,0.001247920970280118,P,0.0010902204405678023,-,,E,0.0010564194223738805,E,0.001058459857473927,P,0.0002607609103480481,H,0.0004167753309106287,E,7.830754396005523e-05,E,0.00043402579414870187,P,0.0012035766543677363,P,0.0009937416146269472,-,,P,0.001293472846061028,P,0.0019254021304895568,-,,P,0.0008805378862181796,P,0.000723426404664727,P,0.0009937416146269472,-,,0.0009467715539236522,0.145020630304879
372,N,L,0.0009993304974852337,K,0.0001695255943951877,K,0.00019611779942372242,D,0.007308193985042366,D,0.007308193985042366,D,0.007308193985042366,E,0.007308193985042366,Q,0.0014713782278442439,R,0.0011949890910450955,R,0.0017329549682051292,E,0.007308193985042366,E,0.007308193985042366,K,0.0009534119667362446,K,0.0010687907603709312,Q,0.0014713782278442439,E,0.00695477107780621,Q,0.0013474870837696183,D,0.007308193985042366,E,0.007308193985042366,K,0.00015327098450628926,Q,0.0014713782278442439,Q,0.0014713782278442439,E,0.00558966329173213,Q,0.0013484723987080382,0.003585827096079156,0.5492548899284394
373,L,I,3.774357478559007e-05,M,0.0001979075326999317,L,3.062906016054836e-05,L,0.0003392246132744131,L,4.927066439443129e-05,L,4.3986520641036545e-06,L,0.00036117387179382296,M,5.399127296482812e-05,L,5.698777421877331e-05,L,5.698777421877331e-05,M,7.941974794957766e-05,L,6.9639200411135495e-06,L,7.09376610788624e-05,L,5.293974412230193e-06,M,0.0005170844647203772,I,0.001616441451557633,M,0.00051630271999496,L,4.3986520641036545e-06,M,0.0012203196408339682,F,6.243919934136621e-05,I,0.0014373269900987938,I,0.0007259699213904862,I,0.001616441451557633,M,0.0005511022349771258,0.0004007815341913936,0.061389244810030746
374,S,D,0.0017303830930545407,V,0.00035947712061812543,D,0.0013232186171400968,T,0.0014713782278442439,N,0.005094940135640034,N,0.0029281081245196784,T,0.0014713782278442439,T,0.00010328473437346529,E,0.006246898456773172,E,0.006252201065344947,T,0.00041209040433332143,P,0.00044671234365688565,P,0.0005549985560783052,P,0.0005021804051355278,T,0.0006451797301992843,T,0.0004072978738928196,T,0.0003197239954629619,N,0.0027887625192310602,T,0.0005242614485800852,G,0.0027056243262746447,T,0.0003941492310373495,T,0.00027931932723267747,T,0.0004872507007347691,T,0.0011257150162870962,0.0016072722367203895,0.24619205327277902
375,F,I,0.00023051097963800306,Y,0.0014175449397349584,F,0.0002234866661235269,F,0.00026339179829965996,F,0.000252162373021859,F,0.000252162373021859,F,0.00022669080640103526,F,0.00023510368592339823,F,1.2983827616565687e-05,F,1.2983827616565687e-05,F,0.00025199868389683757,F,8.331436387085564e-07,F,2.0737176815361013e-05,F,6.426957483943588e-06,F,0.00024030065272658533,F,0.0002038635334982861,F,0.000237859161392867,F,0.0002545271534375016,F,0.00019814613413034988,F,0.0002189528668287478,F,0.00019867068706422406,F,0.00019867068706422406,F,0.0002038635334982861,F,0.00010046622973765452,0.000227597411608792,0.03486196849755335
376,A,L,0.002020336073390743,A,0.003015093698719636,A,0.003915667054348622,I,0.00037531473900410386,I,0.002712094056646395,I,0.00277770105289104,I,0.001722124283438188,G,0.00490689466281962,S,0.003212987523839326,S,0.003279412842292985,C,0.006017029796981274,V,0.002158280793803623,V,0.00043631017295900793,A,0.0020005848978247183,C,0.005687840575779415,S,0.0014713782278442439,C,0.007308193985042366,I,0.002772679332278826,C,0.007308193985042366,A,0.0034275018454742114,T,0.0011926778130341026,T,0.0011097373309617638,S,0.00016698733401285303,C,0.007308193985042366,0.003179300669311326,0.4869856778876485
377,R,N,0.0,R,0.0,R,0.0,R,0.0,R,0.0,R,0.0,R,0.0,R,0.0,R,0.0,R,0.0,R,0.0,R,0.0,R,0.0,R,0.0,R,0.0,R,0.0,R,0.0,R,0.0,R,0.0,R,0.0,R,0.0,R,0.0,R,0.0,R,0.0,0.0,0.0
378,D,D,1.3130560916104356e-05,D,0.0002880483906880039,H,9.988400068289467e-06,H,1.4884003247500015e-05,H,1.5200691281879883e-05,H,1.5200691281879883e-05,H,0.00012909226674838933,H,9.136563448852786e-05,D,0.00031583215819299906,D,0.00031583215819299906,H,0.0002700990881554848,D,1.3806667404038242e-05,D,0.0002265113893030553,D,3.799363001100617e-05,H,5.4487392127245485e-05,H,0.0014060298435263144,H,9.262445350936159e-05,H,1.5200691281879883e-05,H,0.0014020985677744464,D,1.3185300785209786e-06,H,3.555930090830291e-05,H,3.555930090830291e-05,H,0.0014060298435263144,H,9.262445350936159e-05,0.00026243825446375864,0.04019867403147136
379,R,D,0.0008476573216536577,R,0.00016492002651374095,R,0.0004467532595115462,R,0.0005164678697019647,R,0.0006438177009941677,R,0.0006473140144446095,R,0.00038994316948303017,R,0.0003682476625025278,R,0.00011017066098279206,R,0.00019378174899629418,R,0.00039463205194822866,R,0.0001877378087256634,R,0.00020923999471995485,R,0.00016196607423198676,R,0.0005959247816182464,R,0.0002637485803410806,R,0.000963063988539403,R,0.0005192507402170132,R,0.0014045132914284701,R,0.0003822393468510452,R,0.0003238899607244518,R,0.0005170469409337632,R,0.00026796732748713136,R,0.001026294134192749,0.00048110785236431334,0.07369313506025098
380,P,I,0.00297712707910099,L,0.0015302666966094396,H,0.003851441736443955,Q,0.0014713782278442439,H,0.005220961326715914,H,0.00498463430334959,H,0.005306167956317352,H,0.002255684058392589,L,0.0013144242137993513,L,0.0014722543438329446,H,0.002987033404550162,I,0.0035807159474056404,I,0.0016258851482204074,I,0.0012200461792894184,H,0.0032132698696772876,H,0.0028775374466944253,H,0.0034138786434936997,H,0.0066814405209107315,H,0.002321353070656804,L,0.0017362299043014095,H,0.002024519469305415,H,0.0022241645398212878,H,0.002626761815925352,H,0.003453636620329043,0.0029321171884578103,0.44912363604051725
381,V,L,0.0012755714823798742,V,0.0007765689811888042,V,0.0012197570629953966,V,0.00019420117779444154,V,0.0005069322018340512,V,0.0005069322018340512,I,0.0014713782278442439,V,0.00017507546968036628,V,0.0009396895032048208,V,0.0009281578753847995,V,0.0008981722103074132,V,0.0006365385075788868,V,0.0005722039543695048,V,0.0005631968246195365,V,0.00047472865714890685,V,0.0004723448942752876,V,0.0005386876173309643,V,0.0005069322018340512,V,0.00042571503068286116,V,0.0008001617400280749,V,0.0005405333063692062,V,0.0005541964919684516,V,0.0004915369152128839,V,0.00026345732596896437,0.0006555279109098267,0.10040972442466273
382,E,I,0.0004106860770703589,E,0.00021796697968062514,E,0.00017471459506470147,E,0.0005857375713636805,E,0.00020266909223745012,E,0.0002657239441194518,E,0.0002547193236218109,E,0.00024404911154376666,E,0.0002526116682000982,E,0.00024991996998327787,E,0.0002578706364390738,E,0.00011286467331902206,E,0.0003286988098294395,E,0.00011682648294441162,E,0.0002522538836098095,E,0.00024485822294555734,E,0.00024326665766208406,E,0.0002657239441194518,E,0.0002477298231697626,E,0.0002067308505817553,E,0.00021174023313312964,E,0.0002164731026106074,E,0.00024485822294555734,E,0.00023323965108259796,0.0002517472303032284,0.038561088854836646
383,N,Y,0.0026521936063712854,A,0.002430393455096855,Y,0.002424363570471945,F,0.0002353318928625484,F,0.00017241473198665344,F,0.00016982159053330998,F,0.00021480264311421072,Y,0.003687601437247759,C,0.0005241556282544486,C,0.0005498962207645948,Y,0.0008109161509347972,C,0.0007055191506690119,C,0.00027703947867591897,A,0.004473836285608116,Y,0.0010906879595963064,Y,0.0008410412462109149,Y,0.004463847069416239,F,7.767616177501533e-05,Y,0.0018160142744791323,N,0.0010026885135693041,Y,0.002256941289224197,Y,0.0021125781305871543,Y,0.0008427673035152947,Y,0.00442189961617996,0.0015939344752977074,0.24414905719800528
384,F,L,0.0017600841626060693,F,0.002411626115532826,Y,0.002452591578323383,Y,0.0009919492964287665,Y,0.002428409045623738,Y,0.0024629386006008573,Y,0.001571450186690436,Y,0.0014342291307652601,F,0.005893327071880264,F,0.006103457394934549,Y,0.001372268696605519,Y,0.001993751989048273,F,0.006636818111197105,H,0.00643466834163437,Y,0.0009862476078502198,Y,0.0010562118813335207,Y,0.0027002904581396947,Y,0.0023165413992123985,Y,0.0020410036403905813,F,0.004306215154555887,Y,0.0022386809220402122,Y,0.0027321067058134942,Y,0.0008446073654525079,Y,0.0025103938510980953,0.002736661196156584,0.41918489201835035
385,F,N,0.0033398747700911025,L,0.0010660567909010748,L,0.0014713782278442439,T,0.0009728857854604171,T,0.0027832921243157284,T,0.002621321524028736,T,0.0022395946341330205,T,0.002050075861669918,F,0.0006742733553445796,F,0.0006812642711661541,T,0.0023715983308592744,Y,0.0032086075582379273,F,0.001003954847751497,Y,0.004332352018388758,T,0.001971266317341794,T,0.0032310619234858073,T,0.002647338524503179,T,0.002823849499762694,A,0.000710251560924874,M,0.0019645464676550776,T,0.003151585650728717,T,0.0031519828577970927,T,0.003223417829397251,T,0.0025975730872253486,0.0022620584924589278,0.34648817553019945
386,W,E,0.0003566723024442868,W,0.0007046418687017285,W,0.00011274169777944793,L,0.00018550815277131163,L,0.0002038974703465832,L,0.0002038974703465832,L,0.0002460313792053278,L,0.00013517494144786525,W,0.00015910776563450344,W,0.00018050225053128932,L,7.390212824926312e-05,W,0.00016734610980165818,W,9.828331989086257e-05,W,9.827221112156775e-06,L,0.00027609703300775576,L,0.0001520808138845999,L,0.0001926226537425565,L,0.0002038974703465832,L,0.0006502129968469462,W,3.4387510372376287e-05,L,0.00017529161787980938,L,0.0001524700291796004,L,6.87043975186221e-05,L,0.00019442416758081262,0.00020573844869260544,0.03151374730651831
387,T,F,5.971167857177476e-05,Q,0.0015108078678220415,A,0.0010135573392921076,V,0.0009932214394367538,V,0.0008894598719565866,V,0.0008894598719565866,A,0.00040701143032361234,A,0.00038155190428658793,T,0.004550355686839287,T,0.004555742308072076,A,0.0004126597634573841,T,0.0018545807087702994,A,0.0012586556954199625,A,0.0009434662785557183,A,0.0009741721565635285,A,0.0006407638211203921,A,4.8217561277759746e-05,V,0.0008894598719565866,A,0.000517273339263423,T,0.0019494405623838205,A,0.0006507336428915792,A,0.0006382641806878452,A,0.00010941578588627374,A,0.0009412854995896683,0.001128302844432569,0.17282647434461673
388,V,-,,V,0.0011183552703565667,-,,S,0.0011534654860761344,S,0.0018041612035504095,S,0.001749018202372166,S,0.00146436163363187,-,,T,0.004685549079833587,T,0.003832775250830684,S,0.0010191196617852839,T,0.002589053302395308,I,0.0005891432578637562,I,0.00038293941057071843,S,0.0007322268494907119,A,0.00100842925221647,-,,S,0.001749018202372166,-,,V,0.0003242780198390374,-,,-,,A,0.00033382077350272875,-,,0.001533482178542975,0.2348893470362276
389,G,M,1.3686948902584083e-05,G,1.1215738072794495e-05,A,5.978425269796235e-05,-,,-,,-,,-,,S,0.001795029140475418,G,0.00070463071626719,G,9.73889684265002e-05,-,,G,0.00024447251376764483,A,0.0002238511940005048,G,0.00025558166262342684,-,,-,,S,0.001227400377372856,-,,S,8.96368168445776e-05,A,2.9918248243551577e-05,S,0.001002644957662664,S,0.0010013352187054389,-,,S,0.001146223136672879,0.0005268533260490663,0.08070014472363288
390,-,S,8.514246312324633e-05,V,0.004342283112963968,T,0.0025416280261194653,G,0.0006339692882034929,G,0.0009812433762961133,G,0.000856979288403033,G,0.0004158250582149584,C,0.00017391167283239633,V,0.0029556190179039297,V,0.003072732668825724,C,0.0010179281190692926,V,0.0037295354080869353,A,0.00014451300516565282,T,0.00371658609998325,C,0.001061376837890456,C,0.0002937429793646263,C,0.0013619015647976774,G,0.0009498022478603034,C,4.451506974486847e-05,E,0.00041764935628361516,C,0.0014016587233413704,C,0.001659492952227756,C,0.0011504784836406884,C,0.0009332186890124988,0.0014142388962231382,0.21662439611963105
391,L,I,0.0003213022750539577,-,,G,8.179389119329916e-05,I,0.00017735750633927043,I,0.00038528692019520864,I,0.0003859526627799788,I,0.0003794626267449778,I,0.000357774830181509,-,,-,,I,0.00038000549669456107,-,,-,,-,,I,0.00036622284774005565,I,0.0003841553513265821,I,0.00036952443278606055,I,0.0003859526627799788,I,0.00011300826312418802,-,,I,0.000287126010374158,I,0.000287126010374158,I,0.0003841553513265821,I,0.0003516868688528811,0.0003175231769333768,0.04863624288716134
392,I,F,0.0008538710638799542,R,0.0002530097092425164,C,0.0011024608148911938,D,0.00021346530686689534,D,0.000440829596528862,D,0.000440829596528862,D,4.9881079037542684e-05,A,0.0018480911034979054,I,0.0002375281613959248,I,0.0002375281613959248,A,0.0011100566137190312,V,0.0022346488874382545,F,0.00022215509577569055,L,0.0015064911495468814,A,0.0022005979510781714,A,0.0016747077180797594,A,0.0018702517639508246,D,0.0003379723231697509,A,0.0020455338513554705,N,0.00026611458363189403,A,0.0016767307737680505,A,0.0018981010433995128,A,0.0016747077180797594,A,0.0018811431090631546,0.0010948627989717412,0.16770433432038853
393,-,-,,-,,-,,-,,-,,-,,-,,-,,-,,-,,-,,-,,-,,-,,-,,-,,-,,-,,-,,-,,-,,-,,-,,-,,,
394,F,E,0.0015024171967343873,F,0.0013810294237219145,I,0.0014819065898328202,M,0.0008851899097613973,M,0.0010184739969259322,M,0.0010418279862202367,M,0.0010206539237276153,F,0.0007694636035800197,F,0.0013740343045980728,F,0.001376539179038571,F,0.001567472397402619,E,0.000375048027080389,E,0.0013807963579829728,E,0.0005182540325961075,F,0.001591210412252816,N,0.0018332925979835232,F,0.0008256453066467372,M,0.0009526763191610377,F,0.0009668301642458572,Y,0.00016989676346657024,F,0.0008205180362412009,F,0.000859112384160272,N,0.0012890832464049107,F,0.0008139421044574493,0.0010756380943426427,0.16475961257501825
395,Q,P,0.00048706745676792496,E,0.00045687920157848105,E,0.0011006300262211925,E,0.0010987867493254862,E,0.00152652850321175,E,0.0015307612022632097,E,0.0014307213318557324,E,0.001284987510253682,D,0.001761814338649094,D,0.0017542277425233793,E,0.0006535483067042183,R,0.0004283219173932245,P,0.0003416822051265766,P,0.00015837857487314587,E,0.001221852817856875,D,0.00031739460259561883,E,0.001396901726051716,E,0.0015307612022632097,E,0.0004958785328616221,L,0.0002096298929192514,E,0.0017038836191686749,E,0.0018906151927314753,D,0.0004850566790552585,E,0.0015532632589333774,0.0010341488579660072,0.15840454710513513
396,P,E,0.001615579866468275,P,0.0007930539727351967,P,0.0003038324640379233,P,0.0001933674530790638,P,0.00018429334014175824,P,0.0001933674530790638,P,0.00019401542706019043,P,0.00020351452728978447,P,0.00022362246410445054,P,0.00022362246410445054,P,0.00020229166450561208,R,0.0009412105941948639,H,0.00020884476178056825,Y,0.002935223718507311,P,0.00020351452728978447,P,0.00012585037876708087,P,0.00020229166450561208,P,0.0001933674530790638,P,0.00026480014355823793,P,0.0003561508020335265,P,0.00013818346921703323,P,0.00013818346921703323,P,0.00012585037876708087,P,0.00020229166450561208,0.00043193017175119066,0.06616040109724665
397,Q,D,0.0003546008606224478,Q,0.0020495792520036043,K,0.0024166148984705246,K,0.0023318195632082294,K,0.0032825702715795183,K,0.002555670492942416,K,0.0023935911842517263,Q,0.001085357606422116,Q,0.0015622928160148296,Q,0.0012987833788376672,Q,0.0034853859721452347,E,0.0014713782278442439,Q,0.0011959763664696574,Q,0.0007494498753709698,Q,0.0018323150798693884,K,0.0011983017904532674,Q,0.0017951188294734644,K,0.002012173462255286,Q,0.0002947003010238844,H,0.001557599883155595,Q,0.001487954344836582,Q,0.0015532231375953727,K,0.0009820509877543258,Q,0.0014415538017622529,0.0016828359326817753,0.25776643441157915
398,F,A,0.0002766891638798705,F,0.0009261059147945359,Y,0.0005876870281422653,R,0.0014713782278442439,H,0.0008170727559091699,H,0.0008170727559091699,H,0.0003214754250349793,H,0.000586845119344057,F,0.0024159139825942247,F,0.0024159139825942247,H,0.0007813083470291372,H,0.00023798556373161913,Y,0.001003201583634291,Y,0.00047777633070581393,H,0.0005819145890245666,H,0.0010484313796770184,H,0.00047633867636002645,H,0.0008170727559091699,H,0.0007077601990467004,F,0.00016641042078708004,H,0.0004614453532577387,H,0.0004964547922464139,H,0.0010484313796770184,H,0.00020955839133728933,0.0007979268382696096,0.12222151430668075
399,G,Q,0.003327196746950232,S,0.00036854557287688305,S,0.00017525472869483113,S,0.0011585108315132493,S,0.0011109243526000129,S,0.001042002773676548,S,0.00113890369695229,S,0.0010584372059714987,E,0.0017898145739854425,E,0.0018167659461518842,S,0.0010333100878478657,G,1.3061295709519923e-05,S,0.001650111371239323,R,0.0018167106865445669,S,0.0010124933001389844,S,0.0010504288499613235,S,0.001764209098832336,C,3.904800354041378e-05,S,0.0007226040473884089,Q,0.0026307518171857984,S,0.00013886715617447324,S,0.0005000326401605758,S,0.0015819878109332888,S,0.001201562153360126,0.001172563947849578,0.17960611732071072
400,Y,D,0.0007172269558259431,H,0.001216385983668626,A,0.00023542551503202028,T,0.0017967676470913257,T,0.0007515329882919171,T,0.0006812323485978165,A,0.0003560097670386417,G,0.0020138203053600753,R,0.00011758369081301869,R,0.00011758369081301869,G,0.0012047356718334543,Y,0.0001232537900043826,Y,8.166522455626118e-06,Y,0.0003992415308228305,G,0.0013919230249554045,A,0.0006340503752725625,G,0.001527581431482593,T,0.0006812323485978165,G,0.001909045151536557,T,6.042600392670151e-07,G,0.001696300963822607,G,0.0017361467766588488,A,0.0007266187497694616,G,0.0014697577692323728,0.0008963428024590076,0.13729626502100126
401,C,L,0.00032629510725618336,F,0.0009895200749575014,F,0.0006332464714815773,F,0.0010214336403681394,F,0.0011690245010013746,F,0.0011470285562971848,F,0.0008483260987973068,F,0.000997566467978679,C,0.003974707797424628,C,0.00403801485326223,F,0.00109110339747174,E,0.003078674287047228,Q,0.00021880789651400987,Q,0.0001877912890070173,F,0.001165439634899252,F,0.001166818265559093,F,0.0010999204873629578,F,0.0011452915584583695,F,0.001273029542087402,G,0.0014333265183252716,F,0.0011026574688886184,F,0.00110653803580815,F,0.0014391121987455914,F,0.0011055237195159366,0.0013232999111881432,0.20269492298072384
402,R,E,0.0022368475138288325,R,0.0004594479042833276,R,2.1050766136521584e-05,R,7.123359502198906e-05,R,4.152292296639858e-05,R,2.037951683660088e-05,R,1.3412171973761039e-05,R,8.080404573713578e-05,R,8.059462502374494e-05,R,8.059462502374494e-05,R,2.15382551669863e-05,R,1.112681558314049e-05,R,1.1257655346150601e-05,R,6.1362367561291e-05,R,2.4437931365586193e-05,R,4.6343804010396e-05,R,2.4437931365586193e-05,R,4.152292296639858e-05,R,4.5781585775548064e-05,R,0.0007711181443968734,R,1.2354923652967625e-05,R,1.2354923652967625e-05,R,4.6343804010396e-05,R,2.4437931365586193e-05,0.00017751277846049713,0.027190313136074177
403,R,R,7.719744590991292e-05,R,7.485679770808365e-05,I,0.00010678898914947829,I,0.0014119062441423523,L,0.0004457096060334329,L,0.0004457096060334329,L,0.0004457096060334329,L,0.00020922912956588776,G,9.548445175931958e-05,G,9.548445175931958e-05,L,0.0009320523200319025,I,6.127265099482287e-05,K,0.00017835215510630907,S,0.0013080404725866034,L,0.00020928840123913178,L,0.0001832651167505029,L,0.0005176081135377157,L,0.0004457096060334329,L,0.00016640647690690884,G,0.0013693170106802975,L,0.00016360980511878165,L,0.00045837452791287384,L,0.00014750997552428907,L,0.0005039908177796609,0.0004188697407624118,0.06415988478874883
404,M,I,0.00163851376013333,I,0.0010686206342075783,G,0.00021017562657036685,N,0.004105389603772947,S,0.004644631180911201,S,0.004644631180911201,S,0.0033439068932870453,G,0.0006882975193683024,V,0.0019223728479245783,V,0.001978190914338498,G,0.000822318039358716,M,0.0031225488870752203,M,0.002545050599182879,L,0.0007085960859542223,G,5.8437284831834276e-05,G,0.00023281547344235144,G,0.0005803323480416377,S,0.0046808641455321,G,0.00011751634645555545,V,0.0035949248618680043,G,0.0003825254281990503,G,0.0003847055042581159,G,0.0008081750756850832,G,0.0003298906589504629,0.0017755596208441787,0.271969277373831
405,F,W,0.0,S,0.0,F,0.0,F,0.0,F,0.0,F,0.0,F,0.0,F,0.0,L,0.0,L,0.0,F,0.0,L,0.0,A,0.0,I,0.0,F,0.0,F,0.0,F,0.0,F,0.0,F,0.0,L,0.0,F,0.0,F,0.0,F,0.0,F,0.0,0.0,0.0
406,T,D,0.001954362727727187,A,0.0002563444658431007,A,0.00033653328072073027,V,0.001127174420864748,V,0.0012821806180534578,V,0.0011767791613592029,V,0.0009834013312589125,A,0.00030194702904126625,T,0.001071025567882843,T,0.0011060620479346832,A,0.0003894130094023238,T,0.00035873782814123525,A,0.0003283742221888595,A,6.141306220530578e-05,A,8.925312081783834e-05,G,0.0005167272834135243,A,0.0002004860863317721,V,0.001223520920417838,T,0.0031401348182925597,T,0.0010006427901743159,A,0.0002172334478384271,A,0.0007450368208878716,G,1.3281261042329161e-07,A,0.00021294360338300683,0.0007533275198663099,0.11539006564389585
407,K,-,,R,0.0006818036148499068,K,0.0004558097434790841,K,0.0005981523730636529,K,0.000797236700680331,K,0.0007687992686053053,K,0.0008254211539537405,K,0.0004319582611679045,K,0.0003365302409046971,K,0.00044528192095627316,K,0.0005925512337184687,K,0.00031393694161144524,V,0.0026445960954447996,K,0.0004311457059587284,K,0.0006555615204791242,K,0.0005832303226064571,K,0.00043509914263247944,K,0.0007606330675525708,K,0.0005465573314548711,K,0.0004701770797156992,K,0.00038827089292397794,K,0.00039497462177974133,K,0.0005014587023134102,K,0.000501826133013519,0.0006330874812550517,0.09697243774303288
408,V,-,,I,0.002146139713783171,L,0.00488113797345292,I,0.0037298580012165767,M,0.007290127005132029,M,0.006802408298863642,M,0.006030213439946712,T,0.0014713782278442439,V,0.0014713782278442439,V,0.0014713782278442439,T,0.0012972150163629902,I,0.0020766081459491635,I,0.0033352824747124184,I,0.0015981676020142054,A,0.002971146891665466,I,0.00298291717982252,A,0.0024327374220787248,M,0.007290127005132029,M,0.001723241164710031,V,0.0010528966685690096,A,0.000969150874551534,A,0.0019218787058138146,I,0.0029080324626601637,A,0.002862248781465223,0.0030745943265841342,0.4709474057656277
409,F,-,,Y,0.0013836973078900318,S,0.0003851491784239907,C,2.3916226028838278e-05,C,0.0005342340407717126,C,0.0006358575779853847,C,0.0005995371260457186,C,0.0009321109688764682,N,0.0027693708841599503,N,0.002962111125711714,C,0.0014713782278442439,N,0.0009531595940370259,I,0.0002971941374374334,I,0.00047485555153505563,C,0.00018322834825629467,S,0.0034558712054639255,C,0.0006146490431794001,C,0.0005952950131997183,S,0.0014386399084807533,N,0.0007872918630423736,C,0.001033486641092267,C,0.0006025806143204071,S,0.0014108619320660379,C,0.0010332589815640163,0.0010685971955396853,0.16368113109964422
410,A,-,,A,0.003705548450674716,A,0.002377308871073951,H,0.0025522334955972083,H,0.0034766301496343397,H,0.003512815777207729,H,0.003070586223657015,H,0.002843794837991793,Q,0.0022652856646953943,Q,0.0023957742787700503,H,0.003120984964114973,A,0.0030877947713307467,T,0.0018109716037642747,A,0.0029696505363801646,H,0.0029882192606616536,H,0.002536993157713396,H,0.002794790644531898,H,0.0032446370087649418,H,0.0027353873774733565,A,0.004477900049431913,H,0.0021063389348000626,H,0.003114065732963081,H,0.0024089461955597072,H,0.0026955830158781227,0.002882271347942195,0.4414885574624869
411,L,-,,L,0.0010916349441140022,L,0.00022233859929242887,F,0.0018370196207661731,L,0.0012453580721333967,L,0.0012453580721333967,L,0.001043735115783935,I,0.00032045426896763106,L,0.0004124254888206646,L,0.00040873952308417274,L,0.0011266607643750722,L,0.00014534993354538557,F,5.916513830657179e-05,L,0.0001396860663204567,I,0.0007527917750697275,M,6.656366511212428e-05,I,0.0008556154672370085,L,0.0012453580721333967,L,0.0002102505073626921,M,0.00023486127003147214,I,0.0006480070333449509,I,0.0008501619392455707,M,0.00042477665897455757,I,0.0007914535526594095,0.0006685985021223562,0.10241179701360249
412,I,-,,I,0.0015110284714092276,V,0.0010345660819690192,V,0.0014713782278442439,I,0.0025743196878015126,I,0.0027088964423848164,I,0.0020866580660462764,I,0.0017012602992854944,V,0.0014713782278442439,V,0.0006856137559128737,I,0.001627007224453306,V,0.0016867705773455023,I,0.0020150637047394076,T,0.000834193178250421,I,0.0014105418164625724,I,0.001186925977752146,I,0.0012186774219050329,I,0.0028501100155430823,I,0.002148681297556873,I,0.000814246099592285,I,0.0018162102309859079,I,0.001901273445600246,I,0.001464223294235526,I,0.0016473955107409576,0.0016463660458983032,0.2521802019708512
413,T,F,9.760958370785498e-06,T,2.0932337216541314e-05,T,1.3483715463612811e-06,T,5.814429481955833e-07,T,5.814429481955833e-07,T,5.814429481955833e-07,T,5.814429481955833e-07,T,4.746954868997889e-07,S,7.740586229337784e-07,S,7.740586229337784e-07,T,6.699916549485232e-07,T,2.025642514382645e-06,T,1.6684319847720413e-06,T,0.00013197759722775572,T,4.746954868997889e-07,T,6.699916549485232e-07,T,6.699916549485232e-07,T,5.814429481955833e-07,T,1.9464583256648762e-06,T,7.740586229337784e-07,T,6.699916549485232e-07,T,6.699916549485232e-07,T,6.699916549485232e-07,T,3.655018840271694e-06,7.646397814158543e-06,0.0011712280813419343
414,T,L,0.0007157568897362096,I,0.0002359669918342766,Y,0.0022244318558419323,I,0.0011054313585230938,V,0.0013886478698222201,V,0.0013977942518837386,V,0.0013669780346754832,I,0.0008849515007020842,T,0.002230371744358263,T,0.002236232204377771,V,0.0008863095036985132,T,0.0023438259941679644,I,0.0013062517974179507,V,0.0007052326129660727,I,0.0014713782278442439,I,0.0013014420330317307,V,0.0004690109936365596,V,0.0014117664317906797,V,0.00015635642610128063,T,0.002425780026460994,V,0.0014646544705376734,V,0.0014695748079658728,I,0.001265198139667035,V,0.0004926717428773161,0.001289833996246623,0.1975688204289143
415,I,D,0.00080505505510749,I,0.0016790685860076098,L,0.00018694483479336367,L,0.0006411197859780585,L,0.0011516956572813037,L,0.000605442873914038,L,0.0007270421460496882,L,0.0001540300612408999,I,0.0007417962055128824,I,0.0007417962055128824,L,0.0002133047977283557,I,0.0010905266591980066,I,0.0011854994874023277,V,0.0006598794776146539,L,0.0001540300612408999,L,3.635629136277519e-05,L,0.00015654632099149275,L,0.000605442873914038,L,0.00026958229420710424,I,0.0005864632402945608,L,8.895178526477078e-05,L,8.895178526477078e-05,L,0.000295556939400306,L,0.00015654632099149275,0.0005425679060947405,0.08310720722329888
416,D,F,0.0,D,0.0,D,0.0,D,0.0,D,0.0,D,0.0,D,0.0,D,0.0,D,0.0,D,0.0,D,0.0,D,0.0,D,0.0,D,0.0,D,0.0,D,0.0,D,0.0,D,0.0,D,0.0,D,0.0,D,0.0,D,0.0,D,0.0,D,0.0,0.0,0.0
417,D,Y,0.0012833702246343723,D,3.1754610191755697e-06,D,8.425220405240379e-06,D,1.1984569738436048e-05,D,1.1984569738436048e-05,D,1.1984569738436048e-05,D,2.1747429349893075e-05,D,3.3754541128046434e-05,D,5.017253996853199e-06,D,5.017253996853199e-06,D,3.757108256753091e-05,D,8.343305471698012e-06,D,1.4568941583156027e-05,D,4.459110829989021e-06,D,1.98723663863621e-05,D,0.0002398854844318893,D,3.3754541128046434e-05,D,1.1984569738436048e-05,D,7.91973248217611e-06,D,9.49301663379432e-06,D,1.1359607017575506e-05,D,1.1359607017575506e-05,D,6.793907127211686e-05,D,3.3754541128046434e-05,7.953025297642231e-05,0.012181953890724212
418,V,Q,0.000818441592323041,I,0.0010936396574467674,M,0.0003629794507667447,M,0.0013381177967541089,M,0.0010822987470932046,M,0.0010822987470932046,I,0.0014713782278442439,M,0.0015417129604792822,V,0.0020906509470866082,V,0.0020906509470866082,M,0.0016376683656491933,V,0.0026671423573890723,V,0.001763712405207457,V,0.0011868316227600728,M,0.002107933279752853,I,0.0005039547936264081,M,0.002192821792692148,M,0.0010441146898413085,M,0.0019204103841732236,V,0.0012419028162179689,M,0.0015832112479979166,M,0.0015690952061823897,I,0.0004849952994121932,M,0.0022221407781432396,0.0014624210047091358,0.22400463448135616
419,Y,P,8.738133915781529e-05,Y,0.00034867344195961444,Y,9.841716293648035e-06,Y,1.3656237189694995e-06,Y,2.1890469389656967e-06,Y,2.1890469389656967e-06,Y,2.1890469389656967e-06,Y,2.1890469389656967e-06,Y,0.0003098817562125674,Y,9.647620541055075e-07,Y,9.526829527586703e-06,F,0.0012270194633081572,Y,4.190512257647822e-05,Y,1.8047800585210794e-05,Y,5.954230528567292e-06,Y,1.598323979459081e-05,Y,7.172211789746357e-06,Y,2.1890469389656967e-06,Y,9.526829527586703e-06,Y,4.769226096529402e-06,Y,2.0507030044553714e-05,Y,2.0507030044553714e-05,Y,1.598323979459081e-05,Y,7.172211789746357e-06,9.054701414581028e-05,0.013869433454386508
420,D,Y,0.0,D,0.0,D,0.0,D,0.0,D,0.0,D,0.0,D,0.0,D,0.0,D,0.0,D,0.0,D,0.0,D,0.0,D,0.0,D,0.0,D,0.0,D,0.0,D,0.0,D,0.0,D,0.0,D,0.0,D,0.0,D,0.0,D,0.0,D,0.0,0.0,0.0
421,V,F,0.0005636282876413836,V,4.605245748733928e-05,T,0.00011539501967079013,T,0.0005566201498174264,T,0.0009546462252076395,T,0.0008145489109595661,T,0.0006091991330184444,T,0.00038138719194744233,V,3.089459900770454e-05,V,3.2128744119497914e-05,T,0.0003683866690703405,I,0.0002592830568230595,V,0.000214680846263601,V,0.0001898430183481339,T,0.0009688911423806867,T,0.0006184557612676315,T,0.0010614948877401345,T,0.0008070921797173359,V,6.776006894519356e-05,V,0.00011190227455598953,L,8.072690855908491e-05,L,0.0002808732983649207,T,0.0006333454445560894,T,0.0007576200467519091,0.0004385356800925561,0.06717219214565641
422,Y,S,0.00015881172211920948,Y,0.0002880092300975083,-,,F,0.0011488123727729106,F,0.00143052330938913,F,0.00143052330938913,F,0.00143052330938913,F,0.0013025013157282285,Y,0.00022779032992654806,Y,0.00022779032992654806,F,0.000591828068501193,Y,0.000708955713708692,Y,0.0013384806849534015,Y,0.0005739054065866444,F,0.0014082458715619234,F,0.0003313209044849273,F,0.0012395872983682007,F,0.00143052330938913,F,0.0003396053450177002,Y,0.0004308469844220877,F,0.0012334420365122077,F,0.0011579049837458456,F,0.0003313209044849273,F,0.001142449686821885,0.0008653783664042222,0.13255332358482222
423,G,K,0.00013600588474116753,G,3.447679992896687e-05,Y,0.0011450577235547258,G,2.555899701674547e-05,G,0.0001322044582390849,G,2.6097478192902293e-05,G,0.00013875994509835327,G,8.465268619037053e-05,G,1.524797961632102e-05,G,1.4752304534933414e-05,G,0.00011510891333246559,G,0.00010272781774372767,G,1.3810412767941078e-05,G,1.576083950677078e-05,G,0.00011704981511408949,G,4.837648796004599e-05,G,0.00014780107827222518,G,0.0001322044582390849,G,0.00013607818804100075,G,0.00012312377280831004,G,0.0001188155537280263,G,0.0001186168474022374,G,4.837648796004599e-05,G,0.00014780107827222518,0.00013076941701090693,0.020030453176302938
424,T,V,8.575484463023787e-05,T,8.625014364620907e-05,D,0.0022060660705252254,T,8.341903678668886e-05,T,8.341903678668886e-05,T,8.341903678668886e-05,T,8.341903678668886e-05,T,4.133720372450445e-05,S,7.61466717595173e-05,S,7.61466717595173e-05,T,8.341903678668886e-05,T,7.684277468643335e-05,T,7.684277468643335e-05,T,7.684277468643335e-05,T,4.133720372450445e-05,T,8.341903678668886e-05,T,4.133720372450445e-05,T,8.341903678668886e-05,T,8.341903678668886e-05,T,8.625014364620907e-05,T,4.133720372450445e-05,T,4.133720372450445e-05,T,8.341903678668886e-05,T,4.133720372450445e-05,0.00016024739264389336,0.024545707768280557
425,L,D,0.0002657533629292574,L,0.0004574828301500033,F,0.0008713061542945054,I,0.004900254675289708,I,0.0017574830353625072,I,0.0016042567938631613,M,8.984269088175076e-05,V,0.00020362136524670375,L,0.00026933478877312167,L,0.0003357490772093374,V,0.0005144765951957092,L,9.665377926694516e-05,I,0.0031423462956509346,L,0.0001586907784466832,V,0.0010764033573996312,M,0.002179442597461204,L,0.000363393171050331,I,0.0016836229767735295,V,0.0002767766370426094,L,0.0005664967010988812,V,1.397159724237274e-05,V,5.684380669578466e-05,M,0.002177241230329777,L,0.00021117928158635426,0.0009696926491350333,0.14853154237343139
426,D,G,0.0027244183100667042,E,0.0002339250379332997,D,5.850743660028994e-05,D,0.00048162616595698993,D,0.000564197852984921,D,0.0007644378752922302,D,0.00039450177150620236,D,0.0008283961880138008,E,0.00010540407178214389,E,0.00012932739062587577,D,9.258170855216703e-05,E,0.002654792962700891,E,7.24796971473713e-05,D,2.169601516314736e-05,D,0.00025051406311836093,E,8.3294629538999e-06,D,0.0008392737840418804,D,0.000564197852984921,D,0.0005982529540310601,P,0.00024273570340491743,D,0.0004270306405765416,E,0.0013084239715273815,E,2.624689594729914e-05,D,0.0008275006702989265,0.0005924499368004675,0.09074782919155798
427,E,K,0.0,E,0.0,E,0.0,E,0.0,E,0.0,E,0.0,E,0.0,E,0.0,E,0.0,E,0.0,E,0.0,E,0.0,E,0.0,E,0.0,E,0.0,E,0.0,E,0.0,E,0.0,E,0.0,E,0.0,E,0.0,E,0.0,E,0.0,E,0.0,0.0,0.0
428,L,I,0.0013479133120165667,L,5.965363634684819e-05,I,0.0008049330141169235,L,0.00010997014820792417,L,6.671594770219442e-06,L,3.6871799820427587e-06,L,0.00012480405418729143,L,1.8387157359750073e-05,L,1.557936649418945e-05,L,1.9841150102152077e-05,L,5.7138327916267254e-05,L,0.00012417811051849772,L,0.00014023666271614473,P,0.0016818575826341,L,0.00019056396843639608,L,1.727688024983633e-05,L,4.566491253609758e-05,L,1.1277118005735834e-05,L,4.3545070931937994e-05,L,9.079694192103043e-05,L,0.00020147916443921278,L,0.00020147916443921278,L,1.727688024983633e-05,L,5.1356486937083104e-05,0.0002243986618964708,0.03437200373515009
429,E,V,0.003373080865699022,E,0.0004127108328862551,K,0.0014815915560855268,R,0.0012196084533703628,R,0.002505809965364908,R,0.002455887509129997,R,0.0023943800429608118,E,0.0004047175099520144,E,0.0006618554622959495,E,0.0006618554622959495,E,0.0004634920205457098,Q,0.00171272908672064,E,0.0004793246670294597,Q,0.000864926978963504,E,0.0008678835191004766,K,0.007308193985042366,E,0.000998582380688123,R,0.0024783781919173473,E,0.0006046236131562386,E,0.0007647303412406629,K,0.001827808562528035,K,0.002002042369365184,E,0.0014713782278442439,E,0.0003874434596641826,0.0015751264609936242,0.2412681615079545
430,L,-,,L,7.49275149677691e-06,I,0.00018216098834164342,L,2.2834975563228164e-06,L,3.0782305878570725e-06,L,3.0782305878570725e-06,L,3.0782305878570725e-06,L,2.7385831175253324e-06,L,0.00018602636678834815,L,0.00018602636678834815,L,4.377082535198202e-06,L,0.00018216098834164342,L,3.898916092352673e-06,L,0.00015888187651237214,L,2.7385831175253324e-06,L,1.693961490091452e-05,L,4.377082535198202e-06,L,4.377082535198202e-06,L,7.617069731212031e-06,L,1.9502239414706678e-05,L,4.377082535198202e-06,L,4.377082535198202e-06,L,1.693961490091452e-05,L,4.377082535198202e-06,4.3952375829363767e-05,0.0067323539873540205
431,F,-,,F,0.00019733070078123812,F,0.00011313359934579798,F,0.00032981360927328773,F,0.0003043924660219138,F,0.000386914709185782,F,0.0002664206488850459,F,3.28137300980598e-05,F,0.0007416442355499842,F,0.0007416442355499842,F,0.00043309100987125863,F,5.345075959045081e-05,L,0.003239592690459189,F,0.00011758562068589844,F,0.0004452043638386912,L,0.0015513122505461479,F,0.00014092511780414255,F,0.000386914709185782,F,0.00017043932575265498,F,0.0002581138477787777,F,0.0005146290452012038,F,0.00018891438562703553,L,0.0015513122505461479,F,0.00014092511780414255,0.0005350660186688095,0.0819581143523987
432,T,-,,T,0.0,T,0.0,T,0.0,T,0.0,T,0.0,T,0.0,T,0.0,T,0.0,T,0.0,T,0.0,T,0.0,T,0.0,T,0.0,T,0.0,T,0.0,T,0.0,T,0.0,T,0.0,T,0.0,T,0.0,T,0.0,T,0.0,T,0.0,0.0,0.0
433,D,-,,K,0.0005313507433185632,K,0.00011251718525467977,A,0.0002989036367820469,A,0.0003493765060820355,A,0.0003493765060820355,S,0.0018607089651814413,A,0.0002674293391506597,D,0.00021105387151674964,D,0.00021714726308029762,A,0.00040289497335263997,T,0.00028315853123954654,D,9.440935513904198e-05,D,0.00014047191826541177,A,0.0012020258801504606,A,0.00023684855833667958,S,0.0005492500025373987,A,0.0003460622253773618,A,7.90112445913302e-06,N,0.00042312472578943537,A,0.00010323403405717235,A,0.0001188877939000668,A,0.0001298147581829909,S,0.0005148231086667059,0.0003804683046044589,0.058277789521775925
434,V,-,,A,0.0010970363791316827,A,0.00027773317735729574,A,0.00026307038972638144,A,8.87198382966882e-05,A,9.667464001334025e-05,A,4.1154449683515935e-05,A,0.0001729117922331032,A,0.0009846457126877874,A,0.0015488411960580368,T,0.0023930319768136737,A,0.0003440806288458366,M,0.000420070777270016,A,0.0008130359357949959,A,0.0007015968280580408,A,0.00010794694365062694,A,0.0006903912948783489,A,8.395239583950971e-05,T,0.002209445539608749,I,0.0017399331693421895,A,0.0005888904079352627,A,0.0004233543627404744,A,0.0001000644146403875,A,0.00021869528295933132,0.0006697946753724033,0.10259501945829548
435,V,-,,V,7.822234234140692e-05,I,0.0002916619593566101,V,7.622632429404037e-06,V,5.215647787557749e-05,V,8.069739834080125e-05,V,0.000499014754942323,M,0.0001286338804241528,V,0.0012214425995184409,V,0.001221258440874857,M,0.0005725232053045803,I,7.870202547337835e-05,I,4.6867992033521374e-05,I,9.55998996236236e-05,M,0.0002881881099195564,F,0.001090049465774709,I,0.0002408722898792037,V,4.8370016068788775e-05,I,0.0002273070039092461,V,0.0005193851322220365,I,0.0002669528027178964,I,0.00027074613934521385,F,0.000828693478477071,I,0.00025916665456443116,0.00036583194353986213,0.05603588195900521
436,E,-,,E,0.001298644579314347,K,0.00042313920974038175,T,0.007308193985042366,K,0.0012166250983578657,K,0.0011337115031328222,K,0.0014713782278442439,K,0.0005900204563132226,D,0.00019217210028805233,D,0.00022189002757913595,K,0.0009168425562294442,Q,0.0007183576698870104,R,0.004026578241741322,R,0.0006045934824525581,K,0.0006580692979150204,K,8.428454463681214e-05,K,0.0005622562105265208,K,0.00106706144474663,K,0.0007924955568025568,N,0.0010011921098136008,K,0.0007203237124120752,K,0.0006999001202693181,K,8.428454463681214e-05,K,0.0005257381379265947,0.0011442501225047267,0.17526918009352432
437,R,-,,R,6.926187256995015e-06,R,1.1329635405725332e-05,R,1.3929940817542682e-05,R,2.3368588582017933e-05,R,2.3368588582017933e-05,R,2.3368588582017933e-05,R,1.3482426421103542e-05,R,0.00033722735078048566,R,0.00033722735078048566,R,1.3482426421103542e-05,R,0.00033722735078048523,R,7.3361979700792884e-06,R,1.360125145696051e-05,R,1.3482426421103542e-05,R,1.3482426421103542e-05,R,1.3482426421103542e-05,R,2.3368588582017933e-05,R,5.088112285383751e-06,S,7.3361979700788615e-06,R,6.926187256995015e-06,R,6.926187256995015e-06,R,1.3482426421103542e-05,R,1.3482426421103542e-05,5.560579518669602e-05,0.008517352927598566
438,W,-,,W,0.0,W,0.0,W,0.0,W,0.0,W,0.0,W,0.0,W,0.0,W,0.0,W,0.0,W,0.0,W,0.0,W,0.0,W,0.0,W,0.0,W,0.0,W,0.0,W,0.0,W,0.0,W,0.0,W,0.0,W,0.0,W,0.0,W,0.0,0.0,0.0
439,D,-,,D,0.0003455519974442676,D,0.0003955309255854567,D,0.0003330055529760496,D,0.0006898251139728832,D,0.0006898251139728832,D,0.0006804721476804058,N,0.001444740309669754,D,7.559433248436583e-05,D,7.541318411194835e-05,D,0.0008623063845892567,D,0.0001809657095606136,D,0.0001853684198387111,D,0.00017240377044499267,D,0.000653100079491922,D,0.0007294575043714789,D,4.0731506141181586e-05,D,0.0006898251139728832,D,0.00017672498220425075,D,8.600391583289647e-05,D,0.0004553431320608542,D,0.0006648326892443794,D,0.00040412904396989845,D,0.0006969871763119164,0.0004664407872144891,0.0714465244349789
440,I,L,0.0008759095011284057,A,0.0027175586140662403,A,0.0027043134698670653,K,0.00021092585396445903,P,0.001139646777915642,P,0.001139646777915642,R,0.001222725573180315,P,0.00019547545562026658,I,0.0019541383233310436,I,0.0019484796903505145,P,0.00011789048603188254,I,0.001550981641775464,N,0.0013530737391517905,I,0.00144578029831787,P,0.0002408289813991152,P,0.0005069495837525953,P,0.00019496079286452137,P,0.0011382751442275925,P,0.00010726252748955189,I,0.0015286406564489876,P,1.7279729807628794e-06,P,5.405798961778335e-06,P,0.0005160820801564524,P,1.9331316762623972e-05,0.0009515004607358575,0.14574497509926682
441,N,D,0.0009950210952780981,K,0.004104067792156582,S,0.0035600491044039933,S,0.0008427794617317947,S,0.0027154756428734734,S,0.0018288219360843064,S,0.0019210456756982813,S,0.003330596641916697,R,0.003012897671973778,R,0.002961265403456943,S,0.0024682593843297473,E,0.002570657788539632,K,0.007110136598835146,E,0.0033879145567536923,S,0.002435010240803019,S,0.0010625397386959273,S,0.002920237169517829,S,0.0017089694521373916,S,0.004124977364476501,N,0.0017229747826214001,S,0.002619906361561535,S,0.002617744167333139,S,0.0015631668517086716,S,0.0028379564843629764,0.0026842696403021065,0.41115987645764596
442,A,E,0.0006792629642484124,-,,-,,-,,-,,-,,-,,-,,-,,-,,-,,-,,-,,-,,-,,-,,-,,-,,-,,-,,-,,-,,-,,-,,0.0006792629642484124,0.10404531358153678
443,-,K,0.0006903930775266555,T,0.0041219707507431725,I,0.00039010142421083964,A,0.0014713782278442439,T,0.004050397654831286,T,0.004122969648970925,E,0.0014713782278442439,A,0.000978893099826549,A,0.00046977737690339033,A,0.0004848167544714174,S,0.007308193985042366,S,0.00535740697518502,S,0.002933294545483174,S,0.004713616924753469,A,0.0009367403233930736,S,0.002595158947359516,A,0.0009199693322927957,T,0.003927137055152795,A,0.0014607718162646139,A,0.000672807124785311,A,0.0014713782278442439,A,0.0010740823804712201,S,0.004960970730667934,A,0.0008046692202394255,0.00239117807633782,0.3662659174376529
444,M,Y,0.002639753694121072,I,0.0024868106384927655,I,0.0019250416184066798,T,0.0006139358926994865,T,4.416614902027387e-05,T,0.00013427136519223343,I,0.0014289119055762845,A,0.0015632186470015028,M,0.0008526324396990653,M,0.0008564577506841366,I,0.003414850823497191,M,0.0018908893037401543,I,0.0002194382167225622,I,0.000990274344238898,A,0.0004399763243566335,I,0.003042260076020001,T,0.001090446057748491,T,0.0001427076868891675,M,9.512506571306152e-05,I,0.002041303899133113,T,7.632330051196142e-05,T,0.0006717399878680732,I,0.003309083127243387,T,0.00032940664944495406,0.0012624593735008811,0.1933757444661928
445,D,L,0.0021819625576909776,H,0.0013522339818269182,K,0.0013011126649598971,E,1.8714067482259768e-05,Q,0.0003004807439826662,Q,0.0003004807439826662,E,9.561018443887692e-06,D,0.0005091173932215795,E,0.000762356773595043,E,0.0007604120648214137,D,0.00027330579922421757,K,0.002256553240221028,S,0.001023974393437944,N,0.0019594335445749307,D,3.354842276537793e-05,E,7.482215418892115e-05,E,0.0009927075472708536,E,1.5668283614577773e-05,E,1.7782343218307196e-06,D,0.0004549720090893377,D,0.00026506569544598095,D,0.0002840316924330573,E,0.000532945895582736,E,0.0010516243566771237,0.0006965359699523011,0.1066910861166923
446,Q,V,0.00035807553335643716,E,0.003938659725136321,G,0.005305755020098425,C,0.007308193985042366,C,0.007308193985042366,C,0.007308193985042366,C,0.007308193985042366,C,0.007308193985042366,Q,0.0009354987308925288,Q,0.0011224825226169644,C,0.007308193985042366,Q,0.00016286977164113814,Q,0.003272236138703147,Q,0.0015613822280988161,C,0.007308193985042366,C,0.007308193985042366,C,0.007308193985042366,C,0.007308193985042366,C,0.007308193985042366,E,0.00241261077860242,C,0.007308193985042366,C,0.007308193985042366,C,0.007308193985042366,C,0.007308193985042366,0.005362186676032572,0.821346700107316
447,L,R,0.0029890578529065807,L,1.4153705120928122e-05,L,5.88266040843661e-06,L,3.88970755752525e-06,L,3.4552868457387353e-06,L,3.131837303085699e-06,L,3.131837303085699e-06,L,1.7216079812772e-05,L,0.0002689342068946795,L,0.0002689342068946795,L,0.00017163368847356947,L,0.0002660596136352779,L,6.798686761436124e-05,L,2.306456676504351e-05,L,7.248960969949908e-05,L,9.305013838489341e-06,L,6.076075706648521e-06,L,3.4552868457387353e-06,L,0.00010022867009277638,L,7.735538222526994e-05,L,1.0519551715752054e-05,L,1.0519551715752054e-05,L,9.305013838489341e-06,L,6.076075706648521e-06,0.00018382759787170116,0.028157578246098956
448,P,T,0.0,P,0.0,P,0.0,P,0.0,P,0.0,P,0.0,P,0.0,P,0.0,P,0.0,P,0.0,P,0.0,P,0.0,P,0.0,P,0.0,P,0.0,P,0.0,P,0.0,P,0.0,P,0.0,P,0.0,P,0.0,P,0.0,P,0.0,P,0.0,0.0,0.0
449,D,P,0.001792074467870992,D,0.002866565187992708,E,0.000967696043227587,E,0.0015198668430220562,E,0.0016774501450880026,E,0.0016751493129010103,E,0.0006251234357699574,E,0.0005518453379962609,E,0.0008687203831743012,E,0.0007394753179648041,E,0.0014915755398931883,P,0.001255010533158208,Y,0.00017108555490598576,H,0.0015250472158059177,E,0.001004054937488406,D,0.0035775015609257116,E,0.00039953528203012084,E,0.0016945760395496816,E,0.0015402958259891006,D,0.0018097890644198052,Q,0.0006663993292241868,Q,5.4002027773728645e-05,D,0.003981433559685785,E,0.0007612923781127973,0.0013839818884987627,0.21198981419419818
450,Y,S,0.0014375940625110215,Y,1.3356210155869702e-05,F,2.856447401412777e-05,Y,8.531051845643977e-06,Y,4.6881866739418275e-06,Y,4.6881866739418275e-06,Y,4.6881866739418275e-06,Y,7.899354551095509e-06,Y,1.1405836698472283e-06,Y,1.1405836698472283e-06,Y,7.899354551095509e-06,Y,1.5182733062739219e-05,Y,1.612761336202247e-05,Y,0.0007214646582465323,Y,7.899354551095509e-06,Y,1.0481982101431028e-05,Y,7.899354551095509e-06,Y,4.6881866739418275e-06,Y,8.531051845643977e-06,Y,5.683309827804049e-06,Y,4.6881866739418275e-06,Y,4.6881866739418275e-06,Y,1.0481982101431028e-05,Y,7.899354551095509e-06,9.774609121721211e-05,0.014972143701838962
451,M,Q,1.8874100913477728e-05,M,0.00014616583890015444,M,2.8729340538578868e-05,M,2.0286029666784276e-05,M,1.2990284232683857e-05,M,1.2990284232683857e-05,M,1.2990284232683857e-05,M,1.937832834250038e-05,M,2.65596698333691e-05,M,2.5727816436522392e-05,M,2.7028525559715308e-05,M,0.0005906066136632642,M,9.823400023860985e-05,L,0.002030603412697611,M,2.559784556461992e-05,M,4.347682201138838e-05,M,2.7028525559715308e-05,M,1.2990284232683857e-05,M,2.8626219485741424e-05,L,0.001064409001061751,M,4.347682201138838e-05,M,4.50745159374145e-05,M,4.347682201138838e-05,M,2.7028525559715308e-05,0.0001846812463718519,0.028288334861079234
452,K,M,0.0,K,0.0,K,0.0,K,0.0,K,0.0,K,0.0,K,0.0,K,0.0,K,0.0,K,0.0,K,0.0,Q,0.0,Q,0.0,Q,0.0,K,0.0,K,0.0,K,0.0,K,0.0,K,0.0,K,0.0,K,0.0,K,0.0,K,0.0,K,0.0,0.0,0.0
453,I,P,0.0004167268199595569,L,0.0009526503810740537,V,0.0014713782278442439,G,0.00143652792344978,G,0.001735414064727703,G,0.001920769353768313,G,0.0018176485985804155,G,0.0020887379330096828,I,0.0007037946733700529,I,0.0007304643639022675,G,0.0018327934658786554,I,6.121615727920972e-05,V,0.0013837189967065256,L,0.00016841624077652213,G,0.0022737929680045556,G,0.0022100775306977583,G,0.002280513945863918,G,0.0018902629759822275,G,0.0009602145553707579,I,0.0005447004365216004,G,0.001964177138432106,G,0.0016521215595680999,G,0.0016351197594005396,G,0.0026051111639407492,0.001447347884754554,0.22169582688419553
454,C,L,0.0029832206527248854,P,0.0030455361465041727,A,0.00038289278208204736,V,0.00479846006576994,V,0.0037880035069762534,V,0.004697615734042725,V,0.003729861598335594,M,0.0013162435061079077,C,0.00046674962012702213,C,5.458942105723994e-05,V,0.004504461341300828,C,0.0008638007111506161,C,0.000759302229087343,C,0.0008377772181356182,V,0.005366261425775647,V,0.0031295255457751405,V,0.004958967293259634,V,0.004700636866857711,V,0.0030028197868551356,C,0.0002904848012351465,I,0.0014140419464940544,I,0.00032725853395383577,V,0.0023073714747534517,V,0.0058628889972223664,0.0026495321335660133,0.4058389993134067
455,F,I,0.0004336250871867849,F,1.640707026785092e-06,F,0.0001923544449246188,Y,0.0003425018170173709,Y,0.0002603830959910595,Y,0.0002603830959910595,Y,0.0003216729628630559,Y,5.3790621104549314e-05,Y,0.0021323017625444417,Y,0.0016447544855436864,Y,4.0562806363365005e-05,Y,0.00027176919801655806,Y,0.0006651743926825808,Y,0.0002202358842618334,Y,3.76081321972486e-05,Y,7.902680679165334e-05,Y,3.048153454388086e-05,Y,0.0002603830959910595,Y,4.070792444575202e-05,F,0.0001070593138369635,Y,3.883897023788024e-05,Y,9.853648465577364e-05,Y,7.902680679165334e-05,Y,3.048153454388086e-05,0.00031847087356472897,0.04878140521512413
456,L,K,0.0031839029568667314,F,0.0022881755054820047,K,0.002446983829400524,I,0.00393233648094931,I,0.0026742933065248683,T,0.0014713782278442439,I,0.0021302380526034385,M,0.000577327106751935,L,0.0017745623468318774,L,0.0017745623468318774,I,0.0031329255675382334,L,0.0008607321036378306,L,0.0008577398738348588,L,0.0017449622607990385,L,0.0018429484833899087,M,0.00029679501836707976,M,0.0006966039288954522,T,0.0014713782278442439,M,0.00038441347402423166,L,0.0006796379313723424,M,7.412209176459137e-05,M,7.412209176459137e-05,M,0.00024654711880333193,M,0.0005338747346733968,0.0014646067944498308,0.224339440279646
457,T,T,9.049338933695753e-05,T,0.0005214066807444701,A,0.0012357816420181045,D,0.00025260046079349767,V,0.0010965153551419557,V,0.0025928058383349385,I,0.0014713782278442439,I,0.0005706534536649843,A,0.0014042658281019802,A,0.0014219831076450026,A,0.00011544472750088703,A,0.00016218721190376203,A,0.0004092574764949754,A,0.00210677687031629,I,3.275897925489312e-05,A,0.000408121397952511,I,0.001347749788982629,V,0.0022582030092578526,M,0.0011038420755094683,A,0.0021698140970424946,M,0.0002747596245300506,M,0.0005311054678085771,A,0.0004103964254441177,I,0.0005201352012602172,0.0009378515140368691,0.1436543135821543
458,L,I,0.0004580937262901915,L,1.5655553452059903e-05,F,0.0008045206027545067,L,0.0005850297380148025,L,0.00025527814543593305,L,0.0002863614883534446,L,0.0002677181833442112,V,0.003860866301645116,L,0.0007419485119978119,L,0.0007992703441398829,V,0.002969092375674399,L,8.397975446206794e-05,L,1.1314555806592384e-05,I,0.0009957083971067634,L,0.0014713782278442439,V,0.0022865025203839483,V,0.0016937419853447727,L,0.0002609612672493145,V,0.0017926614776922925,C,0.0016483275861227213,V,0.0012901808552989514,V,0.00206730317566597,V,0.0029116429105879057,V,0.002492510531058076,0.0012520853423219158,0.19178671432038705
459,H,C,0.002240524557486367,F,0.0010544793126940038,D,0.0036153293328291484,Y,0.0001348667426163306,Y,0.0003594334187891049,Y,0.0003509929262848549,Y,0.00022858253122724027,Y,0.0005250693400203532,Y,0.00040658349510827596,Y,0.00040658349510827596,Y,0.0002215487343856419,F,0.002721624247437991,Y,0.000510571281742876,Y,0.00010214320852568221,Y,0.0005413559055629022,Y,0.00022158391284090215,Y,0.00019213862064780776,Y,0.0003594334187891049,Y,5.76454536730756e-05,Y,0.0006784366220064904,Y,0.00011305868210352874,Y,0.00039136912226914525,Y,0.0007460998261465761,Y,5.144165116248788e-05,0.0006762873266440904,0.10358952375647358
460,N,E,0.0002962706022142478,N,0.0009268374931634088,E,0.0013704655077213252,E,0.0022546734718797627,E,0.00033677540724227727,E,0.0004510264786728347,E,0.0009433209230348194,D,0.0017076623776634589,N,3.4203398861773373e-05,N,9.505578690955201e-05,D,0.0036313552541721132,N,0.0011334198357262632,N,0.0002774007389558316,N,0.00012228375683001185,D,0.0007184116665287974,D,0.0012563014983535215,N,0.0013354465201264524,E,0.00044179794791323923,H,0.0012680031066234143,N,6.2499035298124465e-06,N,9.067064409474097e-05,N,0.000268009277989034,D,0.0014518650777771923,N,0.0007936647289752102,0.0008837988085399622,0.1353748533592951
461,S,Y,0.000418124721623905,T,5.1382183267886165e-06,A,0.0006041486532346429,T,0.00017061512381302607,T,0.0011510559796588942,T,0.0011510559796588942,T,0.0011529773302167037,T,0.00040551539788652,T,0.00030589687174000456,T,0.00030722868456544176,T,0.0008544935936449326,F,0.0013030923204402716,F,0.001303090070868389,F,0.0002881418582586149,T,0.00044245673748058217,N,0.0007045415202099854,T,0.0008380465759752086,T,0.0011363913282326655,T,0.0007911451396409648,A,0.0001275360996647058,T,0.0011293043506518598,T,0.0007546800338498504,N,0.0007045415202099854,T,0.0008117899659533246,0.0007025420031585902,0.10761105325934507
462,V,V,0.0023784217728572725,V,0.003255687782727853,V,0.003828612134881566,V,0.001968924320271717,V,0.002235569835013271,V,0.0022370825409362555,V,0.0022398893454986355,V,0.0018608067693813676,T,0.0019718237277892197,T,0.001961912053003194,V,0.0020094432247578418,V,0.002353407341585024,V,0.002522325775425222,V,0.00374632805842292,V,0.0008884614728528075,I,0.000940977712719822,V,0.001962630944940465,V,0.002236497501847331,V,0.0020157534340956343,T,0.0012330319762128778,V,0.00111653493094632,V,0.0011375303832919922,I,0.0014713782278442439,V,0.0015296949485399593,0.0020459469256601174,0.31338553793673224
463,N,S,0.0009904003281300073,N,0.0014136902742402694,K,0.0008366419429788725,N,0.0006543943855444076,N,0.0006192316755966505,N,0.0006187277032219433,N,0.000508529454330321,N,0.00040142485820030666,N,0.00031005020200088545,N,0.00030913282467772237,N,0.0007131351415398181,N,0.0004440744714474308,S,0.0003273950845539145,S,0.0003401762395378697,N,0.00036013192981537153,N,0.0003352505151584022,N,0.00046161381362246355,N,0.0004782574212993107,N,0.000373507826159565,N,0.0005165690322892212,N,0.000494477764795913,N,0.0006648340749257995,N,0.00031354779630754184,N,0.00043704332375403,0.0005384265868386682,0.08247286546860591
464,E,E,0.0010223362064073287,E,0.0008342622494251149,D,0.0008588234876344252,E,0.00027951603225521504,E,0.0005825200934337496,E,0.0005747456208130362,E,0.0009953050034080678,E,0.0006374793683406957,D,0.0017176663641737587,D,0.002184465265007777,E,0.0009202920767037833,E,0.00047872690199409656,E,0.0005295102184282217,E,0.0006563911841047588,E,0.0006406550377280507,E,0.0003618645198504355,E,0.0003207730857724959,E,0.0005787560019200234,E,0.0005426167876676387,E,0.0010472759255084339,E,0.00018621148061774196,E,0.00020478276454295917,E,0.00035999733445279833,E,0.0006005218797774054,0.0007131456204153339,0.10923524998527319
465,M,Q,4.1504943421409585e-05,M,0.00026263327087223216,M,0.0009445259864772708,L,0.0014713782278442439,M,0.0010534993602314973,M,0.0009433615898294604,M,0.001399254810560162,I,0.0014713782278442439,I,0.000631451254233249,I,0.00017911895560214337,M,0.0014713782278442439,M,0.0016437847300260478,R,0.0009152864973242115,L,0.00017719523391134694,T,0.007308193985042366,M,0.0014713782278442439,M,0.0014713782278442439,M,0.0010815756224166518,M,0.0009773399094011135,L,0.0003610949089025509,M,0.0013755498941532675,M,0.0014713782278442439,M,0.0011845535399423567,M,0.0014713782278442439,0.0012824821703023765,0.19644271305073216
466,A,F,2.656054705706068e-05,A,0.0004062473069875026,A,0.000481624037567151,A,0.0002739878154106486,A,0.0015357529998419968,A,0.0014139115640021663,A,0.0005630331133948686,C,0.0007587316445898594,A,0.0003698926986204496,A,0.0003698926986204496,A,0.0015183042419672716,A,0.0005368864964532747,A,0.0005202747400401025,A,0.0004820210180064646,S,0.0009860459626018082,A,0.0016658171482520127,S,0.0006823307606822254,A,0.0015171318686963444,A,0.0026209050359898563,S,0.0004899477626029225,S,2.6518828111042785e-05,S,0.0009506796294914232,A,0.0016711348528541479,S,0.000676427525784679,0.0008560025124010722,0.13111718806559539
467,L,-,,-,,Q,0.0015466116294006195,R,0.00037088793133396327,K,0.0009178293882001066,Q,0.0012304107785543607,R,0.0007137077568521072,Q,0.0005250322922721806,-,,-,,R,0.002117079293988604,-,,-,,-,,R,0.0001445030434059857,R,0.0025322479546978,Q,0.001481991670061215,Q,0.0016816730089759182,R,0.0014681693210697837,-,,A,0.0010600527837852966,A,0.0018502307216536793,R,0.0031920671865976725,Q,0.0010058894376107782,0.0013648990124037544,0.20906681686938505
468,D,-,,-,,E,6.466008116766845e-05,E,7.718067765188176e-05,E,0.00027102313342583083,E,0.0002731382592658344,E,0.000346584265881541,E,0.00033536979550354235,-,,-,,E,0.0003375435082019006,-,,-,,-,,E,0.00035164017440408526,E,0.00022185910003365994,E,0.00025439559241411953,E,0.0002731382592658344,V,0.0009942926378304587,-,,E,0.00025744810573484175,E,0.00034675288156190364,E,0.00022185910003365994,E,0.00031276168878182584,0.00030872795382241175,0.04728904482872976
469,T,-,,Y,0.004802341360683185,-,,-,,-,,-,,-,,-,,Y,0.0016248324375334007,Y,0.0016301176927235373,-,,Y,0.0037048606371304625,Y,0.00395708043363773,Y,0.0021081001056519814,-,,-,,-,,-,,-,,Y,0.0043596191941295374,-,,-,,-,,-,,0.003169564551641405,0.4854943594007728
470,-,-,,-,,-,,-,,-,,-,,-,,-,,-,,-,,-,,-,,-,,-,,-,,-,,-,,-,,-,,-,,-,,-,,-,,-,,,
471,-,-,,D,0.00043052604963757945,-,,-,,-,,-,,-,,-,,E,0.0009857243907167373,E,0.0009894647548585175,-,,D,0.0006715558008612668,D,0.0008524601761033638,D,0.0006953253350085943,-,,-,,-,,-,,-,,N,0.0008798976413783967,-,,-,,-,,-,,0.0007864220212234937,0.12045927735241693
472,-,-,,V,0.00018646433180045908,A,4.428227424984639e-05,A,2.6949176837480866e-05,A,2.9897068983045203e-05,A,2.9897068983045203e-05,A,0.000271740635940364,A,3.423440313326111e-05,A,0.0009666659317385582,A,0.0009654060721983815,A,3.8345246111345414e-05,T,0.0012832781039568452,I,0.0005985668184641567,I,0.00024134295381688536,A,3.423440313326111e-05,A,2.9333664585466386e-05,A,6.66469604981644e-05,A,2.9897068983045203e-05,A,5.73858868610267e-05,T,0.00037926462310746225,A,3.8345246111345414e-05,A,3.7277860662696306e-05,A,2.9333664585466386e-05,A,6.66469604981644e-05,0.00023849723587999005,0.03653153638800249
473,M,-,,L,0.0016140535528179846,K,0.0031820640784249094,H,0.007308193985042366,Q,0.0009221374391995828,Q,0.0013711096892351387,R,0.0014401995994728842,E,0.0008782965257741207,L,0.0018690964983786628,L,0.0019362397715855404,E,0.00016909905582912786,L,0.0011568193525376648,L,0.0011910749089155165,F,0.00038654252754940816,E,0.0007392257195219578,Q,0.0007087399699025089,D,0.0006998278653873943,Q,0.0007644820823889585,E,0.0014628569030159981,L,0.0014910384685414,Q,0.00014668149501761654,Q,7.297484711927163e-05,Q,0.0007475939055100233,D,0.0006850446052078404,0.0013453649063641683,0.20607470292324556
474,K,-,,E,0.0011285688834631968,K,0.00010741884980139379,K,0.0004444390802410564,K,0.00029723805873165454,K,0.0005273233241463877,K,0.0005186579919067652,K,0.0005084472715654862,K,0.0002885774812056792,K,0.0002885774812056792,E,0.0005261781749517434,R,0.0004897497107083866,K,7.479271141128253e-05,R,0.0008051429081271229,K,0.00028725389414484986,K,8.255483275344496e-05,K,0.0005292841152239989,K,0.0002963581064314628,K,0.0005445358410361285,T,0.0009148654066494046,K,0.00048616603690482073,K,0.00031207612276412205,K,8.255483275344496e-05,K,0.0005292841152239989,0.0004378280535370222,0.06706380227200769
475,E,-,,E,0.002181239831580012,T,0.0004405990035019143,S,0.00027563645376300384,S,0.0017967253600837622,S,0.0014640048349552454,S,0.001345280860715865,A,0.0016793526620259482,E,0.0010275490826907614,E,0.0012018051176932772,A,0.002321424371747825,D,0.0024040192961732217,D,0.002010340345612681,D,0.0008139235605175109,A,0.0016511200991445132,I,0.0026631841798131516,A,0.0018574371502769523,S,0.0012946583197698564,A,0.0025059075306241565,N,0.0022106694968005054,A,6.581946791022034e-05,A,0.0005946540938229564,I,0.0031914185422224125,A,0.0025298451241171794,0.0016315919471983885,0.24991719660617917
476,Q,A,0.00041747991514798344,H,0.0007025272306515236,Q,0.0003202452078025402,Q,0.0003734681431172435,Q,0.00029516768874315353,Q,0.0004417691179796993,Q,0.00041045723056155816,Q,0.0002634688041074946,E,0.0025132301061077137,E,0.0025726677857860147,Q,0.00047155864841399807,K,0.00015339546460201579,Q,0.0023733524751313106,K,0.000374060411363194,Q,0.00027079941885346873,Q,0.0004741483768715885,Q,0.00025898796860341695,Q,0.0004417691179796993,Q,0.0004486542732170374,K,0.000504957627985285,Q,0.0006467781498285404,Q,0.0006463795812338432,Q,0.00032006899757388674,Q,0.00025898796860341695,0.0006647658212610677,0.10182473058563678
477,R,P,0.00017737740743259677,N,0.00033304286805819534,G,0.0009624617699205957,G,0.0015376197240026216,G,0.0018481165522367757,G,0.0018718366423302506,G,0.0017732948745474517,G,0.001157704723975635,G,0.0008488172648530087,G,0.0008453740361781003,G,0.0015209444206072868,G,0.0004113511277926987,H,0.001960961384821967,G,0.0005359961186063813,G,0.0016460929701680046,G,0.0012140722888447154,G,0.0014034777512746913,G,0.0018503421021416823,G,0.0013807802810012794,G,0.0006395687840720279,G,0.002538280247716008,G,0.0021510159338800007,G,0.00121185881867868,G,0.001428925807754397,0.001302054745870627,0.19944071952212902
478,F,S,0.00020199216556831724,F,0.0018604926250600582,R,0.0010563226869781965,R,0.0003047253241278654,R,0.0010983018036741159,R,0.0010980862532057507,R,0.0010212259529725051,R,0.0010258010365881973,L,0.0012827723566049762,L,0.0009817684079017573,R,0.0011525579981367762,F,7.991937282426364e-05,F,0.0012755955163895097,F,0.0011583799601940328,R,0.0009945569527208915,W,0.0003685389965825197,R,0.0011285682754737622,R,0.0010980862532057507,R,0.0010224144270641453,F,0.0011843979321416245,R,0.0010320508843356517,R,0.0010124401706789455,W,0.0003685389965825197,R,0.000974647004896716,0.0009492575564128687,0.14540142084134114
479,-,-,,-,,-,,-,,-,,-,,-,,-,,-,,-,,-,,-,,-,,-,,-,,-,,-,,-,,-,,-,,-,,-,,-,,-,,,
480,H,K,0.00014661645715605606,V,0.0016505827540446631,D,0.00019753001977510518,D,0.0014155324136340215,D,0.0027108469838482228,D,0.0027108469838482228,D,0.0027256605570066717,N,0.0006392096109072481,D,0.0026375029860780026,D,0.00266615583871607,D,0.001163055215955322,N,0.00011092295239051525,N,0.0013034957682433587,N,0.0011112111710025788,D,0.001015972454773558,D,0.0008668322579395949,D,0.0010063841383809661,D,0.0027333219078837434,D,0.0019145245328669905,F,0.0023544894978267295,D,0.0006537682252715383,D,0.0007733332181305047,D,0.0008668322579395949,D,0.0003364267318519788,0.0014046272889779692,0.21515214937208063
481,I,N,0.00023656766584854224,T,0.0011886712031328255,T,0.0008043165041307554,T,0.00026706977730501873,T,0.00040861028401398627,T,0.0004121532074117208,T,0.000376845601387833,T,0.00034534966852713264,V,0.0019225973315229765,V,0.0028659023069318753,T,0.0006988972683129725,S,0.0008010946048844587,S,0.002084652523511235,S,0.001973050116212868,T,0.00035396572047274985,T,0.00040765306155439,T,0.00025652163058800413,T,0.00040861028401398627,T,0.00044009173698333,V,0.002317400304074968,T,0.0004601026587666008,T,0.0004076651456949116,T,0.00034625145395076386,T,0.0003654584893518729,0.0008395624395244075,0.12859899904634195
482,I,I,0.0025648271328586303,V,0.0003548577096963087,L,0.00045335258341750595,L,0.0008789223742237074,L,0.0002543828797563588,L,0.0002543828797563588,L,0.0003444372552853692,L,0.0002930832478327824,I,0.0022095131109837922,I,0.003510521094136013,L,0.0003446142218319165,T,0.00014201684727754545,I,0.0005870957255168121,L,0.00016142274045121522,L,0.0003475954705448004,V,0.0008862192678021038,L,0.00021427674388917306,L,0.0002543828797563588,L,0.00010938276036121543,H,0.0014400916297510403,L,0.0006445384122210154,L,0.0006458575781693682,V,0.00017677689069936853,L,0.00021214114279402506,0.0007201955241255328,0.11031511077682818
483,K,T,0.00197502610826478,E,0.0005515996415267257,D,0.0009628379017559476,N,0.00045903477123304676,N,0.00023788059937334663,N,0.00026724944284144527,N,0.00018455998718687374,D,0.00040188744492030836,P,0.002138082290108265,P,0.002123967470445594,T,0.003536473928580519,P,0.0011594859123013215,P,0.0010818759747171147,P,0.0008792791481909153,D,0.00027326297918468464,S,0.003992079110271579,N,0.0004854960200708738,S,0.003140233160096655,N,0.00019110750436466577,P,0.0016728290694080167,N,0.0005001754230970043,N,0.0008694353715735113,S,0.003597629234720545,N,0.0006629087346099311,0.0013060165512018196,0.2000475644404134
484,Y,Q,0.0014713782278442439,Y,0.000818384930219855,Y,0.0009254886438115744,Y,0.0006377584285711982,Y,0.0008589506237888101,Y,0.0008712628124536533,Y,0.0009256724414384978,Y,0.0013408999917258813,Y,0.00028878659683891886,Y,0.000584264591691051,Y,0.0007227553318292072,Y,0.0009420344432459405,Y,0.0008797046956462381,Y,0.0008620946568740093,Y,0.0007632923732493594,Y,0.001168590723556348,Y,0.0009770622595015575,Y,0.0008712628124536533,Y,0.00056060373118535,Y,0.0005391607257520696,Y,0.0009119834301410419,Y,0.0009119834301410419,Y,0.001144456542298622,Y,0.0012640956672757425,0.0008850803379805778,0.1355711501390855
485,L,V,0.00024262557609891413,L,0.001999129601627105,A,0.0008324632249015319,A,0.0017622796466499233,V,0.0013009039123500923,V,0.0012705061318980168,A,0.0018481934516797812,A,0.003050511764159311,L,0.0020381614697948893,L,0.0020409184157989223,A,0.0015790000403134673,L,0.0006555166985163687,L,0.000437501036785951,L,0.00034084960359074347,A,0.0008536752467539829,A,0.0030493835887334354,C,0.0004100409570771135,V,0.0013009039123500923,A,0.0011062054410509658,L,0.0007560652362950023,A,0.0013999883314589128,A,0.0013999883314589128,A,0.0024095598339959846,C,0.00039766661742276664,0.0013534182529484245,0.20730826490857604
486,K,I,4.02003918563433e-06,K,0.00025989756441952927,R,1.6102103951284144e-05,R,1.5209532672467705e-05,R,2.7615024475216764e-05,R,1.8540911537911218e-05,R,1.8540911537911218e-05,R,1.324876136982145e-05,K,0.0015613677587408127,K,0.0015613677587408127,R,1.4451492874434545e-06,R,0.0013456280334521115,Q,0.0007903645257654516,H,0.0007943984424507541,R,5.334827746858612e-06,R,0.00010306024983703139,R,3.7575920346482054e-06,R,2.9324136831660215e-05,R,5.056534003887178e-05,K,0.0015459498317209495,R,7.081689996177862e-06,R,7.081689996177862e-06,R,0.00010306024983703139,R,3.7575920346482054e-06,0.0003452799882358841,0.052887860137026246
487,K,W,0.0014548396681571484,N,0.0002031077510636064,K,0.0014713782278442439,E,0.007308193985042366,Q,0.001263765788629995,Q,0.0014713782278442439,L,0.0014847488987330308,Q,0.00020453730215048128,K,0.00012263532559109988,K,2.471556131755716e-05,E,0.0002421417300763714,K,0.00214538535607398,R,9.44844771378763e-05,K,0.0013446942989365563,R,0.0021202727665350007,K,0.00030393659031479963,Q,8.71557048971439e-05,Q,0.001237249812798808,Q,6.742646516359666e-05,K,0.00012766220467690578,Q,0.00035400514030438867,Q,4.6776698332514815e-05,K,0.00027306597001927905,Q,3.930002862122494e-05,0.0009788690825109257,0.1499371318702932
488,A,E,6.717045589960517e-05,S,0.0005147639414990426,A,0.0014494797509107633,A,0.0004515514713235553,A,0.0013062454478502553,A,0.0012989197319730745,A,0.0013150330195992853,A,0.001054983950475147,V,0.0011615516895595057,V,0.001061556875038937,A,0.0015828038914389728,A,0.001206180400581239,S,0.0005928114675428557,S,0.00019422803141587287,A,0.0010127089118232748,S,0.00013500804354808397,A,0.0015391694509619106,A,0.0012919148687252416,A,0.001281902456784141,A,0.0002699374830477494,A,0.0007288322424566853,A,0.0013987961337861181,S,0.0011181758298349205,A,0.0024535949844676315,0.0010203050221059945,0.15628403366772126
489,W,V,4.779986070234047e-05,W,4.3415038496935715e-06,W,5.410616053264077e-06,L,1.6467239357818576e-05,L,1.6467239357818576e-05,L,1.6467239357818576e-05,L,1.6467239357818576e-05,W,2.5061560902255564e-06,W,2.843578006509771e-06,W,2.843578006509771e-06,W,4.3415038496935715e-06,W,0.0003113403304414594,W,5.096714597546361e-06,W,5.096714597546361e-06,W,2.5061560902255564e-06,W,2.5061560902255564e-06,W,2.5061560902255564e-06,L,1.6467239357818576e-05,W,4.3415038496935715e-06,W,2.843578006509771e-06,W,4.3415038496935715e-06,W,4.3415038496935715e-06,W,4.3415038496935715e-06,W,2.5061560902255564e-06,2.1007957114586165e-05,0.003217869368327927
490,V,V,0.005178947238730133,A,9.282794333265435e-05,E,0.000592313858939576,E,0.00028767517360582393,E,3.287162896072587e-05,E,3.287162896072587e-05,E,5.008118804934274e-05,D,0.00010225980977119964,T,0.0019564894175094776,T,0.0020603307333104267,E,0.00020327472952849955,V,0.0029366650093458546,V,0.0031270824674350124,L,0.0002693562833272649,D,0.00018406729192118134,E,0.00026743101357986265,E,0.0012771124956941925,E,3.287162896072587e-05,E,0.0002486803287887259,Q,0.001261185631399682,E,0.00020505278181148724,E,0.0002926238185486838,E,0.00026743101357986265,E,0.0012771124956941925,0.0009265256504493879,0.14191948761553463
491,D,R,0.0011192064477336104,E,0.0005318976173806103,V,0.0020145172954620025,D,2.34556357755577e-06,A,0.0002004927916684701,A,0.00035200385340339394,E,0.0004243096117180677,E,1.513311646228717e-05,D,0.0017503969235109522,D,0.0017503969235109522,A,0.0009440333339998693,D,0.0008151708255187932,S,5.6505563476235196e-05,D,0.0010195297945782738,D,0.0012023270151206768,A,0.0009313763886696447,E,0.0008565351542573307,A,0.00017284150092956616,A,0.0007552488934171367,D,0.0010478079564989725,V,0.005200859475077569,V,0.004569393011960754,A,0.0009313763886696447,E,0.001510367182723689,0.001173919692888586,0.17981378198836453
492,L,Y,0.0034363597352553414,L,9.22790225621332e-05,Y,0.0037856895631223873,Y,0.00044515195156446115,Y,0.0033938745972708056,Y,0.0034824859967703247,Y,0.0035068355256066457,Y,0.001819904784238117,L,0.0013032031569406707,L,0.0013885319895461635,Y,0.003220357266806625,L,0.0008390827943143028,L,3.7657297421591176e-06,L,0.0012037237494232768,Y,0.0036812031679395877,F,0.0004841737590215397,Y,0.005748398152878458,Y,0.003461189890434607,C,0.0007690538683279248,L,0.00014736245368149908,Y,0.007308193985042366,Y,0.007308193985042366,F,0.0008387648003589402,Y,0.0058710870755871915,0.002647452791728245,0.4055204985486945
493,C,I,0.0003658525002895633,C,6.319192478033652e-05,I,0.0008833524887965237,L,0.0014713782278442439,I,0.0006284444979463001,I,0.0006527404161109708,I,0.0007419140919050273,L,2.3603343391037093e-05,C,2.1199003465827002e-06,C,9.902509683352517e-06,I,0.0005807943175785632,V,0.0031454826926266832,V,0.004396052516502529,V,0.0025004606961285263,L,0.0004778187448259319,I,2.5700486288527595e-05,I,0.001034591498960589,I,0.0006872621640142254,F,0.00011362284191553711,C,0.0002015554570870327,L,0.00047314826892274324,L,0.0005865970029646228,I,6.520139102940946e-05,I,0.0003847580767687463,0.0008131477523628172,0.12455296009892662
494,R,K,0.0016342504968441813,R,0.0006157473289577737,D,1.3917857739865112e-05,G,0.00020574658684360066,G,0.0005050012206713778,G,0.00021023926064776314,G,0.00013066109730065615,D,0.00010674532788707247,K,0.00035128205489851717,K,0.0003505785101525387,D,8.800559992012236e-05,E,0.0004708112642988693,E,2.5381916959251445e-05,E,0.00011355864295676827,D,0.00011023283392565852,G,0.001961147987886482,D,0.00014251108135778428,G,0.00011209144463689381,D,4.047061132243605e-05,N,0.0003167052516999375,D,2.5442679357911707e-05,D,7.191981732029642e-05,G,0.0016899495630691836,D,0.0002148431735145708,0.0003961350670903963,0.060677527622410375
495,Y,G,0.0009919088961446994,C,0.0007895076076416982,A,0.0012220582609975608,S,0.0008855901553202032,A,0.002974316882386991,A,0.0034763416050245326,A,0.0040219854798331425,S,0.00025971719641142344,S,0.0007031773184354925,S,0.0007483938314974051,S,0.0002228409444431593,S,0.0012712973680869169,G,0.0010504215476455092,A,0.00030872287790925873,S,0.0003149621231431836,A,0.0023604703159254554,A,0.0031932002864487564,A,0.0035035652001568092,S,0.00021465291906149297,S,0.0002980740586011894,S,0.0004052400546498171,S,0.0007202281598210114,A,0.0023604703159254554,A,0.0031932002864487564,0.0014787643204983297,0.22650800284640496
496,Y,V,0.001441510786376703,Y,0.0006799424468095811,Y,0.00036274313128077315,Y,0.0003887714722350417,Y,0.00018112435445543745,Y,0.00016144887484463973,Y,0.0002817507759412753,Y,0.0005981856588285963,Y,0.0001588028653797369,Y,0.000376680073292555,Y,0.00019685228356545382,Y,0.0001572190441807685,Y,0.0001633970751798684,Y,0.0008349858194180642,Y,0.000570205339158074,Y,0.0003111798964229174,Y,0.0003958684205633145,Y,0.0001918309488546005,Y,0.000867692972323802,Y,0.0007249089291820445,Y,0.0010900090720248577,Y,0.0012984475584160984,Y,0.00035434151436286734,Y,0.0006284186319294097,0.0005173465810427701,0.07924396012741505
497,L,K,0.0020181590948406655,L,0.0011535570653381697,M,0.00022409753756372452,L,8.848041296840274e-05,H,0.002432516739131575,H,0.002567186695692148,L,0.0002178956362122134,M,0.00038428611340166936,I,0.003289844545016997,I,0.002960867078975442,M,0.00017000175889646298,L,0.00012550173606181523,L,0.00020749361248289846,F,0.0029910438952515162,M,5.2612952333475775e-05,I,0.002191670757146385,M,0.00010982003858069276,H,0.0025895378425082865,M,0.00018842552261031704,I,0.0011101534873146314,M,0.00042725464491217554,V,0.0017701896555995945,I,0.0023718999012575185,M,0.00011825251977590022,0.0012400312184946947,0.1899403379395673
498,V,D,0.0003405734863610781,E,0.0018586990234546645,K,0.0002585036552983408,K,0.00032632560888102446,K,3.597529984708651e-05,K,0.00031613009679829727,K,0.00042485071276255335,Q,3.48042622121051e-05,V,0.0010129527211416663,V,0.0010345794604975562,Q,0.00037781814062847873,I,0.0008901280849401632,K,0.001035233989943318,L,0.0028581992430986958,Q,0.00011572120490277143,Q,0.0007063300387282238,Q,4.495844362753469e-05,K,0.00031613009679829727,Q,0.00041968834434444444,I,0.0026856254043637643,Q,0.00018533104970990438,Q,7.562866963795848e-05,Q,0.000706330038728224,Q,0.00016796313911555537,0.0006761866756592378,0.10357410665907174
499,E,E,0.0,E,0.0,E,0.0,E,0.0,E,0.0,E,0.0,E,0.0,E,0.0,E,0.0,E,0.0,E,0.0,E,0.0,E,0.0,E,0.0,E,0.0,E,0.0,E,0.0,E,0.0,E,0.0,E,0.0,E,0.0,E,0.0,E,0.0,E,0.0,0.0,0.0
500,A,I,0.0001624416049478579,A,1.8316008943600023e-05,A,4.4278989485546544e-05,A,8.318616464171774e-05,A,3.347619413185338e-05,A,0.00019712046329724474,A,3.347619413185338e-05,A,4.22320749771559e-05,A,1.8316008943600023e-05,A,1.8316008943600023e-05,A,2.3634502751334868e-05,A,0.00018792291573181783,A,1.3122485044833902e-05,A,2.306714085232959e-05,A,4.22320749771559e-05,A,0.00022531596851580458,A,2.715389614478922e-05,A,3.347619413185338e-05,A,1.8316008943600023e-05,A,2.2467429501768474e-05,A,4.22320749771559e-05,A,4.22320749771559e-05,A,0.0005329848314299893,A,2.715389614478922e-05,7.968630027368365e-05,0.012205856253773068
501,K,H,7.492624444322117e-05,K,0.0007171720613433117,E,4.7040191038777886e-05,E,0.0013601283473641008,E,0.00048172543207928393,E,0.00048172543207928393,E,0.0005048492200706697,K,0.0007591415462732111,R,0.000480501785736489,R,0.0004794512750475957,R,8.779744751510848e-05,K,5.7926335163939666e-05,Y,0.0036184810900729758,K,5.7018947282931826e-05,K,3.424731303763237e-05,K,7.77552820637294e-05,K,0.00012371970258981245,E,0.00048172543207928393,K,1.1055168387716914e-05,K,0.0002494187469871239,K,2.4488632698909886e-05,K,0.0001501844084553349,K,7.77552820637294e-05,K,0.00011837683641826452,0.00043985884001218487,0.06737486562559304
502,W,I,0.0,W,0.0,W,0.0,W,0.0,W,0.0,W,0.0,W,0.0,W,0.0,W,0.0,W,0.0,W,0.0,W,0.0,W,0.0,W,0.0,W,0.0,W,0.0,W,0.0,W,0.0,W,0.0,W,0.0,W,0.0,W,0.0,W,0.0,W,0.0,0.0,0.0
503,Y,R,0.0017936470193342347,F,0.004291903030240796,L,0.0009261871584080356,I,0.004010035919526183,I,0.003943771005808902,I,0.00391118609862162,I,0.003945020185310419,I,0.004015579764724768,Y,0.00020605207701109482,Y,0.00020605207701109482,I,0.003501189750743297,Y,0.0014713782278442439,Y,0.00043162430762117834,F,0.004840121055690116,I,0.003857529226092678,I,0.0019987860093867104,I,0.003468363378649085,I,0.003907698599370489,I,0.003990588281379964,F,0.004750217416277235,I,0.002569331926526775,I,0.0028054737134958737,I,0.001410480225446906,I,0.004628648578924933,0.0029533693763936094,0.45237891518049006
504,S,G,0.0020187843662678355,Y,0.0011099842038251812,A,0.004733045711456017,-,,-,,-,,-,,V,0.0014713782278442439,S,0.00502613372681327,S,0.005004275774070132,-,,Y,0.001979304300242809,Y,0.0022482962632489234,H,0.00013369717869515143,-,,-,,A,0.005859233984801183,-,,A,0.005360185330727748,N,0.0021395969507362173,A,0.003476722533915636,A,0.004424582616225381,-,,A,0.006292832863050894,0.003418536935461375,0.5236304143767041
505,N,D,0.0033851573171216945,S,0.0012480202160445972,T,0.00044458881979442396,S,0.00039017900779686617,S,0.0005518856865796214,S,0.0005410722598115979,S,0.0004951317474850543,-,,N,0.0028521228737366806,N,0.002811926491742888,A,0.0017030973369905587,M,0.001686348577248264,N,0.0012964275906847268,S,0.001181517194870272,A,0.0017137062258476654,S,0.00024626582098917005,-,,S,0.0005410722598115979,T,0.0012995021097897777,D,0.001219851798255529,T,0.0005123295576103081,T,0.0002719562963081171,S,6.096024806779434e-05,-,,0.0011644342588851054,0.17836086168018742
506,-,K,0.0032335629435737774,-,,-,,T,0.00017191784368598924,T,9.278876373623859e-05,S,0.0030686110621449096,M,0.0020148562609680256,T,0.0011354615943086786,-,,-,,T,0.0009683679495589118,-,,-,,-,,T,0.001106921097617782,S,0.002259374279511341,S,0.003200763321190279,S,0.0030784295516065735,-,,-,,-,,-,,S,0.0017624205882727003,S,0.0023726757654723425,0.0018820116170498115,0.2882749379346872
507,K,S,0.0003986742413786522,-,,G,0.00020290065126240436,G,0.000351546541458823,G,0.000338523261448485,G,0.00033734152454576013,G,0.00022310171002665657,G,0.00032405936811885893,-,,-,,G,0.0003597693946101027,-,,-,,-,,G,0.0003422627013011413,G,0.0002273783153635959,G,0.0003996700771983559,G,0.00033734152454576013,G,0.00027092507049272254,-,,G,0.0011141593994166365,G,0.000397119134694317,G,0.0002273783153635959,G,0.0003996700771983559,0.00036775419461318963,0.05633032052879843
508,Y,-,,G,0.0010856634675744817,-,,-,,-,,-,,-,,-,,G,0.0008040728894858594,G,0.0008020177712065328,-,,G,0.001083018219231599,G,0.0015439922382330586,G,0.0017419621245040292,-,,-,,-,,-,,-,,G,0.0006894860972816468,-,,-,,-,,-,,0.001107173258216744,0.16958997458033745
509,R,F,0.00012142031124130629,Y,0.0013784117286318488,Y,0.0026177565016350162,Y,0.0023415579578139768,Y,0.00288172007520272,Y,0.0023158785023662813,Y,0.002702390112042464,Y,0.00270026319360639,Y,0.001924029680669874,Y,0.0022806401992106133,Y,0.002287191580451031,H,0.00036527832443942007,Y,0.0017346153994594854,Y,0.001818433892352192,Y,0.002884805147561281,Y,0.003563180029574246,E,0.00032538155016919923,Y,0.0028881765123289806,Y,0.0027786405428938993,Y,0.0034115136342383404,Y,0.007308193985042366,Y,0.005053460902980356,Y,0.0036853491555054775,E,0.00038476901904241383,0.0024897107474357995,0.3813585445967961
510,-,T,0.0002524890566949876,K,6.56912899599933e-05,M,0.0018030493044671257,I,0.0006740134554310789,L,0.002611748652387925,L,0.002264632343268124,L,0.0023344769512873465,L,0.0011483305878236835,K,0.0007065272765062178,K,0.0006903889987165112,L,0.0007980608685109066,K,0.0004412766824149604,K,0.0009391221533415686,T,0.001284593849003085,L,0.0008410103991254939,L,0.0011463003438842267,V,0.004068315713778113,L,0.0026053504492571946,L,0.0007248275640831557,T,2.264925569732722e-05,L,0.0012734788834475443,L,0.0014764894512668883,L,0.0011430731950864712,V,0.004841368995576241,0.0014232194050423405,0.21799997510066607
511,P,L,0.00017088891909805497,P,0.00021165603482991798,P,0.00021845763574323228,P,0.00020848706047610604,P,0.00020751845719846871,P,0.00020751845719846871,P,0.0002075177187494926,P,0.00022746562962022026,P,0.00018871129936966606,P,0.00018871129936966606,P,0.00022850802697609024,P,0.00014526580735714083,P,0.0001687619602473268,P,4.105335117187739e-05,P,0.000226776854380895,P,0.00021958930014951645,P,0.00020045493320470926,P,0.00020751845719846871,P,0.00023934139474055376,P,0.00018926650370299075,P,8.380352481010854e-05,P,8.673304669156584e-05,P,0.00021958930014951645,P,0.00018926240442507776,0.00018678572403579713,0.028610685776696718
512,S,S,8.277231395874569e-05,T,0.0010606167624268238,S,2.4264046488867345e-05,T,5.355774497909351e-05,T,7.168111821058311e-05,T,7.168111821058311e-05,T,0.000315673708402546,T,4.2100240245808734e-05,T,0.0006346130465829347,T,4.78931952489755e-06,S,0.0013069999549023155,S,0.000853622330383228,S,0.0009684616133205017,T,0.00011641123627422815,T,8.07206150107198e-05,T,0.0002428991649463917,T,0.00021807345560929253,T,7.168111821058311e-05,T,4.9380835049414814e-05,T,0.00012136801141298797,T,8.004733015861079e-05,T,0.0001048455808587919,T,0.00010602799724677586,T,5.320013554841845e-07,0.0002784508609904254,0.042651386390326715
513,L,L,0.00020314118804124853,L,0.00015202168191911418,L,4.252116042292803e-05,F,0.0001380036783954734,F,0.0005727436155812368,F,0.0005727436155812368,F,0.0005727436155812368,F,0.00010241946069294718,L,0.0010247847851122351,L,0.00046531256956341147,F,0.00016652499376331297,L,0.0006715087146567698,L,0.00032351074077165707,L,0.0009195521744206071,F,0.00015292979097262662,F,9.716918682001241e-05,F,0.00013909040258931375,F,0.0005727436155812368,F,0.00046987718960401695,F,0.0007031564801732172,F,0.00020505862464176853,F,0.00020428656061377218,F,9.716918682001241e-05,F,0.00011743600245031239,0.0003619353764487377,0.055439029832176655
514,Q,Q,0.0005223347217486773,K,8.938673500480572e-05,E,0.0011486543285395478,E,0.0004162797571399217,D,0.0011703238711027765,D,0.0011731391687686546,E,0.000816628652655036,A,0.0010165923792557674,E,0.0002643819947368655,E,0.00025533609290944543,D,0.0007694025495876556,E,0.0003036568565982893,E,0.00022181665823378194,E,0.00011651642795754453,A,0.0008071848577767242,D,0.0023677142680590428,E,0.0008256178380256596,D,0.0010011355234391783,E,0.000914234225112461,N,0.00013351456398757685,E,0.0009880942630287122,E,0.001713669987123682,D,0.0023677142680590428,E,0.0006123920794643355,0.0008339884195131326,0.12774520502177805
515,E,E,0.0,K,0.0,E,0.0,E,0.0,E,0.0,E,0.0,E,0.0,E,0.0,E,0.0,E,0.0,E,0.0,E,0.0,E,0.0,E,0.0,E,0.0,E,0.0,E,0.0,E,0.0,E,0.0,E,0.0,E,0.0,E,0.0,E,0.0,E,0.0,0.0,0.0
516,Y,Y,0.0001381566587966541,Y,0.00017270291087030675,Y,0.00016394305186551863,Y,7.51614856651986e-05,Y,0.00017105042357076617,Y,0.0001728271072742689,Y,0.0001728271072742689,Y,0.00014239419300021914,Y,0.0001622956933835282,Y,0.00014874532036908517,Y,0.0001611566561772144,Y,0.00017657236806381565,Y,0.00016150825823690808,Y,0.00013483120521426095,Y,4.778229532273405e-05,Y,0.00018761230311930107,Y,0.00014757120765050724,Y,0.0001728271072742689,Y,3.3867532145445066e-05,F,0.0014713782278442439,Y,2.944318010293022e-05,Y,0.00013192307730860387,Y,0.00018761230311930107,Y,0.0001461251086723982,0.00019626311593007282,0.03006237424416101
517,I,D,0.0031377565527218074,I,0.005879246407859568,L,0.0017846704420299137,L,0.0018651743371829032,F,0.002025699037541942,F,0.0020364196343553944,F,0.0016191767842450055,Y,0.0005674497883840777,L,0.0018291015275529153,L,0.0017996890039453778,Y,0.0014131407962971485,M,0.0005139468718461536,L,1.5013886804468744e-05,L,0.0011084969077063838,Y,0.0010316815813140312,L,0.002514253783751813,Y,0.0007910011577619507,F,0.0018527261658152804,L,0.0025597065661745735,I,0.004330211309762464,L,0.0009539568928556324,L,0.0012787559298090036,L,0.002561902150968374,Y,0.0018096023511772923,0.0018866158278276447,0.28898018255921226
518,E,D,0.0007332375378418589,E,0.00118406589104093,E,0.00044195451768017205,E,0.002865695212684881,E,0.0005153832144503936,E,0.0005153832144503936,K,0.0005948241282403593,E,0.00020699358275753305,E,0.0009152275299325886,E,0.0009200612974965701,E,0.0004440974248495842,K,0.00020795040170435488,N,0.0024298244130479107,N,0.0015597395922589891,E,0.0005029170765212875,E,0.0011767467447185123,E,0.00031802901932290325,E,0.00045951098257597983,E,0.0003236705810092991,E,0.0008630700135691783,E,0.000141540555385376,E,0.00016411375922901044,E,0.0009389150517648882,E,0.000316089536315574,0.0007807933866186887,0.11959711780108497
519,N,F,0.001106788901001303,N,8.108752132758233e-06,N,0.00020496365441426633,N,3.34314879835315e-05,N,3.352677739362561e-05,N,3.382793014556837e-05,N,3.382793014556837e-05,N,3.387884466436831e-05,N,0.0003100536320836084,N,0.0002695422322837748,N,0.00019057672858060017,N,0.000412826065168445,N,9.693788050154654e-05,N,2.6633284668907025e-05,N,3.43252425884023e-05,N,2.162448317768243e-05,N,0.00019057672858060017,N,3.352677739362561e-05,N,0.00020441576755982473,N,8.992272750567873e-05,N,1.622431926872614e-05,N,1.2773504633461897e-05,N,2.162448317768243e-05,N,0.0001838656566125792,0.00015015849131942227,0.02300035205591775
520,A,R,0.0005244992538339509,A,0.00021714316767526933,G,9.897706461092686e-05,G,1.6051663424151213e-05,G,5.607033730271317e-05,G,5.607033730271317e-05,G,5.607033730271317e-05,G,2.4121166688982023e-05,A,0.0010729498732277023,A,0.0010667511562863833,G,1.6075438244552407e-05,S,0.0014519793770703608,A,0.000679360899575315,S,0.0024117782063642606,G,2.837420753590478e-05,G,1.6075438244552407e-05,G,1.6075438244552407e-05,G,5.607033730271317e-05,G,0.00010780299884411256,A,6.330009290722442e-05,G,1.0025468567510887e-05,G,1.6224185508829844e-05,G,1.6075438244552407e-05,G,1.6075438244552407e-05,0.0003372498884397708,0.05165785895139985
521,W,D,0.0022541256869195725,S,0.0002199938429807532,K,0.0014839350699197837,K,0.000585047336042019,K,0.001475885461738669,K,0.001475885461738669,K,0.0006643493785073497,K,0.001363083295742346,W,0.0004000211002628986,W,0.000500015914783467,K,0.0005829440631896953,W,0.0010381520657989955,K,0.003886132909510387,K,0.0033492089742741655,K,0.0011985545297401646,K,2.2983556956880755e-05,K,0.0013475534600865039,K,0.001475885461738669,K,0.0022183247430835437,Y,0.00013483279739864848,K,0.0006012292919580043,K,0.0013416884055777775,K,5.508571355742426e-06,K,0.0013475534600865039,0.0012072039516413003,0.18491205956498313
522,I,K,0.0008678838696964176,L,0.00016358349435021115,V,0.00012664879426037347,V,0.0006628243927374812,A,0.000790764543454194,V,0.0008649390409258178,V,0.00019815310264555868,V,0.0010909011168315768,T,0.00010351640756795569,T,0.0001606568878639238,V,0.0010496478025073012,I,0.00039368585337527855,I,0.0014764339179243159,M,0.0015621922612001112,V,0.0009635584807103743,V,0.0011394283659614708,V,0.001077993686497324,V,0.0008722280486344524,V,0.0008975995727749191,M,2.9730904708394326e-05,V,0.000907488257535786,V,0.0009462047637364859,V,0.0012469831360154204,V,0.0011804514192431904,0.0007822290883815972,0.11981702974681673
523,S,V,4.582882134597131e-06,S,0.0014219840849768002,S,0.0002894864816196898,S,5.1652165804984745e-05,S,0.00032530106724833473,S,0.00032903942154923507,S,0.00027618019970532086,S,0.0002672568166045006,S,0.0014661426510800088,S,0.0014001356730284193,S,6.892558779609937e-05,S,0.0014572147232093003,S,0.0010210974873152445,T,0.0004951957421270097,S,0.00027618019970532086,S,0.0002683327744832383,S,0.00024500375287434234,S,0.00032530106724833473,S,0.0004542296154083896,S,0.0021149538254149535,S,0.0008576099860271339,S,0.0007781683266806211,S,0.00027207112878413866,S,0.00021808551865022194,0.0006118387991448431,0.09371769560381253
524,I,T,0.002246187205886068,I,0.00044807395412319636,A,0.0008204853766981012,S,0.0001593882404726806,S,0.00017845510417647663,S,0.0003340536294369257,S,0.0003691648950869351,S,0.00014928187344319242,I,0.0014478492331416626,I,0.0014445116836704836,C,0.0013378217673614685,I,0.0017110323195758301,I,0.0008186900308707878,I,0.002183980690793767,S,5.0152856996061766e-05,F,0.0001678739002990575,S,0.0002872165140266722,S,0.0003340536294369257,S,0.00010743785563071669,I,0.00017706903543379034,S,0.00010026571256774579,S,0.00010071852538037112,F,2.01535194446211e-05,S,0.0002872165140266722,0.0006367139194991754,0.09752791319827342
525,G,A,0.0017964576441031397,G,0.0007151945786513157,G,0.0008777106412889321,A,0.0031314824330821093,G,0.0016911699852500941,G,0.002448935458654272,G,0.0012745485210147892,G,0.0015386840319706093,A,0.0031652963458883732,A,0.0031550456853094,G,0.001393808998476604,G,0.0006114217422432341,S,0.001689722403376005,T,0.007308193985042366,G,0.0011650886675375006,G,0.0002566508858209811,G,0.0010967607901238108,G,0.0016317708065329048,A,0.0024162848569200743,G,0.00124301558127916,G,0.004744208690148813,G,0.0027096356406587016,G,4.23854398774354e-05,G,0.0009559610587278227,0.001960809786332435,0.30034475575808806
526,A,S,0.004229011073924777,G,0.0034233539246512116,S,0.0036404889634520134,H,0.003405925049528166,H,0.004066351697840634,H,0.004098793725976837,H,0.0035827214330330275,H,0.0029979845273334434,G,0.0023041571932799075,G,0.0023348965908236586,H,0.0034019273136156832,G,0.00487720085687255,A,0.00457708640764308,C,0.004190510973870668,H,0.0033379436609757332,S,0.0036131187068757314,H,0.0037759724530023763,H,0.004034752783566143,H,0.0024165758745115654,I,0.0035708721240371236,H,0.0021572199261807477,H,0.0019355157948081068,S,0.0026212913704490646,H,0.003763208239117615,0.003431536694390411,0.5256216373131003
527,P,P,0.000687489520480993,Q,0.0004222439413971253,R,0.0020953324691408487,R,0.002072641825396045,R,0.0020516034043534977,R,0.0020516034043534977,R,0.002036364055067962,R,0.0006074360828807901,P,0.001295666944067607,P,0.0012965613071057403,R,0.000992928255632162,I,0.0021503592073802693,P,0.001425114016782789,P,0.00035917864190470233,R,0.0008435328409176953,R,0.001153205766385596,R,0.0006385026380797517,R,0.0020707419712958355,R,0.0016418800695807226,A,0.0009212122093044845,R,0.0011397852067259607,R,0.0013405612962301531,R,0.0011222002603605535,R,0.0006328932045676744,0.001293709939141352,0.19816251346847583
528,T,M,0.002037178443111593,I,0.002818282999780436,V,0.0025152960925925003,I,0.0011111672828626805,I,0.0019013447036255544,I,0.0019013447036255544,I,0.001569950573355338,T,0.00046977861518209284,V,0.0007915705317922595,V,0.0009078236227300738,I,0.0020495859182306573,P,0.00204536809831708,T,0.0013264408148770557,A,0.0016489381138139324,T,0.0010820986328339026,I,0.0020047718284610175,V,0.0002536655702957406,I,0.0019659442110189435,P,0.0006522988874427414,P,0.0007050095374884987,V,0.0018177631664819162,V,3.0152335455734668e-05,I,0.0018488366693551405,V,0.000986610732755967,0.0014350509202286001,0.219812253662123
529,I,A,0.0021281399953687117,I,0.0027535911273966493,V,0.0014713782278442439,A,0.0011155382152385495,A,0.0025032929649576,A,0.0018678071040845472,A,0.0008853396358121752,A,0.0020493236016995565,A,0.004549203888119041,A,0.004783363491107569,S,0.0015558547615008784,I,0.0024945003764581366,I,0.001961009540821398,I,0.0026515819856563322,S,0.0011007983752138828,T,0.0018257919605327204,S,0.004102915488501079,A,0.0019350722330106686,C,0.0016717430456108142,I,0.0030126159485020063,S,0.0011686509984119944,S,0.0011968909056836057,T,0.0019914212820684916,S,0.003721120124590842,0.002270706053257979,0.3478127555859489
530,L,H,0.00032372387666372506,F,9.078047017386567e-05,T,0.001371895861761849,T,0.0014801696074110532,T,0.001366169092827194,T,0.0011833143826536676,T,0.001044623294676827,A,2.4575068783675097e-05,L,0.0003420572102265389,L,0.0003420572102265389,A,0.00078581829561521,L,4.39903695388506e-05,I,0.00034062685867103734,V,8.366936586758479e-05,A,1.7049486527382237e-05,T,0.0020492426491819067,A,0.00040379142038270203,T,0.0011833143826536676,A,0.00017255274695968423,I,0.0006492048087315131,A,0.00031230959245975593,A,0.0014442391074364989,T,0.0017079849615668982,A,0.0003897883975219009,0.0007147061882716467,0.10947428814946192
531,V,A,5.1318497253318523e-05,V,0.001180127526466967,L,0.0014478543807205826,L,0.0004522037696448954,L,0.00031644068522222935,L,0.0003053163147773733,L,0.0002954597339227863,L,0.0007677138942194082,V,0.0007577002411882901,G,0.00045198428082327317,L,0.0006720871911164095,S,0.00014984140411730196,S,0.0002507957424191518,S,0.0009623754971924333,L,0.000777985551051778,L,0.0007823042622094334,L,0.0007489698170538483,L,0.000295523229658301,L,0.0008007268915570634,R,0.00032886434793369433,L,0.00025661710413226385,L,0.0006409214749842643,L,0.0003153547166769085,L,0.00030272729901170036,0.0005546339105564033,0.08495540340646487
532,H,V,0.0018014862049394588,Y,4.193131227957368e-05,Q,0.0015229306186667626,Q,0.0011686214511663505,Q,0.001282460863857479,Q,0.0012781457450856675,Q,0.0012837743098748464,Q,0.00018319475511134272,H,0.0019207121370558664,H,0.00191980596296292,Q,0.0004798789626884932,H,0.00048662816445604195,Q,0.0009463344433217589,E,0.002130482728670451,Q,0.00018911219973774443,E,0.0012544535476985605,Q,0.0010691636344533704,Q,0.001282460863857479,Q,0.0003076270719565174,H,0.0012243181384071257,Q,0.0009765016948433882,Q,0.0008994417643012008,E,0.001261930014626605,Q,0.0010490540082893824,0.0010816854415961826,0.16568590794875057
533,A,-,,A,0.0004938706431942094,P,0.003411921927922625,P,0.0018770500887717474,P,0.0035397267726116487,P,0.003489971280249195,P,0.0013372144380108125,P,0.0021332626439319437,A,0.00025826962025334125,A,0.00040655485751644045,P,0.0018422725431824093,L,0.00110813790454798,L,0.00039926411792048667,I,0.0003949549136935469,P,0.0027941983159760356,P,0.0024293332355107434,P,0.0029140142433437327,P,0.0035353367891518155,P,0.0034357811813792677,A,0.0006627730156273441,P,0.0025607561325780674,P,0.002435793604274239,P,0.0020155792324094484,P,0.0026986062710566312,0.0020075932075266827,0.3075107518225997
534,Y,S,0.0017245065355738672,F,0.004628302008667766,-,,-,,-,,-,,-,,-,,Y,0.004247780251547706,Y,0.005000174252920781,-,,F,0.002410027875252137,Y,0.0036960183374134597,Y,0.0003604742056539625,-,,-,,-,,-,,-,,Y,0.0034098255840820913,-,,-,,-,,-,,0.003184638631388971,0.48780331401310617
535,-,-,,F,0.0020742441584677284,I,0.003288895392896894,I,0.0026194967686879837,T,0.0003337718100402024,I,0.002444992168882246,I,0.0029367683876119254,I,0.002074019624250287,F,0.003606947276464264,F,0.003473685239615756,I,0.0022939165241251626,F,0.0018599119162698557,F,0.0035260484199989175,F,0.002298741373169341,I,0.0023767733557250423,M,0.0011585498644438718,I,0.0016135432530196099,T,0.0004618544091312813,I,0.0010940033780701558,L,0.0030468859999254355,M,0.0010746209334732114,M,0.0007332776789680209,M,0.0012200744273855517,I,0.0020788909955547627,0.002073474493746848,0.3176020411239626
536,F,D,0.002687840337522549,S,0.0016477550403027877,L,0.00017737217527966212,L,0.00029544710621153214,F,0.002859839773847192,F,0.0028592819967300817,L,0.00010040655151015722,L,0.0001070189197068122,S,0.00125004639335654,S,0.0012509629742341588,L,8.172067639317487e-05,R,0.0011498537794218087,T,0.0006683481770627917,A,0.00524485842443393,L,5.963912511638869e-05,L,4.4747432742066285e-05,L,7.525499315990686e-05,F,0.0028912190915860564,L,5.795774552366419e-05,L,0.0013307361445419777,L,0.0001869241485440575,L,0.00022884915559946202,L,4.4747432742066285e-05,L,7.831332229389148e-05,0.0010574642049109466,0.1619758482238892
537,F,L,0.00040134288341857143,L,0.0006974479879277471,S,0.0023575403613580554,M,0.0014580794509388632,M,0.0002258198066879926,M,0.00024878318924780046,T,0.0003614005235780332,T,0.0007297847254520483,F,0.0015971931741560908,F,0.0015971931741560908,T,0.00046558514416570793,L,4.3787338772833726e-05,L,0.00018032151576150967,F,0.0005440792385971448,T,0.0006586115405969061,T,0.00035817125477896795,T,0.0005930480199342463,M,0.00022585785817727682,T,0.0004298657363495439,T,0.0013600194655655749,T,0.0006058083116538524,T,0.0005933418511536395,T,0.0003538527900475448,T,0.000545136603416249,0.0006930029977455123,0.10614992721288406
538,-,-,,T,0.0006677621462814706,-,,-,,-,,-,,-,,-,,G,0.00017551776717692575,G,0.00017551776717692575,-,,T,0.0005641936633803408,A,0.0005715719400364831,A,0.00029090916183717095,-,,-,,-,,-,,-,,-,,-,,-,,-,,-,,0.00040757874098155283,0.06243039904511139
539,V,T,0.004336549478248545,K,0.0013703928664794422,L,0.0005630855738755411,L,9.059373418711055e-06,L,5.4650411063437385e-05,L,5.4650411063437385e-05,L,1.2921663557582464e-05,M,0.0008258418665329409,Q,0.0032107784890005224,Q,0.0032107784890005224,M,0.0009457518200628852,D,0.0010691563889467278,N,0.004811978042867073,N,0.0036005387248791024,M,0.0003236216796894008,L,0.00043318663760114594,T,0.002808338897757953,L,5.4650411063437385e-05,L,0.0011891905073174256,-,,M,0.0007943679514199727,M,0.001031007772184606,L,0.0003243148530432365,T,0.004897064903164882,0.0015622555309668924,0.23929667178865402
540,T,H,0.0011241750261129172,S,0.0018429091482411782,D,0.0017977881025283363,D,0.0033276829798973267,D,0.00459173409374021,D,0.004615551215775695,D,0.004641421181235597,D,0.0026382308563374303,K,0.0015883178168350496,K,0.0016338877444238263,D,0.002587383732658994,S,0.002453971974737155,S,0.0007464882646276023,S,0.00023843526742483548,D,0.0015783834278664361,G,0.0014343815345692174,D,0.0030312835495799597,D,0.004615551215775695,D,0.0033120234578939596,L,0.0013372842017868461,D,0.00191862637884849,D,0.0018549712434574382,G,0.0014343815345692174,D,0.00182961239854614,0.0023406031811445648,0.3585191667583221
541,N,E,0.004486718336080298,I,0.0020381251847110707,V,0.0006323163905723441,V,0.0006061131821220595,I,0.005241513104323334,I,0.004684835700914165,I,0.005957461172044119,I,0.0030730695951343583,-,,-,,I,0.0037344718432881694,-,,-,,-,,I,0.0032302466576631063,F,0.0018834331773047062,I,0.0037779509474996824,I,0.005314508498034006,I,0.0035889542753265555,T,0.002690540138989959,I,0.0023663821679729877,I,0.002708068182067183,F,0.0026581469154986956,I,0.0033693282024971783,0.003265378088002315,0.5001704862628596
542,P,R,0.0010666881736301054,-,,P,0.0005749721746032598,P,0.0012459467411280517,P,0.0011093402813330876,P,0.0011250456195082102,P,0.00045503118101905424,P,0.0005846045825931136,-,,-,,P,0.0003147690724240274,-,,-,,-,,P,0.0004704609688682089,P,0.0003881259236683048,P,0.000400278301689628,P,0.0011225429759703883,P,0.000642697039914789,S,0.0005320643012544043,P,0.00042477866202403114,P,0.0004057450216898208,P,0.0005388808673170846,P,0.0004035586055348578,0.0006558628052316905,0.10046102147244679
543,I,F,0.0021530146254400747,T,0.0008736404046458616,L,0.0011057719038701135,F,0.00234696196596066,F,0.003735558095114615,F,0.0037331319563608015,F,0.004243526058271568,F,0.00179030181543674,M,0.0015415397471660649,M,0.0015415397471660649,F,0.0019811894257812297,I,0.0006511582733621235,I,0.00330382720460442,I,0.0009380540502682893,F,0.0022613230051860937,L,0.001240221715153794,F,0.0027499729044258192,F,0.003631709644159274,F,0.0026196802975180103,V,0.0007147989755967513,F,0.0023510174288514595,F,0.0025794777569734207,L,0.0012800491637742035,F,0.0031706799869392795,0.0021890894230011137,0.33531122328477314
544,T,S,0.0003182755048804855,N,0.0009545523556819145,S,9.670563860802555e-05,P,9.324233812951111e-05,P,0.0003932937486903037,P,0.0003932937486903037,P,0.0003932937486903037,P,2.2257691219684355e-05,P,7.100955558071515e-05,P,7.100955558071515e-05,P,0.00039595880461497195,E,0.0007103296657348269,D,0.002574059342189362,D,0.0006723757886501505,P,0.00042420104704284783,P,0.00028912733421575286,P,0.00041624842328400933,P,0.0003932937486903037,P,0.00045628134144607574,T,0.0004346081810289884,P,0.00045735433537568576,P,0.00045735433537568576,P,0.0003110018363756077,P,0.00041624842328400933,0.00046730735387750995,0.07157925977451425
545,K,Y,0.0019486860274032516,E,0.0028556321086702727,D,0.0002579715930574359,P,0.00020365089513458474,H,0.0012517910326800706,H,0.0008999357021008667,H,0.00023729979728535515,P,0.0013731217691077538,F,0.000700150707385981,F,0.0006943587201075892,D,0.0002243956896413922,E,0.00015433378792261034,E,0.0011758791310047363,K,3.901857795248821e-05,P,0.0013884150181650147,P,0.00019130739184729088,E,0.0004902721377922778,H,0.001244191622348901,D,0.0005176707050252451,E,0.001808636336725796,P,0.00026037204878980253,P,0.00026037204878980253,P,0.0007070178282793727,E,0.0004745254315012741,0.0008066252545299653,0.12355388408849691
546,E,E,0.000458163145509089,A,0.0023560943666928883,D,0.00040213944806371366,H,0.00033158948944424243,H,0.000752999321902607,H,0.0008990646040453906,H,0.0006950957065020887,H,0.001535174719627617,E,0.0022473242831000917,E,0.0021400588637797984,H,0.0013836363580782395,E,6.701086151750241e-05,T,0.000279909505445489,T,0.00030222934516405293,H,0.0020761735557921542,R,0.0027422972550187733,H,0.002233706467318522,H,0.0009775565234090373,H,0.0014033697741329453,E,0.0005992838595828227,H,0.0013318952860681646,H,0.002312017447785348,R,0.0031224190802564824,H,0.001762765454852871,0.0013504989467954139,0.20686110358797236
547,A,A,0.0007572605779485844,L,0.00033885970858876227,I,0.00036476257481907876,V,0.0006195745651934002,I,0.0003539134632529247,V,0.000968510204626845,I,4.80665010167776e-05,I,0.0002861447173853784,-,,-,,I,0.0015137862189012296,D,0.004242830108908098,A,0.004318902334466718,E,0.002805476414116978,I,0.0005389782732277727,I,0.0001271948236184611,V,0.0013932262226954136,V,0.0007539503799649864,I,0.000717607742100141,A,0.0036807488390130775,I,0.0005320467121408032,I,0.0004409017946499814,I,0.00012896653850072714,V,0.00019814331335255616,0.0011422660012949408,0.1749652646376237
548,L,Y,0.0003101213604475361,E,0.001435185426170281,L,0.0006213204393235323,L,4.2272159037611224e-05,L,0.0001223543196276684,L,0.00012848113403127507,L,0.00016964659017916972,L,0.0001704825582191897,A,0.0025268056268189414,A,0.0025268056268189414,L,1.1158528948005632e-05,A,0.002612093388339679,I,0.0012675810254931777,V,0.001044622670202317,L,0.0001767013009354281,L,0.00020328484633217754,L,0.0002478840813448138,L,0.00012848113403127507,L,0.00026498358360342773,L,0.001111649490105315,L,0.00021673507344375132,L,0.00021673507344375132,L,0.00020328484633217754,L,0.0002451522642297337,0.0006668259394774657,0.10214028679453054
549,D,T,0.0027343468405223877,S,0.004469599527199821,K,0.0008463047814175025,Q,0.0018007714813922282,Q,0.0018909943640880178,Q,0.001858268382478498,Q,0.001769021308528164,K,0.0013271157691912324,L,0.004702002382414424,L,0.004714199979023948,K,0.0015193648618695911,E,0.0025966371306369693,E,0.0012039435219766551,E,0.0022369521902816285,K,0.001365881117491798,Q,0.000664166742875431,K,0.0017334977679334088,Q,0.0018909943640880178,K,0.0018911118887186748,Q,0.0029106292263845284,K,0.0013201965742963635,K,0.0018133335804613672,Q,0.001598099780769541,K,0.001453582942322713,0.0020962923544317878,0.3210971403641387
550,C,-,,L,0.004641438028413102,E,0.0009223593895976543,E,0.0005370575672230013,E,0.00027774878719372104,E,0.000270381122244497,E,0.00024008315464210634,E,0.0013174390593359805,N,0.00450062563823194,N,0.0045304649865314465,E,0.0011906224715180845,S,0.0029228829410036937,S,0.0005781902745618718,S,0.004708907159498233,E,0.001303172253565537,E,0.0006557265444685514,E,0.0014253261910640986,E,0.00023169386130443478,E,0.0014970445522578394,H,0.0017966089333949194,E,0.001590362407493316,E,0.0013789597011244013,E,0.0008623657701152375,E,0.0008482158957118458,0.0016620728995867615,0.25458608099474767
551,-,-,,-,,-,,-,,-,,-,,-,,V,0.0004538529520937356,-,,-,,-,,-,,-,,-,,-,,-,,V,0.000530997834262062,-,,-,,-,,-,,-,,-,,V,0.000800583448060427,0.0005951447448054081,0.09116060326974774
552,-,N,1.665127935748224e-05,-,,-,,-,,-,,-,,-,,-,,-,,-,,-,,-,,-,,-,,-,,-,,-,,-,,-,,-,,-,,-,,-,,-,,1.665127935748224e-05,0.0025505403260134524
553,L,P,0.002224374017794606,Q,0.0014029769469451967,I,0.0009989824206585146,I,0.0005343847747514172,I,0.00015913326724602584,I,0.0004830219599877452,I,0.0002609836425658657,-,,Y,0.0030902177718771335,Y,0.003185745497569379,V,0.002224218448926168,M,0.0034886908772315743,L,0.002375353460031049,V,0.004216134272640142,V,0.0015521534756929606,I,0.00021709166598560584,-,,I,0.0005209044831843921,V,0.0033534577160784403,I,0.001413379943993637,V,0.0005069235412236919,V,0.0007787918508937159,I,0.0008086712987028699,-,,0.0016093138730466732,0.24650477853967576
554,E,A,0.0006318435646598813,E,0.0008744800344570101,D,0.0025607509376606497,D,0.0032627317133496056,D,0.004137549025333081,D,0.004137549025333081,D,0.0034242143174631084,D,0.002823772690931768,S,1.0055791461555525e-05,S,1.6261873133087125e-05,D,0.0030884756081588716,H,0.0007224277753943878,Y,0.00018737136554788683,Y,0.0013106312758704999,D,0.0036914351830117623,D,0.0015016447231436035,D,0.0044716716143729076,D,0.004137549025333081,D,0.003566705276424918,E,0.0036385257036848787,D,0.002278456688041586,D,0.0035573616378779677,D,0.0008761784494535104,D,0.003616256528457823,0.0024384958261898545,0.37351375867212244
555,E,-,,G,0.001961466749718635,Y,0.0005334378548188996,F,0.000537005208264249,F,0.0009723239483690258,F,0.0010178804287007933,F,0.0005839363181665918,F,0.00015542799321546257,N,0.0008860117770139464,N,0.0008636285615076802,F,0.0015923957312053343,K,0.002188087184391128,Q,0.00397033462104749,K,0.0004057122546226397,F,0.0008023320855387776,F,0.00035489790780476106,I,0.0017624995382505557,F,0.0010114909300441822,F,0.00016867202998140953,R,0.0006891355419106335,F,0.00017244966773644505,F,0.00031748402067592623,F,0.0003511027175539465,I,0.0005201085943605286,0.000948600941952132,0.14530084468591198
556,Y,F,0.00032028168549951854,H,0.0017280903967499893,P,0.0006244288480528685,P,0.0009863991088172944,P,0.0008512747325930635,P,0.0008512747325930635,P,0.0008505186741774678,P,0.0001380015741443733,T,0.001144124840043851,T,0.0011439992556562361,P,0.001136543398810124,Y,0.00012564417805927932,Y,0.0002009046364539813,Y,0.0005019850192580012,P,0.0004463088011443354,P,0.00032869993958791496,P,0.00048736415237030876,P,0.0008512747325930635,P,0.00044968146732374953,A,0.000508821673807417,P,0.00043138790359760736,P,0.0005201723269476485,P,0.0006546892146845046,P,0.0002534915994734221,0.0006473067871849618,0.09915046337118748
557,P,M,0.0006766378302378942,H,8.541713232012778e-05,S,0.0010186541477802933,S,0.0009398108232381628,S,0.0011073555675041146,S,0.0004294769924957733,S,0.0011096596847628775,S,0.0010412570127861457,S,0.0018702792235688942,S,0.0018702792235688942,S,0.0008345557379694844,H,0.00034627271657769595,H,0.00024846253752580037,H,0.0002855826943018263,S,0.0013525580208051864,S,0.0006132784836605681,S,0.0013587478070790444,S,0.0008891091938112824,S,0.0008863091402701989,E,0.0010242592738753296,S,0.0009247313625317332,S,0.0009247313625317332,S,0.0006167205581772217,S,0.0015353343090102579,0.0009162283681829389,0.1403422133950334
558,N,E,1.9144289013934033e-05,A,0.0002520502539957917,R,0.0005760067740284284,K,0.0007374147409816852,K,0.0005314015857927226,N,0.0005606044495914628,K,0.0012508450862694879,K,0.00041299600533824385,S,0.0008729140567416411,S,0.0008729140567416411,K,9.103868667551741e-05,D,0.00021719035852743246,N,0.0016182219891531045,D,0.00023772927170573506,K,0.002257485448738343,K,8.535775659476263e-05,Q,0.007308193985042366,K,0.000387637996601032,K,0.001054657792279648,S,0.0020090953062817433,N,0.0007763789843869799,N,0.0004428404447207252,K,0.00011112646248120457,K,0.0013137152471384187,0.0009998733762009188,0.15315444009782495
559,I,L,0.004463662811445292,A,0.0021951369651031826,F,0.00044321440202950646,F,0.0012094437345562899,F,0.00041810181459482176,F,0.0011918709102591413,F,0.0002609807533500988,L,0.002892926426345396,L,0.006665482231747824,L,0.006685555466129516,L,0.002975881464067388,I,0.00044947512818731863,I,4.7795095203593245e-05,I,0.0009907450355328906,L,0.0021819407385699242,F,0.001822236579989045,L,0.0018607917022352076,F,0.001169603511447198,L,0.004129876088640134,M,0.004213696413178409,L,0.001461373069044643,L,0.0019586358436409295,F,0.0021871478989064184,L,0.0024820495336359658,0.002264900984076673,0.3469235708738104
560,I,E,7.900475737911516e-05,C,0.0016027393143814806,D,0.000842518005790461,N,0.001033432626308717,N,0.0013010194627607068,N,0.001308558080785328,N,0.0009593351722343362,N,0.0002484607332491177,I,0.0012555932260218336,I,0.00125539982332417,N,0.00030050449116236484,V,0.001405324445509,L,0.0006118067930084148,L,0.00018121989742993043,N,0.00026326323517840964,N,0.00025189773714622937,N,0.0003910500711652574,N,0.001308558080785328,N,0.0001410828870919662,I,0.0024535437955719463,N,0.00043562921507040505,N,0.0003842134577401648,N,0.00025189773714622937,N,0.00033280756821886157,0.0007749525256024907,0.11870245071631476
561,R,N,0.0012547001601611628,R,6.486568316331864e-05,E,0.0057290453904774805,D,0.004101499991626256,D,0.006711162211254618,D,0.006872436761187816,E,0.006303495083797797,D,0.0053046135125825915,K,0.003004155215845379,K,0.003957950160310127,D,0.005688554549994261,R,0.0015245936565282771,Y,0.0034624207657869234,Y,0.00017833497617931313,D,0.006443367881094024,D,0.0060330147030262776,D,0.006487517604360934,D,0.00680472128407868,D,0.006399974603948551,R,0.0007936610291053563,D,0.005839870067871953,D,0.005789883021508567,D,0.007021221087712784,D,0.006184098835366101,0.004664798259873689,0.7145250415355608
562,W,R,0.0014280730940391137,Q,0.003112770477150658,L,0.0010540864167420695,L,0.0005665267375249426,F,0.0030044337682129116,F,0.002925299106541341,L,0.0009657351309179143,L,0.0005000687322219342,W,0.00597070986371871,W,0.00597070986371871,L,0.0002510334022887361,A,0.00011557470548334354,L,0.0009749624147529221,L,0.00028919442507100953,L,0.0006961385359358692,L,0.002089346306102613,L,3.7416074868402895e-05,F,0.002925299106541341,L,0.001018924071713006,N,0.0036127278010464033,L,0.001098503665107158,L,0.000971676054884622,L,0.002098022992491154,L,0.0006590040648384596,0.001764009867163056,0.2702001573028264
563,S,C,0.0008840937860711163,G,0.0005941522145344301,L,0.0004802248856002133,A,0.0008131369848417433,A,0.0013664804738455691,A,0.001542404425400977,A,0.001255962752923863,A,0.001696314166997569,S,0.0004699083011663516,S,0.00048057318708520603,A,0.002703391858775843,S,0.00042857492044686893,S,0.0002803257231501052,S,0.00029215080815619726,A,0.0016291071129560628,I,0.007308193985042366,A,0.0017903924107421612,A,0.0015342051050073063,I,0.0012085154950789868,A,0.0006805419210355597,A,0.0013854554738588548,A,0.0015353600717025158,T,0.0014713782278442439,A,0.0011904131140867379,0.0013758857252646188,0.210749693818379
564,S,S,0.0009632277863843891,S,0.0007315247566775932,C,0.0017871910222903092,G,0.0014713782278442439,C,0.002021089923748215,C,0.002079649935876535,C,0.0015330466423679277,C,0.0014713782278442439,S,0.0008423250342322077,S,0.0008423061954289294,C,0.0014713782278442439,C,0.0009198996544608335,G,0.002303527067854956,G,0.0004363441209953304,S,0.007308193985042366,C,0.0012018926655642896,S,9.819530125709246e-05,C,0.002032241682812619,C,0.000991699654922582,C,0.0008072507648231764,C,0.0004935165437480007,C,0.00022493255616095334,C,0.001499122309617958,S,0.00029360808050046355,0.0014093716820124773,0.21587886625053673
565,I,E,0.0012956745348781694,L,0.0019749105352511757,L,0.002600844170971339,S,0.000332984888213101,S,0.0005192077670889732,S,0.0005338448002342385,S,0.0006952486220000362,A,0.0027187674600185727,M,0.0023060672746507646,M,0.0023060672746507646,A,0.004689473906125082,T,0.0011135588149272695,T,0.0015524095929968747,M,0.0012891174882182573,A,0.003276267073675674,A,0.001695255876335888,A,0.0014180137596239467,S,0.000545010693421316,I,0.0027075634972114843,L,0.003007009221513581,A,0.0017704805097665777,A,0.001811133439365742,A,0.001695255876335888,A,0.002352511825186279,0.0018419449542775416,0.28213777352013814
566,I,I,0.0004852054698059309,M,0.0007413575897860602,T,0.0014713782278442439,I,0.00240540130378692,I,0.0028938500627341086,I,0.0029320936286373546,I,0.0023227365669025845,I,0.0017498514978359775,I,0.0020059240021081223,I,0.0019913327230910048,I,0.0032156869449482648,I,0.0008447856265140025,I,0.0029195317748926678,L,0.0008221250730767167,I,0.0016408522480373035,I,0.001482582066056276,I,0.0029669230786053932,I,0.0029168588658985122,I,0.0020680113517239033,I,0.0010220445348176359,I,0.007308193985042366,I,0.005056197682413627,I,0.0014718205373047543,I,0.002983957425537462,0.0023216125944750493,0.35561030575879254
567,A,I,0.001826829203343233,L,5.998400803892406e-05,L,0.00020542604518759616,L,4.949608869864419e-05,L,3.868266193062063e-05,L,4.949608869864419e-05,L,5.7959411849288795e-05,L,5.293536818386924e-05,F,0.0018094938125966353,F,0.0018094938125966353,L,3.128201697194455e-05,L,0.00016229453611501187,L,0.00028663206624676875,L,0.00029028948053213193,L,5.293536818386924e-05,L,3.295215600951193e-05,L,6.566475346252463e-05,L,4.949608869864419e-05,L,9.385079029781224e-05,V,0.0006590205434138118,L,2.8561653566743493e-05,L,2.8561653566743493e-05,L,3.295215600951193e-05,L,6.566475346252463e-05,0.00032666477156923526,0.05003649600058642
568,R,T,0.0,R,0.0,R,0.0,R,0.0,R,0.0,R,0.0,R,0.0,R,0.0,R,0.0,R,0.0,R,0.0,R,0.0,R,0.0,R,0.0,R,0.0,R,0.0,R,0.0,R,0.0,R,0.0,R,0.0,R,0.0,R,0.0,R,0.0,R,0.0,0.0,0.0
569,L,Y,0.0,L,0.0,L,0.0,L,0.0,L,0.0,L,0.0,L,0.0,L,0.0,L,0.0,L,0.0,L,0.0,L,0.0,L,0.0,L,0.0,L,0.0,L,0.0,L,0.0,L,0.0,L,0.0,L,0.0,L,0.0,L,0.0,L,0.0,L,0.0,0.0,0.0
570,A,F,6.802961479236721e-05,A,0.0002152453251689698,R,0.00037853179605635493,R,0.0003250483794089162,R,0.0001762815668173944,R,0.00016500231742278283,R,0.00013673036486600186,R,4.610855942839043e-05,C,0.0009426817031533421,C,0.0010988977630112101,R,0.00021044269867063445,A,0.0010592933791558961,A,0.0015205273931380736,P,0.000524316282383148,R,0.0003982198174920059,K,0.0005236918476591542,R,3.304224645641438e-05,R,0.0001762815668173944,R,0.0026910756177445563,T,0.0017212349094734237,R,4.813777279574696e-05,R,7.294007579629867e-05,K,0.0005230659016053986,R,0.00041286343873925594,0.0005611537640855471,0.08595407437875327
571,D,N,0.0026704781191690206,D,0.001073671577254572,G,0.0011747557008094634,G,0.000870228720812213,G,0.0017167498424395758,C,0.0008055314515077635,G,0.0016548323427246717,G,0.00131610783615968,D,0.0018324568367506628,D,0.0014154143422499708,G,0.0018676594215302751,D,0.0026641567402265003,D,0.0018867999845279988,D,0.0024124755269161733,G,0.0017225773755926998,G,0.0006579273336083411,G,0.0016988654583241587,G,0.001715990397018529,G,0.0016693582613095369,N,0.0021135859884531378,G,0.001381427615009113,G,0.001829646062436163,G,0.0006515935771769235,G,0.0017077204116759948,0.0016045837884867975,0.24578025334515996
572,D,D,0.0,D,0.0,D,0.0,D,0.0,D,0.0,D,0.0,D,0.0,D,0.0,D,0.0,D,0.0,D,0.0,D,0.0,D,0.0,D,0.0,D,0.0,D,0.0,D,0.0,D,0.0,D,0.0,D,0.0,D,0.0,D,0.0,D,0.0,D,0.0,0.0,0.0
573,-,-,,L,0.001600604324898603,-,,-,,-,,-,,-,,-,,L,0.00020773831093817967,L,0.00020773831093817967,-,,M,0.0024982439063105768,L,0.00026709383841860064,L,0.0001522569256075782,-,,-,,-,,-,,-,,M,0.0039030647426034834,-,,-,,-,,-,,0.0012623914799593146,0.1933653449520219
574,-,-,,G,0.0,-,,-,,-,,-,,-,,-,,A,0.0,A,0.0,-,,-,,-,,-,,-,,-,,-,,-,,-,,-,,-,,-,,-,,-,,0.0,0.0
575,L,V,0.002885706394039966,T,0.0013435438739230485,T,0.0005060228292602254,T,0.0006518657197477867,T,0.0011292033143583092,T,0.0011253137085065932,T,0.002179131826831863,T,0.0023082800931097883,-,,-,,T,0.0014451419549751207,-,,-,,-,,T,0.002016186294341129,T,0.0003352127709722589,T,0.0016654587083443288,T,0.0011864355071527948,T,0.001807209507808526,-,,T,0.0010650828594459903,T,0.0013097733491489964,T,9.789167234573184e-05,T,0.0019189599963694102,0.0013875789100378812,0.21254078377990382
576,G,C,0.0014713782278442439,L,0.003377110371962826,R,0.0014656711057042097,R,0.0019472062953643167,R,0.006185512262398974,R,0.006704044580426472,R,0.005243829970794469,R,0.006291979367010687,-,,-,,R,0.005396267848897681,G,0.0004884123663025811,G,0.0011880933197987902,G,0.0012369976344821145,R,0.004497007898799931,Q,0.0014896100575160648,R,0.006898487416029396,R,0.006232506705706344,R,0.004026925361815177,G,9.130895526493043e-05,R,0.004803459430803259,R,0.0051156682859890435,Q,0.0015567404918009381,R,0.006847948630805463,0.003752553026614451,0.5747929401943072
577,T,T,0.0004054328549129985,-,,T,0.0007465689579395692,C,0.0002986069759510615,C,0.001714498061302181,C,0.001714498061302181,C,0.0012888078873361016,C,0.0010691366322026514,T,0.0002911292981883926,T,0.0002911292981883926,C,0.0019620090292459327,T,0.0001715592935220663,T,0.00040932268631498477,T,0.0005354570160585068,C,0.0011001336952512501,C,0.00048146224994603326,C,0.0013909206441393067,C,0.0017111117193508083,C,0.002047264629040175,T,0.00038398601109957266,C,0.0018978555205238993,C,0.0012170049712924029,C,0.000749952560777321,C,0.0013819174076607395,0.0010112941505020228,0.1549038039024851
578,S,S,0.00030727355374353654,-,,F,0.000336791180528128,Y,0.00045888121456832997,Y,0.0003143292801022726,Y,0.0003143292801022726,Y,0.00033957356716907665,Y,0.0007599111390254366,S,0.0003607716560957835,S,0.00035790717535136876,Y,0.0004450229434698335,S,0.0018426979160922406,S,0.0008566424083645815,T,0.0051417852852833415,Y,0.00041130105735964507,Y,0.0005236983682368711,Y,0.0010067774141952481,Y,0.00035011215415040416,Y,0.002039948715677867,S,2.5394759488537878e-05,Y,0.0006796397230350184,Y,0.0006880634076974809,Y,0.0005236983682368711,Y,0.0010067774141952481,0.0008300577383551912,0.12714312751248888
579,T,D,0.0002132029576286977,S,0.0017354598387456848,K,3.3819109440199066e-05,Q,0.0034223382408508393,Q,0.0057001486637576785,Q,0.004305544719028504,Q,0.004189203319218239,K,0.0014713782278442439,S,0.0012896472398740701,S,0.000772049631767355,K,0.0014713782278442439,L,0.0007378109817695975,Q,0.0013183816002604377,T,0.004896291860160069,K,0.0014713782278442439,K,0.001296300283465948,Q,0.0020769912857370666,Q,0.004887554273552866,K,0.0014713782278442439,S,0.0011842874754053043,Q,0.002378086659359435,Q,0.0031885819773962115,K,0.0014713782278442439,Q,0.002068262088647507,0.0022104522227202887,0.3385834452558628
580,D,R,0.0001195058088454046,D,0.002755215784435131,A,0.0004901812611207886,N,9.774560573432838e-06,A,0.0007515028894898828,A,0.0007681189167852854,A,0.0006940848674682334,A,0.00016676384843455504,D,0.0019625323501730246,D,0.001962532350173024,A,0.00045303199362703835,D,0.0023533473965415904,H,0.00166981478578413,F,0.00037801133738006267,A,0.0004398199589402649,A,0.0004203779366965046,A,0.00012113720854403634,A,0.0007704297037663755,A,0.0006982774590500702,D,0.00211658641511831,E,0.007308193985042366,E,0.0063701055829325295,A,0.0004203779366965046,A,0.0001495580982778707,0.0013895534348290174,0.2128432293155523
581,E,E,0.001429094055124462,E,0.0032150267957083986,E,0.002273771469928722,D,0.00021057810923690758,D,0.0006758763618614828,D,0.0006426969906756358,D,0.0010421316558556183,D,0.0014963211288485565,E,0.00010295110669580272,E,0.00035544923823720864,D,0.001553585448843609,E,0.0018274369581078535,E,9.853195685016588e-05,E,0.0003284315978555564,D,0.0010464440053079421,D,0.00045733699763968985,D,0.0011275629615443493,D,0.0006684288286474415,D,0.0010455649802778074,E,0.0001353721599624355,D,0.0005402465755710206,D,0.0009138007249971488,D,0.00046491064754901486,D,0.0014022403823322812,0.000960574630735796,0.1471349005225974
582,L,R,0.00033869188050683635,M,0.0002789028713968096,A,0.00017738469852867617,R,0.0005095339077069215,M,9.460899172771221e-05,R,0.0008062299906761748,R,0.000684783887179731,R,0.0008572793718203109,V,0.0072235125165525955,V,0.005171595893042161,R,0.0007330272542945912,V,0.005184437614359467,L,0.00031266985287631657,M,0.00018511876816731013,R,0.0007171901065404369,R,0.001023706480094551,R,0.0005682440957485513,R,0.0008062299906761748,R,0.002720162394831881,L,0.0006565515359058481,R,0.0008194138318487505,R,0.0027353010577995224,R,0.0010417725168661652,R,0.0007092631025883821,0.001431483858822328,0.21926587318487908
583,K,L,0.0013159155806276072,K,0.0015578849767802008,D,0.0042210453886953846,A,0.003230338578588309,A,0.005022044678036643,A,0.004054609239276913,D,0.0012558633206090158,A,0.005670980520139953,A,0.004923334781859004,A,0.004594778102527544,A,0.004337118358862697,E,0.005160726949424691,E,0.004499725067599297,K,0.0011964887733237513,A,0.005001290876047709,A,0.004516284750442269,A,0.005556245514509577,A,0.0038642968909035065,A,0.004676527624004353,E,0.0030697611478897146,A,0.003674648791074063,A,0.004231877561658641,A,0.00566809308957169,A,0.0060396946479755196,0.004055815633767836,0.6212448369111273
584,R,D,0.00012137960398989471,R,5.3255622466100356e-05,R,0.00021584465996626645,R,7.633770325406612e-05,R,0.00021248126539258919,R,0.00021248126539258919,R,0.00021248126539258919,R,0.00018686708650319795,R,0.00021489131078661868,R,0.00019557462188734778,R,6.034829877680616e-05,R,0.00021423041739081743,R,0.00021489131078661868,R,5.3255622466100356e-05,R,4.670683019259405e-05,R,0.00023520779132780564,R,0.0001942532014084351,R,0.00021248126539258919,R,2.671926072135001e-05,R,3.0019617395131857e-05,R,2.136578236657236e-05,R,2.136578236657236e-05,R,0.00023520779132780564,R,0.00019219170197634048,0.00014415996162194994,0.022081534254490522
585,G,E,1.1497718513557603e-05,G,0.0001955464496373597,G,1.7305994832907918e-05,G,1.4279350025686646e-05,G,1.3584456938291169e-05,G,1.3584456938291169e-05,G,1.3584456938291169e-05,G,8.767585995403934e-06,G,0.00017194843771850093,G,0.00017194843771850093,G,1.3204187725637575e-05,G,0.0001934294993921672,G,1.801994154958071e-05,G,0.0001834330332195133,G,1.3584456938291169e-05,G,8.338488407568133e-06,G,8.38731678275034e-06,G,1.3584456938291169e-05,G,8.767585995403934e-06,G,1.3262127185494947e-05,G,8.767585995403934e-06,G,8.767585995403934e-06,G,8.338488407568133e-06,G,8.38731678275034e-06,4.7513309023858996e-05,0.007277795782895026
586,D,D,0.0,D,0.0,E,0.0,E,0.0,E,0.0,E,0.0,E,0.0,E,0.0,D,0.0,D,0.0,E,0.0,D,0.0,D,0.0,D,0.0,E,0.0,E,0.0,E,0.0,E,0.0,E,0.0,D,0.0,E,0.0,E,0.0,E,0.0,E,0.0,0.0,0.0
587,V,P,0.0003398295113261671,V,0.0001310093968151985,V,8.057985893686116e-05,E,0.001035365257512464,E,9.319662562885572e-05,E,0.00030568874430353355,K,0.0006373250188989968,E,0.001410089606762791,V,0.0009154076256091885,V,0.0009154076256091885,E,0.0020507995761184874,V,0.000784288993764114,V,0.00011224973999058255,V,3.42105829906372e-05,E,0.001415680490469169,E,0.0023858486653292126,E,0.0014099415162514657,E,4.376940227230751e-05,E,0.00025853818578030737,I,0.001285205615401552,E,0.0012562524304328161,E,0.0012566354020527072,E,0.0025730875259804566,E,0.000671458793117864,0.0008917444246397885,0.13659191385311972
588,P,F,0.00012577999163953087,P,9.542562436353016e-05,V,0.0004853077545069154,A,0.000264522463219763,A,0.0003156598189435783,A,0.0003222201529681054,A,0.0003086963327085467,A,0.0010409053527479068,P,0.00022556525021181812,P,0.00025896784341520847,A,0.0005687649544309414,P,0.0011279479253015635,P,0.00024898690408057297,A,0.0001771599109616667,A,0.001327981436365991,A,0.000433991355767675,A,0.00038894170868801936,A,0.0002732038907661346,A,0.0007787576937302121,P,1.2006499405533109e-05,T,0.0003389946133749024,T,0.00033216500647877145,A,0.00043399135576767584,A,0.0003335630415973725,0.0004258127867267472,0.0652233777695116
589,K,N,1.6840633288909223e-05,K,1.9218225817807427e-05,S,1.4668482226883665e-05,S,1.4668482226883665e-05,S,2.063143457800721e-05,S,2.063143457800721e-05,S,1.4668482226883665e-05,S,1.554804266224095e-05,K,0.0003081331633939412,K,2.6568782320800416e-05,S,3.5965886867757766e-05,K,7.322558393810506e-06,K,9.77579252257245e-06,K,0.0003081331633939412,S,1.136392276680106e-05,S,2.063143457800721e-05,S,1.1554227929352321e-05,S,2.063143457800721e-05,S,1.554804266224095e-05,K,2.04223693414531e-05,S,1.4668482226883665e-05,S,1.136392276680106e-05,S,2.063143457800721e-05,S,1.1554227929352321e-05,4.129766932730635e-05,0.006325722410172233
590,A,S,0.002449666079158864,S,0.001604271928545578,C,0.00040584647781913665,C,0.00020276076665748225,C,1.4328661551546561e-05,C,1.4328661551546561e-05,C,1.420034754756201e-06,S,0.001795230908515994,S,0.0010935089367746292,S,0.0010863098447614133,S,0.004653046537208919,S,0.0009373355963878756,A,5.6850718110047635e-05,A,0.0002755579743522348,S,0.0032377256387848305,A,0.0010078533358921858,C,8.385639744628941e-05,C,1.4328661551546561e-05,S,0.005338422117149462,S,0.0016257470712049723,C,0.0002269160844407515,C,1.500810825406906e-05,A,0.0009017223416771605,C,0.0006243738652184719,0.0011527673644904067,0.17657379871678525
591,I,V,1.3174021196701005e-06,I,2.201657187425625e-05,I,0.00022246892825288672,I,4.100195820200144e-06,I,6.806307496797347e-05,I,2.791349829138536e-05,I,6.806307496797347e-05,I,4.14110714984851e-05,I,2.6086497740040597e-05,I,2.6086497740040597e-05,I,6.662273971637516e-05,V,1.173515710328365e-05,I,2.0652839226981607e-05,I,1.0047791412143321e-05,I,0.0004593475286533908,V,0.0008004434017960661,I,0.00013753027453709604,I,6.806307496797347e-05,I,1.18213006340071e-05,I,3.178316934824818e-05,I,0.0001314615143522756,I,0.0001314615143522756,V,0.0010470785820408783,I,0.0003864889903940797,0.00015925269549199944,0.024393346190313508
592,Q,F,0.00023945389018315032,Q,0.00044190695969064596,T,0.0026754114680557417,S,0.0019970106895443743,S,0.002348643722945212,S,0.002348643722945212,S,0.0020631363573788133,S,0.0011211527860985903,Q,3.850910277743841e-05,Q,3.850910277743841e-05,S,0.0022321236904384026,Q,0.00034485738208866226,Q,0.0004879056501383171,Q,0.0002854679612492169,S,0.0008461792742854641,S,0.0021817089771775937,S,0.0018798095848641815,S,0.00235101488744956,S,0.0020716735043384807,Q,0.0009473226174773661,S,0.002150730242732358,S,0.001933274357903746,S,0.002203547829196949,S,0.0019660419755805846,0.0014664181557215623,0.2246168934332053
593,C,I,0.007308193985042366,C,0.004508620331019292,C,0.003745436632780997,C,0.003056104702420538,C,0.0044271063820641166,C,0.004407403109722621,C,0.0041887532828969835,C,0.002481567320969558,C,0.005333485749664218,C,0.005290425135344559,C,0.003613041452678632,C,0.0047411934920911555,C,0.0030102569297127905,C,0.004392957095014101,C,0.002621972770954675,C,0.0038015985888823667,C,0.0036000007563217412,C,0.004752147552936281,C,0.0031148559121885076,C,0.005734259515215267,C,0.002820356817157497,C,0.0033393186197456866,C,0.0034427601921533453,C,0.0037536023324843334,0.004061892444144235,0.6221756452643953
594,Y,L,0.0,Y,0.0,Y,0.0,Y,0.0,Y,0.0,Y,0.0,Y,0.0,Y,0.0,Y,0.0,Y,0.0,Y,0.0,Y,0.0,Y,0.0,Y,0.0,Y,0.0,Y,0.0,Y,0.0,Y,0.0,Y,0.0,Y,0.0,Y,0.0,Y,0.0,Y,0.0,Y,0.0,0.0,0.0
595,M,M,8.500084308553259e-06,M,2.4651103737993236e-06,M,1.868842556732342e-06,M,3.390741317776199e-06,M,3.390741317776199e-06,M,3.390741317776199e-06,M,3.390741317776199e-06,M,3.390741317776199e-06,M,0.0003470950766618438,M,0.0003470950766618438,M,2.3843945696887463e-06,M,3.4370150077105423e-06,M,3.390741317776199e-06,M,2.4651103737993236e-06,M,3.390741317776199e-06,M,2.3843945696887463e-06,M,2.5078206446789946e-06,M,3.390741317776199e-06,M,2.5078206446789946e-06,M,2.4651103737993236e-06,M,3.390741317776199e-06,M,3.390741317776199e-06,M,2.3843945696887463e-06,M,2.5078206446789946e-06,3.183231188078945e-05,0.004875877305229892
596,N,D,8.569399202446325e-05,H,0.0012951691139160887,K,8.496238071568975e-05,K,0.0005995474316616812,K,0.00023260628716838808,K,0.0001493908946511315,K,0.0002650482639878953,K,9.016831745604348e-05,Y,0.0007937121265434884,Y,0.0007882719268742159,K,0.0002675220825668842,N,0.00138276651477464,N,0.0022144458882963915,K,0.0014713782278442439,K,0.00023424972069482322,K,0.00010864631243258436,K,0.0001357866665559908,K,0.00015940228946447724,K,4.768498083540911e-05,H,0.00024069614560183795,K,0.00014478400142267558,K,0.00018219644706283906,K,0.00024911800406442186,K,0.0001392475001780444,0.0004734373131997646,0.0725182091556744
597,E,L,0.0017912216024125137,D,0.0011811640355840268,D,0.0025381586907116276,D,0.0018560275188949974,D,0.001552055738166309,D,0.001567045390540855,D,0.001533947580943487,D,0.0012787763137308468,E,0.00039727408804837635,E,0.00039727408804837635,D,0.0014522089368519695,E,0.0004590170645697871,D,0.00011923535283905252,E,0.00028805519062686575,D,0.0009078652839750829,D,0.000610056365057019,D,0.001570026688058471,D,0.00155171828233499,D,0.0014936128636141104,E,0.0011839928818394266,D,0.0002537626837593905,D,0.00025965401515454467,D,0.0014570078686138026,D,0.0015577073993016913,0.001135702746819901,0.1739599457759859
598,T,D,0.000731995338358495,-,,H,0.0015399100212985612,N,0.00013289872891773818,N,0.0002195098097834131,H,5.92780145755984e-05,N,0.0007193993801520714,N,0.0006632513424565435,-,,-,,N,0.00028985674599741533,-,,-,,-,,N,0.0006319684662529457,H,0.002607489115369948,N,0.00017832236926095064,N,0.00018177264285813442,N,0.002147238955476241,S,0.0016911761239302315,N,0.00013201626997943246,N,7.872553995623495e-05,H,0.0014465218871992,N,0.00037260291621995904,0.0007679963148912841,0.11763694124077968
599,-,P,0.00033199589180395183,T,0.001415836950726142,P,0.00019808046246551022,P,0.00021201618799513285,P,0.0007018037066399862,P,0.0007018037066399862,P,0.0007051364792059239,P,0.0001452419928188735,A,0.004641359626017758,A,0.004641359626017758,P,9.684106095344924e-05,K,0.0030600785772388656,T,0.0008941723463418286,H,0.0011333616387215846,P,0.0002801084101804328,P,0.0006639439617183041,P,4.8903784988099766e-05,P,0.0007018037066399862,P,0.0011170825764120476,-,,P,8.326521050107471e-05,P,7.465486750959565e-05,P,0.0006639439617183041,P,0.0001948304821404511,0.0009872880528432628,0.15122669784748569
600,G,S,0.0014348337694897052,G,1.7246374234333983e-05,G,1.772878799697898e-05,G,7.714044019345238e-06,G,7.714044019345238e-06,G,7.714044019345238e-06,G,7.714044019345238e-06,G,7.714044019345238e-06,G,1.0560773899301931e-05,G,1.0560773899301931e-05,G,1.1111354632206816e-05,N,4.306321218850407e-05,N,4.306321218850407e-05,N,1.0868791153776779e-05,G,7.714044019345238e-06,G,1.1111354632206816e-05,G,1.1111354632206816e-05,G,7.714044019345238e-06,G,2.0439836746612904e-05,G,1.9028528495032152e-05,G,1.1111354632206816e-05,G,1.1111354632206816e-05,G,1.1111354632206816e-05,G,1.1111354632206816e-05,7.329882711887155e-05,0.011227462491172714
601,A,L,0.00012052430515583902,A,0.0016861579082422236,S,4.4347930387273e-05,S,0.000506554286019184,S,0.00046552733629847673,S,0.000423495278859239,S,0.00011296897306861686,V,0.0005627207262255218,V,0.0006788312808898016,V,0.000679682895246081,V,0.0014713782278442439,A,0.0017695613510144027,A,0.0025661605077541287,A,0.001729755792715519,A,0.0014713782278442439,I,0.0012213502398418382,T,6.545932895901064e-05,S,0.00046776420495208483,L,0.0008758282207957079,A,0.0013630330824548592,A,0.0009265843266256091,A,0.000170174377914177,I,0.0007098321409893074,T,0.0010863367334422202,0.0008823086534808171,0.13514660059332045
602,S,N,1.945706060635032e-05,S,2.889550573601181e-05,N,4.7464621838411646e-05,T,6.194609918852482e-06,T,4.914314093006303e-06,T,4.914314093006303e-06,T,4.914314093006303e-06,T,1.1554005168425388e-05,S,0.00030608277728734533,S,0.00030608277728734533,S,2.363036294041036e-05,S,0.0002700550279725341,S,0.0012252382757458433,S,0.00011265529216301989,T,1.1554005168425388e-05,T,4.8414636686995205e-06,T,6.276815156046503e-06,T,4.914314093006303e-06,T,6.276815156046503e-06,T,7.697763102460094e-05,T,6.276815156046503e-06,T,6.276815156046503e-06,T,4.8414636686995205e-06,T,6.276815156046503e-06,0.00010444025884780134,0.01599751503363634
603,E,F,0.00025082873560623817,E,0.00026125693678481115,E,0.0002686764688528132,E,0.00010183862250402842,Q,0.0005046215047456418,Q,0.0016762709075394042,E,0.0007726157577243294,E,0.0001569110943094406,E,0.0002722877383797707,E,0.0002722877383797707,E,0.00022763744833499949,E,0.0005882922307527581,E,0.0002604987535224557,E,0.0002635262109703978,E,0.0002646577313962537,E,2.001321491852777e-05,E,9.197381809247156e-06,Q,0.0009063616738132628,E,0.00026123021226411036,E,0.00026824735923442774,E,1.968672645487831e-06,E,0.000260861599895144,E,2.001321491852777e-05,E,0.00019600141083464062,0.00033692094250568704,0.0516074730409874
604,E,A,0.0001321513374008578,-,,E,0.0004925178107004581,E,0.0035996490075539253,E,0.0010548819132703948,E,0.0014073116400465293,E,0.0006361707568009194,E,0.00021778832595606898,-,,-,,E,0.00026813071112080525,-,,-,,-,,E,0.0003661891363604531,E,0.00034043064565322036,E,0.0002316254283372652,E,0.0013929307183322128,E,0.0003722859239973439,-,,E,0.0003351971219957542,E,0.0003351971219957542,E,0.00034043064565322036,E,0.0002316254283372652,0.0006914419807948502,0.10591082025919134
605,-,K,1.1313301593118802e-05,-,,-,,-,,-,,-,,-,,-,,-,,-,,-,,-,,-,,-,,-,,-,,-,,-,,-,,-,,-,,-,,-,,-,,1.1313301593118802e-05,0.0017329017977610083
606,-,S,0.0014408354915436804,D,0.003994379660019936,-,,-,,-,,-,,-,,-,,S,0.007308193985042366,S,0.007308193985042366,-,,E,0.0008756999527145,R,0.006534120049803018,E,0.0016838589642151768,-,,-,,-,,-,,-,,M,0.003969318854190398,-,,-,,-,,-,,0.004139325117821431,0.634036304888485
607,-,C,0.0,-,,-,,-,,-,,-,,-,,-,,-,,-,,-,,-,,-,,-,,-,,-,,-,,-,,-,,-,,-,,-,,-,,-,,0.0,0.0
608,-,D,0.0,-,,-,,-,,-,,-,,-,,-,,-,,-,,-,,-,,-,,-,,-,,-,,-,,-,,-,,-,,-,,-,,-,,-,,0.0,0.0
609,G,V,2.1414925525174697e-05,E,0.00014952461808343773,D,0.0008944872620733008,D,0.003973849954504052,D,0.0022483077229570217,D,0.0022752686598670508,D,0.002870306129634148,D,0.0015848177945450195,V,0.0033193280769420143,V,0.0020515282620223968,D,0.0024126348884402514,E,0.00029738141733424034,E,0.0005861634222543498,E,0.0001931170277208282,D,0.0009430110554034374,D,0.0017711110892170508,D,0.0017166364587132862,D,0.0022752686598670508,D,0.00011181806325694293,E,0.00016597854538653905,D,0.001189166989413529,D,0.00042313674359524957,D,0.0018268020653425488,D,0.0015941608759082234,0.0014539675295002976,0.22270978325988477
610,A,V,0.0,A,0.0,A,0.0,A,0.0,A,0.0,A,0.0,A,0.0,A,0.0,A,0.0,A,0.0,A,0.0,A,0.0,A,0.0,A,0.0,A,0.0,A,0.0,A,0.0,A,0.0,A,0.0,A,0.0,A,0.0,A,0.0,A,0.0,A,0.0,0.0,0.0
611,R,V,0.0029231729047461954,R,0.0011477029803707711,L,0.001609144516800335,L,0.0013850463314417835,L,0.0025344440813140916,L,0.0015281115620583803,L,0.0009515570847018569,L,1.7312983408190804e-05,R,0.0004335244727102811,R,0.0004212674064842135,L,0.00032868991893495516,R,0.0016429889755310058,V,0.0005101324677989558,R,0.0025701111550698492,L,0.000651010910280752,V,0.005564305196098176,L,0.0005580745557109372,L,0.0015180376996144673,L,0.0014868488393432685,R,0.0008660093379639925,L,0.0009168415783701113,L,0.0005060418895095751,V,0.002946066131787305,L,0.0005218744272884986,0.0013974298919724147,0.21404969646675798
612,E,E,0.00028129340502302353,E,0.0010998492938387905,N,2.1162022424890055e-05,N,0.00028159859105835643,N,0.0006051606826865754,N,0.0006066631607440375,N,0.0006164820276413527,D,0.0013266108462583258,D,0.003112068579091875,D,0.001754030845221825,D,0.0006965580661074836,E,0.0014525094217070578,E,0.0006270428969637825,E,0.00041061931278985617,D,0.002074823503556322,N,0.0005642653699988648,N,0.00033901236514240673,N,0.0006051606826865754,N,0.0008701098602144568,A,0.000859761071955021,N,0.00022893619085667015,N,0.0002996847098411201,N,0.0005591398830919143,N,0.0008829852019395681,0.0008406469996183396,0.12876512527581485
613,Y,H,0.001447109741970658,H,0.000497903708601106,Y,0.0008136850796852262,H,0.0005217149996113278,H,0.00039857163578676185,H,0.00039857163578676185,H,0.0010373455437876116,H,0.00039646157261974163,H,0.0006097491193705212,H,0.0006228371595393465,H,0.0013992193618161343,H,0.00020253100460130113,H,0.0005361845696421338,H,0.0002301555459031225,H,0.0012820510703027786,Q,0.000807250170656795,H,0.0004398641579526016,H,0.00039857163578676185,H,0.0017243521778927508,Y,0.00019177357546752743,H,0.004904804322058012,H,0.003549279999080874,Q,0.0014713782278442439,H,0.0005024311134034685,0.0010159915470486485,0.15562332214863484
614,I,A,0.0014713782278442439,I,0.00018176027844501373,L,0.0017057550543373777,I,0.0003463872781816488,I,0.0005072055346395822,I,0.0005918240805113854,I,0.0003724562380686128,I,0.0006474075502974546,I,0.00018733583543712324,I,8.829478820841978e-05,I,0.0014713782278442439,V,0.00030808247911694463,V,0.0010442124202123114,I,0.0004585625595445781,I,0.0004271916860919728,V,0.0016391894951262045,L,0.007308193985042366,I,0.0005141917015094218,I,0.00021706424093162897,I,8.339793861383743e-05,L,0.002017956073096157,L,0.0026637292598684975,V,0.0015014654838189424,I,0.0014713782278442439,0.0011344082768596755,0.17376166684717287
615,K,Y,0.0006294049542713901,K,0.0007613030819178667,N,0.0013712222337552275,N,0.0006782754445738596,N,5.75443427122138e-05,N,5.75443427122138e-05,N,2.5073522158206107e-05,N,7.273377605791445e-05,K,0.00010259387633771984,K,0.0001234896753444998,N,0.0006758914854524937,R,0.00023891346247953538,K,0.0006517642218792867,R,0.00031417078355165483,N,0.00015670591370999594,N,0.00027185170793211076,N,0.00019428949697482435,N,5.75443427122138e-05,N,3.4655541860171166e-05,K,0.001983186392470751,N,0.0006637016510357865,N,0.0006851292947887586,N,0.00027185170793211076,N,0.00019428949697482435,0.0004280471145664846,0.06556561833460212
616,Y,N,0.0007657434892102487,F,4.719194219134387e-05,S,0.0012634520356265978,G,0.00043804384329608633,N,0.002444559019192183,N,0.002444559019192183,G,0.00027403992931989503,A,0.0011192029936947906,Y,0.0014701596020816102,Y,0.0014633378343444849,A,0.0009575603454175911,S,0.0018992914019101935,F,0.0015522189285990193,F,0.0016936771827411466,A,4.3317582801875314e-05,A,0.0008385847579692942,A,3.86728497337505e-05,N,0.0024883741733254376,F,0.00011595364484130812,Q,0.00024506408226269755,V,0.000220926450290867,V,0.0003044185675894955,A,0.000840310815273674,A,3.86728497337505e-05,0.0009586388891933136,0.14683839556590036
617,L,K,0.002846784265723363,L,0.000289790364866064,L,0.0006811741001411113,M,0.0002759947468673049,M,0.00033577542471744656,M,0.0003222477098956986,M,0.0002336624186113321,M,0.00033781790379995677,L,0.001053578278615856,L,0.0012172184432856527,M,0.0005940006156604978,L,0.0004077112083177133,L,9.827803769628175e-05,L,0.0006486820162878164,M,0.00033850567888352525,M,0.0003982202190307538,M,0.0006522864421737137,M,0.0003205881682094588,M,0.0002497829691844174,F,0.001058638904593971,M,0.0005212918673850532,M,0.0008130467020732967,M,0.00024090698416797063,M,0.00040862350397889366,0.0005976919572569646,0.09155076957091542
618,I,M,0.0003409449447033594,I,0.001290299990708577,I,0.00013997120273671895,I,0.00045641230950188897,I,0.00018107104935772222,I,0.0004955356872759001,I,0.0005135709796043423,I,0.0012214933152414518,I,0.0009543749548842986,I,0.0009543749548842986,I,0.0005602220273919233,I,9.662358606430467e-05,I,0.0005781275512959764,M,0.001075361024101122,I,0.0002485027259044284,V,0.0005054972630368571,I,0.000534073976831019,I,0.00018107104935772222,I,0.0006122340844513485,I,0.001039976496163889,I,0.000537052728454643,I,0.00023945685456154054,V,0.00047814173070068964,I,0.000534073976831019,0.0005736860193352099,0.08787368798344579
619,S,Q,0.000844273015455327,S,0.0008068736640671429,D,0.0023616463872949216,E,0.0001191394757723767,E,3.4216327089249565e-05,E,4.040613333144451e-05,E,5.286954653232562e-05,S,0.0020253362129038243,D,0.0040765041271894325,D,0.0040882484486359045,S,0.001684245112822205,D,0.002677646027197496,R,0.000907336287842472,R,9.634998588569286e-05,S,0.0021473684661324926,D,0.00026161673315788184,S,0.0020251000604131607,E,2.3110523040266277e-05,R,0.0015300763287484187,V,0.000595214387294498,S,0.0005695306166668321,S,0.0005695306166668321,D,0.0003112000952739346,S,0.0018978538593767455,0.0012394038516162864,0.18984424174850395
620,A,A,0.002110740135861328,E,0.0012444750627441548,E,0.0017095116853327963,K,0.0014713782278442439,E,0.003783426087126848,E,0.003783426087126848,D,0.0019301578989790466,D,0.0005852542823426731,E,0.0006568495093458118,E,0.0006201115023443573,D,0.0008688344848547152,Q,0.0004370244920341636,E,0.0005634934190029414,E,0.000578073613139858,D,0.0008418489857377097,N,0.0002860865415083916,D,0.0013464153153047577,E,0.003783426087126848,D,0.0017753635204428532,E,0.0004387071442479641,G,0.000352773974446762,G,0.000516434238541905,N,0.0001840657732018497,D,0.0011556592247173982,0.0012926473872231761,0.19799975831569697
621,T,F,0.0014349541706184844,I,0.0008967016242359702,R,0.00028796855572965293,Q,0.007308193985042366,T,0.0015798709072477972,T,0.0017912890846829154,T,0.0011261912186577424,V,0.00029404098342309916,A,0.0015940388728719465,A,0.0016225308395848782,V,2.737357864010977e-05,T,0.00029597393088658683,A,0.0012596963754396015,A,0.0006865696457283386,V,0.0002783003789685338,L,0.0005377164030224237,V,0.0011680692504268855,T,0.001911373189236006,A,0.000419655917879979,T,8.426903980757124e-05,V,0.0010809926076204034,V,0.0010202838808506106,L,0.0008533395581623619,V,0.0019369341884008955,0.001229013674465215,0.18825273846222204
622,W,L,0.00022520038764735456,W,0.00027534213156509544,L,0.0005146027970685583,I,0.0013841550289977961,I,0.001827562378315022,I,0.0014525819177736217,I,0.001827562378315022,I,0.0020582064092510358,W,0.0005141735224056094,W,0.000509507644719998,I,0.002078840534298736,W,9.257128941411324e-05,W,0.00010709982230075436,W,9.157803943178107e-05,I,0.002438813899567974,T,0.00036214277614404414,I,0.0024338519804028924,I,0.002787807696861348,I,0.002750490322900227,W,8.013995731502124e-05,I,0.002282686946604463,I,0.0022690994727553987,T,0.00036214277614404414,I,0.0024338519804028924,0.00129833383710845,0.1988707736552918
623,K,K,0.000247822481523659,K,8.47374519046816e-06,K,4.260459185857909e-05,K,0.00026793829426973934,K,0.00034898357813411825,K,0.00034898357813411825,K,0.0002292866536150582,R,0.0017772968589372777,K,0.00013897050957081413,K,0.00013897050957081413,K,0.0005364436611253025,K,4.450975380639059e-05,K,2.6859066581641355e-05,K,0.00012061835951068587,R,0.0009931949966812815,K,0.00014030324615781748,K,0.0012742254913228105,K,0.00024587923831532603,R,0.0019850269181262057,K,0.0010041736332796437,K,8.922763276672262e-05,K,0.00025787786669848804,K,0.00014853353450774558,K,0.001496321264093055,0.0004963552276574067,0.07602863401597662
624,K,L,0.0027587398826509476,E,0.0006766334224307675,E,0.0009062890995742267,E,0.0014713782278442439,K,0.007217724834726286,K,0.0064853215297337626,Q,0.007308193985042366,G,0.0027942537516403667,K,0.004291711537012888,K,0.004291711537012888,G,0.002019558441869987,M,0.003158723291195917,E,0.00020566301676431105,Q,0.0036569322817017564,G,0.0027211107264688257,E,0.0014354436217597659,G,0.0037947419375869693,K,0.007308193985042366,E,0.0009749448112043017,K,0.0052427950296174315,G,0.00636387005423866,E,0.0014713782278442439,E,0.0011458088182897757,G,0.0038180914447469455,0.003396633895666667,0.5202754417611268
625,M,K,0.0015268390736397494,M,0.0008531919398713305,L,0.0013168052952298537,L,9.33189171868124e-05,L,0.0011543430595619783,L,0.0011543430595619783,L,0.0003112488447316619,L,0.00025099788839106236,M,0.0022277360799118893,M,0.002073957645711408,L,0.0004446761101671758,M,0.0003477803763945727,M,0.0007458537403066869,M,0.00032027747227062473,L,0.0002231029999943281,L,0.00033005489270546937,L,0.0002109644553872363,L,0.001001409017898105,L,0.0005420957704575052,L,0.00020600841647482192,L,0.00010520360467876764,L,0.00024358151909153135,L,0.0003232996076890719,L,0.0001883626414900984,0.0006748105178668216,0.10336331529168422
626,N,E,0.0,N,0.0,N,0.0,N,0.0,N,0.0,N,0.0,N,0.0,N,0.0,N,0.0,N,0.0,N,0.0,N,0.0,N,0.0,N,0.0,N,0.0,N,0.0,N,0.0,N,0.0,N,0.0,N,0.0,N,0.0,N,0.0,N,0.0,N,0.0,0.0,0.0
627,K,E,0.00042137752392352394,D,0.0008372728443750716,W,0.00015829369855246912,W,0.00024803560448854,R,0.0003219748026551142,W,0.00038843147027352364,W,0.0004327012901262419,W,0.0010345620948555266,E,0.001805491572402259,E,0.0010744188487514237,W,0.0012617131052582973,K,0.001024143394433235,T,0.00037893233864013027,T,0.0004861405954810085,W,0.0012677918796636341,W,0.00021441469619105222,W,0.001294570598978947,W,0.00038843147027352364,W,2.989927601745229e-05,K,0.00013650165056054432,W,0.0023444334225730164,W,0.0011772538920755962,W,0.00021441469619105222,W,0.002093151709694617,0.0007930980198514915,0.12148186566839926
628,D,I,0.0014665658297429932,E,0.00031159222695361407,E,0.001871690621375567,E,0.00047047842043711766,E,0.00039335173560991354,E,0.00048012241276730307,E,0.0012797030304282273,E,0.00026614700813277467,C,0.0005005492055783297,C,0.0005005492055783297,E,0.0005615558920629666,E,0.0014638549043894879,V,0.00020555106215350573,A,0.0008920725166625392,E,0.00027439992045029355,E,0.00042993283981248556,E,0.00029483811381249996,E,0.0003969718898740385,E,0.0009754535010141802,E,0.0011271940473192182,E,0.0009618159480483427,E,0.00046838973628657483,E,0.0004303031159358099,E,0.00029483811381249996,0.0006799133874266089,0.10414494139447228
629,R,L,0.002136058711688554,-,,Y,0.002615330957454519,L,0.001546926839974934,L,0.0017606118918292136,L,0.0017606118918292136,L,0.002807772446770423,L,0.0015008028833294507,-,,-,,L,0.003960733075025605,-,,-,,-,,L,0.002236070451048645,L,0.0016379226027734425,L,0.0022856752103968874,L,0.0017606118918292136,L,0.0016672805736048066,-,,L,0.0010327677004364434,L,0.0015971341968183733,L,0.0016379226027734425,L,0.0021844486648141294,0.0020075695642586644,0.3075071302925524
630,A,E,0.000150688877940934,D,0.00030476360014011837,L,0.001544130875738443,L,0.0008472852984324426,L,0.0007850363605679717,M,0.000798762056061093,L,0.0008441573075980477,L,0.0008408823090382259,L,0.002582316065143297,L,0.002582316065143297,L,0.0016698699661973947,M,0.001828866366884359,T,3.926304861177687e-05,A,0.0012250036991796763,L,0.0008348470155420884,L,0.0008408182351604657,L,0.0009041529375558286,L,0.0007850363605679717,L,0.0003601207947458277,R,0.0014393143070326154,L,0.0005620536974504536,L,0.0007204754140050842,L,0.0008354088237660089,L,0.0008927149953341648,0.001009095186576566,0.15456698016378503
631,A,-,,-,,-,,-,,-,,-,,-,,N,0.0009406187459299557,-,,-,,-,,-,,-,,-,,-,,-,,K,0.00019368498980471354,-,,K,0.0013450678314379366,-,,K,0.00015275172223188835,K,0.00015415505779388166,-,,K,0.0004410880773764291,0.0005378944040958009,0.08239134899666697
632,-,-,,-,,-,,-,,-,,-,,-,,-,,-,,-,,-,,-,,-,,-,,-,,-,,-,,-,,-,,-,,-,,-,,-,,-,,,
633,S,-,,E,0.0009981599754060497,-,,-,,-,,-,,-,,-,,V,0.0025326922082653212,V,0.002530674864293516,-,,-,,T,0.005209537065351134,-,,-,,-,,-,,-,,-,,-,,-,,-,,-,,-,,0.002817766028329005,0.4316080302439042
634,S,-,,-,,-,,-,,-,,-,,-,,-,,-,,-,,-,,M,0.0005459886198731747,-,,A,0.0006804390272870879,-,,-,,-,,-,,-,,Q,0.0012048799216738475,-,,-,,-,,-,,0.0008104358562780366,0.12413756857400558
635,-,-,,-,,-,,-,,-,,-,,-,,-,,-,,-,,-,,-,,-,,-,,-,,-,,-,,-,,-,,-,,-,,-,,-,,-,,,
636,-,-,,-,,-,,-,,-,,-,,-,,-,,-,,-,,-,,-,,-,,-,,-,,-,,-,,-,,-,,-,,-,,-,,-,,-,,,
637,-,-,,-,,-,,-,,-,,-,,-,,-,,-,,-,,-,,-,,-,,-,,-,,-,,-,,-,,-,,-,,-,,-,,-,,-,,,
638,-,-,,-,,-,,-,,-,,-,,-,,-,,-,,-,,-,,-,,-,,-,,-,,-,,-,,-,,-,,-,,-,,-,,-,,-,,,
639,-,S,0.0010994693007062124,-,,-,,K,0.001571543051143557,K,0.004268272593108753,K,0.004396611869623685,R,0.0014713782278442439,-,,-,,-,,K,0.0036721772227205937,-,,A,0.0011184366698594737,A,0.0005964495145368819,N,0.003320041619365397,R,0.0029140111100898155,-,,K,0.004434687625411796,-,,E,0.002222359041922971,P,0.00403410019808563,P,0.003656340642708313,R,0.0017169760050061334,-,,0.002699523646142231,0.41349639103969216
640,-,A,0.00037656015089182124,Y,0.004567347518364736,K,0.0007659825427736083,P,0.0009717620073690881,P,0.0020828350579824,P,0.0011941391565603726,P,0.0005528846255749115,P,0.0005019324191135897,Y,0.004298967063903375,P,0.0035463910469752057,P,0.0004528619036040511,-,,S,0.007308193985042366,N,0.0004836517912438148,P,0.000436094168966643,P,0.0004050235718087567,P,0.0004489877826571369,P,0.0011981665371660348,P,0.0019197834122723378,I,0.0006374720950703553,-,,-,,P,0.0005929033564883703,P,0.00070715916192545,0.0015928142550359252,0.24397746876384638
641,-,S,0.004112070369053499,N,0.0007844295887575169,T,0.007105020590740999,D,0.00044919503942358207,D,4.8771741945852905e-05,D,3.670079309144826e-05,D,0.00045071584339351944,N,0.0018588095607237703,N,0.0007087724968869855,S,0.003814964967963354,D,0.0003644251760545942,T,0.0057204813053907885,D,0.00031048045863123154,N,0.0023543579297731127,N,0.0013340108101828059,D,0.0004585695464545395,N,0.0006588331073034722,D,3.791029874690794e-05,D,0.00048314314697036573,G,0.0013333398759018172,D,0.002530854915442733,D,0.0020938604101361316,D,0.0004585695464545395,N,0.0008956378991308001,0.001600163559106432,0.24510318985695503
642,P,D,5.9579283708646636e-05,S,0.000256881758536645,D,0.0001281389732028283,K,0.0014713782278442439,N,0.0036529979155785217,N,0.004128697973945344,N,0.003523837115638147,S,0.00014861624017989346,T,2.8099185868784156e-05,T,2.6132119469779626e-05,I,0.0005461508480487014,S,3.3052237219572058e-06,C,0.0001246972112653325,C,2.103107435111856e-05,S,0.0003205266227520699,S,0.00016298977221730512,S,0.00020652289923218811,N,0.0041006788213794314,N,0.0017230538582885182,S,0.0005341497716429247,S,0.00021170570331811384,S,0.00021170570331811384,S,0.0004857161223426366,S,0.0004974562990557574,0.0009405853635377919,0.14407306779602927
643,F,E,0.0030899905557274765,I,0.00027932709072086507,N,0.00021611536825454092,N,0.00035441131123150883,N,0.0013949191379687867,N,0.001340219354888918,N,0.0012370655637814992,S,0.002066088940308035,P,0.00013997448530390227,P,0.00015299207949449087,N,0.0006079136389301971,S,0.0023528467881911105,P,0.00035738029047712426,P,0.00019327681855124107,S,0.0014502531266317798,G,0.0028628606517149264,S,0.0021284261759103133,N,0.0011253929441276168,S,0.0023073810874715203,E,0.0032702259468917905,G,0.0021403648337442946,S,0.0014024004834762831,G,0.0028553694971694917,S,0.0028318810362972695,0.0015065448836360407,0.23076325825596938
644,-,E,0.0010589322513877783,F,2.1644666074533085e-05,V,0.003631908974397487,V,0.004693275361964747,V,0.0072746282837129455,V,0.00729653810987502,V,0.007308193985042366,V,0.0053925103999660695,F,0.000376441279162716,F,0.0002616714291026105,V,0.006253616164050929,F,0.0013267874778060296,F,0.001027317033278236,F,0.0001037646610608507,V,0.005852863177382371,V,0.004730103314713617,V,0.0071901208168887835,V,0.007308193985042366,V,0.006049781365509739,F,0.0008053663561133653,V,0.005255866035542779,V,0.004638409305869291,V,0.0064809841552100084,V,0.0071349766250695555,0.004228078967259341,0.6476310724267881
645,S,E,3.901909820398936e-05,S,0.0005212599915414734,P,0.00060582225114266,P,0.0001181898314917426,P,8.379724732286568e-05,P,8.379724732286568e-05,P,9.012950127477588e-05,P,0.00018395023315416413,L,0.0001481589473903655,L,0.0001518927132091618,P,0.00018019733628235824,S,0.0015712450071842061,T,5.361812047488336e-05,V,0.0008451062365972703,P,0.0001719702718973896,P,0.0010415034544807669,P,0.00017961566280881396,P,8.379724732286568e-05,P,0.00016844167343174122,P,0.000723147618429565,P,0.00019059893031698224,P,0.00022421776126260067,P,0.001039039860190316,P,0.00017961566280881396,0.0003615888293976098,0.05538594789115657
646,H,R,0.0003148915021563611,K,0.00013612529373293055,I,0.0004048592876516772,I,5.187363009355236e-05,I,6.202852906610193e-05,I,6.451724114021044e-05,I,0.0004904536041882259,I,4.40788194881871e-05,Q,3.5682529165337784e-05,Q,3.5682529165337784e-05,I,5.697471708834846e-05,K,0.0004404461121415672,D,0.001005313290380694,N,0.001589721464124011,I,5.293344886392921e-05,I,0.000673625236680901,I,5.409927306870125e-05,I,6.236187624109205e-05,I,2.9808148702403798e-05,Q,0.00017773707750719938,I,0.0002597534887233911,I,0.0002593080734730186,I,0.0005309831155919883,I,5.409927306870125e-05,0.0002869732317293279,0.04395679060439033
647,I,L,9.151717077687026e-05,E,0.0004961726510149179,I,0.0009523204514551625,S,0.0004390730849684555,S,0.0002341420747172298,S,0.0002341420747172298,S,0.0002398068103104585,S,0.00040340137255301785,P,0.001213427333980992,P,0.00048588942966138046,S,0.0015581154672219943,Y,0.0013247348439385494,D,0.0013668133086906105,D,0.0009941490921969536,S,0.0002068444162330113,S,0.0002201833644867971,S,0.0010030317093584773,S,0.0002341420747172298,T,0.0006150192243683803,E,0.0002901257081495458,S,0.0006962989500133664,S,0.00026330594640683417,S,0.0005411774950143355,S,0.0009610219261541243,0.0006277023325460802,0.09614757386026827
648,F,A,0.0005986170236625719,F,0.0003729105563207996,S,0.001973493712558458,S,0.00044597027237876675,S,1.4264685291784549e-05,S,0.00019547853054996533,S,0.0002766595976308919,S,0.0009767842134721532,L,0.0001623627733110195,L,7.445885973392712e-06,A,0.0021619578773183095,F,0.0012529562288119361,L,0.0011275260659514737,F,0.0035778620139889847,S,0.00026245220793889287,Y,0.005208272795601683,A,0.0017047690556065856,S,0.0001978709715814173,S,0.0003138593646806763,F,0.0010081608560505984,S,0.00034416292123744133,S,0.0004356413824275366,Y,0.005660983354749467,A,0.0022234478910762045,0.0012709962599237925,0.19468337210325168
649,I,L,0.0010905678656905576,V,2.7703744943165048e-05,K,0.0006407476509634147,K,0.00038895276434252674,K,0.0004392867801536096,K,0.0002335997056425716,K,0.0003772312870078049,K,0.0004403102584564309,I,0.0011091542134427407,I,0.0011091542134427407,K,0.0004538472441803955,V,0.001206891964482659,V,9.359599760544907e-05,V,0.00028250185795031604,K,0.0005270379053152666,K,0.00013724890678088256,K,0.00024476542455307063,K,0.0004392867801536096,K,0.00029334690468807363,V,0.0013065190616840146,K,0.0003087907951774266,K,0.0008331436428298926,K,0.00023728154642603132,K,0.00047462822833352065,0.0005289831143435905,0.08102637256561634
650,E,A,0.0007318323786997006,Q,0.0014988352676829889,G,0.0008310095092048871,K,0.0003731213894998657,K,0.0012225221029501705,K,0.0012225221029501705,K,0.0007805078721526076,K,0.00031045565029874287,N,0.0020714922604842434,N,0.0020714922604842434,K,0.0012356394948116172,Q,0.001313108572800484,A,0.000184101142386361,V,0.0009440846235945911,K,0.00031045565029874287,K,0.0013752217292937459,K,0.0007038905703667035,K,0.0012225221029501705,K,0.0007559190849887578,D,0.000584142978900779,K,0.0004335405148928935,K,0.00030213351655054653,K,0.0016640098874187745,K,0.0003166847937132825,0.0009358018940572943,0.14334036542846126
651,I,R,0.0038404867007130247,A,0.0006662073051377613,N,0.003655072420107786,H,0.0011106033597685456,H,0.00016941242164240927,P,0.002122933376992819,H,0.0003504188166521732,H,0.00011313608842379458,A,0.0007248249898539469,A,0.000719184130338541,H,0.0002787455896346477,V,0.00398251948465529,A,0.0019482577654988495,G,0.0017008542549187718,H,0.0012267174695970056,V,0.003971122023549557,H,0.0002495016853525051,H,0.0002445434019495678,H,0.00030634488190329183,C,0.0006962301822314878,I,1.668290613306807e-05,I,0.0001904185957033554,V,0.003971122023549557,H,0.00019880358468632033,0.0013522559774580868,0.20713023471375433
652,A,M,0.003538341658501394,C,0.0009925326220597524,A,0.0007298641006766458,A,0.00014621219444029557,A,0.0003370123313543471,A,0.0003612432294120174,S,0.0009306073655933009,V,0.0014713782278442439,G,0.0014135559961794674,G,0.0017090171788018745,A,0.0003088115649347194,S,0.00017676534130417948,A,0.00037982140133816254,A,0.00038027611863806495,V,0.0008853783958039236,A,0.000676057398661091,A,0.0007809241422098631,A,0.0003612432294120174,A,3.4869933031602935e-05,V,0.001545452682403531,N,4.538527507137543e-05,N,0.0010338065204056823,A,0.000676057398661091,A,0.00077617240871565,0.0008204494464772622,0.12567138859245489
653,L,I,0.0005880243330509254,K,0.003976715177213706,Y,0.0013548054188453826,F,0.0007892314479416502,F,0.0007976433863006085,F,0.0007907729644398849,F,0.0007978769742945507,F,0.00058844600620109,L,0.0007730860575576023,F,0.0008640442750266238,F,0.0005368221746143653,A,0.0012554872102827075,A,0.00018588459979537692,A,0.001173462101315692,F,0.00048417631787607703,F,0.00031010360702404826,F,0.0005681883461740451,F,0.0007907729644398849,F,0.0006051170932965257,I,0.0005822677194466494,F,0.0004976831020851895,F,0.00041303526478408487,F,0.0003117279125395088,F,0.0005771070511322534,0.0008171867294032683,0.12517162570391413
654,N,K,5.431843433247335e-05,N,0.00010281407229024379,N,9.48534116770968e-05,N,7.119020771347321e-05,D,3.1710107534141246e-05,D,3.1710107534141246e-05,D,3.1710107534141246e-05,D,3.583177843878364e-05,N,0.00011924735871908018,N,0.00010237558533808031,D,3.14235152244979e-05,N,0.00014322865201921273,N,0.00028106581763585485,S,0.001932971295747072,D,3.14235152244979e-05,D,3.5791355284134574e-05,D,3.14235152244979e-05,D,3.1710107534141246e-05,D,7.160513606318476e-05,N,5.538489619085424e-05,D,0.0007446554348940213,D,0.0008040060586179147,D,3.5791355284134574e-05,D,3.583177843878364e-05,0.0002059197335206024,0.031541515398949775
655,L,T,0.0006072951428163026,L,0.0013152313462494287,L,7.31242050205609e-05,I,0.0011967979528006228,I,0.002003972470137455,I,0.0020532304690962407,I,0.0015066338415937574,I,0.002591412952149294,L,0.0005190119320099214,L,0.0005190119320099214,I,0.0026482998973368747,L,0.00021556511309343943,L,0.00021909752871370405,L,0.000333564115111286,I,0.0026799173247121473,I,0.002271493963527925,I,0.0017797033685213026,I,0.0019872715391601983,I,0.0019572079169006993,L,0.0004471674428001717,I,0.0024700281316956756,I,0.0019486121228106511,I,0.0014993680466949654,I,0.0025282653909259566,0.0014738035060786875,0.22574813587429265
656,A,R,0.0009552843648722724,G,0.0006145150688710493,S,0.0017931989183906409,S,0.0005939351661728223,S,0.0007426500397122195,S,0.0007426500397122195,S,0.0008344597430055304,S,0.0021961034820518676,A,0.0004886701007516916,A,0.0014318270576012633,A,0.0007481203001320891,A,0.00013095212744297045,A,0.0035902976868619745,G,0.0002524258637538664,S,0.0007879808830571308,C,0.0011544457107096747,S,0.002334997775993697,N,0.0007426500397122195,S,0.0020289142027188245,P,0.0024529645978303427,T,0.0014263657608234964,T,0.0014564812162617467,C,0.0012254093970782154,S,0.002010994572341086,0.0012806789214941216,0.19616650251431936
657,R,E,0.0007532714694589814,-,,K,0.0006096366971486038,R,0.0003135329499127072,R,0.0003135329499127072,R,0.0003135329499127072,R,0.0003135329499127072,R,0.00029669513932751505,-,,-,,R,0.0003013917162819219,-,,-,,-,,R,0.0003013917162819219,R,0.0003128036688052354,R,0.0004900849214405296,R,0.0003135329499127072,R,0.00042743171026418555,-,,R,0.00031129309982918705,R,0.00031129309982918705,R,0.0003128036688052354,R,0.0004900849214405296,0.0003815203869692101,0.05843894101290022
658,-,D,0.0015820626806987493,-,,-,,-,,-,,-,,-,,-,,-,,-,,-,,-,,-,,-,,-,,-,,-,,-,,-,,-,,-,,-,,-,,-,,0.0015820626806987493,0.24233060888441157
659,-,S,3.287010834870096e-05,R,3.920606928520175e-05,-,,-,,-,,-,,-,,-,,R,0.0005356061820706104,R,0.0005356061820706104,-,,R,0.00011979018432094179,R,0.00033408143479253023,R,7.199792677465727e-05,-,,-,,-,,-,,-,,R,0.0012138290439863092,-,,-,,-,,-,,0.00036037339145619525,0.05519977459979613
660,-,L,0.0,-,,-,,-,,-,,-,,-,,-,,-,,-,,-,,-,,-,,-,,-,,-,,-,,-,,-,,-,,-,,-,,-,,-,,0.0,0.0
661,-,I,0.0,-,,-,,-,,-,,-,,-,,-,,-,,-,,-,,-,,-,,-,,-,,-,,-,,-,,-,,-,,-,,-,,-,,-,,0.0,0.0
662,-,G,0.0,-,,-,,-,,-,,-,,-,,-,,-,,-,,-,,-,,-,,-,,-,,-,,-,,-,,-,,-,,-,,-,,-,,-,,0.0,0.0
663,-,Y,0.0,-,,-,,-,,-,,-,,-,,-,,-,,-,,-,,-,,-,,-,,-,,-,,-,,-,,-,,-,,-,,-,,-,,-,,0.0,0.0
664,-,V,0.0,-,,-,,-,,-,,-,,-,,-,,-,,-,,-,,-,,-,,-,,-,,-,,-,,-,,-,,-,,-,,-,,-,,-,,0.0,0.0
665,-,L,0.0,-,,-,,-,,-,,-,,-,,-,,-,,-,,-,,-,,-,,-,,-,,-,,-,,-,,-,,-,,-,,-,,-,,-,,0.0,0.0
666,M,H,0.0002335902238050414,M,0.0016088496714814684,G,0.000759750642965399,G,0.0007389009508416624,G,0.00029803122090814365,G,0.00029803122090814365,A,0.0014713782278442439,A,0.00037766530160400903,M,0.0017433715187468227,M,0.0017433715187468227,A,0.00018832188812964806,M,0.0017604541895602395,A,5.678500630157782e-05,V,3.678382300118226e-05,A,0.00037766530160400903,V,0.00015741958955288243,A,0.0003732825394480475,G,0.00029803122090814365,V,0.00021130017792943539,M,0.0026894978663789546,A,0.0003732825394480475,A,0.0003732825394480475,V,0.00015741958955288243,A,0.0003732825394480475,0.0006958228878567876,0.10658186059705989
667,A,E,0.0014785508348110347,S,0.00035090165706564325,L,0.002010985720801431,L,0.0003216166919264777,L,0.0013994226959860925,L,0.0017306824850477518,F,0.00021702511716930443,F,3.432925442486155e-05,A,0.0016512707912690043,A,0.00271132830122652,F,0.0010990404026851492,A,0.0005993404034364677,A,0.001790750040525123,A,0.0002695124325156593,F,0.000551702361514164,F,0.0014178887207370427,F,0.00024381648164471237,L,0.0017061268632292648,W,0.0014836054715311809,G,0.00026704236292452636,F,0.0001767714624936359,F,7.446060731817641e-05,F,0.0011111925192301025,F,0.0004804794044498182,0.0009657434618317978,0.14792663020688626
668,Q,V,0.0004640797580607551,L,0.0017583094516433855,Q,0.0003009409235261539,H,0.002235108589289673,H,0.0038981906067154944,H,0.003836889682300047,H,0.004154541711966799,H,0.002455067743985606,H,0.0028877154994227158,H,0.002789517857160082,H,0.0023194228383821,Q,0.00030483086286855896,Q,0.0020617959928653736,N,0.001172279885337613,H,0.0041277280081483516,H,0.0030790216651505613,H,0.0026082273710100064,H,0.003836889682300047,H,0.004671577385424309,H,0.004576621422331694,H,0.0038544340181278468,H,0.0041067591921784535,H,0.0030662354413699597,H,0.004175573505030176,0.0028642399622748234,0.4387266209595198
669,C,C,0.0010159180542521644,F,0.0008624239634009936,L,0.00015078726637733183,H,0.00041706668538008825,H,0.0010062558523746732,H,0.0010062558523746732,H,0.0010880494181350906,Y,0.0003919678958511779,C,0.00027929540364859007,C,0.0002993686380302819,Y,0.0008403751519402542,W,0.0008185291565417694,F,0.00031855290900518877,F,0.00038053719218033086,Y,0.0004525402525550287,Y,0.0018099872728447072,C,0.006058650407949948,H,0.0010084942333041678,H,0.000503281963096018,F,0.0014810314128026584,Y,0.00013030386437706603,Y,0.00014051984213414982,Y,0.0019056581246750248,Y,1.4318789288897459e-05,0.0009325070667716779,0.14283568409564595
670,L,C,0.0037516786295406657,M,0.0034073967029436274,L,0.002672180049115938,F,0.0019271463423334346,F,0.0010366715447519762,F,0.0035655807512251086,L,0.0008942443851173858,G,0.007308193985042366,M,0.002621400696920973,M,0.0022578710969815017,G,0.007018960071679133,I,0.005495809965893567,I,0.003659133733207742,V,0.005839676051053315,G,0.007308193985042366,G,0.004882842983207777,G,0.007308193985042366,F,0.0034631761972083747,G,0.007308193985042366,M,0.0035860570087483624,G,0.006055137963564614,G,0.005948201483081125,G,0.005397525488564384,G,0.007308193985042366,0.004584235877931287,0.7021849924923345
671,Y,V,8.802841552275496e-05,Y,0.00043557296691473487,Y,6.37684273289546e-05,Y,3.0389345667741213e-05,Y,3.0389345667741213e-05,Y,3.0389345667741213e-05,Y,4.9825186426697564e-05,Y,1.1343653060375224e-05,Y,2.9386174942816533e-05,Y,2.9386174942816533e-05,Y,4.356895381356107e-05,Y,6.415699667788554e-05,Y,6.415699667788554e-05,Y,0.0008996773721082802,Y,2.41837896893394e-05,Y,4.3231188237908754e-05,Y,1.1343653060375339e-05,Y,2.4837807220784586e-05,Y,4.18271149986532e-05,Y,2.08223108178512e-05,Y,2.934469819528789e-05,Y,2.934469819528789e-05,Y,4.3231188237908754e-05,Y,1.1343653060375339e-05,8.956456071390659e-05,0.013718947293971771
672,-,-,,-,,-,,-,,-,,-,,-,,-,,-,,-,,-,,Q,0.0,-,,-,,-,,-,,-,,-,,-,,-,,-,,-,,-,,-,,0.0,0.0
673,Q,E,0.0009818444806050939,Q,0.00018354031714840145,K,1.5162333850445864e-05,K,8.570347601258393e-05,N,0.0016969058101761795,N,0.0016969058101761795,R,0.002200179872913889,K,4.595503369413557e-05,E,0.004941531520847289,E,0.004941531520847289,K,2.9779499185997795e-05,H,0.001535631668438592,L,0.0011798918663610493,V,0.0019795366034990355,K,4.595503369413557e-05,K,0.00010994004038795712,K,3.756036653651026e-05,N,0.0018327841864866797,R,0.0004403962653864356,T,0.00015442170589141175,K,5.850491950053424e-05,K,5.850491950053424e-05,K,8.380308004885636e-05,K,3.756036653651026e-05,0.0010155637790719054,0.1555577992869113
674,H,D,0.0014883309648370834,H,0.0008981323817779153,E,0.0006493443889573595,Y,8.354488510407319e-05,Y,3.630813582522072e-05,Y,4.793784423549377e-05,Y,9.47384254802191e-05,Y,4.43556475996969e-05,R,0.0001913386471942104,H,0.0001864264382678398,Y,8.621234145948077e-05,E,0.002096495514460214,D,0.000694625294803848,E,0.0012469284494982464,Y,6.900195953647531e-05,Y,9.722239231050347e-06,Y,4.36551020889411e-05,Y,3.630813582522072e-05,Y,7.096137705259134e-05,D,0.0007925310724364515,Y,0.0001421583791981086,Y,0.00013943857075132947,Y,9.722239231050347e-06,Y,4.36551020889411e-05,0.0003834113973725443,0.0587285943294454
675,G,G,3.600923543635889e-05,G,1.1321183036030833e-05,R,0.0003686039714841229,R,0.00017703382588893067,R,0.00017703382588893067,R,0.00017703382588893067,R,0.00019074344589615024,R,0.00017703382588893067,G,4.439246217899051e-06,G,4.1500085013375624e-06,R,0.00017703382588893067,S,0.0024425977065148105,G,0.00024531919720406577,G,3.6392735925682874e-05,R,0.00025655695797897643,R,0.0002565569579789764,R,0.00017703382588893067,R,0.00017703382588893067,R,0.0002565569579789764,G,0.0002157170460897638,R,0.00025655695797897643,R,0.00025558267877286167,R,0.0002565569579789764,R,0.00017703382588893067,0.0002712471605035588,0.04154796795659418
676,D,Y,0.0004806249474975608,D,6.405225532359818e-05,D,0.00012824882777503574,D,0.00034819443016761206,D,0.00019034127893857592,D,0.00018627260542271022,D,0.00035493905626497355,D,0.00018151896931628206,D,0.00015151409590170132,D,6.025044934047926e-05,D,0.0001795031699299266,D,3.6946076219394425e-05,D,0.00013876661032298716,D,3.22082691635258e-05,D,0.000312590009817343,D,0.00016187796341852244,D,0.00016275611515122396,D,0.00018646288400165492,D,0.00020302957008644658,D,3.218490569862047e-05,D,5.166140289648682e-05,D,0.00014049378071430256,D,6.601874776267551e-05,D,7.109931509653406e-05,0.0001633981556761739,0.025028322226846644
677,G,A,0.00012473028678420154,G,3.1516920182187372e-06,G,0.00013467901119320615,G,4.018972037296395e-05,G,0.0001397064568999483,G,0.0001397064568999483,G,0.00014524685144071516,G,0.00013051289165824979,G,0.0003271478355338202,G,0.0003271478355338202,G,0.0001228419677245546,G,0.0002328275473862194,G,0.00023409823537375363,G,0.0002308192989739672,G,0.00013366884038566593,G,0.00014778735854645213,G,0.0001382198652944959,G,0.0001397064568999483,G,0.00012908529624780637,K,0.0016218717419853774,G,0.00014133423800921513,G,6.440952940243506e-05,G,0.00014778735854645213,G,0.0001382198652944959,0.00021395402660024713,0.03277215888589822
678,H,R,0.0018690262848267561,H,0.0010714812027859159,F,0.0014713782278442439,Y,0.0048508760832882535,Y,0.006515228639405688,Y,0.006182547871867879,Y,0.007308193985042366,Y,0.0052519756303249735,H,0.00209589218374839,H,0.002453480130426606,Y,0.006254403644114142,F,0.0021343472910938244,H,0.000630228915035457,F,0.00035774721264385,Y,0.004969812937051834,F,0.0006273774938055711,Y,0.007308193985042366,Y,0.004786023702021254,Y,0.007308193985042366,H,0.0022913079438157936,Y,0.007308193985042366,Y,0.007021297958597678,F,0.0017175150471213344,Y,0.004710345609034906,0.00402062791454266,0.6158549989931223
679,G,-,,A,0.00014755303177919413,T,0.002814091444294755,T,0.004613417926882612,T,0.004066012470872461,T,0.0040583029206017664,T,0.004033185909862489,S,8.493713990035847e-05,G,0.002261636107288916,G,0.0022596207865431535,S,2.6441660455228694e-05,-,,G,0.0005288477416401697,-,,S,0.00016248753914315192,S,0.00022151547540431938,S,9.971620204388879e-05,T,0.0040391241320774755,S,0.00017190774754010773,G,0.0021331198146554774,S,0.00014481954684157929,S,0.00033625199894940256,S,0.0006540837997636928,S,0.00013361154868521448,0.0015709849973916858,0.24063379764325157
680,L,D,0.0019200051615000737,S,0.0008046076674846902,V,0.0007301615418991765,V,8.785276509532366e-05,V,0.001301782303121974,V,0.0013043754445753175,V,0.0011398855841230607,V,0.0009021624889406107,F,0.0015046539779418034,F,0.0015095404511424884,V,0.0001732897566630673,G,0.00044353760342053986,-,,G,0.0011846047607584253,V,0.0002850991343045628,V,0.0006163671700686531,V,0.0009342884578196381,V,0.0013043754445753175,F,0.0004696821276245686,K,0.00026421822377348817,V,0.0005681812226449745,V,0.000665861948379375,V,0.000537524017529448,V,0.0009213624918126803,0.0008510182497912721,0.13035372944425985
681,-,-,,-,,-,,-,,-,,-,,-,,-,,S,0.0,S,0.0,-,,-,,-,,-,,-,,-,,-,,-,,-,,-,,-,,-,,-,,-,,0.0,0.0
682,-,-,,-,,-,,-,,-,,-,,-,,-,,N,0.002321741127145141,N,0.002321741127145141,-,,-,,-,,-,,-,,-,,-,,-,,-,,-,,-,,-,,-,,-,,0.002321741127145141,0.3556299936008641
683,-,-,,-,,-,,-,,-,,-,,-,,-,,-,,-,,-,,-,,-,,-,,-,,-,,-,,-,,-,,-,,-,,-,,-,,-,,,
684,G,H,0.0005588504986228281,-,,F,0.0011510019134331653,A,0.00029765777841297665,A,0.0005524721452373188,S,6.979967189737319e-05,S,0.0005738884232621084,A,0.0005592284834194712,-,,-,,A,0.001182328600809449,M,0.0002020391815719615,V,0.0032820763495561003,V,0.0015076051392038685,A,0.0005232040000989497,A,0.0013372688017875764,A,0.00048556331216719574,A,0.0005524721452373188,A,0.001541095569937613,P,0.00042984193777133095,S,8.921724384473838e-05,S,6.673451813949935e-05,A,0.001341141118239612,A,0.0010823410780246758,0.0008278965671750062,0.1268120926335381
685,-,-,,-,,-,,-,,-,,-,,-,,-,,-,,-,,-,,-,,-,,-,,-,,-,,-,,-,,-,,-,,-,,-,,-,,-,,,
686,-,-,,Q,0.0015825355975904113,-,,-,,-,,-,,-,,-,,-,,-,,-,,Q,0.0011576538946838672,Q,0.0014713782278442439,Q,0.000379312266371812,-,,-,,-,,-,,-,,-,,-,,-,,-,,-,,0.0011477199966225837,0.17580067402103494
687,N,K,0.0002737782547636493,D,0.005738166609837554,S,0.0038089968859729606,N,0.0014713782278442439,S,0.0031311479489193623,S,0.0019004127035278848,S,0.002442816747525345,N,0.00015436031200576577,-,,-,,N,0.0001008068048683443,H,0.0007727164197005161,H,0.0019325965492643553,H,0.001951957649060204,N,0.00028075792973470765,S,0.002702727499179638,N,0.0005551871518209601,S,0.00304641074978432,N,0.0007343541396872728,-,,S,0.002128520526027863,S,0.003102576157400047,S,0.0013804381285775647,S,0.001084625109893953,0.0018426063097807862,0.2822390758792327
688,R,P,0.0006391211838696476,S,0.00013478556512086618,I,0.0024017901257077563,S,0.0011711359706874404,N,0.0017139794369902227,N,0.0014842859097244602,N,0.0019073257907617485,I,0.0008076435808571855,E,0.0001954704011729956,E,0.00010361782757003531,V,0.001745970112894845,S,0.0007894949039099839,S,0.0011103730421599999,S,0.0006736151152614287,I,0.0003486950436069655,I,0.007308193985042366,I,0.001846692602519443,N,0.0016828759567149114,V,0.004688084312504787,D,0.00030709736806352176,V,0.0026628005642059726,V,0.0020986626916345403,V,0.001450697026253357,I,0.001871275288896201,0.0016309868252554454,0.24982450775720264
689,E,L,0.002149840011353529,H,0.0028895065122959956,E,0.0029518402321297922,E,0.0017207314791019728,E,0.001591508248768325,E,0.001472394182870826,E,0.0015342501166234607,E,0.0015181417841729488,L,0.0024495802569867624,L,0.0019432063545733991,E,0.0013445495071433677,L,0.00176456418437924,E,0.0025296130850981117,K,0.0016996158507167787,E,0.001583158168897576,E,0.0015293471482205137,E,0.0015282590707913618,E,0.0014718342918741006,E,0.0016215249236469773,M,0.0013280746367814549,E,0.0013223384219493211,E,0.0013223384219493211,E,0.001578437169358604,E,0.0011692362263630665,0.0017505787619186168,0.2681428633968492
690,T,M,0.00313497372765399,S,0.004345238822382009,T,0.0014089844719053853,T,0.001945517739368393,T,0.0020476338578861706,T,0.002005892307783496,T,0.002190994091770571,T,0.0010002296609903764,D,6.400678415463648e-05,D,1.922069816206812e-05,T,0.0010902658682347818,V,0.0017316935438348902,I,0.00031507178433116186,I,0.0007312485731015521,T,0.0011715187240074717,I,0.0008700255939442888,T,0.003812735493459024,T,0.002005513905602512,T,0.002534414511736428,F,2.4552232854464976e-06,T,0.0006963841621206665,T,0.002266414559791409,I,0.0004567344201995213,T,0.0028639378534516574,0.0016129627657982461,0.2470636934379477
691,K,K,0.0012266237694336316,R,0.0014441066421057307,K,0.001045571754514169,R,0.0006829052215342216,K,0.0005408789509533516,K,0.0004729948984555322,K,0.0004659774689550032,K,0.0007147356605398368,K,0.0007333725875951128,K,0.001539496526957522,K,0.0018987242478600186,N,7.812412794257635e-05,H,0.001998296522004701,H,0.0013721745082104467,K,0.0008223230041954439,K,0.0005999764861841509,K,0.0007516832881065025,K,0.0005505420759271373,K,0.0013667863829901277,K,0.0012401960984237375,K,0.0014013064651445892,K,0.001266798336918107,K,0.0005991849695892506,K,0.0005773264438387378,0.0009745877682658183,0.1492813465461718
692,D,A,0.0001321500055997128,K,0.0012595602350188022,N,0.002990425832948759,N,0.0021178608244188392,N,0.003821001426986184,N,0.003970068639675317,N,0.0035085585337432277,S,0.001325425328892406,K,0.0030777201924507614,K,0.0030777201924507614,S,0.001822579929519925,K,0.0028384646684744084,Q,0.002048654531157124,Q,0.0023850928785949035,S,0.0008009601794044813,N,0.003231825704116674,S,0.002256690793471834,N,0.003970068639675317,S,0.002687203469635247,P,0.0007172399520530138,S,0.001510319282469654,S,0.0020119746352900607,N,0.0019763005713977467,S,0.002984625092715676,0.0023551038141733684,0.36074028433725863
693,R,F,0.0016634001207387462,R,0.0018814143401992614,F,0.0001958154390171921,L,0.0033051403710870862,L,0.002896177612424931,L,0.003154084837906008,L,0.0029271469198726076,L,0.0023775874377504184,R,0.0035057145830945675,R,0.003518116183162959,L,0.002079511133283915,M,0.005521853072694894,Q,0.001060214780847633,Q,0.0037140398237960467,L,0.003033936460174474,L,0.0024319757070196024,L,0.003033888605077408,L,0.002901852199017972,L,0.0033349867183191536,Y,0.003905253574990464,L,0.007308193985042366,L,0.007308193985042366,L,0.0021194972564577527,L,0.0028445391078108905,0.0031676055939511972,0.48519429833768196
694,I,L,0.0007929939253664233,I,0.0013536635786943036,I,0.00025821511047315033,V,0.001004572136458804,V,0.001129664048852507,V,0.001129664048852507,V,0.0011163097261136642,V,0.0009269330355239835,V,0.0008143285911026589,V,0.0008143285911026587,V,0.00026778625442406173,L,0.0008518731177653276,M,0.0007020787913929496,M,0.0005681668796586336,V,0.0009302970668595026,V,0.0002794026718009896,V,5.747407595930593e-05,V,0.001129664048852507,V,0.0008090441949225159,V,0.0018387388907051784,V,0.0005213686803280678,V,9.846402235583478e-05,V,0.0001667867985368255,V,0.0007706376468670776,0.0007638523305403934,0.11700219126329126
695,L,E,0.0008862122585804931,S,0.0010366365292761195,Y,0.00132920180374348,I,0.0014713782278442439,I,0.001389628592856252,I,0.0013101165697521218,V,0.006378263527447641,K,0.0014713782278442439,L,0.0001813965180096128,L,0.0001399504598259534,T,0.007308193985042366,R,0.0009607636066541449,G,0.000888883667202735,A,0.002140820830747388,R,0.007308193985042366,T,0.004550831112859026,K,0.0014713782278442439,I,0.0012955154027308145,M,0.0014713782278442439,F,0.0002049667750700378,M,0.0014713782278442439,M,0.0014713782278442439,T,0.004416106866135724,K,0.0014713782278442439,0.002167722086911916,0.33203830646048765
696,S,E,0.0007228235718685302,D,0.0028497326227575883,R,0.0015293801988476166,K,0.0016773561205419443,K,0.0020140824821089924,K,0.0020140824821089924,R,0.0019366549667616149,R,0.0017013174906514725,L,0.001257694595930989,L,0.0012568033516092846,R,0.0020730371329363713,G,0.002734679475790661,G,0.0009315532405192745,E,0.0006351646089773574,R,0.0019122564655961432,R,0.0013162489419921398,R,0.001804140155496128,K,0.0020140824821089924,R,0.0013253329299474435,S,0.0012224345049822102,R,0.0018074196494252525,R,0.0019370235608666395,R,0.0013162489419921398,R,0.0018179520282708085,0.0016586459167536912,0.25406115688983955
697,L,E,0.0,L,0.0,M,0.0,T,0.0,T,0.0,T,0.0,T,0.0,T,0.0,L,0.0,L,0.0,T,0.0,L,0.0,L,0.0,L,0.0,T,0.0,T,0.0,T,0.0,T,0.0,T,0.0,L,0.0,T,0.0,T,0.0,T,0.0,T,0.0,0.0,0.0
698,L,I,0.0012747057758056913,I,0.0013318406674784585,M,0.003485634142431382,V,0.0026913476681241833,V,0.0025726084457831323,V,0.004067968835436554,V,0.0024862442058927884,V,0.0022722282306964587,L,0.0014613021910461887,L,0.0014998099723277675,L,0.0003246584235538305,L,0.002221358537523058,L,0.0019264968295516426,L,0.0018283306579453054,V,0.0020045957452673475,V,8.252035585311747e-05,V,0.002626840873626363,V,0.0032626511866723352,V,0.0035146485171113195,F,0.0015576744490929234,L,0.00029460752839488075,L,0.0006685182301358948,V,0.001984125327767241,V,0.0028720415350479045,0.0020130315971902406,0.3083437708265867
699,I,T,0.0005911947008141413,I,9.571060955279275e-05,I,0.0022810206755999075,L,0.00039312145424977643,L,0.0001472612392289732,L,0.0001472612392289732,L,1.1320243300710125e-05,I,0.0002698035318740253,A,0.00040085106417646956,A,0.00040085106417646956,L,0.0004689241828318844,F,0.0009463802400885312,F,0.0004166249956822929,F,0.0009305481389011106,I,0.001252183928083926,V,0.00089352695075182,I,0.0002698035318740253,L,0.0001472612392289732,I,0.001466802439150241,V,0.0035185679902507887,L,3.302292367699406e-05,L,2.006610056681345e-05,V,0.00089352695075182,I,0.0002698035318740253,0.0006777266235798118,0.10380998638861455
700,Q,K,5.374694642703905e-05,N,0.00019350853473659604,G,0.0003536429751122877,E,0.0006303783623027413,E,0.0009710748486724823,E,0.0009710748486724823,E,0.0009714399178669028,D,0.0005517924886871366,E,0.00021388030876687525,E,0.00021388030876687525,E,0.0007623340416105296,D,0.00020968071990563685,Q,2.926629061853429e-05,Y,4.462158316200384e-05,D,0.0014713782278442439,E,0.00017543078925749515,D,0.0005085982146816985,E,0.0009710748486724823,E,0.0005719531859657664,N,0.000225977608365157,E,0.00032612371594128027,E,0.00032719447299894334,E,0.00017543078925749515,D,0.0005085982146816985,0.0004763367601239327,0.0729623285620252
701,P,S,6.997579091474786e-05,P,0.000363844081045423,S,0.002750740478880238,P,0.00042637924014236975,P,0.0005203536274163022,P,5.971096178957581e-06,P,0.00048719154202646195,P,2.717589701669474e-05,P,2.2067133467335976e-05,P,6.611877007900183e-05,S,0.0008322615472228122,R,0.002568929815992049,P,7.453648672629401e-05,P,0.00011754016557385275,P,0.0001902328192682991,T,0.0031013747246805986,P,0.0008559177490945633,P,0.0004063406845837266,P,0.0004943465805424621,P,0.0003189532283582649,P,0.00015582951152185814,P,9.815637637440487e-05,T,0.0019687285817282497,P,0.000366599221251094,0.0006787318812535859,0.1039639655622234
702,I,L,0.00010368607918269134,I,0.0002609329932158295,I,0.00015427729762098837,V,0.00014579050612634022,V,0.00015020932335630004,V,0.00015107013310285613,L,8.859322560442727e-05,V,0.00024286324611252975,F,0.0009190348928148279,F,0.0009190348928148276,V,0.0004189758800352916,Y,0.00017323170700515373,Y,0.0005278663015061487,Y,0.0003397070650515091,V,0.00043686716586158067,V,0.0008197813893578726,V,0.0001559394320337381,V,0.00015107013310285613,V,0.0008067408255310856,I,0.00034349911562627113,V,0.0009049250224767595,V,0.0008873217226883869,V,0.0008197813893578726,V,0.000145237943571267,0.00041943490346489214,0.064246452927598
703,P,A,0.0011969740362770085,P,9.646321714343319e-05,P,0.00017701541056827484,P,0.0032986990272635334,P,0.0032542958237709047,P,0.0032542958237709047,P,0.002050477390755768,T,0.0012827512682761124,K,0.0011913652914683913,K,0.0011913652914683913,P,0.0007213853248246505,E,0.0008636609681766888,V,0.00013742663270719684,Q,0.0001200578939213582,T,0.0006406797440408954,P,0.00027161955780975863,T,0.0007015104944190065,P,0.0032542958237709047,P,0.0009031198746021819,-,,P,0.000694631744103235,P,0.0005333278962461098,P,0.00027161955780975863,T,0.0010528209728405884,0.001180863437653698,0.18087738200712256
704,-,E,0.000866666333998849,-,,-,,-,,-,,-,,-,,-,,F,0.0021781317517839322,F,0.002171012453955076,-,,-,,-,,-,,-,,-,,-,,-,,-,,-,,-,,-,,-,,-,,0.0017386035132459525,0.26630856862598257
705,L,K,0.0003663089186128033,-,,-,,M,0.0009763749793871122,M,0.0001072290887258473,M,0.0007133640601395802,M,8.809423492764388e-05,L,0.0006511393495539846,M,0.0015374412119905075,M,0.0015351864163259494,L,0.00036993095302174906,-,,-,,-,,L,0.0009968529945870404,L,0.002090460344430519,L,0.0012037482035535641,M,0.0007008453356099657,L,0.0011618697309339347,-,,L,0.0004943724398375246,L,0.0004526457691846674,L,0.0021315830274579767,L,0.0011925878581830324,0.0009316686064701889,0.1427072539153098
706,N,V,0.00023087060982640283,-,,-,,-,,-,,-,,-,,-,,-,,-,,-,,-,,-,,-,,-,,-,,-,,-,,-,,-,,-,,-,,-,,-,,0.00023087060982640283,0.035363336823062856
707,K,K,0.0,-,,-,,-,,-,,-,,-,,-,,-,,-,,-,,-,,-,,-,,-,,-,,-,,-,,-,,-,,-,,-,,-,,-,,0.0,0.0
708,D,F,0.0,-,,-,,-,,-,,-,,-,,-,,-,,-,,-,,-,,-,,-,,-,,-,,-,,-,,-,,-,,-,,-,,-,,-,,0.0,0.0
709,-,N,1.2179876368754795e-05,-,,-,,-,,-,,-,,-,,-,,-,,-,,-,,-,,-,,-,,-,,-,,-,,-,,-,,-,,-,,-,,-,,-,,1.2179876368754795e-05,0.0018656383799367494
710,-,P,0.0,-,,-,,-,,-,,-,,-,,-,,-,,-,,-,,-,,-,,-,,-,,-,,-,,-,,-,,-,,-,,-,,-,,-,,0.0,0.0
711,-,V,0.0,-,,-,,-,,-,,-,,-,,-,,-,,-,,-,,-,,-,,-,,-,,-,,-,,-,,-,,-,,-,,-,,-,,-,,0.0,0.0
712,-,E,0.0,-,,-,,-,,-,,-,,-,,-,,-,,-,,-,,-,,-,,-,,-,,-,,-,,-,,-,,-,,-,,-,,-,,-,,0.0,0.0
713,-,S,0.0,-,,-,,-,,-,,-,,-,,-,,-,,-,,-,,-,,-,,-,,-,,-,,-,,-,,-,,-,,-,,-,,-,,-,,0.0,0.0
714,-,E,0.0,-,,-,,-,,-,,-,,-,,-,,-,,-,,-,,-,,-,,-,,-,,-,,-,,-,,-,,-,,-,,-,,-,,-,,0.0,0.0
