MSA_Column,Q93X23_Residue,A0A7G5KLV3_AA,A0A7G5KLV3_SHAP,A6XH06_AA,A6XH06_SHAP,B6SCF4_AA,B6SCF4_SHAP,C0KWV4_AA,C0KWV4_SHAP,C0KWV6_AA,C0KWV6_SHAP,C0KWV7_AA,C0KWV7_SHAP,F2XF93_AA,F2XF93_SHAP,F2XFA6_AA,F2XFA6_SHAP,I6RE61_AA,I6RE61_SHAP,O24474_AA,O24474_SHAP,Q1XBU5_AA,Q1XBU5_SHAP,Q29VN2_AA,Q29VN2_SHAP,Q2XSC5_AA,Q2XSC5_SHAP,Q308N0_AA,Q308N0_SHAP,Q4JHG3_AA,Q4JHG3_SHAP,Q5SBP1_AA,Q5SBP1_SHAP,Q5SBP3_AA,Q5SBP3_SHAP,Q6USK1_AA,Q6USK1_SHAP,Q6ZH94_AA,Q6ZH94_SHAP,Q84UV0_AA,Q84UV0_SHAP,Q84ZW8_AA,Q84ZW8_SHAP,Q8GUE4_AA,Q8GUE4_SHAP,Q8H2B4_AA,Q8H2B4_SHAP,Q96376_AA,Q96376_SHAP,Q9SPN0_AA,Q9SPN0_SHAP,Q9SPN1_AA,Q9SPN1_SHAP,T1RRL8_AA,T1RRL8_SHAP,Mean_Abs_SHAP,Scaled_Attention_Weight
1,-,-,,-,,-,,-,,-,,-,,-,,-,,-,,-,,-,,-,,-,,-,,-,,-,,-,,R,0.0,-,,-,,-,,-,,-,,-,,-,,-,,-,,0.0,0.0
2,-,-,,-,,-,,-,,-,,-,,-,,-,,-,,-,,-,,-,,-,,-,,-,,-,,Q,0.0,Q,0.0,-,,-,,-,,-,,-,,-,,-,,-,,-,,0.0,0.0
3,-,-,,-,,-,,-,,-,,-,,-,,-,,-,,-,,-,,-,,-,,-,,-,,-,,H,0.0,H,0.0,-,,-,,-,,-,,-,,-,,-,,-,,-,,0.0,0.0
4,-,-,,-,,-,,-,,-,,-,,-,,-,,-,,-,,-,,-,,-,,-,,-,,-,,V,0.0,M,0.0,-,,-,,-,,-,,-,,-,,-,,-,,-,,0.0,0.0
5,-,-,,-,,-,,-,,-,,-,,-,,-,,-,,-,,-,,-,,-,,-,,-,,-,,-,,-,,-,,F,0.0,-,,-,,-,,-,,-,,-,,-,,0.0,0.0
6,-,-,,-,,-,,-,,-,,-,,-,,-,,-,,-,,-,,-,,Q,0.0,-,,-,,-,,-,,-,,-,,-,,-,,-,,-,,-,,-,,-,,-,,0.0,0.0
7,T,-,,-,,-,,K,0.005619864660891788,K,0.004711645481519896,-,,-,,-,,-,,-,,-,,-,,L,0.007374237837779997,K,0.00464490775683099,K,0.00464490775683099,-,,-,,-,,-,,H,0.0013894430197462406,-,,Y,0.0039245136974575745,-,,-,,-,,-,,K,0.007374237837779997,0.004960469756104684,0.8120960361979468
8,S,-,,E,0.006406521062160296,-,,P,0.00015845369833561353,P,0.000554294159262299,E,0.0033981982010529957,-,,-,,-,,-,,-,,-,,H,0.0009904166388261682,P,0.000554294159262299,P,0.000554294159262299,-,,-,,-,,-,,-,,-,,S,0.0008915624086085723,-,,-,,A,0.0053401924288733835,A,0.005862440392093246,P,8.224589323999968e-05,0.002253901200088834,0.3689941317193487
9,P,-,,P,0.000872829590008387,-,,V,0.0012574818938737903,A,0.0013894430197462406,I,0.0009416949399210203,-,,-,,-,,-,,-,,-,,V,0.0014866922274067759,V,0.0013094454046911654,V,0.0013097195780246945,-,,-,,-,,-,,-,,-,,T,0.005524121607038174,Q,0.0009412492099505575,-,,D,0.0006925479480143454,E,0.0006088559014722256,L,0.0010964492902499966,0.0014525442175331142,0.23780114776613429
10,D,-,,R,0.006672727226872274,-,,E,0.0010843373462639252,Q,0.0018411501214476828,L,0.00020169792858843114,-,,-,,-,,-,,-,,-,,D,0.0006786432039569406,Q,0.0018411501214476828,Q,0.0018411501214476828,-,,-,,-,,-,,-,,-,,T,0.0010842867333055,E,0.00018583289600766428,-,,T,0.0014341210599960433,S,0.0012126481633716057,D,0.00020320469640125731,0.001523412468258891,0.24940323957122157
11,I,-,,Q,0.0013894430197462406,-,,E,0.001077741889643477,E,0.0012543365603088158,T,0.0013894430197462406,-,,-,,-,,-,,-,,-,,E,0.0015775010295465586,E,0.0012543365603088158,E,0.0012543365603088158,-,,-,,-,,-,,-,,-,,V,0.0005836543461564805,E,0.0010500342778671473,-,,H,0.001243081584166151,H,0.0009149439241996957,E,0.0002281522979403819,0.0011014170891615685,0.18031688454667275
12,L,-,,I,0.003341298461746643,-,,G,0.00232369759824868,G,0.002309845044730829,A,0.0013894430197462406,-,,-,,-,,-,,-,,-,,T,0.0002660003489125826,G,0.0022751080941088085,G,0.0022751080941088085,-,,-,,-,,-,,-,,-,,P,0.001170312033985632,T,0.002376329070320446,-,,V,0.0009834778221767333,V,0.0010993754859863441,T,0.00039013315886321607,0.0016833440194112467,0.2755861990770181
13,R,-,,R,0.00011715981313939353,-,,R,0.00010516807934097164,R,8.295601875511267e-05,R,7.521284855828451e-05,-,,-,,-,,-,,-,,-,,R,9.019922492517528e-05,R,0.00010516807934097164,R,0.00010516807934097164,-,,-,,-,,-,,-,,-,,R,0.00023671692011020291,R,0.00011785087037373315,-,,R,0.00022814029148878048,R,0.00022814029148878048,R,0.0008496106348291942,0.00019512426264096437,0.031944482689721734
14,R,-,,R,0.00045857996496059047,-,,R,0.00012861745899198356,R,0.00029245956336641413,R,0.0002650854205033999,-,,-,,S,0.00015187961459066617,-,,-,,-,,R,0.0003281681917128574,R,0.00029245956336641413,R,0.00029245956336641413,-,,-,,-,,-,,-,,-,,R,0.0006341166039693603,R,0.0005040499432095182,-,,R,8.164814888761277e-05,R,8.164814888761277e-05,R,0.0006786032690470232,0.00032229041960460516,0.05276330370593825
15,S,-,,S,0.0001144538577871704,-,,S,0.00016056075926639923,S,0.00016056075926639923,S,0.00010392183405279475,-,,-,,V,0.00013373212312752273,-,,-,,-,,S,0.00015703115859485531,S,0.00016056075926639923,S,0.00016056075926639923,-,,-,,-,,-,,-,,-,,S,0.00019259435377289374,S,0.00015785185218945586,-,,S,0.0001592132522234766,S,0.0001587327873565802,S,0.00039851946059724303,0.00017063797821289148,0.027935746520978553
16,A,-,,G,0.0019008632902648096,-,,G,0.0008334449689915072,G,0.0008857060866138308,G,0.0002194944231110352,-,,-,,A,0.0004315161725534545,-,,-,,-,,G,0.0018501497620179812,G,0.0009404448529484823,G,0.0009404448529484823,-,,-,,-,,-,,-,,-,,G,0.0008726620557215931,G,0.0017784872143117422,-,,A,0.0007671541337989285,A,0.0007644783910303899,A,0.0013894430197462406,0.0010441760941583445,0.17094575894048658
17,N,-,,D,0.0015814094767580356,-,,N,0.0009787326214481032,N,0.0006533553590024853,N,0.00022572561471237792,-,,-,,I,0.0016872708083112728,-,,-,,-,,N,5.771933096081768e-05,N,0.0010011571783919424,N,0.0010011571783919424,-,,-,,-,,-,,-,,-,,N,6.4803744246803125e-06,N,0.0007928735881597127,-,,N,0.000490774639577102,N,0.0005144718129317308,N,0.00015552442584063612,0.0007035886468392955,0.11518698415787913
18,Y,-,,Y,6.456644932508427e-05,-,,Y,0.00039765711158688604,Y,0.0004069217730495996,Y,0.00029231980609002907,-,,-,,Y,0.0002844947392655247,-,,-,,-,,Y,6.45819888653135e-05,Y,0.00039765711158688604,Y,0.00039765711158688604,-,,-,,-,,-,,-,,-,,Y,0.00039535322474684183,Y,0.00016684966728140103,-,,Y,0.00025333655473888867,Y,0.00025333655473888867,Y,0.00020604871398118436,0.0002754446774494934,0.04509402168479523
19,Q,-,,Q,0.0003629261086357182,-,,Q,0.0003887672563116807,Q,0.0007510617823452299,Q,0.0007591212388823502,-,,-,,Q,5.967186881277687e-05,-,,-,,-,,R,0.00016470404268542204,Q,0.0007510617823452299,Q,0.0007510617823452299,-,,-,,-,,-,,-,,-,,K,0.0004742256513302641,H,0.0012081212560404553,-,,K,0.00010230395054844986,E,0.00043828604186644794,Q,2.6156094239433543e-05,0.00047980529664528373,0.07855062095135006
20,P,-,,P,2.8635529904647193e-05,-,,P,8.396417061467754e-05,P,8.396417061467754e-05,P,1.00894833677377e-05,-,,-,,K,0.0012291011988361873,-,,-,,-,,P,2.8635529904647193e-05,P,8.396417061467754e-05,P,8.396417061467754e-05,-,,-,,-,,-,,-,,-,,P,4.866667706171674e-05,P,1.975347622754203e-05,-,,P,6.152607283273483e-05,P,6.813411281819925e-05,P,0.00021457429929647013,0.00015730562020835326,0.025753059069788503
21,S,-,,S,0.0010069149156323569,-,,S,0.0002704635343534742,S,0.0002958819437220456,S,0.00023215846201572532,-,,-,,T,0.00012969079439100796,-,,-,,-,,S,0.0008114136110605813,S,0.0002958819437220456,S,0.0002958819437220456,-,,-,,-,,-,,-,,-,,S,0.00013059121687757295,S,0.0005103083318863483,-,,S,0.0002794751208291226,S,0.0001698504158655657,S,0.00039929666880864274,0.00037136991560665644,0.060798281464407154
22,I,-,,L,0.00012637290090686536,-,,I,0.0001184965375547839,I,0.0001239242999907553,L,7.326136511952274e-05,-,,-,,L,4.513758385227119e-05,-,,-,,-,,A,0.00012457984989138875,I,0.0001239242999907553,I,0.0001239242999907553,-,,-,,-,,-,,-,,-,,I,0.001449164796310717,V,6.450526502633396e-05,-,,S,4.730922324523031e-05,S,4.730922324523031e-05,A,3.746267324516734e-05,0.00019272094756690592,0.03155102748460215
23,W,-,,W,0.00013581934502320914,-,,W,0.0003156602624586552,W,0.00013581934502320914,W,0.0003156602624586552,-,,-,,W,0.00040508311338246,-,,-,,-,,W,0.0003156602624586552,W,0.00013581934502320914,W,0.00013581934502320914,-,,-,,-,,-,,-,,-,,W,0.00040508311338246,W,0.0003156602624586552,-,,W,0.00040508311338246,W,0.00040508311338246,W,0.0003156602624586552,0.0002878393189166117,0.04712319224735215
24,N,-,,D,0.0005122676945301895,-,,D,0.0005661518213700858,D,0.00038915671945279805,D,0.0006081446319067439,-,,-,,T,0.0015031945655290663,-,,-,,-,,D,0.0006096719388251058,D,0.00038854267444100177,D,0.00038854267444100177,-,,-,,-,,-,,-,,-,,D,0.00027537431424295517,D,0.0004301986308449403,-,,S,0.0016465360336461437,S,0.001410738953796964,D,0.00037122284110247255,0.00069998026877919,0.11459624383210475
25,H,-,,F,0.0005331260107313574,-,,F,0.0002031300087045763,F,0.001753675470075209,F,0.0006149246068232074,-,,-,,H,0.001215754027574129,-,,-,,-,,S,0.0013894430197462406,F,0.001753675470075209,F,0.001753675470075209,-,,-,,-,,-,,-,,-,,Y,0.00029417224165835076,F,0.0008938367713430107,-,,F,0.0014614636812430915,F,0.0012133977678479013,F,0.000570448697119355,0.001050055634078219,0.17190831920158312
26,D,-,,N,0.0010485174206393984,-,,N,0.0028569517091115485,N,0.002254282496252467,N,0.00039705208940460417,-,,-,,D,0.002640894600040319,-,,-,,-,,N,0.004250021698913881,N,0.002232851381720729,N,0.002232851381720729,-,,-,,-,,-,,-,,-,,D,0.003223442419074669,D,0.00036963013475488154,-,,D,0.0029775360630758,D,0.0027396159688943215,N,0.0026127550443436915,0.0022951078775343874,0.37574022252601846
27,Y,-,,Y,0.006898321607674256,-,,Y,0.007374237837779997,Y,0.007374237837779997,Y,0.007374237837779997,-,,-,,L,0.0018669731933021697,-,,-,,-,,Y,0.00558191718780922,Y,0.007374237837779997,Y,0.007374237837779997,-,,-,,-,,-,,-,,-,,F,0.002413258205307157,F,0.0013894430197462406,-,,H,0.005441092327807418,H,0.005066081774848391,F,0.0020019321029895207,0.005194631431414182,0.8504314716905809
28,I,-,,I,7.508016135915806e-05,-,,V,0.002247754026418545,V,0.002247754026418545,L,0.00031216911988710133,-,,-,,I,4.5995040613639536e-05,-,,-,,-,,I,3.5905749076096645e-05,V,0.002247754026418545,V,0.002247754026418545,-,,-,,-,,-,,-,,-,,V,0.00027748678720415046,I,0.0013370681975489029,-,,I,1.9226719772270033e-05,I,1.9226719772270033e-05,I,9.147585806050115e-05,0.0008618961891514055,0.14110407143649578
29,E,-,,Q,0.00021485830910338173,-,,Q,7.50401205217422e-05,Q,0.00022937641688099868,Q,0.0005443923246983195,-,,-,,D,0.0005821463732927598,-,,-,,-,,Q,4.3161116188326215e-05,Q,6.205777491349797e-05,Q,6.205777491349797e-05,-,,-,,-,,-,,-,,-,,Q,0.0007712871904839221,Q,0.00015356234613208777,-,,-,,-,,Q,0.0008858398516349111,0.00032943450897849496,0.05393288782761137
30,S,-,,S,0.001378208905197067,-,,S,0.0005565754439426902,S,0.0013894430197462406,P,0.007374237837779997,-,,-,,G,0.007374237837779997,-,,-,,-,,S,0.000540582400467149,S,0.0009912666267469842,S,0.0009912666267469842,-,,-,,-,,-,,-,,-,,S,0.0013894430197462406,S,0.0002187505343563487,-,,-,,-,,S,0.0009864959901614843,0.002108228022061017,0.34514546087297177
31,L,-,,L,0.001152387304874789,-,,L,0.0019697610294181745,L,0.0019697610294181745,L,0.0012839707955604445,-,,-,,L,0.0009345365363264055,-,,-,,-,,L,0.0019600769880565557,L,0.0019697610294181745,L,0.0019697610294181745,L,0.001519912343667188,-,,-,,L,0.001665319674368445,-,,-,,-,,L,0.00137061561865948,-,,Q,0.0024115091157601485,Q,0.002169277991351944,L,0.0008029425750250697,0.0016535423615230832,0.2707072643323156
32,R,-,,N,0.0011130934248350618,-,,-,,-,,N,0.0010028855479490846,-,,-,,E,0.0008480777873628031,-,,-,,-,,N,0.00038766394268789254,-,,-,,N,0.0003291740810550957,-,,-,,P,0.0004840969912501276,-,,-,,-,,D,0.0004262999394082707,-,,S,0.0004944749246038297,S,0.0004944749246038297,H,0.00031573627961166694,0.0005895977843367662,0.0965251371650284
33,I,-,,-,,-,,-,,-,,-,,-,,-,,T,0.0013894430197462406,-,,-,,-,,-,,-,,-,,N,0.00017391931579779357,-,,-,,T,1.9767173128891142e-05,-,,-,,L,0.0003321966486716246,-,,-,,L,0.00032246591283663535,L,6.032056497914599e-05,N,0.0013894430197462406,0.0005267936649866531,0.08624325280954737
34,E,-,,-,,-,,N,0.0027458822707059423,N,0.002800575754209215,T,0.0007471812984075283,-,,-,,D,0.007373340414614064,-,,-,,-,,-,,N,0.0025743995776834664,N,0.0025743995776834664,N,0.00406372281116383,-,,-,,D,0.006289586887206532,-,,-,,G,0.0057324720426279955,T,6.480098804844924e-05,-,,S,0.0003198193756351045,S,0.0005452495475748295,Q,0.004298650778530899,0.003086929332622409,0.5053721115748553
35,Y,P,0.00022759745949855003,T,0.000644161908754121,-,,T,8.916291707472418e-05,T,8.942779164581435e-05,T,0.00019343403346904888,-,,-,,F,0.0006405923665702987,-,,-,,-,,S,0.0008830322239420133,T,8.942779164581441e-05,T,8.942779164581441e-05,-,,-,,-,,F,0.0006424935413867027,-,,-,,S,0.0013894430197462406,D,0.0013264425043228657,-,,S,0.0004124357466015506,S,0.0004777992111560009,-,,0.0005139198791042543,0.08413563982126318
36,-,-,,P,0.00029095392908064824,-,,P,0.000403657709289771,P,0.000403657709289771,H,0.00038460992410431526,-,,-,,-,,-,,-,,-,,Q,0.0005099720765397541,P,0.000403657709289771,P,0.000403657709289771,H,0.0008021376128399282,-,,-,,-,,-,,-,,G,0.00039969950937702455,H,0.0005421109891989202,-,,K,0.00165923681157857,K,0.0019328010457779561,Y,0.0006144935832715795,0.0006731266399175214,0.11019994133892781
37,V,H,0.0004767244139000627,-,,-,,-,,-,,-,,-,,-,,L,0.002223156719293601,-,,-,,-,,-,,-,,-,,-,,-,,-,,D,0.0005878911744781055,-,,-,,-,,-,,-,,-,,-,,-,,0.0010959241025572562,0.17941760829511197
38,-,-,,-,,-,,-,,-,,-,,-,,-,,-,,-,,-,,-,,-,,-,,-,,-,,-,,-,,-,,-,,-,,-,,-,,-,,-,,-,,-,,,
39,-,-,,Y,0.002571230282068627,-,,Y,0.0010001923774155138,Y,0.0010270286573695819,Y,0.002329619180560635,-,,-,,-,,-,,-,,-,,Y,0.003356874135483236,Y,0.0011148831491996562,Y,0.0011148831491996562,S,0.001095384381656528,-,,-,,-,,-,,-,,Y,0.0009028261294005506,Y,0.0017937037387667511,-,,Y,0.0017403255923328865,Y,0.0008636848104047807,-,,0.0015758862986548668,0.25799391581035236
40,-,-,,K,0.0030276859801047036,-,,K,0.0015464737101229431,K,0.0015391090506134228,K,0.0018798215689107415,-,,-,,-,,-,,-,,-,,K,0.002729149932595997,K,0.0015464737101229431,K,0.0015464737101229431,K,0.0024237299064982284,-,,-,,-,,N,0.002576678775137536,-,,K,0.0031983597665743613,K,0.002209765963646642,-,,T,0.002244267428210651,T,0.0025877597650353756,K,0.0014041784962075604,0.0021757091259931465,0.3561930309048427
41,G,E,0.0005751986736236005,E,0.00043373870122614993,-,,E,0.0007237075856740626,E,0.000982061340549381,E,0.00047886694053844356,-,,-,,I,5.9065491615522845e-05,-,,-,,L,0.0023502091091285597,E,0.0003443885361022383,E,0.0009735346712814038,E,0.0009735346712814038,E,0.00042197452031036525,E,0.00045769766211475665,E,0.0006370392838895035,I,0.0001140580878953482,K,0.002340998381260297,-,,V,0.000982399875585564,E,0.0004372603873124316,-,,G,0.001717083021422392,G,0.0017325833381097134,E,0.00010127179482050512,0.000841833603687082,0.13781955466035603
42,E,I,0.0008907402266701101,Q,0.0017086534403279057,-,,E,0.0014281000716853617,E,0.0011576599729514676,E,0.0026460523359927114,-,,-,,-,,-,,-,,R,0.0035354220024604614,K,0.0022452764984675247,E,0.0014281000716853617,E,0.0014281000716853617,E,0.000307597628073947,E,0.0005107935234406016,E,0.00047166030210947507,K,0.004214210809454585,T,0.0005917077395068815,-,,E,0.0008725469132477178,E,0.0009187391290829674,-,,D,0.0027955038176739333,D,0.0020029238748302293,D,0.0006984030535475998,0.0015711679727839058,0.25722146200543156
43,T,D,0.0013894430197462406,R,0.003939365800359138,-,,R,0.004056270490613931,R,0.003980607184604254,R,0.004396048071348489,-,,-,,N,0.0032828509083164745,-,,-,,S,0.0038963583281932204,K,0.0005003229071870455,R,0.004018507926528403,R,0.004018507926528403,R,0.0062690370740516995,R,0.0035964102899930734,S,0.003911137457232531,V,0.0034015037731643803,S,0.0034714931000125104,-,,A,0.0010007310932691896,K,0.0011760732527552379,-,,D,0.0017484691547270093,D,0.001986188437267088,K,0.0014864556539183308,0.003076289092490833,0.5036301602557461
44,C,D,0.001146884883445393,Y,0.0032020888614692736,Y,5.371586860453847e-06,Y,0.001350663327230855,Y,0.0004410302205042756,H,0.0011860098960246887,-,,-,,R,0.0010131494428318095,-,,Y,0.0012595670779905201,D,0.0007964303165982452,C,0.003148521591111971,Y,0.0003884541895346645,Y,0.0003884541895346645,H,0.003221998592871319,S,0.0006334401068815811,S,0.0006835361287026196,L,0.0001721474290106528,L,0.0005577805273001735,-,,H,0.0003902028507919665,Q,0.0022711405185328938,-,,Y,0.0011432874755692665,C,0.0010774010472946146,Y,0.0010179653397206791,0.0011588875272642086,0.18972557309361457
45,T,S,0.001371902392426362,V,0.007374237837779997,S,0.0006011713729301462,L,0.001564008305372457,L,0.0015823918779061586,L,0.0003585822375481894,-,,-,,K,0.000746261156019443,-,,M,0.0013372365465273504,F,0.0018626169351024097,L,0.0003725344765156044,L,0.001500243244280823,L,0.001500243244280823,L,0.00228092558474676,S,0.0006542219141081512,S,0.0005639449364653295,I,5.2776399589824483e-05,E,0.0012637621859919333,-,,G,0.0013712865108443534,L,6.448847331784604e-05,-,,V,0.0023059098605085634,V,0.001155178649818603,V,0.0017605615578691611,0.0014383857136341036,0.2354832090506065
46,R,T,0.000510812792512331,N,0.0018201023214732166,S,0.00011603966342334133,T,0.0022648877467658065,T,0.0021812619208430176,K,0.0006974526847167949,-,,-,,E,2.1656485474480444e-05,-,,K,5.5123332632703385e-05,D,0.001136170245089425,T,0.002091880462474419,T,0.0021812619208430176,T,0.0021812619208430176,E,0.0016172298723271584,K,6.0207241654037196e-05,K,0.00010187243159385346,E,0.000554213593926121,Y,0.0002062954023588724,-,,T,0.00343864999387634,E,0.001516727490321719,-,,A,0.0005118243948577044,A,0.00011132246263500587,T,0.0010610675347850808,0.0011107873597921577,0.18185092467015876
47,Q,K,0.0008369013202945898,R,0.0005578870300220898,R,0.000553444991236376,R,0.000565365469217638,R,0.0005635284263444609,R,0.00024687284157938255,-,,-,,K,0.0003769969784066579,-,,R,0.0006088624966460452,L,0.00010394430864086247,R,0.000808831690327573,R,0.0005635284263444609,R,0.0005635284263444609,R,0.0010674668826680534,R,0.0005792185916490632,R,0.0006152034555192598,R,0.0006645459959897208,L,3.2502517401415286e-05,-,,R,0.0017361428190995909,R,0.001993824287906106,-,,R,0.00016670594692760882,R,0.00018825439663465622,R,0.001579695093061081,0.0006806023814664161,0.1114238214103719
48,I,R,0.004644078036520241,Q,0.004224963160783543,L,0.0023948265191411165,H,0.00019921810596953103,H,0.00011475666633266996,E,0.001207666207121227,-,,-,,V,0.002265589380791702,-,,L,0.0034627194054452142,Q,0.004761854200534457,L,0.0028862995405924247,H,0.00011475666633266996,H,0.00011475666633266996,K,0.00021243230633453746,R,0.00327601620597813,R,0.0034146716615487648,H,0.0033702772077423594,H,0.0008599266889710469,-,,V,0.003616722472408653,E,0.0004704919610067816,-,,A,0.00014914460948374893,A,0.0007751027942973301,H,0.0022926151022637834,0.0020376766166333004,0.333595240931497
49,N,R,0.000654221833129083,A,9.454132993079152e-05,N,0.0031966450137551183,A,0.0011833718127299071,A,0.002205297811329847,A,0.0009099404646705424,-,,-,,N,0.004360032073868165,-,,N,0.0030302214838019703,E,0.0004213061236478477,E,0.00037300205787757913,A,0.0022357830864604498,A,0.0022357830864604498,A,0.0008555070415701355,E,0.0001316065685672253,E,7.385036219005032e-05,E,0.00017060135795028399,E,0.00011164986725923761,-,,K,0.000997111372996911,E,0.00016943258371251825,-,,N,0.0023106759266666847,N,0.002292178213260162,T,0.0010317378826314183,0.0013202044252030168,0.2161353326182305
50,V,E,0.0004582222872952142,E,0.00047519374761547127,E,0.0005150044399245071,E,1.238953256607298e-05,E,2.8519492834498454e-05,E,0.0008991140291224912,-,,-,,E,0.0014464036699353895,-,,K,0.0005057225528251144,G,0.0006678218821080613,G,0.00017907341585845452,E,2.7329428557031302e-05,E,2.7329428557031302e-05,K,0.0009498460379354685,Y,0.002559709988800878,Y,0.0028928478338522906,A,3.2224306356204404e-05,L,0.00013611007800112427,-,,K,0.0004228987537787326,E,8.21849663703194e-05,S,0.0007875331901610198,T,0.0006522452179673673,T,0.0006945848021315159,E,0.0013767408132535836,0.0006882195606872975,0.11267085674299829
51,L,L,3.1360814576606327e-05,L,1.8820465895639856e-05,L,2.3406056599042987e-05,L,1.1296863521199934e-05,L,1.1296863521199934e-05,L,1.9099545655040294e-05,-,,-,,L,5.84676642022672e-07,L,5.0814118017797214e-05,L,1.9408492858192895e-05,L,1.6132926540606778e-05,L,2.4673782182073616e-05,L,1.1296863521199934e-05,L,1.1296863521199934e-05,L,2.540207521082523e-05,L,3.7601550150825254e-05,L,1.8718803263754048e-05,L,3.2345469816488295e-05,N,1.1124146008333412e-05,-,,L,1.1214550349756519e-05,L,1.340570804192364e-05,-,,L,0.00015805938572514426,L,0.00015805938572514426,L,2.514571349681586e-05,3.219848351481883e-05,0.005271327539451181
52,K,L,0.0002189309399510003,I,4.0035199234979025e-05,K,7.935741265097366e-05,I,3.46780830014464e-05,I,3.500719234450877e-05,I,3.6292322766039486e-05,I,0.00029407335217131875,I,0.00029407335217131875,E,0.0008943431226418473,I,0.00021752875600602214,K,5.0233134101836764e-05,T,8.034006141625462e-05,I,3.8222434740297995e-05,I,3.500719234450877e-05,I,3.500719234450877e-05,I,3.6334263309046585e-05,L,0.00018666190680083716,L,0.00011493527757353045,T,7.160054472725327e-05,I,3.626559668955469e-05,-,,K,0.00017011178159683586,I,3.779516670373653e-05,-,,K,0.0016863531666711242,K,0.0017006824207936267,T,8.943898905984868e-05,0.0002605323544724902,0.0426526725836896
53,E,E,0.0015855025574041247,M,0.00221223322149629,K,0.002091084343935609,V,0.003722204118193312,V,0.004965614148226516,E,0.0011337005315505595,G,0.0006352487507173641,G,0.0008940291571085186,V,0.005486721541787021,V,0.007374237837779997,K,0.0035536229562347886,T,0.0030988672474166466,E,0.0006787603520894269,V,0.0050036819951941505,V,0.0050036819951941505,E,0.002241708084741753,E,0.0005303069071733585,E,0.000984564378520405,D,0.00026223148741236283,K,0.002352441095439361,-,,E,0.0011287008701360986,M,0.0012195260477591294,-,,D,0.0012424777222432978,E,0.002132193898889939,A,0.0003408225220617868,0.002394966550748239,0.3920884388612061
54,Q,R,0.002561883194697983,Q,0.0013311523711777226,E,0.0009786938177873488,Q,0.0014252410940312193,Q,0.0014978060730650757,Q,0.0014512523227936036,E,0.00034324044128157815,E,0.00032298807743903426,N,0.0007365358237561476,E,0.00035801568949778677,E,6.335314444686529e-05,D,0.00017570706396535953,Q,0.001233030388498981,Q,0.0014978060730650757,Q,0.0014978060730650757,E,0.0001644515657204069,E,0.0003262189331629393,E,0.0003270352622090978,D,0.0006429128589974092,K,0.0011537935445449868,-,,V,0.0012004620892075975,E,0.00042225228607724194,-,,A,0.0013894430197462406,S,0.004457143918821351,Q,0.0004920149132155142,0.0010420096016108655,0.1705910747882256
55,V,T,8.678066639827302e-05,V,2.686814495094495e-05,V,0.00044271581412737727,V,0.0001908124718360459,V,0.0001908124718360459,V,3.4001988044803385e-05,V,0.0003965497712612932,V,0.0003965497712612932,V,0.0002682791040108671,V,0.0003884599030588447,V,3.2590032001187193e-05,V,0.0003526826495992373,V,3.833058101379411e-05,V,0.0001908124718360459,V,0.0001908124718360459,V,2.9180530131855642e-05,T,0.0003415823693207777,T,0.0003427448506669837,V,0.00034734755224524283,I,0.00042366849392189236,-,,V,6.031375308413601e-05,V,3.833058101379411e-05,-,,V,0.00018931795688340033,V,0.00018931795688340033,V,3.574437580271807e-05,0.00020898426932105195,0.03421355337052252
56,R,R,0.0014385816995812705,R,0.0006592714006211141,K,0.000573293319403018,K,0.0005802030991600292,K,0.0011641424582749947,K,0.0005765346753901849,K,0.00019347315568499744,K,0.00019347315568499744,A,0.0004991468660721194,K,0.0001570213662051367,K,0.0009812827772443583,K,0.0011713116682875498,K,0.00037240506576063134,K,0.0011641424582749947,K,0.0011641424582749947,K,0.0011516462962186955,A,0.00044129361844671446,T,0.0013894430197462406,Q,0.00020978247779127415,K,0.0005715490365452315,-,,K,0.000541630333127253,K,0.001163287698337723,-,,K,0.0007124284001968232,K,0.0005843486843568038,K,0.00045390355352191696,0.0007243095496883627,0.11857927639985105
57,M,R,0.0035952595949817275,M,0.00035070045932294574,M,0.00016897658004200284,P,0.0001830388077505601,P,0.00017440405270643198,M,0.0003225429854797416,E,0.0013327504685959905,E,0.0007553040890896179,R,0.0008827744555053233,K,0.0017104955374899855,K,0.000721640077946611,R,0.00041233204339103204,E,0.0004517118440023618,P,0.00017963234672846448,P,0.00017963234672846448,M,0.0004094956835904569,R,0.0007234121929886891,R,0.0007436865046276154,E,0.0009451697604150249,N,6.095829875420411e-05,-,,H,0.000942123444778964,K,0.0009155610356232065,-,,T,0.0029546625406269922,T,0.002947136257231125,M,0.0006143400802791077,0.0009071096595470656,0.14850612847875103
58,M,E,0.0006360391035222864,L,0.0006618126044203984,M,0.0010556871410295542,L,0.0009577583150308896,L,0.001287344447263877,L,0.0009717220258178328,I,0.0014249624932227572,I,0.003130286853109724,M,0.00035992978579332287,I,0.0024686362232198876,M,0.00037103388512946207,M,8.041403853183e-05,L,0.0008440303120971446,L,0.001286426009045322,L,0.001286426009045322,L,0.00015569105362176752,K,0.0020017868573946906,K,0.0024375521402485666,M,0.0003576724057084575,I,0.001612796055621124,-,,L,0.0006979205722878496,L,0.0003040028596657842,-,,M,0.0002959785779528367,M,0.00023014035318983061,L,0.00021201015357143747,0.0010051224110216783,0.16455214244172933
59,L,L,0.000275494831912886,L,0.00024491732453951623,-,,L,0.0007482894403516181,L,0.0007482894403516181,L,0.0007482777125392495,I,0.000943465654331245,I,0.0027293838141086183,F,1.1394489680661162e-05,F,0.00020437689532271222,M,0.0006634823927580846,L,0.0003568030564470086,K,0.00036499998911509226,L,0.0007482894403516181,L,0.0007482894403516181,L,0.00023131267358554366,L,0.0002421121184295673,L,0.00024226755236608885,L,0.00016181208300093203,L,6.961305248922188e-05,-,,L,0.0005902523515204026,L,0.00035485297531031565,-,,I,0.0005542246428579058,I,0.0006933073768344236,L,0.00023290780308737183,0.000537850689651805,0.08805343739774332
60,H,Q,8.122789309970752e-05,K,0.000643612823004286,E,0.006199428667992814,E,0.005546346467406176,E,0.005504616686040852,E,0.006156100485745405,N,0.0011369534464722158,N,0.0010144991656473596,M,0.0008020272671231855,N,0.0001357165678811229,-,,R,0.00022998233099517912,G,0.001971837354538582,E,0.005504616686040852,E,0.005504616686040852,E,0.007374237837779997,-,,-,,Q,0.00027257618699496857,S,0.0013894430197462406,-,,-,,G,0.0024404546841939345,-,,R,0.00017872756523184595,R,0.00018980864501202951,E,0.0022399258704451455,0.0025960360160682265,0.425006231694405
61,K,-,,-,,-,,-,,-,,-,,S,0.0008228542881743538,S,0.0008228542881743538,D,0.0007373414860165372,S,0.0005023170311780308,-,,Q,0.000854470200009999,-,,-,,-,,-,,-,,-,,H,0.0008876904718859814,-,,-,,-,,-,,-,,-,,-,,-,,0.0007712546275732093,0.126264821024404
62,V,T,0.00020155751867009092,-,,-,,-,,-,,-,,I,0.0017080877537497454,I,0.0017080877537497454,Y,0.0007392814634688587,M,0.0007364300721728689,-,,R,0.0002856564968772903,-,,-,,-,,-,,-,,-,,Q,0.0003581685385091097,-,,-,,-,,-,,-,,-,,-,,-,,0.0008196099424568156,0.13418124053240585
63,-,-,,-,,-,,-,,-,,-,,S,0.004069084970737283,S,0.00419728493116055,-,,Y,0.003770918578707778,-,,Q,4.048762491712829e-05,-,,-,,-,,-,,-,,-,,-,,-,,-,,-,,-,,-,,-,,-,,-,,0.003019444026380685,0.4943238535680279
64,-,-,,-,,-,,-,,-,,-,,V,0.002272160523551661,V,0.001908898201640621,-,,L,0.0011726899165995068,-,,K,3.2829688539142e-05,-,,-,,-,,-,,-,,-,,-,,-,,-,,-,,-,,-,,-,,-,,-,,0.0013466445825827326,0.22046394423371152
65,-,-,,-,,-,,-,,-,,-,,E,0.0009196367485574911,E,0.0009196367485574911,-,,D,0.00012007610168763506,-,,K,7.961559013220347e-05,-,,-,,-,,-,,-,,-,,-,,-,,-,,-,,-,,-,,-,,-,,-,,0.0005097412972337052,0.08345154941433641
66,-,-,,-,,-,,-,,-,,-,,-,,-,,-,,-,,-,,-,,-,,-,,-,,-,,-,,-,,-,,-,,-,,-,,-,,-,,-,,-,,-,,,
67,-,-,,-,,-,,-,,-,,-,,-,,-,,-,,-,,-,,-,,-,,-,,-,,-,,-,,-,,-,,-,,E,0.0,-,,-,,-,,-,,-,,-,,0.0,0.0
68,-,T,0.0002497797570745077,-,,-,,-,,-,,-,,D,0.003022629015646383,D,0.002052279409853118,E,0.0019117771546078985,D,0.003963650461683181,-,,S,0.0005505217009190691,-,,-,,-,,-,,-,,-,,R,0.00036042977100996844,-,,A,0.0025827566967356933,-,,-,,-,,-,,-,,-,,0.0018367279959412275,0.30069723199945075
69,-,-,,-,,-,,-,,-,,-,,G,0.00013937196593406643,G,0.00013937196593406643,N,0.0006082742060632854,G,9.406797187277995e-05,M,0.0001892723060041512,-,,-,,-,,-,,-,,-,,-,,R,0.0020817938143023796,-,,S,0.0021342365536913383,-,,-,,-,,-,,-,,-,,0.0007694841119717239,0.1259749636575239
70,-,-,,-,,-,,-,,-,,-,,E,0.0017819718756446543,E,0.0008118964801179429,G,0.0013939944904525696,R,0.0017375155989843409,T,8.996875012086527e-05,-,,-,,-,,-,,-,,-,,-,,R,0.0003609090586849772,-,,E,5.729622677738495e-06,-,,-,,-,,-,,-,,-,,0.0008831408395261555,0.14458210823704545
71,-,L,0.0011781183322818964,-,,-,,-,,-,,-,,L,0.0011361048619585156,L,0.0011361048619585156,-,,L,0.0011717192551060742,V,0.000643797291231244,-,,-,,-,,-,,-,,-,,-,,H,0.0005205230610975467,-,,A,0.00040244288788665334,-,,-,,F,0.000445207622880916,-,,-,,-,,0.0008292522718001701,0.13575982034933076
72,-,-,,-,,D,0.00040921954898836383,-,,-,,-,,I,0.0009683017082000329,I,0.0011642346762938329,-,,M,0.002401351719596808,E,0.00012012446099218849,-,,-,,-,,-,,-,,Q,7.183206386158888e-05,Q,0.0003993396583321705,Q,0.0004672890523640122,A,7.128701733278379e-05,-,,K,0.002276650577733,-,,Y,0.0017022449148266015,K,0.0026265689229702867,K,0.001506004256226277,E,0.0006952052696434858,0.0010628324176686736,0.17400005160180546
73,-,-,,-,,-,,-,,-,,-,,T,0.004559153401863115,T,0.004559153401863115,-,,S,0.002134708051127046,G,0.00011144628402035352,-,,-,,-,,-,,-,,R,0.0017649597903929884,R,0.0018195972540201572,K,0.0006444403679239523,-,,-,,-,,-,,P,0.0015279649299011718,-,,E,9.986868445346783e-05,-,,0.001913476907285041,0.3132620675390918
74,-,-,,-,,-,,-,,-,,-,,-,,-,,-,,-,,-,,-,,-,,-,,-,,-,,-,,-,,-,,-,,-,,-,,-,,-,,-,,-,,-,,,
75,-,-,,V,0.0030810392883658926,G,0.0052619914515508,K,0.006952772243071192,K,0.007374237837779997,E,0.0011796020791971814,P,0.002427981541424816,P,0.0030740633663334026,-,,S,0.00470380520271907,S,0.006792959043675817,-,,T,0.00312456629929745,K,0.007226660146814031,K,0.007226660146814031,Q,0.0058387559390600295,N,0.0038792412068182733,N,0.005056049491684203,T,0.003532106309072086,N,0.004292140816796281,-,,E,0.005375296019374524,A,0.0013618208793392873,-,,-,,-,,-,,0.004619039437325702,0.7561992719495646
76,-,-,,K,0.0011314913533316269,T,0.0029202597673963176,K,0.0020224572193746253,K,0.0020282873018213554,E,0.000385599117182457,L,0.0016473013447606483,L,0.0016198486922015184,D,0.0012179123033513497,F,0.003124631050286247,H,0.0030859285727679983,-,,K,0.001644827661937887,K,0.0020282873018213554,K,0.0020282873018213554,E,0.0005675620376369308,D,0.0015487766916904766,D,0.0017464060393580583,A,0.0017186123500911624,V,0.0008910835954775439,-,,T,0.0019216568673028462,K,0.001533991091688093,V,0.0010462259650328087,S,0.0017130681602607566,-,,E,0.00023406001067727863,0.0016437635564030741,0.2691063415836307
77,V,-,,M,0.0010987120831881408,K,3.292084181244948e-05,M,0.00032570829610778013,M,0.0002155711228149723,M,0.0005894058776332525,N,0.0008716169983989945,N,0.0007938072298445506,I,0.0006034138452719856,N,0.0014149855301073251,D,0.0019016124829641387,G,0.0005474022981504204,M,0.0003137036574590187,M,0.00022931341376167085,M,0.00022931341376167085,M,0.00026124721141482167,T,0.0001424818747408774,T,0.0004697774457883232,S,0.0008491540602155124,D,0.00245979123763888,-,,D,0.0010133640244522062,M,0.0008501470675865438,D,0.0008180693864967112,G,0.0012649143127484914,G,0.0011040528883936142,T,0.000556653154192723,0.0007582855901978029,0.12414161407753993
78,N,E,0.002428231264123019,E,0.0027839875533641825,E,0.0037322404656596002,E,0.003153801341089425,E,0.004044688710532025,E,0.006566575359842865,D,0.0007048825566980056,D,0.0007093618238193213,S,0.0012206419708180693,D,0.0015736532562913097,E,0.0032420737727319334,G,0.0008593964366930794,E,0.005969724392843354,E,0.004044688710532025,E,0.004044688710532025,A,0.003193264365658163,E,0.0022264005716679264,E,0.0032273963703086054,G,0.00069564482521091,V,0.0007438021085346313,T,0.001310391176965297,S,0.0008354689914329375,E,0.0037322147740244853,D,0.001991966425796452,N,0.0013894430197462406,N,0.0013894430197462406,D,0.0015366479093822363,0.0024944711068164583,0.40837868142688055
79,P,P,0.0005638220874780843,A,0.00024462408420023195,C,0.0024081977764522718,A,7.897068179898474e-05,A,0.0005183516616673036,A,0.00019903494329371785,L,0.0003242464236257643,L,0.00011190966052792857,N,0.0015382831930079862,L,0.0002453006465226999,E,0.00042217881264552417,G,0.000336113507276808,A,0.00032735036485319834,A,0.0005286277162003326,P,0.000916971299566933,A,0.0005715420833965447,S,0.001325410188901956,S,0.0014530305302255238,G,0.0006011856319011518,P,0.0006892331291167879,I,0.0011123956169434184,S,0.0017421182058878276,A,0.00031269889919348815,D,0.0004012206945794919,S,0.001633666301991184,L,5.2278168210355573e-05,A,0.00029285653421192803,0.0007019118090250899,0.11491246311265206
80,L,L,0.0027558271227931456,I,0.00019652099098194694,L,0.0010524864179600384,T,0.0039411246637060925,A,0.0014569551931574091,V,0.0016376781731702744,I,0.0012256483283897203,I,0.0011485545665759296,L,0.0018673931130492897,M,0.007374237837779997,L,0.0004234333640982464,R,0.007374237837779997,V,0.004129020106605036,A,0.0014443753932598578,A,0.0014443753932598578,V,0.0014714584182120166,V,0.004999036509259358,V,0.007287677800760352,R,0.006457202981842103,S,0.007374237837779997,R,0.007374237837779997,L,0.0014613448923982801,T,0.004726001647347601,L,0.003073166293066249,L,0.0033242700764536536,L,0.0038337691920926056,V,0.003794060292055944,0.0034314197141338894,0.5617698495087478
81,E,Q,0.003984959328068744,Q,0.005144715415084118,A,0.0005187913550441548,Q,0.003605211902348904,Q,0.003999915911956289,Q,0.002762385985927071,Q,0.00233339754193024,Q,0.002573817439475407,E,0.002711765022312137,Q,0.001246260149401352,E,0.0002725273502553746,E,0.0020053111397798366,Q,0.002088319819907284,Q,0.003614899754238689,Q,0.003614899754238689,Q,0.0026650094956720445,E,0.0010562396504064,E,0.000705103771969632,E,0.0023722304116729426,E,0.003026077692717659,Q,0.0034684743534361935,A,0.0006006111019495247,K,0.0021041996803787466,H,0.0008006042688514759,R,0.004595542331021476,R,0.0042353142491745885,Q,0.002126688602790313,0.0025271582770373816,0.41373001359421635
82,Q,A,0.0007763500081087627,Q,0.0012193100194824935,Q,0.0013241684398389883,Q,0.0022033526736822905,Q,0.0024538399348777336,Q,0.006303891133939623,R,0.0009089400932237648,R,0.0008087935534465586,L,0.00018485488938615487,R,0.0015238804397222374,K,0.0008082653831573836,M,4.338615388801914e-05,Q,0.002664482613399591,Q,0.0024096410742144034,Q,0.0024096410742144034,Q,0.0010562619220779606,K,0.0004936002887288622,K,0.000224987395321697,R,0.0009029245115648832,N,0.001104969900227936,Q,0.0012259762662377048,Q,0.0015501103494131145,Q,0.0028567187343398167,D,0.0006552853051729609,T,0.006082682494149394,T,0.0058284615624753,Q,0.0010615054772232888,0.0018180104330190862,0.29763291361757777
83,L,M,0.000334491184089064,L,0.0002980702705280501,L,0.0007097219965976567,L,0.0002811196559009095,L,0.0002811196559009095,L,0.00027476478337854973,L,4.49871115088888e-05,L,4.49871115088888e-05,L,7.165471734277828e-05,L,4.26870219452254e-05,L,0.00027539711972068403,L,3.696259403984671e-05,L,0.00028224906329494496,L,0.0002811196559009095,L,0.0002811196559009095,L,0.0002835639381725466,L,0.00010485862658722155,L,5.996042271339871e-05,I,0.0004655258660514599,L,0.00024063157154566436,L,0.00021490183240452455,I,0.0002719098580458291,L,0.00026649381709464376,L,0.0003876917057773845,L,0.0002582286101599962,L,0.00026298919501793717,L,0.00046694357515616845,0.00025274631912166636,0.0413779932172204
84,E,K,0.0027425071474305816,E,0.001148172991138626,D,0.001121614265289275,E,0.0021860713710527774,E,0.002478161148234276,E,0.0052612096411492814,S,0.0029003717005506406,S,0.0029029404454215513,E,0.002345402149750231,W,0.0003810193105844737,E,0.004212980557064075,V,0.0037201255790270463,E,0.002382778271126255,E,0.002478161148234276,E,0.002478161148234276,E,0.0030075851815926868,K,0.0024828906032122776,K,0.0021465259057953543,A,4.4070296937751355e-05,E,0.0030324663314585725,Q,0.0028805425998035183,E,0.003252686087977974,E,0.002733502574559471,V,0.004521803652399879,E,0.0029979326432505934,E,0.0027658687418341977,D,0.0014378298060742545,0.002594199307377191,0.4247055376228799
85,L,M,0.00021411954654387572,L,2.6449211713478702e-05,L,0.00033134846504640674,L,4.580515063323493e-05,L,0.00011955399787291823,L,0.00011774559162367128,I,0.005408758799577476,I,0.0054086527689112636,L,0.00016857651585849658,I,0.0037457805702379764,L,0.001315179085892343,T,0.0010736671851037788,L,4.2892633459084295e-05,L,0.00011955399787291823,L,0.00011955399787291823,L,0.00025722914614316234,L,0.0007505932022439582,L,0.00033586389870400606,T,0.0010774222610278959,M,0.0002681687648876432,L,0.00014681954209935433,L,0.0003487537056733465,L,0.00012638221221231746,M,0.00036343334567159435,L,6.493398269654531e-05,L,6.081902778304353e-05,L,9.370461411797167e-05,0.0008204356007955806,0.13431641197727548
86,I,I,0.002830941488341435,I,0.0013497865876025905,I,0.0004584154551265108,I,0.004110885016382775,I,0.004110885016382774,V,0.0013894430197462406,V,0.0007664139117925089,V,0.0007413194068874271,I,0.0018540412589225488,V,0.00038679026892605127,I,0.001590894392779637,I,0.0029550583706717207,I,0.002545969117349309,I,0.004110885016382774,I,0.004110885016382774,I,0.0010372698276924074,I,0.0008595365839627272,I,0.0024976062363830007,V,0.0013894430197462406,I,0.0015962452479267033,V,0.0005342126664777638,I,0.001432449374223293,I,0.002002006521720105,V,0.0005668844517948372,V,0.0010238269464475543,V,0.0010794705690047712,I,0.0009438159483957715,0.0017879770643500835,0.2927160446819789
87,E,D,0.00017766547977318944,D,0.0007652208646993016,D,0.0001659686341696603,D,0.0001472143141138511,D,0.00011938700935451021,D,0.00015315747720713477,D,0.00017447645801619866,D,0.00017889674876863114,D,0.00032790485767453915,D,0.00018136275037730152,D,0.0002089101141755889,D,0.0006833426483641659,D,0.0004588860839426349,D,0.00011938700935451021,D,0.00011938700935451021,E,0.0006386787702821873,D,0.00018962193366168332,D,0.00022018081386281424,D,0.00038501601782436955,D,0.000405112589343505,D,0.0005984111498679453,D,0.0004775360359276596,D,0.0007760288931956794,N,0.0012918935725321646,D,0.00036708422665369527,D,0.00039339357145943703,E,0.0008103733366235815,0.0003901666063177946,0.06387555413628833
88,I,T,0.0006014129559627214,D,3.7227592684512675e-05,T,0.0025586538891383716,D,0.00010914615808654844,D,6.596509170845258e-05,D,0.00027390172810044675,I,0.0005510318111632763,N,0.0005510318111632763,N,0.0007273050657735212,S,8.31492431971341e-05,N,0.0008444551239223688,N,0.0004596932010864946,D,8.659094361630061e-05,D,6.596509170845258e-05,D,6.596509170845258e-05,D,1.9876981281880382e-05,N,0.001100298080570324,N,0.0014990832231222245,H,0.0003199047175772172,V,0.000357647526132526,V,0.00016284286897173174,K,0.0008947583901899896,D,0.0002759062669101064,Q,0.0008664657189543308,E,0.0014023989402260019,E,0.0014023989402260019,D,0.0006464442865815925,0.000593685953324602,0.0971944257593683
89,L,L,0.0013220478417554026,L,0.0004904389060337415,L,0.0026149492663639093,L,0.0007554731963816132,L,0.001455680165635887,L,0.0006523690604919444,I,0.0015993410457847616,I,0.00022975234216855402,I,0.0010900847230632476,V,1.3696112425964289e-05,L,0.00027025919946748643,L,0.0003467050210603984,S,0.00034314245487717234,L,0.001455680165635887,L,0.001455680165635887,L,0.0005400427681061113,I,0.00013111317395230436,I,0.0005330297026675051,L,0.00045154413002758593,I,0.0003704007660915335,L,0.0004631546111669063,L,0.0011180199298864823,L,0.00035550881937199293,L,0.0004999283446432742,L,0.0014321990830473206,L,0.0012100216522666282,L,0.0005067973710839184,0.0008039651858923487,0.13161998213996232
90,Q,Q,0.00032256771382205556,Q,0.001018811604578499,Q,0.0005510866453000628,N,0.001501606393909237,N,0.001501606393909237,K,0.001390501982390553,E,0.0012047040338887002,E,0.0012047040338887002,E,0.002524790006877001,E,6.171531960354804e-05,E,0.003984170130767983,K,0.0016741415090861726,Q,0.0001344456014719228,N,0.001501606393909237,N,0.001501606393909237,K,0.00023215525214697382,Q,0.0012825383093839288,Q,0.0014364736657667496,R,0.003849844727390774,Q,0.0011705092839274789,E,0.0004237598938223086,R,0.001985726008173442,Q,0.0005863244155244245,T,0.004619952941884722,Q,0.0006817515960195364,Q,9.589123358002232e-06,K,0.001352377631504289,0.0013966321113412878,0.2286475792441246
91,R,R,9.935711634925296e-05,Y,0.00017475409116941647,R,9.638859834687301e-06,N,0.001569958674270908,N,0.001569958674270908,N,0.00119324372075327,R,5.7838870423969674e-05,R,5.7838870423969674e-05,R,0.00014270106963024776,R,0.0006687761202429802,R,0.0001037408242441645,R,1.9041937607814284e-05,N,0.0021893273036800564,N,0.001569958674270908,N,0.001569958674270908,N,0.0015998634594289133,R,0.00011586893617646417,Q,0.00025141411458790713,R,9.747855598981592e-05,S,0.00012261238037985478,N,0.000504815336223543,R,0.00015923964053585186,N,0.00041140633213389397,R,9.48357142123994e-05,R,0.0002699606754080965,R,0.00024126267410792075,N,0.0014037290900308147,0.0006025400144688497,0.0986439554033398
92,L,L,0.0,L,0.0,L,0.0,L,0.0,L,0.0,L,0.0,L,0.0,L,0.0,L,0.0,L,0.0,L,0.0,L,0.0,L,0.0,L,0.0,L,0.0,L,0.0,L,0.0,L,0.0,L,0.0,L,0.0,M,0.0,L,0.0,L,0.0,S,0.0,L,0.0,L,0.0,L,0.0,0.0,0.0
93,G,G,0.0,G,0.0,G,0.0,G,0.0,G,0.0,G,0.0,G,0.0,G,0.0,G,0.0,G,0.0,G,0.0,C,0.0,G,0.0,G,0.0,G,0.0,G,0.0,G,0.0,G,0.0,C,0.0,G,0.0,G,0.0,G,0.0,G,0.0,G,0.0,G,0.0,G,0.0,G,0.0,0.0,0.0
94,L,L,0.0027067392080384342,L,0.0024741356208412817,I,0.0016586258335958204,L,0.002709058055342157,L,0.0032374473092199227,L,0.00225703240520744,I,0.0024652816727148085,I,0.0036156757880728935,L,0.0020281718496978564,I,0.001199156348065245,V,0.0008189998819340305,I,0.0030447203774643726,L,0.0010757316347539728,L,0.0031996811901351713,L,0.0031996811901351713,L,0.0008379628191131163,I,0.0037640649709121724,I,0.003397159397183963,M,0.00033188479582490214,I,0.005130023774921399,I,0.003517024931747731,L,0.003067122515441355,L,0.0020421913888123014,L,0.0016651759869003588,I,0.0036261390702684855,I,0.004262371836871788,I,0.002749540119870674,0.0025955851841884007,0.4249324244139256
95,S,A,0.00024087255860418094,S,5.4639046584609105e-06,S,0.00011508445835759561,S,0.0004124448858280504,S,0.0002632015879901642,S,9.056137941454582e-05,D,1.6704095368949308e-05,D,1.6704095368949308e-05,G,0.0002191721362219366,A,2.2313558624603736e-05,S,1.9819707672094025e-05,D,0.0003048777779099453,S,0.00025833411978650194,S,0.0004124448858280504,S,0.0004124448858280504,S,0.000225964252071975,G,0.00016472125374480113,G,5.329254236324969e-05,D,0.0002786920104668182,D,0.000228784485266752,S,0.00020307659802858065,R,5.6619691386182905e-05,S,0.00023421323251065097,T,0.001210229949958712,S,2.4638970137397262e-05,S,3.748179687982202e-05,N,4.505725303238678e-05,0.00020641541012257064,0.033792996351689794
96,Y,Y,0.0002532897974508201,Y,0.00040015490611059975,Y,0.0002542017219864528,Y,0.00043028567276408747,Y,0.00042779403075871643,Y,0.00042306689710937246,R,0.00012629401871823583,R,0.00012629401871823583,H,0.0012303359520271862,R,0.0003306349271653706,Y,0.0003093049752220632,H,0.0004552851608581012,Y,0.0004149522569826963,Y,0.0004277940307587163,Y,0.0004277940307587163,Y,5.9097300931791076e-05,Y,0.0006477464191434453,Y,0.0006265057852627811,H,0.00106976428978741,L,0.00035003042433907655,R,0.001028984174554604,W,0.0008232045880798667,Y,3.166284535417557e-05,E,0.0013894430197462406,Y,0.0004151149680460135,Y,0.00041689097895993704,Y,3.1993847941873106e-05,0.0004788118903532069,0.07838798689615058
97,H,H,7.485799510890689e-05,F,2.533657658568959e-05,H,0.00038539339769951686,F,0.001151955463159938,F,0.0011522429508149532,F,3.280035722766625e-05,H,3.314631693604404e-05,H,8.557408117818705e-05,R,0.0028049944487530047,H,4.807197447443591e-05,H,6.884340747871161e-05,Y,0.002772143940707621,Y,0.0021874917234992056,F,0.0010824352391896788,F,0.0010824352391896788,L,0.0007023236039805462,Y,0.0027424853789851703,Y,0.0026330455651544854,Y,0.0026899293998233617,H,0.001174498973806692,H,4.420392279659858e-06,L,0.0004846278033060854,F,0.0014665678829389498,H,2.8406782605813527e-05,L,0.001538958803921442,L,0.001537360592219271,L,0.00040447019634249135,0.0010516599439765633,0.1721709664453598
98,F,F,0.0,F,0.0,F,0.0,F,0.0,F,0.0,F,0.0,F,0.0,F,0.0,F,0.0,F,0.0,F,0.0,F,0.0,F,0.0,F,0.0,F,0.0,F,0.0,F,0.0,F,0.0,F,0.0,F,0.0,F,0.0,F,0.0,F,0.0,L,0.0,F,0.0,F,0.0,F,0.0,0.0,0.0
99,E,E,0.0011999820348634063,P,0.0062528698576438686,E,0.0011734854159485917,Q,0.0017543676912829711,Q,0.0028822513269734337,E,0.0003642743610690988,K,0.003472618141370155,K,0.0029912788701742885,Q,0.0005043697557176315,K,0.00379176628582249,K,0.002393841962517291,E,0.00029720390039238224,Q,0.0029349413105903828,Q,0.003450607736555604,Q,0.003450607736555604,Q,0.0011460740226241883,E,0.002418084229855688,E,0.0027078113836316474,Q,0.0022471601939448717,R,0.0013428528468894395,A,0.0006551249825098412,K,0.0051291240513865535,R,0.0003906852938055516,I,0.0026850785369039515,E,0.0029010369742250262,E,0.0020712891294681892,K,0.00022018411144355532,0.0022529248942283597,0.3688342972362471
100,E,D,0.0018002709768486429,D,0.0002154992783037061,D,0.0013910516903659646,D,4.089585380463681e-05,D,0.0003274807546816627,D,0.0010434537461869618,N,0.0008611777100904823,N,0.0008648182632501808,T,0.0011779387232136182,N,0.001294290411944969,D,0.0014485865491571232,E,0.002210782996456101,D,0.00026674373203839746,D,0.0003274807546816627,D,0.0003274807546816627,D,0.0004059563241108834,D,0.0009323816948709889,D,0.0010110658560728155,D,0.0011369651136759152,Q,0.0007193767903993085,A,0.001494538545446514,N,0.00016569698826325447,D,0.0008329591523797032,P,5.219728472544644e-05,E,0.0010027301804474854,G,0.0005552689541620833,D,0.0002144532499264808,0.0008193163825995058,0.1341331808105993
101,E,D,0.0003201812532173512,E,0.00024624504916366985,E,0.00032071300360579,R,0.0002506821347596883,R,0.0006811162945201638,Q,0.0005704172892816783,E,5.278601107019198e-05,E,5.278601107019198e-05,N,0.00023787798295633213,E,1.5060019995097004e-05,E,0.00014286617630565878,E,1.2460456412783861e-06,K,3.747298416336147e-05,R,0.0006811162945201638,R,0.0006811162945201638,E,8.607428033637608e-06,A,5.647737402418136e-05,A,4.886032944361115e-05,E,6.954510916224267e-06,E,0.00022911676815550868,E,1.2948419268306825e-05,E,0.0002972916172913338,E,0.00024489365176605713,E,8.120696214269551e-06,E,0.00020970554127021677,E,0.00020970554127021677,K,0.00013630978104695767,0.00021335831494412235,0.03492964383922721
102,I,I,0.0,I,0.0,I,0.0,I,0.0,I,0.0,I,0.0,I,0.0,I,0.0,M,0.0,I,0.0,I,0.0,I,0.0,I,0.0,I,0.0,I,0.0,I,0.0,I,0.0,I,0.0,V,0.0,I,0.0,I,0.0,I,0.0,I,0.0,I,0.0,I,0.0,I,0.0,I,0.0,0.0,0.0
103,K,N,6.0513384555828006e-05,K,0.00024105562265125413,N,0.0001030044523792166,K,0.0002530258808203868,K,0.0002530258808203868,K,0.0002829351827761265,K,0.0001678077649329026,K,0.0001678077649329026,K,0.0010650701377579717,T,0.0023297933151569757,M,9.005307960491576e-06,E,8.026648712171945e-05,K,0.0007417405494209637,K,0.0002530258808203868,K,0.0002530258808203868,K,0.00015985109610581804,D,7.855011957311718e-05,N,3.1085954555330136e-05,D,0.0009895216981602004,E,2.3734253851702524e-05,K,4.5989006579440995e-05,K,5.4731818528482707e-05,K,8.267551242861036e-05,D,2.915138309579411e-05,S,8.598372417025719e-05,S,0.0006536058006036576,Q,0.0003012677294426258,0.0003258241329638125,0.05334182040963155
104,R,S,2.5063774335551016e-05,Q,0.0019691324609681904,T,0.000691102599251095,Q,0.004560683776899988,Q,0.004560683776899988,Q,0.0026432601208895403,S,0.003116808291067681,S,0.0034861030015819775,R,0.002809916358266205,S,0.002424036423758826,Q,0.004039248423898006,G,0.0019579732082736266,H,0.005469651025304898,Q,0.004560683776899988,Q,0.004560683776899988,I,0.004261561292327182,A,0.00543257205212402,A,0.00422671643299507,D,0.003116589485855617,Q,0.0030033415952006393,C,0.0043378465753845085,Q,0.004109008190190012,N,0.0031447815902114497,H,0.00465828581850788,N,0.0024153749898170184,N,0.0008225841557614779,Q,0.002943386829694133,0.0033091511038246136,0.5417528231653461
105,I,L,0.00011971642183472724,I,0.00015850454662968334,I,0.00015445437608660792,I,0.00025430310688595066,I,0.0002112353443261346,I,0.0002710610951597998,A,0.0006907626373040772,V,0.002547092565645667,V,0.0022919392398625333,A,0.0001860928345926096,I,0.0002421791176695073,A,4.7111592213401274e-05,I,8.04046150772065e-05,I,0.00017412826182403512,I,0.00017412826182403512,I,2.3542780192402897e-05,V,0.004146055748661332,V,0.004815465291984557,A,0.0002055804763142313,T,0.0007375154743863341,I,0.0001860651334838114,V,0.002638210858143304,I,0.00023294877097583067,L,0.0003302752199679157,L,8.032712048745186e-05,L,6.506353150120967e-05,I,0.000157361966142129,0.0007859824588583884,0.1286759663385684
106,L,L,6.776263578034403e-21,L,9.486769009248164e-20,L,5.421010862427522e-20,L,5.421010862427522e-20,L,5.421010862427522e-20,L,9.486769009248164e-20,L,1.3552527156068805e-20,L,1.3552527156068805e-20,L,4.0657581468206416e-20,L,1.3552527156068805e-20,M,6.776263578034403e-21,M,3.3881317890172014e-21,L,9.486769009248164e-20,L,5.421010862427522e-20,L,5.421010862427522e-20,L,5.421010862427522e-20,-,,-,,M,1.0164395367051604e-20,L,1.0164395367051604e-20,L,4.0657581468206416e-20,L,5.421010862427522e-20,L,5.421010862427522e-20,L,1.3552527156068805e-20,L,3.3881317890172014e-21,L,3.3881317890172014e-21,L,9.486769009248164e-20,3.97089045672816e-20,6.5008851149966355e-18
107,D,T,0.00018011774342185723,S,0.0013372219302581923,K,0.0015040634230606056,S,0.0018053511653442326,S,0.0017797071922621905,T,0.0005889734886691406,D,0.0004347577402259917,D,0.0004457627715456197,D,0.0029957789576588473,D,0.0006297062494846525,R,0.00018542501915952636,A,0.0029695146742678745,N,0.0014275734214040045,S,0.0017797071922621905,S,0.0017797071922621905,N,0.0003801563332419602,-,,-,,D,0.004571254918063385,H,0.0038964313006766733,D,0.0009798974683575539,Y,0.0023403797101369133,N,0.0013849541059861134,L,0.0007508276311327328,E,0.002377560720977631,E,0.0018059723163490501,N,0.0004718134902567435,0.0015521046462586353,0.2541005374420135
108,G,G,0.0020708220730172584,S,0.003211533022353798,R,0.001083256342314784,F,0.003054460170310385,F,0.0031954715994327136,F,0.00011675866902538359,Y,5.6795461520588294e-05,Y,1.9702495187961784e-05,K,0.00027321327761730465,Y,0.000370690131697571,S,0.0012788410426737159,T,0.002433462040028851,L,0.0007097519402536404,F,0.0031852929415750798,F,0.0031852929415750798,S,1.767693660413893e-05,-,,-,,A,0.0019473805224860924,M,0.0015510256959485396,R,0.00030995374070572654,T,0.0016284355008747307,S,0.0012170649736032953,K,0.0005001682093922109,T,0.00294033235791736,T,0.002911402611149868,H,0.0001749978292936815,0.0014977513010623906,0.24520215919191993
109,V,F,0.0044471181098463914,I,0.001265348264719231,K,0.0028565582941264493,I,0.0018674817637258088,I,0.0018818307225631622,I,0.0021059897074724235,V,0.0013894430197462406,V,0.0013894430197462406,I,0.003076997717137196,V,0.0013894430197462406,I,0.0018843834132928655,G,0.005036824099892623,I,0.0005356686468454312,I,0.0018163912115716082,I,0.001947497566526942,I,0.0018995741982503079,-,,-,,C,0.00557664897671052,I,0.0033108776007110194,T,0.0005833103273341852,I,0.00397925589031838,I,0.0011779659745256364,V,0.0009533340475841752,I,0.0032387275926996214,I,0.002461149920136955,I,0.0004601386612124372,0.002261256070657684,0.3701982235754398
110,Y,S,9.823172184657378e-05,H,0.00013620489675457122,Y,0.000734393528692523,Y,2.427883534697281e-07,Y,3.104840802686732e-05,Y,4.879311696293204e-05,Y,0.0007662374770932554,Y,0.0007919449594568483,A,0.001541398384037221,-,,N,0.0014605310830378168,A,0.000894907752549128,Y,2.0936426819100622e-06,Y,9.543026043391707e-07,Y,9.543026043391707e-07,Y,5.233268443414784e-05,-,,-,,L,0.0009520659655873377,Y,1.4804003090444266e-05,-,,S,0.00021051866200349405,Y,0.000125052150226345,Q,4.5315669762007935e-05,Y,0.00033108305838265627,Y,3.563887648150169e-05,Y,3.865455760556026e-06,0.00035993969088827333,0.0589269989764478
111,-,-,,-,,-,,-,,-,,-,,-,,-,,-,,-,,-,,-,,-,,-,,-,,-,,-,,-,,-,,-,,-,,-,,-,,-,,-,,-,,-,,,
112,-,-,,-,,-,,-,,-,,-,,-,,-,,-,,-,,-,,-,,-,,-,,-,,-,,-,,-,,-,,-,,-,,-,,-,,-,,-,,-,,-,,,
113,-,-,,-,,-,,-,,-,,-,,-,,-,,-,,-,,-,,-,,-,,-,,-,,-,,-,,-,,-,,-,,-,,-,,-,,-,,-,,-,,-,,,
114,-,-,,-,,-,,-,,-,,-,,-,,-,,-,,-,,-,,-,,-,,-,,-,,-,,-,,-,,-,,-,,-,,-,,-,,-,,-,,-,,-,,,
115,N,N,0.001399788397447407,N,0.000661334665931596,I,0.0013950801992571214,D,0.00028971983421019975,D,0.0004157325648729049,N,0.0003242502446629972,-,,-,,T,0.0019061401302922004,F,0.001051399718173801,-,,C,0.00021122631149242827,N,0.0016849079350809587,D,0.0002989773608934902,D,0.0002989773608934902,N,0.0015139448833217223,-,,-,,L,0.0009896356406169436,K,0.0007261292516933773,Y,0.0005608425844163719,S,0.0013252224534093515,-,,-,,Y,0.003210257321424282,Y,0.002448141385965666,N,0.001715801208769247,0.0011213754726412779,0.18358434204761684
116,N,-,,E,0.0032849459133317198,N,0.000364772281804641,E,0.0026344077184237468,E,0.002813296231464213,E,0.0006496282994773225,S,0.0003974654666962276,S,0.000953140825543745,V,0.0002259371085735465,R,0.00029417753271189745,I,0.0025935189603545996,T,0.0013894430197462406,D,0.003701215421898954,E,0.002813296231464213,E,0.002813296231464213,H,0.0025834054705448683,-,,-,,E,0.00462000677868378,-,,R,0.001403758410024492,D,0.005483026418174948,-,,K,0.004582384133622182,-,,-,,Q,0.0013894430197462406,0.0022495282736875897,0.36827822448240494
117,D,-,,-,,-,,-,,-,,-,,Y,5.586941551309044e-05,Y,5.586941551309044e-05,N,0.00027665995323742233,Y,5.586941551309044e-05,N,0.0002695287624195446,R,0.0013894430197462406,-,,-,,-,,-,,-,,-,,E,0.00018594054439110774,-,,S,0.001841140439494258,-,,-,,N,3.074299273425694e-07,-,,-,,-,,0.0004589587106394652,0.07513775267556824
118,H,G,0.002373278493840216,H,0.002229383772998587,-,,N,0.004654449112446718,N,0.004660301812576281,H,0.0006937468741483455,W,0.00026559826195579384,W,0.00028224910259559894,E,0.0018894731542277916,W,0.0013894430197462406,I,0.0033573379922118693,L,0.004219623844176351,H,0.002295353434436966,N,0.004654449112446718,N,0.004654449112446718,H,0.002368680317695634,-,,-,,L,0.0038857315526440554,-,,W,0.001097610419873279,-,,-,,Y,0.001281473984102771,-,,-,,H,0.0019268961909132728,0.0025357647139728004,0.4151390038037504
119,G,Q,0.004606577448484737,R,0.004594621257297388,-,,Q,0.007160141799659082,Q,0.006601914073958109,K,0.007374237837779997,N,0.0071104476428929435,N,0.007374237837779997,N,0.005732713092001961,E,0.003914143577951213,-,,-,,K,0.004201478924182794,Q,0.007094850968042546,Q,0.007094850968042546,K,0.006230739258073647,-,,-,,A,0.0026337917312574803,-,,L,0.006392460374336045,-,,K,0.006049085613009917,K,0.007374237837779997,-,,-,,R,0.003626285997891394,0.005842600902245655,0.9565128439622144
120,G,P,0.0019342827196822143,Y,0.0013894430197462406,-,,C,0.0018481642293500262,C,0.0018631551891434132,C,0.0007111165529225933,E,0.0003137137573797197,E,6.332962070181288e-05,S,0.0002306056531586109,E,0.00043573236362644637,-,,-,,Y,0.00016142183574124365,C,0.0018175863670338646,C,0.0018175863670338646,C,0.00048252164122377424,-,,-,,H,0.0022172086675942963,-,,Q,0.00031999304778001494,-,,I,0.0017520140778012063,Y,0.0002554043877665869,-,,-,,C,6.549102463729299e-05,0.0009821539179068457,0.1607918892534017
121,-,-,,-,,-,,-,,-,,-,,-,,-,,-,,-,,-,,-,,-,,-,,-,,-,,-,,-,,-,,-,,-,,-,,-,,-,,-,,-,,-,,,
122,D,-,,F,0.0017415214790102846,-,,F,0.0015108448189809116,F,0.0018118129677816876,F,0.002505563798810628,K,0.001486504215021417,K,0.0015314693354524663,L,0.002991952182419608,N,0.002086682193206582,-,,-,,F,0.001704230509259224,F,0.0018118129677816876,F,0.0018118129677816876,F,0.002112766597522729,-,,-,,-,,-,,-,,-,,F,0.001597531042304316,K,0.0017610396854893843,-,,-,,F,0.001418784277559973,0.0018589552692255056,0.30433613746952975
123,T,-,,H,0.00019194110759550493,-,,H,0.0014357919723272242,H,0.0013846792689765639,R,0.006893685798771707,G,0.00023452149589081847,G,0.00022105180611310172,G,0.0009967249621443664,G,0.00043308928619712183,-,,-,,Y,0.006385769010825594,H,0.0013846792689765639,H,0.0013846792689765639,H,0.002572448987881103,L,0.0012887643713719139,L,0.0010485730950606951,-,,E,0.0003950774429700648,-,,-,,Q,0.004078045905894938,K,0.005336269736322066,N,0.00196422045555029,N,0.002769215421094586,Q,0.0012391122346898475,0.002081917044881531,0.34083799780464863
124,W,-,,-,,-,,S,0.0013268969288639358,S,0.0006987334447133946,S,0.0017684965853135017,I,4.126114171902788e-05,I,5.04886933595085e-05,L,0.0001211367927739646,I,9.218698082862485e-05,-,,-,,D,0.00010529972293568817,S,0.0013253994720804246,S,0.0013253994720804246,N,0.0003751332863527963,R,2.187134773557478e-05,R,0.0015187065206692313,-,,G,0.0001148987384455012,-,,-,,N,0.0007379823781504743,A,0.00040279118989397706,Y,7.635715381476378e-05,H,6.015023692792041e-05,N,0.0003118298291285354,0.0005513168376730142,0.09025802808543383
125,K,-,,-,,I,2.1209662851976873e-05,-,,-,,N,0.0012517713314235367,G,0.00027979751604763944,G,0.00027979751604763944,K,0.00032038121300525006,G,7.44698890324318e-05,-,,-,,-,,-,,-,,N,0.0006802235633552303,S,0.0007536035781869697,S,0.00040881622148147546,-,,-,,-,,N,0.0004680983918774618,-,,S,0.0008000154339006294,Y,0.0007954301422284053,Y,0.0007856931986213747,N,0.000736602039516029,0.0005468506926840036,0.08952685970401243
126,A,-,,-,,Q,0.0012797901481515369,N,0.0015883235497476651,N,0.0017110939373003043,-,,C,0.0011394097851186301,C,0.001406821280254897,E,9.595902222598366e-05,C,0.0017481160375970358,-,,-,,-,,N,0.0017110939373003043,N,0.0017110939373003043,H,0.002128665026884541,P,0.0021846985204764615,P,0.0017002083861850806,-,,-,,-,,T,0.0021180121982395874,-,,P,0.0010366460018677332,K,0.0009063296949490015,K,0.001034405938849242,-,,0.0014687917126530196,0.240461082617825
127,-,-,,-,,-,,-,,-,,-,,-,,-,,E,0.0,-,,-,,-,,-,,-,,-,,-,,-,,-,,-,,-,,-,,-,,-,,-,,-,,-,,-,,0.0,0.0
128,-,-,,-,,-,,-,,-,,-,,-,,-,,E,0.0,-,,-,,-,,-,,-,,-,,-,,-,,-,,-,,-,,-,,-,,-,,-,,-,,-,,-,,0.0,0.0
129,-,-,,-,,N,0.0014408743053151369,I,0.0003041852420925252,I,0.0003085308929198085,-,,G,0.00016881800522323978,G,0.00016881800522323978,E,0.00011632852669074179,G,0.000364928099809793,-,,-,,-,,I,0.00029004066617221123,I,0.00029004066617221123,E,0.0008393164778613785,F,0.00024294848960069583,F,0.000265544820511559,-,,-,,R,0.003477748974263098,S,0.005246588693598703,-,,K,0.00015425034164046704,F,0.00040404556050276086,F,0.0003444384969925112,-,,0.0008486733096817694,0.1389393071031986
130,-,-,,-,,N,0.0021591441812426294,N,0.001182170526860628,N,0.0009562463166883677,-,,R,0.0031113355287001624,R,0.003384755040414226,E,0.0013894430197462406,R,0.0024478191573344722,N,0.0016129258666926906,-,,-,,N,0.0009545999958217661,N,0.0009518378434982465,Q,0.0017073144660288365,S,0.0015938615931910109,S,0.0011076489727525176,-,,-,,-,,I,0.002326688408195667,N,0.0010706180284751432,S,0.0023340940871450127,P,0.0008927955565608276,P,0.0008456942099784614,-,,0.0016682773777403836,0.2731195859171123
131,-,-,,-,,I,0.0016361211913227672,D,0.00012957562990383172,D,0.00017273927834519714,V,0.005164652579432397,E,0.0006113916731183449,E,0.0012504742434113212,E,1.5971602240410963e-05,-,,I,0.001809708178005031,-,,S,0.0023726143200153305,D,0.00015677640819529838,D,0.00015677640819529838,C,0.0015433962135652005,A,0.0017919004510798344,T,0.0012391550084693908,-,,L,0.0008082066477702166,H,0.0007611175996123998,E,0.0019898687420867515,N,0.0020042898788701063,L,0.0007455966344210085,E,0.000985537433989068,E,0.0011465437675948263,-,,0.001261543518554478,0.20653174825801354
132,-,-,,-,,N,0.0023924792824639896,Q,0.0038261927109247687,Q,0.0037301372214199975,E,0.004057506067500001,-,,-,,E,0.0026882241112865064,D,0.00018589491149069274,-,,-,,E,0.002801707699479235,Q,0.003748876860990921,Q,0.003748876860990921,I,0.004461658213678095,E,0.0026805935681103025,G,0.0025888081606375156,-,,Q,0.0019163811453258618,E,0.0006425831000695582,M,0.0023462442564134594,S,0.0035950845853563885,Y,0.0013869058040413562,N,0.00155249266796825,K,0.0015513969985931303,Q,0.0017791122175014927,0.002584057822212123,0.4230452392421516
133,-,-,,-,,-,,A,0.007374237837779997,A,0.007374237837779997,A,0.007374237837779997,C,0.006814620209190649,S,0.00131404533112326,E,0.0022396574339038143,S,8.901098785645846e-05,A,0.007374237837779997,L,0.00022137375225133877,A,0.007374237837779997,A,0.007374237837779997,A,0.007374237837779997,H,0.0052170737296842505,E,0.0026403808463408944,-,,-,,-,,E,0.0036261979762945928,-,,T,8.112403281023258e-05,S,0.0011349930265604853,W,0.0013894430197462406,W,0.0013894430197462406,V,0.0005917972915790277,0.003918441276077373,0.6415018707574404
134,E,-,,-,,H,0.0002490325693267666,E,0.0011176629752509635,E,0.0011163547972933034,E,0.0015867650159090516,V,0.005476244902579948,V,0.004580488673104857,E,0.000994579988559549,I,0.004358970984843126,P,0.0011525551223479807,H,0.0018722051955886805,E,0.0013750963435873074,E,0.0011163547972933034,E,0.0011157524923543502,V,0.0011184933314759427,E,0.0012566071354693181,E,0.0012240807854380516,-,,F,0.0022781443719744926,I,0.0025953052852210595,-,,K,0.0007730997907467316,I,0.0017256018686726154,N,0.0025740177293203537,N,0.0015949639995499916,E,0.00033453285094797107,0.0018081265655154658,0.29601479073473635
135,-,D,0.00019300778392845804,N,0.0033783690955009847,N,0.005564458791023401,K,0.0032973731480049067,K,0.002714611669688194,E,0.0013894430197462406,I,0.001358901057299164,I,0.0013882288255034124,E,0.0013062369567526607,V,0.002822611909046469,P,0.006311474034096349,S,0.0007281557153496483,G,0.0004300192863995389,K,0.002777536169334789,K,0.002777536169334789,N,0.0046771337184374345,-,,-,,G,0.0004460942097423809,N,0.003592343346306426,M,0.003849807309077239,R,0.005880882165297383,V,0.004416132294984521,A,0.0014691667311000035,K,0.0018607517727216925,K,0.002713485864668744,G,0.0013712971083922334,0.0026686023260694826,0.4368863187851502
136,-,E,0.0008983595850853585,N,0.0010868036832246662,Y,0.0002593007812201917,R,0.00010937832026121182,R,0.00010937832026121182,R,0.0004879825248399768,T,0.00020457337319225498,T,0.0002183800335571744,D,0.001759246881845551,T,0.0010541655246792203,D,0.0003798149684911763,D,0.0005656727235583542,M,0.0008269568722686145,R,0.00011527214956102432,R,0.00016945821025898222,S,0.0004357773354516556,E,0.0014694300725912502,E,0.0014444303308928954,G,0.000752930148835813,G,0.0003780944970991599,L,0.0008513979901600463,K,0.0008099468530152921,G,0.0004889848399986729,A,6.946683465148339e-05,I,0.0010689118680075416,F,0.0009486883613910877,N,0.0004495916005077304,0.0006449035068484295,0.10557943247153878
137,N,D,0.00188766234316649,D,0.0009040799076306927,N,0.0001758647024366478,D,0.0011253900765012426,D,0.001117916781722772,D,0.0012879726620187804,H,0.0009668384870510102,D,0.0014571958325374245,N,0.00020229142130013443,D,0.0010894510923498905,S,0.0013894430197462406,D,0.0015909094564736414,D,0.0010503031694566879,D,0.001117916781722772,D,0.001117916781722772,D,0.0013276560332568016,D,0.001218460067301146,D,0.0011663327697233423,D,0.0016710911174251254,D,0.0011270619427520567,D,0.0010187062752252687,D,0.0010734740293176172,D,0.0012715373081224354,E,0.0005441293966096435,N,0.000638012373311107,D,0.0012679171601757367,D,0.000984132786330097,0.0011033208805699098,0.18062856096694704
138,L,L,0.00036880366757771903,L,5.7610749499725445e-05,L,5.354809358276974e-05,L,9.77025934578808e-05,L,0.0003683674129559355,L,3.2315133698921615e-05,L,0.0005309326043390187,L,0.0005309326043390187,L,0.00011391810076507593,L,0.0003701258406954667,L,0.00036880366757771903,L,9.767310916294517e-05,L,4.7879916557280695e-05,L,0.0003683674129559355,L,0.0003683674129559355,L,5.14319796900356e-05,L,5.165409768316721e-05,L,5.165409768316721e-05,L,5.052068921126966e-05,L,3.1430843965823445e-05,T,0.00022519812210694868,L,2.5384026224113978e-05,L,4.9522382485232585e-05,L,0.00036880366757771903,L,0.0003683674129559355,L,0.00036880366757771903,L,5.127001822794879e-05,0.00020256997501890474,0.033163446579452936
139,Y,L,0.003661556752357906,Y,0.00032834327697963805,Y,0.00043155469019753634,Y,2.9962000266320273e-05,Y,2.773692655905769e-05,Y,0.0001285912357349086,N,0.0003509050944894212,N,0.0003509050944894212,H,0.0038092026238947525,N,4.965304912268092e-07,Y,0.0002130395309853033,F,0.001751904720255164,Y,0.00014528272573585108,Y,2.662336258145838e-05,Y,2.662336258145838e-05,Y,0.0005022663304216492,F,0.003569457347963372,F,0.003534460419755307,L,0.002454223376552023,H,0.0031808415241145666,M,0.0010702620132306455,H,0.001963943185336604,H,0.0007760381355097458,Y,8.092506665759747e-05,N,0.0001363387206649225,N,0.00016022358099762672,Y,0.00017329361928104467,0.0010698148610401676,0.1751431720851001
140,A,T,0.0013110973433245548,L,0.0035843200031071927,S,0.0028096219940816508,F,0.00036173274643507003,F,0.0003624204965951437,F,0.00085217138552159,S,0.001347686938612382,S,0.001347686938612382,A,0.0003416868896743093,S,0.0008585669583100992,T,0.002572003146201695,D,0.0010564961555149502,F,0.0006013516652706289,F,0.00036173274643507003,F,0.00036173274643507003,F,0.0005831647442617602,T,0.001373656369448378,T,0.0013845283054668943,D,0.00032279137763484,E,0.0003559565414428951,T,0.0012227347374801725,A,0.0003687735450721454,F,0.00036631165067332406,R,0.00040988615678199574,L,0.0028057650704522083,L,0.002728247386234726,F,0.0013894430197462406,0.001164502483660273,0.1906448174508766
141,T,A,0.007374237837779997,T,0.0013883827558976395,T,0.0013894430197462406,T,0.00039104578869894667,T,0.00039584869644734095,T,0.0008490913288815851,T,0.0011927890195787068,T,0.0013894430197462406,L,0.007374237837779997,T,0.0013894430197462406,T,0.0009514972295624477,A,0.007374237837779997,T,0.0008048985362470567,T,0.00041966744391336427,T,0.00041966744391336427,V,4.099448220765283e-05,A,0.007374237837779997,A,0.007374237837779997,A,0.007374237837779997,I,0.007374237837779997,C,0.007374237837779997,V,0.0013894430197462406,T,8.254535700679745e-06,D,0.007374237837779997,K,0.007374237837779997,K,0.007374237837779997,T,0.00047581204139095874,0.00348193842951869,0.5700404469591847
142,A,S,0.0009051498432510013,A,0.00011462110908456915,A,0.00011278458650293573,A,5.520469528490042e-05,A,5.520469528490042e-05,A,0.0001567148690729794,A,0.0001602512597679871,A,0.0001602512597679871,S,0.002428914012341455,A,0.00014561786832494297,A,0.00010568225704499042,T,0.0021514628448844448,A,7.282906150899816e-05,A,5.520469528490042e-05,A,5.520469528490042e-05,A,5.775557104822565e-05,A,9.253648493708845e-05,A,5.482316342230985e-05,T,0.0006613412105997517,A,0.00012276219219200987,A,0.00011025073698771666,S,0.0024753636134876326,S,0.0008231630159732327,S,0.004190400896040887,A,5.9680928482401896e-05,A,5.9680928482401896e-05,A,0.00010423266980671935,0.0005758181171908248,0.09426921915331704
143,L,L,0.0,L,0.0,L,0.0,L,0.0,L,0.0,L,0.0,L,0.0,L,0.0,L,0.0,L,0.0,L,0.0,L,0.0,L,0.0,L,0.0,L,0.0,L,0.0,L,0.0,L,0.0,L,0.0,L,0.0,M,0.0,T,0.0,L,0.0,L,0.0,L,0.0,L,0.0,L,0.0,0.0,0.0
144,K,R,0.00020617065582129146,G,0.0007029988485282675,Q,0.00011018225054647828,G,0.0002082880414957701,G,0.00013962427211725928,G,4.373555734051375e-05,G,0.0005896290592989728,G,0.0006305630414141213,K,0.0005883465709490167,G,0.0013655645459819707,K,5.533293056479687e-05,A,0.0011417716916969503,G,1.0212789937127608e-05,G,0.00033680836379012765,G,0.00033680836379012765,G,0.0005719340874381625,R,0.0002508704086010645,R,0.00017936918321632945,A,0.0029821567199636387,R,0.0005165535740880493,A,0.0016732879316301436,R,0.0013894430197462406,G,5.0550397248249515e-05,A,0.003308397066699446,G,0.0001822332662273859,G,0.00018705078688819617,G,0.00027654163813155535,0.0006679416690056019,0.10935109142502812
145,F,F,0.00010634791976860128,F,2.6916423690772894e-05,F,8.28483491509391e-05,F,3.753169746128349e-05,F,7.623238129388392e-05,F,3.5271012718539385e-05,L,0.0018026760065520718,L,0.0018026760065520718,F,1.3427297160121392e-05,F,3.9787431141747036e-05,F,7.610340137301077e-05,F,2.034150407454557e-05,F,3.5271012718539385e-05,F,7.623238129388392e-05,F,7.623238129388392e-05,F,7.623238129388392e-05,F,8.290937680216623e-05,F,7.454543810476529e-05,F,2.1863619386343908e-05,F,2.2120496942633e-05,F,1.3111627427956675e-05,F,7.733315650345294e-05,F,7.623238129388392e-05,F,2.1993272868687285e-05,F,8.886325544028132e-06,F,3.3934439643676e-05,F,3.39195866897138e-05,0.00017966582624981804,0.02941372743138787
146,R,R,0.00014980742021082386,R,0.00011358050202183864,R,3.800068615437579e-05,R,0.00012802253276104924,K,0.00012770713024732845,R,0.00010491447868007894,R,0.00011526957566468775,R,0.00011526957566468775,R,4.8551926520704976e-05,R,0.0001246578075573044,R,2.5231287042447167e-05,R,0.00011777432369635451,R,4.094697175760003e-05,R,0.00012770713024732845,R,0.00012770713024732845,R,9.849533283735959e-05,R,0.00012554971594933798,R,0.0001266939976838551,R,0.00012756523105276007,R,0.0001354323646293674,R,0.00011521702675056198,R,0.00014086020551474455,R,9.872032585425606e-05,W,0.00011751146066092913,R,0.00010731927972333402,R,0.00010920262322732981,R,0.00011680909827462246,0.00010831574594934802,0.017732753603635316
147,L,L,4.326329789105273e-06,I,4.292246945354382e-06,L,1.4160873051828159e-05,L,1.789909100141723e-05,L,1.789909100141723e-05,L,4.1081329376974055e-06,T,3.620509531919045e-05,T,3.620509531919045e-05,I,2.4443862454836636e-05,T,0.0008062371249982023,L,1.2557762301335892e-05,L,3.973118095524048e-06,L,1.8926537400671423e-05,I,1.789909100141723e-05,L,1.789909100141723e-05,L,1.6037073510180753e-05,L,5.7470594848443195e-06,L,4.290886475382418e-05,L,6.058570201531579e-07,L,7.468185528413817e-06,I,0.00026292471353814024,L,4.537655100390058e-06,L,2.4762991304666972e-05,L,0.0002651155225133598,L,1.6037073510180753e-05,L,1.6037073510180753e-05,L,7.977119685750865e-07,6.296341942079687e-05,0.010307963933087404
148,L,L,0.00016138581141609295,L,4.10399800168839e-06,L,4.483369462659157e-06,L,4.668406585503951e-06,L,4.668406585503951e-06,L,2.4609495181572693e-06,L,0.00010839566289278012,L,0.00010839566289278012,L,0.00016170190088553595,L,1.0964107377870974e-05,L,5.2647516387811356e-06,L,8.006526275068137e-06,F,5.095137785973266e-05,L,4.668406585503951e-06,L,4.668406585503951e-06,F,6.647333787048124e-05,L,0.00016309586512655276,L,0.00016212426622707466,M,0.0018720548708277428,L,2.540536486809524e-05,L,3.4350739660792096e-06,L,6.757350003127445e-06,L,6.730513845767814e-06,L,4.396320171354173e-06,L,1.6585268708377043e-06,L,1.6585268708377043e-06,L,4.689311808479837e-06,0.00010975063233405901,0.017967663925179792
149,R,R,0.0,R,0.0,R,0.0,R,0.0,R,0.0,R,0.0,R,0.0,R,0.0,R,0.0,R,0.0,R,0.0,R,0.0,R,0.0,R,0.0,R,0.0,R,0.0,R,0.0,R,0.0,R,0.0,R,0.0,R,0.0,R,0.0,R,0.0,R,0.0,R,0.0,R,0.0,R,0.0,0.0,0.0
150,Q,H,0.00013430759611705108,Q,0.0009356565477536033,Q,0.00025656047316539345,Q,0.0006586699608158788,Q,0.0006586699608158788,Q,0.00015498216479049688,L,0.00011151595117745382,L,0.00011281742972919209,Q,0.000366703436551831,L,0.00010958784043872781,Q,0.0004094605334908447,E,0.00024021364841922562,Q,0.0008862791093606717,Q,0.0006586699608158788,Q,0.0006586699608158788,Q,0.00016166630562965758,H,0.0011357933149392767,H,9.178002793788157e-05,E,0.00042693180019559026,Q,0.00120647269599663,L,1.8876979400925134e-05,Q,0.002223190899758834,Q,0.000527710581593672,V,0.0003548489172649379,Q,0.0008478852128601133,Q,0.0010927621817752534,Q,0.0006778372698621337,0.0005599452133878857,0.0916706099700931
151,H,N,0.0017993886109022295,H,0.001468772305730469,H,0.0009552757800821741,H,0.0007764010043675714,H,0.0007809197108152537,H,0.00025432807843910103,H,0.0003186834873770114,H,0.0003186834873770114,S,5.141608527773982e-05,H,0.0003186834873770114,H,0.0021067535066459594,A,0.0006932358782949619,H,0.0009610602312209334,H,0.0007749506938880322,H,0.0007749506938880322,H,0.0006764068429522953,N,0.001138889646716301,N,0.0019129367620317002,A,0.0007017471255337223,E,0.0009563104112086693,N,6.294487121924887e-05,H,0.0016046257229542502,H,0.0003709744387494782,N,0.0001128691166293343,H,0.0018614659408121895,H,0.001856357846438275,H,0.0006342417786556072,0.0008978990202068355,0.14699822215801506
152,G,G,0.00022068219593020304,G,2.3339440689396607e-05,G,3.7733738383395665e-05,G,0.00022068219593020304,G,0.00022068219593020304,G,0.0014018437042973724,G,3.7733738383395665e-05,G,3.7733738383395665e-05,G,9.692049356144576e-05,G,3.7733738383395665e-05,G,3.7733738383395665e-05,G,2.3339440689396607e-05,G,0.0014018437042973724,G,0.00022068219593020304,G,0.00022068219593020304,G,3.7733738383395665e-05,G,0.00022068219593020304,G,0.00022068219593020304,G,0.00022068219593020304,G,2.3339440689396607e-05,G,0.00022068219593020304,G,3.7733738383395665e-05,G,0.00022068219593020304,N,6.538731731265275e-05,G,0.00022068219593020304,G,0.00022068219593020304,G,9.692049356144576e-05,0.0002238983909238773,0.03665519693101862
153,Y,H,5.181901488840371e-06,F,0.0002279252114902329,Y,2.554307176494104e-05,F,0.0008615750172633594,F,0.0008615750172633594,F,0.00013906694905648788,Y,6.6982265214262495e-06,Y,6.6982265214262495e-06,Y,0.00098004922028051,Y,0.0002090393814178614,F,0.0005639913313685822,H,1.2657825240923497e-05,F,0.00013506279871342377,F,0.0008615750172633594,F,0.0008615750172633594,F,0.00016853161234480141,I,5.181901488840371e-06,I,5.181901488840371e-06,H,0.00019387827521101544,H,5.0437793802969325e-06,Y,0.00012729024775425346,Y,0.0002621255831243913,F,8.887137504617648e-07,H,2.3994903815006304e-05,Y,0.00037912546634723916,Y,0.00037912546634723916,F,0.00022216234839640497,0.00027891645971729194,0.04566239943062298
154,S,R,0.0013894430197462406,N,0.00047060423210322125,L,0.0009348087129720058,N,0.0002889035481125956,D,0.0005008600646500555,Q,0.00044050100211350126,P,0.0012919673725586014,P,0.0012985641714575117,R,0.0006998715150171266,T,0.0016493149164974884,H,0.0005695511923683503,D,0.002995236810886221,K,0.000959746404280043,D,0.0005008600646500555,D,0.0005008600646500555,K,0.00021376105939911445,Q,0.0004342348699205166,E,0.0010513548455806723,H,0.0010445530145316683,Y,0.0003156208505088154,N,0.0002645487879365148,K,0.00029975574739438436,N,0.0006677126983934324,W,0.0009558470607854686,H,0.0018782912608152832,H,0.001973143595098161,E,8.137839334566225e-05,0.0008767146398434357,0.1435300523740436
155,V,I,0.0006901895215942764,V,0.0006642102684175743,V,1.4996580317067248e-05,V,0.0005254059828622055,V,0.00044957748434757214,V,0.00270143381353463,V,0.00010995665591846757,V,0.00011834207542184752,V,0.0008393257723974509,V,6.210237736527614e-05,I,0.0007633805925546427,V,0.00033567862256406135,V,0.0023555779322702274,V,0.00044957748434757214,V,0.00044957748434757214,V,0.00030185481703875745,V,0.00034267670989506893,I,0.000255767526026824,V,0.00022393560652354477,V,0.0004794703726298603,V,0.0009092389192419611,V,0.0005084226513425735,V,0.0007868566538754073,V,0.00020794437106538456,V,0.00047173363628708113,V,0.00048075263889314166,V,0.0001994073299063331,0.0005813849585550511,0.0951805864286577
156,S,N,0.001338087098378222,S,6.867986744092074e-05,T,9.638056831763069e-05,S,1.9193086540736427e-05,S,2.126027842958146e-05,S,0.0003238462069805713,S,0.0003703835689195358,S,0.0003703835689195358,S,0.00025237399904629336,-,,S,0.000306012356290338,S,7.475348905660012e-05,S,3.6593837412057686e-05,S,2.126027842958146e-05,S,2.126027842958146e-05,S,6.856220844504439e-05,-,,-,,S,0.0001411869419151615,Q,0.0004265309107708181,-,,S,5.240481297197516e-05,S,1.09219748547328e-05,S,0.00019926253960743837,P,6.399807559668922e-05,P,4.519925674659168e-05,S,0.00029638748077562055,0.00020108359496848947,0.03292010604789533
157,Q,P,0.001154947901135635,-,,-,,-,,-,,-,,-,,-,,Q,0.0027887653368212435,S,0.006397786560777025,-,,A,0.00086468155318511,-,,-,,-,,-,,T,0.0032370383453649994,S,0.0029606403550028783,A,0.0002264351951573581,-,,S,0.001110082827285869,-,,-,,-,,-,,-,,-,,0.002342547259341265,0.383506691392729
158,-,-,,E,0.0007167143417711064,Q,0.00016938415896868022,Q,0.001364986052082419,Q,0.001457613514286656,Q,0.0007093391310287279,S,0.0023576382672941673,S,0.0022961047475033723,-,,P,0.0024707166094378847,Q,0.0019519736377672505,K,0.003601244760404879,Q,0.0017965043871853658,Q,0.001457613514286656,Q,0.001457613514286656,Q,0.0016075788497449696,P,0.0020345434939484774,P,0.002054971212269736,D,0.00047446271974682224,E,0.0013894430197462406,S,0.0010893297825437104,T,0.0004259755539465445,Q,0.000835842114963186,P,0.0037262881869906724,Q,0.0009872709422780663,Q,0.001038913396051906,Q,0.0007495669460551821,0.0015288653141835732,0.25029594425024576
159,-,-,,-,,-,,-,,-,,-,,-,,-,,-,,-,,-,,D,0.0,-,,-,,-,,-,,-,,-,,-,,-,,-,,-,,-,,-,,-,,-,,-,,0.0,0.0
160,E,N,0.003240215920949429,D,0.0001019156398460873,E,0.0002831868569742907,E,0.0004052978706290771,E,0.0012771830517503476,E,0.0004502223253798275,D,0.0018635071715884708,D,0.0018635071715884708,D,0.0006211038333121836,E,0.0009055635929834754,D,4.984407791732902e-07,D,9.803399152890328e-05,E,0.0002237261497819208,E,0.0013309871839608364,E,0.0013309871839608364,E,0.0004413130725584755,E,0.00036628961885359435,E,7.604050077719731e-05,E,0.00020319791398343322,I,0.0012213673128954803,D,1.252654069595712e-05,D,0.0011573497825124023,G,0.000371193547661958,S,0.0024461690267902087,E,0.001639019486370808,E,0.0016332864023724592,E,0.0002662307608400788,0.0008825896426416805,0.144491869846922
161,V,I,1.4179927101894306e-05,V,1.1873294778058808e-05,V,0.00021753973210666,V,2.299603520908132e-05,V,2.299603520908132e-05,V,0.00021025927242161814,V,0.00042570929007507385,V,0.00042570929007507385,F,0.00028230220106798074,V,2.2651496931216076e-05,I,0.0012947674698192868,V,1.5384092667501463e-05,V,1.2725632434550524e-05,V,2.299603520908132e-05,V,2.299603520908132e-05,V,2.160159620185461e-05,I,2.8717589120509482e-05,I,2.8717589120509482e-05,V,1.916356518139206e-05,I,8.952257138239021e-05,E,0.00010818712099043211,V,2.132772604890071e-05,V,2.299603520908132e-05,I,0.00023793729897092543,I,0.0001124107129368757,I,0.00019704888050609066,V,2.641339527692357e-05,0.00014589370078744903,0.023884773406778182
162,F,F,0.0007348907805193531,F,0.0003669809398592101,F,0.00035911441727392993,F,0.00032111832204102667,F,0.00042574378537501634,F,0.0012130239402943924,L,0.0017791721323036046,L,0.001755527817260833,Q,0.0035313325307407073,L,0.0005812561373137039,L,0.002050026578826571,L,0.0009653019766647981,F,0.0001672846050684127,F,0.00032111832204102667,F,0.00032111832204102667,F,0.00038062374227684824,F,0.0004121623035255934,F,0.0003334367715916693,L,0.0016504540240150315,F,0.0013894430197462406,L,0.002003488851219469,F,0.0007682901599310753,F,0.0003467233392300454,F,0.0001579218280723558,F,0.0005714107134536241,F,0.0005714107134536241,F,0.00045363451088171493,0.0008863707624081814,0.14511089032799362
163,N,Q,0.0027023078894086094,D,0.0028132478739182815,N,0.001034335119989242,D,0.0012154809688317322,D,0.0012073239432745634,D,0.0008493181334896853,E,0.00033089102375620386,E,0.000367705861801273,R,0.002514378661709015,K,0.0004549470325085897,N,0.001165249012835953,R,0.0013011409277312932,D,0.0008197334255051993,D,0.0011936670295656082,D,0.0011936670295656082,D,0.0017214336543942348,L,0.0008186687311161554,L,0.0007001553732145402,G,0.0001894848485977945,K,0.0009462453407976227,Y,0.001289119930679229,N,0.0011891806485922621,D,0.0008346227064725881,C,0.00012261820257930507,L,0.00042045994197213883,L,0.0003839180210141609,D,0.0007182047166292198,0.0010554631870351892,0.1727936088087784
164,S,K,2.3573691420852077e-05,C,0.0031811129236608646,A,0.0028167218686322914,C,0.005741087765469024,C,0.005294552506323049,C,0.002980089284833611,Q,0.00488730887503479,Q,0.003855059798550532,K,9.872931941067962e-05,A,0.004256586131697317,D,0.00024121247439060143,R,0.0002714171610314637,R,0.0006992268554269989,C,0.005740993041975928,C,0.005740993041975928,C,0.003747783531488851,K,0.0010590519016724015,K,0.001107132766114937,R,0.0009581952586644253,N,0.00021137273624377616,H,0.0005504383685166791,D,0.0005513229857811948,C,0.003376908329916638,W,0.0014154228843257875,N,0.0006407751271834911,N,0.0008700868704467283,R,0.0014080908105944233,0.0022861202337327133,0.3742688235930613
165,F,F,2.0213998727710238e-05,F,3.2053372751409925e-05,F,3.9727425557366684e-05,F,2.5036513779099094e-05,F,2.5036513779099094e-05,F,2.83783390201139e-05,F,2.979955843960809e-05,F,2.979955843960809e-05,F,4.9307989669340925e-05,F,3.0171087143645117e-05,F,2.331725036613043e-05,F,0.00011689452872352856,F,2.5036513779099094e-05,F,2.5036513779099094e-05,F,2.5036513779099094e-05,F,2.5200520719752608e-05,F,5.540512106627283e-05,F,2.6962840612512917e-05,F,3.909766915292988e-05,I,9.585659520719708e-06,V,0.003425338019322465,F,6.831336140347832e-05,F,2.83783390201139e-05,F,6.176794206651087e-05,F,2.5036513779099094e-05,F,3.160325839028618e-05,F,3.9727425557366684e-05,0.00016152823512390616,0.026444358282144486
166,K,M,0.001519208355757539,K,0.0011408200564805714,K,0.002807967669753196,K,0.0007000809540149561,K,0.0010108910614051564,K,0.001771903001088792,K,0.0009939965582474353,K,0.0009898293494034986,K,0.001140206195586598,Q,0.0032807673240783635,K,0.002255504294189622,I,0.0010450865500597753,K,0.0011800330527814895,K,0.0010014391981899948,K,0.0010014391981899948,K,0.0011109607881375852,K,0.0005983653917167157,K,0.000689539957168126,T,0.0013894430197462406,L,0.0031651435161376925,V,0.0007436165618404699,K,0.0007701720815478139,K,0.003193850030555031,L,0.0017360407943463113,K,0.001085088762154776,K,0.0013502453132900774,T,0.0010424042862636595,0.00143385345637524,0.2347412171958184
167,-,-,,-,,-,,-,,-,,-,,-,,-,,-,,-,,-,,-,,-,,-,,-,,-,,-,,-,,-,,-,,-,,-,,-,,-,,-,,-,,-,,,
168,D,D,3.172374617539798e-05,T,0.0030495575859202117,-,,N,0.00010491006131812293,N,9.098184170012097e-05,N,0.00022218700049156368,D,0.0009976431252355254,D,0.0009963921318513489,E,5.617979533747099e-05,D,0.00013747486120285947,D,4.4420622181834575e-05,D,0.0010085890072126212,N,0.00018447618230227138,N,9.098184170012097e-05,N,9.098184170012097e-05,N,0.0006283436707563209,-,,-,,D,0.0011204285236400702,-,,E,0.00019108158494095037,-,,N,0.0002253507016769044,D,0.0018803141271293202,-,,-,,N,0.0004183089343160759,0.0005785163593394617,0.09471095791221452
169,-,-,,-,,-,,-,,-,,-,,-,,-,,-,,-,,-,,-,,-,,-,,-,,-,,-,,-,,-,,-,,-,,-,,-,,-,,-,,-,,-,,,
170,-,-,,E,0.0003691653252170529,D,0.007209633191118446,D,0.007374237837779997,D,0.007374237837779997,E,0.0005674838137838258,-,,-,,-,,-,,-,,G,0.0008833722289125195,E,0.0005859562000137661,D,0.007374237837779997,D,0.007374237837779997,E,0.0009580607613960538,D,0.005805974964152491,D,0.00516257202423684,-,,D,0.007374237837779997,-,,D,0.007374237837779997,E,0.0013894430197462406,-,,D,0.006030397373101895,D,0.006086459673156057,E,0.0008638564945000524,0.0044532112275564,0.7290509496202692
171,E,K,0.00021292798233921758,K,0.00012441508786884307,E,0.0007136370961297015,K,0.0011271845024340347,N,0.0007416349412412131,E,0.0007558439801205188,Q,0.0014564048067965587,Q,0.0014290715470091262,-,,Q,7.704971322197268e-05,E,0.0006030607639974871,A,0.0002052353927944201,N,0.00011201276196526707,S,0.0011430512994972468,N,0.0011579449965530612,E,0.0022658900271129386,E,0.0012856165928105151,E,0.0010512165197319899,D,0.0011432655921504765,K,0.00022846140193500325,A,0.0031584082453103243,E,0.0015915010203815414,H,0.002811643579000943,D,0.0005185073627887154,K,0.0018847810354251453,K,0.0019045719612945612,E,0.0026383874592540014,0.001166989448814032,0.1910519673061992
172,R,Q,0.000580556750523502,C,0.00014879592429801257,T,0.0009095682343598915,G,3.929848668722614e-05,G,3.929848668722614e-05,G,0.0004953936306352113,N,0.0010975860860811739,N,0.0010642805563138727,-,,N,0.0016840655620611112,N,0.00013773170371994813,S,0.00012870921389079878,G,0.00010637217407544768,G,3.929848668722614e-05,G,3.929848668722614e-05,G,1.7807490936210054e-06,R,0.0011987015481483355,R,0.0012035750489010008,N,6.096481812499846e-05,K,4.444230122210216e-05,S,0.0006896225216691988,K,9.492042598555031e-05,G,0.00014614024904688566,D,0.00012923183830555534,N,0.0017059216468648972,N,0.0006236478609787982,G,7.064677821920314e-05,0.0004799942142026162,0.07858154931237656
173,G,G,0.0006208812204041658,S,0.0017454176129462848,G,0.0005784839758623918,S,0.00158870446963796,S,0.0014408091297870716,S,0.0005428798403821985,G,0.0013840218683403523,G,0.001060670687916537,-,,G,0.00016057233900303665,G,0.0004461509273908606,G,0.0006951753930679225,T,0.0016384616859500842,S,0.0016328970792839242,S,0.0016274754457778545,S,0.0012217950700682905,G,0.0006934715168724652,G,0.0006956715301243675,G,0.0006878782040099364,G,0.0005628954802288735,G,9.461694089680145e-06,G,9.28078443924092e-05,S,9.633750963779736e-05,E,0.0007990674288863011,Q,0.00012374479598459853,Q,0.00016535578702036048,T,0.0003426740324172528,0.0007943754834416532,0.1300500180576406
174,S,K,0.0007462125227098553,D,3.274498553922214e-05,K,0.002733880483067296,D,0.0012974421604680815,D,0.0014480140435645015,D,0.00019445901312363108,Q,0.0005782245786583038,Q,0.0005782245786583038,-,,Q,0.00016651600940772125,N,0.001693804122713363,D,0.00028664773405621887,Y,0.00022537308596191747,D,0.0014746220875261693,D,0.0014746220875261693,D,0.0005182273018883281,E,0.00031553218008032103,K,0.0006062602682639644,E,0.0010270183517136471,G,0.0034187352936006937,L,0.0006061830115808805,C,0.0024203721291230426,D,0.00045804376464288676,I,0.001249989064999246,N,0.0019336647665201497,N,0.002057504127007956,D,0.0019177519611144785,0.0011330796043660136,0.18550046681969093
175,F,F,0.0003205358615941768,F,9.038397665321906e-06,F,1.9257472088811462e-05,F,2.3963414692105627e-05,F,2.674738451695887e-05,F,2.611415327123491e-05,F,0.00035288982377043864,F,0.00035288982377043864,S,0.0002768364244938891,F,0.0004701989921438833,L,0.00014269734139182825,F,2.3692468492372232e-05,F,2.5998521976042143e-05,F,2.3963414692105627e-05,F,2.3963414692105627e-05,F,1.8085979381063665e-05,F,0.00015719234223218195,F,2.8560478243584563e-05,F,8.111900574520289e-06,F,3.2594633964844746e-06,H,1.2548158502254545e-05,F,2.177046774511693e-05,F,1.2258673868953887e-05,-,,L,0.00017330964578200986,L,0.0015024445768516575,F,0.00017242349918272827,0.0001626443113466257,0.026627075065257598
176,-,-,,-,,-,,-,,-,,-,,-,,-,,-,,-,,-,,-,,-,,-,,-,,-,,-,,-,,-,,-,,-,,-,,-,,-,,-,,-,,-,,,
177,K,I,2.1013161043386753e-05,N,0.0010274205866416025,K,0.0003168203269228526,K,6.789596630905788e-05,K,0.00026320587649289023,K,0.00021598128762813517,A,0.00023913457387483148,A,0.00023913457387483148,R,0.0019172416129984728,V,0.0005520985168346129,K,0.00043040054600518415,K,0.0009244351753366466,K,0.00036406593162347607,K,0.00026320587649289023,K,0.00026320587649289023,S,0.0007280758856034987,D,0.0011440572447307623,D,0.0011048416353671006,R,0.0009543841325636602,K,0.0005517794243485727,N,0.003617850517526062,K,0.00030612737417969006,E,0.0007898041167795688,R,0.000242853312554344,N,0.002324295280871164,N,0.003446438878512507,N,0.0023401436644127365,0.0009131819020748678,0.14950023676488502
178,A,D,0.000802353508516266,A,0.0005945787969065338,T,0.0005072238491188075,A,0.0005941920255551985,A,0.0005941920255551987,A,0.0003906417559741801,C,0.00040456736953275004,C,0.00041723862386247606,G,8.108309271443044e-05,C,0.001219480655839168,Q,0.0015978187177200604,L,0.0002577347605769004,-,,A,0.0005941920255551987,A,0.0005941920255551987,A,0.0018198372292760018,E,0.00018798232300860722,E,0.0002529566516029793,L,0.0005593732122935977,D,0.00011093830158363593,S,0.0013192104503163115,P,4.768766896227781e-05,K,0.0013288867523598787,D,7.736524533477591e-05,S,0.002544499013139127,S,0.002564054329990911,P,0.0024040227827115844,0.0008410116612908483,0.13768499156557193
179,C,S,0.0005966501691841723,-,,Y,0.0001613602222036939,S,0.0010632963298676105,S,0.0011325102929112022,S,0.002711622354957931,S,0.0027184759928808658,S,0.0028401214676100736,G,0.00037448158364517176,-,,S,0.000956915436702451,S,0.001407337835587285,-,,S,0.0010509010189638178,S,0.0010509010189638178,-,,-,,-,,D,0.0004673172081057011,-,,-,,S,0.0007123423381129588,T,0.0007756623662089909,H,0.00031540846639253325,-,,-,,-,,0.0011459565063936421,0.1876085899631245
180,L,L,0.0029124703671104995,N,0.0004903822447092585,L,0.0008661968305336618,-,,-,,L,0.0017261998590084918,A,0.007374237837779997,A,0.007374237837779997,L,0.0021331842491615566,-,,I,0.0020394413039225194,L,0.0010141143040898561,-,,-,,-,,N,0.0026533153908386265,-,,-,,Y,0.0003676187309985435,V,0.0026203041491464065,-,,L,0.0008918722269266444,L,0.0010712013879797528,I,0.003330300964121688,Y,0.0017000946166480248,Y,0.0031027031653225994,S,0.0013375096566031449,0.0023891880623711816,0.3911424221053436
181,C,K,0.001398705780459635,L,0.0002631387042115285,-,,L,0.0003674901423107757,L,0.0003674901423107757,-,,I,0.001970500146249071,I,0.001970500146249071,T,0.00040266643108473294,S,0.0011067590431496652,C,0.00015623792813884127,S,0.0001462459234322231,-,,L,0.0003674901423107757,L,0.0003674901423107757,L,9.313448350138065e-05,-,,-,,R,0.00022820824323508673,V,0.0011880950465759695,L,0.00025771883593559233,-,,I,0.0005578762784101017,E,0.00012136123851152008,L,9.096819266282306e-08,L,9.096819266282306e-08,L,0.000823138629101651,0.0005787823506606904,0.09475450429154021
182,E,E,0.0014784266089495452,A,0.0013894430197462406,S,0.0028359962481710643,S,0.004723951188345071,S,0.004542938019983453,G,0.0010734144535434471,Q,0.0016113201918331527,Q,0.0016113201918331527,G,0.0007280916697218388,P,0.0037535106850684094,K,0.002023587411884004,-,,H,0.0008653737206857714,S,0.0045833723802718935,S,0.0045833723802718935,A,3.5150550382444434e-05,-,,-,,K,0.0010110887971054917,K,0.002489274749229236,G,0.00170837320347448,S,0.00553760741790513,G,0.0005068251844020253,T,0.0037937833318935957,L,0.002785874644089274,L,0.0037412990136567437,I,0.001710788217463204,0.00246350763666294,0.4033095422898744
183,-,-,,-,,-,,-,,-,,-,,-,,-,,-,,G,0.0016298653403796653,D,1.2210183496794718e-05,-,,-,,-,,-,,-,,-,,-,,-,,-,,-,,-,,-,,-,,-,,-,,-,,0.00082103776193823,0.13441499390623415
184,-,-,,-,,-,,-,,-,,-,,-,,-,,-,,-,,T,0.0,-,,-,,-,,-,,-,,-,,-,,-,,-,,-,,-,,-,,-,,-,,-,,-,,0.0,0.0
185,-,-,,-,,-,,-,,-,,-,,-,,-,,-,,-,,K,0.001835035482264553,-,,-,,-,,-,,-,,-,,-,,-,,-,,-,,-,,-,,-,,-,,-,,-,,0.001835035482264553,0.3004201446033737
186,-,-,,-,,-,,-,,-,,-,,-,,-,,-,,-,,D,0.0011248128568489793,-,,-,,-,,-,,-,,-,,-,,-,,-,,-,,-,,-,,-,,-,,-,,-,,0.0011248128568489793,0.1841470883654486
187,-,-,,-,,-,,-,,-,,-,,-,,-,,-,,-,,I,0.0,-,,-,,-,,-,,-,,-,,-,,-,,-,,-,,-,,-,,-,,-,,-,,-,,0.0,0.0
188,-,-,,-,,-,,-,,-,,-,,-,,-,,-,,-,,L,0.0007927888713254561,-,,-,,-,,-,,-,,-,,-,,-,,-,,-,,-,,-,,-,,-,,-,,-,,0.0007927888713254561,0.12979026818033076
189,-,-,,-,,-,,-,,-,,-,,-,,-,,-,,-,,N,0.0,-,,-,,-,,-,,-,,-,,-,,-,,-,,-,,-,,-,,-,,-,,-,,-,,0.0,0.0
190,-,-,,-,,-,,-,,-,,-,,-,,-,,-,,-,,S,0.0,-,,-,,-,,-,,-,,-,,-,,-,,-,,-,,-,,-,,-,,-,,-,,-,,0.0,0.0
191,-,-,,-,,-,,-,,-,,-,,-,,-,,-,,-,,S,0.0,-,,-,,-,,-,,-,,-,,-,,-,,-,,-,,-,,-,,-,,-,,-,,-,,0.0,0.0
192,-,-,,-,,-,,-,,-,,-,,-,,-,,-,,-,,K,0.0,-,,-,,-,,-,,-,,-,,-,,-,,-,,-,,-,,-,,-,,-,,-,,-,,0.0,0.0
193,-,-,,-,,-,,-,,-,,-,,-,,-,,-,,-,,D,0.0009231941949324338,-,,-,,-,,-,,-,,-,,-,,-,,-,,-,,-,,-,,-,,-,,-,,-,,0.0009231941949324338,0.1511393846163311
194,-,-,,-,,-,,-,,-,,-,,-,,-,,-,,-,,E,0.0,-,,-,,-,,-,,-,,-,,-,,-,,-,,-,,-,,-,,-,,-,,-,,-,,0.0,0.0
195,-,-,,-,,-,,-,,-,,-,,-,,-,,-,,-,,H,0.0,-,,-,,-,,-,,-,,-,,-,,-,,-,,-,,-,,-,,-,,-,,-,,-,,0.0,0.0
196,-,-,,-,,-,,-,,-,,-,,-,,-,,-,,-,,D,0.0,-,,-,,-,,-,,-,,-,,-,,-,,-,,-,,-,,-,,-,,-,,-,,-,,0.0,0.0
197,-,-,,-,,-,,-,,-,,-,,-,,-,,-,,-,,N,0.0,-,,-,,-,,-,,-,,-,,-,,-,,-,,-,,-,,-,,-,,-,,-,,-,,0.0,0.0
198,-,-,,-,,-,,-,,-,,-,,-,,-,,-,,-,,L,0.0,-,,-,,-,,-,,-,,-,,-,,-,,-,,-,,-,,-,,-,,-,,-,,-,,0.0,0.0
199,-,-,,-,,-,,-,,-,,-,,-,,-,,-,,-,,K,0.0,-,,-,,-,,-,,-,,-,,-,,-,,-,,-,,-,,-,,-,,-,,-,,-,,0.0,0.0
200,-,-,,-,,-,,-,,-,,-,,-,,-,,-,,-,,Q,0.0,-,,-,,-,,-,,-,,-,,-,,-,,-,,-,,-,,-,,-,,-,,-,,-,,0.0,0.0
201,-,-,,-,,-,,-,,-,,-,,-,,-,,-,,Q,0.0010725851547938908,S,0.0053730149009194985,-,,-,,-,,-,,-,,-,,-,,-,,-,,G,8.623791605913441e-05,-,,-,,N,0.0008776332215052698,-,,-,,-,,0.0018523677983194485,0.3032576793245538
202,-,-,,-,,-,,-,,-,,-,,T,0.00021910759182057292,T,0.00023073448558410923,-,,T,0.0002897047131261306,T,0.0003338659619593338,-,,-,,-,,-,,-,,-,,-,,-,,-,,Y,0.0006519799111606092,-,,-,,Y,0.0005963101645757421,-,,-,,-,,0.000386950471371083,0.06334902931696293
203,-,-,,-,,-,,-,,-,,-,,E,0.0034715196915661773,E,0.00347846337494628,-,,E,2.2430503610517482e-05,C,0.0001492940953360587,-,,-,,-,,-,,-,,-,,-,,-,,-,,L,7.510271770738014e-05,-,,-,,E,0.0020103877886331815,-,,-,,-,,0.001534533028633266,0.25122382581493685
204,-,-,,Q,0.0025125366103117635,D,0.0024750737182454847,G,0.0015506042510568833,D,0.001584318159145358,D,0.0007365500642654217,G,0.0018665573284317118,G,0.001847392410210491,-,,G,9.330133964086199e-05,N,0.0006705939070104066,N,0.0021114530992522675,D,0.001813787743236448,D,0.001584318159145358,D,0.001584318159145358,D,8.891826978578332e-05,S,0.003169059479773072,S,0.0032412214685198473,-,,N,0.001318603333528546,N,0.00250517996521661,M,0.004760435814374172,E,0.0005523268236608904,E,0.00019835165779150186,N,0.004317152895888533,E,0.00037645237445626905,D,0.0007867581993360938,0.0017393860513095474,0.28476103819564785
205,D,D,0.000559583452404304,D,0.00016409714788466297,D,0.0003023781622867334,N,6.88223804513851e-05,N,4.7115439169729674e-06,D,2.7649423647170166e-05,E,0.0012957019433150901,E,6.44409078014277e-05,G,4.769849111973841e-05,E,2.1331991333805744e-05,N,0.0009001465544477556,D,8.278177597558132e-05,D,0.000517061614213502,N,4.7115439169729674e-06,N,4.7115439169729674e-06,D,0.0008099828673909173,D,0.0002658840588207604,D,0.000782162436188308,D,0.00030615905302950426,D,0.00021863596272671127,D,0.00022393361487412918,D,0.0004792332970279728,D,4.172311592167481e-05,F,0.0004164800538162321,D,0.0007385861767541617,D,0.0007784203227368593,D,0.00025226518840718487,0.00034738128238246264,0.056871017533163655
206,T,T,0.0012349639412286679,T,3.2224132078042527e-07,I,0.0001434824196616989,T,0.0004471354408937427,T,0.0004442809231401817,T,0.00013802408314379203,I,0.001626447702621628,I,0.001603316456027149,L,0.0005656375355479105,I,0.002112548820454482,T,0.0004480642551144588,V,0.0011504857409315404,T,2.527527977908309e-05,T,3.2565833769665394e-05,T,3.2565833769665394e-05,T,0.00017999213049094286,T,0.0002864276849043408,T,3.0387592175702983e-05,I,0.0001493614753473102,V,0.00019527704828327798,T,0.00043127924726280514,I,0.0015677363316483673,T,2.4804802535483227e-05,A,8.129719444224034e-05,V,0.001048421553961542,V,0.0010316153960313454,T,7.598415175915396e-05,0.0005595444857869244,0.09160500543819666
207,K,R,0.0013014370556187129,K,0.0007581133864338647,M,8.099665582102028e-06,K,6.621620936494955e-05,K,6.621620936494955e-05,K,0.00045571831906359193,K,0.0011663987750474172,K,0.0003977727356320103,K,2.965731909710982e-05,R,0.0006789155410238325,K,2.2071016543088435e-05,R,0.00017704124752497132,K,0.0005422013947782259,K,6.621620936494955e-05,K,6.621620936494955e-05,K,0.0005966836976400487,L,9.685909455190437e-05,L,7.46466574746221e-05,R,0.0005926229494834176,K,0.0001665519464570814,R,0.00016383649939023795,K,4.372130814482393e-06,K,2.8258935708326434e-05,A,0.001271921438804245,V,0.0002761282759389819,V,0.00016011257507375968,K,0.00015745415003097458,0.00034784220908047435,0.056946477472007644
208,G,G,6.076813785164972e-05,G,0.0003590242279524213,G,5.635426620202948e-05,G,0.0001372118172778096,G,0.00012751845581246955,G,4.576790749808201e-07,S,0.0011063082755810418,S,0.0011164275238492495,E,0.00014717394241043673,S,0.001023423827605026,G,0.0002365786841263951,G,0.00034466911662312937,G,4.807743618037136e-05,G,0.00013167420735778616,G,0.00013167420735778616,G,2.837611125851988e-05,G,9.32261987315313e-05,G,9.629260224911465e-05,G,0.00039633794107807216,G,0.0005560076634854196,T,0.0007828365493389721,G,0.0001727435165151517,G,0.0001512252901383964,V,0.0005592091369366364,E,0.0013894430197462406,G,9.9163914195389e-05,G,0.0003812742400785702,0.00036049918477831837,0.05901859569867826
209,M,L,0.0018107370499887737,M,0.0009434861816288201,V,0.001645367261559843,L,0.0015545051275564306,L,0.002197362254935979,L,0.00096446878785096,V,0.002409672553383656,V,0.0024555061667047803,L,0.0035037116979617852,V,0.003213237684325607,L,0.001979574134410496,L,0.0011306041179696886,L,0.0012269392863697133,L,0.002197362254935979,L,0.002197362254935979,L,0.0028174941525825896,L,0.00176077292197583,L,0.0018570111657844513,L,0.000955293511232757,L,0.0018791883889316898,L,0.0015848107076585876,M,0.000941548035397863,V,0.0010032165969168878,L,0.002247788708313063,M,0.00145315879962917,M,0.0013287341598279228,L,0.0001687004703196227,0.0017565783123366274,0.28757564401320973
210,L,F,2.4865750396915053e-05,L,7.712768920550278e-05,L,0.00016146485840496175,L,0.0002835812538653417,L,0.00037898409945080226,V,0.0024458200592317836,L,0.00010852010128831992,L,0.00010852010128831992,L,0.0005712123185253335,L,8.396928074626006e-05,L,8.543284888782052e-05,L,2.0872309407560065e-05,L,7.668749711433359e-05,L,0.0002835812538653417,L,0.0002835812538653417,L,7.451865523041385e-05,L,8.511440156042764e-05,L,1.9403390995791574e-06,L,0.00013697305587906454,T,2.216446371778249e-05,L,7.681128288144775e-05,L,0.00013155215016902018,L,6.086237137003225e-05,L,1.8499294996191195e-05,L,0.00021113747069542092,L,0.0001432670743152113,L,1.2192438795237756e-05,0.00022108346941680622,0.036194356181957
211,S,S,8.68390625567892e-05,Q,4.13329688912704e-05,S,0.0015108338927836275,Q,9.816378495292025e-05,Q,9.816378495292025e-05,Q,0.00021896582992922406,N,0.0001315134580423247,N,4.114686084402194e-05,S,4.6854835996780444e-05,N,0.00012306752760492148,K,0.00015139806509238034,S,0.0001886832266578265,Q,7.720175714706096e-05,Q,9.816378495292025e-05,Q,9.816378495292025e-05,Q,0.00010317963376010285,S,2.6994259264543217e-05,S,2.6994259264543217e-05,S,0.001014102480836925,E,2.4990550243779525e-05,E,4.6455612356281284e-05,S,0.0006748587127708837,Q,0.0001762568121123294,N,0.00013931442668405845,N,2.1940201977769304e-05,N,7.688685168021837e-06,Q,0.0011224348482299026,0.00023687789288989066,0.0387801170729973
212,L,L,0.0,L,0.0,L,0.0,L,0.0,L,0.0,L,0.0,L,0.0,L,0.0,I,0.0,L,0.0,L,0.0,L,0.0,L,0.0,L,0.0,L,0.0,L,0.0,L,0.0,L,0.0,L,0.0,L,0.0,L,0.0,L,0.0,L,0.0,V,0.0,L,0.0,L,0.0,L,0.0,0.0,0.0
213,Y,Y,4.591476551430141e-05,Y,2.6148882704568335e-05,Y,0.00037213721788388203,Y,2.0727336688497937e-05,Y,2.0727336688497937e-05,Y,1.8097073706410983e-05,F,0.001004632838057594,F,0.001004632838057594,Y,3.527495937385628e-05,Y,0.0001584767492057102,Y,1.4883804641904128e-05,H,0.0017502604475765062,Y,6.591962549071645e-05,Y,2.0727336688497937e-05,Y,3.797340705571706e-05,Y,4.167251891152399e-05,Y,4.591476551430141e-05,Y,5.9279077977654586e-05,Q,0.0018784707549333653,F,0.00046083894816683046,H,0.00018895913135421615,Y,4.802885528583624e-05,Y,4.524586279080452e-06,Y,5.410526184056931e-05,Y,0.00010897540553899962,Y,9.54796502265343e-05,Y,0.00011899620977975722,0.0002852511031534417,0.04669946629689983
214,E,E,0.001044827213267088,E,0.0013888810623408955,E,0.0007889996359979597,E,0.0013698003960412777,E,0.0013698003960412777,E,0.0006860867420712631,R,0.0019918718107177825,R,0.0018170191152687442,E,0.0002057717360972948,R,0.0018698662663309891,E,0.00025542443903973954,D,0.001587008866846545,E,0.0011237368742093102,E,0.0013698003960412777,E,0.0013698003960412777,E,0.0007304893077089532,E,0.0015569899920235802,E,0.0015803456765431808,D,0.0009330227718152731,E,0.0008909957843084058,K,0.00032608846311392274,E,0.0005967898515689571,E,0.0015080883016273018,R,0.00036652193829991316,E,0.0015147852287327329,E,0.001516361582913231,E,0.0008074126018129139,0.0011320958091415216,0.1853394062263354
215,A,A,0.00012723010038448153,A,9.189237748153498e-05,A,9.650856514188123e-05,A,0.00012733631186449433,A,0.0005042097750350345,A,3.119460053645801e-05,A,8.718055051294014e-05,A,9.834164185966175e-05,A,0.00012505388935320848,A,0.00010369367166338197,A,8.994843252655357e-05,M,0.001917673091698747,A,1.6953180189183268e-05,A,0.0005042097750350345,A,0.0005029321133647735,A,8.703325611945071e-05,A,0.00011490269018800399,A,0.00011754375608722134,I,0.0003638634007660711,A,3.832886697261799e-05,A,0.00013546815978897185,A,4.1303177087847086e-05,A,2.643540933709637e-05,A,0.00011519003860470114,A,0.00011376881715530365,A,0.00011254014194641528,A,3.195521146955292e-05,0.0002119515185989119,0.03469933223733161
216,S,S,4.264420849307971e-05,S,2.6536011220545402e-05,S,2.0676156591611653e-05,S,2.6536011220545402e-05,S,2.6536011220545402e-05,S,2.6536011220545402e-05,S,2.0676156591611653e-05,S,2.0676156591611653e-05,S,3.0281628459707703e-05,S,1.2625244035445657e-05,S,0.0008120747761423912,S,0.00015549570531811784,S,2.6536011220545402e-05,S,2.6536011220545402e-05,S,2.6536011220545402e-05,S,2.6536011220545402e-05,S,2.0676156591611653e-05,S,6.112225492374681e-05,S,2.6536011220545402e-05,S,0.0008120747761423912,S,0.00019033783829126982,S,4.264420849307971e-05,S,2.6536011220545402e-05,T,0.00019033783829126982,S,0.00015549570531811784,S,0.00015549570531811784,S,2.6536011220545402e-05,0.00011241594959330304,0.018404012434064112
217,F,Y,0.000340834627910509,F,0.0003128540856087434,F,0.0015035496356638398,F,0.0004932892288210455,F,0.0008203569820302999,F,0.0002580765855662982,L,0.0005900091954095172,L,0.0005753459127671438,Y,0.0002542278360729766,L,0.0006316489320872997,F,0.0004461276989994241,H,0.00012438267072571035,F,0.00019406165686922827,F,0.0006399197716883952,F,0.0006399197716883952,Y,0.00032118347565944163,N,0.0010164713190481457,N,0.0009834837267337904,H,7.951402626531478e-05,E,0.0002994694636855337,T,0.0005307584126894205,H,6.191324798266054e-05,F,0.00143134795507244,D,0.0007476487114318868,Y,0.00047392973504217914,Y,0.00047392973504217914,F,0.0013605145885443371,0.0005779544070039317,0.09461895870918453
218,F,L,0.004259995906538797,L,0.0014639198911502015,Y,0.0010778793289535245,L,0.003232235271577463,L,0.003232235271577463,L,0.0010707507556192064,I,0.002352444075877023,I,0.002353545529593281,L,0.001715886118391439,I,0.0020347694102985443,L,0.0028322568120477403,L,0.005410560307431215,L,0.0027196307055856943,L,0.003232235271577463,L,0.003232235271577463,L,0.0028822627042642698,L,0.003425282518212559,L,0.0036205123956860254,M,0.004342049784649601,L,0.002669943725431446,V,0.0034356343721434848,L,0.0014394449904087695,L,0.001999833514956904,L,0.0018837892893096544,H,0.004514507299361888,H,0.003425412706424743,L,0.0027415451931234545,0.0028370666082136783,0.4644662018399491
219,L,G,0.000458945541558054,L,0.0004233151311986149,A,6.941290257691755e-05,V,0.006860073441688844,V,0.00658296976024525,L,0.0013894430197462406,A,0.001041860137032184,A,0.0010491159405098263,S,0.0025456940927851878,A,0.0010285628744592012,S,0.0014621218228078451,D,0.0010378791223577054,V,0.006935742034384541,V,0.006855683070837595,V,0.006855683070837595,V,0.006912825903837062,G,0.0012242374464278745,G,0.0009098538029629382,N,0.0016145632558617967,R,0.0015900278615472673,S,0.001711606833121222,A,0.001130733449833688,L,0.0013894430197462406,M,0.0009437461653179883,S,0.0018546247955957909,S,0.0007348190668914614,L,0.0005248970591437016,0.002412514097159727,0.39496120970478027
220,-,-,,-,,-,,-,,-,,-,,-,,-,,-,,-,,-,,-,,-,,-,,-,,-,,-,,-,,-,,-,,I,0.0007541596679208299,-,,-,,F,5.226787789730068e-05,-,,-,,-,,0.0004032137729090653,0.06601155189322368
221,-,-,,-,,-,,-,,-,,-,,-,,-,,-,,-,,-,,-,,-,,-,,-,,-,,-,,-,,-,,-,,-,,-,,-,,-,,-,,-,,-,,,
222,I,A,1.3017944450453568e-05,R,0.00028890279587008165,M,0.00022317932576464743,R,0.00023583467726765662,R,3.7001115543664047e-05,R,0.00039405572665427504,F,0.002553983254596847,F,0.003091958979226031,L,0.00017955847857916059,F,0.0020577609546885817,I,0.0004393602522621609,V,0.0004105390190825128,R,0.0001584862624662352,R,0.00013875324251493777,R,0.00013875324251493777,T,0.0006647888352874025,V,0.0027863337175302707,V,0.0013003674502218138,I,0.002032254539441745,V,5.477475910898864e-05,S,0.001726796623029124,F,0.0009358856273968124,R,0.0004551911169453404,S,0.0006285669522480146,F,0.0014983707536808317,F,0.001993352632371027,R,1.2833343668649911e-05,0.0009055800600893407,0.14825571234526685
223,E,N,0.0013894430197462406,E,0.007005158469377424,K,0.0009510775072911578,E,0.007153961348903964,E,0.007374237837779997,E,0.005885450832192446,P,0.0011248935402905023,P,0.0013894430197462406,E,0.002018178476946384,P,0.0013894430197462406,E,0.005062388342730502,G,0.0041213849424573765,E,0.003873938263426602,E,0.007374237837779997,E,0.007374237837779997,E,0.007374237837779997,T,0.0013894430197462406,A,0.003685769211882354,G,0.003767940860173413,E,0.005995401610508802,E,0.005232659008612289,Q,0.0009403904055845529,E,0.006350185922455272,G,0.0028508240794902326,E,0.0038836982040070757,E,0.0036555777470574854,E,0.004276545854927885,0.004181116594756322,0.6845053755855233
224,-,-,,-,,-,,-,,-,,-,,-,,-,,-,,-,,-,,-,,-,,-,,-,,-,,-,,-,,-,,-,,-,,-,,-,,-,,-,,-,,-,,,
225,-,-,,-,,-,,-,,-,,-,,-,,-,,-,,-,,-,,-,,-,,-,,-,,-,,-,,-,,-,,-,,-,,-,,-,,-,,-,,-,,-,,,
226,-,-,,-,,-,,-,,-,,-,,-,,-,,-,,-,,-,,-,,-,,-,,-,,-,,-,,-,,-,,-,,-,,-,,-,,-,,-,,-,,-,,,
227,G,G,0.0003118065695241714,G,0.0003227153788623369,H,0.0003318581777395539,G,0.00029050930929154257,G,0.0001959507352920227,G,0.0001359874121878706,G,0.0004807099008465729,G,0.0004807099008465729,G,0.00022585086296460834,G,0.00041848542277657044,N,0.0012347385901635439,G,0.0005702894041063269,G,0.0002569354090927307,G,0.0001959507352920227,G,0.0001959507352920227,D,0.00016377361176149897,G,0.0001983395572881184,G,0.000492777244850053,Q,0.0007470689485756508,G,0.0006566670160710306,D,4.936255587051656e-05,G,0.0004000082894695601,G,9.38332847593786e-05,-,,D,0.00016002705739332664,D,0.00010933752209771463,G,0.0002499220675779865,0.00034498329615358867,0.05647843473212365
228,-,-,,-,,-,,-,,-,,-,,-,,-,,-,,-,,-,,-,,-,,-,,-,,-,,-,,-,,-,,-,,-,,-,,-,,-,,-,,-,,-,,,
229,E,E,0.0,E,0.0,E,0.0,E,0.0,E,0.0,E,0.0,E,0.0,E,0.0,E,0.0,E,0.0,E,0.0,E,0.0,E,0.0,E,0.0,E,0.0,E,0.0,E,0.0,E,0.0,E,0.0,E,0.0,E,0.0,E,0.0,E,0.0,E,0.0,E,0.0,E,0.0,E,0.0,0.0,0.0
230,N,D,0.001351352521520704,D,0.0018091501085230042,N,0.0022457804855448536,D,0.0015705234297865936,D,0.0031125053850218254,D,0.0024536821483948056,K,0.001636278599729158,K,0.0016223525483796322,P,0.0012355090379472886,K,0.0001543046508196871,S,0.0011614166881899202,A,0.002384805324975936,E,0.0011451054257966586,D,0.0031125053850218254,D,0.0031125053850218254,D,0.002824142077964529,E,0.0020185072040629164,E,0.0013734131470135675,A,0.0014277262862738374,E,0.0011806117783941328,S,0.00047253475823448343,T,0.001485748536506799,D,0.0037147229322070175,V,0.0008392227024141496,S,0.0006686281809269848,S,0.0007630581928227319,D,0.0005812595404560049,0.001683605646738921,0.27562903101153474
231,I,I,6.4850348269686166e-06,T,1.1649277938788246e-07,V,7.322204697038315e-05,T,0.0003578766198576889,T,6.830828283321679e-05,T,1.4058059544761693e-05,V,7.294331260653759e-05,V,7.294331260653759e-05,D,0.0011940947715835975,V,8.46293760998477e-05,F,0.0009864212169441134,A,0.0011953913630595031,T,1.0785677920181995e-05,T,0.0003578766198576889,T,0.0003578766198576889,T,4.5299705111806814e-05,-,,-,,S,0.00012346753426364525,T,4.728742545195883e-05,I,2.93849131959306e-05,V,5.3042179041426655e-05,T,5.460975907212686e-06,Q,4.634250673856513e-05,I,1.7112236431650877e-06,I,1.7112236431650877e-06,T,1.2509035247473314e-05,0.00020876982118369806,0.03417844530800469
232,-,-,,L,0.0006275252989863049,L,0.0001177159108813316,L,3.496828840098171e-05,L,3.496828840098171e-05,L,7.377013191502527e-05,-,,-,,-,,-,,-,,L,0.00016191484705753277,L,7.39106037715582e-05,L,3.496828840098171e-05,L,3.496828840098171e-05,-,,I,0.0001428758467464567,I,0.000145610591494094,-,,-,,-,,L,0.0012457473161618918,L,0.00015509653901490822,-,,-,,-,,-,,0.00022184924920254077,0.03631972469727356
233,L,L,0.0006213710765015386,-,,-,,-,,-,,-,,M,0.00016970184937006573,M,0.00016970184937006573,L,9.549985096984394e-05,M,0.00016970184937006573,L,1.6639359616515685e-05,L,1.7205248282685307e-05,-,,-,,-,,L,0.0005497614333425836,L,4.694199689556646e-05,L,4.420975299345151e-05,L,1.028404987422515e-05,L,2.2410872283121118e-05,L,5.1793927122474235e-05,-,,-,,L,4.420975299345151e-05,L,1.7336317485571163e-05,L,2.7357094087699338e-05,L,8.011086665715225e-06,0.00012247866866027293,0.020051415738479562
234,E,L,0.0023520035437992444,E,0.0001444472016951361,E,0.00013937575159336205,E,0.0001554327441972785,E,0.0001554327441972785,E,0.00010789053921037133,E,0.0003252073827066936,E,0.0003252073827066936,H,0.00021829555829980265,E,0.0003690253040502279,R,0.0011375558223815953,H,0.00037299703999152796,E,0.00028826422416688844,E,0.0001554327441972785,E,0.0001554327441972785,E,0.00015145580055338903,E,0.00013395197752256823,E,0.00010994646617098,C,0.00011954550930108496,D,0.00017632165359097657,D,1.12076318820243e-06,D,0.002891576287231821,E,0.00017758488908936149,V,0.0006545876910084745,D,0.00020856277546166472,T,0.002187047482238024,E,0.00015693680863434033,0.0004952088456067239,0.08107239039457102
235,E,Q,0.004563597096209525,L,0.0008318981696740011,E,0.00072507660006361,L,0.0007709963726264935,Q,0.00382120251817097,L,0.0008621886657391996,E,0.0006787016279807111,D,0.0013894430197462406,E,0.0010633476613983604,E,0.0006992568774742055,N,0.0047149251115694134,R,0.006961552000914532,Q,0.005617795281182687,Q,0.00382120251817097,Q,0.0027334975133922507,M,0.007374237837779997,E,0.0009282598624262825,E,0.0001480405909072419,K,0.0001104137499608565,G,0.00012256336716087696,S,0.007374237837779997,E,0.00041941670120640683,V,0.007374237837779997,E,0.0013894430197462406,D,0.0006533466447747499,E,0.0009188937046969418,L,1.4540852975950776e-05,0.0024474930756114327,0.40068774189781
236,A,A,0.0002140307874528451,A,0.0001566703334841594,A,3.3830823736194855e-05,A,0.00024461477872753535,A,0.00024461477872753535,A,0.00021292264250324973,A,8.207305690950995e-05,A,8.13346546248051e-05,A,0.00021119218922166025,A,0.00016248400094057136,T,0.002577413753971158,A,0.0001899886945086299,A,0.0002539149062559226,A,0.00024461477872753535,A,0.00024461477872753535,A,0.00014147099398252407,A,0.0002630345497664827,A,0.0002504541318879785,A,0.00020688480242097256,A,2.2360362994481237e-05,I,0.00016810644890658254,A,0.00014782489149350091,A,0.000262732732112214,A,0.00019149107205292104,A,0.00023017048870206598,A,0.0002294289756603085,A,0.00011245153922396852,0.00027336022028603144,0.044752767835199915
237,R,L,6.57670485119787e-05,R,0.0013763010099385469,R,0.00027646044897696885,R,0.0018090341387961037,R,0.0018090341387961037,R,0.0014420822621811086,E,0.00045294401698727676,E,0.00045294401698727676,K,0.0005746110224853103,E,0.0006279744476520514,T,0.0006425798466329931,K,0.0008643805172913885,R,0.0010462203099559709,R,0.0018090341387961037,R,0.0018090341387961037,R,0.0013562601004546613,M,0.00019243214183113703,M,0.0001742727266109934,K,0.0001243856753127298,R,0.0004640497641151657,G,0.0008382878647928209,R,0.000621648538005832,R,0.0015913569411669794,R,0.0016724664844054663,R,0.0006221633167652727,R,0.0005959010157082534,R,0.0005798797367103203,0.0008848705855061081,0.14486529106508708
238,D,E,0.0008721820002401627,R,0.0017007948756858023,V,0.00273906560999088,Q,0.0011184147253676115,Q,0.0011441165011888146,Q,0.0010408291124674948,I,0.001378457488860005,I,0.001357012653329943,L,5.698403605683308e-05,I,0.00038008628096359047,K,0.0009654046600466905,E,0.001655630064861179,E,0.0009741543617919863,Q,0.0011441165011888146,Q,0.0011441165011888146,Q,0.0004988958221707198,E,0.0011452056393092638,E,0.001127040958236002,E,0.0018400255676513024,E,0.001872263825204945,S,0.0005782310784875959,A,0.0013587513127765933,K,0.0008189559020144297,S,0.004140249437041858,D,0.0009686595440607897,D,0.0013376724198435606,Q,0.0020491350675902785,0.0013113500721339242,0.21468575518221084
239,F,F,4.075212531924125e-05,F,0.00013888166008922757,F,0.0005420623245105487,F,0.0004237987924076748,F,0.0005024672189031256,Y,0.002280517736136038,F,0.00023890018898802397,F,0.0002442372160666432,F,9.693055452580777e-05,F,0.0002721225030967668,S,0.0033107654142074416,F,0.0002342797011944423,F,0.0002921328456083698,F,0.0005024672189031256,F,0.0005024672189031256,F,0.00030187890459961386,F,0.00033816595292464455,F,0.00027126831312322024,F,0.00022725799152388364,F,0.00018097544594612247,R,0.002817375708850283,F,0.00036022107643017803,F,0.00043218171973272135,F,0.00011294218206687205,I,0.0027987712121958644,I,0.002789523236887407,F,0.00010240790121379453,0.000753916754235341,0.12342637650078664
240,S,T,0.0002381053629175264,S,0.0006904685697610429,S,0.0002219982928413206,A,0.003902284074770359,A,0.003902284074770359,A,0.0036012450825834742,S,0.0006430488140681873,S,0.00046304697812360256,A,0.0032386919235218793,S,0.0001655663215519528,T,0.00022051721520731344,S,0.0001724698643529149,A,0.004891498814056477,A,0.003902284074770359,A,0.003902284074770359,S,2.7525150768408424e-05,A,0.002711284774693602,A,0.002546841575391179,S,6.965955365898669e-05,T,0.00039453988687757026,S,8.323440756111742e-05,V,0.0003408249855645771,S,0.00042558738730144065,A,0.0034962589155317567,T,0.0003236030511094824,A,0.003182666517404963,S,0.0008938146584071538,0.0016537642371236062,0.2707435883710807
241,T,K,0.00038116877024206173,T,0.001097026156153665,T,0.0015960900989906675,T,0.0015835121270521063,T,0.0018228193217397725,T,0.0010973815493054307,T,0.002833807457872359,T,0.002669121378630861,T,0.000939268760290956,T,0.002920185726245545,L,0.000647300632275545,S,0.00048329356988189914,T,0.0009681243629273057,T,0.0016459470828763764,T,0.0016459470828763764,T,0.0010473720459370697,E,0.0006685189975077117,E,0.0005616380530237779,T,0.00147543562648002,Y,0.0032377631339883172,R,0.0013645455763368719,S,0.0017677732242610002,T,0.0012286997628569011,T,0.001851449202357847,T,0.0009130121664194887,T,0.0007474079602461399,T,0.0010075314529577135,0.0014148941214716217,0.231637317468332
242,K,A,0.00012801101251912517,R,0.0004405630113933887,E,0.0012910857051781144,K,0.00019362147723193317,K,0.000294374752140064,K,0.00017574629899810008,I,0.004292671952637872,I,0.004235074387585867,E,0.0011981163501837277,R,0.0001373472545300503,A,0.0013458325314764004,R,0.0011842051134004165,K,0.00027173727279589,K,0.00032131108611104274,K,0.00032131108611104274,K,0.0002872142641185713,P,0.0011068987083733884,A,0.0004943529971451401,R,0.0034620452513816815,S,0.0018306443652148453,T,0.0011313306138601405,T,0.0006196203222290168,E,0.0002157596045968164,K,0.00010172409850199938,K,0.0004425655627882097,K,0.0003227149025489034,K,0.00022332307886220964,0.0009655260393301465,0.15806968048156111
243,H,H,0.002852809680354273,S,0.0008593617944891273,C,0.005363536919826789,F,0.002762322322652824,F,0.004197942405444535,F,0.0012090400606348476,Y,0.0019732156909307392,Y,0.0021234423950362313,K,0.004786453558470071,Y,0.0005998547409945521,H,0.0029521367918820393,H,0.002794513250587525,S,0.0013894430197462406,F,0.0036080214532151285,F,0.0036080214532151285,I,0.00589643493510557,R,0.003967732783231784,R,0.004965448089571508,N,0.004246553493294833,R,0.0058213234673023945,L,0.005258217053583018,H,0.004066286827045957,F,0.0029455007873862723,N,0.0064197935830834,Y,0.0018208660444839046,Y,0.0023953568827695644,L,0.0011294549825566732,0.0033338179432183313,0.5457911186256736
244,L,L,0.0,L,0.0,L,0.0,L,0.0,L,0.0,L,0.0,L,0.0,L,0.0,L,0.0,L,0.0,L,0.0,L,0.0,L,0.0,L,0.0,L,0.0,L,0.0,L,0.0,L,0.0,L,0.0,L,0.0,L,0.0,L,0.0,L,0.0,L,0.0,L,0.0,L,0.0,L,0.0,0.0,0.0
245,E,K,0.0010213113050466644,R,0.0019956771087777827,K,0.0013962922029541274,R,0.0018863506618560688,R,0.0018725106428848096,Q,0.0023166935767556904,K,0.0010113797941764878,K,0.00042966330813288395,L,0.0005226393913369902,K,0.0001708208640623965,M,0.002299457912525676,A,0.0006354937029900784,Q,0.0015517936143944842,R,0.0018530832480327481,R,0.0018530832480327481,Q,0.002611025137335531,R,0.0049499023785859264,R,0.004948719963776793,E,0.0002780777258192166,N,0.00023742748589604168,R,0.003108830324787273,M,0.0008448392869181969,E,0.0008301178304190184,E,0.0005023843897166272,K,0.0005599770444563605,K,0.00048007735088951154,Q,0.0010268298262749026,0.0015257207158087052,0.2497811309359378
246,E,E,0.0004481448993505623,E,0.001172544943042335,E,0.001310616589748788,R,0.0008029463115991164,R,0.0008577955278000432,K,0.00011546130964706721,E,0.0004835125763681786,E,0.0007636967623834578,K,0.00034887848076138687,E,0.0005429500567719782,R,0.00036378963501184833,S,0.00034663572058385114,R,0.00104479532131974,R,0.0013279870636688823,R,0.0013279870636688823,K,0.00013600833517329842,R,0.0010299981940521661,R,0.0002884771644255508,S,0.0005194421695453143,E,0.0002478054063696001,E,0.000204166985441001,-,,E,0.0002550732857838628,K,0.00012546461880448965,E,0.00044037836558497907,A,0.0015892910977202118,K,0.0002235325453117506,0.0006275915549976284,0.10274523164618685
247,Y,S,0.00024338645142140167,K,0.000823425582334182,Y,0.0022653565166570622,K,0.00046415416136432055,K,0.00046415416136432055,K,0.0006217295513650793,A,0.0024356281919233006,A,0.0024356281919233006,L,0.00036528181562773057,A,0.0002160000397801515,Y,0.00148748068546582,A,0.0010161728520378245,K,0.002007697130993218,K,0.00046415416136432055,K,0.00046415416136432055,K,0.0004197486564444972,S,0.0004071507528136473,S,0.0010853313759628211,A,0.001403433026944518,L,0.0003572719503377562,Q,0.0011964891605709931,-,,K,0.0005002493642331483,I,0.00013183119928899555,S,0.0008320762940077855,S,0.0015367837993538985,K,0.00057102028893968,0.0009313765201493882,0.15247894199744277
248,-,-,,-,,-,,-,,-,,-,,-,,-,,-,,-,,-,,-,,-,,-,,-,,-,,-,,-,,-,,-,,-,,-,,-,,-,,-,,-,,-,,,
249,-,-,,-,,-,,-,,-,,-,,-,,-,,-,,-,,-,,-,,-,,-,,-,,-,,-,,-,,-,,-,,-,,-,,-,,-,,-,,-,,-,,,
250,-,-,,-,,-,,-,,-,,-,,-,,-,,-,,-,,-,,-,,-,,-,,-,,-,,-,,-,,-,,-,,-,,-,,-,,-,,-,,-,,-,,,
251,V,L,0.0013272030844488326,L,0.0012369159598531014,M,0.000211964249131499,L,0.0013495519991482492,-,,V,0.0013894430197462406,L,0.001021183726877883,L,0.0010553825578962386,T,0.0013263800322208714,L,0.0007637528615229362,V,0.00033773051855442147,V,0.00126535660021042,L,0.0009006543958634192,-,,-,,-,,L,0.0012080722492686302,L,0.0015475949431697665,I,0.001323177910614733,-,,L,0.00026984508401721197,-,,L,0.001195017968155147,L,0.0016739310960907623,-,,-,,-,,0.0010779532364883534,0.17647553429422935
252,K,P,0.0016491263132072877,D,0.0009393497399446851,M,0.001794227640819114,-,,L,0.00277297469892401,D,0.0010826004512012387,-,,-,,-,,Q,0.000579929888158657,D,0.0021284520308702125,R,8.276408369766857e-05,D,0.0009227060325039983,L,0.00277297469892401,L,0.00277297469892401,-,,-,,-,,N,0.0013592502262521067,-,,E,0.0027076078317475574,-,,K,0.00036439270857785227,A,0.0001455244630901248,-,,-,,-,,0.0014716570337895024,0.2409301744683515
253,-,-,,-,,K,0.00019660049102461944,-,,-,,-,,-,,-,,-,,-,,-,,-,,-,,-,,-,,-,,-,,-,,-,,-,,-,,-,,-,,-,,-,,-,,-,,0.00019660049102461944,0.032186161256033685
254,-,-,,-,,M,0.0006291786617030858,-,,-,,-,,-,,-,,-,,K,0.0016087737742879844,Q,0.000887811735170067,-,,-,,-,,-,,-,,-,,-,,-,,-,,S,0.002084880543634782,-,,-,,T,0.0010115387145366568,-,,-,,-,,0.001244436685866515,0.20373112821578884
255,-,-,,-,,E,0.0015349834491186981,-,,-,,-,,-,,-,,-,,-,,N,1.4135629723198662e-06,-,,-,,-,,-,,V,7.529589683658391e-06,-,,-,,-,,-,,G,0.0019964683197541753,-,,-,,G,0.004562442296299963,-,,-,,V,0.0007332778654732267,0.0014726858472170069,0.24109860515083584
256,-,-,,-,,Q,0.0004230823436945707,-,,-,,-,,-,,-,,-,,-,,R,0.0030173290562506465,-,,-,,-,,-,,E,0.00017215081465299175,-,,-,,-,,-,,-,,-,,-,,N,4.20911001546695e-05,-,,-,,D,0.0005471667174055629,0.0008403640064316882,0.137578961699489
257,-,-,,-,,N,0.0,-,,-,,-,,-,,-,,-,,-,,-,,-,,-,,-,,-,,-,,-,,-,,-,,-,,-,,-,,-,,-,,-,,-,,-,,0.0,0.0
258,-,-,,-,,K,0.002251700840213611,-,,-,,-,,-,,-,,-,,-,,-,,-,,-,,-,,-,,-,,-,,-,,-,,-,,-,,-,,-,,-,,-,,-,,-,,0.002251700840213611,0.36863390302716115
259,-,-,,-,,V,0.0,-,,-,,-,,-,,-,,-,,-,,-,,-,,-,,-,,-,,-,,-,,-,,-,,-,,-,,-,,-,,-,,-,,-,,-,,0.0,0.0
260,-,-,,-,,L,0.0020683825197263888,-,,-,,-,,-,,-,,-,,-,,-,,-,,-,,-,,-,,-,,-,,-,,-,,-,,-,,-,,-,,-,,-,,-,,-,,0.0020683825197263888,0.3386222128546878
261,-,-,,-,,L,0.0,-,,-,,-,,-,,-,,-,,-,,-,,-,,-,,-,,-,,-,,-,,-,,-,,-,,-,,-,,-,,-,,-,,-,,-,,0.0,0.0
262,-,-,,-,,D,0.0,-,,-,,-,,-,,-,,-,,-,,-,,-,,-,,-,,-,,-,,-,,-,,-,,-,,-,,-,,-,,-,,-,,-,,-,,0.0,0.0
263,-,-,,-,,H,0.0,-,,-,,-,,-,,-,,-,,-,,-,,-,,-,,-,,-,,-,,-,,-,,-,,-,,-,,-,,-,,-,,-,,-,,-,,0.0,0.0
264,-,-,,-,,D,0.00021219755895078568,-,,-,,-,,L,0.0002195329558016233,L,0.0002195329558016233,-,,-,,C,3.461044519868394e-06,-,,-,,-,,-,,-,,-,,-,,-,,-,,-,,D,5.0076739605014114e-05,-,,I,2.365703663996055e-05,-,,-,,E,0.001274198819214831,0.0002860938729333866,0.046837439116284206
265,-,-,,E,0.00022644037716719128,L,0.0020156050968793797,-,,-,,H,0.001342279191204151,T,0.0015934870133508256,T,0.0015934870133508256,-,,-,,G,0.000227765547311637,-,,E,0.0013246626935968099,-,,-,,-,,-,,-,,-,,-,,-,,I,0.00350204433132543,A,0.0009044608279767736,H,0.0015904731149194795,-,,-,,D,0.0013894430197462406,0.0014281952933480676,0.2338148993282669
266,-,-,,-,,-,,-,,-,,-,,-,,-,,-,,-,,-,,-,,-,,-,,-,,-,,-,,-,,-,,-,,-,,-,,-,,K,0.0,-,,-,,-,,0.0,0.0
267,Q,-,,D,0.006438387768014654,D,0.0028492087300466796,-,,-,,E,0.001480239586445428,-,,-,,G,0.00036989833190728184,-,,-,,-,,D,0.003058108767904166,-,,-,,E,0.0002613586357330449,-,,-,,-,,C,0.0028888638760614723,-,,K,0.00013184472185343347,G,0.0003080028692800177,T,0.0008891084960046265,L,0.00021749657207805706,L,0.0002682922504627602,G,0.0002717536776803426,0.001494812637190151,0.24472106014289802
268,N,S,2.4166457170574413e-05,G,0.0009793873023526138,H,0.00010557368591442595,D,0.0012592292444553951,D,0.0003425975997572423,L,0.0003402998632303789,-,,-,,H,0.00011679582512372145,-,,-,,-,,G,0.00027279965569777895,D,0.0012592292444553951,D,0.0012592292444553951,K,0.0013429284075518488,-,,-,,Y,0.001934057052680471,S,0.0006820495382313626,G,0.00016223718939840383,E,0.0010895049419062828,-,,N,7.520441994882022e-06,E,0.0012472895462899906,E,0.0012432930356841853,D,0.00044492381392222406,0.0007427953731722407,0.12160565589921947
269,K,L,0.00026218109176024215,D,0.004797714276527854,N,0.0020242547049053807,E,0.003582538790568397,E,0.0035006024752041475,I,0.0003343633726350544,-,,-,,E,0.005521427321049981,-,,-,,Y,0.0009559240569128755,D,0.0011372543194526504,E,0.0035006024752041475,E,0.0035006024752041475,M,0.0028108424773524323,S,0.0007837101227227351,S,0.0017615947084330512,L,0.0005447932955067035,G,0.0023220037284265786,A,0.0046838971019775725,N,0.0009232747409657043,-,,A,0.0027002225434433324,K,0.0006845005678694486,K,0.0007434955242065262,R,0.0009120539466681379,0.002181266096227141,0.35710278214256436
270,E,A,0.0005858016153470581,E,0.00010327880952988442,D,0.004486352003407865,I,0.002650895138618953,I,0.0013201010548693406,D,0.0005702755538993113,I,0.0005377376895716306,I,0.0005377376895716306,N,1.9038735472029886e-05,I,0.0017402946269894227,E,0.001801111542776904,L,0.0002415567191546336,G,0.0005496953956763895,I,0.002672646889973413,I,0.002672646889973413,I,0.003002592073323249,E,0.0007833992371336989,E,0.0005937094889959184,E,0.0030367607840390176,R,0.0004784642781539219,L,0.00020521364856022854,I,0.0007085454153883636,I,0.0007018878747363763,D,0.0004892245808301337,I,0.0022621530331795666,I,0.002676555330244068,E,0.00028433294493798505,0.0013226670016427558,0.2165384897109807
271,-,-,,-,,-,,-,,-,,-,,-,,-,,-,,-,,-,,-,,-,,-,,-,,-,,-,,-,,-,,-,,-,,-,,-,,-,,-,,-,,-,,,
272,K,P,2.273895221599575e-05,I,0.0008996961173181221,N,0.0004125229364337078,D,0.007374237837779997,D,0.007374237837779997,D,0.007374237837779997,P,0.0020372070432813577,P,0.0015941944460501857,E,0.004719313581515033,P,0.0010036908245592857,E,0.0048263535749370175,D,0.0069251206461859414,I,0.0014895344599257568,D,0.007374237837779997,D,0.007374237837779997,E,0.007374237837779997,L,0.0015158801300006648,P,0.0010229327426682557,P,7.476234124169086e-05,E,0.006543066510408607,R,0.0005443488799352908,D,0.005600359201453501,D,0.007374237837779997,I,0.0029962670466086995,D,0.007374237837779997,D,0.007374237837779997,V,0.0011771205556544001,0.00406567594557087,0.6656061788906438
273,-,-,,D,0.000965714297124618,F,0.004235214578976682,D,0.0024547491630038526,D,0.0032046747378054624,D,0.0017063316174747182,V,0.0010729033266654792,V,0.0010507749168222026,-,,V,0.0008124391124134223,D,0.0008363629557628671,D,0.0030008184899207643,D,0.003287333545001784,D,0.003185673881644449,D,0.003185673881644449,K,0.004020830389962176,A,0.0025763408254258673,A,0.002047884676425427,-,,-,,K,0.0013280849483982868,P,0.00011161902755210269,G,0.0023263399521772183,S,0.0012141244844249234,-,,-,,G,0.00284858932384456,0.0021653561015462525,0.35449810068061627
274,-,-,,E,0.001138308207828224,N,0.0013794487994114948,N,0.0015747610580833901,N,0.0012221484611731298,N,0.006741554366514234,C,0.006405588783758401,C,0.006447504439733487,-,,S,0.00030306755230919465,N,0.0022066832543655157,P,0.00016506410561492284,A,0.0013690756284973522,N,0.0016504275210707908,N,0.0016504275210707908,E,0.0014323336659879523,A,0.0011238084266574373,A,0.000673097554630304,-,,S,0.0009333658136895144,P,0.0007197430379817175,-,,D,0.00218564978882383,S,0.00021275624963129684,G,0.00044270421163578164,G,0.0003672288588431937,D,0.0008480481402392767,0.0017909911064152712,0.2932094841613872
275,-,-,,-,,V,0.0,-,,-,,-,,-,,-,,-,,-,,-,,-,,-,,-,,-,,-,,-,,-,,-,,-,,-,,-,,-,,-,,-,,-,,-,,0.0,0.0
276,-,-,,-,,N,0.002200128901735347,-,,-,,-,,-,,-,,-,,-,,-,,-,,-,,-,,-,,-,,-,,-,,-,,-,,-,,-,,-,,-,,-,,-,,-,,0.002200128901735347,0.36019087870155153
277,N,P,0.00037390416992944204,D,0.002875322249805471,H,0.003047438147157346,H,0.004042493108985851,H,0.004042374005355524,N,0.0007280092898117755,S,0.0007619968512359692,S,0.0005850079908009487,A,0.000543372003302592,A,0.0011772199645774225,M,8.703695153393933e-05,S,0.0005491248961656261,N,0.0003522629388666682,H,0.003989446363590828,H,0.003989680711814717,N,0.00032423711645152746,P,0.00010658580939018661,P,0.0010186435081257525,N,0.000537769332942762,H,0.0023994206189376166,S,0.0001744695474246892,I,0.0013939056457960425,N,0.0004804160170563264,S,0.0005617612925896637,S,0.00023742419098822905,S,0.00015374999998320058,N,4.915881959624624e-05,0.001280823390452458,0.209688124229762
278,L,L,0.0005839478406966547,L,3.8896434812389193e-05,H,0.00014235703136723253,L,4.4363956800189976e-05,L,3.8896434812389193e-05,L,3.8896434812389193e-05,L,7.00458868547608e-05,L,7.00458868547608e-05,M,0.002279874214208393,L,1.9422528952173652e-05,I,7.671214081572729e-05,L,0.0003465748337038782,I,0.00011424628354041232,L,3.8896434812389193e-05,L,3.8896434812389193e-05,L,3.8896434812389193e-05,L,0.00010333241577657432,L,3.556364503756978e-05,L,0.00011031498754087731,Q,0.002306492940447581,L,0.0005839478406966547,L,4.687696684109639e-05,L,3.8896434812389193e-05,L,0.00021132874924926077,I,0.00016952500022214637,I,8.201707304320108e-05,L,3.8896434812389193e-05,0.0002854874704128984,0.04673816281636869
279,A,A,0.0033948410334936918,S,0.0013894430197462406,V,0.0024744939673764887,L,0.0003374388301953967,L,0.00030737933860682453,L,0.0011328850279209146,S,0.0013894430197462406,S,0.0013894430197462406,K,0.0014442910712357928,S,0.0008438272081826027,V,0.0018189150716607903,A,0.0025432624953126404,E,0.0015365814727560318,L,0.00030737933860682453,L,0.00030737933860682453,L,0.0010898562060032918,R,0.0005627606107827478,H,0.0029184623254679583,A,0.0036646618232152295,K,0.0013222668180283162,F,0.002626907468643307,H,0.0017806434612949867,S,0.0005803359131006204,H,0.000885508667240628,F,0.001073255821653307,L,0.000825945610051066,L,6.673449799818562e-05,0.0014079386102471547,0.2304986061420169
280,T,K,0.001592233511030454,S,0.0017647557993224453,L,0.0029253653656800905,S,0.0028924234155507707,S,0.0029621494796769395,S,0.0023473805597174985,R,0.00318150717705526,R,0.003523328104382733,D,0.0023996241627034162,Q,0.0009379410321432057,E,0.002443327075304915,E,0.0006705045814263916,S,0.002106950156230351,S,0.002858133100433144,S,0.002858133100433144,S,0.003296583046459914,S,0.0016071831433910517,G,0.0010722097850775411,R,0.0016049809979865894,Q,0.0020377764743529426,K,0.001171207846541253,K,0.0030175701672721846,S,0.0021522850539557495,K,0.0004902288507785715,S,0.0026464890591790793,S,0.0027208953441825406,V,0.0036107461296185084,0.0022552560192550626,0.36921593395356356
281,L,K,0.0005929790234581116,W,0.0007518177360201425,I,0.00015734358078782165,R,0.00031421743880796326,C,0.001943648375662058,W,0.00014062480612815148,E,0.0012672551417598733,E,0.00126945698129556,H,0.00029870106333478735,E,0.0007335407808784593,L,0.00012432449363710695,Y,0.00020067108921003105,W,8.199945276748207e-05,C,0.0019784509492505866,C,0.0019784509492505866,W,0.001702537648543645,E,0.0012918721727636201,E,0.0013145878911360444,Y,0.00030438137362116596,E,0.0006339801250306057,E,0.0006871258939315488,K,0.00022902493270524668,S,0.001538192386693605,M,0.00013157939048745633,S,0.00014330631778880514,L,2.8010668162503473e-05,W,0.00043279234134328023,0.0007507730742391205,0.12291171353749297
282,V,V,0.0007463798519682567,I,5.387365333715742e-05,I,3.299610829366079e-05,I,6.920667696873285e-05,I,1.98396486252513e-05,I,5.566241574111637e-06,I,0.00034603162176204,I,0.00032873987164748334,V,0.00012326839415494376,I,0.0002506402981446883,V,0.0009635324598841653,V,0.0008447096536113754,I,0.0002469381177192131,I,1.98396486252513e-05,I,1.98396486252513e-05,T,0.001324104141962199,V,0.0007086013433514109,V,0.000897991597638032,V,0.0008993457482464437,I,4.70012269300153e-05,V,0.000300336349495347,V,0.0007151053979934042,I,0.00011029876380161276,I,0.00010599123710840661,V,0.0002570855066948531,V,0.0002916751267213575,I,9.152698360672528e-05,0.0003637209377219034,0.059546040260128226
283,N,S,5.2063995857951935e-05,R,0.0005462567636740876,N,0.003146519016679703,H,0.002700675569364145,H,0.0025867804269741543,R,0.0013415945950665078,A,0.0007673501663653544,A,0.0007071199438374898,N,0.00030892424762526846,K,0.000825737685541533,V,0.0013894430197462406,R,0.0002554919682650662,R,0.0009315043943161274,H,0.0025867804269741543,H,0.0025867804269741543,L,0.003119194832066439,A,0.0016130146148906782,A,0.0015842807379224937,R,0.00010855383306896592,M,0.00038307330701494314,E,0.0010316741859643767,E,0.0048776430633402585,G,0.002240496529944565,E,0.0019691099363467104,T,0.0009721838439602299,S,6.806716356540812e-05,R,0.0006686990092098732,0.0014581116186872915,0.23871260668666638
284,H,Q,2.6548950308970466e-06,H,0.00014246722217357423,H,0.00027782525956834137,H,0.00015433231363806666,H,0.00015433231363806666,H,0.0001514485942490937,Y,7.784562009481997e-05,Y,7.784562009481997e-05,H,0.00014057459490112768,F,0.0005914568980979138,H,9.640653751645028e-05,Q,1.403059654092654e-05,H,8.397877766066429e-05,H,0.00015433231363806666,H,0.00015433231363806666,H,0.00014246722217357423,Q,1.5731118271666548e-05,Q,3.9730628197577515e-05,Q,1.0041679091349422e-05,K,0.0005331856853770174,H,0.0001442884557898745,H,5.4375762927823056e-05,H,0.0011287886157786314,H,0.000168997895141734,H,3.992851080513762e-05,H,3.992851080513762e-05,H,0.00013815457367278837,0.00017516601957456323,0.02867704817633661
285,S,A,0.00018320895693588364,S,0.0006058625838401164,A,0.0016075460096878873,S,0.00031639420848198434,S,8.73733462007745e-05,S,0.00014249440470181173,V,0.00043203918873709903,V,0.00043203918873709903,A,0.0007988816973565702,V,0.0010352633973173386,A,2.5191818092826823e-05,S,0.00042735332034596026,S,0.0011620058380040056,S,8.541868730363062e-05,S,8.541868730363062e-05,S,0.0011788233674998524,A,0.00020259591989731953,A,0.00030786991920167837,S,0.00038126177805188316,S,0.001112448033621896,A,0.0008830019755014007,A,0.0008532954217931422,S,0.0011819988661514922,E,0.0011616836509565787,A,1.1362925834271137e-05,A,1.1362925834271137e-05,S,0.0010757170614405414,0.0005847375251418869,0.09572944695399574
286,L,L,7.85754042001226e-05,L,0.0001158925581682087,L,0.00012031266355316118,L,0.0001681717235951245,L,0.0001681717235951245,L,0.0001545350874827642,L,0.00016465843974003758,L,0.00016465843974003758,L,0.0001039943667315867,M,0.00521821890115336,L,0.00013895860110182132,L,5.973346938032274e-05,L,0.00017909001446812672,L,0.0001681717235951245,L,0.0001681717235951245,L,0.00016385757570202216,L,1.7132092874284877e-05,L,5.5874787996340014e-05,L,0.0002524176333333314,L,0.0001344161665425252,L,4.276762062534134e-05,L,0.00019037044485434838,L,0.00029785725129505465,L,0.00031843548274343935,L,2.8235509832026443e-05,L,2.6047735023501963e-05,L,0.0001945614129162358,0.0003293810575495741,0.053924137105262476
287,E,E,0.0002526313552482681,D,0.0004329400095541602,E,0.00014652999095274128,E,0.00016327046914898726,E,0.00015263740773472278,E,6.795735321140254e-05,E,5.444253186844416e-05,E,5.444253186844416e-05,D,0.0010046922308054392,E,8.039624591185533e-05,E,2.9326258323933428e-05,D,4.142634542522407e-05,E,0.0003478589829958174,E,0.00015263740773472278,E,0.00015263740773472278,E,3.2733232453887004e-05,D,4.133946858305275e-05,D,7.769537046534729e-05,D,4.6712358863640474e-05,A,0.0013299917299360044,D,0.0010977383416177684,D,0.0009211608124367005,E,0.00014213217298579992,R,6.990255500652522e-05,E,0.00015010930507662753,D,0.00010120832141264442,E,0.00040169421274294015,0.0002794905337074009,0.04575638311256723
288,F,L,0.0006412433969468307,L,0.0002301116756630506,L,0.00034187300621371864,I,0.00242680689794601,I,0.0016143660014304479,I,0.00022786984055435755,H,0.003311287967583072,H,0.003311287967583072,I,0.001403289649106078,Y,0.00015273643274929153,L,0.0010394646511854393,H,0.0005018265072204152,I,0.001890292568463478,I,0.0016143660014304479,I,0.0016143660014304479,L,0.0006554632453011077,V,0.0007427747972487926,V,0.0001629109829515993,H,0.001012542536184206,Q,0.0009810738214332205,G,0.0017080982963281542,M,0.00024817664220672255,I,0.0016984027440632066,V,0.00089890577760255,Q,0.002050216294603041,N,0.0032433256069066443,L,0.000606469722870819,0.0012714647790076376,0.20815599287278674
289,P,P,0.00013044760730224043,P,5.6320654528382505e-05,P,6.268174219303043e-05,P,7.99860881659313e-05,P,7.99860881659313e-05,P,5.263351275277014e-05,G,1.719610987922063e-05,G,1.719610987922063e-05,P,8.615146104831833e-05,G,0.00027536975122332354,P,4.286087428657711e-05,P,6.248602741076953e-05,P,3.532916677986927e-05,P,7.99860881659313e-05,P,7.99860881659313e-05,P,3.443269924519677e-05,P,0.00090019112016957,P,0.00090019112016957,P,0.00012497392972887493,P,4.574605282512327e-05,P,0.00033351282929906025,P,2.7500505015793975e-05,P,7.99860881659313e-05,P,0.00035081717527196113,P,2.9733504021677853e-05,R,2.9733504021677853e-05,P,5.263351275277014e-05,0.0001506692374309132,0.024666593389472875
290,L,R,0.0028302477854364803,L,0.0003528664023483341,L,0.0003932772069881086,L,0.0003574258724937763,L,0.0003574258724937763,L,0.0007359307167376376,W,0.0006795976526700818,W,0.0006795976526700818,L,0.0003840399736033697,W,0.0006346502741513894,R,0.001610155809538824,Y,0.0023634651047094923,L,0.0002810501869796764,L,0.0003574258724937763,L,0.0003574258724937763,L,0.0002570573219381177,R,0.0028556477914275843,R,0.002866766915362138,Y,0.0020699387299090784,R,0.001546097492971853,F,0.0013894430197462406,L,0.00012074511290751394,L,0.00018308114366851448,W,0.0019792803530800716,L,0.0001247976901776832,L,0.00022484575293559058,L,0.0010435532650073314,0.0010013272905533444,0.16393082985627616
291,H,H,0.0,H,0.0,H,0.0,H,0.0,H,0.0,H,0.0,H,0.0,H,0.0,Y,0.0,H,0.0,H,0.0,H,0.0,H,0.0,H,0.0,H,0.0,H,0.0,H,0.0,H,0.0,H,0.0,H,0.0,Y,0.0,H,0.0,H,0.0,T,0.0,H,0.0,H,0.0,H,0.0,0.0,0.0
292,W,R,0.00038604799168866905,W,5.3595899893748315e-05,W,0.00016077896208182543,W,0.0005421691994715227,W,0.0005421691994715227,W,0.00020985301455062934,T,0.0012609591111171735,T,0.0012609591111171735,R,0.0009191632492399173,T,0.001032153473524146,W,9.136224399757717e-05,L,8.194688094626954e-05,W,0.0005390686805766597,W,0.0005421691994715227,W,0.0005421691994715227,W,0.00010020126982312787,L,0.00011226308995472546,L,0.00011582913013025506,V,0.0003973750020865001,K,0.0004794016274692068,T,0.0002057742393669531,W,9.612333588406926e-05,W,0.00041970723162694734,A,0.0013894430197462406,W,0.0008638342102449737,W,0.0008638342102449737,W,0.0001953618081429288,0.0004964338367163252,0.08127293801876743
293,R,R,0.0009159062221921907,R,0.0010416228326895788,R,0.00043629873854269564,R,0.001139852642739791,R,0.0012617157978635984,R,0.0012410224067865797,N,0.0004592714864564644,N,0.0004592714864564644,R,0.0010144952778588243,N,0.0004981489487320285,M,0.0003787975674957809,S,0.0002018202676985691,R,0.0009505780890900649,R,0.0011395749997441,R,0.0011395749997441,R,0.0011509871575045981,R,0.0009090017338238886,R,0.0009960714677236776,S,0.00023302187656316255,T,0.0006557084209961514,T,0.0010829063296755286,R,0.00013239191332608402,R,0.000538607460843776,R,0.0005731477713554115,R,0.0008574430171150053,R,0.0008573618219839548,R,0.0003241311124358273,0.0007625456239791814,0.12483903926467453
294,M,M,0.0011974057998991087,I,0.0011759216634032585,I,0.0012583717358619695,I,0.0011490782932615446,I,0.0011723135433324055,I,0.0008708249173991874,L,0.0016350078059786041,L,0.002932142205208958,M,0.0007049006181377179,L,0.0012784071599451535,V,0.000589283049611666,L,0.001178760952836899,A,0.002133387308780238,I,0.001258452035986531,I,0.001258452035986531,I,0.004630314358354254,M,0.0012619018818588999,M,0.0013802048435498588,L,0.0010024292984256679,V,0.000499398738010407,L,0.000950635989092169,L,0.0019114501822458294,I,0.0011285653672563974,M,0.0016088131320731883,V,0.0013447388102389777,V,0.00027317331077857506,I,0.0011855148712582653,0.0013692537003248985,0.2241653628095933
295,P,A,0.00044675142898778627,Q,0.0006909654434719965,T,0.0012905035930385097,Q,0.00015243938314932516,Q,0.00015243938314932516,Q,0.00018714372371010171,P,3.430220568310828e-05,P,3.430220568310828e-05,L,0.00012114574485871904,P,2.3077024637742658e-05,P,0.00019389914076727705,T,0.0002304397280107117,Q,0.00023643099279018682,Q,0.00015243938314932516,Q,0.00015243938314932516,Q,0.0001659961889190271,A,0.001828275703433669,A,0.0018180285118616257,N,1.1201958738201627e-05,R,0.0002699419758905276,D,0.0008542210058164878,E,0.0018580625249203877,Q,0.00019651736727040712,D,0.0001676001348127911,P,9.35312479749345e-05,P,0.00025903248913491,H,0.0002865296143726573,0.00044102435138452514,0.07220165533423019
296,R,R,3.646911988118833e-05,G,0.0012381926167462573,R,8.187966013966695e-05,R,6.599727175903247e-05,R,6.599727175903247e-05,R,6.599727175903247e-05,R,5.516279718403607e-05,R,6.61001377415723e-05,R,0.0001438759053732242,R,5.491683136861705e-05,R,0.00010958430510628708,Q,0.00011062228516007113,R,0.00013190251007853313,R,6.599727175903247e-05,R,6.599727175903247e-05,R,8.028089718464321e-05,R,0.0001323278369178439,R,0.0001323278369178439,Q,5.3561246433920976e-05,G,0.0017243783701461647,R,5.656669831937765e-05,K,0.00048561877245228947,R,6.599727175903247e-05,H,0.00022590781934831594,R,7.81457978538864e-05,R,0.00013636715549588703,R,6.453557170784264e-05,0.0002072114000782098,0.03392331068069712
297,L,L,0.0008887794136830529,L,0.0009916263072348944,S,0.0018271594993411497,L,0.0013270245967733345,L,0.0013270245967733345,L,0.0009094861287910512,L,0.00017944752266985938,L,0.0001072688036919467,L,0.0001639137073783845,L,0.0006511577570293633,L,0.0005937736784567235,Y,0.0027336228769882054,L,0.0009162128830467838,L,0.0013270245967733345,L,0.0013270245967733345,L,0.0012899179888139845,L,0.0008368800656136265,L,0.0005345903071459168,Y,0.0037156115526928903,L,0.0016130024298736123,L,0.000889931342122506,L,0.0002488547482875783,L,0.0011246507512806048,V,0.00017928826567391865,V,0.0017181424398719177,V,0.0017636012196600602,I,0.0013894430197462406,0.0011323874480069487,0.1853871514557712
298,E,E,5.516304718687585e-05,E,3.9319213440775146e-05,E,1.97472547010476e-05,E,0.00011844985326490017,E,0.00011844985326490017,E,0.0002555579796627003,E,0.00018331098838505,E,0.0001833109883850498,E,9.213201707055599e-06,E,8.498215288380795e-06,E,0.00018401810964357863,K,0.00018605270990079556,E,4.2686936126372015e-05,E,0.00011844985326490017,E,0.00011844985326490017,E,5.1106193842791124e-05,E,0.00018801827591861147,E,0.00018505030719245444,K,5.418607355641642e-05,T,0.0001505283956494914,H,0.00018525600458349912,E,0.00019873455080884428,E,3.931921344077514e-05,E,4.13332027967713e-05,E,4.149458795587427e-05,E,4.149458795587427e-05,E,3.581770214663022e-05,0.00010566730197538208,0.01729916747992129
299,A,A,0.00015454979385820124,A,5.7773123603393665e-05,A,0.0010360116139235132,A,6.9788520771938e-05,A,6.9788520771938e-05,A,0.00022002265141994403,A,4.333431774480335e-05,A,3.5697981594627264e-05,A,0.0002456147402968291,A,7.387325977039401e-05,T,0.0005693126088009468,-,,A,0.0001903882060380695,A,6.9788520771938e-05,A,6.9788520771938e-05,A,0.00024703751869872023,-,,-,,A,0.0005308828547968353,S,0.00021253815907051215,H,9.688167241599612e-05,A,0.00023433495833006314,E,8.33955795793972e-05,N,2.0483865820933778e-05,A,5.091758448145489e-05,S,0.00031614899674519965,A,0.00012675297864223398,0.0002010461061966592,0.03291396862855761
300,-,-,,R,0.00010729535517459981,R,0.00021891420836027298,R,9.915562208477884e-05,R,9.915562208477884e-05,R,0.0003890771054411271,-,,-,,-,,-,,-,,A,0.0012981876172595938,R,0.00015127561301298516,R,9.915562208477884e-05,R,9.915562208477884e-05,K,0.0002602312457142761,A,0.0007125770373080215,A,0.0007889737526142503,-,,K,0.00020774331569388827,-,,R,0.000336431873455262,R,0.0001475535364824686,-,,K,0.00012444716857893442,K,0.00012444716857893442,R,0.0006633238164743236,0.00032928340569378075,0.05390815017480704
301,R,R,0.0005903755966590988,W,0.0001339212291586356,W,0.0005272787502290089,W,0.0001845667971457534,W,0.00015628953539240193,W,0.00015825755512879035,R,0.0006447917998957557,R,0.0006447917998957557,R,5.877921592902254e-06,R,3.8215702407324544e-05,R,9.839870297963761e-05,R,1.2640128357407538e-06,W,0.00019405473274032673,W,0.00016752479900063245,W,0.00016752479900063245,-,,R,1.6556867987676463e-05,R,1.6556867987676463e-05,R,1.7971399555852737e-05,-,,R,1.717103736096934e-05,W,0.00023133190028843534,W,0.00018395801985413102,R,4.5493838372585316e-05,-,,-,,-,,0.00019282607570316926,0.03156823838335771
302,W,R,0.00030204120640454923,-,,-,,-,,-,,-,,N,0.00020646022888109954,N,0.0005606797816885316,W,0.0026759152290209806,N,0.0009962973939512492,W,0.0007283770986764201,H,0.0011976231126360616,-,,-,,-,,W,0.00033676486792927156,R,0.00016438491969831949,R,0.0007063074264714554,H,0.00020638921381144776,R,0.0026838270168025678,W,0.00010603433516704258,-,,-,,I,6.65159494739987e-05,W,0.0006342830605597584,W,0.00042676787384665757,W,0.0002970397511602485,0.0007232769685988035,0.11841022890009521
303,F,Y,0.0010077650862459308,F,3.077060625212707e-05,F,0.0001898321610266947,F,0.0002987160703999482,F,0.00022318483113031604,F,0.00017792190994366614,Y,0.0006134515864832002,Y,0.0006134515864832002,Y,0.0001167410473419771,Y,0.0006036788747344195,Y,0.00015803279915431825,H,5.034269977714603e-05,F,0.00017178126124301968,F,0.00022318483113031604,F,0.00022318483113031604,F,8.376414144695984e-06,F,0.000653771988485071,F,6.154467049700074e-05,H,1.5270660823461877e-05,F,4.013944312069431e-06,N,2.2905381552569838e-05,Y,0.0002025466651842986,F,1.8312009365985513e-05,W,4.057616731818401e-05,F,0.00017939926828625227,F,0.0007114433219139031,F,0.0007466504273477434,0.0002728463371002901,0.044668638202578784
304,I,I,0.00027211818418001354,L,1.2745286088559405e-05,I,0.0006579560725027614,L,0.00017445236311327135,L,0.00017445236311327135,L,0.0001339720135068085,I,0.000571289866208379,I,0.0005702400031323612,I,3.221491898267373e-05,I,0.0003400663351345124,I,0.00023222954590927447,L,0.00016104639900485734,L,0.00011825204492071074,L,0.00017445236311327135,L,0.00017445236311327135,L,9.475655935294231e-05,I,0.00031677725359483607,I,0.00031083140161245517,L,1.0825158381071003e-05,T,0.0028210828262638485,I,0.0010902005867771398,M,0.0035096314342277844,L,5.04144716266709e-05,I,0.00032400069302048737,I,0.00028152492740770777,I,0.00030164759117634344,L,0.00018964961426411978,0.00048523269036034836,0.07943915875917872
305,N,E,0.00020689074275688548,D,0.0007200957419813876,D,2.4731855167889038e-05,D,3.831308561609852e-05,D,3.831308561609852e-05,D,9.290270039343463e-06,D,0.0008482360744888165,D,0.0008482360744888165,D,0.0007172368444547735,D,0.0008065694427868182,S,0.0009911222046656005,R,7.064328971936133e-05,D,0.00015217884658363508,D,3.831308561609852e-05,D,3.831308561609852e-05,D,0.0009761650291863363,E,0.00020689074275688548,E,0.0002096557159424978,S,0.00014192488254130642,S,0.0012045383438915292,E,2.5538609225275505e-06,D,1.2460894472933052e-05,D,0.000160618331118966,E,7.797234720995536e-05,E,0.0014164537440810217,E,0.0014164537440810217,D,0.000179706205136946,0.0004279213915162834,0.07005652346272458
306,I,E,0.0009426622774383394,A,0.00011992071542768381,V,0.000640147809570869,A,0.00016045159572844795,A,0.00016275512518160222,A,0.00018097618954132562,V,0.0014524167244324188,V,0.001374628159174633,A,0.00091949080253929,T,0.0009189416464412762,I,0.00151138660702813,Y,1.3848031029534553e-05,A,4.001598543246208e-05,A,0.00016275512518160222,A,0.00016275512518160222,A,0.00019037726563989488,Q,0.0005855630532481886,Q,7.80696634967285e-05,Y,4.965344324593668e-05,M,0.0019575776856041362,N,0.0003078198742133151,I,0.00011031711515172563,A,1.3473044021225438e-05,E,0.0008497897874466543,L,0.000292635905003855,V,0.00017535331735245397,A,5.9528201817223086e-05,0.0004975300102063167,0.08145239645516085
307,Y,Y,2.6391406963629956e-05,Y,3.9994186196735585e-05,Y,0.00017223260091371213,Y,0.00010943830275947887,Y,0.00010943830275947887,Y,8.442702267961289e-05,F,9.46677170945881e-05,F,9.46677170945881e-05,Y,9.204763054537296e-05,L,0.0012722349896730405,-,,L,1.5192084013947247e-05,Y,0.0005557199553529711,Y,0.00010943830275947887,Y,0.00010943830275947887,Y,0.00011491482585028001,Y,2.4390589856232192e-05,Y,2.2503456283159074e-05,L,1.972063580954213e-05,I,1.321149818906973e-05,F,3.976444498674912e-05,Y,4.698781125456416e-05,Y,9.582954003910871e-05,I,7.456847631241544e-06,Y,2.7497416669836534e-05,Y,3.331014298042835e-05,Y,3.8562421156991566e-05,0.0001295953135489737,0.021216506826481813
308,R,G,4.1344968937668106e-05,-,,-,,-,,-,,-,,G,0.0003367173505341343,G,0.0003367173505341343,G,1.6704589179136443e-05,-,,-,,-,,-,,-,,-,,-,,-,,-,,Q,0.0005169303061001981,-,,N,0.0017291272944557777,-,,-,,A,0.0005369579507229549,-,,-,,-,,0.0005020714014948577,0.08219588367423104
309,-,-,,-,,-,,-,,-,,-,,-,,-,,-,,-,,-,,-,,-,,-,,-,,-,,-,,-,,-,,-,,I,0.00024612783391635,-,,-,,S,0.0016303099021286562,-,,-,,-,,0.000938218868022503,0.15359912695154024
310,-,-,,-,,-,,-,,-,,-,,-,,-,,-,,-,,-,,-,,-,,-,,-,,-,,-,,-,,-,,-,,-,,-,,-,,S,0.0,-,,-,,-,,0.0,0.0
311,-,-,,-,,-,,-,,-,,-,,-,,-,,-,,-,,-,,-,,-,,-,,-,,-,,-,,-,,-,,-,,-,,-,,-,,A,7.276301300624866e-07,-,,-,,-,,7.276301300624866e-07,0.00011912290034925304
312,-,-,,-,,-,,-,,-,,-,,-,,-,,-,,-,,-,,-,,-,,-,,-,,-,,-,,-,,-,,-,,-,,-,,-,,L,0.0,-,,-,,-,,0.0,0.0
313,-,-,,-,,-,,-,,-,,-,,-,,-,,-,,-,,-,,-,,-,,-,,-,,-,,-,,-,,-,,-,,-,,-,,-,,W,0.0,-,,-,,-,,0.0,0.0
314,-,-,,-,,-,,-,,-,,-,,-,,-,,-,,-,,-,,-,,-,,-,,-,,-,,-,,-,,-,,-,,I,0.0002865478140685434,-,,-,,F,0.000424641601156012,-,,-,,-,,0.0003555947076122777,0.058215666407301504
315,-,-,,-,,-,,-,,-,,-,,Q,6.918244384451674e-05,Q,5.013889798163985e-05,-,,E,0.003311579898962287,-,,-,,-,,-,,-,,-,,-,,-,,-,,-,,E,0.0022175900928653983,-,,-,,G,0.002248663223649778,-,,-,,-,,0.001579430911460724,0.25857421690098004
316,-,-,,-,,-,,-,,-,,-,,D,0.001995042838270751,D,0.001995042838270751,-,,K,0.0009386650201622345,-,,-,,-,,-,,-,,-,,-,,-,,-,,-,,Q,0.0008158247628942065,-,,-,,K,0.0003747643959040089,-,,-,,-,,0.0012238679711003904,0.2003637512227734
317,-,-,,-,,-,,-,,-,,-,,-,,-,,-,,-,,-,,-,,-,,-,,-,,-,,-,,-,,-,,-,,H,0.00010443700823475483,-,,-,,-,,-,,-,,-,,0.00010443700823475483,0.017097751743257852
318,-,-,,-,,-,,-,,-,,-,,-,,-,,-,,-,,-,,-,,-,,-,,-,,-,,-,,-,,-,,-,,M,0.0,-,,-,,-,,-,,-,,-,,0.0,0.0
319,-,-,,-,,-,,-,,-,,-,,-,,-,,-,,-,,-,,-,,-,,-,,-,,-,,-,,-,,-,,-,,L,5.2399026971811534e-05,-,,-,,-,,-,,-,,-,,5.2399026971811534e-05,0.008578429906173472
320,-,-,,-,,-,,-,,-,,-,,P,0.007275891987603807,P,0.005563802815888515,-,,D,0.004165108147159775,Y,0.003347223157906215,-,,-,,-,,-,,-,,-,,-,,-,,-,,E,0.00023947721991402282,-,,-,,S,0.004662521666284289,-,,-,,-,,0.004209004165792771,0.6890709484065283
321,-,-,,-,,-,,-,,-,,-,,I,0.0017075946687315775,I,0.0017372314613303182,-,,T,0.00300182403885836,E,0.0008996995695284933,-,,-,,-,,-,,-,,-,,-,,-,,-,,T,0.0021046467527491924,-,,-,,S,0.003284366696899701,-,,-,,-,,0.002122560531349607,0.34749188662583724
322,-,-,,-,,-,,-,,-,,-,,Y,0.005064027266681769,Y,0.0018933258980611087,-,,S,0.002905222706394525,R,0.00010637446160522644,-,,-,,-,,-,,-,,-,,-,,-,,-,,P,4.172528145364663e-05,-,,-,,Y,0.0012509324974292507,-,,-,,-,,0.001876934685270921,0.30727961121728653
323,-,-,,A,0.0009367089682778435,E,0.004078804920149793,A,0.0012490312222572257,A,0.0012432818600170731,A,0.0007962297932579308,G,0.00267044696357685,G,0.0033893935989311435,-,,A,0.0054603617692407964,M,0.00016787820410015745,-,,A,0.0011364503157882315,A,0.0012491923720217245,A,0.0012491923720217245,A,0.0011684553724799136,-,,-,,-,,K,0.00046735341814152287,Y,0.0013894430197462406,M,0.0006883627444872085,S,0.0005505312287305828,L,0.0010171362376408587,E,0.0016783530775782438,E,0.0015838313113918064,A,0.001816061333066726,0.0016184047668049335,0.2649547645096886
324,-,-,,-,,-,,-,,-,,-,,-,,-,,-,,-,,-,,-,,-,,-,,-,,-,,-,,-,,-,,I,0.0,-,,-,,-,,-,,K,0.0,K,0.0,-,,0.0,0.0
325,-,-,,-,,-,,-,,-,,-,,-,,-,,-,,-,,-,,-,,-,,-,,-,,-,,-,,-,,-,,A,0.0,-,,-,,-,,-,,-,,-,,-,,0.0,0.0
326,-,-,,-,,-,,-,,-,,-,,-,,-,,-,,-,,-,,-,,-,,-,,-,,-,,-,,-,,-,,G,0.0,-,,-,,-,,-,,-,,-,,-,,0.0,0.0
327,-,-,,R,0.0024791945153030837,K,0.004805636896639873,T,0.004268970865515836,T,0.0046993449897418955,T,0.004774948349064518,T,0.007374237837779997,T,0.007374237837779997,-,,W,0.007374237837779997,S,0.0050472205890315855,Q,0.004825787702941679,R,0.003510600236871799,T,0.004555697540391335,T,0.004555697540391335,S,0.0040136312446946674,G,0.0017914843976060987,G,6.141699705493705e-05,-,,Q,0.002567689223010405,L,0.0037313743397887765,R,0.004595300037821345,R,0.004593193223260638,R,0.0013163761809268323,-,,-,,T,0.0031064292802139245,0.0041555776210732065,0.6803242999381821
328,H,G,0.00013463709669812925,-,,-,,-,,-,,-,,P,0.005390951913981844,P,0.005390951913981844,K,0.0005201243682264544,L,0.0020830837636733606,-,,S,0.0003244001032126368,-,,-,,-,,-,,K,0.00011861755867375935,K,9.392463231133411e-05,T,0.00021225880823343634,E,0.00044896096614287055,S,0.0017959935769315003,-,,-,,L,0.000828155862668079,K,0.00010597201057676048,R,0.00023462425321060532,-,,0.001263046916323044,0.2067778748203575
329,N,E,0.0004580842635479167,R,0.0012178222084355086,K,0.0009063477709593867,R,0.0009218873410062932,R,0.0009737751539834819,R,0.0008787718621186364,N,0.004206063254763994,N,0.004057699228020175,R,0.0006986033844569781,N,0.0027461927405253773,-,,L,0.0013053297436007808,R,0.001859734650279946,R,0.0009737751539834819,R,0.0009737751539834819,R,0.0012714828026242069,Q,0.0011516232514360172,Q,0.0020248147723364858,L,0.0009140972754147971,D,0.0001306642796099367,N,0.0013464894446828253,E,0.000541785632849186,R,0.000767126503444213,S,0.0035923133882319732,N,0.000874737602096811,V,0.0003792123269206508,R,0.00031631789218288116,0.0013649433492882853,0.22345970000676146
330,Q,N,0.0030860304763911128,P,0.0022687806163658123,Q,0.0021002796297575023,H,0.0036122549129606056,H,0.0036487031301500896,H,0.006121357875155947,I,0.0031972897992971435,I,0.003430543608003847,K,0.002413705344579503,K,0.003086891118201586,-,,P,0.0026437642796307095,P,0.003115180026609783,H,0.0035172606670312687,H,0.0035172606670312687,P,0.0030866836809951416,S,0.00048177538041304345,S,0.0004647819565764006,P,0.0027393799197569482,P,0.0027850365886261325,Q,0.0029678798207052625,E,0.0011621371352175229,K,0.003511608188594673,C,0.0013894430197462406,G,0.0033793307707408507,G,0.003358931427632681,H,0.0014343189367969145,0.0027892541914218455,0.456638662097386
331,D,G,0.0004204084575556281,D,0.0001549890946473262,D,0.000622664013401892,D,0.0006067644677852771,D,0.0006067644677852771,D,0.00013969880619152226,K,0.0033570061250186617,K,0.0032132076624696378,D,0.00024087134077372635,N,0.0019366592072666145,N,0.001352212590778183,S,0.00018375442546550167,D,0.0001552165565823687,D,0.0006067644677852771,D,0.0006067644677852771,D,0.0001228737002341254,D,0.00025091265151298587,D,0.00024179635396465843,I,0.0024414446963930566,E,0.0008369202843742964,H,0.0016940361389356613,G,0.0009608876055647556,D,0.0001623111707407151,F,0.0003624263372390785,-,,A,0.000777871092029737,D,0.00020338161146281935,0.000856100299759387,0.14015520589897135
332,V,H,0.00016741386139190072,M,0.001865652104745787,M,0.00026057180335735907,M,0.0016492714301393938,M,0.0017430902175370648,V,0.0007271195315858567,M,0.0016083616886502267,M,0.0015719319511916879,A,0.0002257953295734771,A,0.001989353624023008,A,0.0013309845426609066,R,0.0002611375769618549,M,0.0009294538565467927,M,0.002737018101408892,M,0.002737018101408892,M,0.0015369193352795269,H,0.00032008261718981034,H,0.0003303541587002993,R,0.0003170964612734299,W,0.00019889852755871476,T,0.0008678439512059974,M,0.0005200124214881672,M,0.000730945035933345,H,0.0003090023219398627,M,0.0001826526463185885,-,,M,0.0009193648006372001,0.0010014363845656938,0.16394869002262288
333,N,S,0.00020817954337664507,N,0.0007217170758787351,D,0.0003433444994625866,N,0.0009469007101014064,N,0.0013268655386798477,N,0.0006566382220838525,T,0.0018484916681705517,T,0.002161342670576976,N,0.0001800984316918823,G,0.0017753811299085292,N,0.0005051528928699369,D,0.0003867062430659892,N,0.00016537102901798128,N,0.0009119209612307392,N,0.0009119209612307392,N,0.0013637802772291944,D,0.0002548920682884544,D,0.0009066258768804747,C,0.0006190624717305421,L,0.0012603840844111981,S,0.0008614395706452286,N,0.0006652062835387441,N,0.0003616798860223142,K,0.0008075103528043452,S,0.00310374270023541,S,0.0030407641969729775,N,0.00037895620687374406,0.0009879287241844083,0.1617373031997418
334,P,P,0.0007957714668603884,P,0.000193330247584963,S,0.00016812575100941257,P,0.00046634029784634675,P,0.00046634029784634675,P,0.00026897737836027084,Q,0.0015463062330326736,Q,0.0015463062330326736,K,0.0005831343833548737,K,0.0015338445842358044,P,0.00022447759196881056,A,0.0006327343617961823,P,0.0002696154068804791,P,0.00046634029784634675,P,0.00046634029784634675,P,0.00029500481836501553,G,0.0006515771328930265,G,0.0006020623641554015,T,0.00024898681571834745,Q,0.0009092033526639597,R,0.0009078252695494048,S,0.0002957659680711612,P,0.00046634029784634675,M,0.0006546071190101533,P,0.00024254124243415384,P,0.00024254124243415384,P,0.00053782224031479,0.0005808245441836236,0.09508883901116674
335,I,D,0.005418322376862431,L,0.00012444949420309961,T,0.00012141568113571611,I,0.0001165812380161456,A,0.004453217096731255,I,1.7861562551544448e-05,K,0.00037829718770193227,K,0.0006947967612478578,Q,0.0006741874917632789,K,0.00021143616910930594,L,0.001170557884833764,A,0.0059339395817045015,V,0.0004056379946634157,V,2.9873426882496918e-05,V,2.9873426882496918e-05,I,0.0003751273970332519,D,0.005645954578635863,D,0.0059265013510089014,A,0.007116677898102739,S,0.0007260511771239071,D,0.007374237837779997,S,0.0010591090307630134,I,0.0009137713122133616,S,0.0006531725740195555,T,0.0013894430197462406,T,0.00010837652041048454,I,0.0009147323592503933,0.0019253186085324797,0.31520071430395724
336,L,L,2.7045349634508685e-05,I,6.387685431488977e-05,L,4.863316909028108e-06,I,6.492132679627296e-05,I,6.492132679627296e-05,I,0.0003939511411650121,L,6.470189628657986e-05,L,6.470189628657986e-05,L,7.496952511231677e-05,L,4.135800549284023e-05,L,2.8699646567190193e-06,V,5.76227262084209e-05,I,0.0003516652338449634,I,6.492132679627296e-05,I,6.492132679627296e-05,I,0.0018263166617116591,L,1.2575443195094035e-05,L,2.2886627249889975e-05,M,8.167813821489665e-05,L,5.247060697125983e-05,I,0.0003428147073459559,L,2.3174320083667184e-05,I,8.419081076147837e-05,L,1.4990720968594435e-05,L,1.7085979787899363e-06,L,5.140929725897052e-06,I,4.173497650315688e-05,0.00014507384288175147,0.023750551571307225
337,L,L,9.835226154883533e-06,F,5.4957078812001016e-05,L,0.00012047243488120113,L,8.933451912009304e-05,L,8.933451912009304e-05,L,1.771639600610555e-05,L,0.00011707120394635762,L,0.00011707120394635762,L,0.00016250360982202747,L,3.0950049523066556e-05,L,8.632575398618546e-05,E,2.3509769871281652e-05,F,0.0001341090779927995,L,8.933451912009304e-05,L,8.933451912009304e-05,F,0.00011785016677781982,L,0.00020229987494209054,L,0.00016138542950827495,E,5.611463721062127e-05,L,5.18065288796947e-05,L,0.0004497189360580619,L,5.507818256290714e-07,F,0.0002604884273964121,Q,0.00014345141889587524,V,0.001592931533196149,I,0.0005713749910392325,F,6.445469988557153e-06,0.000179491780634854,0.02938523380861031
338,E,E,0.00015327813472912474,K,0.0004877558364889282,E,0.0001369263127104076,E,0.00017418793793512515,E,0.00017553996540933947,E,0.0001449805175362554,E,5.8214698911706906e-05,E,5.821469891170692e-05,E,9.150107497433553e-05,E,0.0001900883677522067,E,6.794392558823919e-05,R,0.0008761353030559897,E,8.951828534139384e-05,E,0.00017418793793512515,E,0.00017418793793512515,E,0.0001246378082366191,E,0.0002153124982668068,E,0.0002153124982668068,E,0.0008251590271686368,R,0.00012910002564961212,A,8.909654162876448e-05,E,5.346547212756154e-05,E,0.00017307115028931367,Q,0.0010485840187012228,E,4.4446724811618976e-05,E,3.493245416207199e-05,E,0.00014006163260418572,0.00022762373285660113,0.03726508582577981
339,F,L,0.0001493610597622134,L,6.273681667350929e-05,F,0.00023394528418010498,L,0.0004212079846396357,L,0.0004212079846396357,L,3.193536858320462e-06,I,0.004345080281188901,I,0.004345080281188901,L,0.00018184089380587624,L,2.750006593530678e-05,L,0.00014869932422997592,L,8.232983669469284e-05,L,0.00016573198863216736,L,0.000488068948353898,L,0.000488068948353898,L,0.0005614585097408855,L,0.0004152726044411806,L,0.00040598829588122325,L,2.6020685034990374e-05,V,0.00025330261017776867,L,0.00017693887037169794,L,0.0005081369529370912,L,0.00019411322312466194,L,1.5885329074503257e-05,L,0.0002097104412165866,L,0.00023657743084702586,L,0.00016233225099777509,0.0005455477940363863,0.0893135575614088
340,A,A,1.7878079750245183e-05,A,1.1805470491539621e-05,A,6.785241096827047e-06,A,1.5278068983913493e-05,A,3.3331294255006825e-05,A,2.120453936087807e-05,A,2.573331834996915e-06,A,2.573331834996915e-06,A,4.5088787645071565e-06,A,2.573331834996915e-06,A,1.1805470491539621e-05,A,7.216543293109655e-06,A,3.345791349187536e-05,A,3.3331294255006825e-05,A,3.3331294255006825e-05,A,1.0609131560917037e-05,A,6.070407235279238e-06,A,5.802863826654627e-06,A,3.1363077400705922e-06,A,3.599343248269615e-06,S,3.990930313555486e-06,A,8.683950419736306e-05,A,7.027778056467772e-06,A,2.7597603581811717e-06,A,6.083348995036052e-06,A,6.083348995036052e-06,A,0.0005150949944855552,3.313895566691972e-05,0.005425295559503265
341,E,K,0.0002654290196265539,K,1.4966696223739615e-05,K,0.00029603670617574376,K,1.4925132482106625e-06,K,1.4925132482106625e-06,K,1.4925132482106625e-06,K,3.876473923630687e-05,K,3.876473923630687e-05,I,3.730069718011344e-05,K,3.876473923630687e-05,K,4.637905799269005e-05,V,0.00010839472520043373,K,4.195753026991616e-06,K,1.4925132482106625e-06,K,1.4925132482106625e-06,K,4.289599979605625e-05,I,9.901616154461897e-06,I,9.901616154461897e-06,L,4.176633791748222e-05,E,0.0013245324807839218,I,1.2102338806066275e-05,M,1.5225563268363034e-06,K,2.9037934104324964e-06,V,2.8891505086729953e-05,K,1.2231629563207115e-05,K,1.2231629563207115e-05,K,4.6929443111635645e-06,8.889014397223214e-05,0.014552519645558969
342,L,L,5.0050958475360125e-05,L,0.00018025728054477723,L,0.0001962668187767221,L,0.00019105980633612758,L,0.00018083216700681942,L,2.4513590620716706e-05,L,7.95916104512648e-06,L,7.95916104512648e-06,L,1.2018969250143158e-06,L,7.95916104512648e-06,L,2.1844316605268393e-05,A,1.595350775894822e-05,L,2.4513590620716706e-05,L,0.00019105980633612758,L,0.00019105980633612758,L,3.324968293765048e-06,L,3.782322602715221e-05,L,3.782322602715221e-05,A,9.666295981157191e-06,I,0.00018027055508548106,R,0.0015539014788282647,L,0.0001962668187767221,L,0.00018985420484846413,K,1.0732061961717683e-05,L,0.00018032770390788503,L,0.00018032770390788503,L,1.2082837651454732e-05,0.00014388489299167436,0.02355590438254424
343,D,D,7.555246692690613e-05,N,0.0035466070195762493,D,9.844464110721123e-05,D,4.15712443734499e-05,D,0.0002386900325563658,D,0.0001944497047141051,E,0.0001892830400170908,E,0.0001892830400170908,D,0.00013263282152543035,E,0.0006456831344090086,D,0.00026360636274267384,E,0.00012137623791778427,N,0.0017523278793598344,D,0.0002278270535748246,D,0.0002386900325563658,E,0.00017345144223082588,D,8.567369669488969e-05,D,8.567369669488969e-05,D,9.63866306882023e-05,D,7.608952583771907e-05,D,7.53336504594662e-05,H,0.003025580998460824,D,0.00024843957776398947,N,0.002579622322391511,D,0.00020976454081041124,D,0.00014600832408900806,D,0.0012769416634021524,0.000593888547440677,0.09722759315816537
344,F,Y,0.0,F,0.0,F,0.0,F,0.0,F,0.0,F,0.0,F,0.0,F,0.0,F,0.0,F,0.0,F,0.0,F,0.0,F,0.0,F,0.0,F,0.0,F,0.0,Y,0.0,Y,0.0,F,0.0,S,0.0,F,0.0,F,0.0,F,0.0,Y,0.0,F,0.0,F,0.0,F,0.0,0.0,0.0
345,N,N,0.0,N,0.0,N,0.0,N,0.0,N,0.0,N,0.0,N,0.0,N,0.0,N,0.0,N,0.0,N,0.0,Q,0.0,N,0.0,N,0.0,N,0.0,N,0.0,N,0.0,N,0.0,Q,0.0,I,0.0,S,0.0,N,0.0,N,0.0,T,0.0,D,0.0,D,0.0,N,0.0,0.0,0.0
346,I,K,3.372567618938405e-05,I,5.710719936522097e-05,M,5.828416763502428e-05,I,5.710719936522097e-05,I,5.710719936522097e-05,I,2.0001946228101732e-05,I,4.904026570195638e-06,I,2.8143265074150663e-05,I,0.00045205013788576445,I,6.038445934575733e-06,I,9.354272470259034e-06,L,2.9857581193249993e-05,I,4.523462650360175e-06,I,5.710719936522097e-05,I,5.710719936522097e-05,I,6.019708619218779e-06,Q,8.588075046536513e-05,Q,0.0005229880012769876,L,1.1671712993048544e-05,R,4.528122638873098e-05,S,0.0007867014982393171,I,9.354272470259034e-06,I,4.523462650360175e-06,L,4.144347417606088e-05,M,9.354272470259034e-06,M,2.515880493495291e-06,I,7.3147746281940355e-06,9.131363013068397e-05,0.014949277130197848
347,V,V,0.0002261561560574044,V,0.00031690177979391734,V,0.0004216463046160724,I,0.00031061902940217095,I,2.4140797989755555e-05,I,7.123921512906644e-06,F,0.00012845021302636768,F,0.0002785369535782286,V,0.0003360824669265773,F,5.6890985868898995e-05,V,0.0016423471463026622,N,0.0010003954387899426,V,0.00015548970509740017,I,0.0003176292545988316,I,0.0003176292545988316,A,0.0005941659426075751,V,0.0006541220530757129,V,0.0006087169685787779,N,0.0002628988865636947,L,0.00011073362685881544,S,0.0023017869067352733,V,0.00011793297446195828,I,0.0003461188929450954,R,0.0019856129776959636,V,0.00023278562042492005,V,0.0012485568130612846,T,0.0001171869641701627,0.0005229873346421927,0.08562010501565302
348,Q,Q,0.0005161272537296306,Q,0.0004704324036480434,Q,0.00015403523648575623,Q,0.0007267491994737324,Q,0.0007510167635050529,Q,0.0005211987526460788,H,0.00014481501461931193,H,4.007788182145504e-05,Q,0.0007339985189590569,N,0.0009456761787143173,Q,0.00023381781748532963,K,0.00039150465928263823,Q,0.00029134750308826307,Q,0.0007510167635050529,Q,0.0007510167635050529,Q,0.0009787356313332614,Q,0.0007166034673090813,Q,0.0007049788517212092,K,0.0020415595912007286,K,0.002912961113946791,Q,0.0007417336350249063,Q,0.0007509839317411982,Q,0.000584114135222079,Q,0.0007649895943328417,Q,0.0006181968617216008,Q,0.000672008842122052,Q,0.0006986452789938439,0.0007262348757458653,0.11889447833365224
349,A,S,8.641297416763297e-06,A,1.2466273737553921e-05,S,3.833189647836142e-05,A,1.3442075638887309e-05,A,1.3442075638887309e-05,A,8.700800260124113e-06,S,0.0009146176511562688,S,9.572224129385484e-05,S,2.273010203042539e-05,S,1.5078694159249077e-05,A,6.629197933182864e-05,S,3.833189647836155e-05,A,1.3442075638887377e-05,A,1.3442075638887309e-05,A,1.3442075638887309e-05,A,2.632033532395795e-05,A,6.468915105103652e-06,A,6.468915105103652e-06,L,2.3080193465816043e-05,S,1.5078694159249064e-05,F,8.267349788227578e-06,T,0.00013959205640684853,A,8.700800260124058e-06,L,1.1107199226569026e-05,A,6.468915105103734e-06,A,6.468915105103734e-06,A,1.2466273737553924e-05,5.7726361975036624e-05,0.00945058674863651
350,A,L,0.0006635423722887058,T,0.0007080009018799221,T,0.0012314071333876064,T,0.0011349564047860906,T,0.0011749953237072915,T,0.0004816614440784985,L,0.00010532656878510131,L,0.0004265761334453021,A,0.0001400303792560901,L,0.0003491802123911203,T,0.002400036815954727,L,0.0006079135374231514,T,0.00041229577997035596,T,0.0011749953237072915,T,0.0011749953237072915,L,7.21202360326805e-05,Q,0.0006234303421285522,Q,0.00012221409131101245,L,0.0005876803847299125,L,0.00019290946812955225,T,0.0014330802769088647,T,0.0008344771812488134,T,0.0005081286826122973,V,0.0015866262973322565,I,0.00015375629911998633,I,0.00018234080097933176,T,0.001506941400531865,0.0007403562635493953,0.1212063406420047
351,H,H,0.0007484326540262969,Y,0.001060723005809932,H,0.0013628696280368353,H,0.0006803409959095739,H,0.001491910401406641,Q,5.2405722135087944e-05,Q,0.00031636556529426505,Q,0.00030624631702605735,H,0.00037240681572153154,Q,0.0003493968676172884,H,0.0017362103735206272,H,0.002463755967181177,Q,0.00010094022257619499,H,0.001491910401406641,H,0.001491910401406641,Q,0.0010074195725923577,H,0.0006532148673612903,H,0.0007175901256409493,H,0.0023130209762273445,T,0.0009794406846058874,Y,0.00023939280678458185,F,0.001088124931236381,Q,0.0003018426450261027,Y,0.00016847531504221791,H,0.0010532930880663535,H,0.0015599460692990333,Q,0.0013894430197462406,0.0009443344237297605,0.1546003261913702
352,Q,Q,0.00022251524900689538,Q,0.00044364616052225707,Q,0.00011302839087628403,Q,0.00047177079264547133,Q,0.00047177079264547133,Q,0.00011032752841918442,Q,0.0003951669764584543,Q,0.0003951669764584543,K,0.00023906871035998836,Q,0.00040098263182857007,Q,0.00035873618363824357,Q,0.00046866432138929575,Q,0.00013173996552535912,Q,0.00047177079264547133,Q,0.00047177079264547133,Q,0.00044509414741248434,Q,0.00014481717301409672,Q,0.00010394338387341207,Q,0.0005517361663180926,Q,0.0005273099300257184,Q,4.8928672205420236e-05,Q,0.00013124721828195853,Q,0.00043585674858244954,R,0.0005100576314501412,L,0.0005338102159378311,L,0.0005346856008676157,Q,0.00036193893718313065,0.00035168711445248974,0.0575759405200037
353,A,L,0.003729020821832428,E,0.0023008590437013053,E,0.0013480617146179761,E,0.0022751603760768884,E,0.002271693860184814,E,0.0014285961079459285,K,0.007374237837779997,K,0.007374237837779997,R,0.0012302943417050864,K,0.0021913143623606885,Q,0.0005022003792525298,G,0.001184403942892988,E,0.0015003610334711126,E,0.002271693860184814,E,0.002271693860184814,E,0.0008473532895718639,S,0.0014564169681189375,S,0.00024330439741563473,M,0.003360591648142356,G,0.0013949217717839986,Q,0.00020296288833999203,T,1.6155643563862416e-05,E,0.0020824607831018416,D,0.002860460496202405,E,0.002086098019819285,E,0.003762234124428355,E,0.0008511223230367537,0.0021636263604998757,0.3542149186602677
354,D,E,7.071611089851291e-05,E,0.00037000902806833566,D,0.0002554614757538093,E,0.0012392212574537525,E,0.0012392212574537525,E,0.00015672110994253226,E,9.876617245727076e-05,E,0.0003634310504790498,D,0.00023041973696245115,E,0.00023257427971236345,D,3.497379120962575e-05,E,8.559212725939369e-05,E,0.0010602061608447,E,0.0012392212574537525,E,0.0013060459814574457,E,0.0003989736116154792,E,0.0009593486320806681,E,0.0009773631531692997,E,8.787930292188884e-05,E,0.00015976362589468487,E,4.429926440428909e-05,N,7.362238754008877e-05,E,1.7073403683041758e-05,E,5.066939155099812e-05,D,0.00026499601566382444,D,0.00026499601566382444,E,0.00015651951048586805,0.0004236327819289149,0.0693544200293922
355,L,L,8.21969261994294e-05,L,0.0002495940971664104,L,3.0331690704516793e-05,L,0.00014985060775643235,L,0.00022664970173591806,L,2.9929127762808407e-05,L,0.000298736148624327,L,0.00041303029911096944,L,8.74072993493815e-05,L,0.00017897770683610368,L,4.462037486622063e-05,M,0.004254990902732517,L,0.0001798414722477964,L,0.00022664970173591806,L,0.00022664970173591806,L,6.401454781796112e-05,L,0.00036664365050208936,L,0.00018404068667917398,M,0.00422489702134211,M,0.003982596341371405,L,0.00039445567023985064,L,5.3416504879840136e-05,L,0.0001728641256803671,L,7.576815610778859e-05,L,2.6510250082016976e-05,L,1.0279225146840971e-05,L,0.00013170927949212447,0.0006061722673298608,0.09923860435715423
356,K,S,0.003561855011752244,K,0.00033569785778860255,K,0.0001567324358468852,K,0.0007651362241544129,K,0.0007493930413133427,K,0.00016519258244444916,K,0.0010187317847694221,K,0.0007322924819113004,Q,0.006039860963319448,Q,0.006994395975764164,R,0.004048891047368772,R,0.002535713454251082,K,8.934244743440933e-06,K,0.0007543421241695124,K,0.0007423631563041857,K,0.0010109757241307201,T,0.0044857799696440956,T,0.004308097038376898,Q,0.00309882970492772,S,0.0023853890439256113,Q,0.002348555169934251,K,0.000361425254050694,K,8.100618143087928e-06,A,0.0010030371027429563,K,0.00035253994481125085,K,0.0003644513448630197,R,0.0001711979482665178,0.0017965893055451143,0.2941259851273688
357,Q,E,0.0021096529660561613,D,0.0021553541444504862,H,0.0021334746165263597,D,0.00206269148131623,D,0.0026504630012009318,D,0.0026867637900883363,H,0.0025216296135489456,H,0.0023729696267488208,E,0.0004132385251966999,Y,0.0008381986403161,I,0.0008953255935915314,E,5.244209522215962e-05,A,0.001317686187693515,D,0.002866691326276088,D,0.002866691326276088,D,0.0008138027474169821,E,0.0008046619322084174,E,0.00036286574242297025,E,0.0010739955822233699,Q,2.0671943524558646e-05,H,0.0014795131860696371,S,0.0006528377173040067,D,0.0018389802272298324,E,0.001042795411534235,H,0.00017284674714440637,H,9.522087448019183e-05,D,0.000981520735603644,0.0013808513252470632,0.2260640509765778
358,V,I,0.0024601895475748607,V,0.00048481923946208546,L,0.0007101617807934462,V,0.0016159431007131827,V,0.0016548937318827857,L,7.1601777300644295e-06,L,0.002057494471083325,L,0.002057494471083325,V,0.00030363058287024555,L,0.000833232425676421,L,0.0005090941951350817,I,0.0005475409286581292,L,0.0015480218791555052,V,0.0016159431007131827,V,0.0016159431007131827,L,0.0004282468976754712,I,0.001405324222361361,I,0.001473867294585055,I,0.0022727548414008224,T,0.0007712311377308754,L,0.00010378712859152129,L,0.001428195930279362,L,0.00011150198263711458,V,0.0010602382431088575,A,0.0005967565044457193,A,0.0006992251971694542,L,0.00039413916616108213,0.0010654381955330192,0.1744266527059132
359,S,S,0.0025604043908483724,S,0.000543041758747532,S,0.0004675373689780863,S,0.0005300758708334159,S,0.001097586680855796,S,0.0006093428241077338,S,0.001994592753214576,S,0.001992416863260223,S,0.0008902682500406317,L,0.0028490396782444344,S,0.0003980940783699536,K,0.004675836219738699,S,0.0014490959493534874,S,0.001097586680855796,S,0.0011568223936362105,S,0.0018583273057857486,T,0.0013894430197462406,I,0.002602610267887115,K,0.006838401706001293,F,0.0046581793663296985,E,0.002726999302713963,S,0.0011528085786801905,S,0.001646258408115685,E,0.004140481320894944,S,0.001442673420107444,S,0.0018034434884662929,S,0.0012508549596640208,0.0019934156631658366,0.32634912380215986
360,T,R,0.0008939926491803292,R,0.001139706582790241,R,0.0014023600187997522,R,0.00042701804848623064,R,0.00042717566639636297,R,0.00032782634305160923,R,0.000337460857914393,R,0.00018531038326222323,K,3.676406273488668e-05,R,0.00022392689450165745,R,0.001115952552572659,R,0.0010417898577655107,R,0.0005757738678610444,R,0.00042717566639636297,R,0.0004235080651574826,R,0.00037056901621457895,R,0.0009687508159535175,R,0.0009656856950649069,R,0.0011679442882280586,K,0.0002024332620299895,S,0.00028635563448886696,R,0.0010556545124163841,R,0.0005327142134890401,R,0.00014269644584272842,R,0.001405271750496429,R,0.0005768597674583681,R,0.00036904114009979474,0.0006307302984686449,0.10325908643349156
361,W,W,0.0,W,0.0,W,0.0,W,0.0,W,0.0,W,0.0,W,0.0,W,0.0,W,0.0,W,0.0,W,0.0,W,0.0,W,0.0,W,0.0,W,0.0,W,0.0,W,0.0,W,0.0,W,0.0,W,0.0,W,0.0,W,0.0,W,0.0,W,0.0,W,0.0,W,0.0,W,0.0,0.0,0.0
362,W,W,0.0,W,0.0,W,0.0,W,0.0,W,0.0,W,0.0,W,0.0,W,0.0,W,0.0,W,0.0,W,0.0,W,0.0,W,0.0,W,0.0,W,0.0,W,0.0,W,0.0,W,0.0,W,0.0,W,0.0,V,0.0,W,0.0,W,0.0,S,0.0,W,0.0,W,0.0,W,0.0,0.0,0.0
363,K,K,0.0012155293057547957,N,0.00012245097265931675,R,0.0013894430197462406,Q,0.0007542229724243295,Q,0.0007347722304250297,N,0.00024392478411083303,K,0.0001657686567473585,K,0.00018487964062141571,E,0.0001509497805665287,K,0.00039297571304885667,K,0.0004167827786784336,M,0.0018778472878302197,S,0.0013894430197462406,Q,0.0007347722304250297,Q,0.0007347722304250297,N,0.00023118324240824036,K,0.00012323680571548103,K,0.00015620296876611586,M,0.00025054961413536114,T,0.0005208573095231268,K,0.0001420977157287547,K,4.0936174661634665e-05,N,0.00028922263718430174,K,0.0012329553818924651,R,0.00011573753604999089,R,2.0143341270135205e-05,N,7.776651481322151e-05,0.0005077564394577218,0.08312660133249214
364,S,Q,0.0018170107412640694,S,0.0009095759274408922,H,0.001794984171630224,N,0.003965488378299893,N,0.0028255109743023045,S,0.001961080562540454,D,0.0006818374697612684,D,0.0006773580812897494,K,0.0013177317812718841,E,0.0012585813811188554,N,0.003838755192849748,-,,S,0.002546273885287831,N,0.003965488378299893,N,0.003965488378299893,D,0.0008634169202170275,-,,-,,D,0.0009082633312174833,E,0.0007218912176583314,E,0.00041159822653955773,D,0.0015612636080347994,D,0.0001984295703809537,E,0.00038379371291919444,D,0.0003783045572056488,N,0.001382748627920874,S,0.002044378349716278,0.0016824688927277957,0.2754429289945976
365,-,-,,S,8.39451158018812e-05,S,5.33836762610882e-05,T,0.00020225477112267477,T,0.00015632217944149926,T,0.00048055521156261446,-,,-,,-,,-,,-,,D,1.7514297030272877e-05,L,1.384257824671022e-06,T,0.00021771712938379356,T,0.00021771712938379356,T,0.00018048509732198855,Q,2.0304326435841378e-05,E,6.929862989349775e-05,-,,L,0.0005511864745612778,-,,L,1.1102107489272975e-05,S,6.952363516669605e-05,-,,T,0.00010315359880096788,T,0.00010315359880096788,A,0.0007745605985678568,0.0001840867686028142,0.03013749552950185
366,T,L,0.0026637795239602908,-,,-,,-,,-,,-,,S,0.0002225975075899925,S,0.00016457332432548178,T,0.002695675168758686,S,0.0008350518594399324,T,0.0028310059052142084,L,0.0028860397656524685,-,,-,,-,,-,,L,0.0031937543281670305,L,0.0031851105165038814,L,0.0007585042677550531,-,,C,0.0013894430197462406,-,,-,,R,0.0005245835337740825,-,,-,,-,,0.0017791765600739457,0.29127528302217864
367,G,G,0.0005693779689049426,C,0.0013894430197462406,K,0.0013894430197462406,R,0.007374237837779997,R,0.007374237837779997,C,0.0007382188817640758,V,0.007374237837779997,V,0.007374237837779997,G,0.0006389976401412384,-,,G,0.0001247963288699133,G,0.00011887407124484756,G,0.00019907254982872628,R,0.007374237837779997,R,0.007374237837779997,G,0.0011572837006494198,G,0.0009066185599321709,G,0.0012278124256556186,G,0.0008225723449823168,G,0.000205292063051002,-,,G,0.0009149648460951608,S,0.007374237837779997,G,0.0004719657956156732,S,0.007374237837779997,S,0.007374237837779997,G,4.398927734415885e-05,0.003091474521343668,0.5061162204850574
368,-,-,,-,,-,,-,,-,,-,,-,,-,,-,,-,,-,,-,,-,,-,,-,,-,,-,,-,,-,,-,,-,,-,,-,,-,,-,,-,,-,,,
369,L,L,0.0006923744936090817,L,0.00015355347434015834,L,0.0005677251546008404,L,0.0011545698020867584,L,0.0012607264974181741,L,0.0006983100132870779,F,0.002210349474301206,F,0.001243581832376592,L,0.0005929090247081335,D,0.0022287311736574806,L,0.0002487146067356106,L,4.1095327295646543e-05,L,0.0005894686946254273,L,0.0011545698020867584,L,0.0011545698020867584,I,0.00026129747094370684,L,0.001035457909766722,L,0.0010059598492586207,L,0.0005176570585708427,L,0.00021017039970668602,R,0.0005928223169466748,L,0.0012012452247387973,L,0.0002520504305054772,-,,W,0.0005348853351076815,W,0.0006049072838464022,L,0.0008283876641009122,0.0008090803891041628,0.1324574101370888
370,V,V,0.0030417776311452522,A,0.00022678882843106538,G,0.0003618611663980765,A,0.0003418559866324324,A,0.0010201457006185912,A,0.007374237837779997,S,0.00328455948624707,S,0.0032792120543330187,V,0.0031207374064710913,L,0.001235882280508972,A,0.0001887845647004801,A,0.0009461669179345488,A,0.0017452236751163085,A,0.0008992313689773662,A,0.0008992313689773662,A,0.0010814144077186671,V,0.0008844044597039042,V,0.001406768099412167,A,0.0004395191672525282,E,0.001090535261229085,L,0.0003095363911779972,G,0.000892803746026632,P,0.0009566863856025563,L,0.0006765446600068958,D,0.001709772564717643,D,0.0016802724369953893,V,3.441828108473862e-05,0.0014491989679703647,0.23725348513667094
371,E,D,0.002159926077283222,E,0.0014336088694766058,E,0.0019188029713239207,E,0.0025158970116571106,E,0.0025158970116571106,E,0.0015375515038346917,-,,-,,R,0.0010614459426344835,P,0.0006752536983613181,E,0.0010857969619021762,E,0.0019473562443438537,E,0.0013391573097443986,E,0.0025158970116571106,E,0.0025158970116571106,E,0.001175495058924703,E,0.001729354228364443,D,0.0020731809437763236,Q,0.0009805354682061822,K,0.0005177227470083406,D,0.0010327940301861713,E,0.0012681624712037036,Q,0.0002510284594511913,C,0.0002291132835411602,T,0.0005587631587475452,T,0.001533647385049459,E,0.0011954009447180107,0.001430707432188414,0.2342261704567953
372,N,K,0.0012439146759482254,K,0.0006606709304830822,K,0.0018866784936761056,K,0.0005783827353210278,K,0.0005520130942563858,K,0.00036215445684325946,Q,0.005353732993020623,Q,0.0030814758381975003,K,0.0010836923387325568,K,0.00015989996006258867,K,0.0012573054114768645,E,0.0014999341392162302,K,0.0003501951088392518,K,0.0005520130942563858,K,0.0005520130942563858,K,0.0009523530351836414,K,0.0006044130973682328,K,0.000603179756114433,E,0.0015597672254599431,D,0.0021228972827071965,Q,0.00028464224362256726,Q,0.0013805551062062453,K,0.0002951773990542756,D,0.00042912181793729783,K,0.0009679250488780981,K,0.000974651893400945,K,0.0002634565220364915,0.0010967487700946606,0.17955261753238894
373,L,L,0.0001879119682951794,L,0.0001943450230392795,L,0.0011463448835714802,L,0.00010791819370616006,L,0.00010190587414909257,L,8.912478683861998e-05,L,0.0010899860733144817,L,0.0010899860733144817,L,0.0006768405655933831,L,0.0004761437003480379,L,0.00011687096735533086,I,0.0001176650008632233,L,8.29297225883548e-05,L,0.00010190587414909257,L,0.00010190587414909257,L,8.918731365923419e-05,L,9.660595979591482e-05,L,8.131246832827478e-05,I,0.0002549110400805952,V,0.0005409862433268704,L,0.00018310043852490647,L,0.0005973088450721277,L,0.00014266648685849645,M,3.394411554524601e-05,L,7.792136996842947e-05,L,7.792136996842947e-05,L,0.0001678815370030739,0.00029724191738544035,0.048662524875496785
374,S,T,0.0006225489407096932,P,0.0002168262098814344,N,0.00013872596445669343,P,3.059644229636756e-05,P,3.059644229636756e-05,P,0.0009115142650995661,A,0.00029660841496333124,T,0.0003465066779663277,D,0.0005732354544424458,T,0.002257581311283007,P,9.020704174204598e-06,P,5.866709286435932e-06,P,1.3939252503510959e-05,P,2.8443296933439542e-05,P,2.8443296933439542e-05,P,9.856354419260513e-05,G,0.0001948382688642389,S,0.00048013464537189986,P,0.0004009962004543276,E,0.0003395209487979021,Q,0.0003662690741844527,S,0.0009263726314920309,P,9.125393149260347e-05,G,2.3321530984827084e-05,T,0.0006531256130942335,T,0.0005999803026100118,S,0.00013512740170353333,0.0003637021287581086,0.05954296097818644
375,F,F,0.00028734378681524215,F,0.0002897293279214747,F,0.0002990141805492058,F,0.00024272162574598812,F,0.00024272162574598812,F,8.23557504794054e-05,F,0.0003119819585696948,F,0.0003119819585696948,F,0.00024406960512098758,F,0.0002691114312414701,F,0.0002811646357631277,V,0.0002099217907669066,F,0.00023669947396588368,F,0.00024272162574598812,F,0.00024272162574598812,F,5.742551949005955e-05,F,0.00027956698313333394,F,0.00028036620549319553,V,0.00016981195959181775,K,0.00020207330420462141,F,0.0003189247590206989,F,0.00020577490424976435,F,6.214110479454542e-05,F,0.00027791598990909117,F,0.00027956698313333394,F,0.00027956698313333394,F,9.294614287397976e-05,0.00023334597191758595,0.03820189380729888
376,A,A,0.0002039374470370885,V,0.0005601022405691649,A,0.0006406713376642391,V,0.0030517619934251534,V,0.0030517619934251534,V,0.001982675261918598,P,0.0036472796169254593,P,0.0038657596581763887,I,0.0026068291205219958,A,0.0003623177977563842,S,0.0011466484003275874,V,0.0012587471469285025,V,0.001506564530592354,V,0.0030517619934251534,V,0.0030517619934251534,A,0.0009774229311762044,G,0.002341449361366529,G,0.0030601749959557954,A,0.00018829625342160856,A,0.0013894430197462406,A,0.0002407500380861809,T,0.002261234610345257,V,0.00247223185063548,C,0.001751716005476272,A,0.0004352218856129224,A,0.0004624063448765855,A,0.0007948282064392933,0.001717176149453953,0.28112497666355674
377,R,R,0.0,R,0.0,R,0.0,R,0.0,R,0.0,R,0.0,R,0.0,R,0.0,R,0.0,R,0.0,R,0.0,R,0.0,R,0.0,R,0.0,R,0.0,R,0.0,R,0.0,R,0.0,R,0.0,R,0.0,R,0.0,R,0.0,R,0.0,R,0.0,R,0.0,R,0.0,R,0.0,0.0,0.0
378,D,D,2.7615926482374932e-05,D,0.00031614740020383515,D,6.154373944042918e-05,D,0.0003592939075065376,D,0.00035500813950327707,D,5.9356956146700395e-05,H,2.5604469330751123e-05,H,2.5604469330751123e-05,D,6.494615397107314e-06,H,0.0007101909859002301,D,6.926790372968233e-05,D,6.967261829891201e-06,D,5.713054320618523e-05,D,0.0003756219098114845,D,0.0003756219098114845,D,0.00035253447751635035,D,0.00021845785983820907,D,2.5371837000032316e-06,D,6.176407519638091e-05,S,0.001277639426794409,Q,4.639399796326733e-05,D,1.2311265319538788e-05,D,0.0003477629431413102,E,2.0565045077051525e-05,D,5.633375976063742e-06,D,2.259368694643609e-05,D,0.00027579690098800916,0.0002027948287439908,0.033200258177516206
379,R,R,7.293432393073397e-05,R,6.0827273824576734e-05,R,2.8889268251073522e-05,R,1.6487244188086858e-05,R,1.566823317790259e-05,R,4.016458318756476e-05,R,3.959549943221768e-05,R,3.959549943221768e-05,R,6.955849786163765e-05,R,5.523539489602012e-05,I,3.884803934123176e-05,Q,0.0006785754738838537,R,5.776098471929199e-05,R,1.6487244188086858e-05,R,1.6487244188086858e-05,R,1.4369744923084437e-05,R,0.00010652360103289012,R,2.0859274458228752e-05,Q,0.00035991146445372415,Q,0.00036246648390302776,K,0.0002772915824160643,R,3.5952950833534586e-05,R,1.236024562461388e-05,K,0.00044219144137690224,L,0.0007993790946806383,M,0.001963419778153968,R,2.093164094209468e-06,0.000209034578905684,0.03422178973043827
380,P,P,0.000604310413439743,I,0.0009258238505610314,L,0.003462430828744858,L,0.0025374195564667017,L,0.0028671211863097426,L,0.00029562490912903554,H,0.0026341009689418195,H,0.0024238251492676843,L,0.000409069457027347,H,0.0018051700864688076,L,0.0011545884283380777,V,0.004157040676699421,L,0.000769590650533711,L,0.0017537811918159696,L,0.0017537811918159696,I,0.0006290687542111738,A,0.000549464535856308,P,0.0007989607704535252,V,0.004379481039288286,P,0.00013532846443923101,L,0.001122952392639007,L,0.0016661402152978342,L,0.0005851944530667928,T,0.000552113328575551,I,0.0009798356440804375,L,0.00114786989302262,V,0.0003774714092809411,0.001499168868361912,0.24543423414481494
381,V,L,0.0017078001712193822,V,0.0006649545390054173,M,0.0019126310826052836,V,0.0006244613423723681,V,0.0003929731680905774,V,0.0005348854054692289,V,2.0355201153029574e-05,V,0.00038228783444606295,M,0.0025145152005087157,V,0.00015591991777486053,V,0.0006225694669861317,M,0.0032731682305204668,V,0.00018991200443510165,V,0.0006727780228942683,V,0.0006727780228942683,V,0.00030629282132112445,L,0.001427392587359764,L,0.0014480446256364995,Q,0.002327766060408059,L,0.004182992684830064,A,0.00017547861436793615,V,0.0004974763978842869,V,0.0006554124745096606,G,0.001292772921810602,V,0.00010375002549389993,V,0.00022533185093455023,V,0.00011200507368544636,0.0010035816943932243,0.16429990627693225
382,E,E,0.00023182741579188447,E,0.00019288538083152534,E,0.00025400860393383215,E,0.00022980638692484442,E,0.00024345065338795405,E,0.00021598155495337272,E,0.0002222490959912384,E,0.0002187600051289548,E,0.00026980064946795706,E,0.0002083844357524785,E,0.00015895657759648242,K,0.00020702833366788032,E,0.0002276319576526756,E,0.00024196579545616368,E,0.00024196579545616368,E,0.00013211933773359422,E,0.00024523249606518596,E,0.00024523249606518596,K,0.0001463851546740678,K,0.00012951122880721516,Y,3.511325856847057e-05,E,7.254492260949567e-05,E,5.072608763211166e-05,Y,0.00013159574421299272,E,0.0005515196066904758,E,0.00045900440266710246,E,0.00019691866331198027,0.000213355779297455,0.03492922871954924
383,N,C,0.0005331934917713705,C,0.00023234054138746002,A,2.0220192294549573e-05,S,0.00030398226005069675,S,0.0006608402388584675,S,0.00011070698135033973,Y,0.0036073770208438598,Y,0.004729642599436923,C,0.0012563267081395985,F,0.0010381729281114353,N,0.00047718720272965995,W,1.7933598014979e-05,S,0.0005867817068523069,S,0.0006608402388584675,S,0.0006608402388584675,S,0.00092582577146676,C,0.000340447352084782,C,0.0005038258939477621,W,0.0005703508692079786,W,0.00020898775094104865,F,0.0004456800163671776,C,2.47184334421644e-05,S,0.0002858192049531404,C,0.0005223031692933716,N,0.00102263476860821,N,0.0010200933976635845,S,0.00044831427358242365,0.0007857550684858143,0.12863873945697926
384,F,F,0.006137739486407883,F,0.0033157221259309776,F,0.007374237837779997,Y,0.004237955866276045,Y,0.003723895192775963,Y,0.002443816829859114,Y,0.0006961404042220681,Y,0.0002487282716913012,F,0.007374237837779997,Y,0.0013894430197462406,M,0.0031838273324473376,Y,0.0011049246030100295,Y,0.0037786595516805166,Y,0.004784122638513195,Y,0.004784122638513195,H,0.007316031734562627,F,0.006264338126962578,F,0.006418084646324008,F,0.0052608162590511934,H,0.007374237837779997,Y,1.750747806794021e-05,F,0.005114871926023142,Y,0.0021994436661342646,Y,0.0007583914952430163,F,0.0055741728090651825,F,0.005921375990793899,Y,0.0024815364322511215,0.0040473474829219565,0.662605561489748
385,F,L,0.0023090733656076627,F,0.0018740052724012435,L,0.002608775533360344,F,0.0017462864882653978,F,0.001541517872491781,F,0.0004047892286849295,T,0.0019010340240769768,T,0.0019010340240769768,F,0.00024074079032576333,T,0.00017680293786348744,F,0.0023019702053405375,M,0.0029804009911747714,F,0.001956280352657467,F,0.0014922037673707766,F,0.0014922037673707766,Y,0.0006850521306331257,M,0.0036422378673902213,L,0.002571392108235557,V,0.0029408203949647348,T,0.001852997812304056,L,0.003196195196900477,F,0.0008052642535866931,Y,0.0025312595141502208,Y,0.0017047420060968437,L,0.004132381094894316,L,0.004159310001892266,F,0.0011604963760530136,0.0020114543473396442,0.32930230054469467
386,W,W,8.06955894304638e-06,W,0.00012067635493911561,W,1.2295094989777786e-05,W,2.8826244545659437e-05,W,2.8826244545659437e-05,W,2.8826244545659437e-05,L,5.2911960328457024e-05,L,5.2911960328457024e-05,W,2.7260728964264196e-05,L,3.085339683590134e-05,W,2.9962827891364942e-05,W,3.906808559229458e-06,W,4.1169030283841595e-05,W,2.8826244545659437e-05,W,2.8826244545659437e-05,W,1.9256333325438255e-05,W,0.00014428660402492302,W,2.9962827891364942e-05,W,2.5896556264383884e-06,W,5.135772498215566e-06,S,3.0175382715621796e-05,W,1.319482378869005e-05,W,1.191979690287414e-05,A,0.0015552468164737457,W,2.8303208401056506e-05,W,3.7200738526417006e-05,W,3.658001418057035e-05,9.029633033878178e-05,0.014782731385692086
387,T,T,0.0011741647985278269,A,0.0004388817935183808,E,0.0007522088649981355,A,0.0005281832391921459,A,0.0004213618578425094,A,0.00030165299068761383,A,0.0006649590725823893,A,0.0006649590725823893,S,0.0012601486645235922,A,0.00036163319950537195,A,0.0007303342253996258,S,0.000763680263678812,A,3.5316726517250384e-05,A,0.0005292878198081602,A,0.0005292878198081602,A,2.422124292910019e-05,T,0.0015496043907865468,T,0.0014659299007800993,M,0.001589062521476861,S,0.002255178106968003,A,0.0013726789466667847,A,0.0009016222063242706,A,6.667321828123905e-05,F,0.0001542145052632301,T,0.00015874334186449305,T,0.000336811148048106,A,0.00041048580828787276,0.0007200476202536656,0.11788154086861162
388,V,V,2.952634312836296e-05,I,0.0012620932834015329,V,0.000624976837742367,I,0.0011642777264982411,I,0.0011688366801083352,I,0.0010738474207929245,-,,-,,V,0.00039399699370162367,-,,V,0.00044755491901497525,M,8.286493035584217e-05,I,0.002711223220145078,I,0.0011688366801083352,I,0.0011688366801083352,I,0.0013946096649648868,M,0.0003772507087886354,V,0.0002440618922917542,M,0.00012092411493840319,M,0.0003715463092185883,-,,A,0.003740593172629172,L,0.001373332619179281,-,,I,0.0001626289043224306,V,0.0001324026429508852,I,0.0014543816735033076,0.0009394819735406044,0.15380591442026484
389,G,G,0.0008913163369056938,G,7.42467552504613e-05,G,0.00010955781101073443,A,0.0014523868235528006,A,0.0015867334587595877,A,0.00012935752562640904,S,0.0005902442633543075,S,0.0005902442633543075,G,4.168034058906674e-06,S,0.000547615631924578,G,0.0002735987058918406,-,,P,0.0002866236384818972,A,0.0014566651035646705,A,0.0014566651035646705,G,0.0001203581893036291,-,,-,,T,0.0001594781648950424,K,0.00012538229010261565,A,7.409740333869326e-05,A,6.18596351703431e-05,G,0.0001679441731480005,A,0.0006878969704835452,G,0.00015831651715116993,G,0.0011211178822170163,G,0.0001551891935606936,0.0005117109947779839,0.08377401556106558
390,-,-,,A,0.0030262293864214505,L,0.0019445291868201804,L,0.002500846158931633,L,0.002500846158931633,L,0.0004320727238172628,C,0.0010736392144621693,C,0.0012615821916549322,-,,C,0.00021220058080632776,A,0.0038569139266937083,A,0.0009876723561820313,L,0.0008900970601979619,L,0.002435283150380783,L,0.002435283150380783,T,0.0009915037960095824,G,0.0006209637147216366,G,0.0018915533272643597,-,,I,0.00020648342484744044,G,0.0017324823062928546,M,0.0020877489555966877,L,0.001966557012057407,A,0.002806823354719906,F,0.003639572459863184,F,0.003623937441004903,T,0.002075894427799022,0.001883363144410743,0.30833203698399647
391,L,I,0.0008778668903576926,-,,-,,-,,-,,-,,I,0.0004443197283144801,I,0.0004443197283144801,M,0.0008124570070524969,I,0.00036710375563534994,L,0.001721319776059101,A,0.0007347457204198418,-,,-,,-,,-,,I,0.0007697916632228427,L,0.000844443484872471,A,0.00043722643068993573,L,0.0007668259412779247,T,0.0013894430197462406,-,,-,,S,0.00039141914267436207,S,0.00042561935761916607,S,0.0004245290822038365,-,,0.0007234287152306815,0.11843507187753757
392,I,L,0.0018020973741502927,F,0.0019273753325683772,K,0.0017816374378117612,F,0.0014527284755819262,F,0.0015783408433285313,F,0.0005305590056315892,D,0.0009995934679433533,D,0.0009995934679433533,V,0.0019110386541956728,A,0.00035541637868784486,-,,L,0.0022316808153546143,F,0.0011110656677606149,F,0.0015783408433285313,F,0.0015783408433285313,L,0.001404323730523255,L,0.0008719251258700106,L,0.0008204799320598082,I,0.0009028873115653164,Q,0.0010885948928585655,M,0.0015884677912644369,T,0.001378933055201344,F,0.0005770466759269826,T,0.000991460590205551,-,,Y,0.0011582061406686735,L,0.002731841265124782,0.0013340790047553486,0.21840678907545316
393,-,-,,-,,-,,-,,-,,-,,-,,-,,-,,-,,-,,-,,-,,-,,-,,-,,-,,-,,-,,-,,-,,-,,-,,-,,-,,-,,-,,,
394,F,P,0.0030096154813442125,E,7.807861873384624e-06,F,0.00017536004224837404,E,7.622092364174903e-05,E,7.535573717321822e-05,E,0.00035263622329180256,I,0.0012050928589637314,I,0.0012117354747380226,F,0.00018312386688145232,I,0.0011670475912150364,F,0.0007134925042814866,Q,0.0006870025707281007,E,4.2815803707943814e-05,E,7.535573717321822e-05,E,7.535573717321822e-05,E,0.0005060723870522906,P,0.0013277203142062356,P,0.0016713326475654724,Q,0.0026992994553368625,-,,F,0.00021276539514077864,P,0.004158974361263263,E,0.0003293664593340807,C,0.00014766978954081308,Y,0.003221260763028421,-,,E,0.00015238827854154635,0.0009393947306177887,0.1537916315730168
395,Q,E,0.0005615088389921296,P,0.0005008273314996794,E,4.495560183340863e-05,P,0.0006117986770452259,P,0.0006083321611531519,P,0.00018846381190628362,D,0.003906962215628864,D,0.003906962215628864,E,0.0006194444562816576,D,0.0024085518012783103,E,0.0008369318359680297,G,0.0025062994950425083,P,0.0003762155071975352,P,0.0006083321611531519,P,0.0006043290631276787,P,0.0014721308137245802,H,0.0008274263683880446,E,0.0007274330724072798,G,0.0028425658411081432,D,0.003000538240593392,S,0.0006767862907212549,E,0.00013265987132896908,A,0.0011125305453859643,L,0.0018015441644630287,L,0.001677579921373247,L,0.0025948880179682042,P,0.00137104427849236,0.0013528534296181835,0.22148041652661155
396,P,P,0.00019339876818350501,H,0.000697156425141732,P,0.00019511989333864885,H,0.0003623170978592655,H,0.000351875686891518,H,0.00033109075727017265,P,0.00011599908385258221,P,0.00017536974318391483,P,0.0002328652966946711,P,0.00010360228462967976,P,5.786252651500203e-05,S,0.00020140608698576053,H,0.0009912153808356444,H,0.0003623170978592655,H,0.0003623170978592655,Y,0.003365755515637971,P,0.00015516197547700257,P,0.00013104143404858061,A,0.00013521742645486524,P,9.688972340491681e-05,P,6.69100344293797e-05,P,0.00013484813811703286,H,0.0003849531081975442,P,0.00011158572857421635,P,0.00011639983404787864,P,0.00016133086276834402,R,0.0037323427058484054,0.0004935685079298801,0.08080384491583857
397,Q,K,0.0008331356940039057,Q,0.0002121428323828866,E,0.00046747766493444013,Q,0.0004834795825009011,Q,0.00046037208104212593,Q,0.00015379600118584243,Q,0.0022652723827868543,Q,0.002203738862996059,Q,0.0011820525264228379,K,4.97306839413155e-05,Q,0.0006209777314912039,S,0.0014352773281285335,Q,0.0004728172883117164,Q,0.00046037208104212593,Q,0.00046037208104212593,Q,0.0004289980091927016,K,0.0008222860887162787,K,0.0007806513392323272,S,0.0008268307769263868,T,0.0007965026783718727,E,0.0007584302700697628,Q,0.0009966328799049448,K,0.0005422283963080003,W,0.003657167340911437,N,0.001406222726502513,N,0.0013598853424910493,Q,0.0011867907957712803,0.0009379126469115344,0.15354899441114692
398,F,Y,1.9646154199141636e-06,Y,0.00131131869756738,F,0.0004892095332831997,Y,1.437138713190035e-05,Y,1.437138713190035e-05,Y,3.42570509620511e-05,H,4.51998816293705e-06,H,4.51998816293705e-06,Y,0.00010857021585424455,H,1.9100637509222865e-06,H,2.421674881772299e-06,F,0.0004892095332831997,Y,0.00023095783223328595,Y,1.437138713190035e-05,Y,1.437138713190035e-05,Y,1.437138713190035e-05,Y,3.88376663224352e-05,Y,3.88376663224352e-05,L,2.421674881772299e-06,L,9.308289292979152e-06,L,5.581567169406668e-06,F,1.3355242486186744e-05,F,2.6067985645325448e-05,S,6.105455657491017e-05,F,7.637131712088588e-06,F,7.637131712088588e-06,Y,5.128079900912911e-05,0.00011158280890185568,0.018267616026791
399,G,S,0.002915923080138785,S,0.005799885267835229,S,0.00454454534793246,G,0.000551498566917439,G,0.0006373313866788223,G,0.000585324987713841,S,0.002123885242854163,S,0.0021184525562308694,Y,0.00514664577108078,S,0.0011527669968444964,S,0.001372628881831235,S,0.0020579648634125006,G,0.0009955938472650172,G,0.0006373313866788223,G,0.0005637581644888978,R,2.5647240236575594e-05,S,0.0014235994441236498,S,0.0016604369418185727,S,0.003734519521386907,T,0.004037250732148372,S,0.0010720193272929276,G,0.0005620142965981388,G,0.000518439375505606,S,0.002320662067926218,S,0.004907348738793971,S,0.002856031832175557,G,0.0006222006253062605,0.002034952092267264,0.33314919941789645
400,Y,S,0.001819229781582366,Y,0.0012344571463506289,Y,0.0005782264090282391,Y,0.0018504683807527634,Y,0.0017679161420013471,Y,0.0014125317372348028,S,0.004869516253148222,S,0.004869516253148222,T,0.0018752927156832602,A,0.0007092487551079892,Y,0.0017081396042243808,R,0.002285158382645017,Y,0.001733996958547605,Y,0.0017731656223633856,Y,0.0017731656223633856,Y,0.0006011317077666714,S,0.0018830035251622107,S,0.0015908017869921153,R,0.0026015990897917222,E,0.0006033773128677377,D,0.0009570598215917827,R,0.001497727124903137,Y,0.0013658759747799424,D,0.0006622815704013579,R,0.002548862260498181,H,0.0010057582312204283,Y,0.0007720362136503013,0.0017166497919928595,0.28103880482322824
401,C,C,7.45839959095641e-05,Q,0.0033098792556820744,F,0.0012318952665756144,Q,0.0015575391050465398,Q,0.0015575391050465398,H,0.0012517813739258536,F,0.00011070512205976826,F,0.00011070512205976826,C,0.0010634360751766102,F,0.00031392257293847076,F,0.0004443294444857743,Y,0.0036804465007540896,Q,0.001780385990289429,Q,0.0015570802270399382,Q,0.0015575391050465398,Q,0.0027305286419549426,S,0.0016524908028745856,V,0.0043502772710021405,C,0.001445214636103792,Q,0.001098036626653084,A,0.001078303910432142,C,0.001833897337965067,E,0.001747507018999444,V,0.0048371371645390135,G,0.0017034730995835563,G,0.0009951890159703815,Q,0.0022501638506872233,0.0016786662088445162,0.27482037817575133
402,R,R,1.582625979285766e-05,R,1.5160149287425638e-05,K,3.411033589670769e-05,R,1.5160149287425638e-05,R,1.5160149287425638e-05,R,1.5160149287425638e-05,R,1.582625979285766e-05,R,1.582625979285766e-05,R,9.256504938053235e-06,R,1.7087721722781464e-05,R,6.7938122440742255e-06,R,9.682635572105448e-06,R,1.5160149287425638e-05,R,1.5160149287425638e-05,R,1.5160149287425638e-05,R,3.403716681747662e-05,R,1.582625979285766e-05,R,9.256504938053235e-06,R,6.78574049242233e-06,R,1.5160149287425638e-05,R,3.585067656432309e-06,Q,0.001085306074914743,R,1.5160149287425638e-05,R,7.0427622923500564e-06,R,1.5160149287425638e-05,R,3.403716681747662e-05,R,1.7073872555459422e-05,5.514673699643789e-05,0.009028267225889876
403,R,I,0.00022718784760688854,K,1.698825859745921e-05,R,0.0008919462836773037,R,5.751838443923419e-05,R,5.751838443923419e-05,K,0.00031831982153290807,L,0.0001403322339289032,L,0.0001403322339289032,V,0.0013185103878976705,L,0.0002140590352623586,R,0.0011762384069578054,V,5.631292290592384e-05,K,0.00036014032049027885,R,5.751838443923419e-05,R,5.751838443923419e-05,S,0.00020990668134301987,I,0.0020244539086741965,I,0.002025377259707696,I,0.0006288134805172675,L,0.00015768636496172402,T,3.289101322210411e-05,E,0.0003150286802009861,K,0.00010897979306001493,L,7.210758326346952e-05,R,0.0014075069188532146,R,0.001425250319952916,K,0.0008031326486299298,0.0005296879978862918,0.08671709427836012
404,M,E,0.0009431896866733288,M,0.0010789494366698809,I,0.0016922539539805778,V,0.002016933304860542,V,0.0013894261809124593,I,0.00017940080912023655,G,8.003318260463752e-05,G,0.00020940479413931475,E,0.0020388139269779887,G,0.0006025796708838575,L,0.0012859378173089842,E,0.0006452805483862899,V,0.0015352489507441608,V,0.0014870874511481909,V,0.0014870874511481909,L,0.0008641925364984461,E,0.0023483625125712416,E,0.002344047897095503,E,0.0009763156285029506,D,0.0013034807719835262,L,0.0006208800377697771,V,0.0009317691076430431,T,0.0011192942584959471,V,0.00018834725201882812,T,0.0013210345237362599,T,0.0013657280851867358,L,0.0013894430197462406,0.0011646119554373016,0.19066273946241413
405,F,L,0.00013126949458893325,A,7.457716209352533e-05,S,0.0002638726353945256,A,7.384899885406318e-05,A,6.730898919506066e-05,A,0.0003114735313802365,F,0.00015874227231464796,F,0.00015874227231464796,L,0.00014036513406642334,F,0.00015851671525285563,I,8.662103863740482e-05,I,0.00018391776853709935,A,0.0009849212121346316,A,6.730898919506066e-05,A,6.730898919506066e-05,I,0.0008588281764402305,S,0.00015595189425847794,L,5.8020160186366e-05,L,0.00014524351022990263,L,2.06685429080674e-05,W,0.00022065892516039929,V,0.001509515550070213,A,0.0002786408193669788,L,6.182934094206789e-05,I,0.0002054267707095117,I,0.00021543869268058865,V,0.00012219514411637917,0.00025115602704530956,0.04111764088062627
406,T,A,0.0005391138987965248,A,0.0007780196703963441,A,0.0005942629289944722,A,0.0009584363872750482,A,0.0018628367625088916,A,0.001333425830248973,A,0.0015984625952242817,A,0.0015984625952242817,T,0.0007691589002509643,A,0.00046871527349254754,T,0.0009675870023908057,T,1.122094188049324e-05,T,5.310775012580359e-06,A,0.0018628367625088916,A,0.0018628367625088916,A,0.00028752511304886645,A,0.0007727036480668384,A,0.0007654368790521433,T,0.0002364171563955443,T,0.000400260819158401,A,0.0006212688125600215,A,0.0014838543128454485,A,0.0006290784542521806,T,0.0002981727076513868,T,0.002578776527236954,T,0.00024246714221900047,A,0.00028707066017138,0.0008819896044211908,0.14439363546905343
407,K,K,0.0005900949477249473,I,0.0009097872041249702,R,0.00043841980429613767,K,0.0008820365095660134,K,0.0008977177909736797,K,0.0004892451758114223,K,0.0005628730023905727,K,0.0005628730023905727,K,0.0004976309336578895,K,0.00044519997113892683,K,0.0007719106632813636,K,0.00043281665684071337,K,0.0008510602016008138,K,0.0008977177909736797,K,0.0008977177909736797,K,0.0006185640041071039,K,0.0007827576192670587,K,0.0007741440718870218,K,0.00034551860328966205,K,0.0006748520208601293,K,0.0007962998575688881,K,0.0004037196519898779,K,0.0003883502432028175,K,0.0005354853150658669,K,0.000858019223151376,K,0.0007739726851798038,K,0.0005621012569260046,0.0006533661480829996,0.10696488137865125
408,V,T,0.0008683483028796652,I,0.0009549108200818017,L,0.0008753087588391173,I,0.002406314821300431,I,0.0023553294329908886,I,0.0006725718462679691,I,0.0026775927761297715,I,0.0026312602757656736,I,0.0007176355751782269,M,0.0026218311140263763,V,0.0027821033901879156,I,0.0007019171997168747,I,0.0008634308451074415,I,0.0013363300907498364,I,0.0013363300907498364,I,0.0005056000396636273,A,0.00017483517563146377,A,0.0011899509505414233,I,0.0001778546089293804,P,0.0002400516225826747,N,0.0011945104368179507,V,0.0006056750471129033,I,0.0013924308026512836,A,0.0011230756715721918,V,0.0011142283777587005,V,0.0010988342848543531,I,0.0009103555086525095,0.0012418006617311214,0.20329957538774454
409,F,I,6.837973545284479e-05,I,0.00021434399133594753,F,0.0016643608860946945,I,0.0005579623178828552,I,0.0005324467003393614,I,4.6816497896193005e-05,S,0.0024207693086922485,S,0.0024336614114115283,A,0.004626570790913594,C,0.0020289526160309026,I,0.0009394942016793071,I,0.00016146227151357532,I,0.00018939998980359646,I,0.0005324467003393614,I,0.0005309694791641155,I,0.00010439404489173832,A,0.0013992384849879041,I,0.00033749581723668305,V,0.0005605049257666293,I,0.0008165629562997931,G,0.0006514252788441818,A,0.0013351714877037396,I,0.0002916311989889391,A,0.005164418317760213,A,0.005618310142899966,A,0.005632366164723109,I,6.207425265077533e-05,0.0014415418507890295,0.23599991141938076
410,A,A,0.0013894430197462406,T,0.006775193032339349,V,0.007374237837779997,T,0.007374237837779997,T,0.007374237837779997,T,0.007374237837779997,H,0.0006985144400910494,H,0.0010015186905502325,T,0.007374237837779997,H,0.00048041325161159496,V,0.007374237837779997,S,0.005170648395348029,T,0.007374237837779997,T,0.007374237837779997,T,0.007374237837779997,A,0.0013894430197462406,A,0.0013894430197462406,S,0.007374237837779997,S,0.005856442283650414,S,0.007374237837779997,V,0.007374237837779997,Q,0.003862589362161338,T,0.0057073852526636545,V,0.007374237837779997,V,0.007374237837779997,A,0.0013894430197462406,A,0.0006675332817943213,0.005148790362893143,0.8429266683410191
411,L,I,0.0014719219749712226,F,2.0326431030978957e-05,L,0.00018401785111530467,L,0.0003440009680548249,L,0.0003587913497089511,L,9.047252611845788e-05,L,0.0015642961027905863,L,0.0015642961027905863,L,0.0015091276505280167,L,0.00027321350822448963,F,4.621489357199697e-05,L,0.00020810291650196768,L,0.00036589349358250885,L,0.0003587913497089511,L,0.0003587913497089511,L,8.638988036204858e-05,L,5.062222388851408e-05,I,0.00035283146392365693,F,9.167945250776376e-06,L,0.00010206690942107819,L,0.00016304000895825833,L,6.778845017209076e-05,L,0.00010013448764831947,V,0.0019772099041537004,M,0.0002101212851627935,M,0.0002101212851627935,L,0.0009433455033102906,0.00048115177095637467,0.07877105701983603
412,I,L,0.002035080660238721,V,0.0029103992299908486,I,0.0007776930381377614,A,0.0008407810869143692,A,0.00021710467113534681,I,0.0005998294300511207,G,0.001385790466452861,G,0.0001955371771951657,I,0.0002988497877741187,V,0.003781688325844403,I,0.0006472582513191321,V,0.000912206301602296,I,0.0015692285838784328,A,0.00021710467113534681,A,0.00021710467113534681,T,0.0028815756200964273,L,0.0005431216186432997,L,0.0007627653338765049,V,0.0011253506394945734,V,0.001018863958714871,T,0.00025209916243206757,I,0.00039111496235349466,I,0.0005370233467163776,I,2.0908999018141108e-05,I,0.00043501585164381295,I,0.00043914671176266016,I,0.0011562612296074637,0.0009692186587838876,0.15867421226363276
413,T,L,0.0005303928695643382,T,1.5221543463590111e-05,T,7.695504284599799e-05,T,9.255701647017466e-05,T,0.00013265238605393,T,4.590150198611902e-05,T,5.3543627878922756e-05,T,7.006853813540194e-05,T,0.00012706448723631212,T,1.6492064132057094e-05,S,0.0023889801120065266,Y,0.00010423909343099786,T,7.479159265374544e-05,T,0.00013265238605393,T,0.00013265238605393,T,4.7789486759465376e-05,Y,0.00019074760314727345,L,0.0017558703876640086,Y,9.26144472827855e-05,Y,5.913841842730812e-05,T,1.2302465719328294e-05,I,0.0022037403687337124,T,0.00011765607332539797,T,7.449590149877615e-05,T,0.00012280300480965565,T,7.558126961576258e-05,S,0.0040707569971446065,0.00047472818785533534,0.07771942952666921
414,T,V,0.001305979386480374,I,0.0004370706482858017,I,0.0003864788799875373,S,0.0003040312788037719,S,0.001034348144557812,S,0.0007001362201022713,V,0.0019718710483533955,V,0.0019718710483533955,T,0.001318895930230568,V,0.0012862014842714065,I,0.00015381317134613025,V,0.002122368769211411,S,0.00017150827881716484,S,0.0003653841606386166,S,0.0003653841606386166,V,0.001220911676189727,V,0.002518248196398727,V,0.001509631305930175,I,0.0013894430197462406,V,0.0033926531178659347,I,0.0004831656412302025,I,0.00029894738856929825,A,0.001600315793560889,V,0.00126129005558727,T,0.0020731225415723583,T,0.00200188826849727,V,0.001382766423302434,0.0012232491125381039,0.20026243570023006
415,I,I,0.00018452342213480896,I,0.0008464623342766438,I,0.0014239694308868722,I,0.0010491534802264662,I,0.0010491534802264662,L,0.00012662385568637717,L,3.6747187222014014e-05,L,3.908863300280384e-05,I,0.001999273110579803,L,0.0006455690225535258,I,5.615589928975468e-05,V,0.0009665165995593093,L,8.147351052005449e-05,I,0.0010491534802264662,I,0.0010491534802264662,V,0.0020343376537434073,I,0.0001330312330561127,I,0.0003160960270655346,V,0.0006622475587708027,I,0.000273630170963339,V,0.00010848903216611423,I,0.0005254811816768366,L,7.751178537725533e-05,A,0.0018131717995328882,L,0.0021991691417723846,L,0.0006370546098215825,V,0.0028679414154990485,0.0008241177235578941,0.13491922530889375
416,D,D,0.0,D,0.0,D,0.0,D,0.0,D,0.0,D,0.0,D,0.0,D,0.0,D,0.0,D,0.0,D,0.0,D,0.0,D,0.0,D,0.0,D,0.0,D,0.0,D,0.0,D,0.0,D,0.0,D,0.0,D,0.0,D,0.0,D,0.0,D,0.0,D,0.0,D,0.0,D,0.0,0.0,0.0
417,D,D,0.0,D,0.0,D,0.0,D,0.0,D,0.0,D,0.0,D,0.0,D,0.0,D,0.0,D,0.0,D,0.0,D,0.0,D,0.0,D,0.0,D,0.0,D,0.0,D,0.0,D,0.0,D,0.0,D,0.0,D,0.0,D,0.0,D,0.0,D,0.0,D,0.0,D,0.0,D,0.0,0.0,0.0
418,V,I,0.003069729014288413,V,0.0005302097952483667,I,0.0026357826457573184,V,0.0007076922937504391,V,0.00035015241451173093,V,0.00042802948220397837,I,0.006965425387512201,I,0.007374237837779997,I,0.004985714549178852,I,0.003689627113492683,I,0.002195746668373163,I,0.0047504065784413204,V,0.0013894430197462406,V,0.0006924574069327161,V,0.0006924574069327161,V,0.00010902031092965335,I,0.001949059544410349,I,0.0018488753118252384,I,0.0018934032406898015,I,0.0009972571952377768,F,0.005186214023523654,I,0.00545118834454246,V,0.00043363828118199964,F,0.0027844327184842177,V,0.000864962776172698,V,0.0007826328240734814,V,0.00038510384606424365,0.0023386259270846564,0.3828647162293308
419,Y,F,1.2927527678903136e-05,Y,5.331896526623322e-05,Y,5.158933748925545e-05,Y,0.0002831751370986599,Y,0.0002831751370986599,Y,0.00027637419147316856,Y,4.264835796553233e-05,Y,4.264835796553233e-05,Y,1.624960664005089e-05,Y,6.800969303284645e-05,Y,4.4866330009604727e-05,F,0.00023740773529403353,Y,6.35234799096921e-05,Y,0.0002767860101048647,Y,0.0002767860101048647,Y,0.00021275261152306057,F,3.437849648327191e-05,F,3.4494238115939644e-05,F,0.00029248164976546656,F,0.0001287566817368997,F,4.8644383630663454e-05,Y,0.00021414088311518437,Y,0.00020968505161825517,F,0.00012942958266289132,Y,1.0176737449914155e-05,Y,3.0756325712141084e-05,Y,0.0002601553536368472,0.00013464214342897917,0.022042741183797246
420,D,D,0.0,D,0.0,D,0.0,D,0.0,D,0.0,D,0.0,D,0.0,D,0.0,D,0.0,D,0.0,D,0.0,D,0.0,D,0.0,D,0.0,D,0.0,D,0.0,D,0.0,D,0.0,D,0.0,D,0.0,D,0.0,D,0.0,D,0.0,D,0.0,D,0.0,D,0.0,D,0.0,0.0,0.0
421,V,T,4.0361744880108056e-05,V,0.00014292612155074032,V,4.986198349544458e-05,I,2.4583197185404145e-05,I,2.4583197185404145e-05,I,5.7554347848043296e-05,T,6.259594285323444e-05,T,6.259594285323444e-05,V,0.0011384907031114337,T,6.259594285323444e-05,V,6.358099165955277e-05,L,0.0011202237677931984,I,1.5786682114188755e-05,I,2.4583197185404145e-05,I,2.4583197185404145e-05,V,4.793366690031999e-05,T,6.133177320289394e-05,T,6.761843469279451e-05,L,5.395166314798913e-05,V,2.2788438736410147e-05,V,6.284564614722096e-05,V,1.7633172308579005e-05,I,5.7554347848043296e-05,V,3.2781926821756315e-05,V,6.265748498039178e-05,V,6.265748498039178e-05,I,2.72539064122273e-05,0.000129330181701224,0.02117310115459713
422,Y,H,0.00035605944679566393,Y,0.0010082716088512394,Y,0.0006744066846373477,Y,0.00022321217255813627,Y,0.00022321217255813627,Y,0.00019837545724820223,F,0.0008991481426451498,F,0.0008991481426451498,Y,6.890779248958349e-06,F,0.0017336254386298173,Y,7.819071488565387e-05,V,4.182002430127712e-05,Y,0.0011173909623454984,Y,0.00020259840224992888,Y,0.00020259840224992888,Y,0.0010195394190398589,Y,6.360410122434085e-05,Y,7.253393160164884e-05,V,0.0009528610706691518,Y,4.0212859371796734e-05,A,0.0011765818300775621,Y,3.292425703897554e-05,Y,0.0010521545777505725,E,0.001267263584064672,F,0.001104882072781507,F,0.001104882072781507,Y,5.91808766722849e-05,0.0005856136742564432,0.09587288442222623
423,G,G,0.00015791907795047115,G,7.462734055391431e-05,G,0.00016925668495834152,G,0.00017010597322212603,G,0.00017010597322212603,G,0.00015672323866967782,G,0.00014582084945353695,G,0.00014582084945353695,G,0.00015432157773282058,G,0.00012637159568241652,G,0.00014007358050165879,G,0.0001552381183928338,G,0.0001758913304255611,G,0.00017010597322212603,G,0.00017010597322212603,G,0.00016773971417922173,G,0.00018031132683410508,G,0.00018060298838122596,G,0.00013911546085386244,G,0.00017130181250291936,G,0.00015101553961702885,G,0.00017110868324086406,G,6.286092707739892e-05,G,0.0001480869573426825,G,0.00015819579809844464,G,0.00015907366002573556,G,4.03379416415955e-05,0.00014860144246142072,0.02432806736654363
424,T,T,0.0,T,0.0,T,0.0,T,0.0,T,0.0,T,0.0,T,0.0,T,0.0,S,0.0,T,0.0,T,0.0,T,0.0,T,0.0,T,0.0,T,0.0,T,0.0,K,0.0,E,0.0,T,0.0,E,0.0,S,0.0,T,0.0,T,0.0,S,0.0,T,0.0,T,0.0,T,0.0,0.0,0.0
425,L,L,0.000225520881637206,L,0.0007007474066432171,L,0.0003674686154326437,L,0.0004081814121784974,L,0.00023464546507680193,L,0.00023528260201124526,M,0.0005691713725583026,M,0.0005691713725583026,L,9.572209264748283e-05,I,0.0003283820711637068,L,0.00019607994383254206,L,3.83467560802618e-05,L,0.0011243657179887076,L,0.00022602114001176084,L,0.00022602114001176084,L,8.646626216584483e-05,M,0.0017604809635691726,M,0.0017964293149151569,R,0.00021840392620063264,L,6.970764546472036e-05,K,0.00020621809573430263,V,0.00020930830492504502,L,0.0002664550438417007,M,0.0005681561527523879,L,0.0001807081624421376,L,0.00017898978674011693,L,0.0002725550675418252,0.00042070395244909185,0.06887493100351176
426,D,D,2.7131252645709425e-05,E,8.652195444717935e-05,E,0.00012956490825165095,D,0.00010520122417229924,D,4.963519141165666e-05,D,4.619325169855396e-05,D,0.0003737516709275454,D,0.000411860064607493,N,0.002168583283603436,D,6.577101608109528e-05,D,4.963519141165666e-05,E,6.327636075437751e-05,D,6.215827036782765e-05,D,0.00010520122417229924,D,0.00010520122417229924,D,4.619325169855396e-05,D,3.079312572028057e-05,D,3.079312572028057e-05,E,5.440399934807531e-05,E,6.327636075437751e-05,E,0.00015969970282401786,D,3.057319235881213e-05,D,0.00010520122417229924,V,0.0009834372014771633,G,0.0021502322628023825,G,0.0003004874891043137,D,5.1371266467485684e-05,0.00029096845522863415,0.04763547421270213
427,E,E,2.2290506389622866e-05,E,9.235255846251927e-06,E,2.2715762481112823e-05,E,2.2715762481112823e-05,E,2.2715762481112823e-05,E,9.235255846251927e-06,E,6.12754338105396e-06,E,6.12754338105396e-06,E,9.942593092266965e-06,E,2.005159246627934e-05,E,9.231825314197048e-06,E,1.2322123226367632e-05,E,9.235255846251927e-06,E,2.2715762481112823e-05,E,2.2715762481112823e-05,E,2.0062086188499658e-05,E,2.0062086188499658e-05,D,5.855960292859359e-05,E,8.659642903798382e-06,E,2.005159246627934e-05,E,1.5289126027119945e-05,E,2.2715762481112823e-05,E,1.2414196814806889e-05,D,0.001132984185349082,E,1.5289126027119945e-05,E,1.5289126027119945e-05,E,6.773466866143489e-06,5.8352900276419893e-05,0.009553159548410841
428,L,L,0.0007630960377929923,L,0.0002779545261107855,L,0.00036157516049048786,L,0.0009715695414885631,L,0.0008581142100277693,L,0.0007860268708922989,L,0.0003056530013661088,L,0.0003056530013661088,L,0.0003502856107473331,L,0.00035309121048310207,L,0.00033353283166105674,L,0.0007450055250691102,L,0.0008502633203341078,L,0.0009715695414885631,L,0.0009715695414885631,L,0.0016547362256614183,L,0.0007630960377929923,L,0.0004307786478807698,L,0.0005881486372735736,L,0.0001665708566478359,L,0.0002332385626276156,L,0.0003696882916841289,L,0.0005739652321605873,L,0.0005879377733943338,L,0.0007943209286825393,L,0.0007923842300087228,L,0.00041126567281176286,0.0006137441121271567,0.10047821783106414
429,E,I,0.00044810627186643755,E,0.000545244595649399,E,0.0017446286145077093,Q,0.0013824903318867124,Q,0.0017980979842098534,Q,0.0006661239143389878,E,0.0017492377220423212,E,0.0017255142370359016,K,0.001098348837885404,E,0.0006132695882005025,E,0.00038537014072618944,S,0.0015607245822442666,Q,0.0005910398153944436,Q,0.001780850737627974,Q,0.001780850737627974,Q,0.002944746692916158,I,0.00037218433596927704,I,0.00048098234255052595,S,0.001508776584228291,T,0.001358899887915658,E,0.0017414397440157646,E,0.0009432555578712237,Q,0.001711849378103962,E,0.00011498248943174899,E,0.0006075250804228794,E,0.0006312149270510321,K,0.004520749786935028,0.00128912981180206,0.2110479978273583
430,L,L,0.00014111433394378882,L,0.00014467562382677082,L,0.0001455248387196822,L,0.00015392224473385928,L,0.00016022160673507724,L,0.00012571884557597117,L,0.00026345682800986864,L,0.00026345682800986864,V,0.003652238461329606,L,0.00016403819120129251,L,0.00014439573271987554,A,0.00015574512040761958,L,0.00024577143441465224,L,0.00016022160673507724,L,0.00016022160673507724,L,0.00018310833085876006,L,0.00017180211985378627,L,0.00016769947218973045,C,0.00013119633003913253,I,0.00013618812974991966,N,0.00013330154490322348,L,0.00016530396859039265,L,0.00017301872947020653,K,0.00014287302575411966,Q,0.004890223635923496,Q,0.0034278703116997758,L,0.00034317187374450337,0.0005980178065138938,0.09790360875561295
431,F,F,0.00016459130907634802,F,0.00324265767613082,F,0.00036455778931992485,F,0.00023415237933091938,F,0.0002573017234180993,F,0.0001771785283956224,F,8.938909923941697e-05,F,8.938909923941697e-05,F,0.00017001710563977352,F,8.86055690937493e-05,F,0.00025008475400318316,F,0.0001446791152794376,F,0.00019434848832940865,F,0.0002573017234180993,F,0.0002573017234180993,F,0.0001277006743611111,F,0.00017073540421590162,F,0.000159630547812795,F,0.00015649390457731264,F,0.00019089105584508414,L,0.0001040227510975659,F,0.0011401710147642679,F,0.00011893962276112217,L,0.00019515960503678817,F,0.00013757488247650876,F,0.00018706739281762995,F,7.866159146185746e-05,0.00032402239002075054,0.05304685070429113
432,T,T,2.5542492538379443e-05,T,2.5542492538379443e-05,T,2.5542492538379443e-05,T,2.5542492538379443e-05,T,2.5542492538379443e-05,T,2.5542492538379443e-05,T,8.762185483817992e-05,T,8.762185483817992e-05,T,8.762185483817992e-05,T,8.762185483817992e-05,T,8.762185483817992e-05,T,8.762185483817992e-05,T,2.5542492538379443e-05,T,2.5542492538379443e-05,T,2.5542492538379443e-05,T,2.5542492538379443e-05,T,2.5542492538379443e-05,T,2.5542492538379443e-05,T,2.5542492538379443e-05,T,2.5542492538379443e-05,V,0.0003809424200275596,T,2.5542492538379443e-05,T,2.5542492538379443e-05,T,8.762185483817992e-05,T,2.5542492538379443e-05,T,2.5542492538379443e-05,T,2.5542492538379443e-05,5.480010230088994e-05,0.008971518434726149
433,D,N,0.0004160499352097531,D,3.199955781387432e-05,K,0.0004925382916587381,D,0.0001348645562587498,D,9.690496322005296e-05,D,0.0007782288426758869,A,0.0005443185672420305,A,0.0003367738382160521,H,0.0022842855726698213,S,0.0006329058792444702,L,0.0003813035581678129,E,0.000356592163978023,N,0.0026984033320448537,D,9.690496322005296e-05,D,9.690496322005296e-05,D,0.0003738491609136651,D,0.00032248805506816553,D,0.00027352346996258726,Q,0.00044299399897381614,R,0.0021693877395130468,M,0.00032485078398527184,N,0.000702436711640776,H,0.0020945277109845886,D,3.9081975050537666e-05,D,2.0347963767320026e-05,D,1.3838837379263429e-05,D,0.00024323540357927624,0.000607390399839205,0.09943802913566131
434,V,A,5.263259215236612e-05,M,0.00250954944925413,A,0.0007001391660861574,N,0.0033374804804655505,N,0.0031463499981091245,A,0.00016754794965347442,A,6.085598155332955e-05,A,6.181102647983515e-05,A,0.0002924120172636919,A,0.0010504603070598023,A,0.000409747101919317,A,0.0006452785593633457,L,0.0018908192232479025,N,0.003341532674767481,N,0.003341532674767481,A,0.0007072896948462496,A,0.0005886867112137608,A,0.0005822629856702977,A,0.00031413054830101595,V,0.0007800295006050775,L,0.0002979370231064764,A,0.0002256473087427045,V,4.941268267683883e-05,A,9.68640339435154e-05,V,0.0007322091870015274,V,0.0006693760718224566,V,0.000639209804214073,0.000988563139047666,0.16184116549929975
435,V,I,0.0006843856778400497,I,0.0001457734005851385,V,0.0003535434911004702,F,0.0005458781864580659,F,0.0005458781864580659,I,0.0005477112172441583,V,0.00013813701745572953,L,1.4032142317254854e-06,V,0.0010680397779821418,I,0.0003052414154894564,I,0.00018326101987107385,V,7.616197323023226e-06,F,0.001096047656570503,F,0.0005458781864580659,F,0.0005458781864580659,I,8.601723393037224e-05,I,0.0006755728036975503,I,0.0006897241686277506,I,0.00042285313384779184,V,0.00018863883817322666,V,0.00011516644167193456,I,0.0005415272573145457,I,0.0015400580707765738,V,5.460126985760646e-05,I,0.00013183699813548537,I,0.00013183699813548537,M,0.00028237164029017793,0.00042869917355497166,0.07018385690929328
436,E,R,0.001553829453539596,R,0.0030154950512828425,E,6.218481578292083e-05,R,0.001939262008976183,R,0.0020892259750267773,Q,0.0009113189508982666,K,0.0006517485547234323,K,0.0006517485547234323,K,0.00013705520554003106,K,0.000446454668839658,Q,0.003311454816752101,K,4.299855170936958e-05,E,0.0013894430197462406,R,0.0023525028546295193,R,0.0023525028546295193,R,0.002517031899807283,R,0.0016227644164090625,R,0.0015184134380179033,R,0.001548061518291599,E,0.00040572816569527673,E,0.00023904928688061946,D,0.0006603657269133003,R,0.0018387832979601098,R,0.0011932728135002789,N,0.0016645567189141198,N,0.002726765958729116,R,0.001449422640952693,0.0014182015266248611,0.2321787844557561
437,R,R,8.519250765599724e-05,R,4.7581714882216253e-05,R,0.0004219242466237002,R,0.0003021313674581559,R,6.651554786249625e-05,R,0.00030404847660894585,R,1.0101463507782994e-05,R,1.0101463507782994e-05,R,2.438644809355972e-05,R,1.6800925349575012e-05,R,0.0003717558224076924,M,0.0004330199490155146,R,1.407108627081494e-05,R,0.0003021313674581559,R,0.0003021313674581559,R,0.0003750362360200152,R,2.1773304668194085e-05,R,3.72503769233464e-05,M,0.0012805922471750318,R,9.225567686923262e-05,M,0.0009043225045282253,R,0.0003756415550578136,R,0.0003695411589597749,R,0.00027206114359663695,R,1.3874595386982413e-05,R,1.3874595386982413e-05,R,5.5670618395744226e-05,0.00024162176915290835,0.03955675382290774
438,W,W,0.0,W,0.0,W,0.0,W,0.0,W,0.0,W,0.0,W,0.0,W,0.0,W,0.0,W,0.0,W,0.0,W,0.0,W,0.0,W,0.0,W,0.0,W,0.0,W,0.0,W,0.0,W,0.0,W,0.0,W,0.0,W,0.0,W,0.0,W,0.0,W,0.0,W,0.0,W,0.0,0.0,0.0
439,D,D,0.0001754967789791885,D,0.00016552629626920198,D,0.00038827298796665255,D,0.0004482970571941066,D,0.0007395054716566457,D,5.0671826699207506e-05,H,0.005617823422854838,H,0.005617823422854838,D,0.00025700375906512576,N,0.0033285421747122662,D,0.00022232617308759508,D,3.680838024222778e-05,D,0.00014570874963972208,D,0.0007633938125072646,D,0.0007633938125072646,D,0.0001781048771896459,D,0.0001737461221455094,D,0.00015771744259324063,D,0.00011758069772453755,D,0.0001814039948560957,D,2.2817247515428684e-05,D,0.00018735039031966973,D,0.00023279541769374076,D,5.070119409026694e-05,D,0.00016906921482435648,D,0.00015478003180076353,D,0.00023577960695328067,0.0007623126060719513,0.12480089107949674
440,I,L,0.0018645673181370793,N,0.001960628560955335,V,0.001902667581114406,T,0.0015742013110465998,T,0.0015998859290112706,T,0.0013967633672804266,P,0.0010006552985854407,P,0.0010052032523687904,I,0.0017826958653387615,S,0.003750338734034832,T,0.0015488133575636926,T,0.0020711377217478228,N,0.0030221339306184883,T,0.001577042557152621,T,0.001577042557152621,I,0.00180140970386488,L,0.0013738150090559025,L,0.0015168788180060428,L,0.001559308152712033,H,0.0018023725111988948,E,0.0013894430197462406,L,0.0013998969707122923,T,0.0018553144160545906,-,,I,0.0019679425248646065,I,0.0020320031119880266,A,0.0013894430197462406,0.001758523253848382,0.28789405726235595
441,N,E,0.005614870407463657,I,0.0067096405599399184,N,0.0013894430197462406,E,0.00668989907737558,E,0.006905621460177664,E,0.0047675789594997554,S,0.0007943356718283249,S,0.0013894430197462406,N,0.0003013262774729644,-,,K,0.003288332166760566,V,0.0013894430197462406,A,0.00439108692347089,E,0.00688353368442254,E,0.006880063888556878,E,0.006617327308738195,E,0.003961501585298295,E,0.003652236664666017,A,0.0032558899903337526,K,0.0030397596522455162,H,0.007374237837779997,E,0.006110129604313487,E,0.004467503019974875,-,,K,0.0017170510599934016,K,0.0038405806286431763,E,0.005259533677165435,0.004267614766614385,0.698666297022017
442,A,A,6.0577193405227434e-05,-,,-,,-,,-,,-,,-,,-,,A,0.0005603695316656513,S,0.0032312258785949575,-,,-,,-,,-,,-,,-,,-,,-,,A,0.0008419122988387109,-,,H,0.0014498472380758466,-,,-,,-,,-,,-,,-,,0.0012287864281160788,0.20116896920474672
443,-,-,,S,0.00022822425646156478,A,0.001497835301957631,S,0.0008852018450012998,S,0.0008168020992530614,S,2.2701078518876824e-06,A,0.0013021579677306764,A,0.0013021579677306764,-,,E,0.002750934654970314,A,0.0026017230986998675,A,0.000409836321584589,S,0.0006984363239344959,S,0.000790636032646387,S,0.000790636032646387,S,0.00011101843355687623,A,0.001960078496374603,A,0.0026470131183745364,-,,G,0.00132197930359612,K,7.591108588172431e-05,A,0.0028751305235076353,S,0.0002556340604183088,-,,A,0.0021722235418722546,A,0.001708985190151175,S,0.0006465907881876439,0.001210931154451727,0.19824581924496626
444,M,M,0.0009110979959859423,I,0.0001989359474575538,I,0.00029525772040993315,L,0.00027584300573195225,L,0.00023566269430858557,I,0.00015591537852055782,T,0.0011738996913715515,T,0.0011064293822521931,V,0.0006865165052861003,I,0.00036420650648713874,M,0.0004601965212313528,A,0.0007350174283140018,I,0.0007874624782320273,L,0.00023566269430858557,L,0.00023566269430858557,I,0.0010556247782565022,M,0.0002248856231646865,M,0.00019462131969696196,A,0.001264118066597398,L,0.0003389191658178077,V,0.001345588578558481,M,0.0007843725299560598,A,0.0004256082413302181,A,0.003036241325302156,I,0.0011233607262781345,I,0.0010471629901747939,F,0.004006086649884614,0.0008409020977490323,0.13766705453089673
445,D,E,0.001553875820962197,S,0.001104300575290159,N,0.0029167878942324256,G,0.0025871638692530636,G,0.002588289962332683,S,0.00016626389746040533,K,0.0030290132435664505,K,0.0030290132435664505,E,0.0005061336188598762,E,6.263975671898013e-05,E,0.0003155653905655512,D,0.0010806305762368516,G,0.0015527983588493122,G,0.0030419912319337872,G,0.0030419912319337872,N,0.0007138787664057519,E,0.0009067918911973351,E,0.0007300985440057209,D,0.00044726722732895834,K,0.0006330069390020597,E,0.001840421019673329,E,0.0007456240914570064,T,0.005555413132980635,E,0.0011433643964836838,E,0.001563811965827034,E,9.499123642488097e-05,D,3.549435787722997e-05,0.0015180230459416893,0.24852091819514427
446,Q,D,0.00036135991743876873,Q,0.0033221919978674314,E,0.003814699181704295,G,0.0022547973408437246,I,0.004051934067419389,R,0.004134355671385631,W,0.0058876418331746125,W,0.005612194011626837,N,0.0037593884908188363,H,0.005641742786066463,Q,0.0045353499056530145,S,0.0038292727523706015,R,0.004584832467286013,R,0.004191103478010159,R,0.004191103478010159,Q,0.005468885353236642,G,0.0025681644512207517,G,0.004689735213572532,S,0.004253791538959501,T,0.0018793590764992643,F,0.0018217720922752742,Q,0.006567114248538294,Q,0.005192414830460071,G,0.0029262699354092414,Q,0.006124653833646031,Q,0.00632279123875988,Q,0.004936810996356179,0.004182360377355911,0.6847089996309627
447,L,L,0.0005464952831703145,L,0.00013398783071011467,L,0.0002638891514815204,L,0.00032273414984431434,P,0.0017149702246399632,L,0.0005001245420176742,L,0.00018101969101664,L,0.00018101969101664,M,0.00481709662781944,L,1.0938414676461703e-06,L,0.00016945563957880362,L,0.0001440446282455827,L,0.0001611391133018708,L,0.00032273414984431434,L,0.00032273414984431434,L,0.0002725883236994965,L,6.782201493543959e-05,L,8.246173124141023e-05,L,0.0004365281852272846,L,0.00015321184492372476,Y,0.004235027162818264,L,0.0002586286492161656,L,0.0004605430578932797,L,0.00026206868558055046,L,0.00036420726874660957,L,0.00020775796087430892,L,0.00039937354201219615,0.0006289910052284403,0.10297434058972993
448,P,P,0.00036221608633249075,P,0.0006272999797356932,P,0.000432046340178201,P,0.000936197986124463,P,0.0007251367069732794,P,0.00392341155732552,P,0.00012480635331685847,P,0.00015080087216356972,P,0.00030451161158674255,P,0.00013210690426352528,P,0.0002749711400917924,P,0.0003453546611319547,P,0.0007561818834822823,P,0.0007251367069732794,P,0.0007251367069732794,P,0.0004465023656995492,P,0.00019370361513015023,P,0.0003691468875363444,P,0.0003579830525599182,P,0.00020880617768566733,S,0.0003592505842248346,P,0.00021179763215392126,P,0.0014944106231266677,G,0.0013894430197462406,P,0.0004915584651016104,P,0.00042916446545647826,P,0.00037152584865506527,0.0006247632679159026,0.10228220277165884
449,D,E,0.00019894501537724035,Y,0.002576638115171792,E,0.0001721015384852451,Y,0.0032564892055329457,Y,0.003259280970371585,Y,0.0014512418967168514,E,0.0009337628531045795,E,0.0006910383335402325,E,0.002146277616405949,E,0.0005159080756718401,D,0.0006409784591535567,S,0.00025978212381823514,E,0.0007168568831642976,Y,0.0032564892055329457,Y,0.0031577685438621585,S,0.0018659791986129141,E,9.125701128661015e-05,E,0.0005095756889094002,S,0.0008222206183332312,K,0.0007117015874553896,E,0.0008668779556582288,E,0.0004531295751768362,Y,0.0016653896207894704,S,0.0025675576047594593,D,0.0008918652073154563,D,0.0002417691846379242,Y,0.0007336477461690366,0.0012835011050004966,0.2101265023426122
450,Y,Y,5.054059939976097e-05,Y,4.476860806098568e-05,Y,4.578996089383171e-05,S,0.0001992172758707877,S,0.0001992172758707877,Y,1.4253219034034766e-05,Y,2.630330472124875e-05,Y,2.309213684409506e-05,Y,0.00036572554879715525,Y,1.7876851051679826e-05,Y,0.0003548018271880194,C,6.832727605040011e-05,Y,1.6486376602909086e-05,S,0.0001992172758707877,S,0.0001992172758707877,Y,0.00014672497875049145,Y,0.0003277969440203869,Y,0.0003298038684791579,C,0.000960035226820056,Y,0.00012296333573426466,Q,1.0557653410667608e-05,Y,4.2240845041805576e-05,Y,6.301871614551775e-05,H,0.00028469757684607925,Y,2.8638642642410877e-05,Y,2.8638642642410877e-05,Y,9.218740315294097e-05,0.00015785698688198005,0.025843325256694073
451,M,M,7.596631750785845e-05,M,0.00011953256552574426,M,0.00018805083121083702,M,0.0008116771915728693,M,0.000798354619817969,M,0.00020066918185173826,M,0.00018296162453346128,M,0.00014960943417433687,L,1.1372128096879416e-06,M,6.554535156891441e-05,M,0.00021582741068809798,M,0.00041568856846278693,L,0.00023255080867614174,M,0.000798354619817969,M,0.000798354619817969,M,0.0013749902106536683,M,0.0002844103460695184,M,0.0002612601547803934,M,0.0004238466136990615,M,0.0005236678082084114,V,0.0025144957062972636,M,5.196925387712488e-05,L,9.103743544104451e-06,S,0.003984782082406153,M,6.451877367202351e-05,M,6.451877367202351e-05,M,0.0004509460670714415,0.0005578811071106507,0.09133268783601077
452,K,R,0.0006812211480184759,Q,0.00018764761750607027,K,0.00010649370836741266,Q,6.351285050475328e-05,Q,6.351285050475329e-05,Q,0.00018263580833363741,K,0.00012104153400413489,K,0.00012104153400413489,Q,0.0011787079928875374,K,7.812351602530876e-05,K,8.778503808560693e-05,R,0.0011058964208958881,Q,6.318350414894993e-05,Q,6.351285050475328e-05,Q,6.351285050475328e-05,Q,4.1738011129641214e-05,K,0.001123064541809968,K,1.1041074762749517e-06,R,0.001125475321068029,R,0.00020011415903607455,E,8.64459624864968e-05,K,1.7914774582706774e-05,Q,0.0002142418304778221,K,7.244350618186628e-05,K,3.6131362347364383e-05,K,5.239878467975632e-05,K,1.1467096519678172e-05,0.00026482846970710556,0.043356004793060926
453,I,I,0.0004892051706707499,V,0.0015786288813611528,M,0.00028493089539437493,L,0.0010690968131491449,L,0.0010581871461471106,L,0.00019405599708609405,G,0.0014508869687205128,G,0.001446674220062906,L,0.0005142951992552337,C,0.001900910217955972,V,0.0001423831051957737,S,0.0015341109633506408,L,0.00035533568858685683,L,0.0010690968131491449,L,0.0010690968131491449,L,0.0010378367865539581,I,0.0007282659190012005,I,0.0004915762454765211,S,0.0004113849116004293,V,0.00016011552981738181,I,0.00021345433920800453,T,0.000250682944079219,L,0.000828324644392662,T,0.00019292735644855372,I,0.00010963376435116687,I,3.624552205827689e-05,I,0.0004522119331609086,0.0007062798070141886,0.11562756350182432
454,C,C,0.001945569394391636,C,0.0013569070458808962,P,0.003931552862736653,F,0.003449940803867463,F,0.0036933971409282905,F,0.002253808023798345,V,0.0028136600080127753,V,0.002725180992520502,G,0.0024293742523525813,V,0.0007323491752520768,C,0.0015682505672153498,C,0.0009959716658898532,F,0.004978900742679824,F,0.003720714004323482,F,0.003720714004323482,C,0.000840364395637036,C,0.002056071512202079,C,0.0024100708897299107,C,0.0007900903810861673,C,0.0020172948243768673,I,0.0023258010067267907,C,0.0010625694899566301,F,0.0014420699537436472,I,0.0030362023461167945,C,0.0027677930419220775,C,0.0018633961449668844,C,0.0008694660914097815,0.0022887955837795505,0.37470681460506267
455,F,Y,2.2180046920834555e-05,Y,0.0004472307371169255,F,5.230825993551912e-05,Y,0.00041070990235381,Y,0.0004592502294381666,Y,7.668888783747622e-05,Y,7.364391832273826e-05,Y,7.364391832273826e-05,F,9.581681095160988e-05,Y,4.751585113645025e-06,Y,9.385537798680983e-06,Y,8.634400189989492e-06,Y,0.00044581124484358524,Y,0.0004592502294381666,Y,0.0004592502294381666,Y,7.092054471518e-08,Y,3.27491461047948e-05,Y,0.00011228750932642528,F,2.5679160791233873e-05,F,0.0003414367156100611,F,3.950849583201945e-05,F,0.000703369981591551,Y,0.0004530389246240386,F,2.7907138978857166e-05,F,0.0008990185235632617,F,0.0008800697911789027,Y,0.0003616225481800708,0.00025834499238325866,0.042294571804986435
456,L,M,7.692659967823815e-05,L,0.00016237231947498885,L,0.0013174597230360056,M,1.014435117063248e-05,M,2.1474832233223855e-05,M,4.988396573815127e-05,M,0.000810609346056906,M,0.001055457638968909,L,0.0002473349360843282,M,0.00022131276630011972,L,3.135283713566318e-05,K,3.5292673257690426e-06,F,0.00015341894248165855,M,2.1474832233223855e-05,M,2.1474832233223855e-05,L,0.001190476817699765,M,4.92954008484791e-05,M,5.70835124917929e-05,R,4.4944210701926876e-05,E,3.6525489582659447e-06,S,7.759469938499012e-05,L,2.933948755451804e-05,F,5.7760009181730404e-05,E,0.00011447156687516689,L,0.0001735317022709105,F,0.00017088576252170587,L,8.184680282165388e-05,0.00023167073005414621,0.03792763404081245
457,T,A,0.001302743938983267,A,0.0013300784305477502,V,0.0011836070942747375,V,0.0008162379749431394,V,0.0007975745599776359,V,0.000621982850282112,M,0.004839614839286174,M,0.004839614839286174,A,0.0014717645798569738,V,0.0031230411893340844,A,0.0010903404797118924,A,0.00010381841663194226,A,0.0010891757832016762,V,0.0008083694598438599,V,0.0008083694598438599,A,0.0015217968077863282,A,0.0011963021921388257,A,0.0011050737725257105,A,0.0005689451897284109,A,0.00020656129927015474,S,0.00013939692632458476,A,5.908891446500967e-05,V,0.0007222054914512391,A,0.001499877984377983,G,2.7622449215958466e-05,G,8.394577963171613e-05,I,0.00018916380786325015,0.0011683820189179429,0.19127994987985
458,L,L,0.0010133999537769518,L,0.0004964027793955418,L,0.000579403391863848,I,0.000643766298725156,I,0.000660734403507196,L,0.0006386814839436039,L,0.0036646315364914778,L,0.0036646315364914778,L,0.001394052935450082,V,2.238594496468215e-05,L,0.0005661789500971101,L,0.0004972020579474464,I,0.0005687783676925285,I,0.0006677145201748396,I,0.0006677145201748396,I,0.0005499217953570942,L,0.0018178317454891565,L,0.0017944420209335585,L,0.0016795357128565557,L,0.0002725364856753401,I,0.001391057329046714,L,0.0006464086411536134,L,0.00021838171351657698,L,0.000284276553657603,L,0.00016419615548645438,L,0.00016449101454504188,I,0.0014913196847518993,0.0009711139827098662,0.15898450244244178
459,H,Y,0.0005251188287963533,Y,0.0012668342617662188,H,0.001255826982061218,H,0.0017852791114071655,H,0.0017820888155747243,Y,1.975543681279241e-05,Y,0.0003325525764644507,Y,0.0003325525764644507,Y,0.0003316651878528331,F,0.00014955543284215784,I,0.0007706415918742571,H,0.0025355754677409367,H,0.0007552093308402473,H,0.0017820888155747243,H,0.0017820888155747243,Y,0.0008938412093182434,Y,0.0008624590974191554,Y,0.000609079018166114,H,0.0007818891099273599,D,0.0008786166528110956,Y,0.0003458497208965637,Y,0.00012598815057670275,Y,0.0006966450386313338,D,0.002490967260767096,Y,0.0015983352766868744,Y,0.000937331001064739,N,0.0012022015047011847,0.0009937050471338412,0.16268296544579436
460,N,N,1.138321721546239e-06,N,4.440740634740061e-06,N,9.787172598526347e-06,N,1.2384080007071447e-05,N,1.2384080007071447e-05,N,3.906057506541883e-06,E,9.775348205252643e-06,E,9.775348205252643e-06,N,7.219863685661921e-07,E,0.0006331276335580381,N,2.643066719105065e-05,T,1.0308412222713548e-05,N,2.8456619090964108e-05,N,1.2384080007071447e-05,N,1.2384080007071447e-05,N,4.615060234178694e-07,N,1.7491304526119862e-06,N,1.138321721546239e-06,T,3.627216913818788e-05,M,2.6018818931902848e-05,D,8.468166848355947e-06,N,1.2864210028146626e-07,N,1.8042709390268767e-05,D,0.00014114647046769947,K,2.0733724047954228e-05,N,1.047330719728794e-05,N,0.0003005740803106097,5.009672866524453e-05,0.008201512513096466
461,S,T,0.0007070454923791908,F,0.000790144981673711,T,0.000887926823652877,F,0.0004927425065432707,F,0.0004750204349873406,F,0.0005141619046495291,T,0.00016403876836929162,T,0.00016403876836929162,T,0.0015986061835644278,T,0.0015366100164081332,I,0.0015972805066714593,V,0.0003674940729936631,F,0.0009795811773142674,F,0.0004481167101661057,F,0.0004481167101661057,F,0.0022197722130089335,T,0.000972968111490742,T,0.0017414208816314079,V,7.44507367700405e-05,I,0.0011804260165920073,S,0.0010186210395246014,S,0.001979208185754187,F,0.0014639781576651352,L,8.709730599682744e-05,S,0.0015390805033111674,S,0.0009599792590528702,F,0.0015572711460270633,0.0009616740227679129,0.15743905323548044
462,V,T,0.0018795578369053087,V,0.0013694594406445488,I,0.002394363722359356,V,0.0006796662755245303,V,0.00036082063443407356,V,0.0008358308083465546,V,0.00024886619108719027,V,0.00040772238623228076,I,0.0009155878116196865,V,0.0003791871232035655,I,0.0007757736007046516,T,0.0005083709832016328,V,0.0008112409187602999,V,0.0007865190356010335,V,0.0008442664462653684,V,0.0011259428941704486,T,0.0017956704010021187,T,0.0017365752281293541,T,0.001678941646846524,T,0.0015989283844341715,V,0.003535171298524454,I,0.0019764381312771576,V,0.0018792859264853603,V,0.0005218106603688329,I,0.0027388675949131564,I,0.002732134137923803,I,0.000986811548626938,0.0013149559654663853,0.21527608872444048
463,N,N,0.0007427118721237901,S,0.003605268154792803,N,4.851656023592972e-05,S,0.0028259870118662062,S,0.0028259870118662062,S,0.004781027302938392,N,0.0003046581967238132,N,0.00030561970967743794,N,0.0010260621315658618,N,0.0002883392972292277,N,9.311204529607363e-05,N,0.001009625549070831,S,0.0051215168219951165,S,0.00282991407181898,S,0.00282991407181898,S,0.0013577747852393626,N,0.0011183714232605186,N,0.0010226106200928156,N,0.0011707503969856834,T,0.001537494170296659,N,0.0012464965949488197,N,0.0004553148854370433,S,0.0011953630564095362,N,0.0011147480453846234,N,0.0009533468656314773,N,0.0009533468656314773,F,0.0012142909908095497,0.0015547469818202677,0.2545331235359547
464,E,E,0.0020416041306166874,E,0.0015490734125179744,E,0.0005470531499874133,E,0.0026105159221847065,E,0.0014783590921568473,E,0.004439707630276759,E,0.0011060373764447645,E,0.0010844277333455093,E,0.0021109661309998717,E,0.0009774611869777497,E,0.000622817207997182,E,0.0014616937011390097,E,0.0017261410419190332,E,0.0014783590921568473,E,0.0014783590921568473,E,0.0015290542647593856,E,0.0012337248122543671,E,0.0015880405648597863,D,0.0009097150116837255,E,0.001100889223727899,Q,0.0012468437872007476,E,0.001861463431903981,E,0.0011216812045877769,E,0.0009010155404381592,D,0.001643549956485969,D,0.0008929479713510524,E,0.000796072395215023,0.0014643545950127803,0.23973466640626606
465,M,I,0.0004959452861726146,R,0.0029465983900719313,M,0.0020316528372919937,L,7.483845662308955e-05,L,8.62664190812355e-05,L,0.0003386724663724794,M,2.677887010956538e-05,M,4.782774758238566e-05,M,0.00039085341838567927,L,6.48167599063446e-05,V,0.002799278908840955,I,0.00012819830281481703,V,0.0037342743291460937,L,7.483845662308955e-05,L,7.483845662308955e-05,L,0.0004761745219372139,I,0.000900273045198858,V,0.004259470332503505,I,0.00022636002490344443,I,0.0004420184018972958,L,0.00021590820416533967,I,0.0002632643078635658,V,0.004615628428044313,V,0.0048772443574862795,I,8.14308806519014e-05,I,8.414291002608627e-05,L,0.0003913250264962432,0.0011166266498822003,0.1828068954893534
466,A,C,2.1643617035752634e-05,A,0.0003436329523503719,A,0.00032987301130763344,A,9.036701697648985e-05,A,0.00010147588224658045,A,0.0004542840609661977,A,0.0002372391298641851,A,0.000434279199079911,G,0.0005543310253823185,T,0.005093193839955894,A,0.0003152618234555434,A,0.00020711283213620886,A,8.600432124126555e-05,A,0.00010147588224658045,A,0.00010147588224658045,A,0.00036306643057352133,C,0.0003837182784122219,C,0.00038160583749040236,A,0.0001683604511466965,S,0.00022822567434037508,G,0.0003766325526782143,G,0.0001757962874280352,A,0.00023043210130018426,R,0.0020130219084135356,T,0.002089966568353514,T,0.0019672599062521006,A,4.187959367072993e-05,0.0006256154098722609,0.10242170994316911
467,L,Y,0.002149199298428653,-,,-,,-,,-,,-,,R,0.0005060370824824957,R,0.0005060370824824957,Y,0.0017588538633476,R,0.0008715348704112729,Y,0.003295457804465632,E,0.00016131010831406045,-,,-,,-,,-,,Y,0.002145416482654951,Y,0.0021098446481337568,D,0.0017647668122559366,-,,E,0.002582382944399118,-,,-,,L,0.00043309453889067137,-,,-,,-,,0.001523661294688887,0.24944397582553549
468,D,K,0.00271611503154921,-,,-,,-,,-,,-,,E,0.0006109037012786653,E,0.0005226690594964167,E,0.0003761374152870486,-,,E,0.0006501876593747239,-,,-,,-,,-,,-,,R,0.002825518964114483,K,0.003001992092685587,M,0.004418565905221199,-,,-,,-,,-,,K,0.0010161340331698988,-,,-,,-,,0.001793135984686359,0.29356062976406605
469,T,I,0.0006347633501830061,Y,0.0013894430197462406,F,0.0012215394020033033,Y,0.00016639939255112964,C,0.0013894430197462406,Y,0.00013599000114023586,-,,-,,T,8.560722340794275e-05,-,,-,,-,,Y,4.811693773238813e-06,Y,0.0001893395711842817,Y,0.0001893395711842817,Y,0.00015611285275111476,-,,-,,V,2.661069522788278e-05,M,0.0005279168775350496,-,,Y,0.0009437678672814804,Y,0.00094354896557068,-,,H,0.0003300840604077097,Y,0.002314080301228557,Y,0.0015400666538833427,0.000677159139933651,0.11086011616915167
470,-,-,,-,,-,,-,,-,,-,,-,,-,,-,,-,,-,,-,,-,,-,,-,,-,,-,,-,,-,,-,,-,,-,,-,,-,,-,,-,,-,,,
471,-,-,,D,0.0013894430197462406,D,0.0008460610191791354,E,0.0025741189148398022,E,0.0025741189148398022,D,0.0013894430197462406,-,,-,,-,,E,0.0004127190241812581,-,,I,0.00069818374158398,D,0.0013894430197462406,E,0.0025741189148398022,E,0.0025741189148398022,D,0.0008536979170031759,-,,-,,-,,K,0.001456933163249413,K,0.003284379384239609,D,0.0007972195224207507,H,0.004439857032474277,-,,E,0.00294736542385904,E,0.0029691632709701473,D,0.0005299907754116605,0.0018722430551761317,0.3065115278722371
472,-,-,,I,0.0004943969224001197,V,0.00029821217129799094,I,0.00155441747031655,I,0.0009650990937463128,G,0.0006562013370075415,A,6.131104456401097e-05,A,6.251655245180413e-05,-,,A,3.6647973326404205e-06,V,0.0006885763796938106,A,0.00014119236863715699,I,0.00035781690896177776,I,0.001011791669411774,I,0.001011791669411774,I,0.0014919326658088252,V,0.0001421311063333912,V,0.0013697750953943716,-,,I,0.00238134293582755,A,4.4381976085598955e-06,I,0.0009297749385051773,I,0.0014696661186903103,C,0.0014763517718435818,T,0.0001801766253920528,T,0.00036984311785484943,I,0.001344879702709519,0.0007694708608833939,0.12597279427501837
473,M,L,0.0009825306393844249,L,9.071568627475773e-05,L,0.000308799777448971,L,0.0007895656688269391,L,0.0007810318923344781,L,9.195871917851115e-05,D,0.006329646326118897,D,0.006340902017381296,L,0.0007657066571240845,E,0.00023865793062614128,L,0.0007043662921688757,Q,0.0013894430197462406,L,0.0006138207612252466,L,0.0007810318923344781,L,0.0007810318923344781,F,0.0021466298388943513,L,0.0002827373836996036,L,0.0008734460112470628,E,0.0014171270327361252,Y,0.0013894430197462406,S,0.001687635672557858,L,0.0006650419355341178,L,0.0007469528614006707,F,0.00022127373247876123,L,0.000332176303258804,L,0.0003116688196294186,L,6.507386868248902e-05,0.0011529042834212343,0.18874603509673324
474,K,K,0.00023478338050391933,K,2.6502584948081758e-05,G,0.00022085487456734756,K,1.2740017034108563e-05,K,1.2740017034108563e-05,K,1.8283864445777974e-05,K,4.1732912727888135e-05,K,4.1732912727888135e-05,S,0.00023478338050391933,K,4.1732912727888135e-05,K,1.8283864445777974e-05,K,4.1732912727888135e-05,K,1.8283864445777974e-05,K,1.2740017034108563e-05,K,1.2740017034108563e-05,R,4.997347819461736e-05,K,0.00023478338050391933,R,0.00023478338050391933,R,0.00023478338050391933,K,0.00023478338050391933,L,4.1732912727888135e-05,K,0.00023478338050391933,K,4.1732912727888135e-05,Q,1.2740017034108563e-05,A,0.0005801446463629188,A,0.0005801446463629188,K,1.8283864445777974e-05,0.00012919766345497418,0.021151406124127296
475,E,Q,0.0020180971669229385,D,0.0009781637238122237,D,0.0007955921995258795,E,0.001786377320216959,E,0.001947469473791214,E,0.003272741579702238,S,0.003927324357159981,S,0.002908387729386635,A,0.0013894430197462406,T,0.00442921510220145,N,0.0026088886895610447,E,0.0016094780014764072,E,0.00303904298291184,E,0.001947469473791214,E,0.0019468671688522609,D,9.124905444937302e-05,D,0.00026404260932046597,D,0.0007496163942992513,E,0.0017027004448806305,S,0.0008718275058593242,V,0.0022312671641632796,E,0.0026099929229726738,E,0.0010852086561837036,Q,0.0011520747487105255,N,0.0027100101995046343,T,0.002742417150566834,D,0.0009685137163680459,0.0019179066131976771,0.3139872703505286
476,Q,N,0.0028143518813771836,Q,9.746861097967746e-05,Q,0.0008115453865459674,K,0.0011383969475000414,K,0.0010395512138649502,K,0.0008475780377989722,Q,0.0003922514284696112,Q,0.0003329957017286148,Q,0.0005304102243730333,Q,0.000505270914931083,H,0.0009082627536033441,H,0.0013945340803741004,K,0.000966949832513769,K,0.0011433004534459755,K,0.0011433004534459755,K,0.000379375621580807,T,0.000776633227647543,T,0.00052376051225253,H,0.00029589626789677993,H,0.0004683700351009526,Q,0.0013643157171212372,E,0.0017263061539286812,E,0.0003934446997495375,N,0.00031869533740194815,K,0.0007920402995870343,K,0.001026467457285763,K,0.0009439143334735442,0.0008546439845918022,0.1399167873956441
477,R,G,0.00044708974722008714,H,0.0016730955597331176,N,0.00028232511288024047,G,0.0006270075199453204,G,0.0006369028099915278,G,0.0004523332743038246,G,0.00043879663215052803,G,0.0002361167079296347,G,0.0003139187808910844,G,0.0005406646698142421,D,0.000979386943753151,G,0.00042328374654561503,G,0.0008786577751620492,G,0.0006369028099915278,G,0.0006369028099915278,G,0.0002678884005447231,G,0.0005253153150772104,G,0.0005131118267841544,G,0.0005990354920802332,G,0.00022942275658311467,D,0.0013894430197462406,G,0.0005626394580643458,G,0.0003937593538436765,G,0.0007017181061408318,G,0.0005033317599839213,G,0.001025342826304778,G,0.00044799435565984924,0.0006060143544857983,0.0992127518873211
478,F,W,0.00012571198873927814,F,0.0014273884844708139,F,0.0020175505981826734,F,0.0018171590580632262,F,0.002130188304749463,F,0.0012665011639182086,R,0.0006387537723109739,R,0.000521233414206858,I,0.0008423181985745924,R,0.0009166629052337733,I,0.0007215454388491907,S,0.0003678575652689808,F,0.0020756655693427695,F,0.002093881102416473,F,0.002093881102416473,F,0.0018438536846807458,R,0.0010427562897492512,R,0.00016074320369208872,V,0.0005073568960526473,W,0.0010799083495042312,R,0.0010383785049301202,R,0.004158988061096743,F,0.0005949062257540855,Q,0.0003352949212970243,F,0.0014894137674133032,F,0.0012669420760943683,F,0.0008342000387545217,0.001237371877250477,0.2025745234271958
479,-,-,,-,,-,,-,,-,,-,,-,,-,,-,,-,,-,,-,,-,,-,,-,,-,,-,,-,,-,,-,,-,,-,,-,,-,,-,,-,,-,,,
480,H,S,0.003331627946774299,N,0.0021655155465362306,L,0.0027521924157019647,I,0.0020915788577737533,I,0.001378242122131782,I,0.0022656006964974777,D,0.0009043005937119291,D,0.0009043005937119291,N,0.0027407534794407556,N,0.00516167758523692,N,0.003458590479427088,N,0.0032436678680500147,T,0.0048021989746185175,I,0.0020915788577737533,I,0.0020915788577737533,N,0.002209892595244148,I,0.0030772727537916648,I,0.0030230096492625154,N,0.002007133172713023,N,0.002668950136633816,S,0.001898631942917545,N,0.001849169138354219,I,0.0006029490285351534,D,0.00028156196071909406,L,0.0030450276557204337,L,0.003099695428736434,N,0.0024760768249710886,0.002430473154176271,0.39790135040396296
481,I,V,0.000570390154531321,S,0.00012042928687542817,N,0.003026037370663913,A,0.0013894430197462406,V,0.0009731467168621529,T,0.0001987798565175873,T,0.0004161105336765022,T,0.0004161105336765022,I,6.679796563146325e-05,T,0.00041597134195225845,V,0.0013743103081130955,H,0.00028014260161389546,S,0.0008337703396911602,V,0.0009728854457018915,V,0.0009728854457018915,S,0.0010852464177387668,A,3.844025713329586e-05,V,0.0003837584334698294,P,0.00045484939217236046,P,0.000911887979393907,I,0.0002334759182045693,V,0.0001890806922927988,S,0.00030384049388581575,I,0.00016315005596666924,I,0.0002667101692119803,I,0.00027040009480540746,S,6.228820088614089e-05,0.0006070495935598832,0.09938223453511809
482,I,L,0.0017337002101867794,I,0.0006802846782850501,I,0.0007768918759689299,I,0.0007944004901037542,I,0.0007944004901037542,I,5.099524832540166e-07,L,0.0005190826043550124,L,0.0005525230267056196,I,0.0018304009335168478,L,0.00015255767832131456,L,0.0003948664792273113,V,0.0009999732867104665,I,0.0012436838692893477,I,0.0007843740081064081,I,0.0007852690378210626,L,0.0006942037301791803,L,0.0021252075873383833,L,0.0026649718179402597,I,0.0001291751658684414,T,0.0018244510520561154,T,0.000155218235574229,I,0.001965426273256612,I,0.001074380062870162,K,0.0010654769078183746,L,0.0025267358895115044,L,0.002460127635087516,L,0.0005237156683126905,0.0010834077276666066,0.17736850832353065
483,K,P,0.001728554684153467,P,0.0011841635701688351,E,0.00034676381945394067,P,0.0028313163662002827,P,0.0025791195316078835,P,0.002244148905292181,N,0.0010980545290402502,N,0.0011069064552767986,P,0.0012801991053103324,N,0.0004110749906788069,P,0.001630515608238598,N,0.00126069420495014,V,0.0013894430197462406,P,0.0028417723761095305,P,0.0028417723761095305,P,0.001779051357341286,P,0.0016655626695939037,L,0.0016133154634041837,N,0.0014014300410525545,Y,0.0003531268570392501,K,0.0012702539796473015,P,0.0014833808476666396,P,0.0014084455243868884,N,0.0002788390434317115,P,0.0009857085934873984,P,0.0009879342398992673,S,0.0004217740413484887,0.0014230860074309515,0.2329784400723697
484,Y,Y,0.000515966407459724,Y,0.0003394008115918712,Y,0.0005620300282656931,Y,0.00020212153549375664,Y,0.00020890675405674139,Y,0.00035817612376522954,Y,0.0006026723646640741,Y,0.0006541389917778326,N,0.00435349419718496,Y,0.00024645931265083153,Y,0.000225989273842842,R,0.0010866974358903058,Y,3.84470434865899e-05,Y,0.00021183661595257608,Y,0.00021183661595257608,Y,0.00026935225346484546,Y,0.00015619628859736426,N,0.001989468026745253,H,0.002239251488569697,A,0.003962588784343516,H,0.0013894430197462406,Y,0.00017435068890168953,F,0.0002833434527073793,N,0.0021158383565208654,Y,0.0005614735834312539,Y,0.0002433042094389853,Y,1.8287132171714403e-05,0.0008600396591360892,0.1408001323459156
485,L,L,0.00032517664915790266,L,0.0005249649738157394,L,0.00022753482083669635,L,0.00047272642956357603,L,0.0005252604379120629,L,0.0006248493648917898,A,0.0011556797761798107,A,0.0011419005098585108,L,0.0002281281358417858,V,0.0028160282138901143,L,0.000202268005322662,L,0.00034244098304171526,L,0.0006340853546729625,L,0.0005252604379120629,L,0.0005252604379120629,L,0.0002418896650098991,L,0.00023496859037437922,L,0.0003266030158655532,L,0.0002042798922766174,L,0.0003053596201693852,L,0.0002579092228862992,L,0.00012420671240528371,L,0.00027633220667301346,L,4.285844579494161e-05,L,0.00063431556059751,I,0.0012622436208722394,L,2.191843977914798e-05,0.0005260907230931008,0.086128171707656
486,K,K,6.953952248750668e-05,Q,0.00017013445121591628,K,0.0006185049894106855,Q,0.0019856844701676745,Q,0.0007486839066711388,Q,6.532910727945225e-05,R,5.3294015071520504e-05,R,5.3294015071520504e-05,A,0.0008469850204514838,R,0.00010383556635428431,T,0.0003448248309526001,R,0.0005312779894998711,Q,0.00014643134152836826,Q,0.0014819249965497255,Q,0.0014819249965497255,H,0.0024953611438050124,K,0.0006319997778826172,K,0.0010200640833843994,K,0.00046140139495687825,R,0.0012302159358524112,V,0.002399921189310931,R,0.00035367433527353306,H,0.0017202723506048684,Q,8.443509935001701e-05,K,0.001560447214328809,K,0.0006919424700008742,Q,0.0010498333890077106,0.0008296754667785014,0.1358291030949858
487,K,A,0.0003890368070779763,R,0.0005469804061574889,K,0.0007492850688746691,R,0.0013724517628485675,R,0.0014177668246363108,R,0.0013756693406144957,Q,0.00024279808940688705,Q,0.00024279808940688705,R,0.002839734389284911,K,0.00043829314986708145,K,0.00024000722826846807,K,0.00022368498098297417,R,0.0018612972773465405,R,0.0014177668246363108,R,0.0014177668246363108,K,0.0010824826245861099,S,0.001183709641404143,S,0.001405835457365483,K,0.0003646260224319322,Q,0.0005141376072491466,E,0.0008128252288546833,N,0.00029726232932206106,R,0.0013793129064586926,Q,0.001131785754003239,K,0.00014899540355564693,K,0.000647726865912737,R,0.0003280495516565505,0.0008915587576609746,0.14596023536742708
488,A,T,0.0008968994862089143,S,0.0021418190792220084,S,0.0016254260823242233,S,0.00041096997413369,S,0.00045315919927097685,S,0.0007365272557046466,A,0.00048163073311285475,A,0.0003306583237058719,V,0.005608025653047844,A,0.0010364763305308194,S,0.001811280385913731,A,0.00022818810265533298,S,0.0013642738718651125,S,0.0005230943495250558,S,0.0005224920445861024,S,0.00032098624482816457,V,0.0027413809863239894,T,0.0018897612441374843,A,0.000637177282770261,S,0.0004392327270390291,I,0.00034594894504949976,T,0.002324699869019947,A,0.0013894430197462406,L,0.000927357934321647,A,0.001018850222871016,A,0.0010212446436131928,S,0.00033150007064062235,0.0011688334837840102,0.19135386078874422
489,W,W,0.0003083710221582532,W,0.00013828986173191853,L,0.00010693126173866863,W,0.000169997983411114,W,0.000157536683107502,W,0.0004940262119208632,W,0.0015180747057840006,W,0.0015180747057840006,W,0.0009639342811225663,W,0.0006165072954839995,W,0.0004716882908918264,W,0.0005352414527083319,W,0.00014639376060196643,W,0.00016475986587293333,W,0.00016475986587293333,W,0.00018322856591430255,W,0.0004880747244370337,W,0.0004840465340535148,W,0.00032860154671748566,W,8.389398872704761e-05,W,0.00046145080047437946,W,0.0004866356137433915,W,0.0001919302797299836,W,0.00015486739376610153,W,0.0006560280257304523,W,0.00016401454761997875,W,0.00010108886154465148,0.0004169795603944149,0.0682651976166429
490,V,I,0.0005340914908389271,V,0.00019231166342972085,V,0.0005924582961803677,V,0.0011835239038890566,I,0.001237355840966372,A,0.0007205162066956536,E,9.574791535987246e-05,E,0.0003375114426971119,G,0.0003506842040541472,E,0.00016366332540118192,A,0.0005592646432027897,A,0.0003400659274871688,V,0.0002589027908609108,V,0.0012122866505947486,V,0.0012122866505947486,L,0.0008349924897694945,I,7.943704593523963e-06,I,3.590215251894239e-05,A,8.058337753996594e-05,A,0.000601829734174054,L,0.00044927261797970605,T,0.00018563068851498363,V,0.001812926440623129,Y,0.0012728954545103823,A,0.0007960961265331999,A,0.000823210628580845,L,0.0005186642066699571,0.0006078006879355912,0.09950519885005467
491,D,D,0.0012427799295070669,S,0.0010882855383112203,D,0.0019450446582309892,D,0.00123165345370328,D,0.0018085458551826133,D,0.0013141640598541417,A,0.002151853615129212,A,0.002679966293200665,E,0.0022047270720349523,A,0.0017885299682183745,D,0.002407422085669804,V,0.0004353259529576448,D,0.0010954496036574433,D,0.0018085458551826133,D,0.0018085458551826133,D,0.0006130953411053181,E,0.0008862499482125848,D,0.0022472277145358034,M,0.0006910891621699529,S,0.0001449318940417383,D,0.002659153645388373,E,7.074217512774601e-05,D,0.00197036306477921,E,0.002314269632350267,D,0.0021752891231359814,D,0.0011508283812698297,D,0.0004334832561310206,0.001495094930898906,0.24476727544370522
492,L,M,0.00036415093899868684,L,0.00136974038117115,L,0.0010423705932173495,L,0.0013240772402046094,L,0.001320273033107037,L,0.0006643540464752773,Y,0.00020775400815959175,Y,0.0006407715151309119,L,0.0002918138708306635,Y,0.0005374065567319772,L,0.0016350642429838324,L,0.0012549301686352087,L,0.0011406709942383378,L,0.001320273033107037,L,0.001320273033107037,L,0.00030432116409064025,T,0.002033070106775428,M,0.001011002247162387,L,0.000753913132474376,L,0.0013886719458916427,L,0.0014441191342007122,L,0.001053473605493004,L,0.0012617998399475931,T,0.0013894430197462406,L,0.002496598627920119,L,0.0011461654067638203,V,0.0006754478440084957,0.0010885907307619691,0.1782170360792267
493,C,I,0.0011328856557036298,V,0.0001871620542320037,C,0.002870681545777588,A,0.003564905744321462,A,0.003512621729486166,V,0.0008485956898803237,I,0.0006599789283520273,I,0.0004124170128660933,L,0.001602661738305209,F,0.0003509297728440871,C,0.0016458120787775131,F,0.001238205542370242,L,0.0013056554448423869,A,0.003508537216205296,A,0.003508537216205296,V,0.0009466884630694167,I,0.000891551498878454,I,0.0015813589845294213,F,0.002245455822852658,C,0.0016829309966343694,L,0.0013706908748633204,C,0.00038017080711126475,V,0.0013402140033384883,F,0.00047900775633548224,C,0.0007667993559251031,C,0.0007162665504889417,V,0.0004085438502165237,0.0014503431975708431,0.23744081100876305
494,R,E,0.0004268654309611173,E,0.0015747627388282177,K,0.0006091036586902358,E,0.0006046848648491636,E,0.0006578278644136619,E,0.000258194675370486,D,0.0005445702339075631,D,0.0005449334004200407,E,0.0003691573033682791,D,0.0007812954396661322,K,0.0015829550973480916,D,0.00047133354840650217,K,0.001684168284943135,E,0.0006578278644136619,E,0.0006578278644136619,E,0.0006069662527250864,E,0.00022280357283256745,E,0.00040667398254053865,D,0.0008682385502848984,K,0.000707011386970115,K,0.0003313471439953876,K,0.0015247175081032703,E,0.0006912655124088672,H,0.00011293355279021914,K,0.0005718398223762333,K,0.0005220948440671349,E,0.0005805306245079872,0.0006878492971704539,0.11261023959398586
495,Y,G,0.0005721753573009854,G,0.0015879368867145265,C,0.000672126132586971,S,0.002176233137828422,S,0.002176233137828422,A,0.0002879520570930641,S,0.0010395178497648937,S,0.0010229929395084143,A,0.00035203382912543934,S,0.0034871956687385908,S,0.0008831675290490347,G,0.0028648532085787004,G,0.0005648186402382239,S,0.002176233137828422,S,0.002176233137828422,A,0.0006787171007088534,A,4.392081705371567e-05,G,0.001089254552647919,G,0.0004539613073515754,A,0.0003106148930434124,S,0.0005951913812800996,A,0.0006194756428846461,G,0.00041213176294658643,S,0.0002955558537901711,A,0.0018117262951477507,S,0.0013894430197462406,G,0.0023097519893196744,0.0011870165654049322,0.19433067734770862
496,Y,F,0.005666939552779358,Y,0.00047192900027661635,Y,0.0012302072151897682,F,0.0046456245797228506,F,0.0046456245797228506,Y,0.0004941163859130374,Y,0.00010444387453583087,Y,6.884283610523415e-05,F,0.006005274728556697,Y,0.0003453785635598305,Y,0.0002633537678961938,F,0.004881992413864559,Y,0.00034815518583379996,F,0.0046456245797228506,F,0.0046456245797228506,Y,0.0010880257793815665,Y,0.001148071137410265,F,0.005219496987657294,F,0.002560213781733584,F,0.0062865810436649695,M,0.00019419559068645969,F,0.0042943306507125835,Y,0.0005360160420056337,W,0.000973869143077349,Y,0.0001679740362114277,Y,0.00016961990634549974,Y,0.0009291594953523763,0.0022974327939867165,0.3761208428156804
497,L,M,0.0005558030141345188,L,0.00030720936655013044,L,0.0006474475981659526,L,0.0011069294717217628,L,0.0011069294717217628,L,0.000550465006508775,M,0.0007625545788074177,M,0.0004906440479943278,L,0.0003062057166361327,M,0.0008309354613646298,L,0.0012875204895999779,M,0.0008629550937554347,L,0.0008207280591034162,L,0.0011004985307657487,L,0.0011004985307657487,F,0.0012067009728354823,M,0.0017724676562833489,M,0.0007322064375030505,M,0.0005862313026733211,L,0.00037778092506868423,M,0.00032319699615666956,L,0.0008120708616104141,L,0.0010724045881459734,L,0.00042811873119199704,L,0.0007638954838928715,L,0.0006643443486114484,F,0.000109038254750288,0.0007661400369007142,0.1254274933082544
498,V,L,0.0007721395554752026,K,0.0017963981959808436,Q,0.0022988187696942504,K,0.0023578962255720822,K,0.0018279658421978082,K,0.0011507991573528988,K,0.002542220510710005,K,0.003012882425299361,V,0.00032402580222394106,E,0.002536919472518513,Q,0.0011085741288258998,V,0.0006490739384522264,K,0.002351448780826457,K,0.0018689349550549104,K,0.0018689349550549104,V,0.0013321376505821517,V,8.021963345692136e-05,E,0.001409326920359909,T,0.0005102564708030962,V,0.0004638940473085248,T,8.053269129326172e-05,V,0.0010080927717891664,Q,0.0006675258977717065,M,0.0006101924964543573,V,1.4411332609205621e-05,V,0.00016358811399977343,T,0.0013665801419142907,0.0012656959586511733,0.20721155890274645
499,E,E,0.0,E,0.0,E,0.0,E,0.0,E,0.0,E,0.0,E,0.0,E,0.0,E,0.0,E,0.0,E,0.0,E,0.0,E,0.0,E,0.0,E,0.0,E,0.0,E,0.0,E,0.0,E,0.0,E,0.0,E,0.0,E,0.0,E,0.0,E,0.0,E,0.0,E,0.0,E,0.0,0.0,0.0
500,A,A,2.6675027129679923e-05,A,5.4264874526363876e-05,A,5.4264874526363876e-05,A,2.6675027129679923e-05,A,2.6675027129679923e-05,A,2.6675027129679923e-05,A,2.9614841017401843e-05,A,2.9614841017401843e-05,A,2.6675027129679923e-05,A,2.9614841017401843e-05,A,5.4264874526363876e-05,A,0.00041054275588703825,A,5.4264874526363876e-05,A,2.6675027129679923e-05,A,2.6675027129679923e-05,A,3.773761770320279e-05,V,0.0022214115816846457,A,5.4264874526363876e-05,T,0.00020770236596508922,A,0.0002468984867216468,V,0.0020875302626482345,A,1.9813465198451695e-05,A,3.773761770320279e-05,A,2.9614841017401843e-05,A,5.4264874526363876e-05,A,5.4264874526363876e-05,A,2.6675027129679923e-05,0.00022152177245567055,0.03626611232160026
501,K,S,8.431242635258163e-05,Y,0.00034123009611850854,K,0.00014916162511739316,N,3.673191357068189e-05,N,3.673191357068189e-05,K,2.3542834552865422e-06,K,0.0006274352848578971,K,0.0003742440096931148,E,0.0011833546659795254,K,2.8099057864185804e-06,K,1.8511946832418296e-05,R,2.427194995004808e-05,K,4.033948684469204e-06,N,7.813552031675329e-06,N,7.813552031675329e-06,K,0.0003057402728240152,K,0.00014483641974380405,K,0.0001460883670964749,K,2.2770592741028326e-05,K,5.861079303451089e-05,E,3.107309837126092e-05,K,0.00022159767168302336,K,0.00021244025327928824,K,1.9149448470286795e-05,Q,6.0636546420646754e-05,Q,6.131994702672138e-05,K,0.00011792157014739433,0.00015937022425447522,0.026091062695374666
502,W,W,0.0,W,0.0,W,0.0,W,0.0,W,0.0,W,0.0,W,0.0,W,0.0,W,0.0,W,0.0,W,0.0,W,0.0,W,0.0,W,0.0,W,0.0,W,0.0,W,0.0,W,0.0,W,0.0,W,0.0,-,,W,0.0,W,0.0,W,0.0,W,0.0,W,0.0,W,0.0,0.0,0.0
503,Y,L,0.0019497167827954881,Y,0.0011046286450567802,Y,0.0007460872622420203,Y,0.0014542755661493432,Y,0.0015118349079254263,F,4.64043513620006e-05,I,0.0001527149289136386,I,0.00014327902709887776,T,0.0019696075607634127,I,0.0012097558467720328,Y,0.00037260226118572494,L,0.0008459903587471723,Y,0.0011375452015393616,Y,0.0015010739913842667,Y,0.0015010739913842667,F,0.00418981286680123,F,0.004320471086318843,F,0.004229710841126977,L,0.00025565966745383486,F,0.0011395339742557658,W,0.0009252454291876596,Y,0.0016490282807266514,Y,7.151478335991476e-05,G,3.3268571528891915e-05,Y,0.0034848314689798,Y,0.0029378758837888975,Y,0.0008984834661709814,0.0014734084075192317,0.24121689805175087
504,S,N,0.002646063865233342,Y,0.005007041750466946,Y,0.005863609589394051,Y,0.005266089655075591,Y,0.004295822494425007,Y,0.005218286539531869,S,0.005588300310106049,S,0.005582649266997963,H,0.0011028995073988632,S,0.003631053844360278,H,0.0003833520996109787,A,0.0013894430197462406,N,0.0034602993040576645,Y,0.005048582792400264,Y,0.005048582792400264,H,0.0005933897982023041,-,,-,,S,0.005351185491492964,N,0.0036084761897725603,R,0.0045231112823349105,S,0.006581782459061418,Y,0.005539502867196593,K,0.0005058517686616685,H,0.0007495890652578497,H,0.0011981410120219154,Y,0.003658246382535959,0.0036736541259097407,0.601426901220799
505,N,T,0.00024203478166125265,N,4.092781782801203e-05,S,0.0008868539862369938,S,0.0027460690869649017,S,0.001830311894617986,N,0.0006573743624959633,-,,-,,N,0.0008381907422366589,-,,-,,T,0.0009151761917365295,S,0.0015481192072567445,S,0.002657162016347826,S,0.002657162016347826,D,0.0016572638385452896,-,,-,,A,0.001417710766913327,S,0.0009733070389411686,L,0.001508277250703446,S,0.0011570117826323726,T,0.001731159939453898,G,0.0005268745857310416,R,6.100372733442105e-05,R,0.0006685159146771246,S,9.635623138916347e-05,0.0011817553895262832,0.19346935164936463
506,-,-,,-,,-,,-,,-,,-,,S,0.000935686005388961,S,0.0023968861308277436,-,,-,,N,0.00042631026742626804,D,0.00214747235353116,-,,-,,-,,-,,S,0.0008440891209533541,N,0.00026877642016167675,-,,-,,S,0.0017207527673403973,-,,-,,L,0.000625030527011951,-,,-,,-,,0.001170625449080189,0.191647229760955
507,K,G,1.0759712967272832e-06,-,,-,,-,,-,,-,,G,3.8814334372831435e-06,G,3.8814334372831435e-06,N,0.00010259880408531737,N,0.001866081287047656,G,1.2189509941104225e-05,-,,-,,-,,-,,-,,G,7.31549301336235e-06,G,7.31549301336235e-06,G,1.3630191660825567e-06,-,,K,7.580502683100159e-06,-,,-,,T,6.675852523335731e-05,-,,-,,-,,0.00018909467930496688,0.030957358290653946
508,Y,Y,0.002480126777164683,G,0.0006172910748864031,G,0.0016458087773807274,G,0.0013407576999864904,G,0.0013474938738107967,G,0.0013137870477889755,-,,-,,Y,0.00032568155183774334,G,0.0003188772068826763,-,,-,,G,0.0009782495553003585,G,0.0013504727804453099,G,0.0013504727804453099,G,0.000572618946674321,G,0.0009669376481531424,G,0.0014732522082696066,Q,0.0023693869629334433,G,0.0015643150960015094,-,,G,0.0008756189431354584,K,0.00018750593567918916,-,,G,0.00025819433293667606,G,0.0015669480212238804,G,0.0008050897402526472,0.0011289946171994924,0.18483169913256436
509,R,V,0.0024707449840817414,Y,0.0002504750069959984,Y,0.001558547621244835,Y,0.0003918656303149004,Y,0.00040830679943545,Y,2.935348129514752e-05,F,0.005245810738002776,F,0.005237981268392571,M,0.0014155411327058534,Y,0.000607214603683217,Y,3.594398653265284e-05,Q,4.610751303148951e-06,Y,1.9689866574315284e-05,Y,0.00040830679943545,Y,0.00040830679943545,Y,0.0001459309970868406,S,0.003859535337567639,S,0.0039078400381975876,V,0.0026730535953477094,Y,0.001365423024255125,Y,1.4233907429675593e-05,Y,0.0007515785586240762,Y,0.0001714256005699933,S,0.0033980885793740874,H,0.00043437715865790756,H,0.0004563143028472324,Y,0.00040401924758042516,0.001336093326554511,0.21873656081667056
510,-,-,,K,0.0005131274617108505,Q,0.0010401651891571405,T,0.00014771202987361,T,5.7830007329229055e-05,T,5.663417085252366e-06,L,0.0007208066047797034,L,0.0007208066047797034,-,,L,1.578566414969858e-05,K,5.488792153175657e-05,V,0.0024800960141991993,T,0.00011710908288912473,T,0.00014798510819733166,T,0.00014798510819733166,T,0.000765527615963618,A,9.655700722652522e-05,A,3.4803898846323806e-05,-,,L,1.1464902762041978e-05,V,0.001138289891679483,T,0.0018599429577076656,T,0.00012853563034094712,K,0.0006474452102766719,I,0.00019448511256265946,I,0.00017438341314715387,T,0.00019410633747217587,0.00047564592466105,0.07786967546280796
511,P,P,0.00021810165214725826,P,0.00015046433980944426,P,3.3371877332762486e-05,P,0.0002173638503969569,P,0.0002173638503969569,P,0.000227403244433661,P,2.2582324279793056e-05,P,2.3145827853593836e-05,P,0.00015151470129378942,P,2.3340736775403142e-05,P,0.00015998396996158953,P,7.6043299216615e-05,P,0.00022099832755195174,P,0.0002173638503969569,P,0.0002173638503969569,P,0.0001654846431940086,P,0.00023472501202523042,P,0.00022506030170649005,P,0.00022074757108634817,P,0.00015112404999091555,P,5.7023772072735564e-05,P,0.00013711959967498206,P,0.0002196185126484176,P,0.00019022306412756044,P,0.0002144369846625181,P,0.00021387220299475362,P,0.00017698498031406618,0.00016232690358302648,0.026575111118423696
512,S,N,0.0002460444016400256,S,1.5304758440049887e-05,T,0.0021746612728419774,S,4.173865529840827e-05,S,5.762554949645439e-05,S,1.529942178621248e-05,T,0.00022622146455675532,T,0.00022622146455675532,T,0.0005563753583663434,M,0.003956555487296046,N,0.00038238831380003934,T,0.0003052374063453581,S,2.6020311822895682e-05,S,4.173865529840827e-05,S,4.173865529840827e-05,T,0.00037452581017672146,K,0.0007024502668875226,K,0.0003267297016746647,D,0.0006938012016714328,T,0.0034097653447141135,T,0.0002468957364966579,T,0.0004694897007134491,T,0.00033296090695199304,S,0.00013337413072873094,T,0.0003256402640516142,T,0.0012049289149072522,N,0.0005596342908618232,0.0006330876832103746,0.10364502222156813
513,L,M,0.0004651559181221927,L,0.0009731394055978148,L,0.0003367245034499502,L,0.0021348420825646605,L,0.0021348420825646605,M,0.0013894430197462406,F,0.00012772514323389398,F,2.9126017833431887e-05,F,0.00045764066306365784,F,0.0007594237215515452,L,0.0012857986979476687,A,0.0005746742285338778,L,0.0003459879461575387,L,0.0021348420825646605,L,0.0021348420825646605,L,0.0020173493420091817,L,0.0005947191567207071,L,0.00023965484499963703,S,0.0012039743872544139,T,0.0003126795801964761,E,0.0005451729808153879,L,0.0010972079847756137,M,0.00032956713732187936,V,0.00014603171251598358,L,0.0001477778285660533,L,0.00014723705362467958,L,0.0004358081377612321,0.0008333847311873224,0.136436359881484
514,Q,E,0.00042485670515869526,E,0.00010306155756927251,Q,0.00034585655742855185,E,0.00038315948720363165,E,0.00038315948720363165,E,0.0001330816343801487,E,0.00033876084500075395,E,0.00033876084500075395,K,0.00032216471718857746,E,0.0005894838441263741,E,0.00033506514092193835,E,0.0001925084529289931,E,5.699307826458191e-05,E,0.00038315948720363165,E,0.00038315948720363165,E,4.551267556181441e-05,E,0.00033431885198531455,E,0.0003273642513721373,E,0.00039279431277847046,E,6.764265681291063e-05,K,0.00028014230735282097,E,0.0001743716922854477,E,0.00045606978128670886,D,0.00013506243513915683,N,1.2760248962040524e-05,N,8.505563249113144e-06,E,0.0001126165959289779,0.00026149602590733634,0.04281043864031611
515,E,E,1.8544173896556277e-05,E,1.5580799381070395e-05,E,2.7417159773182103e-05,E,0.0002710249578796295,E,0.0002710249578796295,E,3.588708473092281e-05,E,0.0002622633778337727,E,0.0011044190514600699,D,2.7417159773182103e-05,E,3.6667765886547304e-05,E,2.7417159773182103e-05,D,3.672752959802409e-05,E,0.0002710249578796295,E,0.0002710249578796295,E,0.0002710249578796295,E,0.00016834920667829106,E,3.743245976424691e-05,E,1.965094229679205e-05,E,3.588708473092281e-05,E,7.985310892495744e-05,E,2.346655793320435e-05,E,2.7417159773182103e-05,E,3.588708473092281e-05,V,6.587165844195278e-06,E,1.4058679516859058e-05,E,1.4058679516859058e-05,E,0.00016834920667829106,0.00013253568103308822,0.021697884779825056
516,Y,Y,0.00018960488905282873,Y,2.6363889146636538e-05,Y,0.00011612199964812323,Y,0.0002184902561108832,Y,0.00021572842145542055,Y,0.0001641539900716135,Y,0.00016136740110039456,Y,0.00013421243538878398,Y,2.199860828299829e-05,Y,0.0001375037168039425,Y,0.00012731125198726204,Y,2.88622211253405e-05,Y,0.00017553980416157438,Y,0.0002184902561108832,Y,0.0002184902561108832,Y,0.0001379681215263435,Y,0.00019348695657590533,Y,0.0001900798270784624,Y,0.00019156212913875594,Y,3.227265588323918e-05,Y,0.00022210601851606004,Y,0.00013203183222464202,Y,0.00019820602877719992,Y,0.0001858089766264933,Y,0.00018795781281616357,Y,0.00018878440930152987,Y,0.00012401853181755748,0.00015327861840147856,0.02509378437083479
517,I,V,0.0004506086160876262,L,0.00037877484092294203,I,0.002686117555926195,I,0.0023651792698016713,I,0.0041840295296123025,L,5.5766748168353714e-05,L,0.00032689081267439136,L,0.00015947624904085194,L,0.0013066943265909725,H,0.005781031561149092,M,0.0005765556037885205,L,0.00023475129085660418,F,0.003207384097778963,I,0.0041920533107851895,I,0.0041920533107851895,L,9.056485250552738e-05,I,0.004074605050303614,I,0.0035421936568132834,L,0.0001130440898078067,M,0.0006286385882988464,M,0.0012585413793011594,L,0.00038726056433511954,L,0.00012515934310842637,L,0.00037369220466259494,L,0.00041156684621664833,L,0.00024161289305627782,L,0.000539742875839519,0.0015512588691932478,0.2539620722893003
518,E,E,0.0003350419108099978,N,0.00043156665171606825,E,0.0005047617116167933,D,0.0025926126289953604,D,0.002630944206146236,N,0.00017204985507853073,D,0.003558937387820942,D,0.0035445190990386444,D,0.0038278194181820945,E,0.00018877676677677763,D,0.003030668699286374,R,0.0010362689561422222,D,0.0029422098244247913,D,0.002630944206146236,D,0.002630944206146236,N,0.0007410618369102717,E,0.00019933322486932682,E,0.0001690754589238317,R,0.00027116101007386445,K,0.0002608622426644072,I,0.00022034102291602794,Q,0.0011114559075816061,N,0.0005848693310729399,G,0.0004975989642885658,D,0.001751787794709208,D,0.0025640918986761458,K,9.361073716044656e-05,0.0014267894428953312,0.23358474258177142
519,N,N,2.832086840468257e-05,N,8.457087001877153e-05,M,0.0003623804567983667,N,3.866592703767021e-05,N,5.99709659842043e-05,N,6.277847863024725e-05,N,4.0571492535372115e-05,N,1.6161039627015722e-06,N,3.579151502729997e-05,N,2.8478932350057477e-05,N,0.0008310878732295624,N,0.00032648558578477426,N,2.5505882668557596e-05,N,3.866592703767021e-05,N,3.866592703767021e-05,N,2.2734334073320788e-05,N,2.5993830365782038e-05,N,4.173593882761594e-05,N,6.68774282538209e-05,N,4.747167171541278e-05,N,0.0005617660613475748,T,0.0031171747910542303,Y,0.002371241958328324,N,6.880439538310511e-05,N,4.7288912592421443e-05,N,3.001426093363372e-05,N,0.00034966955549768647,0.00032423444240298286,0.05308156654927039
520,A,G,4.130836133460616e-05,A,0.00048171059606439445,A,5.881224819424899e-06,G,7.869623266319461e-05,G,6.487719469515196e-05,A,7.086807609157705e-06,G,0.00010160982949610533,G,0.00010160982949610533,A,0.000631667029897483,G,0.0006056416660648755,A,1.02701718676553e-05,G,2.1917060358792238e-05,A,9.722232245322383e-05,G,0.00028827917058277155,G,0.00028827917058277155,S,0.001138614258799082,G,4.613422147735939e-05,G,5.521118883070041e-05,G,0.00011326788962834945,G,5.192132578358878e-05,A,4.275979024486046e-05,S,0.0011154275501825985,A,0.00010323652237761932,A,8.907202512922157e-06,A,2.9082843922480787e-05,A,3.0083915352147595e-05,A,7.646740117413681e-05,0.00020878410289894669,0.034180783418085746
521,W,V,0.0013560485338644246,K,0.001330191808615261,W,0.0010355050942838881,S,0.0024265711291970617,S,0.002410157145477651,Y,0.0010428610938566893,K,0.0005765727054701458,K,0.0005645070066595345,W,0.0004606152965887291,K,1.7697216260015277e-05,R,0.0007423556208593035,V,0.00045108267315584937,F,0.001389820861309572,S,0.002410157145477651,S,0.002410157145477651,K,0.0002313007561408103,A,0.0007009720062654786,V,0.002665203353737498,V,0.00014438553504481395,V,0.001443121391612621,S,0.0016573978401551888,W,0.0003684055981602493,S,0.0036956985683062587,M,0.0017084488797610405,C,0.0009702704843827059,C,0.0010241102784168232,K,0.0014628203296245266,0.001285053166598572,0.21038059583248397
522,I,T,0.00019605977526760925,I,0.0022058149916915908,L,0.001406470154743279,I,0.0003141666028205848,V,0.0013178778773154847,I,0.00043860390724513647,V,0.000625950139640173,V,4.6800744786502144e-05,R,0.00018628045483114794,V,0.0002608367647422313,I,0.0013814271103899081,I,0.00012748643508280654,M,0.0002270317736902376,I,0.00028340571206886554,I,0.00028340571206886554,I,0.0015727485813205409,S,0.00018639723430958875,S,0.0002031722914554527,V,0.0001891437092928239,V,0.00019546144838571296,L,0.0007297582682159285,I,0.0012780519542868807,I,0.0003670124465092706,T,0.0007727643345414876,V,0.00020172882570621627,V,0.00019069787868964707,I,0.0004326099187362847,0.0005785616684383059,0.09471837562492809
523,S,T,0.007098122903417605,S,0.0012071340904782994,S,0.0011092467319258463,S,0.00029890149615470095,S,0.000282704472953789,S,3.600212273872111e-05,S,0.0007111637926145207,S,0.0006775645733090408,S,0.0009369249999250004,S,0.0006674397477668174,S,0.0008975653993402001,T,0.007374237837779997,T,0.004637689162903828,S,0.00028006189104606594,S,0.00028006189104606594,T,0.007374237837779997,T,0.007374237837779997,T,0.006512205468923388,T,0.007374237837779997,S,0.0013036902274594596,T,0.004052391658731721,S,0.0013894430197462406,T,0.005748588422772381,S,0.0007922311274598283,S,0.00025855429171527567,S,0.0008128109649089774,T,0.0071543076308650914,0.002838583608863809,0.46471455537811246
524,I,A,0.00285176172059818,I,0.0009268875549661328,I,0.0018247859682522178,I,0.0018657338987008016,I,0.0018629601836658665,I,0.0016969573877282911,F,0.0007457309898174264,F,0.0007642976069796708,V,0.0013894430197462406,S,0.0005610215044226742,I,0.0010423042484710508,S,0.0009347417459412209,I,0.0014670497433864208,I,0.0018718386109299507,I,0.0018718386109299507,I,0.001146419720105327,V,0.0013894430197462406,A,0.0017078040207305842,S,0.0014874891405405,S,2.9964913473525818e-05,F,0.001955343830954462,I,0.0002395283671227502,I,0.002461764925312888,I,0.0019995743791695023,I,0.0016032370457162983,I,0.001016560408211289,V,0.0009145651378655137,0.0013936684334624068,0.2281623850636652
525,G,G,0.0020344881321384266,S,7.052963226743416e-05,G,0.00080628208904524,G,0.002232171119784224,G,0.0022145544685582986,G,0.002032323287106493,G,0.0026993212639927875,G,0.0026956944279952254,S,0.0008854297605317631,A,0.002181555941704943,G,0.003029718581821826,G,0.0016031615537555018,G,0.0018172200273194887,G,0.002224759027035991,G,0.002224759027035991,I,0.0039067676302110685,G,0.002580132604815194,G,0.00206333854591167,G,0.0014290755710720602,G,0.0014187005791175707,G,0.000826971794502274,G,0.0024180283665581202,G,0.0027068980947639928,A,0.0017305585494500942,S,0.0010074900072093728,S,0.0011214701780839493,T,0.00079714769773956,0.00187994622072328,0.3077726403302492
526,A,A,0.005432708687361483,A,0.0052776835428654904,G,0.0008853080120504561,A,0.005609599846186542,A,0.006841356728449597,A,0.005726003905198066,Y,0.007374237837779997,Y,0.007374237837779997,G,0.0009095101513951409,Y,0.007374237837779997,V,7.245697896974251e-05,V,0.005608050467821347,A,0.007374237837779997,A,0.006770803167470893,A,0.0067679356765441845,C,0.00052752427430639,A,0.006056978993037219,A,0.0034914260615320917,V,0.00042677340329323055,V,0.0025439007154514173,L,0.0009241953659191204,S,0.0013894430197462406,A,0.006275275568011271,A,0.007374237837779997,G,0.0004323951337552915,G,0.0009221514270799997,C,0.0005549081545937369,0.004085836239627367,0.6689066918857524
527,P,Y,0.001976082556796038,P,0.0005466538485044556,P,0.0009107287946927943,V,0.00533372028900004,V,0.003012367470903122,T,0.003488293544688619,R,0.0001163083432372597,R,0.00026464985816010954,M,0.0002019697282007237,R,0.00045949211416335,P,0.0005058239043728834,P,0.0003898716472226576,P,0.000647979945650265,V,0.003012367470903122,V,0.003012367470903122,P,0.0009234015051710281,Y,0.0023716936767747532,Y,0.0027725569709530873,P,2.984081863252977e-05,H,0.000626722187917774,G,0.0010066479799984763,L,0.0005503982512503737,P,0.0005803190437709716,H,0.0009422265177189676,P,0.0002541737110656789,P,0.0001754481837651861,P,2.670418139079592e-05,0.0012644003709558589,0.20699945366198436
528,T,M,0.00250503729388652,T,0.001698112161543236,V,0.0005491620845255692,A,0.0038393633687195984,A,0.0038119027344198594,P,0.0012822692125392283,I,0.0012595383591063537,I,0.001238470896609351,V,0.0007854442585388714,V,0.0016761481275954979,M,0.004831971258113896,L,0.0019994276286728467,P,0.002877720423076494,A,0.003937282611620632,A,0.003937282611620632,A,0.0032863557152424195,M,0.0022785234253407533,M,0.0031118090558284457,L,0.0012177309919115982,L,0.0019123219916312,P,0.002298421801765601,P,0.004351733462810147,A,0.0048762490389984885,T,0.0033532955634670496,V,0.0012118385885610335,V,0.0006527751713957897,M,0.004189288214083355,0.002554425038949055,0.4181939515591988
529,I,A,0.0013894430197462406,I,0.0013894430197462406,I,0.0010142959119292599,V,0.007374237837779997,V,0.007374237837779997,V,0.007374237837779997,G,0.0002200756194075439,G,0.00010858359798414385,L,0.0008566973377470593,A,0.0007268744676435675,V,0.007374237837779997,T,0.002999482298937242,V,0.007083397134750952,V,0.007374237837779997,V,0.007374237837779997,I,0.0013894430197462406,V,0.007240361383083997,A,0.0013894430197462406,V,0.007374237837779997,V,0.006723418730352443,I,0.0013894430197462406,M,0.0027396293248490343,V,0.007374237837779997,M,0.0013037777856514901,A,0.0013894430197462406,A,0.0013894430197462406,I,0.0013894430197462406,0.003745408905649874,0.6131741298242002
530,L,L,0.00017601017885483488,I,0.00035472674399278056,L,0.00064819249138294,L,0.0010901634141502496,L,0.0010901634141502496,I,0.001278707236788134,T,0.003181962918796151,T,0.0029353891610903503,L,0.0013383268372257884,T,0.004421151783776337,L,0.0006443193621971776,F,0.00011917580313620255,L,0.001668891725036307,L,0.0010901634141502496,L,0.0010716934525875606,V,0.0015073522864923043,L,0.0007242042056214083,F,0.0003859764216433699,F,0.0004514334654640666,M,0.0009424925078179451,V,0.0015436799599062366,Q,0.0006266710941777359,I,0.0001968280590232535,V,0.000568345864996373,L,0.0006031627627441994,L,0.0006031627627441994,L,0.00035327028435724455,0.0010968747263816168,0.17957323828131005
531,V,V,0.0016224155176328943,S,0.0020724443969233086,V,0.002403998864268602,S,0.0019143948674835835,S,0.0019523143836873748,S,0.0019677568284654765,L,0.0001086630587096022,L,0.0001086630587096022,T,0.001675284137403693,L,0.00031423637974524097,V,0.001801441119677702,M,0.0006423013308396861,S,0.002166522213230016,S,0.0020129741008188353,S,0.0020129741008188353,S,0.0033429938039418626,V,0.0010575730139966936,A,0.00036456672844007354,V,0.002143286949778419,L,0.00016818164984344037,L,0.0004379544760767007,T,0.0004471341170567669,S,0.004622706271089535,L,0.00030226015771185453,M,0.004471274805427533,M,0.004501467742305491,S,0.0016997421992550469,0.0017161306027162176,0.28095380651171176
532,H,H,5.523984444788525e-05,Q,0.0008466165721811804,H,0.0001653729436779705,Q,7.851045396918548e-05,Q,7.851045396918548e-05,Q,7.397254639378299e-05,Q,0.0012223724453711829,Q,0.0012127777436478076,H,0.0005770778327982086,Q,0.00066293450262412,H,0.0016011359151104335,H,0.0010794443932045223,Q,0.00014794268340744592,Q,5.054811646322918e-05,Q,5.054811646322918e-05,E,0.0027756187755400108,H,0.00023232805711391667,H,0.00043228633446017883,H,8.154510419665104e-05,H,0.0007843202403008948,P,0.00018170863003079272,Y,0.0004744747836770625,Q,0.00014216377280140165,T,0.0002726166298962409,H,0.0015017618720122956,H,0.0014142151789561623,Q,1.4032249284395711e-05,0.0006003731922962732,0.09828921728698908
533,A,L,0.0028160847276192903,L,7.617444370753078e-05,A,0.00019042231125857616,V,0.002721689014744531,V,0.004153492603778321,V,0.0003750890926310583,P,0.0003368327353450105,P,0.0003046040396651557,G,0.000957051823820415,-,,S,0.0018826715000481748,I,0.0016874795176615867,A,0.0007304896315054634,V,0.004153492603778321,V,0.004153492603778321,I,0.0009550069493845592,L,0.0006290300723287732,I,0.00044803587445825695,L,0.0023003111188481485,A,0.00320403659771631,-,,V,0.004334146233610026,I,0.00153287948335419,A,0.0029414575622484823,V,0.0031863693633984867,V,0.005311816857104609,I,0.000510066611318626,0.0019956889349244888,0.32672128915648546
534,Y,F,0.0023841494565282266,Y,0.00025894918412295193,Y,0.0031972545313625356,Y,0.004007469653742647,Y,0.003970248588577811,F,0.0012883771549858265,-,,-,,Y,0.0003770453225114812,P,0.002418797906758581,-,,F,0.0018848986028360726,Y,0.002201045658935687,Y,0.003976326252060132,Y,0.003976326252060132,Y,0.00013229737865159505,F,0.00400545402360547,F,0.004096653747095996,L,0.003148457334272118,Y,0.0025732244702495323,A,0.003111210148897488,F,0.005169396473145559,Y,0.0030165217603318876,-,,H,0.005081629234815689,H,0.004431227677982649,Y,0.0029429096630987483,0.002941298716375166,0.48153040866800767
535,-,-,,F,0.0027029510362022637,F,0.002848592598091619,F,0.005559962535821517,F,0.0051900107302324935,F,0.0031289616083230785,I,0.00207496914572935,I,0.0021102667607530343,-,,I,0.0030049895429883205,L,0.002360005665958271,S,0.0013894430197462406,F,0.0046281790751589,F,0.005870515074614903,F,0.005866633422173122,F,0.003076865319296238,F,0.0032025414306507067,F,0.0030135254182880973,-,,I,0.001565644941689777,L,0.001260223337831046,A,0.0024348242418096356,F,0.0035935845629953347,S,0.0013894430197462406,F,0.0033436089722256733,F,0.0034438273330720417,F,0.003157864280583899,0.0031757263780825755,0.5199093897339538
536,F,F,0.00024223372121905988,T,0.0003293803753072135,C,0.0006693497949290691,T,0.001428704829860103,T,0.0014065425758750703,T,0.00102383388464952,L,0.001029341198381734,L,0.001029341198381734,F,0.0011306058701391493,L,0.00017314300945281988,F,4.666590006832098e-05,M,0.00017669314570925693,T,0.001211662459938962,T,0.0014065425758750703,T,0.0014065425758750703,A,0.0007695074380175746,-,,-,,F,0.0008724554878619356,L,0.00043757115523001644,Y,0.0030624859794910956,L,0.0008044458181400257,M,3.99050324092706e-05,C,6.767390493568021e-05,L,0.00028607907416986606,L,0.0002875346761703234,T,0.0020954538103778422,0.0008573478196986313,0.14035944179749515
537,F,L,0.00461557785574456,L,0.0019316676907824059,F,0.0006717271635379801,L,0.001457103077404649,L,0.001570004454929913,L,0.0017832733152490273,T,0.00029161157918311894,T,0.000308262419822924,L,0.0030378199099672476,T,0.00014736504623567842,L,0.0045156179364884514,L,0.0006622926851945806,L,0.001944517193314945,L,0.001570004454929913,L,0.001570004454929913,F,0.0005867810489033396,-,,-,,M,0.00020289528834478273,L,0.0015453455799751103,F,0.000841890229744058,L,0.004275728742950643,L,0.0014379053898521798,L,0.0010589000074315723,T,0.00012146551804159605,T,0.0002476872043253897,I,0.0016485571373844087,0.0015217602153867354,0.24913274341375125
538,-,-,,A,0.0009746436537519214,T,0.00018144836942512278,A,0.0009333740299754558,A,0.0009721111972108845,A,0.000892205825301406,-,,-,,-,,-,,-,,G,0.000978026055088026,G,0.002788365811493094,A,0.000928121385734104,A,0.000928121385734104,A,0.0005065849983318911,L,0.00010714861050466952,L,0.00026093642444230966,-,,-,,-,,G,0.0018298516249780818,A,0.0016460435141137481,-,,-,,-,,A,0.000515499444620455,0.0009628321553803514,0.15762865521879973
539,V,I,0.0031368963685830292,N,0.0003638536334912204,N,0.0010379699915540614,-,,-,,-,,L,0.003218090305775548,L,0.003374440604181871,M,0.0020670332769587778,L,0.0037154980132529207,V,0.00010316165186867737,Y,0.0013894430197462406,-,,-,,-,,N,0.002774199303660394,I,0.0028171435964920574,I,0.0035894815158294693,L,0.0026819073241771867,-,,V,0.0013894430197462406,K,0.002841755438859435,-,,L,0.0031277222135773363,-,,-,,S,0.0003644288955665993,0.0022348510690188865,0.36587536743056
540,T,G,0.0013319961765088345,S,8.296339077855162e-05,P,9.190826307388611e-05,N,0.0015333521740916124,N,0.0015333521740916124,T,0.0006848439756314285,G,0.0010063636488182035,G,0.0010063636488182035,N,0.0020391980264345406,N,0.0010858264725857026,T,0.00045753844082791644,D,0.002679273517375146,S,5.8082587861470756e-05,N,0.0015333521740916124,N,0.0015333521740916124,S,0.001919887666789055,G,0.0023209408832021708,G,0.00237612264263751,G,0.0033939280616971726,G,0.0034176559002659797,G,0.0012122158332894153,N,0.0014233718296394371,K,0.002297789827867552,G,0.0016839960963244587,S,0.0026529443804615056,S,0.0028052729220901605,S,0.0010466721658668652,0.0016003172242670968,0.2619935889916921
541,N,Q,0.002995677194901072,-,,I,0.003967545700231547,-,,-,,-,,T,0.0045052618862017006,T,0.00444027840007458,Q,0.003774622119639386,A,0.006088270612372502,N,0.005851821155549268,D,0.006061434819146719,-,,-,,-,,-,,E,0.002590223872283869,E,0.0026292247390930505,-,,E,0.0018839378317559196,P,0.004186714736823032,L,0.00543249797632381,-,,P,0.0027054452776046926,V,0.002108797840453234,V,0.0014303462860595052,-,,0.0037907562780321183,0.6205981084339461
542,P,G,0.0012292787287041722,-,,-,,S,0.007374237837779997,S,0.007374237837779997,S,0.007374237837779997,P,0.0013415419042636428,P,0.0013894430197462406,D,0.0011930033781200435,W,0.007374237837779997,Q,0.005901957659925712,P,7.676723281908529e-05,S,0.007374237837779997,S,0.007374237837779997,S,0.007374237837779997,-,,G,0.0013845890320076748,G,0.0014193973001116996,H,0.0010667766154644361,E,0.0002945702705279209,K,0.0008751298447089198,-,,S,0.007374237837779997,G,0.0005988898480944621,S,0.007374237837779997,S,0.007374237837779997,-,,0.004114260146013363,0.6735600700624705
543,I,V,0.0035595514936282583,T,0.005284212319950989,T,0.001538436685048418,I,0.0006921904279533524,I,0.001037343432673253,I,0.0005152456358596875,F,0.0032302333833189407,F,0.0034766990928015115,V,0.003546782107463121,L,0.000241049000660289,I,0.0005549024979590536,S,0.0018521974869531868,M,0.00033633881970918615,I,0.001012747324204934,I,0.001012747324204934,I,0.0004361794876288048,L,0.0008044769422253583,V,0.0029754162810483606,D,0.001141899268856341,L,0.001236509122939585,I,0.000548026652416316,A,0.0003502164649709484,K,0.00041131825425036055,F,0.0040229634749014455,S,0.00012544384250649866,S,0.00030538291462261217,I,0.0003671423651855584,0.0015042834112570852,0.24627155403917028
544,T,T,2.3047085022298675e-05,D,0.0005322542420377035,K,0.002878464460034217,E,0.001360792728583691,E,0.0015540677567839676,D,0.0013894430197462406,P,0.0003148203999466421,P,0.0003148203999466421,K,0.0019405175503984136,P,2.7091751877629142e-05,T,0.0003591649280759991,T,5.3147758046549805e-05,E,0.0007620199685847329,E,0.0015540677567839676,E,0.0015540677567839676,D,0.0007644409043766978,T,4.705877410940009e-05,T,0.00015114995920947433,V,0.00010843347215805168,T,0.00017948430653058023,S,0.0002047767764212979,P,0.0009538134568644891,E,0.0003074282435542476,P,6.469545271165912e-05,I,0.0011391696526579045,T,0.00036078926434489117,E,0.0007675441412825531,0.0007283915543286633,0.1192475558070685
545,K,E,0.004440112879580996,E,0.002579770117854991,E,0.0016603454439121424,K,0.0002568060017998789,K,0.00026085819610180985,K,3.547848074759893e-05,H,0.0010903427156680819,H,0.0010903427156680819,D,0.002600341746088452,D,0.0032315307402810967,K,7.525162537033146e-05,E,0.0027403730108505903,K,0.00039382611230149943,K,0.00026085819610180985,K,0.00026085819610180985,K,3.0365353185423248e-05,H,0.0018059302278640597,H,0.0018084646498019374,S,0.0013894430197462406,K,0.0004761542310401057,E,0.0033010520221119465,E,0.0031757512692905015,K,0.0011954193941683176,V,0.0009230851081665998,E,0.0034997849208156955,K,0.0007627035293991205,K,0.00028388115392073053,0.001467745594738513,0.24028981895661208
546,E,E,0.0012392091075289074,T,0.0019502121679127143,S,0.0028448018572812986,P,0.0013054125322169796,P,0.0013054125322169796,P,0.0005641008416955972,H,0.0008324349928650256,H,0.0008320816277787803,D,6.943978053103182e-06,Y,0.004790136128727005,E,0.0005447898257628476,E,0.0006320005364212162,P,0.0013262473139866694,P,0.0013054125322169796,P,0.0013054125322169796,T,0.0007716972354710576,Q,0.001273784605801723,Q,0.0015812196069874222,Q,0.0012476909515103905,E,0.0005712748503601433,S,0.004683359930822044,S,0.001563084736078669,P,0.0016130806365101708,H,0.00030256274291353937,E,6.63048554622999e-05,E,0.0005962239323236054,P,0.0002991870637146337,0.0013094103575865478,0.21436819765787735
547,A,N,0.0029916613334060272,V,0.0027036692968719677,M,0.0006279628007753131,K,0.003811785255465591,K,0.003811785255465591,V,0.0013894430197462406,I,0.0008406063304799217,I,0.0008445453310056354,A,0.003080393257837431,I,0.000567489560614338,A,0.0018591129011807928,E,0.0011127730932958505,I,0.002524297198661413,K,0.003811785255465591,K,0.003811785255465591,E,0.0011457663259634235,N,0.0024885228154656555,N,0.002619083025664191,N,0.003274793377607845,K,0.002797954920617647,I,0.0005619579847241257,-,,V,0.0013894430197462406,Q,0.0016546537065390628,I,0.0022804764830715546,I,0.0015644819715576875,E,0.0010762663516625812,0.0021016344280137427,0.3440660002869053
548,L,V,0.00046096870759054293,I,0.000258732766273578,K,0.00017183840291551302,I,6.028474181174058e-05,I,6.997877503088019e-05,I,0.00013926159466386547,L,0.00011994205211753313,L,9.852561117147615e-05,I,0.0008061292828064261,L,0.00013554776376709628,L,0.0007123025046548119,E,0.00038757307523952544,I,0.0008837506284588774,I,6.997877503088019e-05,I,6.997877503088019e-05,V,0.0018777239590868906,V,0.000181055661948235,S,0.00013654467766127968,A,0.0001453190275857834,V,0.0004756162187328341,V,0.0011531276609656502,S,0.0006271168131730258,I,0.00021945159759897195,L,0.0006068507562970814,H,0.0002583829161502773,H,0.00024069516727926333,L,0.0013832639994801274,0.00043518303379714993,0.0712453525862812
549,D,K,0.0011589686047237592,E,0.0028446884466766602,F,0.0029676965424930177,E,0.0056991509959243986,E,0.006339296251574568,E,0.006430781785993385,Q,0.0006198286195698406,Q,0.0006078783764946139,E,0.007234609701674075,K,0.0005286310941852802,D,0.0036940776401343757,E,0.00609458549099703,E,0.004096256261316447,E,0.006276738709277517,E,0.006276738709277517,E,0.0047763128699175065,L,0.0013324086727237675,Q,0.0012851519034020936,A,0.0011385929791355386,E,0.005560727230101359,K,0.0006137791001464765,D,0.0022647467162754445,E,0.004587901652123401,W,0.0003220626786930946,Q,2.019728593662427e-05,H,0.002318110387865305,E,0.002687646175501208,0.00325102092156053,0.5322361255699158
550,C,L,0.003276562314418426,S,0.0025934457857649516,F,0.0021931486612090235,S,0.0039809348862309335,S,0.0040544666790574046,S,0.0034828692721865745,E,0.0008583312159532291,E,0.0008698877478293163,S,0.006342397945731587,-,,-,,A,0.0005681497795291212,S,0.003924139873259247,S,0.003979388534808676,S,0.003979388534808676,S,0.004871400802371015,F,0.000302097325131142,L,0.003160814609269162,E,0.0005144079705431581,L,0.004073453604166158,-,,F,0.002633086091576417,S,0.0034532218286466407,S,0.004856775309281971,C,0.0016872547997208082,C,0.001871149330967324,S,0.0018883054415303087,0.0028922949309996364,0.47350782576380046
551,-,L,0.0013894430197462406,-,,-,,-,,-,,-,,I,0.00017171769423800703,I,0.0001813010010871456,-,,-,,-,,-,,-,,-,,-,,-,,F,0.0012044509743120238,F,0.0004790308584536203,F,0.0014633801140428932,-,,-,,-,,-,,-,,-,,-,,-,,0.0008148872769799883,0.13340807627527063
552,-,-,,-,,-,,-,,-,,-,,-,,-,,-,,G,0.0,S,0.0,I,0.0,-,,-,,-,,-,,K,0.0,T,0.0,-,,-,,D,0.0,-,,-,,-,,-,,-,,-,,0.0,0.0
553,L,V,0.00048725801432421604,L,0.0002280341836850842,T,0.00044137708354933283,M,0.0014446470715060306,M,0.001728032539128737,L,0.0004415322293793778,-,,-,,L,0.0004379535421842935,I,0.0005173256035673798,L,0.000639596733310681,I,0.0005670756555365101,M,8.28253485369047e-06,M,0.0016610636180369592,M,0.0016610636180369592,I,0.004495117744502553,Q,0.0025891637680823983,Q,0.0026649499465425416,V,0.0009264389651501877,I,0.000595668059106499,P,0.0022624206885604628,A,0.0019840739288003247,F,0.004427870208394355,Q,0.0031268671615135597,I,0.0006881383137401622,I,0.0007352569609155331,M,0.0006283508570780925,0.0014155023611794367,0.2317368945406782
554,E,K,0.0005006443620630014,Y,0.0013031421511143242,E,0.0017654549252821674,Y,0.0009524587693691315,Y,0.0011712722460088662,Y,0.001239881893571699,D,0.00014443385664518566,D,0.0009510623039322478,E,0.0012279165355433721,D,0.0014349204938545032,T,0.0003833496713142837,D,0.00028622474773441287,Y,0.000352768001175122,Y,0.0009524587693691315,Y,0.0009524587693691315,Y,0.001092402263858815,K,0.0004976759622665949,K,0.0004109960074655318,D,0.0005198499257079691,E,0.001302421028188992,E,0.002184077810152111,E,0.0008700401457554073,Y,0.0005279670178460967,R,0.0018822071794031676,Q,0.0006534798770638179,E,0.0027254150387972945,Y,8.71323348886822e-05,0.0009767448921385576,0.15990635852706003
555,E,P,0.0007773652549101827,E,0.0007255601961947914,G,0.00025895196150063925,K,0.0018360766363265109,K,0.001559983915839347,E,0.0006787378083182992,F,0.0008886959592299892,F,0.0009019782006639042,N,0.001627652524826371,F,0.00013200868398545855,N,0.003828653829700859,H,0.0001501352894830376,E,0.0012982263359543268,K,0.002165636238123121,K,0.002165636238123121,K,5.971794194960949e-05,P,0.0020603695094104472,P,0.003479129726233551,H,0.00019081336499934573,S,0.0018719375225344668,-,,K,0.0004762256922111533,E,0.0004872051629380822,R,0.0005919527015137598,R,0.0004088875113204357,R,0.00012315620093133055,K,0.0008800253331914742,0.0011394122977082155,0.1865372144291951
556,Y,Y,0.0006421774022941896,Y,0.00039062322030032235,Y,7.158939609087689e-05,Y,0.0004617512601999877,Y,0.0004696903047244262,Y,0.0004874980557742388,P,0.0006307222224010252,P,0.0006307222224010252,F,1.058371699335383e-05,P,0.000692747776768861,Y,0.0004519508237099361,M,0.00029341447579354706,Y,0.00048819044324276926,Y,0.000483482986719834,Y,0.000483482986719834,Y,0.0004790802520334467,Y,0.00030011112336099946,Y,0.00042858890397154105,I,0.0003982851590143546,N,0.0002770592412209591,Y,0.00027956434549399485,I,0.0019294156050487545,Y,0.000586774673428164,H,0.0020303127030675567,T,0.0003101506966519347,T,0.00030522250198921686,Y,0.0002025046477656873,0.0005265073017474384,0.08619637127152512
557,P,P,0.00024671485267206114,H,0.00013744746172378108,P,0.0007145243041079088,H,0.00020571844996349122,H,0.00019336364922836014,H,0.0003379004130535689,S,0.00018049131994224486,S,0.00018049131994224486,H,0.0007795596627886955,S,0.0004179344028349117,P,0.0003128741183467225,P,0.0005480032596569682,D,0.0001036530071348736,H,0.00019336364922836014,H,0.00019336364922836014,H,0.000289249098910365,H,0.00025712620588561665,P,0.00024380624990360197,P,0.0005917130516424814,P,0.0002994270130088758,D,0.0009236169852448431,S,0.00027475912700153143,D,1.3795110522441716e-05,Q,0.0008999931959139053,E,0.0004925403473261367,Q,0.00044531168443715625,H,5.2636280260940325e-05,0.00035293992110779434,0.05778104192549925
558,N,K,0.0008816887572683932,N,9.997166113704143e-05,N,0.0006138110388784993,H,0.00031633396402986757,H,0.0002477372167829201,R,0.002156685800058154,S,0.00308220690078287,S,0.0032329720765672198,D,2.7238293696665447e-05,R,0.004168750743647663,D,9.31678965467776e-05,S,0.0021626508592514876,N,0.0003122165265630485,H,0.00020557079343495166,H,0.00020557079343495166,D,0.0005419146698100614,K,7.99787451564049e-05,K,7.910773859631372e-05,P,0.00028658061765479155,G,0.0007747897837930872,E,9.540515132554705e-05,D,0.0004888208738137716,E,0.002279019710432997,D,0.0001648690709516052,N,0.0003168587141591783,N,8.043039703033804e-05,D,0.0010729964853306998,0.0008913831585235296,0.14593148741199335
559,I,L,0.003115510495944509,I,0.003212804885276156,I,0.001922327174172365,I,0.004935460897891078,I,0.004401954445335992,I,0.004806970391160762,L,0.004347285519265429,L,0.004347285519265429,L,0.0005890493723805103,F,0.0012092369859401568,I,0.0016163845428409053,I,0.0007882258344310172,I,0.004573574036710146,I,0.004874515063642812,I,0.004874515063642812,I,0.0014000000545315396,P,0.004202312427684384,V,0.0026876063987650274,V,0.0023717483093216273,I,0.003750440786397914,L,0.004794901009944665,I,0.0025423145340800393,I,0.004861665141420784,I,0.0025925680180489477,I,0.0028265266881477985,I,0.004138142193805616,I,0.001005411874729553,0.0032143976912880723,0.5262404070998202
560,I,F,0.0007306840401161208,L,0.0004635884864742897,I,0.002069851987175465,L,0.00028502837365809085,L,0.0003117985183994958,L,0.00015816703741594626,N,0.0007789778235585712,N,0.0007789778235585712,F,0.00032080417366383093,N,0.00011596376522205769,I,0.0005046020346284415,I,0.000500396468299757,L,0.000451026211194681,L,0.0003117985183994958,L,0.0005168345647475024,L,0.0005350900157710349,F,0.0004576185157101597,F,0.0005662947390903261,I,0.0003373901334657528,V,0.0016306958943033672,F,0.0011547073119525264,L,0.001267094455086182,I,0.0006063598147054767,T,0.0013267857578776597,V,0.0027472963823681087,V,0.0027472963823681087,L,0.0003049865342105162,0.0008140783616082051,0.1332756458807024
561,R,S,0.0066214542635307265,Y,0.001657754531142444,Q,0.0027256272179248917,R,0.004815016462143193,R,0.004271883963573328,R,0.0037579476401843597,D,0.0012022992741708902,R,0.0007762919234008795,K,0.004626300628719157,D,3.846676086554416e-05,R,0.0022570217571099287,S,0.0040906970978420104,R,0.0034343324567707926,R,0.004761514954736143,R,0.00476091264979719,Y,0.0034462744632537024,S,0.006089221228172168,S,0.0055280774524645755,S,0.00613235683316856,S,0.0028302944983232842,K,0.001645189554811163,R,0.0027760524405858805,R,0.0034295929192640646,S,0.00383673136061208,H,0.0031978024109901994,R,0.001420476150519294,Y,0.002838375949184414,0.0034432580312318832,0.5637079422425465
562,W,Y,0.002542506970332798,L,0.0014191692657594414,Q,0.0005706412892855152,L,0.0009385748890968045,L,0.0008753303424571235,L,0.0001277460648597309,L,0.00042558769235106754,L,0.0004280214844971485,W,0.0036962073115242348,L,0.0002580133139190694,W,0.0015837731765721119,C,0.00024324626332615878,V,0.0009882717760353707,L,0.0008753303424571235,L,0.0008753303424571235,L,0.0021544928949228112,A,0.00012511080358992862,A,7.462808467217092e-05,C,0.0008879919227779734,S,0.0012063112222851383,L,0.0005774355078630152,L,0.0011634152584741033,L,0.0006265894653984821,L,3.7852028999211414e-05,Y,0.0001952151469733387,Y,0.00013429155006918267,L,0.00025612071521260445,0.0008624890787469919,0.14120113548771515
563,S,S,0.001398753016605713,S,0.0003608821611583117,S,0.00019027990804709025,S,0.0013993697555766025,S,0.0013996107925375943,S,0.0017388190156104792,A,5.685116115998738e-05,A,5.685116115998738e-05,S,0.0003330135995874933,A,0.00011829062305473276,S,0.0003871055837778608,P,2.4697179636579338e-05,S,0.0002274008028696985,S,0.0013996107925375943,S,0.0013996107925375943,S,0.00025187469302193825,A,0.0007071108091185918,A,0.0006573972100312351,P,1.8187352814983054e-05,A,0.0002558276885540969,M,0.00029279043275525103,G,9.321180456104954e-05,S,0.0002318488685639834,L,0.0016716038153984285,V,1.4579252497977466e-05,V,2.483420662361765e-05,S,0.00013312930058029184,0.000549760806680695,0.09000328475200084
564,S,G,0.00047956163130851744,G,0.0008619580077920626,C,0.0004290957368112507,G,0.00031696855435666045,G,0.00025217310822087287,G,0.0001924707746051659,C,0.0020241045256083052,C,0.0020241045256083052,S,0.00028222829815345384,S,9.843570414655242e-06,A,0.00101321129046135,A,0.0011743931229216593,G,0.00021283151832965602,G,0.0003137782585242195,G,0.0003137782585242195,G,3.4433079563825526e-05,G,0.0004895533935538002,G,0.0004903111700324207,A,0.0012630678613671307,A,0.00014339993403116947,S,0.0032020955856329617,G,6.519871771479665e-05,G,6.440847092360791e-05,M,4.2885303673368536e-05,S,0.0007586195034607515,S,0.0002348513327700731,G,9.651429827955621e-05,0.0006216977715794005,0.10178033953163222
565,I,R,0.0031284010760261566,T,0.0006653673902767436,L,0.0024925965648908742,L,0.002230408682653104,L,0.001639631011847093,M,0.0020717638674093465,S,0.00043919341029338195,S,0.0002592577837926114,M,0.004634339572049637,S,0.0009688568595567107,T,0.001033508634399434,K,0.0008511607409747063,M,0.0015255610424650661,L,0.0021603199623045715,L,0.0021603199623045715,M,0.003296506370604249,R,0.0024197064133504565,R,0.0027427029830563317,K,0.0018965942864663584,T,0.00010976622356965128,T,0.0005020722187408429,M,0.0012638853352739568,M,0.00262306713678935,V,0.0019797365814986758,L,0.0014726802360130436,L,0.0021756901444469614,L,0.00048661931771816285,0.0017492486595841502,0.28637568065496755
566,I,I,0.00016695571389304986,I,1.2448936465425096e-05,I,0.0006216206545099695,L,0.0015675005028531308,L,0.0012245676207320703,L,0.0007982038521373193,I,4.1101579732040705e-06,I,4.1101579732040705e-06,L,0.0005626876871645353,F,0.00017488159378040426,I,0.0010143070729282987,I,0.0018982347785654562,L,0.0016119107405656087,L,0.0012245676207320703,L,0.0012245676207320703,L,0.0005577969506827781,I,0.001967797336768815,I,0.001958108652576751,I,0.0003788122156610379,I,0.0006733796630741841,C,5.7631106225463766e-05,M,0.0006899531474675,L,0.0007922190097839621,L,0.0013297658890382787,I,0.0010714692909796245,I,0.0010438382615608373,L,0.0006553945268050886,0.0008624755837640792,0.14119892617636545
567,A,L,0.0003366844233146007,L,0.00010638953725904258,V,0.001765224923319393,V,0.0016162711929700888,V,0.0009927208822721669,V,0.0011939266471181168,L,5.722655189555566e-05,L,5.722655189555566e-05,F,0.0002807093312427687,L,9.353435093017346e-05,F,0.00018354086643935862,L,0.0003054587617440484,V,0.0005110598323485084,V,0.0016162711929700888,V,0.0016162711929700888,A,0.0008644576830642844,F,0.0002331824303272781,L,0.00018147649329528848,L,0.00015213563413736653,L,4.948524737600223e-05,G,0.0003326332564430779,I,0.000168219859938994,V,0.0009186204178781305,T,0.0003084162647366543,F,0.00029210260439516817,F,0.0009146681035086825,L,9.709828459718681e-05,0.0005646300932736173,0.09243758821455958
568,R,R,0.0,R,0.0,R,0.0,R,0.0,R,0.0,R,0.0,R,0.0,R,0.0,R,0.0,R,0.0,R,0.0,R,0.0,R,0.0,R,0.0,R,0.0,R,0.0,R,0.0,R,0.0,R,0.0,R,0.0,R,0.0,R,0.0,R,0.0,R,0.0,R,0.0,R,0.0,R,0.0,0.0,0.0
569,L,L,0.0,L,0.0,L,0.0,L,0.0,L,0.0,L,0.0,L,0.0,L,0.0,L,0.0,L,0.0,L,0.0,L,0.0,L,0.0,L,0.0,L,0.0,L,0.0,L,0.0,L,0.0,L,0.0,L,0.0,L,0.0,L,0.0,L,0.0,L,0.0,L,0.0,L,0.0,L,0.0,0.0,0.0
570,A,W,0.0024168018911881425,A,0.0004744525141934391,A,0.00019819217691688964,H,5.2881722651707176e-05,H,1.0587636196024964e-05,P,0.000744800954937925,K,0.0012440336743298342,K,0.0012440336743298342,Y,0.002177513961379448,R,0.00038712841675151674,N,0.0003386008869671921,W,0.002754904848023196,P,7.17129362354232e-05,H,1.0587636196024964e-05,H,1.0587636196024964e-05,P,5.437336164576749e-05,W,0.0024292602375511965,W,0.00244633835803183,W,0.0023634791899408577,W,0.0016640827941818226,L,0.00016904453836545755,P,0.001029015749627915,P,1.1779345096893644e-06,L,0.0003728953069629248,A,0.0025902889315970413,T,0.0013894430197462406,P,0.0004125950854323215,0.001002178336077248,0.16407015752695403
571,D,D,0.006542134637192137,D,0.004688956221158542,D,0.004619897489552867,D,0.007102481061488662,D,0.007068029091423217,D,0.004545140505730169,G,0.002125853326807111,G,0.0020448571154584832,N,0.0013894430197462406,G,0.0018290345121292947,D,0.005093952365136651,D,0.0037750188406684105,D,0.005009777920803857,D,0.007059313293664288,D,0.007059313293664288,D,0.00608117663747983,D,0.006986122987086187,D,0.006676412519365267,D,0.0035232202168098215,D,0.004990042918543508,N,0.0013894430197462406,D,0.0060806893740086975,D,0.003974795662031907,N,0.0013894430197462406,D,0.005158824423321047,D,0.005266742466011487,D,0.0027711545945244657,0.00460152853827033,0.7533325007741877
572,D,D,1.794079080560883e-05,D,4.691788728637174e-05,D,0.00020459021362822732,D,2.6403796379281057e-05,D,2.6403796379281057e-05,D,2.6403796379281057e-05,D,3.90983573865435e-05,D,3.90983573865435e-05,D,2.2774576910518427e-05,D,3.90983573865435e-05,D,3.90983573865435e-05,-,,D,2.6403796379281057e-05,D,2.6403796379281057e-05,D,2.6403796379281057e-05,D,2.6403796379281057e-05,-,,-,,D,3.90983573865435e-05,D,3.90983573865435e-05,D,3.90983573865435e-05,D,4.691788728637174e-05,D,4.691788728637174e-05,D,3.90983573865435e-05,D,4.691788728637174e-05,D,4.691788728637174e-05,D,4.691788728637174e-05,4.2684430783745854e-05,0.006988019028678882
573,-,-,,L,8.269291435814855e-05,F,0.0012790960850602793,L,0.00010460749246524196,L,0.00022260627102251555,L,6.181042095169661e-06,-,,-,,-,,-,,-,,-,,L,6.156396294796547e-05,L,0.00022260627102251555,L,0.00028943099502620886,L,0.00010002763652660254,-,,-,,-,,L,0.0019220364886047168,-,,L,0.00046786165390285187,L,6.181042095169661e-06,-,,L,0.00045285013237173074,L,0.00017721597417656964,L,0.00016397258026071854,0.00037059536946242705,0.06067147777755733
574,-,-,,-,,G,0.0,-,,-,,-,,-,,-,,-,,-,,-,,D,0.0,-,,-,,-,,-,,D,0.0,D,0.0,-,,-,,-,,G,0.0,-,,-,,-,,-,,-,,0.0,0.0
575,L,L,0.0010799713017327613,-,,-,,-,,-,,-,,I,0.0049199421615368,I,0.004852894386674009,L,0.001251993632810553,T,4.046149687124234e-05,L,0.0008181905736928204,M,0.00027187435291463623,-,,-,,-,,-,,L,0.0017870735607105075,L,0.0016985015681605983,L,0.0012284352665569212,-,,V,0.0006935714228800037,-,,-,,I,0.005823723798114976,-,,-,,-,,0.002038886126887986,0.3337932541302192
576,G,G,0.005629019821573665,G,0.00505762041912863,-,,G,0.005036550684555385,G,0.00528618726796329,G,0.003552778245100711,L,0.004574447099364052,H,0.006431331442049528,A,0.005986727863847091,R,0.002466704624176212,G,0.003973242611677058,G,0.004986125105623879,G,0.004347703806153277,G,0.0053949773373620225,G,0.005377302518640469,G,0.004313333282286543,G,0.0052965228717767165,G,0.005035666232764636,G,0.0015719028761199327,G,0.0055956958212878966,Q,0.0022476444952956535,-,,G,0.0042078826716712165,Q,3.906007009349676e-05,G,0.004037743916103871,G,0.004323893945397131,G,0.0024504883481033042,0.004288822135124626,0.7021382302767578
577,T,T,0.001966532985941547,T,0.0007039746428540356,T,0.0011406226023219306,T,0.0011676789213937771,T,0.0007289003992705481,T,0.002669706521939542,T,0.0031269032041287086,T,0.0031269032041287086,A,0.0006213554153297473,C,0.0006775705586874351,T,0.003823266888911324,S,0.002897278861724669,T,0.0006928964705979801,T,0.0011676789213937771,T,0.0011676789213937771,T,0.0015355354138907515,T,0.0031379221635742067,T,0.0031685824560258643,S,0.0018999632188397056,S,0.0007950925524797091,T,0.0030681947987284226,T,0.0036812288288964766,T,0.0013634475013372216,S,0.0025514916826315415,T,0.0018723547148970685,T,0.0018723547148970685,T,0.0005310762302385661,0.0018946738072760784,0.31018374557841055
578,S,A,0.0036614886917230045,S,0.0009012921208975431,F,0.00150940349505293,S,0.0008610135973526106,S,0.0011666269513179533,S,0.0007332477358353951,Y,0.0007225977038645874,Y,0.0006031875557607,L,0.00121850947207602,Y,0.00028191632137044496,S,0.00020855572207116195,A,0.0012214391766811649,S,0.0004863404976537509,S,0.0011666269513179533,S,0.0011666269513179533,S,0.001999310254835943,S,0.0006072236932983889,A,0.0024756458301873705,A,0.001013669736803002,A,0.001221345979998212,F,0.002190158635218818,S,1.07340142050934e-05,L,0.0023012322114990447,Y,0.0010835688472533198,S,0.0001694431549399027,S,0.0007115970679422185,A,0.0012978186665084978,0.001147800779147518,0.18791052237411182
579,T,K,0.00037257691905916125,Q,0.00014846532642538607,S,0.0005973357932501232,L,0.0015291056652034737,L,0.0015671977535578773,P,6.383965007559392e-05,Q,0.0003448090814496766,Q,0.0003448090814496766,A,0.0004874876970902801,K,0.0005754027805455786,S,0.0001325511701245172,E,0.00024960784308994887,S,0.0006358896342428201,L,0.0015291056652034737,L,0.0015291056652034737,S,0.0030813901559904665,Q,0.0006471575700331085,K,0.0003173980325380422,K,9.11685893047214e-05,K,0.000855006667173246,E,0.0003226132926567364,T,3.043768715383332e-05,P,0.0007884356218766523,L,0.00021848044209321903,L,0.0012012094495865008,L,0.00034657134058209584,L,0.000799636035338878,0.0006965479485295763,0.11403432655274973
580,D,E,0.003554389909328491,H,0.0011056473925166717,D,0.0003041772202835939,F,0.0008597022507210232,F,0.0008309141983477876,F,0.0021606376372858825,A,4.623652428482052e-06,A,0.00041677919867554774,D,0.0015474161731059437,A,0.0005527131462563627,D,0.0014720012066425235,D,0.0006101850619561459,F,0.0021404421065767884,F,0.0008947564505656252,F,0.000926058559986733,F,0.001495505735010725,E,0.0016420224817801066,E,0.0016615489793396169,D,0.0012391757446145652,D,0.0014506554810111221,R,0.000868185502262781,D,0.0023470420989885493,F,0.0007930593592129345,K,3.663432360307222e-05,G,0.001709144034670283,G,0.0016410168186622661,H,8.616229690933207e-05,0.001198170260027517,0.19615668811630896
581,E,E,0.0006958761588251378,E,0.000866419531756427,E,0.002241339178155218,E,0.0011813299508594594,E,0.0008780661499417038,E,0.0017050656953091989,E,0.00538459243587349,E,0.00538459243587349,E,0.0024330940800298627,D,0.0012380823418749298,E,0.0023514065881763396,E,0.0006392291615969085,E,0.0007052565448786196,E,0.0008741903260505491,E,0.0008792133129227715,E,0.000724870502200126,E,0.0018985984542399987,E,0.00044127623014490237,E,0.0007600126396614156,E,0.0005421752648172635,E,0.002198583560996227,E,0.0008664547077532137,E,0.0005737965912252366,E,0.0034845686599079737,E,0.0010530358034515368,E,0.0009115483420274538,E,0.0006951905129327614,0.0015410320430178598,0.2522878024301409
582,L,Q,0.00011991007323565004,L,0.00017027824357265608,L,0.0007063949798853839,K,0.0004264169209253682,K,0.0004264169209253682,M,0.0007277340487419472,R,3.9705010572301207e-05,R,3.873804870993058e-05,I,6.0251529638749446e-05,R,6.680351919703597e-05,L,0.00016403879360105475,A,9.921076391154091e-05,M,0.00016660229542047193,K,0.0004264169209253682,K,0.0004264169209253682,M,0.00022134557857681552,E,0.0002864925833759511,Q,0.0003684393508602891,A,0.0009533587124679782,N,0.0016212349239848735,Y,0.0005559434223092724,L,0.0005969736985343944,M,0.00022136328124625594,E,0.00022351638348839208,M,0.0004597722867134091,M,0.0004431601788799609,L,6.591628371846053e-05,0.0003734389509016388,0.061137010545406184
583,K,E,0.003131074295099025,E,0.0009199179995122223,N,0.007374237837779997,K,0.007283016126564011,K,0.007374237837779997,K,0.002680824173086377,S,0.007374237837779997,S,0.007374237837779997,D,0.001388329163379617,D,0.002101472707984709,K,0.007374237837779997,Q,0.007374237837779997,E,0.0021727606791155955,K,0.007374237837779997,K,0.007374237837779997,K,0.007374237837779997,E,0.0010912737095716135,E,0.0012558581452973491,Q,0.005836531606653309,Q,0.007374237837779997,N,0.007374237837779997,K,0.005460618580889541,K,0.0060208921964001565,D,0.0031800085070474863,E,0.004476926804753309,E,0.002833649421080029,K,0.0061686382914758475,0.005078459578647782,0.8314125670730775
584,R,R,2.00353577627904e-05,R,2.00353577627904e-05,R,2.00353577627904e-05,R,2.00353577627904e-05,R,2.00353577627904e-05,R,2.00353577627904e-05,R,1.0064286546951334e-05,R,2.00353577627904e-05,K,1.2121096672288714e-05,R,1.0064286546951334e-05,R,1.1615767753499959e-05,E,0.0008163899755922921,R,2.00353577627904e-05,R,2.00353577627904e-05,R,2.00353577627904e-05,R,2.4830790530982094e-05,R,2.8606684377687273e-05,R,1.1615767753499959e-05,E,9.927447703305382e-05,D,0.00010426010359824883,E,1.0181799040161862e-05,R,1.4502897691731416e-05,R,1.095974907047651e-05,E,3.4848834890171424e-05,R,1.2430275853384705e-05,R,2.6369896339645286e-05,R,2.3877905387710044e-05,5.416178415950521e-05,0.008867017115710177
585,G,G,0.000269947441345174,G,0.0002710527081489993,G,0.00022695693640504292,G,0.00028838662600082926,G,0.00028838662600082926,G,0.00028149362857519375,G,3.898529787660589e-05,G,3.898529787660589e-05,D,4.6020263626036884e-05,G,2.9812686142560797e-05,G,0.000275318967965296,G,0.00022058823804322472,G,0.00028535265301635215,G,0.00028838662600082926,G,0.00028838662600082926,G,0.00027342122164678294,G,9.569073692879534e-05,G,0.00010558039410254041,G,0.00027171982950104263,G,9.430778972358768e-05,G,3.599410576069533e-05,G,0.0002808403229255328,G,0.0002826930916008969,G,2.968629148504142e-05,G,0.0002751462040057008,G,0.0002751462040057008,G,0.000533183860218878,0.0002107952101825779,0.03451002889960406
586,D,D,1.6848337742917406e-05,D,0.0001711004423743669,D,1.6848337742917406e-05,D,1.6848337742917406e-05,D,1.6848337742917406e-05,D,1.6848337742917406e-05,E,1.6848337742917406e-05,E,3.919955459951448e-05,K,1.1544231416443403e-05,E,0.000988166037104788,D,1.0815686131934201e-05,F,0.0002107128407040798,D,1.6848337742917406e-05,D,1.6848337742917406e-05,D,1.6848337742917406e-05,D,1.6848337742917406e-05,D,1.6848337742917406e-05,D,1.6848337742917406e-05,L,4.7076711776099914e-05,T,0.00011723548829354764,-,,D,1.0815686131934201e-05,D,1.91889867821446e-05,K,1.3148009461839813e-05,D,1.31162868629557e-05,D,1.31162868629557e-05,D,1.91889867821446e-05,7.256174185383686e-05,0.011879339223185455
587,V,L,0.0035330915979467368,V,0.005637857129784443,V,0.005351557956259166,V,0.0065186460319984745,V,0.006035329851411201,V,0.004317738268655716,K,0.003060739006470938,K,0.002965247937157997,S,0.00401633628511881,E,0.0013894430197462406,V,0.0044738847892953635,D,0.0013894430197462406,V,0.007374237837779997,V,0.006064272416153819,V,0.006064272416153819,V,0.004857346299376943,M,0.003924300788549894,L,0.0035266839185865958,D,0.0013894430197462406,D,0.0013894430197462406,K,0.0021823465326870407,V,0.004753176975774886,V,0.004737745110838667,-,,T,0.004118049565881548,T,0.0040850397873202155,V,0.007374237837779997,0.0042511504007679704,0.6959708574971754
588,P,A,3.04764688742449e-05,P,2.405778467340682e-05,P,3.090408173971122e-05,P,9.96467468904771e-05,P,5.1225068575144666e-05,P,7.841720197859365e-05,S,2.3653478541601716e-06,S,2.3653478541601716e-06,P,2.436849471404938e-05,A,0.0004538872560406041,S,8.008385932992606e-05,G,0.0010952744106042984,P,4.287349667356132e-05,P,5.1225068575144666e-05,P,5.1225068575144666e-05,A,1.5875810173969226e-05,A,3.5408838074017476e-05,A,6.165583200409781e-05,G,3.243497185826853e-05,G,5.155756261789565e-05,L,1.6869358155243612e-05,P,4.838638655945549e-05,A,5.210327949527718e-05,I,0.0009225478428537123,L,3.753050337906054e-05,L,2.1413217887058388e-05,P,0.0007910170922097684,0.00015574801474890562,0.025498057974777086
589,K,S,0.0018982584689804045,K,4.839848463552326e-05,K,0.00018321148367240716,K,3.2419041782780336e-05,K,3.2419041782780336e-05,K,8.031843237139779e-05,S,0.00018678593921250944,S,0.00018678593921250944,N,0.0006300966909175864,S,0.00020890821114713103,K,0.00010322270200547137,S,0.00028337592430232645,K,4.0835692522596097e-07,K,3.2419041782780336e-05,K,3.2419041782780336e-05,K,0.0004406407913929794,S,0.001898178921439307,S,0.001867955831108612,S,0.0005972316672745547,S,0.0018598674498247695,N,0.0018118053051687792,K,0.00010538936455035117,K,9.891247736086719e-05,N,0.0033129777587661315,K,1.3227385783549319e-05,K,1.3227385783549319e-05,K,0.00029375986460257486,0.0006019489260581346,0.09854718623046187
590,A,S,0.0009180947215812622,A,0.0005669263095912148,S,0.0006634956597442131,A,0.0004303685619067855,A,0.00043910107150677593,A,0.004873003267287284,C,0.0034038564788736562,C,0.003415112170136055,A,0.0013496788812294993,C,0.0021466094416272836,S,0.00012218896025594265,Y,0.000914626598494824,S,0.0004598341431696739,A,0.00038498936071585326,A,0.00038498936071585326,A,0.00031341647380284256,S,0.0009042519733396432,C,0.0014201031740660897,Y,0.0008305488733087601,Y,0.00045406912812772,S,1.93064505793918e-05,S,0.00015160161345747396,S,0.0006162929764062003,Y,0.0014653992111324447,S,4.59790475400109e-05,S,0.00011759588972144146,A,0.0004557746813883647,0.0010098968325817244,0.16533377987017647
591,I,I,3.382492543175305e-05,I,4.072509882644097e-05,I,0.0007186554492294678,V,0.0003667574243636297,V,0.0015010965575878235,I,0.00016683396017195076,I,0.0013482205319370337,I,0.0013482205319370337,I,2.4806491650752627e-05,I,0.0002818853353858031,I,0.0004505327278796408,R,0.00020009809401066796,V,0.00035657421415533145,V,0.0014693454562949705,V,0.0014693454562949705,I,1.9939637680900624e-05,I,7.636858350165479e-05,V,0.0002195901582680819,K,0.0016667897402300087,V,0.00022479892063516268,V,1.3576514952113157e-05,I,0.0001650420454842057,I,1.2386406770994966e-05,V,9.493160379896562e-05,I,9.3676510471882e-05,I,0.00015492513673591657,M,8.97844047235126e-05,0.00046699007105224707,0.07645259507501449
592,Q,D,0.0025525712615072395,Q,0.0001975584062873521,Q,3.5126169260749814e-05,E,0.004798018252331662,E,0.004992183061883121,L,0.007374237837779997,S,0.0013362558458602082,S,0.0013551961539402238,S,0.0009378145304576678,S,0.001462817727219054,Q,0.0005070798609308816,D,0.004532892416932465,Q,0.0007099937093398889,E,0.004992183061883121,E,0.004992183061883121,Q,0.0006686838733373493,R,0.0003368010854759257,Q,0.00020765087588889484,E,0.002441462844061616,E,0.002659356151765318,S,0.0007303977793669498,Q,3.492455763745305e-05,Q,0.0006913711938825436,W,0.0004693219340732241,Q,0.0018085992522941113,Q,0.0018117101796395571,Q,0.00014495066922750642,0.0019548645094128593,0.32003777816496054
593,C,L,0.007374237837779997,C,0.0013894430197462406,C,0.0013894430197462406,I,0.007374237837779997,I,0.007374237837779997,L,0.007374237837779997,C,0.0013894430197462406,C,0.0013894430197462406,C,0.0013894430197462406,C,0.0013894430197462406,C,0.0013894430197462406,F,0.007374237837779997,L,0.007374237837779997,I,0.007374237837779997,I,0.007374237837779997,C,0.0013894430197462406,L,0.007374237837779997,L,0.007374237837779997,L,0.007374237837779997,C,0.0013894430197462406,L,0.007374237837779997,C,0.0013894430197462406,I,0.007374237837779997,M,0.007374237837779997,L,0.007374237837779997,L,0.007374237837779997,C,0.0013894430197462406,0.004935988097099577,0.8080880572735455
594,Y,F,0.0002985595724355825,Y,0.00010893555646192168,Y,0.00025776988935643597,C,0.0015499449943269896,C,0.0015499449943269896,Y,0.0007496013737444515,Y,0.00013433201045394633,Y,0.00013433201045394633,Y,0.0007975875986242256,Y,0.00013433201045394633,Y,0.00025776988935643597,Y,0.00010893555646192168,Y,0.00025776988935643597,C,0.0015499449943269896,C,0.0015499449943269896,Y,0.0001443926503594707,F,0.00026008698460243575,F,0.0014656630756765413,Y,0.00020308451889716446,Y,0.00020308451889716446,L,0.0016491657423860918,Y,0.0001443926503594707,Y,0.0007496013737444515,Y,0.0003022866776280895,H,0.0014656630756765413,Y,0.0001257861160651661,Y,0.0001443926503594707,0.0006036039025599729,0.09881812828297405
595,M,M,2.7936620454873533e-05,M,2.1878838383337458e-05,M,4.204571396323177e-05,M,1.486234611806768e-05,M,1.486234611806768e-05,M,1.486234611806768e-05,M,2.1878838383337458e-05,M,2.1878838383337458e-05,M,0.00012299619548329657,M,2.1878838383337458e-05,M,8.464829947124321e-05,L,0.0013605938395947154,M,1.486234611806768e-05,M,1.486234611806768e-05,M,1.486234611806768e-05,M,1.4826043987235446e-05,M,5.471485431538391e-05,M,0.00012299619548329657,L,0.0013605938395947154,L,0.0013605938395947154,V,5.359467848681289e-05,M,0.0001334851502373303,M,2.872475918969204e-05,M,1.486234611806768e-05,M,2.1878838383337458e-05,M,1.1123289671229025e-05,M,1.4826043987235446e-05,0.00018544925845400618,0.03036055355866355
596,N,R,0.001718384943584589,K,0.0029117579585278682,Y,0.004208321488030118,K,0.0013230604292230727,K,0.0009606688084336778,K,0.0002061611834117423,K,0.0001526495449361963,K,0.0001506770512914284,Y,0.0006767267189679778,K,6.144650053315108e-05,N,4.210531752309215e-05,M,0.00159100950843389,K,0.0005620212581440119,K,0.0012541572650427541,K,0.0012541572650427541,K,0.0009601958482006367,K,0.0003563842741486744,K,0.000549539699375058,K,0.0002685428955365525,N,0.0005042760520145895,L,0.0012049707467383106,H,0.004510918463534335,K,0.001542537729464698,I,0.0009040437801918333,H,0.002647429985735608,H,0.001615234160708814,K,9.283105532656094e-05,0.0011937114789667405,0.19542672530960603
597,E,E,0.000548828166737069,D,7.447027130548448e-05,D,6.673124675534044e-05,E,0.0004497108357732825,E,0.0004506941269809906,E,0.0004526552414027612,D,0.0003574238471930235,D,0.0005113367874206487,E,0.0008564969371906844,D,0.00027864034237385293,E,0.00033886318214293166,E,0.0007259776400781726,E,0.00040468273536028385,E,0.0004486024473950001,E,0.0004486024473950001,E,0.0002853329001295881,E,0.0003044850748201238,E,0.0004942141409485494,E,0.0013783345020274278,E,0.00041760118697206096,H,0.0003991066860607147,E,0.0013544981494963968,E,0.00036692847891284377,E,0.0014268114927303663,E,0.0006239379014145929,E,0.0006242876436962242,E,0.001041861879146048,0.0005604117145133134,0.0917469825181518
598,T,N,0.0028161976386791086,-,,-,,-,,-,,-,,N,0.0021925557084109025,N,0.0022034284269917804,H,0.002986214457004537,N,0.0010340825406120282,-,,N,0.0030305532398323407,-,,-,,-,,-,,Y,0.0035407021568763476,K,0.0018702138813996437,N,0.002140070933442996,Y,0.00041135918056360875,G,0.0005636629148366277,-,,-,,N,4.7158722342441204e-05,T,0.001701413844429758,T,0.000711270332958538,-,,0.0018034917127414758,0.29525600260555035
599,-,N,0.0004246298369894236,T,0.00029097501093111876,T,0.0013992708385006673,R,0.0017352782584702838,R,0.002010784214440707,R,0.0009004594917951778,P,0.0003716107899721497,P,0.0004149722326262959,-,,P,0.00012614434599747998,K,0.00323350725900893,P,0.00023502771951496002,T,0.000492282167302903,R,0.0020113270047266833,R,0.0020113270047266833,H,0.0061333673794508985,K,0.0016344241024881597,S,0.0017465200866740712,P,0.0007312616773768083,K,0.0028478964044631725,G,0.0028330169824641637,A,0.005306677003805832,Q,2.6200081914384675e-05,N,0.0007673516901433504,-,,G,0.005507864491210515,K,0.002979259195414217,0.0018468574108163615,0.3023555543103523
600,G,I,0.0009963054504580036,N,1.0459589784306885e-05,G,0.0005267409813351022,N,1.4774374399571385e-05,N,2.1263807462968992e-05,N,6.160128758448086e-07,G,0.0014516888045963522,G,0.0014516888045963522,S,0.001404475081031991,G,0.0005038021451088506,G,0.0015990381877891925,S,8.985193925418986e-06,N,1.2110362499634366e-05,N,2.1263807462968992e-05,N,2.1263807462968992e-05,N,0.00011770525948176663,L,6.725929103798293e-05,L,0.00042966216965523044,G,0.0004543554846815229,G,0.0003230222855408916,S,0.00011310176957852065,G,0.0001736205014133037,N,0.00011525196420485487,Q,0.000170157275043601,G,0.0008760358677850611,-,,N,6.73924868333969e-05,0.00042123233715560233,0.0689614347313526
601,A,T,0.0003239497546951316,A,0.0004745959731856255,A,0.0005517126147703134,D,0.0008685015069901362,V,0.001708251452334194,A,0.0008869178553263117,S,9.89990027678944e-05,S,0.00011802833118906383,V,0.0001886214068913562,S,7.990363251246223e-05,A,0.001355191004604019,R,0.0005062690989427079,A,0.0007528529023554077,V,0.002071498665386028,V,0.002071498665386028,A,0.0008157718071157216,S,0.00031333086059749356,-,,L,6.770372849650325e-05,S,0.0014645251748318941,M,0.0007355742995592753,V,0.0009622334094234436,A,0.0007512778355489153,A,0.00025251263982066676,A,6.154960121654461e-05,A,6.153220748569615e-05,V,0.0015326100149785195,0.0007336697479388983,0.12011166753839839
602,S,S,2.3311135776672025e-05,S,0.0001149744112928778,S,6.57017267973372e-05,T,0.00013826780178858666,T,7.757301387059648e-05,T,4.0763990794014333e-05,T,6.176929308273119e-05,T,6.176929308273119e-05,S,0.00021384169516672934,T,3.4310109595001695e-05,S,2.294715131493879e-05,S,2.9008063189845342e-05,T,0.000104666651921034,T,7.757301387059648e-05,T,7.757301387059648e-05,S,3.654790468367859e-05,T,4.738026705083553e-05,T,4.003422421614247e-05,A,0.00013179372953358453,T,0.0004741857304746387,S,2.0632285881930198e-05,T,0.00043350193021068006,T,8.446268472335895e-05,S,4.5394460391590905e-06,T,0.00034533055177253324,T,0.00034533055177253324,P,0.0004553617621785061,0.00013196857162784702,0.021605041294685334
603,E,D,0.00019753158901590466,E,0.00010586413381073308,E,0.0004427055918530942,E,0.00011266697043603623,E,0.00011744324485283693,E,5.898482041797039e-06,E,0.00010600267022796891,E,3.393704068056411e-05,E,9.354661096155334e-05,E,0.00012583967187043536,E,0.00021649501523438158,P,0.002509541881284036,E,0.0001775433750058271,E,0.00011744324485283693,E,0.00011744324485283693,E,0.0001413315526365681,V,0.00010034535014427431,E,0.00032295865871096775,A,0.0005197252830829327,V,0.0004748745619804369,I,0.0021777934140620524,E,4.6925739043030314e-05,R,0.002389188626820889,I,0.000873035659347547,E,5.079351432547266e-05,E,5.182355257430261e-05,E,0.0001485741070257618,0.00043619528839759547,0.07141107236466172
604,E,E,3.95650785373516e-06,-,,-,,-,,-,,-,,E,7.264726540357879e-06,E,7.264726540357879e-06,E,7.114126468582182e-06,E,7.264726540357879e-06,E,3.4595762502512744e-06,-,,-,,-,,-,,-,,-,,-,,G,1.5535650786386633e-06,-,,S,2.5267262366328553e-05,-,,-,,D,7.370330923354591e-06,-,,-,,-,,7.83506095132934e-06,0.0012827055208054355
605,-,-,,-,,-,,-,,-,,-,,-,,-,,-,,-,,-,,-,,-,,-,,-,,-,,-,,-,,-,,-,,D,0.001482111963293043,-,,-,,-,,-,,-,,-,,0.001482111963293043,0.24264178792957772
606,-,-,,R,0.0013894430197462406,D,0.0016733078470066221,E,0.0022711098696596567,E,0.002263728683094785,I,0.0008255023584618819,-,,-,,-,,-,,-,,G,0.002185231685251349,E,0.005504589023757122,E,0.002263939961639848,E,0.002263939961639848,E,0.003000783171632741,E,0.0012810055539295945,E,0.0012654013056418475,-,,D,0.004265445241922137,A,0.0004265017827693782,D,0.004782941740556939,E,0.002793923264850681,-,,P,0.0019336415173093033,P,0.0009785618592063196,K,0.001054377495355644,0.0022328092286016806,0.3655410905191201
607,-,-,,-,,-,,-,,-,,-,,-,,-,,-,,-,,-,,-,,-,,-,,-,,-,,-,,-,,-,,-,,-,,-,,-,,-,,-,,-,,-,,,
608,-,-,,-,,-,,-,,-,,-,,-,,-,,-,,-,,-,,-,,-,,-,,-,,-,,-,,-,,-,,-,,-,,-,,-,,-,,-,,-,,-,,,
609,G,E,0.0011968982294966507,E,0.0011667781435470822,E,0.0009466783478335441,E,0.0012052927882578999,E,0.0012052927882578999,E,0.0006629211441306898,D,0.001217957255223143,D,0.001217957255223143,V,0.0006461263623155003,D,0.0012262237706727845,E,0.0008312112904458096,E,0.00030493968208198475,E,0.0007890640226077762,E,0.0012052927882578999,E,0.0012052927882578999,E,0.0011717008392904211,E,0.0013036322523691216,E,0.0012934300852644489,E,0.0008723868910187251,E,4.079472071787227e-05,-,,V,0.00020833528492764352,E,0.0009477534949771606,D,0.0014756734428747439,E,0.0010459105070419821,E,0.0010459105070419821,E,0.0007864305332171212,0.000969995585205805,0.15880140563415582
610,A,G,1.817681630846568e-05,A,4.6445884136324727e-05,A,4.6445884136324727e-05,A,0.0002134015935047703,A,0.0011226694019156385,A,2.564668983012634e-05,A,1.817681630846568e-05,A,1.817681630846568e-05,A,4.6445884136324727e-05,A,1.250743101696576e-05,A,1.817681630846568e-05,A,3.072074691993806e-05,A,0.0002134015935047703,A,0.0011226694019156385,A,0.0011226694019156385,A,3.959399329350341e-05,A,1.250743101696576e-05,A,3.072074691993806e-05,A,1.250743101696576e-05,A,3.072074691993806e-05,-,,A,2.663282932870066e-05,A,3.959399329350341e-05,S,2.66664435236455e-05,A,4.6445884136324727e-05,A,1.817681630846568e-05,A,3.959399329350341e-05,0.00016918813412376068,0.02769838742077657
611,R,R,0.0002640333641215578,V,0.0006618533051592265,R,7.05464159730342e-05,E,0.004065423527361869,E,0.004944510480303532,Q,0.0006204724865760593,V,0.0014186760451901598,V,0.00141980604466259,R,0.00016841800632739178,L,0.00135918068276005,I,0.0001945931015572032,E,0.0009607722384567976,V,0.0008334591300045684,E,0.005133030045321952,E,0.005133030045321952,R,0.0011546280510708223,R,0.00024749950592328475,R,0.00020829678034589035,E,0.00234746789313141,R,0.0005904983711254584,K,0.00021361140577662587,R,0.0018976884701561523,E,0.002933880865662373,V,0.00014082126782835749,R,0.0002917618906778173,R,0.00035444335146809776,R,0.00039253711061449184,0.001408182958625138,0.23053860927860842
612,E,K,0.00020013270995385693,E,0.0008385676444597605,E,0.0010428913712912822,E,0.00028476823196776316,E,0.0002832507944562072,E,9.706926811922347e-05,A,0.003680769549950615,T,0.0003155901827590588,E,0.00015894916985749133,N,0.00032477125091606945,E,7.481311661487413e-05,A,0.0003739511573673047,E,7.477912557352068e-05,E,0.0002832507944562072,E,0.0002832507944562072,E,2.8149446713520115e-05,S,0.0004991568572439952,S,0.00100837306096755,E,0.0008442718342439268,T,0.0007426038926542117,R,0.0037909756144461756,D,0.000910563546619777,E,0.0002472093226594265,R,0.0019518343595106215,S,0.0024968255819981917,S,0.002369339743399294,E,3.793778884241976e-05,0.0008608906004258723,0.1409394429520572
613,Y,C,0.0002511512998471562,H,0.0004893362843493605,H,0.00022728995186066428,H,0.00042705025597863754,H,0.00042705025597863754,H,0.00010181651325622688,Y,0.0007110116735124115,Y,0.00015993057180641672,H,9.693235298775579e-05,H,0.0009152612670036828,H,0.00010285753998022447,H,9.66174545374418e-05,H,0.00020469698042884958,H,0.00042705025597863754,H,0.00042644795103968417,H,0.0012633041988152675,C,0.0014479292574315365,R,0.000608582619165497,H,0.00010235322560749814,H,4.211864041521948e-05,K,4.999350635056471e-05,H,0.00012118108393147171,H,0.00036073825458735374,H,9.763017840661389e-05,Y,0.0014396861343315436,Y,0.0013619541989977294,H,0.0008592757166197029,0.0004747869490076217,0.07772904952259711
614,I,I,0.0008114428938336616,V,0.0013302947068151386,I,0.0002657465500574636,V,0.0030621682865077486,V,0.0030621682865077486,V,0.001763331651939816,I,0.0002311894274265551,I,0.0002311894274265551,V,0.0026008960345087367,I,0.0006322682068172258,I,0.00029017802871339455,M,0.0021722585641943083,V,0.0008107996335577277,V,0.0030621682865077486,V,0.0030621682865077486,I,0.00021256880415682506,V,0.0005581073116899039,I,0.00031260869145412077,V,0.0021974432038750057,V,0.0030815914518642594,L,0.0013371446953907504,I,0.00022792712025191303,V,0.0003954162322853422,V,0.0013243185003314621,I,0.0002419365375984203,I,0.0002419365375984203,V,0.0005133805267334317,0.0012604684401685716,0.20635574337566903
615,K,L,0.00010856868585523745,K,0.0013172624657615947,K,0.000347352398989285,K,0.00023357644934754744,K,0.000183021420264288,R,0.00030944917784703755,N,0.0008811057183545753,N,0.0008788952020669713,K,0.0026514216283697865,N,0.0005618346713142595,E,0.003695182979665984,R,0.00012437690310899868,R,0.0012976904573090491,K,0.00021813594910803392,K,0.00021813594910803392,R,0.00023158487177109594,L,0.0009257842041518637,L,0.000938066516327361,R,0.0001957159501046048,A,0.0002451916205006756,Q,0.0006532066053098521,M,0.0008303502914585111,R,0.0003408313805976077,Q,0.0003236112587631969,K,0.0016325780609027611,K,0.0008475977887458252,R,0.00020956221580107454,0.000755558919292782,0.1236952211464554
616,Y,K,2.8766002649240635e-05,F,0.0010357653170992172,F,0.0003191572662397759,Y,0.0010500029066406135,Y,0.0010685184309518897,F,0.00011234607160788486,G,1.3565131083116231e-05,A,0.00021034516502418517,T,0.0003435636680623959,A,0.0012926452816790508,F,0.0003423216328687107,G,0.0002967933100826689,F,0.00023177636370903107,Y,0.001046621166955216,Y,0.001046621166955216,F,0.0006465596769725958,E,0.00041725281172332675,E,0.00035947233801373506,R,9.047149143694288e-05,Q,0.00011496282232076635,K,5.8641369633692066e-05,G,0.00062887612401013,F,0.00013189089450181933,T,8.924874378985201e-05,L,5.9050620479453765e-05,S,6.252449295118109e-06,F,0.0004010861913816394,0.00042379905241360323,0.06938164075811168
617,L,I,0.001216082244658426,L,0.0007794229517450266,L,0.001322359568189462,L,0.0010205355755852224,L,0.0010205355755852224,L,0.0010214221567706543,M,0.0006730196519628025,M,0.0006730196519628025,L,0.0005584515745683309,M,0.000434018469748742,L,0.0009142549187685031,L,0.0007124633596504165,L,0.000922042101612732,L,0.0010205355755852224,L,0.0010205355755852224,L,0.0006467806229562159,E,0.0010913711556384323,E,0.0010897147276679156,L,0.0002484903094917752,K,0.0005868797049259283,P,0.0008851802350265557,L,0.0016639113258590623,M,0.0013894430197462406,I,0.00017515388188759078,L,0.0006262614920564107,L,0.0006383111003401183,L,0.0005559803205419033,0.0008483769203006272,0.13889078415004474
618,I,I,0.0007043210936734541,I,0.0007926454583225447,I,0.000999820573518051,I,0.0007483086200139519,I,0.0009399304946297563,I,0.0007203369962542269,V,0.001304821992179209,V,0.000326523981107932,I,0.0006534000061223246,V,0.0004241245493428007,I,0.00026917975125139777,I,0.0021123233977014136,N,0.0004577622826884725,I,0.0009399304946297563,I,0.0009399304946297563,M,0.0003915726591426981,I,0.0002199570599588381,I,0.0009078049644764633,I,0.0011676172590405656,I,0.00014221328740723918,I,0.0011109659512450137,F,0.002096189194395429,I,0.0007401482864230692,I,7.828627107736076e-05,I,0.0007438683481698327,I,0.00042123085639678994,I,0.0007253104856018495,0.0007806861040518592,0.12780888137360374
619,S,D,0.001446086834670324,R,0.0005761078998362219,C,0.0010252233011260946,R,0.002289392343903825,R,0.002367729445945487,R,0.0008171961307931235,N,0.0009291202967667585,N,0.0008913135276012581,D,0.0018865373227255045,N,0.0007603308612785122,Q,0.0017593039902674488,A,0.00015971597788623824,R,0.0014892310513989597,R,0.0022903601897088987,R,0.0022903601897088987,R,0.0015012242575766438,S,0.00021633605047886333,K,1.623405640660889e-05,A,0.0015481053526189207,S,0.0002804969373567762,D,0.00024273267392378357,Q,0.002134632972053174,R,0.0026727600438935612,N,0.0023621686265980534,N,0.00033024612022295266,D,0.0005492502132228217,R,0.0009809335005077652,0.001252338154388055,0.2050247055546263
620,A,N,0.003146667959570754,E,0.0001895317789834913,E,0.0006459109567781607,E,0.00015998259056645097,E,0.00021521383811786503,E,1.4909788084261175e-05,K,0.004931230625365342,K,0.004310107397880986,K,0.00036451098217834047,D,7.550501036844332e-05,E,0.000846515958294467,R,1.8393539505557597e-05,E,0.00014492400486654016,E,0.00016682573226310646,E,0.0001674280372020598,E,8.745411353940476e-05,R,0.00014089088734669118,G,0.0007607326586451226,G,0.0007032597102985357,R,0.00056683746444561,T,0.00044798940030855273,E,8.783477612204764e-05,E,3.266648983428032e-05,V,0.0016542293607467592,K,0.0005639969849710585,K,0.0006430163223588827,E,0.00025096059848890074,0.0007902787765604324,0.1293793316945981
621,T,L,0.00037474239159863016,T,0.0007076121459478872,T,0.0002565623740543362,A,0.001422303023232295,A,0.0014255365425124846,A,0.0003677743074345524,S,0.002043508477283898,S,0.002043508477283898,A,9.658789995824931e-05,I,3.377989067029512e-05,T,5.916777637762473e-05,E,0.00024112300051327542,A,0.00044781118954396353,A,0.0014429167935405024,A,0.0014429167935405024,A,0.0004048203846229718,L,0.001127833246413237,L,0.0010330192906539246,E,0.00011707151592353919,A,0.001635644308002358,C,0.0012183833269832703,T,0.00010181134678286213,A,0.0014207019765390863,K,0.00016419803243960835,T,0.0009069185602177617,T,0.0008956506357702894,A,0.0018463565934640285,0.0008621577889372344,0.1411468988620396
622,W,W,0.00039877153421016137,W,0.00010351811215626353,W,0.000984263773311478,W,0.00029596422015490387,W,0.00029596422015490387,W,0.00018634631699712342,L,0.0018962530898238268,L,0.0018962530898238268,W,0.00015183875146593142,I,0.0015797030322938028,W,0.0001381042092154048,W,0.0003161716262962535,W,0.00012881716728555667,W,0.00029596422015490387,W,0.00029596422015490387,W,0.00010137395042802673,W,0.00021334748057156119,W,0.00023929774669783206,W,0.00015313057901631487,W,0.0003123050705176805,R,0.0014310657071346323,W,0.00017885025810728574,W,9.599705583822427e-05,K,0.0005770820560679323,W,0.0013236149997340673,W,0.0003961927821524587,S,0.0001377452302402478,0.0005231074259261301,0.08563976558420047
623,K,K,0.0011458263285069206,K,0.0006563797441843229,K,0.00040174534876129893,K,0.001122735015044283,K,0.001104891337610863,K,0.00357537198950724,K,0.0007560941325917072,K,0.0008269437649066543,M,0.0013565387587438846,K,0.0005786584806804715,E,0.00013807053423663893,E,0.0007015902950336542,K,0.0009851658217187107,K,0.001104891337610863,K,0.001104891337610863,K,0.0002455455671225968,K,0.0008008224235841406,R,0.0013894430197462406,E,0.0005315378115501941,K,0.0004928924880067223,R,0.0013894430197462406,K,0.00041168722849956475,K,0.0018486967571547407,Q,0.0006594054576306707,K,0.0009325039333997558,K,0.0009637982091610884,K,0.0006318546376933711,0.0009576823992608778,0.15678557044303554
624,K,E,0.0005037118399167036,E,0.0006482884593233675,D,0.0004787095398813371,E,0.000586307839123872,E,0.0009468985294783698,E,0.001064334998030213,E,0.001318676247284758,E,0.001318676247284758,K,0.0002269045379071271,E,0.0010194549005810144,A,0.0007749851356784631,V,8.533557295553176e-05,K,0.0013858102257470006,E,0.000953378000103044,E,0.000953378000103044,H,0.003153339054028053,D,0.0004042977463778564,D,0.00015031855058948403,E,0.0010218532563449432,R,0.0003837272299073569,D,0.001219567371278286,K,0.00010047953685791119,E,0.0011180705835336926,E,0.00030049081690927877,K,0.00022119312974149487,K,2.8504081765442043e-05,Q,0.0013894430197462406,0.0008057827574251351,0.13191754319967156
625,M,L,5.129046259256336e-05,M,0.0008928328258260241,M,4.42163654040159e-05,M,0.0010801411023196785,M,0.0011516160222618552,M,0.0006634802894785173,L,0.0014372395475668162,L,0.0014772023835568989,M,0.00022114666734699166,L,0.0011888757763140031,M,0.001015109493984653,L,0.0015329420779461582,M,0.0006239279299987809,M,0.0011544465923404364,M,0.0011544465923404364,M,0.0014183775855116296,L,0.0005106323573763883,L,0.0012810987373481682,L,0.001765587895067057,L,0.0014290990938347723,L,0.0017202623462970296,L,0.000665413422504621,M,0.001249828106903783,F,0.00032761748019436424,L,0.0013154322716037881,L,0.0014413168007886643,M,0.001040269497618404,0.0010316240638639446,0.16889082169673583
626,N,N,8.722964655382e-05,N,2.1524346658128607e-05,N,4.711974217568714e-05,N,2.1524346658128607e-05,N,2.1524346658128607e-05,N,2.1524346658128607e-05,N,8.722964655382e-05,N,8.722964655382e-05,I,0.0015119871062144134,N,4.711974217568714e-05,N,2.1524346658128607e-05,N,4.711974217568714e-05,N,2.1524346658128607e-05,N,2.1524346658128607e-05,N,2.1524346658128607e-05,N,2.1524346658128607e-05,N,8.722964655382e-05,N,8.722964655382e-05,N,4.711974217568714e-05,N,4.711974217568714e-05,L,0.0001696310718324737,N,2.1524346658128607e-05,N,2.1524346658128607e-05,I,0.0001696310718324737,N,2.1524346658128607e-05,N,2.1524346658128607e-05,N,8.722964655382e-05,0.00010703860543097733,0.017523668415410906
627,K,G,0.00012931351691678717,T,0.00019525095656460606,K,0.0019568282527340415,T,3.831216742352976e-05,T,2.3604681441559728e-05,T,0.001241132557278819,W,0.0002581742308990583,W,6.027723334778491e-05,E,0.0004613430175616447,W,8.234491270300482e-05,T,0.00023779288183208762,R,0.00027313716347530785,T,7.09812598059503e-05,T,3.831216742352976e-05,T,3.831216742352976e-05,T,0.0008308564663166534,E,0.0010796359167802693,G,6.109604082937391e-06,R,0.0012665625490574305,R,0.00129255077782994,S,0.00013235044512180708,E,0.0004977816242544318,T,0.0017178859570513552,Q,0.0009706038040860081,K,0.0021548654102662083,K,0.0020587458139961945,T,0.0003439406230180982,0.0006465557836552806,0.10584993254744274
628,D,E,0.0020036946738744,V,0.0016109883512933684,-,,A,0.0011737570540660501,A,0.0011898580931526315,A,0.0004994194585071682,E,0.000412117575800539,E,0.0004627348756850396,A,0.0002948893230284231,E,0.0007924801173409222,-,,E,0.00023517204286691696,A,0.0005852143390061701,A,0.0011737570540660501,A,0.0011720091372965859,A,4.3563935999858244e-05,G,0.002031123278103611,E,0.002077966044536095,E,5.083021143678323e-05,E,0.0008946640267581342,L,0.002881780562304118,Y,0.00238906054375261,T,0.00019232738348677682,R,0.0006641146114809071,E,0.0017003210308171512,E,0.001459077237702771,V,0.0014807246692093343,0.0010988658252628965,0.17989920811656113
629,R,L,0.00022016450296291057,-,,-,,-,,-,,-,,F,0.0012839978171923913,F,0.0012281697933687024,R,0.0009467812202125145,L,0.00011907165681184233,A,0.0005168666533155905,C,0.0011930969331493371,-,,-,,-,,-,,L,0.0003390283275687454,L,0.00019393928781042096,C,0.0013720422996937624,-,,V,0.00035906096689127036,-,,-,,V,0.0001233099110642513,-,,-,,-,,0.0006579607808368117,0.10771708494617914
630,A,V,0.004911304526537227,T,0.006569270662777539,N,0.0003463071241591326,T,0.006935151146118029,T,0.006418327084227686,T,0.007264492441106883,L,0.0005297427007152495,L,0.0006083468749610387,I,0.0002089963125391137,L,0.00037646775152966317,Q,0.0012028935533427334,F,0.0005724767145254743,E,0.0011076170898131335,T,0.006926386761956074,T,0.006926386761956074,A,0.0012999651060261784,I,0.00027133039983929364,V,0.004838938293555463,F,0.0003618827138187807,C,0.0022526194707003545,L,0.00048818611619319693,L,3.548698077863051e-05,M,0.0006173978408196014,L,6.53777842745881e-05,R,0.0038785882147500676,R,0.0037302330841823355,S,0.002848731811412456,0.0026515890860228154,0.4341010211250286
631,A,S,0.0023718756122143875,-,,-,,-,,-,,-,,R,0.004275294486825609,R,0.00430826862589623,A,0.0002628283633836675,-,,S,0.0014298108299565365,-,,-,,-,,-,,-,,-,,-,,S,0.00031980732236117326,-,,-,,-,,-,,S,0.0006291501021047737,-,,-,,-,,0.0019424336203917683,0.3180026733872283
632,-,-,,-,,-,,-,,-,,-,,-,,-,,-,,-,,-,,-,,-,,-,,-,,-,,-,,-,,-,,-,,-,,-,,-,,-,,-,,-,,-,,,
633,S,R,0.00042031653571583346,T,0.000311591989413041,D,0.002554383143730456,A,0.00013829882253482334,A,0.00011999668230607288,A,0.00035326858594952935,-,,-,,C,0.0010458952826706374,-,,-,,-,,A,0.0001473054201029092,T,0.00032121389994336174,T,0.00032121389994336174,-,,-,,-,,A,0.000637293734465103,-,,-,,V,0.000351128759208848,A,7.125484632284269e-05,-,,-,,-,,-,,0.0005225508924851399,0.08554865352754829
634,S,-,,-,,-,,A,0.001967656501413413,A,0.001992628899722499,A,0.0010141343275464232,-,,-,,S,0.0004275017445867551,-,,-,,-,,A,0.0014262929675312374,A,0.001992628899722499,A,0.001992628899722499,A,0.0038067989077174916,-,,-,,S,0.0013717480334813098,L,0.00025942032442183684,-,,-,,A,0.003307483707827278,-,,A,0.004965161736119648,A,0.003565695802806624,A,0.005028466484006577,0.002365589088330435,0.3872789506562448
635,-,-,,-,,-,,-,,-,,-,,-,,-,,-,,-,,-,,-,,-,,-,,-,,-,,-,,-,,P,0.0,-,,-,,-,,-,,-,,-,,-,,-,,0.0,0.0
636,-,-,,-,,-,,-,,-,,-,,-,,-,,-,,-,,-,,-,,-,,-,,-,,-,,-,,-,,S,0.0,-,,-,,-,,-,,-,,-,,-,,-,,0.0,0.0
637,-,-,,-,,-,,-,,-,,-,,-,,-,,-,,-,,-,,-,,-,,-,,-,,-,,-,,-,,R,0.0,-,,-,,-,,-,,-,,-,,-,,-,,0.0,0.0
638,-,-,,-,,-,,-,,-,,-,,-,,-,,-,,-,,-,,-,,-,,-,,-,,-,,-,,-,,S,0.0010101076359498439,-,,-,,-,,-,,-,,-,,-,,-,,0.0010101076359498439,0.16536829123464075
639,-,-,,A,0.001871586840367036,E,0.0019333558320249015,-,,-,,-,,-,,-,,-,,R,0.00583775268367819,-,,-,,-,,-,,-,,A,0.0016858516612619937,S,0.0008334801024159728,Y,0.00039145984824656585,S,0.004017969128896387,N,0.0008253479074368685,R,0.003668800181670528,-,,-,,D,0.0013358756814861104,T,0.00031800707926080645,I,0.0009510975665423016,-,,0.0019725487094406384,0.3229329210550501
640,-,-,,S,0.004499494353607756,D,0.0013740106690175577,A,0.004907053047478344,A,0.0053415147349543815,A,0.004841121287654238,P,0.0002645476159407643,P,0.0006741596150545112,-,,S,0.007374237837779997,K,0.00020986607887875855,C,0.0015545726097758211,G,0.0036032425874673595,A,0.005325329451067355,A,0.005325329451067355,D,0.0030508531356370633,I,0.00017508305814458453,N,0.0010472783278302716,P,0.00038351071834087376,P,0.00044067528853172224,E,0.002328323637509815,E,0.00236780483902713,-,,Q,0.0007698674511050678,V,0.0021079542187345764,V,0.0013195720768726113,A,0.0028646238396925153,0.0025895844137987676,0.4239500170841444
641,-,H,0.0010590389978600591,D,0.00025750271177225225,N,0.00045283170605833783,G,0.00044748132845315384,G,0.0004805111592237137,D,0.001116687099388306,D,0.0017278583170626408,D,0.0017241289103433232,-,,N,0.0032748936356617707,N,0.0022139042370730153,R,0.000130332995270445,D,0.0009097578073685612,G,0.00044537469268827345,G,0.00044537469268827345,D,0.0016439790189819615,K,0.0012284400408716825,K,0.0017025592855908014,A,0.0017291461720979825,C,0.0017909950269193104,E,0.000797429064644008,S,0.0008855947651985991,N,0.0009471242512920383,H,0.0023401412446689518,N,0.0004182574821162301,S,0.0013894430197462406,D,8.769251954186976e-05,0.0011402492377916077,0.1866742328483522
642,P,A,1.591961707462315e-06,C,5.745192908051923e-05,S,7.31709649383604e-05,C,4.391506788838492e-05,C,4.391506788838492e-05,C,0.00023157593178710158,S,0.0003227455520151181,S,0.0003227455520151181,E,2.1915096673963847e-05,D,7.41527935435979e-05,S,0.0004683155788963083,R,0.0010453948646826567,S,2.6677913152265543e-06,C,4.391506788838492e-05,C,4.391506788838492e-05,C,0.00034753470164111027,D,0.0007201505880612883,-,,T,7.378690464672687e-05,P,0.0005125020871173396,S,8.919689794787268e-05,S,5.2121356809093025e-05,S,0.0010685312675731654,C,4.531429574593434e-05,S,5.0614852390035244e-05,S,4.906156385498073e-05,C,0.0012714443372044703,0.00027221719773849956,0.04456563957401192
643,F,-,,P,8.611742101453296e-05,C,0.00010835163317841461,P,0.00039569999440834707,P,0.00039381691623353404,P,0.00020831460599788723,N,0.002998590480498283,N,0.002998590480498283,H,0.0010643085761974723,N,0.0026238419355360727,P,0.0012204616079222839,T,0.002805015974630185,P,0.00011831478570086242,P,0.0003820803661398952,P,0.0003820803661398952,P,0.00013141932686737935,A,0.0005617632247998875,N,0.00037139981310390095,T,0.0016544620122539598,-,,V,0.0027753256860172603,L,0.00036078371289767746,D,0.0006314019415216257,N,9.715823886643402e-05,E,0.002916877793572556,E,0.0020599656020752373,P,0.00041498807161696174,0.001110445222707553,0.18179491219877905
644,-,L,0.002408387958688731,F,0.0016797943023737125,F,0.003700594791780119,F,0.0017087715359839245,F,0.0017246142785932047,L,0.006936512913275563,A,0.0068584295279045596,A,0.006850508696692714,M,0.002687779490010441,I,0.003912126156579076,L,0.0017079197109858201,F,0.0017578048043613921,L,0.0009215007814652635,F,0.0017315338755090456,F,0.0017315338755090456,F,0.0018677982957868173,L,0.00242666732831945,L,0.0026239499220465736,F,0.0020754273628002277,F,0.002414675225341027,V,0.0013894430197462406,P,0.0014678150989752034,L,0.0013762644589356313,L,0.003962568500814332,S,0.002626680416373789,S,0.002606221510113817,F,0.0009612820080527084,0.002670985401741424,0.43727646052621444
645,S,P,0.00011896439849225378,T,0.0003325985342582139,S,0.0006512592478531071,M,0.0008603806581143805,M,0.0008159174206179907,T,0.0013894430197462406,P,7.377591932148733e-05,P,7.377591932148733e-05,T,0.0004413529703962643,P,9.686242615284524e-05,S,0.0006678703488720253,P,0.0006783021445220874,V,0.0010834840599356376,M,0.0008159174206179907,M,0.0008159174206179907,E,0.002492608956021594,P,0.001794272285318785,P,0.001596793096863462,P,0.0015495593181506686,S,0.0006808002464992461,P,0.0001474164764278276,-,,R,0.0008579581603698756,P,0.00014200019410920872,S,0.000179066881620027,S,0.00046486854597209025,P,0.0005795363933448199,0.0007461808639822158,0.12215990656549594
646,H,L,0.0016428198960620252,D,0.001303878839594419,E,0.0006187075303430465,D,0.0028193084286999,D,0.0027186318874695948,D,0.0013674499401428442,I,0.0002670643460562145,I,0.0002670643460562145,D,0.0028669767918774935,M,0.0023058596975660877,E,0.0018122144750395003,S,0.0018270066401464878,S,0.0007482662960959387,D,0.0027073966238613644,D,0.0027073966238613644,S,0.0032792630135752916,L,0.002959516588653371,L,0.0029201835132443084,A,0.0024362558557573513,R,0.0008110481536365444,R,0.002268237452875848,H,0.001232327858375288,G,0.00017563109503870053,K,0.00010970478926579582,Q,0.0040630791958809875,R,0.0023757962003672813,D,0.0035261824278226524,0.001931009944717256,0.3161324630663882
647,I,A,0.0018444942864698371,D,0.0029634969447157305,T,0.00011374134594152336,E,0.004610297122286383,E,0.004606011354283122,D,0.0019977573770260035,T,0.0015110599380987455,T,0.0013257109161180479,P,0.0010739202783410402,L,0.0012432650400657037,T,0.0006168591769855932,N,0.001660842794274533,D,0.004290653446580688,E,0.004606011354283122,E,0.004606011354283122,D,0.00335177094093299,T,0.00012420185667371008,S,0.0007508298347164179,G,0.0023745900865616474,S,0.0003237623704071723,P,0.0004140638947085615,A,0.0022757729716717367,D,0.003150840814042165,S,0.0006808042289980779,E,0.005820090693861585,E,0.005932307994725457,D,0.003414550397658769,0.0024327303264707954,0.39827088005811384
648,F,I,0.003354953052933365,L,0.003031354732568326,F,0.0010903944028682108,L,0.0045381063646060945,L,0.0045619005705027655,L,0.002072257079910343,S,0.0018881137988642368,S,0.0019126220486275834,L,0.0033821702401470757,A,0.001232474770096933,F,0.0010195880142683854,L,0.0013613746349853055,V,0.0008652481673751874,L,0.004549388840354138,L,0.004549388840354138,L,0.004979364348118472,I,0.002536975191834197,I,0.0020159410900572163,F,0.0010131162414353074,F,0.0014383657994724002,C,0.0004629686754850726,F,0.00021552323825071214,V,0.004499658101579291,F,0.001051393773051258,F,1.535341346170796e-06,F,0.00014242263227602568,F,0.0006988321031834917,0.0021653863738722856,0.3545030566701065
649,I,I,0.0009828433710469464,V,0.00015701748922086273,V,0.0002675718306685599,N,1.9188508777718296e-05,N,1.9188508777718296e-05,V,0.0006647014888173432,K,0.0001132911847236174,K,0.0001014962004633778,I,7.946233606848663e-05,K,0.00047304915033714905,I,0.0013507494371356062,V,0.00020016646608594392,V,1.6735035901883735e-05,N,1.9188508777718296e-05,N,1.9188508777718296e-05,V,0.001678954258067905,V,0.0013364382194877079,I,0.00019889290322940627,T,0.001627772214188003,S,9.089806423883966e-06,K,0.000276735205665895,I,0.0011223872373240424,V,6.25096833490841e-05,K,2.3659622744894753e-05,I,0.00014140052726738047,I,0.00024287163234311412,V,0.00018369442444459306,0.00042178680593024296,0.0690522087741793
650,E,K,0.00033066232794520687,A,0.0021484066850490204,E,0.0002338461766309563,V,0.0011671537718113965,V,0.0015052480794836584,A,0.0023153937324704504,K,4.7977361568689084e-05,K,4.264033449006978e-05,D,0.0006592099322223501,K,0.00035776795936208613,E,0.0016512539174741065,Q,0.00024076906896069696,A,0.0012392093776134754,V,8.512503427705246e-05,V,8.512503427705246e-05,V,0.00028112872914777586,K,0.0002584694104868239,K,0.0002523887691161915,Q,4.909748696072258e-05,K,0.0004607254978786609,E,0.0004598886716389533,D,0.0032200500846890075,M,5.231879490742728e-06,Q,0.00028522036884870265,D,0.001923031018140996,D,0.002221596314514786,A,0.0027066224406977276,0.0008975273876017539,0.14693738087072827
651,I,A,0.0013894430197462406,V,0.007374237837779997,V,0.007374237837779997,A,0.0007997966206312087,A,0.0007997966206312087,A,0.0013894430197462406,H,0.00041027477023154664,H,0.0007459710120811477,M,0.005769008785912776,H,3.9930961027140183e-05,V,0.007374237837779997,V,0.0013616496502385782,V,0.0071552158343662865,A,0.0007997966206312087,A,0.0007997966206312087,G,0.001463878110408942,V,0.0029946716403890304,V,0.0034525791196662815,A,0.0008988987312033858,A,0.0005855505213874433,L,0.0011108966051763807,H,0.0005073436573295033,A,0.0009222756143256565,L,0.0013772335482776234,Y,0.003639985544928917,Y,0.0023567269539268637,A,0.0008207217201061786,0.00235976291912374,0.3863251279032378
652,A,A,0.0016671630346675624,A,0.0007791300795251587,C,0.0013615677613769096,A,0.0017962654413021233,A,0.0013262509736594477,A,0.0006326575904644365,A,0.0005080430326638884,A,0.000412866412596303,A,0.0010838915398107554,A,0.0014775507627742815,A,0.0011181735687690914,C,0.0028655570731917885,A,0.0005609813235282364,A,0.0017962654413021233,A,0.0017962654413021233,A,0.0008680854026905047,A,0.0016654049536316167,A,0.0015993721269010916,A,0.0007803500001917301,C,0.0025373695165142947,F,0.001737888306806304,A,0.0020829605382859393,A,0.0015226515525784258,H,0.0005386703172458353,A,0.002040636804704419,A,0.002011541537414204,A,0.0001674252499640343,0.0013605550290319488,0.22274127258739213
653,L,F,4.8671798557521536e-05,T,0.0005531233349012113,K,0.0031478709824277625,A,0.000688241276618467,A,0.0007482931221653755,A,0.0005725189469859144,F,0.000546858830098336,F,0.000494543508611563,I,0.002266453335722055,F,0.0003571710357004594,K,0.0027476489438538524,L,0.0002495957238703212,A,0.0025653110160903992,A,0.0006649975626895724,A,0.0006649975626895724,A,0.0012000103683826229,L,0.0030595529476699296,L,0.0015519067456935727,L,0.0006163062273826924,L,0.00019831658445952345,W,0.0001115075056598218,M,0.0013869323888680105,A,0.002574226310943215,F,0.0008944763462010913,T,0.0008810931974165186,T,0.0009570511842043469,A,0.0014838176855859865,0.0011567220175351747,0.18937104984203498
654,N,N,1.0046628515118367e-05,N,2.067047917832513e-05,N,7.622687698679577e-06,N,1.9907932341868824e-05,N,1.9907932341868824e-05,N,1.1061887863845078e-05,D,6.687461182695508e-06,D,6.687461182695508e-06,N,0.00016504053585342826,D,3.910360589734589e-06,N,5.048110281095538e-06,N,7.126306031966737e-06,N,1.9907932341868824e-05,N,1.9907932341868824e-05,N,1.9907932341868824e-05,S,0.0002562451154930471,N,5.0344628271562824e-06,N,1.7605547542338447e-05,N,7.126306031966737e-06,N,1.0139286321918491e-05,K,3.7568330003925443e-06,N,1.2748000656014218e-05,N,4.000855741524577e-05,S,0.00013762794268829906,N,5.2783398712477675e-06,N,4.062288934025498e-06,N,0.00017411460099337546,3.767366155044281e-05,0.006167688287288881
655,L,M,0.0017229730661301845,L,0.001966497324050453,L,0.0019677504947246964,L,0.0019533746548280576,L,0.0020331137458779146,L,0.0012465447167753032,I,0.0004953252555591743,I,0.0004953252555591743,L,0.001049260202689252,I,0.0011985255773536878,I,0.0013894430197462406,T,0.0016378618662095381,L,0.0010872958228897672,L,0.0020331137458779146,L,0.0020331137458779146,L,0.0011050793998294197,I,0.0003572437379260397,M,0.0003458457546622086,A,0.00030201470436136565,I,0.0009961565944837086,M,0.0010922229907224363,L,0.0010062795822345391,L,0.0018954614182196176,C,0.00040134159802976757,L,0.0016728740642190864,L,0.000669758523524457,L,0.000983235472941813,0.001227297493900138,0.20092521052172344
656,A,A,0.00115345820697773,A,0.0013309976032479303,A,0.00025561619428853997,G,0.0009576483735354285,G,0.0009163096823643117,G,0.001290531656729366,L,0.0015934776772655256,L,0.0015934776772655256,A,0.003151875147092411,T,0.000573243475632386,T,0.000462813007021964,A,0.001022599716932905,G,0.0007464742128136394,G,0.0009163096823643117,G,0.0009163096823643117,G,0.00134067116149399,A,0.0018916668061638644,A,0.0016521836174460038,A,0.0009950778417387761,A,0.000828629437577011,C,0.0009056299096922003,G,0.0008397482975742598,G,0.00017631986721517085,L,0.0018552550214669973,V,0.0013894430197462406,A,0.0008355947538953858,G,0.0006615315562796903,0.0011204775291179952,0.18343733653970298
657,R,R,0.0011765608014809889,-,,-,,-,,-,,-,,R,0.00011441595123645426,R,0.00011441595123645426,R,0.001102003732368585,R,0.00037234685653097377,K,1.2641255334675136e-05,-,,-,,-,,-,,-,,R,0.00026540538661014095,R,0.0006439712463357364,R,0.0002586472063658323,-,,K,0.0005362763858093371,-,,-,,K,6.172914718839296e-05,-,,-,,-,,0.00042349217459068835,0.06933140070508453
658,-,-,,-,,-,,-,,-,,-,,-,,-,,-,,-,,-,,-,,-,,-,,-,,-,,-,,-,,-,,-,,V,0.0,-,,-,,-,,-,,-,,-,,0.0,0.0
659,-,-,,R,0.0,R,0.0,R,0.0,R,0.0,R,0.0,-,,-,,-,,-,,-,,R,0.0,R,0.0,R,0.0,R,0.0,R,0.0,-,,-,,-,,R,0.0,C,0.0,R,0.0,R,0.0,-,,R,0.0,R,0.0,R,0.0,0.0,0.0
660,-,-,,-,,-,,-,,-,,-,,-,,-,,-,,-,,-,,-,,-,,-,,-,,-,,-,,-,,-,,-,,-,,-,,-,,-,,-,,-,,-,,,
661,-,-,,-,,-,,-,,-,,-,,-,,-,,-,,-,,-,,-,,-,,-,,-,,-,,-,,-,,-,,-,,-,,-,,-,,-,,-,,-,,-,,,
662,-,-,,-,,-,,-,,-,,-,,-,,-,,-,,-,,-,,-,,-,,-,,-,,-,,-,,-,,-,,-,,-,,-,,-,,-,,-,,-,,-,,,
663,-,-,,-,,-,,-,,-,,-,,-,,-,,-,,-,,-,,-,,-,,-,,-,,-,,-,,-,,-,,-,,-,,-,,-,,-,,-,,-,,-,,,
664,-,-,,-,,-,,-,,-,,-,,-,,-,,-,,-,,-,,-,,-,,-,,-,,-,,-,,-,,-,,-,,-,,-,,-,,-,,-,,-,,-,,,
665,-,-,,-,,-,,-,,-,,-,,-,,-,,-,,-,,-,,-,,-,,-,,-,,-,,-,,-,,-,,-,,-,,-,,-,,-,,-,,-,,-,,,
666,M,A,0.0007200933964976461,A,0.0008084168414239759,T,0.00040810230041202417,A,0.00011091745303296486,A,0.000360422286425732,A,0.0005005924530023128,A,0.00012281474694921587,A,0.0002114345492831173,V,0.001398030507588137,A,8.100435934989664e-05,A,5.125624264989404e-05,M,3.420847352192024e-05,A,0.0009060671027134493,A,2.8950788116181663e-05,A,2.8950788116181663e-05,V,0.0006437607612091611,T,0.0002784110402654879,A,0.0005506580841914173,M,3.11343277570977e-05,T,0.0005810299794382149,-,,V,0.0006847536907979063,D,0.001443082026161396,V,0.0010214679406349019,M,0.0006642931617307102,M,0.0006780006259353673,V,0.0007111596568014138,0.0005022697532309894,0.08222835653801319
667,A,S,0.0005931747273642025,A,4.772464919550277e-05,A,0.00019816320474320346,A,0.0010667847164356496,A,0.0010763311933432,A,9.232481296977167e-05,F,0.0017407787259686345,F,0.0017407787259686345,S,0.0012558672390366452,L,0.0011722242113404776,S,0.00011781045081498637,V,0.0011182041769193687,A,7.074270022295992e-05,A,0.0010667847164356496,A,0.0010667847164356496,A,0.0008515036340666339,S,0.00023302107535961897,S,0.000504443074160214,V,0.0016108596786217244,V,0.0016840308773958305,-,,S,0.0003399114155541291,A,0.0008479347510261239,F,0.0005853428526720188,A,0.0010279219069977395,A,0.000448942669595872,A,0.0003818563670496728,0.000805394125757466,0.13185391893576656
668,Q,Q,0.004561114798569852,Q,0.0024222369342620518,L,0.0028281702302400307,Q,0.002878752478167969,Q,0.002640115023124112,Q,0.0023531023559443783,Y,0.007374237837779997,Y,0.007374237837779997,S,0.002898980050380234,H,0.0008573419867378566,H,0.0001346901882732383,S,0.002292388631052061,Q,0.0026538567285012693,Q,0.0028059230702222556,Q,0.0028059230702222556,N,0.0007988130749413889,Q,0.0017670331945844869,Q,0.00283880447985803,G,0.0013894430197462406,P,0.00232170838037335,Y,0.002894007649052632,Y,0.001597266955228952,Q,0.003991444556177973,N,0.003208869549608057,Q,0.0006506339520237985,H,0.000855267776141817,N,0.0008139272390461553,0.002592899668445942,0.4244927691399641
669,C,V,0.002617426838966607,F,0.0013856298093318196,F,0.001970416955171222,F,0.0017094029363920052,F,0.0025345736147496857,F,0.0022110090928130293,H,7.25419022608758e-05,H,7.25419022608758e-05,C,0.0003826023384336458,H,0.0009856461367120089,F,0.0016452640240501892,V,0.0032542237167006373,F,0.001925544010769527,F,0.002536037847754134,F,0.002536037847754134,F,0.0017770187601825846,V,0.002939200655273477,V,0.002909294622664511,V,0.003524978370834586,L,0.002878215363622817,F,0.0004911760390531473,C,0.0005424590578298937,F,0.002185288727138735,M,0.002415991477859741,F,0.0009176027906660402,F,0.0009462990643754254,F,0.000769785667523115,0.0017828225767090547,0.29187218529209774
670,L,V,0.007374237837779997,I,0.0013894430197462406,M,0.007374237837779997,V,0.007374237837779997,V,0.007374237837779997,M,0.005466335813098151,L,0.005412008955567783,L,0.006213050869382978,M,0.007374237837779997,L,0.0046007888615997704,M,0.006483698729850299,M,0.007374237837779997,M,0.006010844709530653,V,0.007374237837779997,V,0.007374237837779997,V,0.007374237837779997,V,0.007327471367906469,V,0.007374237837779997,M,0.005174846740566746,M,0.0055160570577335475,F,0.0013254823820036084,T,0.007374237837779997,M,0.005410425683965068,F,0.0013524388776559343,M,0.007374237837779997,M,0.007374237837779997,V,0.007374237837779997,0.006108230473982489,1.0
671,Y,Y,5.645903979094209e-05,Y,5.493010117310841e-05,Y,1.766520560302187e-05,Y,0.00010122016201635564,Y,0.00010122016201635564,Y,6.839956873787996e-05,Y,0.0001266485565035225,Y,0.0001266485565035225,Y,1.3395686515475772e-05,Y,0.00010611398457565665,Y,6.662652101180715e-05,Y,1.1542036531846728e-05,Y,5.273105655259106e-05,Y,0.00010122016201635564,Y,0.00010122016201635564,-,,Y,2.9458685036672212e-05,Y,5.645903979094209e-05,Y,3.0456739095132773e-05,Y,2.582408535905098e-05,Y,5.6500527551535034e-05,Y,5.837590985864946e-05,Y,5.845245068694356e-05,F,0.0014272614819540244,Y,5.261902988164055e-05,Y,5.261902988164055e-05,Y,4.020652952316364e-05,0.000115164402699392,0.01885397140627313
672,-,-,,-,,-,,-,,-,,-,,-,,-,,-,,-,,-,,-,,-,,-,,-,,Y,0.0,-,,-,,-,,-,,-,,-,,-,,-,,-,,-,,-,,0.0,0.0
673,Q,Q,0.0004192162315531908,L,0.0009779159825219416,Q,3.452875007384072e-05,L,0.003013889105430775,L,0.003027024349094827,L,0.0007429462657903462,K,0.00025685686936320677,K,0.00025685686936320677,Q,0.0010857647194596524,I,0.0019449538383897744,L,0.0012799315222301465,S,0.00016722405321916,F,0.0008397723675352064,L,0.003027024349094827,L,0.003027024349094827,V,0.0007291729202165901,K,0.0017804332560340894,K,0.0008976153139904597,G,0.0005449013026499069,S,0.000181242801103333,S,0.0006947334850801886,K,0.0012578301577723112,L,0.0005167947334865761,N,0.001268825457396283,G,0.00196016954521962,G,0.00196016954521962,V,0.001351662673313315,0.001231277067173971,0.20157672052790013
674,H,H,0.0008881864427393605,D,0.001641697953292888,Y,0.0009414355976948723,D,0.002662350905647754,D,0.0017765224453099354,D,2.747773683068679e-06,H,0.0016674058313948205,H,0.0013590649873904213,Y,0.001003468047007341,Y,4.245653657210097e-05,-,,Y,7.78293949280695e-05,D,0.0013519377178655685,D,0.002802251775437544,D,0.002802251775437544,E,0.00028199466640693244,H,0.00111748220495598,H,0.001239371444754749,Y,0.00013664081677741187,Y,0.0018721797609819438,T,0.000652840900067935,H,0.0006975473746508414,D,0.001640397001422236,S,0.0008017058192767862,E,0.0003004652095872835,E,0.0006733006962057945,D,0.0003385675245177126,0.0011066192540002651,0.18116854933909582
675,G,E,0.0003538986073177531,G,3.2558012582288986e-05,G,3.714078685491985e-05,G,8.618961480922471e-05,G,0.00013481563586110326,G,2.4841558912461283e-06,R,0.0003164129184192552,R,0.0003164129184192552,G,4.051780615985863e-05,R,0.0003103111065891437,-,,N,8.773513149953877e-06,G,0.000128401450000842,G,0.0001396185436094975,G,0.0001396185436094975,G,4.929543120813751e-06,-,,-,,D,0.0004911408408948645,D,0.00016656816694851016,T,7.1087015935692455e-06,G,2.087805456868497e-05,G,0.00013184589097643297,S,0.00033898745891886673,G,0.00024587883343645466,G,0.00024587883343645466,G,5.5750824856344794e-05,0.00015650503175103486,0.02562199190381819
676,D,E,0.005020922656325784,D,0.00019324854748652997,D,0.00034746995736752563,D,0.00019210404671603633,D,0.00017719661081316655,D,0.0002050722971706171,D,0.0002001256780526289,D,0.0002001256780526289,D,0.0003322669205571575,D,0.00020353371352338091,-,,K,0.003608200027593128,D,0.00019351399478388903,D,0.00017719661081316655,D,0.00017719661081316655,D,0.00028088735121628897,-,,-,,G,0.0035437558385565024,D,0.0003009793644657842,D,0.00018481301330226097,D,0.0003152520598729877,D,0.00018124106646785792,N,0.0035570479681389764,D,0.00019667138602525691,D,0.00019849373423179887,D,0.00021522471784446765,0.0008417724937579578,0.1378095501378704
677,G,D,4.616429126037387e-05,G,5.736584670898362e-05,G,2.4873531500427248e-05,G,7.120252365436783e-05,G,7.120252365436783e-05,-,,G,4.082259031921175e-05,G,4.082259031921175e-05,G,2.1403818662682056e-05,G,2.9057750209298997e-06,-,,E,3.083854992500441e-06,-,,G,7.050231856314766e-05,G,7.050231856314766e-05,G,7.095043715477985e-05,-,,-,,E,4.342567989034683e-05,D,0.0001051796225763556,G,0.00010561180384650057,G,1.2565978637545451e-05,-,,I,0.00022651808926473134,E,2.351812651101416e-05,E,2.351812651101416e-05,G,6.114860432458532e-05,5.68232596160107e-05,0.009302736669489595
678,H,S,0.003147496952378729,H,0.0019590783200084767,H,0.002999003498584842,H,0.0024748750150753425,H,0.0017196937280486008,-,,F,0.007374237837779997,F,0.007374237837779997,I,0.0036399602275993723,F,0.005983994361056031,-,,Q,0.0034182474280450587,-,,H,0.0022769764590316816,H,0.0023902880958979796,F,0.004027782815912388,E,0.006205676340437001,D,0.005811148308713104,R,0.0025236769456460145,-,,F,0.007374237837779997,F,0.007374237837779997,-,,F,0.007374237837779997,D,0.007372343175842464,D,0.006963840946455328,F,0.003336601098438559,0.00468735785936686,0.7673839222885057
679,G,Y,0.0006166576224191823,G,0.00022315753542084967,A,0.0008590259924149391,G,0.0007284411821603572,G,0.0007087763423032914,-,,S,0.0006128424750481565,S,0.0006128424750481565,K,0.0008257926163519067,S,0.0022949224035113008,-,,R,0.0023713842178430485,-,,G,0.0007087763423032914,G,0.0007087763423032914,-,,Q,0.002142744700695474,Q,0.0024088560400035704,R,0.0012253821006542043,-,,-,,S,0.0010056535276470263,-,,D,0.00034612381951233304,F,7.372241791231097e-05,F,7.372241791231097e-05,-,,0.0009761895037613157,0.1598154339328412
680,L,-,,-,,S,0.0023926769681909908,-,,-,,-,,V,0.00010770736276302944,V,0.00010770736276302944,D,0.002128492356480945,V,0.0005580536556462759,-,,-,,-,,-,,-,,G,0.002082557006508286,H,0.00037794051946658417,D,0.002394196284059439,-,,-,,S,0.0004068929565662521,D,0.0019244756866780024,-,,T,0.0005728699782508486,G,0.0022001317613539605,R,0.00011336510052419582,G,0.0014328906738670833,0.0011999969766513516,0.19645574635119636
681,-,-,,-,,-,,-,,-,,-,,-,,-,,-,,-,,-,,-,,-,,-,,-,,-,,-,,-,,-,,-,,-,,G,0.0,-,,-,,-,,-,,-,,0.0,0.0
682,-,-,,-,,-,,-,,-,,-,,-,,-,,-,,-,,-,,-,,-,,-,,-,,-,,-,,-,,-,,-,,-,,F,0.0009651228089292388,-,,-,,-,,-,,-,,0.0009651228089292388,0.15800366620743947
683,-,-,,-,,-,,-,,-,,-,,-,,-,,-,,-,,-,,-,,-,,-,,-,,-,,-,,-,,-,,-,,-,,G,0.0,-,,-,,-,,-,,-,,0.0,0.0
684,G,-,,V,0.003489806052910216,-,,V,0.0026434878930355534,V,0.0023537817169596753,G,0.00041571461050942825,A,0.0012222560527679171,A,0.0011983556513880155,P,0.0011687137975895082,A,0.0003925011304423785,-,,-,,G,0.0003037521367699735,V,0.0026528681625326016,V,0.0026528681625326016,V,0.00415101652279771,T,0.003548305321391511,T,0.0024332186842761843,-,,-,,S,0.00012912531405017707,D,0.0004473154806245496,G,0.0003305893567882804,D,0.00016879514799526707,L,0.0004157249930519795,L,4.539521048132331e-05,D,0.000980409926499358,0.001483047682161629,0.24279497777278544
685,-,-,,-,,-,,-,,-,,-,,-,,-,,-,,-,,-,,-,,-,,-,,-,,-,,-,,-,,-,,-,,-,,-,,-,,-,,-,,-,,-,,,
686,-,-,,Q,0.001742541489914136,Q,0.0018855572071759922,Q,0.0021991961171826707,Q,0.0018992623017774846,N,0.0018033495462504664,-,,-,,-,,-,,-,,-,,N,0.0021379332260988092,Q,0.0021991961171826707,Q,0.0021991961171826707,Q,0.002621058057051501,Y,0.0018543248774042964,Y,0.0017830371174068149,-,,-,,-,,P,0.0020773011739715513,N,0.001959981618034949,-,,-,,-,,Q,0.0017077332170673818,0.002004976298835814,0.3282417563279329
687,N,F,0.001843394715093323,H,0.0020254123684113434,N,0.0009006915251560115,H,0.0011507355556944535,H,0.0011783140590144825,H,0.0019565306089786394,R,0.0016184095482040981,R,0.0018425994128084247,E,0.000993387751519211,N,0.0018253301512102984,H,0.0022150371688027777,L,0.002218485391598226,Q,0.0035879713401538523,H,0.0011889220409671505,H,0.0011889220409671505,H,0.0016389835835720467,M,0.002309360634928226,F,0.001927481211754523,L,0.0021460279535728695,-,,Q,0.0017386536943581278,G,0.002958643053904052,H,0.0020116812094119296,T,0.0011933431037030068,-,,-,,H,0.0017371024273813138,0.0018081425229652306,0.29601740318523784
688,R,S,0.0004037147760662495,S,0.0016231070998795403,C,0.00024397597893118932,S,0.0013922013606786057,S,0.001663235223683808,S,0.0015575599993316845,N,0.0012168149108996453,N,0.001120232776442097,A,1.0558696140753718e-05,K,0.0001994032947346349,S,0.002925115499691011,P,0.0007108194276642116,S,0.0011897416112072617,S,0.0015043270173743743,S,0.0015043270173743743,S,0.0009742431174591688,L,0.0013430973041156453,S,0.0016676536234811186,P,0.0006758058161514958,-,,V,0.0011305968464419196,S,0.0018748844956348169,S,0.0004861710490878553,D,0.0013894430197462406,D,0.0001493665965614144,D,0.0004477544476128403,S,0.0008623025502931306,0.0010871712906417338,0.17798465452023327
689,E,S,0.007374237837779997,E,0.0013894430197462406,L,0.00012270981103138792,K,0.0007836156458272467,K,0.0008866240715043844,Q,0.003382119068011646,E,0.00023259121741246957,E,0.00020312732048859052,R,0.007374237837779997,E,0.000538889720677664,D,0.0006808261578492924,V,0.007374237837779997,S,0.007374237837779997,K,7.533856171280636e-05,K,7.533856171280636e-05,K,0.0013894430197462406,S,0.007374237837779997,S,0.007374237837779997,V,0.007374237837779997,-,,E,0.0013894430197462406,Q,0.005301983066482566,Q,0.002757779384022675,-,,V,0.007374237837779997,V,0.007374237837779997,K,0.0013894430197462406,0.0034786742082295393,0.5695060497547808
690,T,V,0.0021243864975434004,I,0.0003624861610287884,S,0.0031044132246042053,I,6.040265306040616e-05,I,6.040265306040616e-05,L,0.00033525824147492584,I,0.00041110614456991865,I,0.00041110614456991865,T,0.002072203090559393,T,3.685856719708428e-06,V,0.0020126952715061536,L,0.000816928862248654,L,2.923959489970971e-05,I,6.040265306040616e-05,I,6.040265306040616e-05,I,6.521651551434869e-05,V,0.001994562513251622,V,0.0012180529586881127,L,0.0005233307200766488,-,,R,0.0014624853400806972,E,0.00012886191031956685,L,0.00016264315885923875,L,0.0005977591120279262,I,0.0003088698121689756,I,0.00011719470225459626,M,0.0006436349001133667,0.0007364512055892883,0.12056702980120713
691,K,D,0.007246408564396355,H,0.0029818170397195197,K,0.001187020388621682,H,0.004518826250010281,H,0.004494917973715715,H,0.003191171737281437,R,0.00032150567890508263,R,0.00032175539405755277,K,0.00028340413336331975,K,0.0007436086872298502,K,0.0017583450039260597,E,0.0014741902981909361,Q,2.5283271203428867e-05,H,0.004558861712451043,H,0.004558861712451043,H,0.002779697164754579,D,0.007374237837779997,D,0.007374237837779997,D,0.007374237837779997,-,,A,0.005621679269706205,K,0.0003596218212653387,Q,0.0001454783479487364,L,0.00025313630291637644,K,0.0004285528225200703,K,0.0007438519020095131,L,0.0009093062494365395,0.00273192366305464,0.44725287866773317
692,D,N,0.0023633898338444237,Q,0.0019794085030839263,E,0.00023831118262717123,Q,0.002102187473521763,Q,0.002809794467008535,Q,0.001349662117473026,N,0.0017530091760901195,N,0.0017913951350244707,D,5.006454477650186e-05,K,0.0013998494757581745,S,0.00298195024629276,D,0.0016084510208992059,Q,0.002242613963686661,Q,0.00244388059627832,Q,0.00244388059627832,Q,0.0007233895208435467,N,0.0015035250266611899,N,0.001483574029427067,D,0.0003513579188423974,-,,K,0.002592575093177267,K,0.001079765799759621,H,0.0005663670987326343,L,0.0017809984172931438,S,0.004328916405553456,S,0.0027135684302717583,Q,0.003273139980043199,0.0018444240789711021,0.3019571849535273
693,R,Y,0.0005267593233003974,Q,0.0016317557623384772,R,0.004053026797609939,Q,0.002340503849494375,Q,0.0017899472485612216,R,0.0012354897542679606,L,0.0017427258432105564,L,0.0018284554525141777,R,0.0024363738966783496,L,0.002389033595554364,S,0.002956816423641735,Y,0.0015175814775390567,W,0.00043222937147437243,Q,0.0023180286660307078,Q,0.0023180286660307078,Q,0.001368663405932382,Y,0.00035275985234753697,Y,0.0002005390549450126,Y,0.002031688467478976,-,,E,0.0034413661505844646,M,0.002072700405887509,R,0.0015078164890278294,D,0.0019759622044178585,H,0.003035636081020279,H,0.0032716237280658467,Q,0.0008077727682056461,0.0019070494129292204,0.3122097997205807
694,I,V,0.0008232767634991482,M,0.0002751625400694129,I,0.0012700465221135175,M,0.00038727259422852774,M,0.0004001522726159078,I,0.00020248560433095772,V,0.0005921784170777456,V,0.0005921784170777456,V,0.0006088008722939725,V,0.00013627860804122163,I,0.0003713261606123873,A,0.0005523488856005968,I,0.00034007262079813205,M,0.00041622279185010247,M,0.00041622279185010247,M,0.00117939040978926,V,0.0006293666327304626,V,3.2463778875895275e-05,V,0.00016709850563059248,-,,V,0.0007087917684988805,F,0.0002968968916742975,I,0.0016859594356688785,I,0.001320089719764485,V,0.0005948310740928423,V,0.0005843483040285295,I,0.0002835454186997967,0.0005718003000582076,0.09361144810984859
695,L,Q,0.0003239644171852287,G,0.0004706368662370729,F,0.00396477507177045,G,0.0010988270265770775,G,0.0005244230916672849,A,0.0007066760311708871,K,0.0014937424616484998,K,0.0014937424616484998,M,0.0011764006031096898,M,0.0006618638620497612,S,0.00023973237230174435,A,0.000766046720391725,V,0.00036420227542726655,G,0.0005125147903727189,G,0.0005125147903727189,A,0.0008437919727305452,E,0.0037822882968936225,D,0.0017037271146215919,R,0.00019232011701630398,-,,D,0.002811814671464883,M,0.00015754481877908565,A,0.0005818180868429156,H,0.002688968567330545,L,0.00010211896625184371,S,0.0008537040123612622,A,0.0022493747567778237,0.001164520547038502,0.1906477746703702
696,S,A,0.004080717851652807,G,0.000641840523675923,A,0.0010008075395759777,G,0.00046690195818846144,G,0.000458149255568744,S,0.0007925992907244134,T,0.00268189981220272,T,0.0013170182611404136,S,0.0010581316727259855,E,0.001744608052144241,K,0.0001022253734697933,M,0.0008287484944155943,S,0.000568357069033148,G,0.00044484027594013473,G,0.00044484027594013473,E,0.0017003204364070229,A,0.004050539917481592,A,0.004086641485314592,M,0.0009042782479652919,-,,A,0.003899907171694087,S,8.39992268912317e-05,N,0.0009888713805796961,E,0.0005970981215203,S,0.0004502397303112962,S,0.0013894430197462406,A,0.0022670684567444397,0.0014250035731174723,0.23329237152840898
697,L,L,1.1198844214410533e-05,L,2.1077976209771584e-05,L,9.361444583207065e-06,L,2.1596379413754058e-05,L,2.1596379413754058e-05,L,7.752610794981871e-05,T,6.350125421834937e-06,T,6.350125421834937e-06,I,2.0157919585938966e-05,T,4.581848886305547e-06,I,0.0009115664375980851,M,1.1198844214410533e-05,M,7.752610794981871e-05,L,2.1596379413754058e-05,L,2.1596379413754058e-05,L,9.361444583207065e-06,L,6.41252236260781e-05,L,1.8270669807384968e-05,L,2.1596379413754058e-05,-,,V,7.734117129136543e-06,L,6.70876330119263e-06,L,2.1596379413754058e-05,A,4.055898553333934e-05,L,9.361444583207065e-06,L,6.116152597258944e-06,L,9.361444583207065e-06,5.607970401007589e-05,0.009181006553197826
698,L,F,0.00276846725275853,L,0.0034003214130289812,I,0.0029143368010532836,M,0.0028213953096838692,M,0.002778898698176639,L,0.002307009249196114,V,0.001059818809538745,V,0.0010468518376509203,I,0.0024451004241533435,L,0.006469228836764565,L,0.0030282322325991067,L,0.002736338455138686,L,0.0024044658997791624,M,0.002778898698176639,M,0.002778898698176639,L,0.002385952144021539,F,0.002806999408525916,F,0.0028520613486322354,L,0.0028983214594261167,-,,I,0.00311456256640478,F,0.0028720936881421635,L,0.002762026401182217,F,0.0021066808728901275,L,0.003288859410897479,L,0.0031854758705961088,M,0.002611347181212033,0.002793178575684843,0.4572811369155372
699,I,F,0.002894152970120061,F,0.001013751588051117,I,0.0025262694804821894,F,0.0016837072408853368,F,0.0017160086171012496,F,0.0025405314675847226,I,0.00045229775305350936,I,0.00045229775305350936,I,0.0014573833351425377,L,0.0006781585402034875,F,0.0026557160350542896,V,0.0007497544811772873,F,0.0016210363506136184,F,0.0016837072408853368,F,0.0016837072408853368,F,0.0023012888824139183,F,0.0015804143325068808,F,0.0017325115547185616,F,0.0013552993026125233,-,,N,0.001182774180269398,A,0.0008827955639664367,F,0.0010625200140906958,V,0.0010727128423532169,F,0.0027106680211646827,F,0.0027106680211646827,F,0.00105313742938353,0.001594356547651466,0.26101774555536145
700,Q,T,0.002823151784264457,Q,0.002357851798272303,N,0.00013874964391804117,K,0.0001703651316980864,E,0.0002509486072042955,E,0.0008605284882109272,E,0.00013151231501694859,E,0.00013753548779399594,K,0.00011958670234998936,E,9.809575042066528e-05,E,0.00020855039049836086,L,9.055340850696446e-05,E,0.0008421606606959763,E,0.0002457891903340498,E,0.0002457891903340498,Y,0.0039053879120272542,T,0.0013903009733693937,T,0.0015166583259747619,-,,-,,E,0.0001889315020653383,E,0.00010867318521043646,K,4.7702237264474606e-05,S,0.0007030897846777894,T,0.0013350036394801674,T,0.003930991188963862,E,0.00029243007575625575,0.0008856134949723538,0.14498691539956662
701,P,P,0.00016235603020219727,P,4.77678528257422e-05,P,0.0005098778283649549,P,4.79567062352067e-05,P,4.79567062352067e-05,P,3.994112473179622e-05,P,0.0008636567672429148,P,0.0008636567672429148,P,0.0003281636802844426,S,8.167894120588175e-06,P,0.0001280431517208424,-,,P,0.00015110285751905462,P,4.79567062352067e-05,P,4.79567062352067e-05,P,3.9882183837643325e-05,P,5.828164349012725e-05,Q,5.658631525900741e-05,-,,-,,P,0.0004881405257807189,P,7.693249958971491e-05,P,2.838384308798595e-05,P,4.2658474484118266e-05,P,0.0008279148612846905,P,0.0007220300518545906,P,4.032976219088252e-05,0.00023648753916898977,0.038716210885671266
702,I,F,0.0006360682450480739,Y,0.0005264868135755792,I,0.0011865017434170703,Y,0.0003174589607315638,Y,8.484037694256346e-05,Y,0.0010378814270995515,V,0.00013405827497756347,V,0.00013405827497756347,F,0.0012814292246617343,M,0.003842690348832937,I,0.0007670128071723725,-,,Y,0.000784907455325429,Y,8.779754632977013e-05,Y,8.779754632977013e-05,Y,0.000358768102965748,L,0.002195484479589603,-,,-,,-,,L,0.0023763864498231907,L,0.00044308094162370814,Y,0.00032905086191882906,P,0.0007441347863441359,I,0.00025186351566736575,I,0.000175615431299363,Y,0.0001460074119836116,0.0007795383055059607,0.1276209712168427
703,P,N,0.0003918628132395703,V,9.022732564948112e-05,N,0.0007810133629052396,V,6.711523651182648e-05,L,0.000505111671857553,A,0.0006693376266188865,P,0.0009139097746347887,P,0.00031485221645879535,D,0.00019590027269683524,L,0.0020943874745310933,I,0.000665978715469234,-,,A,0.001226862818861141,V,7.915394761982798e-05,V,7.915394761982798e-05,Q,9.363450471172137e-05,L,0.0006669575323423043,-,,-,,-,,K,0.00169102098587758,Q,8.529026249506304e-05,V,0.001048346734808306,Q,0.0009550995618481957,Q,0.0002689730041308881,Q,0.0002685501317904908,D,0.0013922060489919097,0.0006323889552900244,0.10353063100412366
704,-,-,,-,,F,0.0013442640407913722,-,,-,,-,,-,,-,,-,,-,,-,,-,,-,,-,,-,,-,,S,0.0013894430197462406,-,,-,,-,,L,0.0010496925481695062,V,0.0004146215762029632,-,,-,,G,0.0011305503208986682,G,0.001470358677440176,-,,0.0011331550305414878,0.18551281510546624
705,L,-,,-,,H,0.0001006179392521064,-,,-,,-,,L,6.0014400309179724e-05,L,5.8157314011316744e-05,T,3.3369720891877346e-05,F,0.0022474997094394243,I,3.016860185019393e-05,-,,-,,-,,-,,-,,S,0.0004426293213711755,-,,-,,-,,Q,3.9484423143390413e-05,D,0.00014946162659667633,-,,V,0.00016729871456946412,I,4.606788919344982e-05,I,5.2440712046731845e-05,-,,0.0002856008643895822,0.0467567269450745
706,N,-,,-,,E,0.002780714572449044,-,,-,,-,,-,,-,,S,8.240418076964313e-06,-,,-,,-,,-,,-,,-,,-,,-,,-,,-,,-,,G,8.06573602901707e-05,E,0.0026968779390873733,-,,P,0.002640445929811154,-,,-,,-,,0.0016413872439429412,0.2687173070718757
707,K,-,,-,,-,,-,,-,,-,,-,,-,,E,0.0,-,,-,,-,,-,,-,,-,,-,,-,,-,,-,,-,,S,0.0,A,0.0,-,,K,0.0,-,,-,,-,,0.0,0.0
708,D,-,,-,,-,,-,,-,,-,,-,,-,,I,0.0,-,,-,,-,,-,,-,,-,,-,,-,,-,,-,,-,,H,0.0,K,0.0,-,,F,0.0,-,,-,,-,,0.0,0.0
709,-,-,,-,,-,,-,,-,,-,,-,,-,,P,1.0790899733326315e-05,-,,-,,-,,-,,-,,-,,-,,-,,-,,-,,-,,T,0.00011279371102153133,G,0.0011805694849877006,-,,K,4.644643635351038e-05,-,,-,,-,,0.00033765013302401714,0.05527789667764019
710,-,-,,-,,-,,-,,-,,-,,-,,-,,-,,-,,-,,-,,-,,-,,-,,-,,-,,-,,-,,-,,L,0.0004183120377281,I,0.0016488875350580256,-,,P,0.00014706017449945516,-,,-,,-,,0.000738086582428527,0.12083476312368154
711,-,-,,-,,-,,-,,-,,-,,-,,-,,-,,-,,-,,-,,-,,-,,-,,-,,-,,-,,-,,-,,V,0.0,-,,-,,-,,-,,-,,-,,0.0,0.0
712,-,-,,-,,-,,-,,-,,-,,-,,-,,-,,-,,-,,-,,-,,-,,-,,-,,-,,-,,-,,-,,-,,-,,-,,-,,-,,-,,-,,,
713,-,-,,-,,-,,-,,-,,-,,-,,-,,-,,-,,-,,-,,-,,-,,-,,-,,-,,-,,-,,-,,-,,-,,-,,-,,-,,-,,-,,,
714,-,-,,-,,-,,-,,-,,-,,-,,-,,-,,-,,-,,-,,-,,-,,-,,-,,-,,-,,-,,-,,-,,-,,-,,-,,-,,-,,-,,,
