MSA_Column,Q93X23_Residue,A0A7G5KLV0_AA,A0A7G5KLV0_SHAP,E2E2P2_AA,E2E2P2_SHAP,F2XF95_AA,F2XF95_SHAP,L0HAM7_AA,L0HAM7_SHAP,L0HB77_AA,L0HB77_SHAP,O22340_AA,O22340_SHAP,Q9M7C9_AA,Q9M7C9_SHAP,R4JJJ1_AA,R4JJJ1_SHAP,R9QMR1_AA,R9QMR1_SHAP,R9QMR3_AA,R9QMR3_SHAP,R9QMR6_AA,R9QMR6_SHAP,R9QMW4_AA,R9QMW4_SHAP,R9QMW5_AA,R9QMW5_SHAP,R9QMW7_AA,R9QMW7_SHAP,R9QMW8_AA,R9QMW8_SHAP,Mean_Abs_SHAP,Scaled_Attention_Weight
1,-,-,,-,,-,,-,,-,,-,,-,,-,,-,,-,,-,,-,,-,,-,,-,,,
2,-,-,,-,,-,,-,,-,,-,,-,,-,,-,,-,,-,,-,,-,,-,,-,,,
3,-,-,,-,,-,,-,,-,,-,,-,,-,,-,,-,,-,,-,,-,,-,,-,,,
4,-,-,,-,,-,,-,,-,,-,,-,,-,,-,,-,,-,,-,,-,,-,,-,,,
5,-,-,,-,,-,,-,,-,,-,,-,,-,,-,,-,,-,,-,,-,,-,,-,,,
6,-,-,,-,,-,,-,,-,,-,,-,,T,0.0,-,,-,,-,,-,,-,,-,,-,,0.0,0.0
7,T,-,,N,0.0,-,,-,,M,0.0,-,,-,,K,0.0,-,,-,,-,,-,,-,,-,,-,,0.0,0.0
8,S,E,7.85734032443295e-05,P,0.00032302113612020907,-,,P,0.00023408777308231988,P,0.0001890413238316989,-,,-,,P,0.0017932923127823913,-,,-,,-,,-,,-,,-,,-,,0.0005236031898121897,0.06146251541446294
9,P,P,0.0014359912708301582,A,0.002788726373703921,-,,A,0.0027840147844026774,D,0.0027571004917093553,-,,-,,A,0.002184520877677854,-,,-,,-,,-,,-,,-,,-,,0.002390070759664793,0.28055551181849314
10,D,A,0.0021816724189230225,E,0.001590832434091613,-,,E,0.0031160438396684474,E,0.002130477110475884,-,,-,,E,0.0009236106279868543,-,,-,,-,,-,,-,,-,,-,,0.001988527286229164,0.23342082584672372
11,I,L,6.0185472549429756e-05,I,0.0012041193999403716,-,,M,0.0012041193999403716,I,0.0008985873260779773,-,,-,,I,0.0010061650201893212,-,,-,,-,,-,,-,,-,,-,,0.0008746353237394944,0.10266799002247211
12,L,A,3.8814609845601804e-05,T,0.0031127829103794673,-,,T,0.0035033710467949355,T,0.0017972705520908638,-,,-,,T,0.003957302380352544,-,,-,,-,,-,,-,,-,,-,,0.0024819082998926824,0.29133574834437764
13,R,R,0.00010583398164570598,R,0.00018716717825314588,-,,R,0.00018716717825314588,R,0.0009685362869811991,-,,-,,R,7.749982557840739e-05,-,,-,,-,,-,,-,,-,,-,,0.0003052408901423209,0.03583032586609354
14,R,R,0.0027252904741215203,R,0.0006461223889239557,-,,R,0.0018739559437436723,R,0.0023252988694760376,-,,-,,R,0.0014612388888083933,-,,-,,-,,-,,-,,-,,-,,0.0018063813130147158,0.21203984516478602
15,S,S,0.00015690608397849156,S,0.00014542500860762636,-,,S,0.0008779064875475433,S,0.00014542500860762636,-,,-,,S,0.00014542500860762636,-,,-,,-,,-,,-,,-,,-,,0.0002942175194697828,0.034536361079280015
16,A,A,0.00013379617228509498,A,0.00020103399228405604,-,,G,3.385048980142008e-05,G,9.020020787960319e-05,-,,-,,G,0.0005230618180274376,-,,-,,-,,-,,-,,-,,-,,0.0001963885360555224,0.023052826375763516
17,N,N,0.0008314668124801696,N,2.1126226806001627e-06,-,,N,2.1126226806001627e-06,N,2.1126226806001627e-06,-,,-,,N,2.1126226806001627e-06,-,,-,,-,,-,,-,,-,,-,,0.0001679834606405141,0.019718531590106947
18,Y,F,0.002368536718921335,Y,0.0003364305959143046,-,,Y,0.00033171900661306016,Y,0.0003000893261772284,-,,-,,Y,0.00010966959172311664,-,,-,,-,,-,,-,,-,,-,,0.0006892890478698089,0.08091134575577089
19,Q,Q,0.0009874494675677183,E,0.004268890615959481,-,,E,0.0038940495674784563,E,0.0027500547804931615,-,,-,,E,0.00402833350506096,-,,-,,-,,-,,-,,-,,-,,0.0031857555873119558,0.3739559951155097
20,P,P,0.0003246621763010815,P,0.00032026428255840767,-,,P,0.00032026428255840767,P,0.00032390410349611903,-,,-,,P,6.37639757804995e-05,-,,-,,-,,-,,-,,-,,-,,0.0002705717641389031,0.03176073321873909
21,S,T,0.0,S,0.0,-,,S,0.0,S,0.0,-,,-,,S,0.0,-,,-,,-,,-,,-,,-,,-,,0.0,0.0
22,I,I,0.00016641051033686486,L,0.0002668646244207502,-,,L,0.00012083715707514496,L,0.00031469398437273914,-,,-,,L,0.00043957188259827456,-,,-,,-,,-,,-,,-,,-,,0.00026167563176075477,0.03071647167858849
23,W,W,0.00016827627959692686,W,0.0002603376756840985,-,,W,0.00181406669460718,W,0.00181406669460718,-,,-,,W,0.0002603376756840985,-,,-,,-,,-,,-,,-,,-,,0.0008634170040358966,0.10135114138380344
24,N,T,0.0018156976861565624,D,0.00015985627449748474,-,,D,0.0011021401038531777,D,0.0011019662527522694,-,,-,,D,5.693107734860354e-05,-,,-,,-,,-,,-,,-,,-,,0.0008473182789216196,0.09946141236812582
25,H,N,0.0015099620665269175,F,0.00012587076470367092,-,,F,9.17069854241161e-05,L,0.0015272581097022695,-,,-,,F,3.877509558832942e-05,-,,-,,-,,-,,-,,-,,-,,0.0006587146043890606,0.0773224023721407
26,D,D,0.0005481303715263474,D,0.002074467939163048,-,,D,0.001688911169628866,D,0.0026741678800068294,-,,-,,D,0.0035887261898952067,-,,-,,-,,-,,-,,-,,-,,0.0021148807100440595,0.24825266684769004
27,Y,F,0.006400005967086689,Y,0.0009851208919629379,-,,F,0.0015908122697549138,F,0.0008194527925095623,-,,-,,F,0.0045107169904121894,-,,-,,-,,-,,-,,-,,-,,0.002861221782345258,0.33586099420950954
28,I,I,9.239420756859017e-05,I,0.0002710321641929296,-,,I,0.0002710321641929296,I,0.0010360232309182575,-,,-,,I,9.652026567209177e-05,-,,-,,-,,-,,-,,-,,-,,0.0003534004065089597,0.04148347136755494
29,E,Q,0.00014673102048846622,Q,0.00017393322147136244,-,,Q,0.00017393322147136244,Q,0.00017393322147136244,-,,-,,Q,0.00017370412481993754,-,,-,,-,,-,,-,,-,,-,,0.0001684469619444982,0.019772939119692405
30,S,S,0.0007744563656372343,S,0.0019576908307419624,-,,S,0.0021452942343752578,S,0.002360127977917672,-,,-,,S,0.0010672530634930064,-,,-,,-,,-,,-,,-,,-,,0.0016609644944330267,0.19497027105312895
31,L,-,,L,0.0006399964019358538,-,,L,0.0008464400014999902,L,0.0009811398358676139,-,,-,,L,0.0007242013340747921,-,,-,,-,,-,,-,,-,,-,,0.0007979443933445625,0.093665719632869
32,R,-,,N,0.0015769505276291543,-,,D,0.0003527746742087849,D,0.0003527746742087849,-,,-,,D,0.0003527746742087849,-,,-,,-,,-,,-,,-,,-,,0.0006588186375638773,0.07733461417820911
33,I,L,0.00034469810269006744,G,0.00029498075211876047,-,,N,0.00033215412940935116,N,0.00015379087162641222,-,,-,,N,0.0005660366498569838,-,,-,,-,,-,,-,,-,,-,,0.00033833210114031503,0.03971469690435438
34,E,N,0.00360084756286006,H,0.002738385527965012,-,,H,0.0030958368952145247,H,0.0036671008385383004,-,,-,,H,0.002640349265834888,-,,-,,-,,-,,-,,-,,-,,0.003148504018082557,0.36958326555136
35,Y,S,0.0001234914607436644,Q,0.000990985772908861,-,,H,0.0006836426154441131,H,0.0005199720845030366,-,,-,,H,0.00036089933767556934,-,,-,,-,,-,,-,,-,,-,,0.000535798254255049,0.06289401803110753
36,-,D,0.0001494685781951873,H,0.0015693744130171018,-,,P,0.00044043330834636217,P,0.0006557716698185015,-,,-,,P,0.001729870276229556,-,,-,,-,,-,,-,,-,,-,,0.0009089836491213418,0.10669992588405465
37,V,-,,-,,-,,-,,-,,-,,-,,-,,-,,-,,-,,-,,-,,-,,-,,,
38,-,-,,-,,-,,-,,-,,-,,-,,-,,-,,-,,-,,-,,-,,-,,-,,,
39,-,Y,0.003104754775907677,Y,0.001636292371908911,-,,H,0.0026077097871281454,Y,0.0026479296252685473,-,,-,,Y,0.002627778780902772,-,,-,,-,,-,,-,,-,,-,,0.0025248930682232103,0.2963814624223416
40,-,S,4.406988907434087e-05,K,0.0010154466345921422,-,,V,0.0010154466345921422,V,0.0010154466345921422,-,,-,,V,0.0010154466345921422,-,,-,,-,,-,,-,,-,,-,,0.000821171285488582,0.0963921797542138
41,G,S,0.004790124787390326,K,0.0005444718513716632,-,,K,0.0006566789918809899,K,0.0019575870521644995,-,,-,,K,0.0004375523494382345,-,,-,,-,,-,,-,,-,,-,,0.0016772830064491426,0.19688579948352558
42,E,D,0.003372158248718116,E,0.0007712875109346194,-,,E,0.0007935024823580094,E,0.000554112538523072,-,,-,,E,0.0005381496186808842,-,,-,,-,,-,,-,,-,,-,,0.0012058420798429404,0.14154628707731637
43,T,V,0.0031387425223111127,K,0.002663281950273766,-,,K,0.003161126341160592,M,0.002827910129846503,-,,-,,K,0.002878094101019823,-,,-,,-,,-,,-,,-,,-,,0.0029338310089223594,0.3443841388246675
44,C,Y,0.0002603171440311942,Q,0.00023325013678622368,-,,Q,0.0007241810572437387,Q,0.00029200542949047787,-,,-,,Q,0.0002092903318590774,-,,-,,-,,-,,-,,-,,-,,0.00034380881988214235,0.0403575747871476
45,T,V,8.73233022811255e-05,L,0.001484009081831698,-,,L,0.0021439762691784813,L,0.000879795410569083,-,,-,,L,0.0011211089002594733,-,,-,,-,,-,,-,,L,0.007226219739942044,-,,0.0021570721173436508,0.2532052532183712
46,R,Q,0.003278914695072023,K,0.0024434075875724368,-,,K,0.0023734614081099372,K,0.0024548831468687088,-,,-,,K,0.0021568045836148557,-,,-,,-,,-,,-,,K,0.00967735349185222,-,,0.0037308041521816973,0.4379358494627559
47,Q,R,0.0011211262792281593,R,0.00033333033345888795,-,,R,0.00015687395274036937,R,0.00014218679903828853,-,,-,,R,0.0001186719635831478,-,,-,,-,,-,,R,0.00017229014885140464,R,0.002213478963336144,-,,0.0006082797771766289,0.07140217230997906
48,I,I,0.00024337233202771,E,0.0003752963836451756,-,,E,0.001055675035673977,E,0.0006552620917064584,-,,-,,E,0.0003009430969670401,-,,-,,-,,-,,A,0.0011007372960763592,A,0.0035252548952566932,-,,0.0010366487330504875,0.12168573449171098
49,N,E,0.00045207925057749363,E,2.7726728489827373e-05,-,,E,5.95865640393837e-05,E,5.360362685016347e-05,-,,-,,E,5.707862773386204e-05,-,,-,,-,,-,,E,5.111570381823416e-05,D,0.004369727751584313,-,,0.0007244168932990397,0.08503478461783244
50,V,K,0.0007481933994611526,E,0.0014985600446942623,-,,E,0.0009140719244081185,E,0.0009088565518320352,-,,-,,E,0.0011227735187215174,-,,-,,-,,-,,R,4.019047265568115e-05,T,0.0016944655509184073,-,,0.0009895873518130248,0.116161492229606
51,L,L,0.00014913275880305507,L,0.0005523520817763522,L,0.0009837951715237455,L,0.0004720034131852541,L,0.0004354091279242745,-,,-,,L,0.0004349626271029826,L,0.006386874520740406,L,0.0006150876254289872,L,0.0006515542666487444,L,0.0009047082259178816,L,0.0003047258032755718,L,0.0003161001946332428,L,0.0006515542666487444,0.0009890969295084035,0.11610392461152448
52,K,K,0.00018224551257397113,I,0.0006514977974022517,I,0.000392608610093976,I,0.0006471558245614601,I,0.0006737094837948346,-,,-,,I,0.0006400941584777222,I,0.0006847949288707669,I,0.0005688149664753971,I,0.0005564657312691051,I,0.0005574668718572783,I,0.0004500526835037405,V,0.00040309386437172224,I,0.0005564657312691051,0.0005357281665016409,0.06288579086651415
53,E,K,0.004351846444220819,V,0.006085862222063207,G,0.0004627710619266906,V,0.004869934759902606,V,0.002846895863914473,-,,-,,V,0.006531581549236386,G,0.001051068376841631,G,0.0008125946459436335,G,0.000574356965507988,G,0.0004930259602449846,D,0.0007969555639895188,E,0.00019727800465540757,G,0.000574356965507988,0.0022806560295350257,0.26771199850914473
54,Q,S,0.004488764715942617,Q,0.0010765754217471567,E,0.00012390939344341875,E,0.0012076366042158566,Q,0.0011222045653131168,-,,-,,Q,0.0011144904775715872,E,0.00018722454195876071,E,9.854432705537562e-05,E,0.0002889048957763242,E,0.0007546405793274508,E,8.05805798540797e-05,A,0.00043152726770260316,E,0.0002889048957763242,0.0008664544819757439,0.1017076919899331
55,V,V,0.0007046249293717278,V,0.0005603558571427632,V,0.000593640407481819,V,0.0005847597107544861,V,0.0009234735783237217,V,0.0008781818304524307,V,0.0008701489494942583,V,0.0007250858524412487,V,0.0005395799383411296,V,0.00026199818117930934,V,0.0012885142488927078,V,0.000976937847356254,V,0.0004540695548316389,I,0.00024930225861029775,V,0.0012885142488927078,0.0007266124929044334,0.08529251237277392
56,R,R,0.0004964795017073181,K,0.00010942016565949866,K,0.00048505003984396623,K,0.00014725749848459939,K,0.0003895385238081148,K,0.0004896953731120038,K,0.0005210378051163905,K,0.0003895385238081148,K,0.0004531593749827113,K,0.00046304968034904294,K,0.0004894523514181838,K,0.0004894523514181838,R,0.0004363001382117939,K,0.00041643769129936223,K,0.0004894523514181838,0.00041768809137583126,0.04902980206028335
57,M,Q,0.0018716424524421655,M,0.0028320065577165576,K,0.0012579363494971383,M,0.0034147396569051847,M,0.003532308127930052,E,0.0003167290579073078,E,0.0012061698554892148,M,0.0036432426953823868,N,0.0023229381950672988,N,0.004013087170755879,E,0.00038481270202074514,E,0.0003889520045721861,N,0.003284942199334908,D,0.0011476074754761627,E,0.00038481270202074514,0.0020001284801678624,0.23478261770582065
58,M,S,0.000624110523432963,L,0.0003796717364108828,M,0.0008915155559692362,L,0.00038715410946461637,L,0.00041844605520059735,M,0.00041164606629197586,M,0.0009047800656086864,L,0.0003655713140293683,I,0.001800439472053134,S,0.0019323572547211764,I,0.00015779845098924555,I,0.00010975450873028313,I,0.0019553766362419922,R,0.00027777495484124996,I,0.00015779845098924555,0.0007182796769983102,0.08431437504274794
59,L,L,1.3242827097957838e-05,L,0.00023826703268844794,F,8.024022237664282e-05,L,0.00023862750387089715,L,0.0004874982868378605,F,0.00023645865104419177,F,0.00010221196390963083,L,0.00038083473298808893,F,0.00024493948445688374,F,0.00016462792692230137,F,0.00010083603514704549,F,0.0002262315566993278,F,9.21879940915214e-05,F,5.486420619877052e-05,F,0.00010083603514704549,0.00018412696396510758,0.02161351684084073
60,H,E,5.043470664936019e-05,-,,N,0.00035853855594632754,-,,-,,N,0.0009004792372049,N,0.0007969215639511116,G,0.0015963585881112014,D,0.002407820784899518,N,0.00017497861965279552,N,0.0013030425518377876,N,0.0012427441274320274,S,0.005317994058896894,N,0.0008268340988338853,N,0.0013030425518377876,0.0013565991204377997,0.15924271657142225
61,K,-,,-,,S,0.0006168788224632089,-,,-,,S,0.002213861437841772,S,0.002213861437841772,-,,L,0.001163402376534534,S,0.0009208861440201977,S,0.0008474989189574362,S,0.0008474989189574362,S,0.001406171420564954,S,0.0017019332945049494,S,0.0008474989189574362,0.0012779491690643697,0.15001048891755692
62,V,-,,-,,M,0.0015769505276291543,-,,-,,I,0.0014394859406220747,I,0.0007390001634147229,-,,M,0.0007344562500805107,V,0.00967735349185222,F,0.00102688967591571,F,0.001016447946573743,M,0.0007296316061218793,M,0.00034349368792830796,F,0.0010618793136593218,0.0018345588603797646,0.2153474318505877
63,-,-,,-,,S,0.0020034827539751614,-,,-,,P,0.003377566221788086,P,0.004810707150941231,-,,S,0.0018619248137593028,S,0.002017443936541541,S,0.0038753331513836334,S,0.0036507507151913453,S,0.0005976493818485243,G,0.00036621615865828913,S,0.003891415704227367,0.0026452489988314483,0.31050929507149755
64,-,-,,-,,S,0.0014468426383408887,-,,-,,N,9.027291770149245e-05,N,0.00035454925310024433,-,,V,0.0012752860373781325,N,0.0008025056424340808,I,0.0060720233741850165,I,0.0060720233741850165,-,,V,0.00047205864755070834,I,0.0060720233741850165,0.0025175094732289554,0.29551474821971935
65,-,-,,-,,E,0.00027249870262815757,-,,-,,N,0.0004043784127153161,N,0.0003679533807641772,-,,E,4.9798290454779104e-05,E,0.0002769874655995148,A,9.188711277988204e-05,A,7.171324329890985e-05,-,,D,0.0008734276864772006,A,7.171324329890985e-05,0.0002755952820018719,0.03235041267466123
66,-,-,,-,,-,,-,,-,,-,,-,,-,,-,,-,,-,,-,,-,,-,,-,,,
67,-,-,,-,,-,,-,,-,,-,,-,,-,,-,,-,,-,,-,,-,,-,,-,,,
68,-,-,,-,,D,0.0025233872635952804,-,,-,,R,0.0006858527353556648,R,0.0016959905374091032,-,,D,0.003364740449174767,D,0.0028514967832683766,D,0.00251850901198799,D,0.0026110224217657215,-,,D,0.001936978985475825,D,0.00251850901198799,0.0023007208000023014,0.2700672768728517
69,-,-,,-,,G,0.0038545357744689773,-,,-,,E,0.001487555286277619,E,0.002144234701529438,-,,G,0.0009991299388269752,G,0.00967735349185222,G,0.0011415128037065945,G,0.0012200290567175162,-,,G,0.0006601537986259719,G,0.0011591234927125068,0.0024826253716353133,0.2914199209275327
70,-,-,,-,,E,0.0005193024388614294,-,,-,,L,0.003978735156038886,L,0.0032118100214740854,-,,V,0.0033782348329036353,E,0.00011578151914645789,E,0.0011362981140113377,E,0.0023568254573775715,L,0.0064682275119375,E,0.00017186736267052577,E,0.0003809032684690953,0.0021717985682890525,0.25493389952122647
71,-,-,,-,,L,0.00044455993265458125,-,,-,,-,,-,,-,,F,0.0008151545292190992,S,0.001823231708009572,L,0.0002653111817057687,L,0.0002513830738988374,E,0.0024500350340814795,R,0.0009452483489995914,L,0.00030306502043831953,0.0009122486036259061,0.10708317854650747
72,-,E,0.0052195821698551165,G,0.002319687611687387,I,1.3115155427671966e-07,G,0.0021333999135330563,G,0.0021183287869209026,F,0.0066853465883665655,F,0.005655676442469645,-,,T,0.0015769505276291543,I,5.896214269444171e-05,I,0.00013499477709637392,T,0.0015769505276291543,D,0.006876090384777889,M,0.0013431776926119132,I,0.0001349947770963737,0.002559590963851589,0.30045443215668105
73,-,-,,-,,N,0.004261987288713146,-,,-,,G,0.0030914114223376775,G,0.002850289953330547,-,,S,0.00012111329655196269,T,0.0005313988549121854,S,0.0007608313296614756,S,0.0001230535334219843,G,0.0036173919946638107,S,0.0002562461919948186,S,0.000782530550658677,0.0016396254416246286,0.19246541262658526
74,-,-,,-,,-,,-,,-,,-,,-,,-,,-,,-,,-,,-,,-,,-,,-,,,
75,-,-,,T,0.003276893994959369,P,0.0012894512773472479,T,0.003135811879825384,T,0.0035234539623637796,S,0.0010422639239581674,S,0.0008418695711865484,T,0.003916149713916902,P,0.0004535220489128394,P,0.0012668400798488053,P,0.0019958115595975325,P,0.0014021432409273215,E,0.005830503804703731,P,0.0014696437532694963,P,0.0019958115595975325,0.002245726455029618,0.2636118334352282
76,-,A,0.000533876359533842,K,0.0023161127656181565,H,0.0011230374331152222,K,0.0023592858041256277,K,0.0016386817406976988,Q,0.0024260287463991562,Q,0.002268883735002737,K,0.0021908893586233425,L,0.0018325665123023374,L,0.0026080002673646886,V,0.002551241550356862,V,0.0024872506592958595,S,0.00314424717949274,L,0.0009895185357588,V,0.002551241550356862,0.0020680574798695958,0.24275637965473923
77,V,D,0.0008891625000492548,M,0.0006523728065550575,N,0.00032863754401701346,I,0.0023153556144291727,M,0.0011679674401537084,N,0.00014145868859675913,N,0.00018972675243081956,M,1.0347565913936837e-05,S,0.0013093789260944665,D,0.0021063523296342397,N,0.000601751824785943,S,0.0008737396325382477,S,0.002035478088975836,T,0.0012070370478613258,N,0.000601751824785943,0.0009620345724547817,0.11292724316663766
78,N,G,0.0004998553505208197,E,2.1404791653518893e-05,D,0.0001311236127402295,E,2.1404791653518893e-05,E,2.1404791653518893e-05,D,1.2178897749687816e-05,D,1.2178897749687816e-05,E,2.1404791653518893e-05,D,3.87633788831531e-05,D,5.3070828537442015e-05,D,0.0001311236127402295,D,0.0001311236127402295,D,2.2436260044162056e-05,D,3.87633788831531e-05,D,0.0001311236127402295,8.58240406628733e-05,0.010074349287416316
79,P,P,0.0008358991123088444,A,0.0032200518072448983,L,0.00020344744460687423,A,0.0032138781250372183,A,0.0031585640784430706,L,0.00030130703051011793,L,0.0003600452202701333,A,0.0010434678611925302,L,0.0004863851885875273,L,3.2773507235098995e-05,L,0.0001826615494309848,L,0.0001826615494309848,L,0.000619606264967447,L,0.0002063053186051681,L,0.0001826615494309848,0.0009486477071534588,0.11135584247439012
80,L,L,0.0022134882849518347,V,0.00800456378979678,I,0.0011861579565584075,V,0.007035514926451191,V,0.009118459409588544,L,0.0014852918460118846,L,0.0010222964539144156,V,0.006404582376495588,H,0.0024439140017741747,I,0.0007575865114501446,L,0.003983510592126432,L,0.0036829039930339905,I,0.0007921020838385644,Y,0.0037588680969071137,L,0.0038859579412322074,0.003718346550942085,0.43647352928764094
81,E,A,0.0007487092830653813,K,0.0024560097076184164,Q,0.00041442695869958377,K,0.0028785711002685516,K,0.002435619782984467,T,0.0002913483321868882,T,0.000605838294755346,K,0.0024724944002796063,H,0.001300624074036661,Q,0.00033939989882986546,Q,0.00025598642873088617,Q,0.00025476571781690304,Q,0.00034021329607851063,Q,0.00019627126365331194,Q,0.0002650640808322745,0.0010170228413224436,0.11938197336815834
82,Q,Q,0.0007693615332556305,Q,0.0012209760768379214,R,0.0018231058729418345,Q,0.001225321057915422,Q,0.001142890976206436,R,0.0013989961407226026,R,0.001544258524708423,Q,0.0011253747412340368,R,0.002397516795941792,R,0.002105643034586466,Q,0.0024221282859132067,Q,0.0021751226188003055,R,0.0014007635136565157,R,0.0008758917071489803,Q,0.0024235010136521343,0.0016033901262347803,0.18821197476747806
83,L,L,9.518949251092122e-05,L,0.0009190141625211253,V,0.0007269444529622259,L,0.0004033937170576646,L,0.00015895617640405724,L,0.000707366202532318,L,0.000707366202532318,L,0.00017685096938773075,L,0.00024437964530716987,L,0.0013677645948712114,L,0.0001788816535232835,L,0.00023344416401764438,L,0.0022496419861769788,L,0.00017816441007249449,L,0.0001788816535232835,0.0005684159655600284,0.06672280789120347
84,E,E,0.001534388058307737,E,0.0012198610750312623,W,0.008769900759135743,E,0.0010257730417968162,E,0.0005167102100349227,W,0.008763499580918443,W,0.008983504211297883,E,0.001034628002115247,W,0.008165434458332968,W,0.008030759784937475,W,0.009337786607070533,W,0.009328875272151224,W,0.005349440072307753,W,0.007057715205049439,W,0.009337786607070533,0.005897070863037199,0.6922203987137859
85,L,L,0.00017502347509001353,L,0.00034702097832162187,M,0.0025552226011836456,L,0.0003785354163641643,L,0.0006370687877967131,M,0.0008580967340650709,M,0.0008829480400971381,L,0.0005878539753447859,M,0.0018134209025386,M,0.0016395023695542027,M,0.0008544394335478043,M,0.0008728334924505118,M,0.001142709267527161,M,0.0008189977273831828,M,0.0008544394335478043,0.0009612075089874947,0.11283015934038157
86,I,I,0.0001585474463535839,I,5.4950792879347987e-05,V,0.0009543970327972524,I,5.4950792879347987e-05,I,0.00020211338515072874,V,0.00015822186608218072,V,5.2655348241001767e-05,I,0.000524391882354731,V,0.000674205003668781,V,0.0009543970327972524,V,0.0009695999250744539,V,0.0009695999250744539,V,0.00021657391220603192,V,9.824250620152049e-05,V,0.0009695999250744539,0.0004674964517890082,0.054876495088952794
87,E,D,2.3170770860801556e-05,D,7.018496967271742e-05,D,0.0001480778200585664,D,2.475007379428571e-05,D,0.0003537647705315963,D,0.00037384371962131236,D,9.453577769605796e-05,D,2.52704551893581e-05,D,0.00014629985733091065,D,0.00017015434229837584,D,5.9146701511692505e-05,D,5.9146701511692505e-05,D,2.5812515745563443e-05,D,0.00033013048989891797,D,5.9146701511692505e-05,0.00013089571114890275,0.01536503180406948
88,I,D,0.0002347236121310509,D,0.0006318338375347605,S,0.003211999577861923,D,0.000161212202066504,D,4.859051128399159e-05,S,0.0005031325433064977,S,0.0004884233010193567,D,2.203120142378054e-05,S,0.0019425043924633251,S,0.002236491176137727,N,0.00018049842020606462,N,0.000317905821258219,N,0.00042536550603306005,S,0.0031300744854856895,N,0.00018049842020606462,0.0009143523338945343,0.10733012233252567
89,L,L,0.0004118925534648563,L,1.6314891227277084e-05,V,0.00011874183559300583,L,3.9812884400793794e-05,L,0.0002920826143502708,I,1.6517652360120152e-05,I,0.00079209343747759,L,0.00023651606717369793,V,0.00014688614964915222,V,6.837281059890593e-05,V,6.780051253124335e-05,V,6.780051253124335e-05,V,2.4927312485485767e-05,V,0.0004928709799788729,V,6.780051253124335e-05,0.00019069538175691723,0.022384542471762765
90,Q,Q,0.00019126719291508496,K,0.0012268789876848912,E,0.0010477870298206014,K,0.0019428633682728367,K,0.0016888123937507178,E,0.0018464860433753726,E,0.0019036094827928945,K,0.0006482941890134797,E,0.0014058834204239224,E,0.0004845412560928584,E,0.0023074626581423827,E,0.0017885833728119032,E,0.0010798016144940802,E,0.0010030478060901447,E,0.0023074626581423827,0.0013915187649215703,0.16334171602198166
91,R,R,0.0006873669745087663,N,0.0005414760640250199,R,8.303249670449343e-05,N,0.000558354998491047,N,0.0004070016142865428,R,0.0005946063772296478,R,0.0005946063772296478,N,6.538206771861295e-07,R,8.303249670449343e-05,R,8.303249670449343e-05,R,0.0005946063772296478,R,9.042503604214806e-05,R,8.972531857695385e-05,R,8.303249670449343e-05,R,0.0005946063772296478,0.00033903728815628197,0.039797474413510676
92,L,L,0.0,L,0.0,L,0.0,L,0.0,L,0.0,L,0.0,L,0.0,L,0.0,L,0.0,L,0.0,L,0.0,L,0.0,L,0.0,L,0.0,L,0.0,0.0,0.0
93,G,G,0.0,G,0.0,G,0.0,G,0.0,G,0.0,G,0.0,G,0.0,G,0.0,G,0.0,G,0.0,G,0.0,G,0.0,G,0.0,G,0.0,G,0.0,0.0,0.0
94,L,V,0.00010815594438123326,L,0.001115251272484854,I,0.0013007775537644027,L,0.0011073204628079096,L,0.0009745921486663161,I,0.0015557512107147436,I,0.0015552208616419747,L,0.0008105810290277122,I,0.0013098937979270633,I,0.0006870481107984552,I,0.002164949707206735,I,0.0019459999529496301,I,0.0020302172020591164,I,0.0007092435733564496,I,0.002164949707206735,0.0013026635023328887,0.15291155048293692
95,S,G,9.687305723461664e-06,S,1.0048509892330645e-05,E,0.0009312216268828782,S,1.0048509892330645e-05,S,1.3344449509722345e-05,D,6.611470699782087e-06,D,1.0481083581518537e-05,S,2.051807974053393e-05,D,1.0165626009637864e-05,D,0.0004613711863238682,D,6.611470699782087e-06,D,6.611470699782087e-06,D,1.0165626009637864e-05,D,6.381745997411621e-06,D,6.611470699782087e-06,0.00010132530882416398,0.011893946554669008
96,Y,R,6.450164173117177e-05,Y,2.4408051369549196e-05,R,4.587358843109711e-06,Y,6.435325493583821e-05,Y,0.000308366816741281,R,3.103383334355105e-06,R,3.103383334355105e-06,Y,1.5980478461613675e-05,R,3.103383334355105e-06,R,4.587358843109711e-06,R,3.103383334355105e-06,R,3.103383334355105e-06,R,4.475861088305889e-06,R,3.103383334355105e-06,R,3.103383334355105e-06,3.4198967023631e-05,0.00401440361469642
97,H,L,0.00026212805284786273,F,0.0007444845148007835,H,9.396794779985422e-05,F,0.0007444845148007835,F,0.0007278426169081118,H,0.0004765131867375341,H,9.923143951573675e-05,F,0.0007454235626896853,H,6.414176214887279e-05,H,9.923143951573675e-05,H,0.0007318931292202524,H,0.0007318931292202524,H,9.878070246588617e-05,H,0.00010779598861235903,H,0.0007318931292202524,0.000430647007766931,0.050550968496890426
98,F,F,0.0,F,0.0,F,0.0,F,0.0,F,0.0,F,0.0,F,0.0,F,0.0,F,0.0,F,0.0,F,0.0,F,0.0,F,0.0,F,0.0,F,0.0,0.0,0.0
99,E,E,0.001068159788506028,R,0.00933820491057976,K,0.0007673946576527298,R,0.009050161529431371,R,0.008976569676684592,Q,0.005366274266032065,Q,0.005363578408569755,R,0.007984994882854151,K,0.0005042038339618855,K,0.0004784199164929162,Q,0.0060537051248217245,Q,0.005957368641438964,K,0.0006270697100019311,Q,0.00561538712201588,Q,0.0060537051248217245,0.004880346506257699,0.5728734625860009
100,E,R,0.00019914711931192877,D,0.0013405033404810425,N,0.0004797976892604378,D,0.0010412041336901943,D,0.001509121195556089,N,5.257980035399842e-05,N,0.00045059647188610603,D,0.0015254646237672638,D,0.006793118850004327,K,0.001318486436957896,T,0.0003769952168707844,T,0.0007599265052596058,N,0.00023034271382199926,N,0.0005053602546492104,T,0.00038449409998379016,0.0011311425634569783,0.13277777636795277
101,E,E,1.2157766112206178e-05,E,0.0001170072893598797,E,1.0792253000963318e-05,E,0.000442375691222607,E,0.000442375691222607,E,1.0792253000963318e-05,E,1.0792253000963318e-05,E,0.000442375691222607,E,1.5053718990145676e-05,E,1.5053718990145676e-05,E,1.0792253000963318e-05,E,1.0792253000963318e-05,E,1.5053718990145676e-05,E,1.2190472322542922e-05,E,1.0792253000963318e-05,0.00010522648509591115,0.012351881325507212
102,I,I,0.0,I,0.0,I,0.0,I,0.0,I,0.0,I,0.0,I,0.0,I,0.0,I,0.0,I,0.0,I,0.0,I,0.0,I,0.0,I,0.0,I,0.0,0.0,0.0
103,K,N,0.0013294123694289766,K,0.00010485455003560102,K,0.00017451868385988818,K,0.00025758257258615906,K,0.00042676092439031715,R,0.002352591353545642,R,0.0024163360729048083,K,0.00021569157112754273,N,0.002642256501215838,K,0.00019561826112942662,K,3.739957467244872e-06,K,2.5331547872069376e-05,K,0.00035731377927918784,K,0.0003490256061102529,K,3.739957467244872e-06,0.0007236515805613467,0.0849449493248996
104,R,E,0.00013176797905896284,K,0.0015769505276291543,S,0.003221185579937756,M,0.0014439991413730412,T,0.003488416156090599,V,0.00967735349185222,V,0.00967735349185222,T,0.005352129566866562,S,0.002004333242384567,S,0.0006384148654129428,V,0.00967735349185222,V,0.009552392085225389,S,0.004314632602732331,S,0.00246983201044156,V,0.00967735349185222,0.0048602311816374495,0.5705122499853242
105,I,M,2.3634527318278992e-05,I,0.00011002465218310907,A,0.0015532163868514563,V,0.0005540136936640607,I,0.0001389530119454047,A,0.0020576103657758684,A,0.002065519871946711,I,0.0002312443861502782,A,0.001606996562623883,A,0.0010386221861825495,A,0.001225783013306271,A,0.0012625416157041039,A,0.0021317408252342794,A,0.002153986990282258,A,0.001225783013306271,0.0011586447401649856,0.1360060855011601
106,L,L,0.0,L,0.0,L,0.0,L,0.0,L,0.0,L,0.0,L,0.0,L,0.0,L,0.0,L,0.0,L,0.0,L,0.0,L,0.0,L,0.0,L,0.0,0.0,0.0
107,D,N,0.0015110115798566651,T,0.0011326790075736766,D,0.00016066410625321462,T,0.0010538178466262273,T,0.0003537634088556538,D,8.761034874730687e-06,D,0.00020522869339001024,T,0.0011326790075736766,D,0.00017601973976134555,D,5.9863521202918646e-05,D,0.00017781981575872705,D,0.00017781981575872705,D,7.122695608810577e-05,D,0.00017305100841395057,D,0.00017781981575872705,0.0004381483571830905,0.05143150515726744
108,G,G,0.0003408039127174895,S,0.00026275670927356073,Y,0.0009397339466332427,S,0.000260863571072833,S,0.00030706172582587566,Y,9.681634129526405e-05,Y,0.0006274154919008009,S,0.00018761449261752876,H,0.0014079255451806866,H,0.00331961323804946,Y,0.00039842601898954584,N,4.9819748592243415e-05,Y,0.0006386658530565373,Y,0.001698444847254354,Y,0.00039842601898954584,0.0007289591640965979,0.0855679734798249
109,V,I,0.0007617921297253335,I,0.0014479733710505477,V,0.0007867153278569208,I,0.0019491395000366606,I,0.001627537930361102,V,0.0011354852530821439,V,0.0012349524208506374,I,0.001669315669860523,V,0.0008292340023088229,V,0.0001737217202328987,V,0.0009735757768772789,V,0.0008652848850878727,V,0.0010787731251881549,V,0.0006449201328636278,V,0.0010232929557329102,0.0010801142800743624,0.1267878841843269
110,Y,Y,0.0005522133892617243,Y,0.0007480264570408077,Y,0.0012282006962622142,Y,0.0007763669498369518,Y,0.0013454326580094724,Y,0.0015467571438999837,Y,0.001929168860174991,Y,0.0006105340697232125,Y,0.0008646282139582668,Y,0.0004022411016540171,Y,0.0010590912429701703,Y,0.0008800540269813704,Y,0.0004735201904443831,F,0.0022024389977835777,Y,0.0010590912429701703,0.0010451843493980875,0.12268767730173183
111,-,-,,-,,-,,-,,-,,-,,-,,-,,-,,-,,-,,-,,-,,S,0.0028227142356573713,-,,0.0028227142356573713,0.3313408332786215
112,-,-,,-,,-,,-,,-,,-,,-,,-,,-,,-,,-,,-,,-,,-,,-,,,
113,-,-,,-,,-,,-,,-,,-,,-,,-,,-,,-,,-,,-,,-,,-,,-,,,
114,-,-,,-,,-,,-,,-,,-,,-,,-,,-,,-,,-,,-,,-,,-,,-,,,
115,N,M,0.0007869752847558568,N,0.0009168240976796973,-,,N,0.00029888228508518337,N,0.0009116500448377086,-,,-,,N,0.00048429115677656924,-,,-,,-,,-,,-,,-,,-,,0.0006797245738270031,0.07978863175263802
116,N,D,0.0015769505276291543,N,0.003270105393014317,S,0.0018652313144977726,N,0.0032550665097978936,N,0.0033239346106748633,S,0.000934328325698029,S,0.0014799893588514211,N,0.0025519884894188976,S,0.0027181236120011505,S,0.003674442270093358,R,0.003379334292058316,R,0.0026474124559574294,S,0.003618387835414361,-,,R,0.003379334292058316,0.0026910449490832344,0.3158849962762209
117,D,-,,-,,Y,0.0002050345682390177,-,,-,,Y,2.014053395708759e-06,Y,1.4580699389298707e-06,-,,Y,2.7716759324090983e-06,Y,7.660324068590494e-06,Y,2.9780440525609677e-06,Y,2.9780440525609677e-06,Y,7.660324068590494e-06,Y,2.632712925440598e-06,Y,2.9780440525609677e-06,2.3816586072636992e-05,0.002795680616717389
118,H,-,,-,,W,0.0032026813758507457,-,,-,,W,0.0043645755170738714,W,0.004534576368212297,S,0.0023436698058531785,W,0.0031269297228227696,W,0.003946986779319233,W,0.0046854834582420605,W,0.0046854834582420605,W,0.0020922692729259235,W,0.0042204404704943525,W,0.0046854834582420605,0.0038080526988435045,0.44700357495092413
119,G,-,,S,0.007128067038478853,S,0.00967735349185222,F,0.0015769505276291543,S,0.00967735349185222,K,0.0004313460419521917,K,0.0014897321033222589,F,0.0015769505276291543,T,0.006996347197306843,S,0.00907378920048313,S,0.00967735349185222,S,0.008064295309054517,S,0.009533906981447423,K,0.0008168118579405315,S,0.00967735349185222,0.0060998293394752085,0.7160209526942806
120,G,-,,F,0.0011449753941004078,E,0.00014910799813232445,F,0.000940164984394601,F,0.0008646200416968541,E,8.584210314468165e-05,E,2.4014704831446182e-05,E,0.0009940690887205387,E,0.00016674295646295316,E,0.00019056659467236623,E,0.00015020171085024873,E,0.00015020171085024873,Q,0.0043606937848684555,E,1.844509416079488e-05,E,0.00015020171085024873,0.0006707034198382978,0.07872969470474508
121,-,-,,-,,-,,-,,-,,K,0.0,K,0.0,-,,-,,-,,-,,-,,-,,-,,-,,0.0,0.0
122,D,-,,E,0.00967735349185222,K,0.0015769505276291543,E,0.00967735349185222,E,0.00967735349185222,E,0.00967735349185222,E,0.00967735349185222,N,0.0015769505276291543,K,0.0015769505276291543,K,0.0015769505276291543,E,0.00967735349185222,K,0.0015769505276291543,K,0.0015769505276291543,K,0.0015769505276291543,E,0.00967735349185222,0.005627152009740688,0.6605363066299667
123,T,-,,N,6.724098280488835e-05,G,7.8640836591733e-05,N,6.855640039113333e-05,N,7.047296164318855e-05,G,0.00017440368125303134,G,0.00017440368125303134,K,5.195624256360247e-05,G,0.00018343295575621237,G,0.00025287584642334467,G,0.00020238641551085783,G,0.00016852534159916892,G,0.00040614233309476083,G,0.00014924625623180375,G,0.00020238641551085783,0.00016076216790197247,0.01887086903783303
124,W,-,,-,,I,3.649186995541154e-05,K,0.0007977817522951125,N,0.00012867342421312979,I,5.6891491059644304e-05,I,4.41816380327914e-05,-,,I,3.381452150862826e-05,I,4.370895856252644e-05,I,3.477242091015772e-05,I,4.02907076328437e-05,I,0.00017937961928838294,I,0.00037166477138423243,I,3.477242091015772e-05,0.00015020196631275156,0.017631272783291237
125,K,Y,0.0,N,0.0,G,0.0,N,0.0,-,,G,0.0,G,0.0,-,,G,0.0,G,0.0,G,0.0,G,0.0,G,0.0,G,0.0,G,0.0,0.0,0.0
126,A,K,0.00018666991302330863,N,0.00025486951276385103,C,6.791372387048378e-05,N,0.00025486951276385103,N,0.00025360195775066675,C,0.0002094229134815237,C,0.0004684204550646465,-,,R,0.0001806078774585165,C,9.735695010182775e-05,C,0.0020357853093432997,C,0.0020357853093432997,C,0.0005110393304640143,R,0.0002025536062237207,C,0.0020357853093432997,0.0006281915486425935,0.07373949107439508
127,-,-,,-,,-,,-,,-,,-,,-,,-,,-,,-,,-,,-,,-,,-,,-,,,
128,-,-,,-,,-,,-,,-,,-,,-,,-,,-,,-,,-,,-,,-,,-,,-,,,
129,-,-,,-,,G,0.0003845607171717354,-,,-,,G,0.0006986669634299362,G,0.0006510450732329945,-,,G,0.0003607226421904089,G,0.0004411828910842925,G,0.0006447310669379453,G,0.00047051765977043766,G,0.0005860161175224555,G,0.0006107389134941817,G,0.0006447310669379453,0.0005492913111772333,0.06447788389595349
130,-,E,0.00026936190950578804,-,,R,0.0029913188056325613,-,,-,,R,0.002496776872335337,R,0.002561995882471866,-,,R,0.0016175451463578485,R,0.0026135020323621223,R,0.001990347627998625,R,0.0015502392236615065,T,0.002785347428082136,R,0.0016590850811535175,R,0.0020064348503816987,0.0020492686236311826,0.24055087291100108
131,-,-,,-,,E,0.0008672844119935061,-,,-,,-,,-,,-,,-,,E,0.0012901112162743166,-,,-,,K,0.002894311295640112,-,,-,,0.0016839023079693114,0.1976627980382179
132,-,T,0.0010893764589118382,-,,-,,-,,-,,D,0.00028123893368412134,D,0.00015662857742893354,N,0.00018289178225073648,E,0.00024646626022124097,-,,D,0.00015042592690437507,D,4.15374850568623e-05,S,0.0003184219864384658,Q,0.0002686968652933676,D,0.00015042592690437507,0.0002886110203094316,0.03387824908193359
133,-,Q,0.0009278053103094675,-,,S,0.0012608574458021645,-,,-,,S,0.0010056692541791487,S,0.0015769505276291543,N,0.00015169394536879605,G,0.00967735349185222,S,0.0007821563874544346,S,0.0002751578116868848,S,0.0005347616611510454,-,,S,0.0015637360645659672,S,0.00027097251076439087,0.0016388285827966976,0.19237187433471117
134,E,A,0.006910841185421308,Q,0.0007904178794806697,V,0.0013259413564357327,Q,0.0013201690114950833,Q,0.0007134237880136078,T,0.0035391691557334435,T,0.0029085797755884985,Q,0.001118268020880087,G,0.00371271198938861,V,0.0011101090032604385,A,0.00733517035639556,A,0.008483102797082727,I,0.00823732321586924,A,0.003428352609573609,A,0.00733517035639556,0.0038845833667342784,0.45598703312390243
135,-,Q,0.0032251211856023166,V,0.0026400315189177427,V,0.0003840109033056788,V,0.0019325254113650866,V,0.0035615007990803128,F,0.0014928973413743224,F,0.002004387869431758,V,0.001588287158551816,V,0.00029778230126302263,V,0.00024990058217114577,F,0.0022908475596374114,S,0.0012427107068969099,I,5.0588478248997896e-05,V,0.0015927701732529412,F,0.002330358821053473,0.0016589147206768622,0.19472966088585777
136,-,W,0.0035732050102595444,G,0.0007306867235690095,A,0.00011855297369782014,G,0.0007148881103027408,G,0.00041002052282616,P,0.0002965851628330694,P,0.0003894245570358952,G,1.9398713230587837e-05,T,0.0007551088746070758,T,3.8045032456929674e-05,T,0.0012656208940593544,T,0.0009241634525437964,T,0.0027690572207693387,T,0.0015755593124950036,T,0.0012656208940593544,0.000989729163649712,0.11617813863735893
137,N,N,0.001110014963674616,D,0.002039769216454824,D,0.0011947646024033994,D,0.0013263567744519105,D,0.0015397970218943354,D,0.0010197689854692165,D,0.000951512935001337,D,0.0015115743182543184,D,0.0010428662231961954,D,0.0013284600733731696,D,0.0016354320683228231,D,0.0016255566109804193,D,0.0024985689263963963,D,0.0010900810327266453,D,0.0016354320683228231,0.0014366637213948283,0.16864100112396535
138,L,L,1.237549010862431e-05,L,4.729531334046423e-06,L,0.00018702070631802884,L,4.729531334046423e-06,L,4.729531334046423e-06,L,3.6617691866852944e-05,L,3.6617691866852944e-05,L,2.6962392242836227e-06,L,3.6617691866852944e-05,L,1.2358733129366525e-05,L,5.0176642543775845e-05,L,0.00020176115034783114,L,5.378680100177272e-06,L,4.137264076326086e-05,L,5.0176642543775845e-05,4.582390631212149e-05,0.00537898279242703
139,Y,H,0.0008878649966559803,Y,9.612922063212515e-05,N,0.00017748160772880888,Y,0.00010260591395251673,Y,9.85716399574217e-05,N,0.0002685215732145676,N,3.72304775748142e-05,Y,2.605942790823575e-05,N,0.00012851260565177036,N,0.00017684869701315107,N,2.7747384585147695e-05,N,2.6230424467904027e-05,N,0.0002663270873421443,N,0.0001341482575352582,N,5.4372295362430254e-05,0.0001672434406388184,0.01963166525383129
140,A,F,0.0012947043144759087,F,0.00027323321660128325,S,0.0003096382789453769,F,0.0003583886054949217,F,0.0003260315664540036,S,0.0004600961284495041,S,0.0004600961284495041,F,0.0002839049573204688,S,0.00033289259309782877,S,0.0004487741992292686,T,0.00015632027128199697,T,0.00018102442665570464,S,0.00031708751520757226,S,0.0003640764543377554,T,0.00018102442665570464,0.0003831528721771202,0.04497592789824092
141,T,T,0.0006246950959886387,T,0.0015950701508921855,T,0.0004695187688686294,T,0.0017053429296212674,T,0.0009303498923755897,T,0.0009963469063058188,T,0.0009165567891734088,T,0.0014356481774418497,T,0.0005082498301964799,T,0.00036104885228166846,T,0.0006937902861209177,T,0.0005163465778002011,T,0.0006338130679002325,T,0.001016180080129525,T,0.0006937902861209177,0.0008731165127478221,0.10248970626522304
142,A,S,0.0014068016356338117,A,1.0883564386156822e-05,A,3.1438404372330515e-05,A,1.0883564386156822e-05,A,1.5211517988985201e-05,A,3.1438404372330515e-05,A,3.1438404372330515e-05,S,6.0846071955940806e-05,A,3.1438404372330515e-05,A,3.1438404372330515e-05,A,3.1438404372330515e-05,A,3.1438404372330515e-05,A,3.1438404372330515e-05,A,3.2328998563141116e-05,A,3.1438404372330515e-05,0.0001213267328176778,0.01424178907058932
143,L,M,0.0,L,0.0,L,0.0,L,0.0,L,0.0,L,0.0,L,0.0,L,0.0,L,0.0,L,0.0,L,0.0,L,0.0,L,0.0,L,0.0,L,0.0,0.0,0.0
144,K,Y,0.0008215250147652443,G,0.00019526576475529506,G,0.0006567088019205531,G,0.00025311854618432063,G,0.0007873049768223768,A,0.0056962821310613055,A,0.007434799004963862,G,0.0008076573485180425,G,0.0015769505276291543,G,0.0004892472419325591,A,0.007187800767278591,G,0.0014945143550053224,G,0.00039048051306546085,G,0.0005074654872286861,A,0.007187800767278591,0.0023657947498939573,0.2777059023169222
145,F,F,0.0001280252077748708,F,0.00011629550574603783,L,0.000571322268305465,F,0.00023058473639068567,F,0.00023557215716779885,L,8.427179208807427e-05,L,6.75898409722679e-05,F,0.00011427522666695159,L,0.00010441689195522967,L,0.0005221023841421909,F,0.0003982618571690547,F,0.00040801546821897115,F,0.0003161904219599956,L,0.0004986135163299601,F,0.0003982618571690547,0.00027958660880377396,0.032818929654426114
146,R,R,9.555484671232613e-05,R,0.00011785377425983453,R,2.6105257644274583e-05,R,0.00010510925156115018,R,0.00010617007693366539,R,8.823458784385128e-05,R,9.774970042184184e-05,R,1.9068330057927943e-05,R,8.88038481230209e-05,R,0.00010261839168725648,R,9.082797117527681e-05,R,9.082797117527681e-05,R,8.683630555090589e-05,R,9.66550267119166e-05,R,9.082797117527681e-05,8.688288740225349e-05,0.010198640707535534
147,L,L,5.884138846763855e-05,L,0.001043011934656673,T,0.0001093133021965054,L,0.0010844272480395347,L,0.00010134527264717559,T,0.00028166293496757213,T,0.00030386978566708707,L,6.145548978429057e-06,T,0.00048026071946497294,T,0.0007249234038462088,I,0.0012526052123106157,I,0.0012251030652767137,I,0.0019995073775836455,T,0.00030903617518083013,I,0.0012526052123106157,0.0006821772387729479,0.08007653480590382
148,L,L,7.983723939656132e-05,L,4.2312917211198835e-05,L,0.00013004090104888407,L,4.028391383965981e-05,L,4.028391383965981e-05,L,0.0001331057751481189,L,0.00026775642538609106,L,8.632736367526009e-05,L,0.00013388595446555575,L,0.00013640175028807185,F,0.0022902938923256727,F,0.0022568643527447825,L,0.00013187263650913566,L,0.0001261089366332265,F,0.001220866975553382,0.00047441619653768404,0.055688760801910334
149,R,R,0.0,R,0.0,R,0.0,R,0.0,R,0.0,R,0.0,R,0.0,R,0.0,R,0.0,R,0.0,R,0.0,R,0.0,R,0.0,R,0.0,R,0.0,0.0,0.0
150,Q,A,0.005045573415198579,Q,0.0002451800580771187,L,0.0002475752841689687,Q,0.0002440126406317048,Q,0.0002760111452413161,L,6.586609894134887e-05,L,0.00048793247410101333,Q,0.00021121060852339073,L,0.0003679653051264005,L,0.0001878629421693532,L,0.00017666983093173516,L,0.00017666983093173516,L,0.00018855833786718358,L,0.00015316901034780699,L,0.00017666983093173516,0.0005500617875459593,0.0645683253153541
151,H,R,0.0,H,0.0,H,0.0,H,0.0,H,0.0,H,0.0,H,0.0,H,0.0,H,0.0,H,0.0,H,0.0,H,0.0,H,0.0,H,0.0,H,0.0,0.0,0.0
152,G,G,0.0,G,0.0,G,0.0,G,0.0,G,0.0,G,0.0,G,0.0,G,0.0,G,0.0,G,0.0,G,0.0,G,0.0,G,0.0,G,0.0,G,0.0,0.0,0.0
153,Y,F,0.0,F,0.0,Y,0.0,F,0.0,F,0.0,Y,0.0,Y,0.0,F,0.0,Y,0.0,Y,0.0,Y,0.0,Y,0.0,Y,0.0,Y,0.0,Y,0.0,0.0,0.0
154,S,D,0.0003928168058171134,N,0.0019364403801062878,A,0.0005948197520132372,N,0.001944465357639019,N,0.0019149741641618745,N,0.0015727837526003448,N,0.002089294835888664,N,0.0014405484917092454,T,0.0018450650976407751,D,0.00011983099395690379,T,0.0012867543538937402,T,0.00129709723290316,P,0.00045715292198694247,P,0.0015769505276291543,T,0.0012867543538937402,0.001317049934789347,0.15460028413433308
155,V,V,1.3882842231716939e-05,V,0.00025025086569165333,V,2.8579022993780822e-06,V,4.792684541506791e-05,V,1.0021080113545968e-05,V,2.079913179410715e-06,V,2.079913179410715e-06,V,7.895178610560307e-06,V,2.8579022993780822e-06,V,4.8046603049251556e-06,V,1.6968986122069306e-06,V,1.6968986122069306e-06,V,2.079913179410715e-06,V,2.8579022993780822e-06,V,1.6968986122069306e-06,2.3645707642697127e-05,0.002775622262722362
156,S,S,3.2650070464294854e-05,S,3.949088060811306e-05,S,0.00048446467357831095,S,4.433916680221528e-05,S,4.404738479451195e-05,S,0.00016640815573619325,S,0.00028431543512424706,S,3.946018122778944e-05,S,0.0003250485986564811,S,0.0006715922748291013,S,0.0004171016407721336,S,0.0004171016407721336,S,3.2124533166301764e-05,-,,S,0.0004171016407721336,0.00024394616266456862,0.028635319789492002
157,Q,-,,-,,-,,-,,-,,-,,-,,-,,-,,-,,-,,-,,-,,S,0.00046716917587720464,-,,0.00046716917587720464,0.05483807820921373
158,-,P,0.00036218039345830785,Q,0.00027047484039952047,A,0.001245592340415146,Q,0.0021110564128060927,Q,0.0021078199012271653,S,0.0004895732919449978,S,0.00045666117544284105,Q,0.0003815987310349399,S,0.0004707693358128788,A,0.0010785319557244301,S,6.34736205007331e-05,S,6.34736205007331e-05,A,0.00015062331711870734,S,0.0003842577323662033,S,6.34736205007331e-05,0.0006466373526168956,0.07590472905071327
159,-,-,,-,,-,,-,,-,,-,,-,,-,,-,,-,,-,,-,,-,,-,,-,,,
160,E,E,0.0012845230028522324,R,0.0008339112367081614,D,0.0015769505276291543,E,0.0017593801170319135,Q,0.0015520348703903424,D,0.0001155955374889521,D,0.0006181477351010459,D,3.163174709550507e-06,H,0.0034987543616410138,E,0.00967735349185222,D,0.000163761730991929,D,0.000163761730991929,E,0.008532146497973821,D,0.0009360416913477138,D,5.479324447867354e-05,0.00205135459674591,0.2407957322953835
161,V,I,0.00026913471331869396,I,5.2839988285831854e-05,V,7.055140216067763e-05,I,2.606131110023835e-05,I,1.57086235828035e-05,V,5.2839988285831854e-05,V,2.606131110023835e-05,I,1.57086235828035e-05,V,1.055260521502611e-05,V,0.00026913471331869396,V,5.2839988285831854e-05,A,0.0016260222263004423,V,2.606131110023835e-05,V,2.7866883496375333e-05,V,5.2839988285831854e-05,0.00017294824516130394,0.02030131670501044
162,F,F,0.0001062108542246778,F,0.00012537336822700376,L,8.375121175198703e-05,F,5.3723491700197086e-05,F,0.00022113529434822094,L,1.8986211286686827e-05,L,3.4682341332721213e-07,F,9.371304303468869e-05,L,0.001120587456835974,L,0.0001105953324501343,F,0.0003205384481510926,F,0.00031264040946120316,F,0.0036236543342686306,L,0.00015991151696829708,F,0.0003205384481510926,0.00044478041628488095,0.05221000124496246
163,N,S,0.0012143198434614493,D,0.0007941908326743761,N,0.0010712475236506376,D,0.0007941908326743761,D,0.000769406273728142,E,0.00021831039900620835,E,0.00029171139361784925,D,0.0005342309138478813,D,0.0019708277181952017,N,0.0003247325470380465,E,0.00026059131024618954,E,7.380895861249493e-05,K,0.0003658217425432859,E,6.644469888609996e-05,E,0.00026059131024618954,0.0006006950865618952,0.0705118527456746
164,S,R,0.000919759325588213,C,0.004065682407262645,L,0.002049646994706634,C,0.002857007030506313,C,0.0027781282574241436,Y,0.0017549968557622167,Y,0.001079769418213263,C,0.002800851332090376,H,0.00317129908770916,H,0.0005782682290305336,H,0.0024422858206683104,H,0.0024810592034034003,H,0.0004895960924533765,N,9.15270493031526e-05,H,0.0024422858206683104,0.002000144194986003,0.23478446237038916
165,F,F,0.0007412302706986121,F,0.00035408938710519174,F,0.0013235690669072709,F,0.00052214303496913,F,0.00047345511732866405,F,0.0008131389658930074,F,0.0011440288279411309,F,0.00038005498929819036,L,0.00967735349185222,F,0.0013192278007569357,F,0.001136341971906329,F,0.0011695773667061572,F,0.0012412366129678643,F,0.001259658044371982,F,0.001136341971906329,0.0015127631280406008,0.17757383622696568
166,K,M,0.0028169970552052977,K,0.0009347159154806563,K,0.001183478381071656,K,0.0015056489270896347,K,0.0008696091501810011,K,0.0005705255601468296,K,0.0014105686983348353,K,0.0008748391618034443,K,0.0011885946789384721,K,0.001032559294577829,K,0.0007522117268784293,K,0.0007355498506653363,R,0.001833580583833026,K,0.0014482596405046677,K,0.0007522117268784293,0.0011939566901059695,0.14015113524453723
167,-,-,,-,,-,,-,,-,,-,,-,,-,,-,,-,,-,,-,,-,,-,,-,,,
168,D,D,2.725747660368124e-05,N,0.00037003681416399487,D,3.586884199930386e-05,N,8.89623986272283e-05,D,7.958626327511784e-06,D,0.0007693297303507251,D,0.0007001011479170048,N,0.00015259382585290952,N,0.001868486281588791,N,9.295794532544704e-05,D,1.7371521913991517e-05,D,6.370099001659499e-05,N,0.00035571523975363995,D,7.744949303951444e-05,D,1.7371521913991517e-05,0.0003096774570262887,0.03635110680440481
169,-,-,,-,,-,,-,,-,,-,,-,,-,,-,,-,,-,,-,,-,,-,,-,,,
170,-,-,,E,0.0004412164485139334,-,,E,0.0004412164485139334,-,,-,,-,,E,0.0006377864311241644,-,,-,,-,,-,,-,,-,,-,,0.000506739776050677,0.05948302436394202
171,E,E,0.0005704224726729518,K,0.0008134215066533901,Q,0.0007341964068250286,K,0.0017796610679391396,-,,E,0.00019333538990086392,Q,0.0007097039412757957,K,0.003133626590842022,E,0.0006672467965706662,Q,0.0015541411631015468,Q,0.0014936109507442494,Q,0.00231382105278929,Q,0.0017904283991784994,H,0.0014845303303508686,Q,0.0014936109507442494,0.0013379826442563262,0.15705744444831465
172,R,T,0.001236905332086813,G,0.0010534498499557194,N,0.0005111662485823914,G,0.0009905252241753763,-,,K,0.000825419127930478,K,0.00024411008533279556,G,0.0002783021113656277,K,1.4609666962258216e-05,S,0.001024912577427873,K,0.0008614727258502388,M,7.27388145129453e-05,I,0.001899014704202791,N,0.0004840554057102399,K,0.0008614727258502388,0.0007398681857104134,0.08684851554324576
173,G,G,0.0001177653599715311,S,0.0015212360225841939,G,4.596639253293181e-05,S,0.0015211842104120804,N,0.0014746320219267304,G,2.4097144048814292e-05,G,6.265385055147189e-05,S,0.0013545085385298825,G,4.3367197809266695e-05,G,3.488556504496538e-05,G,4.677988640698928e-05,G,4.677988640698928e-05,G,0.00015046933169394588,G,4.3367197809266695e-05,G,4.677988640698928e-05,0.00043563149947573667,0.05113606691578206
174,S,N,0.0003560266708582876,H,2.9054180748086457e-05,Q,1.9682151222160837e-05,D,0.0019751845140687373,D,0.002003564606477731,H,0.0007940360553936994,H,0.0015033966145526364,D,0.002061563602735374,Q,1.7086427075493756e-05,Q,0.00047717528999404585,Q,0.0006355108721597559,Q,0.0006295164659611998,Q,2.9515509729788324e-05,Q,0.00010199975662453604,Q,0.0006355108721597559,0.0007512549059840862,0.08818513167538165
175,F,F,0.0003386239952251084,F,0.0014111299008825067,F,0.0016063660283472806,F,0.0009925893292514346,F,0.0013289226064098331,F,0.0015145543210942373,F,0.001547281977807407,F,0.0011338957976501462,F,0.001924536726137681,F,0.0024913059895786053,F,0.002009460555933948,F,0.0016281850166373806,F,0.005119832753433383,F,0.0004695145194252864,F,0.002009460555933948,0.0017017106715832124,0.19975321086308695
176,-,-,,-,,-,,-,,-,,-,,-,,-,,-,,-,,-,,-,,-,,-,,-,,,
177,K,Q,0.001435765945492325,D,0.0022594762449328044,A,0.002275245171159046,D,0.002211929327504818,D,0.0022279747148275125,A,0.0010605837643289028,A,0.0008596318965763283,D,0.0022959803791663797,T,0.003025351672295066,A,0.002409270568929491,A,0.0006688650833062945,T,0.00018394845079917048,-,,T,0.00021242400635594356,A,0.0006631769605435382,0.0015564017275869729,0.18269629947675323
178,A,T,0.0009817012311517522,E,0.0013607895488905195,C,0.0010815993655072073,E,0.0011070026233443704,E,0.00124682151867112,C,0.0021829336192942203,C,0.0017200518080465496,E,0.0009787224835432048,C,0.008214412291084033,C,0.0013396496520098557,A,0.0018217238007464636,A,0.0017306016166290662,V,0.0015235407697897386,C,0.0017501327194323862,A,0.0018217238007464636,0.0019240937899257964,0.2258573792581459
179,C,S,0.00060741257756287,T,0.007759829020057377,S,0.0005446249599413037,T,0.007093136734527834,T,0.006456257095213287,P,0.0009776282306633826,P,0.0013558617170987516,T,0.0064853329580159364,-,,T,0.002457925771565323,-,,-,,S,0.0005577850960356257,-,,-,,0.0034295794160681694,0.4025769548898714
180,L,I,0.0014663164008013544,L,0.002815969307349616,P,0.0035688412076093296,L,0.002269502581994546,L,0.0020946646011853203,A,0.004303716752949165,A,0.005245580471926976,L,0.002711732582105021,S,0.0013904474385144734,L,0.0018550876147879073,S,0.0004923786485761369,S,0.0004259060926848071,C,0.0031473019053081678,-,,S,0.0004923786485761369,0.002305701732454926,0.27065195749284116
181,C,S,0.000911386268192019,I,0.0005078691649363571,S,0.004613871821288851,I,0.0004997785388244742,I,0.001481907674815449,I,0.0010525832047687182,I,0.0015455728262335085,I,0.0021498286671244476,A,0.0032740896013149193,K,0.004006208782336244,A,0.0016669620031108325,A,0.0016820130035593694,H,0.007791619522225712,S,0.0028763386125967992,A,0.0016669620031108325,0.002381799446295902,0.2795845938880358
182,E,-,,G,0.0009283466184306859,Q,0.00545165740475879,G,0.0006811930741567066,G,0.0013520280586339342,L,0.0015495742091834817,L,0.0017058964137934842,G,0.0012191499831060166,I,0.0015563647891757703,Q,0.0038145676663297557,N,0.0017015743885267804,N,0.0021266673324838695,S,0.0011148971209227452,G,0.005734973310047412,N,0.0017015743885267804,0.0021884617684340153,0.2568898887430099
183,-,-,,-,,-,,-,,-,,T,0.0003962145843391822,T,0.0005499551864379141,-,,Q,0.001355625865435829,-,,D,0.008720191004939877,D,0.009023956643981108,-,,I,0.0006051196875705737,D,0.008609078488862686,0.00418002020879531,0.4906665228834846
184,-,-,,-,,-,,-,,-,,-,,-,,-,,-,,-,,-,,-,,-,,-,,-,,,
185,-,-,,-,,-,,-,,-,,-,,-,,-,,-,,-,,-,,-,,-,,-,,-,,,
186,-,-,,-,,-,,-,,-,,-,,-,,-,,-,,-,,-,,-,,-,,-,,-,,,
187,-,-,,-,,-,,-,,-,,-,,-,,-,,-,,-,,-,,-,,-,,-,,-,,,
188,-,-,,-,,-,,-,,-,,-,,-,,-,,-,,-,,-,,-,,-,,-,,-,,,
189,-,-,,-,,-,,-,,-,,-,,-,,-,,-,,-,,-,,-,,-,,-,,-,,,
190,-,-,,-,,-,,-,,-,,-,,-,,-,,-,,-,,-,,-,,-,,-,,-,,,
191,-,-,,-,,-,,-,,-,,-,,-,,-,,-,,-,,-,,-,,-,,-,,-,,,
192,-,-,,-,,-,,-,,-,,-,,-,,-,,-,,-,,-,,-,,-,,-,,-,,,
193,-,-,,-,,-,,-,,-,,-,,-,,-,,-,,-,,-,,-,,-,,-,,-,,,
194,-,-,,-,,-,,-,,-,,-,,-,,-,,-,,-,,-,,-,,-,,-,,-,,,
195,-,-,,-,,-,,-,,-,,-,,-,,-,,-,,-,,-,,-,,-,,-,,-,,,
196,-,-,,-,,-,,-,,-,,-,,-,,-,,-,,-,,-,,-,,-,,-,,-,,,
197,-,-,,-,,-,,-,,-,,-,,-,,-,,-,,-,,-,,-,,-,,-,,-,,,
198,-,-,,-,,-,,-,,-,,-,,-,,-,,-,,-,,-,,-,,-,,-,,-,,,
199,-,-,,-,,-,,-,,-,,-,,-,,-,,-,,-,,-,,-,,-,,-,,-,,,
200,-,-,,-,,-,,-,,-,,-,,-,,-,,-,,-,,-,,-,,-,,-,,-,,,
201,-,-,,-,,-,,-,,-,,-,,-,,-,,-,,-,,-,,-,,E,0.00045746509661774484,Q,0.0008874834714530793,-,,0.0006724742840354121,0.07893756541701309
202,-,-,,-,,T,0.00017413753764532343,-,,-,,E,0.0003914471999353446,E,0.0008468254105876017,-,,T,6.182852598285526e-05,T,0.001542781120925797,T,0.0016060714712105581,T,0.001628783514689189,T,0.0014435735497885518,T,0.002340990604458212,T,0.0016060714712105581,0.0011642510406433988,0.136664174176472
203,-,-,,-,,E,0.00047712692508600994,-,,-,,G,0.0015403335971700294,G,0.0015403335971700294,-,,E,0.0013959272469262647,E,0.0018396227403120863,E,0.0020187693628899404,E,0.0020187693628899404,E,0.0015194625660077076,E,0.001768371359298452,E,0.0020187693628899404,0.00161374861206404,0.18942789286602846
204,-,N,0.001662816751530976,E,0.0003508117074735789,E,0.001540455633352728,E,9.277048857239598e-05,E,0.00011824066367456091,Q,0.0009506809802761278,Q,0.0011174714400923056,E,2.2261476699094745e-05,G,0.00020055718917800702,D,0.0001886894451601491,L,0.002845037112340853,L,0.0028588745952826656,E,0.0008039290221936055,G,0.00017989143264744495,L,0.002845037112340853,0.0010518350033876897,0.1234683561274258
205,D,D,0.0002469865395716129,D,0.0002264144500906214,E,0.00021690440896280207,D,0.0002294842807048045,D,0.00022489477219207545,I,0.0026744013014681654,I,0.002664903375169601,D,0.000429574906142939,E,0.0006787876956325208,Q,0.002931192192397242,Q,0.0017894439380559323,Q,0.0021364755608860586,D,0.0011481312301638432,E,0.0005151294406929194,Q,0.0017894439380559323,0.001193477868679138,0.14009492938120405
206,T,P,0.0020772090737887373,I,0.0015769505276291543,I,0.0015769505276291543,T,0.004202598828837469,T,0.0075742804741627985,T,0.00967735349185222,T,0.00967735349185222,T,0.008505350152011282,I,0.0015769505276291543,I,0.0015769505276291543,T,0.00967735349185222,T,0.00967735349185222,I,0.0015769505276291543,I,0.0015769505276291543,T,0.00967735349185222,0.005347193943589088,0.6276737739123606
207,K,I,0.0004565043122216537,K,0.0013123489487159468,R,0.00967735349185222,K,0.0013010972230519022,K,0.0013774719919871022,R,0.0012886092110363815,R,0.0017022799726617527,K,0.001117712343562473,R,0.0012332029093439318,R,0.003377121679852653,R,0.001164246177820605,R,0.0012744867860371458,R,0.0014678745046208222,R,0.0012490541915810077,R,0.001211817083531577,0.001947412055191812,0.22859456510085455
208,G,G,0.0002612688458992127,A,0.0007407378421571431,S,0.0027539481528440907,A,0.0003914997734870229,G,0.00036917628950120006,S,0.0036460003089116835,S,0.003644983479932874,A,8.87256624179358e-05,D,0.0005010067267020926,T,0.0015178117345610227,S,0.00389668611082804,S,0.0038238376153075238,S,0.002345135821400283,G,0.00012955161964446334,S,0.0038238376153075238,0.001862280506593474,0.2186015031413595
209,M,M,0.0010975351633950002,T,0.0042636573409677945,V,0.004100254331728562,T,0.0016024710650266907,I,0.0011118730671376646,V,0.00967735349185222,V,0.00967735349185222,T,0.006769688938624842,V,0.006075132966930555,V,0.003866393234522477,V,0.007477031718738791,V,0.007747280305668049,I,0.0021456527276640315,V,0.0036468541442146504,V,0.0077203226068594455,0.0051319236396788655,0.602404534477238
210,L,L,1.4180820604180788e-05,L,5.114653731073348e-05,L,9.378974618237497e-06,L,1.5971542381489175e-05,L,0.000272796887471158,L,0.0002785652036829452,L,6.106404846709759e-05,L,1.5971542381489175e-05,L,1.1463920859274459e-05,L,9.378974618237497e-06,F,4.3323406247916016e-05,F,4.3323406247916016e-05,V,7.717237786700507e-05,L,0.00024470142616940543,F,4.3323406247916016e-05,7.945083167833343e-05,0.009326238001859829
211,S,S,0.000893104967865811,Q,0.0007581022546420911,S,0.00967735349185222,Q,0.0006955074901827753,Q,0.0007185216306530822,N,0.0008884008741088659,N,0.0015769505276291543,Q,0.0008600046385531715,N,0.0015769505276291543,N,0.0015769505276291543,N,0.0015654776333681468,N,0.0015769505276291543,N,0.0015769505276291543,N,0.0009137851723812812,N,0.0015607678655000694,0.0017610519104835519,0.20671890908951235
212,L,L,0.0,L,0.0,L,0.0,L,0.0,L,0.0,L,0.0,L,0.0,L,0.0,L,0.0,L,0.0,L,0.0,L,0.0,L,0.0,L,0.0,L,0.0,0.0,0.0
213,Y,Y,0.0013642193997423979,Y,0.00019097866793275445,Y,0.0022608444004119745,Y,0.00019360140637886635,Y,0.0003500518550577399,Y,0.0009603415396993182,Y,0.0004602487824432815,Y,0.0002190870269512544,F,0.0006754515474749555,Y,0.002162171733782981,F,0.0005307183347572107,F,0.0005380644507011544,Y,0.0012887617556436007,F,0.001076299557177177,F,0.0005307183347572107,0.0008534372528607918,0.10017968058607149
214,E,E,0.0013691081043597662,E,0.00010601828039929306,R,0.0021685341141278692,E,6.715642286754447e-05,E,0.0003809318153840456,R,0.0010289242767864957,R,0.0020404876868191503,E,7.252032906312425e-05,R,0.002925702005737552,R,0.0034032265116477538,R,0.0035983787537939463,R,0.0035989972944958245,R,0.0033945660232975123,R,0.0038048071851993505,R,0.0036480959326495774,0.0021071636491085868,0.24734680915635135
215,A,A,0.0003422367661682302,T,0.006434795933723603,A,0.00035144187435884024,A,0.0015701122921288752,A,0.001142863123953032,A,0.0003453352120728173,A,0.00040457699493891936,V,0.008561504450469017,A,0.00043587505267183267,A,0.0003390030117417742,A,0.000567558066736039,A,0.0003599769435498184,A,0.0002865832696573236,A,0.00039983273938153877,A,0.000567558066736039,0.0014739502532191803,0.17301783472925358
216,S,S,0.0,S,0.0,S,0.0,S,0.0,S,0.0,S,0.0,S,0.0,S,0.0,S,0.0,S,0.0,S,0.0,S,0.0,S,0.0,S,0.0,S,0.0,0.0,0.0
217,F,Y,0.002128299248621176,F,0.00023769866101227508,L,4.6349316460188186e-05,F,0.0004311237723217785,F,0.0004148329027007533,L,0.0006662334141531829,L,9.199946680790749e-05,F,0.0002233665706903719,L,2.3962094996078046e-05,L,6.394726881328605e-05,L,0.00010594350745760767,L,0.00010594350745760767,L,0.00039847859197800445,L,0.0004892970623894437,L,0.00010594350745760767,0.00036889459288781787,0.04330223734850076
218,F,L,0.0015769505276291543,H,0.00807711729141651,I,0.005246939211175524,H,0.008047322472551561,H,0.008359917384322573,V,7.669471984901084e-06,V,0.0007348046614531605,H,0.008543793896929542,I,0.005424518068010603,I,0.004317170024346183,I,0.007275567154192772,I,0.007275567154192772,I,0.005583041853888566,I,0.003546338948772343,I,0.007275567154192772,0.005419485685003929,0.6361596509228536
219,L,C,0.001636091279123879,L,0.00037631394903333437,A,0.00029724928398337477,L,4.616878499337684e-05,L,4.006625892228374e-07,A,0.001496545658565044,A,0.001496545658565044,L,0.0004029553107473254,A,0.0004951917177788472,A,0.00029724928398337477,A,0.00024996413149552376,A,0.00024996413149552376,A,0.00029607249814127967,A,0.0002255745778266742,A,0.00024996413149552376,0.0005210834039878232,0.061166733459569154
220,-,-,,-,,-,,-,,-,,-,,-,,-,,F,0.0013481596383892282,-,,F,0.0003825623589606024,F,0.00037045970563571757,F,0.0015769505276291543,-,,F,0.0003825623589606024,0.0008121389179150609,0.09533192641348118
221,-,-,,-,,-,,-,,-,,-,,-,,-,,-,,-,,-,,-,,-,,-,,-,,,
222,I,M,0.00011029704235037319,R,0.00028552810659614956,F,0.004349591384108249,R,0.00023757898820938873,R,0.0002666710640388235,F,0.0014542360191050938,F,0.0009237796993499965,R,0.00029168665386835436,-,,F,0.00397471113770444,-,,-,,P,0.0005421923583393507,F,0.0030264302545404123,-,,0.0014057002462009667,0.1650063917319357
223,E,P,0.0025839672559516847,E,0.001763998930629839,P,0.0024094711154893614,E,0.0018234404509428368,E,0.0018433720166023807,P,0.0018850443613194032,P,0.0024352380118784866,E,0.0017221140168527558,P,0.0028705391027991642,P,0.0013966001087834987,P,0.0022620802213614735,P,0.0017983691434926064,-,,P,0.0013476568017027138,P,0.0022800121017857258,0.0020301359742565667,0.23830501043348515
224,-,-,,-,,-,,-,,-,,-,,-,,-,,-,,-,,-,,-,,-,,-,,-,,,
225,-,-,,-,,-,,-,,-,,-,,-,,-,,-,,-,,-,,-,,-,,-,,-,,,
226,-,-,,-,,-,,-,,-,,-,,-,,-,,-,,-,,-,,-,,-,,-,,-,,,
227,G,G,0.00015044554738310263,G,0.0001598997822791941,G,0.0004887820230734923,G,0.000159298889435584,G,0.0001594981170510359,G,1.2535702821545212e-05,G,9.119560301191828e-06,G,0.00015577671237310413,G,0.00010231575411848964,G,0.0003216719554155897,E,0.00045637542621641835,E,0.0017847776309124457,G,0.00014206783099075042,G,0.00039452382718413974,E,0.00046040559519754364,0.0003304996236502418,0.038795291182934434
228,-,-,,-,,-,,-,,-,,-,,-,,-,,-,,-,,-,,-,,-,,-,,-,,,
229,E,E,0.0,E,0.0,E,0.0,E,0.0,E,0.0,E,0.0,E,0.0,E,0.0,E,0.0,E,0.0,E,0.0,E,0.0,E,0.0,E,0.0,E,0.0,0.0,0.0
230,N,T,0.0013089060362461362,N,0.0009395757667237164,K,4.610963156272196e-05,N,0.0010010814533460133,N,0.0009821528620794706,K,0.0009143547359748158,K,0.0011345481578375128,N,0.0018451032589855277,K,0.00025041482470404395,K,0.00030283292868061576,K,0.00031159435459695537,K,0.00028631241053915334,K,0.001083864180375607,K,0.00027444101569469175,K,0.00031159435459695537,0.0007328590647962626,0.08602575851920556
231,I,T,0.0005810551328461921,T,0.00012081863675329497,V,2.461155579153463e-05,T,0.00012081863675329497,T,0.00012081863675329497,V,0.00031567169755261333,V,0.00031567169755261333,T,0.00013069337026993746,I,0.00015303834383794068,V,2.9795200485835912e-05,V,0.0002799266173826447,V,0.0007154301650207572,V,8.900663349624534e-06,V,3.451370657682618e-07,V,0.0002799266173826447,0.0002131681405865328,0.0250224795830057
232,-,L,0.0006092305603820247,-,,-,,-,,-,,-,,-,,L,0.0015769505276291543,-,,-,,-,,-,,-,,-,,-,,0.0010930905440055894,0.12831108694056154
233,L,-,,L,0.0012743050145318678,M,0.0001431789736284578,L,0.0012743050145318678,L,0.0007187160296651115,M,4.711471667622276e-05,M,2.8610947452224456e-05,-,,M,1.4498788318558752e-05,M,1.7585923711198e-06,L,0.000277083419725583,L,0.0016928006624353888,M,4.3629651176822884e-05,M,0.0011214325667391202,L,0.000277083419725583,0.0005318859843829176,0.06243478105165433
234,E,D,0.0003657985634309378,E,0.00042591075513317473,E,0.0007695372057610129,E,0.00042591075513317473,E,0.0005161796999989436,E,0.0008147620317472852,E,0.00021683995112649232,E,0.0004479355189546834,E,0.0004552803455216052,D,0.0019622283127503064,E,0.0003527523204732013,E,0.0003527523204732013,E,3.1791905501385774e-05,E,5.43319737676444e-05,E,0.0003527523204732013,0.0005029842653497499,0.059042188366690534
235,E,E,0.0003928642340433783,L,0.0008313306488454813,E,0.0004585870455001165,L,0.0020817792792354275,L,0.0008641524231880018,E,0.0004351587729500202,E,0.00016137307070060967,L,0.0006105889078328118,A,9.241274738258004e-05,E,2.076443362949178e-05,E,0.00046425057569738395,E,0.00046425057569738395,E,0.00028457650364507094,E,0.000300195692216064,E,0.00046425057569738395,0.0005284356990840805,0.062029773562223
236,A,A,0.0002340220005699282,A,0.00022591407465004804,A,5.458270219870154e-05,A,0.00022591407465004804,A,0.00022591407465004804,A,0.0002445874797571415,A,0.0002445874797571415,A,0.0002236227610100778,A,7.828931956354756e-05,A,0.0002524784559647289,A,0.0002508871466990006,A,0.0002508871466990006,A,0.00023578508296617735,A,0.00024678467470196097,A,0.0002508871466990006,0.0002163429080357701,0.025395145749069495
237,R,Q,0.0005104191116609417,R,0.0008783647592693613,E,0.0015740290275526785,R,0.0009027472836020694,R,0.0007211893717918139,E,0.0014230822853497193,E,0.0015238168929026686,R,0.0008460569570350068,E,0.0011679736185952834,E,0.0015317618865709844,E,0.0014300045364515693,E,0.0014374356927258295,E,0.0018370428950632456,E,0.0005595658868688659,E,0.0014300045364515693,0.0011848996494594403,0.13908798568552408
238,D,A,0.00019191963500914146,Q,0.0003879104626173062,I,0.00022990721027867658,Q,0.0005236866016366764,Q,0.00047963601743308,I,6.106634678694687e-05,I,0.0001408528799587264,Q,0.0011128793586892853,I,4.375749067015968e-05,T,0.008812810164868328,K,0.001632317598627435,K,0.0016123610892350888,I,0.0014432692055844534,I,3.505454838660593e-05,K,0.001632317598627435,0.0012226497472272897,0.14351923440802739
239,F,F,0.0003908429041873309,I,0.0003609211893903237,F,0.00024506814107769307,I,0.0003320487368426364,I,0.0005240047710538742,F,0.00011397399003296479,F,0.00011578796719513097,I,0.0005244710345274511,F,0.00021414803276656265,F,0.00010277322551883502,F,0.0003589769946248191,F,0.00027339833295902987,F,0.0003784139407694613,F,0.00022369365066386953,F,0.0003589769946248191,0.0003011666604156535,0.03535207742863238
240,S,T,0.00021422865498187344,S,5.422538552508417e-05,S,0.0001757424501424664,S,6.234344489155493e-05,S,6.079759822683618e-05,S,8.788913099053817e-06,S,1.3906161524155391e-05,S,7.61967783368039e-05,S,8.348254786325358e-05,S,0.0001685741996005039,A,0.003373499007829625,A,0.004387544069056519,S,0.00013877086652539362,S,6.707544973962162e-05,A,0.003373499007829625,0.0008172449690114913,0.09593129393134132
241,T,C,0.00967735349185222,T,0.0013887292175648808,A,0.00967735349185222,T,0.0015769505276291543,T,0.0015769505276291543,A,0.00967735349185222,A,0.00967735349185222,T,0.0015769505276291543,T,0.0015769505276291543,A,0.00967735349185222,A,0.00967735349185222,A,0.00967735349185222,E,0.0054145527872538814,T,0.0015769505276291543,A,0.00967735349185222,0.006140457505185487,0.7207900398767423
242,K,K,0.0007498658871917583,K,0.0008311970017723636,K,0.0016245503133261742,K,0.0005458009904483315,K,0.0005214483341310355,S,0.0009731018253950878,S,0.0009519634905380682,K,0.0008337825259311528,M,0.0007929742559782885,K,0.001486589476903411,A,0.0007286892739354987,A,0.0007286892739354987,K,0.0006085808382196796,M,0.000872337130743976,A,0.0007286892739354987,0.0008652173261590549,0.10156246997843119
243,H,H,0.0003594541186952107,Y,0.008436940431786749,Y,0.00611524193847605,Y,0.00754575763401222,Y,0.007646251315484173,Y,0.0065107933330966795,Y,0.00637544139032659,Y,0.008967635251371167,Y,0.004182336256728513,Y,0.004920976232259396,Y,0.007631842348436354,Y,0.007590932840260904,Y,0.005828731445467911,Y,0.0045863908732233566,Y,0.007631842348436354,0.0062887045172041085,0.7381918327585061
244,L,L,0.0,L,0.0,L,0.0,L,0.0,L,0.0,L,0.0,L,0.0,L,0.0,L,0.0,L,0.0,L,0.0,L,0.0,L,0.0,L,0.0,L,0.0,0.0,0.0
245,E,K,6.483663954890445e-05,Q,0.00026637775602913555,E,1.588247184986799e-05,Q,0.0002741389081938517,Q,0.0011966695440949896,K,3.816306801647622e-05,K,3.816306801647622e-05,Q,0.0011966695440949896,K,6.789587411441646e-05,K,6.149092781371593e-05,K,3.655773271179934e-05,K,3.655773271179934e-05,K,5.7297968153321554e-05,K,4.343999704352857e-05,K,3.655773271179934e-05,0.00022871326434033807,0.026847224784960443
246,E,Y,0.0006818723146817267,K,0.00022237940811735678,E,0.0015179821959340168,K,0.0006431625457373276,K,0.0006017246496806649,K,0.000102004305555829,E,0.0015769505276291543,K,0.0007024316178341123,D,0.008568741189565665,D,0.00967735349185222,A,0.009165758944767143,A,0.009339334406665694,E,0.0012441914922884428,H,0.0004684117555142983,A,0.009168431897288082,0.0035787153828741158,0.4200830966342507
247,Y,-,,M,0.0036356100200384566,A,0.003000708721826482,K,0.0024864857309161836,K,0.0020655967282992836,V,0.003483109784618047,V,0.0033125932051192284,Q,0.0034765609389107257,A,0.0008403751119249489,A,0.0020971135005634104,A,0.0009171721406573672,A,0.002190419652630178,T,0.00586764883541018,A,0.0018436845620075973,A,0.0009171721406573672,0.0025810179338271043,0.30296961063158245
248,-,-,,-,,-,,-,,-,,-,,-,,-,,-,,-,,-,,-,,-,,-,,-,,,
249,-,-,,-,,-,,-,,-,,-,,-,,-,,-,,-,,-,,-,,-,,-,,-,,,
250,-,-,,-,,-,,-,,-,,-,,-,,-,,-,,-,,-,,-,,-,,-,,-,,,
251,V,-,,V,3.584975253212994e-05,L,0.0003992948865848065,V,3.584975253212994e-05,V,0.001236116884358855,L,0.000560189628027492,L,0.0005533185775677059,V,0.0003182684957169866,L,0.00028589562875278333,L,0.0004748633653306784,L,0.0002662294922009613,L,5.057947168847559e-05,L,0.0005074120441577407,L,0.00011003246484991397,L,0.0002662294922009613,0.0003642949954644014,0.04276231927115204
252,K,-,,D,9.173208595293719e-05,-,,D,3.786776496075305e-05,D,1.6358655834949087e-06,Q,0.0015753034601689725,Q,0.0004878005921601958,N,0.0015925105194758015,Q,0.0011618469116136767,-,,Q,0.0014806321784973907,Q,0.0015275127573514775,Q,0.0013347190020478756,Q,0.0018980329315612882,Q,0.0014806321784973907,0.0010558521873226046,0.12393990831489622
253,-,-,,-,,-,,-,,-,,-,,-,,-,,-,,-,,-,,-,,-,,-,,-,,,
254,-,-,,E,0.009376482823018562,-,,E,0.00967735349185222,E,0.00967735349185222,K,0.0008388254702819919,K,0.0007979699425110728,-,,K,0.0006733291716863319,-,,T,0.000557139303000565,T,0.0005411480387124383,K,0.00039119930182123007,K,0.000502139982673247,T,0.000557139303000565,0.0030536436654918582,0.35844819992004007
255,-,W,0.0010891452550168272,G,0.00414429759213427,-,,G,0.004741260058223258,G,0.005174148976435039,-,,-,,-,,I,0.0008690902578166212,-,,L,6.581550326750565e-05,L,0.0012019321778503644,I,0.0015273503058010614,I,0.0022962684221349804,L,6.581550326750565e-05,0.0021175124051947434,0.24856158514099358
256,-,K,0.0005321398660443742,-,,-,,-,,-,,-,,-,,-,,-,,-,,-,,-,,-,,-,,-,,0.0005321398660443742,0.06246458263773008
257,-,-,,-,,-,,-,,-,,-,,-,,-,,-,,-,,-,,-,,-,,-,,-,,,
258,-,-,,-,,-,,-,,-,,-,,-,,-,,-,,-,,-,,-,,-,,-,,-,,,
259,-,-,,-,,-,,-,,-,,-,,-,,-,,-,,-,,-,,-,,-,,-,,-,,,
260,-,-,,-,,-,,-,,-,,-,,-,,-,,-,,-,,-,,-,,-,,-,,-,,,
261,-,-,,-,,-,,-,,-,,-,,-,,-,,-,,-,,-,,-,,-,,-,,-,,,
262,-,-,,-,,-,,-,,-,,-,,-,,-,,-,,-,,-,,-,,-,,-,,-,,,
263,-,-,,-,,-,,-,,-,,-,,-,,-,,-,,-,,-,,-,,-,,-,,-,,,
264,-,-,,-,,Q,0.0021314086968005023,-,,-,,-,,-,,-,,-,,Q,0.0024723404140060143,-,,-,,-,,-,,-,,0.0023018745554032583,0.27020270902929305
265,-,-,,-,,K,0.001421349835399059,-,,-,,-,,-,,E,5.987568828464072e-05,-,,K,8.842126481410382e-05,-,,-,,-,,-,,-,,0.0005232155961659345,0.06141701821177009
266,-,-,,-,,-,,-,,-,,-,,-,,-,,-,,-,,-,,-,,-,,-,,-,,,
267,Q,E,0.0001397707900433877,-,,-,,-,,-,,-,,-,,G,0.0015769505276291543,-,,-,,-,,-,,-,,-,,-,,0.000858360658836271,0.10075760853140751
268,N,K,0.0005492844732990494,-,,-,,-,,-,,-,,-,,R,5.287667951807992e-05,-,,-,,-,,-,,-,,-,,-,,0.00030108057640856466,0.0353419725635063
269,K,D,0.001374243937312393,R,0.0008674194340019166,-,,S,0.0014317590550660838,S,0.00021656214458320503,-,,-,,I,0.00013236655567429165,-,,-,,-,,-,,-,,-,,-,,0.0008044702253275782,0.0944317463810868
270,E,V,0.0006306166793765974,I,0.003434360529392957,I,0.004211493280683847,I,0.002889592460019547,I,0.003740544269226228,I,0.0011956774677258327,I,0.0014511749834385215,-,,-,,I,0.00967735349185222,-,,-,,-,,-,,-,,0.003403851645214469,0.39955693220199867
271,-,-,,-,,-,,-,,-,,-,,-,,-,,-,,-,,-,,-,,-,,-,,-,,,
272,K,H,0.0015038425636745806,N,0.004325282124742934,S,0.003150100544352147,N,0.004410533528564048,N,0.0047546598425761205,P,0.003764428522120208,P,0.0036735264617965857,S,0.004362706491955732,P,0.003187359248980753,P,0.003033826696264642,P,0.003751005073471045,P,0.0036565829194568304,P,0.005266224506939853,A,0.0015769505276291543,P,0.003751005073471045,0.0036112022750663785,0.42389653045395514
273,-,P,0.002172039462146189,D,0.0010383741388383728,V,0.00021073147315485086,D,0.0009755668261637771,D,0.0010108304936412489,V,0.00019378287008014284,V,0.00016932163146225412,D,0.001019252536363709,P,0.0002479207168793296,V,0.00020258377368105617,V,0.00010927515036012168,V,0.00010232056235997216,D,0.004055391345263834,V,0.0007623936855930068,V,0.00010927515036012168,0.000825270654423199,0.09687337912663138
274,-,T,0.00043470114893290004,E,0.001440873263685246,S,0.0008215505481330103,E,0.0013590856297248227,E,0.0013920987805179626,S,0.0008201863568910178,S,0.0012569292659415556,E,0.0020363324136917008,S,0.0006985688654920519,S,0.0001918775055298362,S,0.0006969544255125442,S,0.0002832820262071707,C,0.0023022089707076822,S,0.0006466401745016337,S,0.0007008266307902573,0.001005474400417293,0.11802637385891847
275,-,-,,-,,-,,-,,-,,-,,-,,-,,-,,-,,-,,-,,-,,-,,-,,,
276,-,-,,-,,-,,-,,-,,-,,-,,-,,-,,-,,-,,-,,-,,-,,-,,,
277,N,-,,N,3.8767208843946196e-05,S,0.0006217347822722985,N,4.756500557704231e-05,N,4.677060606104934e-05,N,0.001284763907572708,S,0.0004867705373711181,N,2.4745944251530642e-05,G,0.005750244245117551,S,0.0008224556855105166,G,0.004291447341264007,G,0.004291447341264007,S,0.00016990021979767028,S,0.000487827373314411,G,0.004291447341264007,0.0016182776813915614,0.1899595320897234
278,L,I,6.54076282484401e-05,L,9.965598958586374e-05,L,0.0011419313759911162,L,8.99002874248248e-05,L,0.00010444197739472169,L,0.00034396830963479935,F,0.0010786848585380058,L,7.2641922600256e-05,L,0.00030497285268205087,L,0.002968002717588356,L,0.0006139593239423578,L,0.0006152323288911736,L,0.00019107557052494968,L,0.00011922840866041758,L,0.0006139593239423578,0.0005615375250433128,0.06591539062463232
279,A,A,0.0026503674671055437,S,0.0014417123826632953,S,0.001066952973278545,S,0.0015543435898015224,S,0.0014155318463044408,S,0.0012751665353716263,S,0.0013828407173285683,S,0.0007043519618642602,S,0.001183967754804128,S,0.0012093976002089228,S,0.0012644712683317738,S,0.0012746743955157265,S,0.0012369054465139419,S,0.0012567460467658813,S,0.0012746743955157265,0.0013461402920915935,0.15801501989013103
280,T,L,0.0028383383965666755,S,0.000740655491942418,Q,0.0030586930619140263,S,0.0005668632007509895,S,0.001169153427539079,G,0.0015633448954020582,R,0.0022064316382617555,L,0.0005453950065139204,Q,0.0013974994088587404,R,0.0019735579227278754,R,0.0027360765914356323,R,0.002751519713581625,R,0.001472187135411071,Q,0.0004823448952230413,R,0.0027360765914356323,0.0017492091585043026,0.20532876223739832
281,L,Q,0.00138278395210684,W,0.0031910413051868033,E,0.00022534327679313618,W,0.005021382063291044,W,0.004895304505338394,E,0.00019010273778019774,E,8.477009556250142e-05,W,0.003182167385580788,E,0.0001326074536571087,E,0.00019797706098276778,E,0.0003257304529196742,E,0.0003377798659169797,E,0.00034737040651708703,E,0.00028538568553313973,E,0.00033729176758917384,0.001342469200983709,0.1575840933828132
282,V,I,0.0,I,0.0,I,0.0,I,0.0,I,0.0,I,0.0,I,0.0,I,0.0,I,0.0,I,0.0,I,0.0,I,0.0,I,0.0,I,0.0,I,0.0,0.0,0.0
283,N,E,1.557844784548695e-05,R,0.0004078084489742194,R,0.0004231507401222635,R,0.00014510264713319814,R,0.0004035326100605136,E,0.0001879764434988151,E,0.0002723643997627532,R,0.0006449502452944938,E,9.389159235634377e-06,G,0.0001556781675357741,Q,0.0007431699132104344,K,0.0015194975599491958,G,0.0008592099064843265,E,0.00019749073254479835,Q,0.0007431699132104344,0.00044853795565748944,0.05265107537534016
284,H,H,0.0002215797942567926,H,9.105414284551287e-05,D,0.00039732451892737395,H,0.00039870289250668793,H,4.801255436479522e-05,Y,0.0010958146149282534,Y,0.0006478081662226885,H,0.0001070230504783767,Y,0.001850773980447564,D,0.00028329252964059016,Y,0.0002688689674710964,Y,0.00028055760280140413,D,0.0007084579492134968,Y,0.0006242732031943197,Y,0.0002688689674710964,0.0004861608623180033,0.05706739392639437
285,S,A,0.001736345577621925,S,0.001458825550740571,V,0.0019485579371886282,S,0.001709125197249079,S,0.001740284156406783,V,0.0013698328174974043,V,0.0019659737088015957,S,0.001708689492399383,L,8.317302015640467e-05,V,0.0011721216737666249,V,0.002586242743184842,V,0.002586242743184842,V,0.0011481650999691285,L,0.0022143875618904404,V,0.002586242743184842,0.0017342806682161664,0.20357639979518644
286,L,L,0.0002990073546079477,L,0.00024983752895844187,L,0.00020800157373847223,L,0.0002510099099533308,L,0.00025863147872374874,L,0.0006184357687903226,L,0.0004145446089973062,L,0.00025940479324519774,L,0.0006335992631564783,L,0.00034112052935325284,F,0.005855643381460262,F,0.005855643381460262,L,0.0002274511723431077,L,0.00030839237779112455,F,0.005855643381460262,0.0014424244336026344,0.16931721522991372
287,E,E,0.0001999069242911849,D,0.0013721313299668316,E,0.00032179860114210434,D,0.0013721313299668316,D,0.0013721313299668316,E,0.00017807172142231799,E,0.00017807172142231799,D,0.0013721313299668316,E,0.0003816497439578661,E,0.0003447460506702026,D,0.0014868233152677418,D,0.0014868233152677418,E,0.0009391704209049647,E,0.00011678320063029154,D,0.0014868233152677418,0.0008406129100074536,0.09867431089841473
288,F,L,0.002066128341722119,L,0.0007468376563094236,Y,0.0007386377997801995,L,0.0002628341834301845,L,0.0002276891165582689,Y,0.0007873031713580897,Y,0.0003315203110846656,L,0.0009621796801372546,F,0.00034774320598692356,Y,0.0014413351196657974,Y,0.0014783448601427757,Y,0.0014934905228200564,H,8.744825049480062e-05,Y,0.0006341979796908334,Y,0.0014783448601427757,0.0008722690039549446,0.10239022248960888
289,P,P,0.0001009168742254458,P,1.4567992805211981e-06,G,0.0003478599665800324,P,6.954655477533747e-05,P,2.0738655618544226e-05,G,0.0009721518352517148,G,0.0009903926579664017,P,9.994722825393818e-06,G,0.0005350095936484172,G,0.0005698278762344392,R,1.9752839857292568e-05,R,1.9752839857292568e-05,G,0.0017315585522081197,G,0.00015063530378349292,R,1.9752839857292568e-05,0.0003706231941313159,0.04350514707602184
290,L,I,0.00019246807522994158,L,0.00017388163438484711,W,0.0001492227912547273,L,5.113804810599951e-05,L,0.00017664569461791607,W,0.0001921996198108007,W,0.0001909367078093406,L,5.4797395164513264e-05,W,3.0169954945451784e-05,W,0.00018306989120604416,W,0.00019671040495834594,W,0.00017255208933985192,W,3.981916811757817e-05,W,1.9703097038619162e-05,W,0.00019671040495834594,0.00013466833179615487,0.015807876231292747
291,H,H,2.920841363130039e-06,H,1.0860249430542813e-06,H,4.995532640372461e-05,H,1.0860249430542813e-06,H,1.0860249430542813e-06,H,9.413963800541758e-07,H,9.413963800541758e-07,H,1.0860249430542813e-06,H,1.2868575604956783e-06,H,9.49799122390869e-06,H,1.2868575604956783e-06,H,1.2868575604956783e-06,H,1.8003689404552562e-06,H,2.2660832494242715e-06,H,1.2868575604956783e-06,5.187662263663405e-06,0.0006089473441897983
292,W,W,0.0,W,0.0,T,0.0,W,0.0,W,0.0,T,0.0,T,0.0,W,0.0,T,0.0,T,0.0,S,0.0,S,0.0,T,0.0,T,0.0,S,0.0,0.0,0.0
293,R,R,0.00031340817483491384,R,6.944542203693109e-05,Y,0.00010762782212505462,R,0.0001277492671922981,R,0.0005892784068371651,N,0.00011017534272218476,N,0.00011017534272218476,R,2.601016826702119e-05,N,0.0006298216571008646,Y,8.533635933819051e-05,N,8.139117842833447e-05,N,8.139117842833447e-05,N,0.0017845226067517276,N,8.48402204871871e-05,N,8.139117842833447e-05,0.0002855042883800484,0.03351356918155558
294,M,M,0.0014877299983990244,I,0.0017092762944884295,L,0.0014802214835437756,I,0.0019184694459959636,I,0.0017575342044972577,L,0.0017054758588153998,L,0.0022386722256406573,I,0.0013727309817931242,L,0.00039078067622101253,L,0.0014002900284482709,L,0.0018594872836839177,L,0.0013911563835002521,L,0.002972201965008801,P,0.003307707586950278,L,0.0018594872836839177,0.001790081446711339,0.21012650543840977
295,P,P,0.0007097282747490637,Q,1.4037495329049595e-05,P,1.739192281142137e-05,Q,6.125268981677742e-06,Q,7.2143071568489445e-06,P,2.168047891257508e-05,P,2.168047891257508e-05,Q,3.075232667650948e-06,P,1.0369723916458622e-05,P,1.739192281142137e-05,P,2.4200428276237274e-05,P,2.4200428276237274e-05,P,1.0034284253165117e-05,P,1.5908852650835148e-05,P,2.4200428276237274e-05,6.181596853209699e-05,0.007256191315654044
296,R,R,5.7365888426562844e-05,R,1.988557836834783e-05,R,1.2440509495996965e-05,R,1.988557836834783e-05,R,1.988557836834783e-05,R,0.0004156491963688646,R,0.0004156491963688646,R,1.988557836834783e-05,R,7.34213323672647e-05,R,3.2300518202334876e-05,R,2.1726468060172477e-05,R,2.1726468060172477e-05,R,3.2300518202334876e-05,R,7.34213323672647e-05,R,2.1726468060172477e-05,8.381801396355982e-05,0.009838874314522046
297,L,L,0.0005212140222210499,L,0.0004953139070122779,M,0.001032404126244371,L,0.0005708641304176147,L,0.0009498348263079664,L,0.0007339795357166024,L,0.0007339795357166024,L,0.000982876068453469,M,0.0013614902129082263,L,0.00026073081428614137,L,8.09585160943073e-05,L,0.00012672801298689918,F,0.0016740203831837365,L,1.624687486209943e-05,L,8.09585160943073e-05,0.0006414399655003779,0.07529464016665113
298,E,D,0.0,E,0.0,E,0.0,E,0.0,E,0.0,E,0.0,E,0.0,E,0.0,E,0.0,E,0.0,E,0.0,E,0.0,E,0.0,E,0.0,E,0.0,0.0,0.0
299,A,S,0.0,A,0.0,A,0.0,A,0.0,A,0.0,A,0.0,A,0.0,A,0.0,T,0.0,A,0.0,A,0.0,A,0.0,A,0.0,A,0.0,A,0.0,0.0,0.0
300,-,R,0.0,R,0.0,-,,R,0.0,R,0.0,-,,-,,R,0.0,-,,-,,-,,-,,-,,-,,-,,0.0,0.0
301,R,W,1.8754876528796164e-06,-,,R,1.5961285654668883e-05,-,,-,,R,1.6666380606576345e-06,R,1.6666380606576345e-06,W,1.767661281500436e-06,R,7.137271416627207e-06,R,0.00015147032192243956,R,1.1870155682051458e-06,R,1.1870155682051458e-06,R,5.704769460431235e-06,R,1.1870155682051458e-06,R,1.1870155682051458e-06,1.5999844648556898e-05,0.001878122054018944
302,W,Y,0.000670949150671116,W,0.0004253458994627311,N,0.0008922401101341877,W,0.0016924914571830427,C,0.00016446778535137558,N,0.0028639780367561967,N,0.0014687006125064612,-,,M,0.0033963867060667987,N,0.0008180382980095472,S,0.0027960097514181472,S,0.002781833768551087,N,0.0013237470512337875,M,0.0029292786890343313,S,0.0027960097514181472,0.00178710550484264,0.2097771781681862
303,F,-,,S,4.443674162544946e-05,H,0.000259525705300945,F,0.0001988991363757778,F,0.0009367059209642494,Y,2.367480753883326e-05,Y,1.0553740354775352e-05,F,0.00019285042880481457,Y,0.00013347555719257995,Y,0.00019790732040278537,Y,3.908176144828282e-05,Y,3.908176144828282e-05,Y,4.189959181760915e-05,Y,2.491453832006483e-05,Y,3.908176144828282e-05,0.0001558634837887666,0.018295843037845337
304,I,I,0.00021981503458096778,L,0.00020223351111420566,I,0.00015770481623024094,L,0.0011822443386917724,L,0.0011587982143284313,I,0.00021660112676536206,I,0.00021523475269604795,L,0.0003791206906352789,I,0.0005164977824216499,I,8.28829252020696e-05,I,0.0002347213630709039,I,0.0002350543297701286,M,0.0008291670733589916,M,0.0026714973628925156,I,0.0002347213630709039,0.0005690863123219647,0.06680149572005976
305,N,K,0.00028546112454591854,D,1.3671498211488522e-05,D,0.00015471975620574716,D,1.3671498211488522e-05,D,1.9794929211039257e-05,E,0.00015927729791933806,D,0.00015927729791933806,D,1.2196312177720994e-05,D,0.00013543893205858186,D,0.0001518867443196929,D,0.00014950809851500314,D,0.00014950809851500314,D,0.00015950043254514223,E,4.874208477397564e-05,D,0.00014950809851500314,0.00011747748024296542,0.013789949298963251
306,I,L,0.0009187135063488289,A,6.158828497786674e-05,V,9.27036052528863e-05,A,7.544739530664926e-05,A,0.0001548820169872153,V,0.0005825617786930369,V,0.0005984231138431069,A,5.8654165633778893e-05,V,0.0011965751071011028,V,0.000254044109994867,I,0.0011448043581553872,I,0.0012262217077334328,V,0.0002482578195296908,V,0.0014401545577433497,I,0.0011448043581553872,0.0006131890590304389,0.0719784423126923
307,Y,Y,0.0001283741294884494,Y,0.0001625281462006049,F,0.00025897806250043103,Y,0.0001287637792869048,Y,0.0001287637792869048,Y,0.0003378552164217416,Y,0.00042465077220161845,Y,0.0001130710218432632,F,0.00029552878331767703,F,0.00025897806250043103,L,0.000164204469220254,L,0.000164204469220254,F,0.0008615319983886505,-,,L,0.000164204469220254,0.0002565455113641028,0.03011427881557257
308,R,-,,-,,G,9.219117062334294e-06,-,,-,,E,0.004267204396865657,G,0.000551498364631501,-,,G,0.00014489897872412442,G,0.0002299182178658497,A,0.004777489382432081,A,0.004738347601801218,G,0.0004430591683596215,-,,A,0.004777489382432081,0.0022154582900193853,0.260058842172558
309,-,-,,-,,-,,-,,-,,-,,-,,-,,-,,-,,-,,-,,Q,0.000395965069235227,-,,-,,0.000395965069235227,0.04647987186668672
310,-,-,,-,,-,,-,,-,,-,,-,,-,,-,,-,,-,,-,,-,,-,,-,,,
311,-,-,,-,,-,,-,,-,,-,,-,,-,,-,,-,,-,,-,,-,,-,,-,,,
312,-,-,,-,,-,,-,,-,,-,,-,,-,,-,,-,,-,,-,,-,,-,,-,,,
313,-,-,,-,,-,,-,,-,,Q,0.0,Q,0.0,-,,-,,-,,-,,-,,-,,-,,-,,0.0,0.0
314,-,-,,-,,-,,-,,-,,S,0.0015769505276291543,D,0.0030719761383735376,-,,-,,-,,-,,-,,D,0.0066104998074762574,-,,-,,0.003753142157826317,0.4405579687373792
315,-,-,,-,,Q,0.00722056641501449,-,,-,,G,0.0015769505276291543,S,0.004321407370985283,-,,-,,Q,0.00967735349185222,-,,-,,T,0.00967735349185222,-,,-,,0.006494726259466672,0.7623754411778307
316,-,-,,-,,-,,-,,-,,Y,0.0066002998419181095,Y,0.005350295457490994,-,,E,0.000434421578909004,-,,D,0.0018576611854068553,D,0.001981797777000196,-,,-,,D,0.0019244067399846621,0.0030248137634516364,0.3550640373843226
317,-,-,,-,,-,,-,,-,,-,,-,,-,,-,,-,,-,,-,,-,,-,,-,,,
318,-,-,,-,,-,,-,,-,,-,,-,,-,,-,,-,,-,,-,,-,,-,,-,,,
319,-,-,,-,,-,,-,,-,,-,,-,,-,,-,,-,,-,,-,,-,,-,,-,,,
320,-,-,,-,,D,0.0037754024924333243,-,,-,,E,0.0017748902370476223,E,0.0006976388258877605,-,,D,0.002658880768362802,D,0.003169810258208365,N,0.0011032154699798546,N,0.0015419324421621994,-,,-,,N,0.0011032154699798546,0.0019781232455077227,0.2321995603432732
321,-,-,,-,,T,0.007945352673047463,-,,-,,S,0.00967735349185222,S,0.00967735349185222,-,,T,0.00907043669347287,T,0.00779882375696266,T,0.008766750627090172,T,0.006449702014072073,-,,-,,T,0.008766750627090172,0.008519065421929982,1.0
322,-,-,,-,,Q,0.0015769505276291543,-,,-,,L,0.00034346136330681636,S,0.0003523505204693949,-,,T,0.00015004408267507702,E,0.00967735349185222,I,0.0004887422864296623,I,0.00016201560391375977,K,0.0008686584262921801,-,,I,0.0004887422864296623,0.0015675909543331028,0.18400973307444884
323,-,E,0.0005644780579230737,A,0.00030197422211597047,N,0.0020057595426226167,A,0.0002876177282149006,A,0.00018541690349635584,N,0.002559226769799117,N,0.002354606741855083,A,1.500872084831225e-05,F,0.0005685927235804224,N,0.002513890948882022,S,0.0032259530811417454,S,0.005731147966589265,N,0.002103652457528265,F,0.0005194106063574264,S,0.0032259530811417454,0.0017441793034730885,0.2047383389007884
324,-,-,,-,,-,,-,,-,,-,,-,,-,,-,,-,,-,,-,,-,,-,,-,,,
325,-,-,,-,,-,,-,,-,,-,,-,,-,,-,,-,,-,,-,,-,,-,,-,,,
326,-,-,,-,,-,,-,,-,,-,,-,,-,,-,,-,,-,,-,,-,,-,,-,,,
327,-,E,0.00967735349185222,A,0.00967735349185222,S,0.0015769505276291543,A,0.00967735349185222,A,0.00967735349185222,E,0.00967735349185222,E,0.00967735349185222,A,0.00967735349185222,E,0.00967735349185222,S,0.0015769505276291543,G,0.00967735349185222,G,0.00967735349185222,M,0.002451913089905706,P,0.0014719509959770067,G,0.00967735349185222,0.007568576903434364,0.8884280761538881
328,H,-,,-,,K,0.0004377319235301829,-,,-,,M,0.0015511340751734927,M,0.0018383691878171027,-,,T,0.0034603374549339724,K,0.006320490619347733,T,0.004936998336134614,T,0.004901550059619238,E,0.00016455394852736322,Q,0.002467199566616721,T,0.004936998336134614,0.0031015363507835036,0.3640700237844699
329,N,K,0.00022488261618939818,R,0.00040607888119576516,S,0.0011416337912046176,R,0.000550142419747024,R,0.0005349022767699683,P,0.0005048611305600328,P,0.0013063600022140953,R,0.0005002441373249501,P,0.00030073244106255844,S,0.0008386152543778213,P,0.002613241658537086,P,0.0027816830930513722,S,0.003427731531647297,D,0.0022163089218621506,P,0.002613241658537086,0.001330710654285415,0.15620383086387246
330,Q,E,0.0005108456233104187,E,0.004216249963468914,C,0.002518685959654352,E,0.0031144140262570285,E,0.004929959843696066,Y,0.0003994649442240581,Y,0.00018573616010824539,E,0.0018230539939818966,Y,0.00038104957343944784,Y,0.0003386184263384984,D,0.0012532457164412315,D,0.000972477584479866,N,0.0004035253158513478,T,0.00018189690414361108,D,0.0012532457164412315,0.001498831316789081,0.17593846772566785
331,D,G,0.0007809358539583256,D,0.0006142032527782704,I,0.001335928613534116,D,0.000640972044411644,D,0.0007304686699038074,M,0.00015219404453092718,V,0.00031225447332949353,D,0.0007290306678752915,L,0.0009788019971148372,M,0.0004808535257291006,A,0.002340760410644757,A,0.00357782479034231,R,0.0012241019568935147,I,0.0005297804095761202,A,0.002360494352396103,0.0011192403375345744,0.13138064824028692
332,V,T,0.0028567967796559912,K,0.00019613949435222556,N,0.00019544473765084624,K,9.413213619328004e-05,K,0.0003903529235732282,N,0.000828790633647461,N,0.0018233345040509384,K,0.00046240927630903365,I,0.0007571705608355551,K,0.0010695482037893162,N,0.0016192503953882673,N,0.0016324574088052268,K,0.00024650821518162403,Y,0.0037070621768630443,N,0.0016192503953882673,0.0011665765227789535,0.1369371480322154
333,N,R,0.003231843912464892,N,0.00027284911844037315,T,0.0008766977996169267,N,0.0014453792107020948,N,0.0010970526555024807,M,0.0007459654888855674,T,0.0012366531311313856,N,0.0014318360429056076,R,0.0027599450341778964,T,0.0001839750646414573,T,0.0032378038547563864,T,0.002431842030672602,A,0.006377953178914817,E,0.001989031268584091,T,0.0032378038547563864,0.0020371087764101976,0.23912350422456244
334,P,P,3.40078423755996e-05,P,0.0006114981075503596,E,6.692829143097228e-05,P,0.00015825861487647438,P,0.0006114981075503596,K,9.087974414160735e-05,Q,2.9301382137461702e-05,P,0.0006114981075503596,E,4.2571579108458036e-05,E,4.2571579108458036e-05,K,6.692829143097228e-05,K,6.692829143097228e-05,E,4.2571579108458036e-05,Q,2.1355536417325185e-05,K,6.692829143097228e-05,0.00017091502304325404,0.020062649431389565
335,I,L,0.000662398183041966,L,0.0010378323114470832,K,0.00013759258292079314,L,0.0009017340763632415,L,0.0006244030255592812,K,0.0006071481168848273,K,0.0008311640841180337,L,0.0009298472670853027,K,0.00019198750457758638,K,0.000421539555921341,K,0.0006820637552555554,K,0.0006820637552555554,K,0.0003748182228274161,K,0.0006138358613295425,K,0.0006820637552555554,0.0006253661371895387,0.07340783363157492
336,L,L,8.721300404828664e-06,I,1.8840733190618525e-05,L,2.078542728298108e-05,I,1.8840733190618525e-05,I,4.1646050476058894e-05,L,1.1336532142890575e-05,L,1.1336532142890575e-05,I,0.00019623414381226905,L,2.424976491093926e-05,L,0.00019517146919581879,L,0.00019623414381226905,L,0.00019623414381226905,L,0.00019623414381226905,L,7.598372026197174e-06,L,0.00019623414381226905,8.931317560167916e-05,0.010483917093976888
337,L,L,4.158595544902883e-05,F,0.00017723160701260362,L,0.0002035988219507968,F,0.00017723160701260362,F,0.00011993492179511483,L,0.00020090840490765474,L,0.0002026791028988843,F,2.3360760109169163e-05,L,3.089269569597532e-05,L,0.00016345701796938874,L,0.00020351643429640274,L,0.00020351643429640274,L,0.000162135775136857,V,0.0017401024473193826,L,0.00020351643429640274,0.00025691122800977785,0.030157208013502378
338,E,E,0.00021476098181456765,E,0.0012834176035448402,E,0.0004908479784506566,E,0.0011916131806476997,K,0.0013373047089985193,Q,0.001959469174746666,K,0.0019696848055077865,K,0.0027145594775435846,E,0.00023353725366068092,E,0.0002317108350333548,E,0.0002412721071436072,E,0.0002412721071436072,E,0.00021712512397510875,E,0.0001930594064124062,E,0.0002412721071436072,0.0008507271234511128,0.0998615553838982
339,F,L,1.2021308391063795e-05,L,6.355156080644746e-06,L,0.0002108442978352216,L,6.355156080644746e-06,L,6.355156080644746e-06,L,0.00022146744334069137,L,0.00022146744334069137,L,6.355156080644746e-06,L,5.005016138187345e-05,L,0.00021059558630172941,L,6.024888099068438e-05,L,2.558349219289927e-05,L,1.0955554490029866e-05,L,1.6890154176326642e-05,L,6.024888099068438e-05,7.50529218502983e-05,0.008809994774437965
340,A,A,0.0,A,0.0,A,0.0,T,0.0,A,0.0,A,0.0,A,0.0,A,0.0,A,0.0,A,0.0,A,0.0,A,0.0,A,0.0,A,0.0,A,0.0,0.0,0.0
341,E,K,0.0,K,0.0,K,0.0,K,0.0,E,0.0,K,0.0,K,0.0,K,0.0,K,0.0,K,0.0,K,0.0,K,0.0,K,0.0,K,0.0,K,0.0,0.0,0.0
342,L,L,1.4161232872078346e-05,L,7.079657308891714e-06,L,0.00013788535939083268,L,7.352428190631696e-06,L,7.352428190631696e-06,L,5.5212544393879835e-05,L,4.027518838253469e-06,L,7.079657308891714e-06,L,4.7464917973213724e-05,L,0.00011874853063951836,L,2.3610067829669303e-05,L,2.3610067829669303e-05,L,5.3166896923663466e-06,V,0.0014864265562358637,L,2.3610067829669303e-05,0.00013126251496827076,0.015408088618543963
343,D,D,0.0,D,0.0,E,0.0,D,0.0,D,0.0,E,0.0,E,0.0,D,0.0,E,0.0,E,0.0,E,0.0,E,0.0,E,0.0,E,0.0,E,0.0,0.0,0.0
344,F,F,0.0,F,0.0,F,0.0,F,0.0,F,0.0,F,0.0,F,0.0,F,0.0,F,0.0,F,0.0,F,0.0,F,0.0,F,0.0,F,0.0,F,0.0,0.0,0.0
345,N,N,0.0,N,0.0,N,0.0,N,0.0,N,0.0,N,0.0,N,0.0,N,0.0,N,0.0,N,0.0,N,0.0,N,0.0,N,0.0,N,0.0,N,0.0,0.0,0.0
346,I,M,0.0,I,0.0,I,0.0,I,0.0,I,0.0,I,0.0,I,0.0,I,0.0,I,0.0,I,0.0,I,0.0,I,0.0,I,0.0,I,0.0,I,0.0,0.0,0.0
347,V,V,0.00024084427350411027,I,0.00048580033568015256,F,2.4531989999394203e-05,I,0.0012909422532838975,I,0.0003522116400574573,F,0.0003347585778776751,F,0.0003347585778776751,I,0.00044974113403144797,F,7.557108212042783e-05,F,2.4531989999394203e-05,F,0.0003300347134916551,F,0.0003300347134916551,F,5.628267205672736e-05,F,1.823540220046602e-05,F,0.0003300347134916551,0.00031188760461091944,0.03661054225596753
348,Q,Q,9.605491084015663e-05,Q,0.00018195365715566858,H,0.0037660240811997455,Q,0.00019993944707775193,Q,8.681612900218218e-05,H,0.00316281889765645,H,0.0032420161248511424,Q,0.0001540158442545535,H,0.0032231968726654774,H,0.0028664441257795895,H,0.002203596188347878,H,0.0011030370249866654,Q,0.00021767873189800006,H,0.002021123273928289,H,0.002203596188347878,0.0016485540998660952,0.1935134921751332
349,A,S,2.464170399322966e-05,A,0.0001584817176692676,S,0.00011771679209838474,A,0.0001588433844017853,A,0.000156193220462173,S,3.360276728045801e-05,S,2.790751733464786e-05,A,0.0001194979980937988,S,0.0002671810151343947,A,0.0003880822613536991,S,0.00026143621733389565,S,0.00026143621733389565,S,7.263209138980002e-05,S,0.00025746211296888823,S,0.00026143621733389565,0.0001711034156121476,0.020084763661010176
350,A,A,0.0008281311261752369,T,0.009198562458534272,L,0.0010668557592428333,T,0.006206498857025248,T,0.009184524853511932,L,0.0008325665677590384,L,0.0008396024505419567,T,0.0034317765601978847,L,0.0015769505276291543,L,0.0015769505276291543,V,0.007514217521168087,L,0.0015769505276291543,I,0.0009720944027863356,L,0.00011142869271854536,V,0.007514217521168087,0.003495421890247795,0.41030579261074773
351,H,H,0.0002850940122851795,Q,0.0017567270942417704,Q,0.001886846004695702,Q,0.0015258523836490367,Q,0.0005605330185638103,Q,0.001490182792560926,Q,0.001490182792560926,Q,0.0005238348834383764,V,0.0017447924762125106,Q,0.0003094249783915272,Q,0.0015177868782454097,Q,0.0015177868782454097,Q,0.0011219001123216623,Q,0.00016054411938577605,Q,0.0015177868782454097,0.0011606183535362291,0.13623775567546856
352,Q,Q,0.00011686901172173446,Q,0.0006177452734004923,K,0.0008348401799799227,Q,0.0009367304126079546,Q,0.0006164542730701804,L,0.0023101205665145897,Q,0.002372540935660944,Q,0.0006565936612378056,K,0.0015769505276291543,K,0.00045433237532007916,Q,0.0022571263393251165,Q,0.0022571263393251165,K,0.0003858671110537564,K,0.000618423181170222,Q,0.0022571263393251165,0.0012179231018228122,0.142964402959931
353,A,T,0.002585028059286178,E,0.00044708195200371446,R,0.001069740965442282,E,0.00036519539479301037,Q,0.0005701164092274768,R,0.00013067636784349604,K,0.0006730990804510545,E,0.00028445123778740084,R,0.00023495126567566632,R,0.002680128767297186,K,0.00368490762778585,K,0.0036856780020820645,T,0.0015519531738995929,R,2.983275845114627e-05,K,0.00368490762778585,0.0014451832459874646,0.16964105502315308
354,D,E,0.0,E,0.0,E,0.0,E,0.0,E,0.0,E,0.0,E,0.0,E,0.0,E,0.0,E,0.0,E,0.0,E,0.0,E,0.0,E,0.0,E,0.0,0.0,0.0
355,L,L,2.548311438908723e-05,L,5.3187457084056474e-05,L,0.0005449864924885643,L,3.8518115985803033e-05,L,2.189360190978925e-05,L,0.0005373107799401834,L,0.0005400332259828844,L,4.979483937726848e-05,L,0.00014143979866160507,L,8.362930787735503e-05,L,0.0005407008734191338,L,0.0005461152025228886,L,6.869902073348864e-05,L,0.00025079372764167697,L,0.0005407008734191338,0.00026555242876219454,0.031171544718814243
356,K,R,0.004868039279325458,K,0.0006658612071129883,E,0.0015769505276291543,K,0.00046156269461805383,K,0.00032713781856468166,Q,0.00967735349185222,Q,0.00967735349185222,K,0.0003985972617928989,Q,0.007321263371057938,E,0.0015769505276291543,Q,0.00902277240030726,Q,0.00967735349185222,E,0.0015769505276291543,Q,0.005276379681657422,Q,0.009298188359041075,0.0047601809421281265,0.5587679758714325
357,Q,K,0.0010240739261969654,E,0.0006496765543314855,Y,0.0019496123467288814,E,0.0005547225414042907,E,0.00021013748493994486,S,0.002207987826208687,Y,0.0004420918063110033,E,0.0005109637383034762,S,0.001973937545963878,Y,0.002042948329225631,C,0.0011215295722214191,C,0.0011358937093099474,S,0.0016397889027258768,S,0.00043528049366381563,C,0.0011215295722214191,0.0011346782899837812,0.13319281327067467
358,V,V,0.0006822460852347067,V,0.0018002376344923052,L,0.001445596730797521,V,0.0008034312018801814,I,0.0005599491965504171,I,0.002232152626442304,I,0.002214057139874603,V,0.0019755218789878647,L,0.0012511719778517767,L,0.002097406298227788,L,0.0016324780783613007,L,0.0016324780783613028,L,0.001960156460833223,L,0.0012470198592190226,L,0.0016415557304626893,0.0015450305985051337,0.18136151349746407
359,S,S,0.0021164563491126967,S,0.0001651625733789668,V,0.005337752567682438,S,3.0692405647569595e-05,S,0.0006655186868984525,S,0.0004372493414828603,S,2.9713033241368796e-05,S,0.00010747859285021536,S,0.005490582095138778,V,0.007443149438467488,W,0.007084346475228204,W,0.0082840168801013,L,0.00047552708382103,T,0.0023474153328142877,W,0.007084346475228204,0.0031399604887395903,0.36858039388412595
360,T,R,0.00015222453693987628,R,0.00019210310469312464,R,7.83632201542495e-05,R,0.0001698526925364488,R,0.00016177113942744946,R,0.00014688908891922212,R,0.0008605030710617401,R,4.61560028563816e-05,R,5.1966774061037486e-05,R,7.20290508246935e-05,R,6.547944182467751e-05,R,6.547944182467751e-05,R,8.278292921882922e-05,R,0.000272900989003282,R,6.547944182467751e-05,0.00016559872834469113,0.019438602727290123
361,W,W,5.9642983575002175e-06,W,4.049159442330511e-05,W,1.6861627489991987e-05,W,4.049159442330511e-05,W,4.049159442330511e-05,W,3.477868494131711e-05,W,3.477868494131711e-05,W,0.00025702651902446673,W,5.710817704885171e-05,W,3.477868494131711e-05,W,3.477868494131711e-05,W,3.477868494131711e-05,W,1.4408391183999849e-05,W,5.096623841075755e-05,W,3.477868494131711e-05,4.883214296222572e-05,0.0057321009457822515
362,W,W,0.0,W,0.0,W,0.0,W,0.0,W,0.0,W,0.0,W,0.0,W,0.0,W,0.0,W,0.0,W,0.0,W,0.0,W,0.0,W,0.0,W,0.0,0.0,0.0
363,K,S,0.0008904567080038837,N,0.00017190362430670849,K,0.00024416325448166576,N,8.825133994777171e-05,N,5.347092483859944e-06,K,0.00045649003703971595,K,0.00045649003703971595,N,0.00033059957561973227,K,0.00034109873223539837,K,0.0012436765248793596,K,0.0008223714209571455,K,0.0008223714209571455,N,9.575603007737921e-05,K,0.0003501009081249803,K,0.0008223714209571455,0.00047609654180744056,0.055886006061399825
364,S,E,0.0018253213468055573,D,0.002708719019804915,D,0.0010540879582895176,N,0.0015769505276291543,D,0.00271324817167781,E,0.0013406996997459286,D,0.001681690410176447,D,0.0020948965754501647,D,0.001767535393874573,G,0.0013110876588745394,E,0.0014171236476280995,E,0.0012936620396787645,D,0.0003977705309170587,H,7.747640563444337e-05,E,0.0014171236476280995,0.0015118262022543385,0.17746385634773498
365,-,F,3.0185144019528552e-05,S,1.324768273801339e-05,-,,S,0.0003914073587418651,S,1.167258839302713e-05,-,,-,,S,3.887447554594243e-05,-,,-,,-,,-,,-,,-,,-,,9.707744988767531e-05,0.011395316866305103
366,T,G,0.0022421656670370844,-,,S,1.0247536755825834e-05,-,,-,,S,0.000135351324061947,S,8.663432318633266e-06,-,,Y,0.004585063410013696,S,6.0113580200668365e-05,W,0.003869260539807244,W,0.003869260539807244,S,0.001012129989514333,Y,0.00426185166617169,W,0.003869260539807244,0.002174851656863237,0.2552922825624372
367,G,-,,C,0.0002968342582995097,G,0.00033713209630166957,R,0.0013832730110033195,S,0.001102013751401609,-,,-,,C,0.0003389087568069731,-,,G,0.0008766696937259034,-,,-,,G,0.0015769505276291543,-,,-,,0.0008445402993097342,0.09913532265355052
368,-,-,,-,,-,,-,,-,,-,,-,,-,,-,,-,,-,,-,,-,,-,,-,,,
369,L,L,0.00030947097281152085,L,7.006010819026633e-05,S,0.00020663065444004552,L,0.00010116209316460424,L,0.0002399931642335047,G,0.000370483332785815,C,0.0006158251315281769,L,3.195393687578043e-05,G,0.0002585493870763397,S,0.0003732319178265919,G,8.504618685802089e-05,G,8.504618685802089e-05,-,,G,0.001413846846180175,G,8.504618685802089e-05,0.0003033104361204916,0.035603721898848514
370,V,A,0.005221653547442201,A,0.006673735344041892,P,0.000489785257539529,A,0.006983355215248218,A,0.005981099146304428,S,0.0013609051331428246,S,0.0015769505276291543,A,0.005970145273778424,F,0.00022386068632684208,P,0.0007001403619602564,C,0.008510986720246359,C,0.008418895593483574,S,0.0014584879967865587,F,0.0015769505276291543,C,0.008510986720246359,0.004243862536787051,0.4981605759080566
371,E,E,0.0010791583020806086,E,0.0017813000660870082,-,,E,0.0017660339824828702,E,0.0016418139609884314,S,0.0012709689872399208,S,0.0020682751136037758,E,0.0009075301896267313,P,0.0006442073787622563,-,,P,0.002369714792469976,P,0.002225248114148597,P,0.0007292053849755882,P,0.0007678959516403093,P,0.002369714792469976,0.001509312847428927,0.17716882928773126
372,N,K,0.0013315292827979464,K,0.0003593023261208666,Q,0.0003576745637522045,K,0.0003991811626386582,K,0.00035727239206376416,Q,0.0006767940745923879,H,0.0005699802276547565,K,0.00010061744233183891,E,0.0015839732389056425,Q,5.158830464176164e-05,E,0.0039333270776621965,E,0.0039333270776621965,Q,0.0004763615720515807,Q,0.0003614876104393657,E,0.0039333270776621965,0.0012283828953984911,0.1441922129434948
373,L,A,0.004061127784124245,L,6.26275818781501e-05,M,2.7081118528215902e-05,L,6.593211926066386e-05,L,5.8714207449253434e-05,L,0.00011962006798760347,L,0.00011242228192638933,L,7.734312931075463e-05,I,0.0003833034006145095,M,0.0013394908008341343,L,0.0001350434965953869,L,0.00015003370463901556,I,0.0004316196464814362,L,9.915518539571478e-05,L,0.0001350434965953869,0.00048390386810805733,0.05680245944142892
374,S,S,9.788981439286167e-05,P,6.809778205920622e-05,T,0.0017182306481013396,P,6.748424469633717e-05,P,0.0007376821773524311,T,0.0029028298522266573,T,0.0029430463627611926,P,0.000847056039259113,T,0.002443021806046688,T,0.0016519902689934617,T,0.0023602045205084322,T,0.0023593099007412415,T,0.0015432686128827458,S,0.00011402182901193832,T,0.0023602045205084322,0.001480955891969472,0.1738401830037788
375,F,F,0.00022630950475807332,F,0.00034721833418472974,F,0.0002403911377588228,F,0.00034721833418472974,F,0.00034721833418472974,F,0.0002713297378595385,F,0.00026589345237752326,F,0.00013273687598580386,F,0.0003015633785155412,F,0.00023538219760356547,F,0.0002698531346115717,F,0.0002698531346115717,F,5.25011115991577e-05,F,0.00023302829272156786,F,0.0002698531346115717,0.00025402333970456654,0.029818216802356464
376,A,A,0.000395879697032729,V,0.002201596967296126,G,0.0002754407795312955,V,0.0015084734764332702,V,0.0015565860261392854,T,0.003699333344076512,T,0.0030361194088407866,V,0.001803943473602577,S,0.004135875436377149,C,0.0015769505276291543,I,0.002669454619333755,I,0.0018664733926705168,T,0.0008681850374724348,T,0.004993802685427273,I,0.0028008608878321,0.002225931717312998,0.26128825253330623
377,R,R,0.0,R,0.0,R,0.0,R,0.0,R,0.0,R,0.0,R,0.0,R,0.0,R,0.0,R,0.0,R,0.0,R,0.0,R,0.0,R,0.0,R,0.0,0.0,0.0
378,D,D,0.0,D,0.0,H,0.0,D,0.0,D,0.0,H,0.0,H,0.0,D,0.0,H,0.0,H,0.0,H,0.0,H,0.0,H,0.0,H,0.0,H,0.0,0.0,0.0
379,R,R,1.0116608008946824e-05,R,5.0705054989341256e-05,R,0.0001371530483809669,R,3.840980341271699e-05,R,0.00021220059215356664,R,0.0006581292201652805,R,6.598416588578319e-05,R,0.0006268330305071105,R,0.00012165577481263139,R,0.0001594767615152835,R,0.00011834113330327319,R,9.895903067096642e-05,R,0.0005948193197713231,I,0.00042886373144295577,R,0.00011834113330327319,0.0002293325605548946,0.02691992010820122
380,P,L,0.0015769505276291543,V,0.00967735349185222,H,0.0015769505276291543,V,0.00967735349185222,V,0.00967735349185222,H,0.0015769505276291543,H,0.0015769505276291543,V,0.00967735349185222,H,0.0015769505276291543,H,0.0015769505276291543,Y,0.00967735349185222,Y,0.00967735349185222,H,0.0015769505276291543,H,0.0015769505276291543,Y,0.00967735349185222,0.005357138577599919,0.6288411125250248
381,V,M,0.0012055959802728317,V,0.0004557656495926269,V,0.0005062362069111289,V,0.0009157775374789825,V,0.0009157775374789825,V,0.00043839724820779767,V,0.00046475925145090906,V,0.0006112616167612353,V,0.00037792544144378196,V,0.00045011524788803666,V,0.0006540618853010578,V,0.00019588297634497804,V,0.0003987558407313087,V,0.00038066134788228913,V,0.0006540618853010578,0.0005750023768698004,0.06749594566906547
382,E,E,0.0003633641742809017,E,0.00118111107621933,E,0.00018231802451223921,E,0.001182393174762684,E,0.0011823931747626843,E,0.00028924570356629,E,0.0002894253411115656,E,0.000559547021625696,E,0.00010684561740107746,E,0.00018351600395187918,E,0.0004715708522470439,E,0.0004546106444661669,E,7.264144586815565e-05,E,0.00022638976089053937,E,0.0004715708522470439,0.00048112952452755324,0.05647679653791813
383,N,G,0.00045029136542960337,C,0.0007409786044243852,Y,0.0017576404262840276,C,0.00056513479010758,C,0.00056513479010758,Y,0.0007666750185008946,Y,0.0007429255626938127,S,0.00043868994096551875,Y,0.0003653018214103552,Y,0.0019196268387605133,F,9.432025581789454e-06,F,9.432025581789454e-06,Y,0.0015142262259631829,Y,0.000583376584473486,F,9.432025581789454e-06,0.0006958865363910871,0.08168578381845963
384,F,Y,0.004360207307532517,Y,0.005089914296504961,Y,0.0033672026194057772,Y,0.004738135064385679,Y,0.003987677053664335,Y,0.00391252583229205,Y,0.0034563778120699114,Y,0.005309261694304272,Y,0.0031811292043948352,Y,0.0031008431433290195,Y,0.0036277022814602466,Y,0.003662799754267667,Y,0.0020439334124461982,Y,0.0031989501498062086,Y,0.0036277022814602466,0.003777624127154928,0.44343175454792
385,F,Q,0.0037095165534709843,F,0.001337872028926331,T,0.002860446068805907,F,0.0010200044449053347,F,0.0002029655668687167,T,0.002110094154062879,T,0.0031086026939157164,F,0.0008718039271598734,T,0.001475598292208397,T,0.004016525951765211,T,0.00439474928597776,T,0.00439474928597776,T,0.004101800921072704,T,0.0015426701906663411,T,0.00439474928597776,0.0026361432434507783,0.30944042719342846
386,W,W,5.203410229146689e-05,W,0.00019295765120979667,L,0.00022197004460295917,W,0.00019295765120979667,W,0.00019295765120979667,M,0.0007558391733304043,M,0.0007412407101380584,W,0.00019295765120979667,L,0.0007036756792209165,L,0.00022197004460295917,L,0.0005888823642197636,L,0.0005870250435054382,L,0.0002718721468943901,F,0.0008066196235440508,L,0.0005888823642197636,0.0004207894600939572,0.049393852406714824
387,T,A,0.0007824562715786112,A,0.0012962299497655335,A,0.0009358018631636393,A,0.0008346538952626918,A,0.0010776698761455839,A,0.001508845401829107,A,0.0015343584751441066,G,0.0007003821058279379,A,0.0003677343832278615,A,0.00013086740693148504,V,0.0005449915226157367,V,0.0005553344016251564,A,0.0008372639009822376,G,0.0013270920258280148,V,0.0005449915226157367,0.0008652448668362292,0.1015657028068942
388,V,I,0.00012642450813425427,V,9.70326804439751e-05,-,,V,9.82563811272891e-05,V,0.00010831816098383888,S,3.7062380878792635e-05,S,6.424601800664299e-05,V,9.291646966158163e-05,A,0.0008445319997754002,-,,S,0.0001416702082254574,S,0.0001416702082254574,-,,-,,S,0.0001416702082254574,0.00017216356578983157,0.02020920808362899
389,G,G,0.00018474660282789365,G,9.604411165355073e-05,S,0.0024618477728831504,G,7.546164374274973e-06,G,8.167585872794552e-05,-,,-,,G,0.00010188503201629286,-,,S,0.0019411333618970712,-,,-,,S,0.0015172350309433295,S,0.002731529927058456,-,,0.0010137382069313294,0.11899641060646633
390,-,T,0.001588886076159426,L,0.001258348644897817,C,0.00011966277696815269,L,0.0015040643206995078,L,0.0014816590655510628,C,0.0005551892821597688,C,0.0006545700136430401,L,0.001059522202960013,C,0.0008127254354148763,C,0.00038937672387140453,G,0.0022695246496908478,G,0.001581755636341425,C,0.0018019294595409889,C,0.0014358857108091,G,0.0022695246496908473,0.0012521749765598853,0.1469850170813933
391,L,-,,-,,I,0.00011095260320013729,-,,-,,I,8.696660102905316e-06,I,1.2264316073921301e-05,-,,I,0.00010731432674728497,I,0.0002085264971238346,I,2.0545239636240316e-05,I,0.00010873611768223125,I,0.00023073346770056879,I,0.0006660622217547815,I,2.0545239636240316e-05,0.00014943766896581456,0.01754155668075145
392,I,V,0.002482897125971825,F,0.000756774228109848,A,8.940780645070453e-05,F,0.0007660608433438318,F,0.0006222129211259198,S,0.003262181889736848,S,0.005361623300596354,F,0.0005705288505569463,A,0.0015769505276291543,A,0.000906462401959989,D,0.0006190227328528566,D,0.0006190227328528566,A,0.0007331714270795223,A,0.0004939683274497506,D,0.0006190227328528566,0.0012986205232379507,0.152436970362384
393,-,-,,-,,-,,-,,-,,-,,-,,-,,-,,-,,-,,-,,-,,-,,-,,,
394,F,F,0.0005765308275730366,D,0.0005530197056839966,F,0.0006686395500064353,D,0.0011616592705622074,E,0.0013715552772962992,M,0.0011933915004530033,M,0.0005864407635006468,E,0.0009961710478354447,N,0.0006227387196972472,F,0.00024175925451767522,M,0.0017209197946483174,M,0.0017209197946483174,F,0.00020942343342225065,T,0.0003835638040239765,M,0.0017209197946483174,0.0009151768359011447,0.10742690548487568
395,Q,E,0.0003693974590701203,C,0.0012762925594490709,E,0.00018882315322008508,G,0.0004553001994828259,G,0.0019276310268729602,L,0.0052154640818592515,E,0.0003086148680137561,G,0.00018869547018205275,D,0.0013224162190317709,E,0.0003562799201482769,V,0.006535417126042227,V,0.006535417126042228,E,5.3690382677992006e-05,D,0.0008149878540638384,V,0.006535417126042227,0.0021389229714799123,0.25107483808891123
396,P,P,6.935044554593034e-05,H,0.0043435468872803406,P,2.5954947675289563e-05,H,0.0028822069462278335,H,0.0016946509808706532,P,0.00017132339445710836,P,0.00017132339445710836,H,0.0011654937629177239,P,0.0002231823248096355,P,7.784925357849878e-05,P,2.7088346615127898e-05,P,2.7088346615127898e-05,P,0.00015413555546430136,P,0.0001497390664300071,P,2.7088346615127898e-05,0.0007473347999706544,0.08772497486013517
397,Q,E,0.003979404223253345,D,0.007425682076967892,Q,0.0003895237847555583,D,0.006977672474575647,E,0.008167501747392333,K,0.0003613492980318854,K,0.0010439278886361855,E,0.0038169941422724995,K,0.0004913915864602494,Q,0.0009881782151166146,E,0.004385868871600377,E,0.005610655513456403,Q,0.0006161202586328182,K,2.0799866917050823e-05,E,0.00436116471622667,0.0032424156442863684,0.3806069661044819
398,F,F,0.001003109421893826,Y,0.0003505858536740461,H,4.458299570723307e-06,Y,0.00040945390590597377,F,0.0010783405351314109,H,0.00020418193438358223,H,0.0002195928849850889,F,0.0006753390098513465,H,1.19097093147917e-05,H,0.0003584569483993451,H,0.0004543069834070916,H,0.0003992173798074839,H,0.0002739350524418913,Q,0.00024936084718974746,H,0.0003992173798074839,0.0004060977430509222,0.047669283300200475
399,G,G,0.001172554524896646,G,0.0016578858895931999,S,0.0011755493345071688,G,0.001520066701697244,G,0.0008118539047239871,S,8.026287432756091e-06,S,0.00032786472490250866,G,0.0007162963373763042,S,6.389269977441154e-05,S,0.0008243948794105125,A,0.006738921072752162,A,0.006738921072752162,S,7.665296473078945e-06,S,0.00032926631002702715,A,0.006738921072752162,0.0019221386739380888,0.22562788037641707
400,Y,Q,0.0005959399625990379,F,0.004408303584072013,G,0.0004589322891739506,F,0.0035763889167877956,F,0.00208075546716973,A,0.0026817336275095148,A,0.0007624463426712002,Y,0.0015769505276291543,A,0.0026602410822716225,G,0.00012656148446993132,T,6.49485845651494e-05,T,6.494858456514945e-05,G,0.0007472846966291961,A,0.0024956131604476992,T,6.49485845651494e-05,0.0014910664596750856,0.17502699953879294
401,C,C,0.0004809121734583241,Q,0.00021113190452714877,F,0.00023537977272205466,Q,0.00048365934077531644,Q,0.0005559638522103468,F,0.0005922296160021973,F,0.00033741496554980495,Q,0.0007108392158295313,F,0.0009987487176684223,F,0.00048658065635534114,F,0.00030984111412792206,F,0.0005794208958785568,F,0.000457536759029632,F,0.0002929496603683082,F,0.00030984111412792206,0.00046949665057538866,0.05511128595946677
402,R,R,0.0,R,0.0,R,0.0,R,0.0,R,0.0,R,0.0,R,0.0,R,0.0,R,0.0,R,0.0,R,0.0,R,0.0,R,0.0,R,0.0,R,0.0,0.0,0.0
403,R,E,0.0005147080508200819,K,0.0008165938678383326,L,0.00023650968564420085,K,0.002113040282826193,K,0.0017673206053875185,M,0.0006598501485153659,L,0.0006598501485153659,K,0.0005367171287560974,L,0.00022510728355384994,L,0.0005370550074132569,L,0.0009224600280787432,L,0.00030357764966705526,L,0.0006637351353800836,L,0.00013942319594989957,L,0.0009224600280787432,0.0007345605497616526,0.08622548523582521
404,M,V,0.0016689369423486733,I,0.003288440620955357,G,0.00010586363013736979,V,0.001176371213438469,I,0.0030663825805195832,E,0.002004353378790763,G,0.0005364117729047451,L,0.00033003854635745553,G,4.722855127604019e-05,G,0.0005826603975171736,S,0.0035951465189507465,S,0.0037433614957030964,G,9.834045624814743e-05,C,0.0019226125367375348,S,0.0035951465189507465,0.00171741967738906,0.20159719315783597
405,F,L,0.0006254294735706492,T,0.00012030219656165644,F,0.00013584863468817066,N,0.0008631436952050205,T,0.0017726406311299515,F,0.0002402071709618247,F,0.00014823366488988577,T,7.425733499556882e-05,F,6.268517324832991e-05,F,0.00013584863468817066,C,2.9014254926414048e-05,F,0.00011215277705069121,F,2.839482372557454e-05,F,7.775748901633403e-05,C,2.9014254926414048e-05,0.00029699534730564376,0.034862432977813655
406,T,A,1.3877551330607317e-05,A,7.99554113542036e-05,A,0.0012231756150798048,A,9.046981685540499e-05,A,9.046981685540499e-05,V,0.001975768789018682,V,0.0019902716111133935,A,4.4515010534450065e-05,G,0.0011288812938289308,A,0.00011624072420388711,V,0.0007332614992979745,V,0.0007332614992979745,A,0.0005857725755257152,A,2.532371885623243e-05,V,0.0007332614992979745,0.0006376337621633761,0.07484785367676178
407,K,K,0.0011267586868011776,A,0.00967735349185222,K,0.001059952253309468,A,0.00967735349185222,A,0.00967735349185222,K,0.001131295954840647,K,0.0011204197575485192,A,0.00967735349185222,K,0.0008409131532055069,K,0.0009172376775255015,K,0.0008067458744061549,K,0.0008050852100671129,K,0.0012735714651925503,K,0.0009305930495578779,K,0.0008067458744061549,0.0033019155282846377,0.38759128669029447
408,V,L,0.0015769505276291543,V,0.00967735349185222,T,0.00967735349185222,V,0.008597974124653995,I,0.0015769505276291543,V,0.00967735349185222,T,0.00967735349185222,Y,0.00967735349185222,I,0.0015769505276291543,A,0.0015769505276291543,T,0.00967735349185222,T,0.00967735349185222,A,0.00039086070235210983,M,0.0015769505276291543,T,0.00967735349185222,0.006286161026664644,0.737893268254832
409,F,A,0.003721090934626248,N,0.002048669009461632,C,0.000994479909495795,N,0.002136393324686918,I,0.0022653793815992107,C,0.0009233121317968987,C,0.0004013627837936762,I,0.002261872372281604,S,0.0026464928545340753,C,0.00028874888681511827,C,0.00205845565134394,C,0.0020645820067167445,C,0.0002629661290465703,S,0.001014428911382426,C,0.00205845565134394,0.0016764459959283202,0.1967875480346439
410,A,Q,0.0026750044130631092,I,0.002387437420451474,H,0.0006288632045279319,I,0.0035129831618380693,I,0.0020137300387668027,H,0.003617543516407842,H,0.0029090965275766624,L,0.002803531701693904,H,0.0016327256576596958,H,0.0012121568975732124,H,0.0028801973162747383,H,0.0023531061065098476,H,0.001949868180312907,Y,0.0014910735554994018,H,0.0028801973162747383,0.0023298343342953555,0.2734847332311641
411,L,L,0.0012127834493362683,L,0.001504256091253678,I,0.000624184378725506,L,0.0013936509122969565,L,0.0015544381021151653,L,0.0014127742651259129,L,0.0016320413583075359,L,0.0015069639020803469,M,0.0008404860916546084,I,0.000733723299535799,L,0.000795327665448744,L,0.0007812926133404592,I,0.001583533528191971,F,0.0003917167534558144,L,0.000795327665448744,0.0011175000050878338,0.13117636145992478
412,I,I,0.0012545344920175837,I,0.001466141298875054,I,0.0004113279846738363,I,0.0014734272246381761,I,0.0015815045111388073,V,0.0010855720439833026,L,0.0011148650471304402,I,0.0013558929925931976,I,0.0006743732416589498,I,0.000759821129724766,I,4.7049946708650346e-05,I,0.0005957835354953138,I,0.0011716661842404205,V,0.002442425987323368,I,4.7049946708650346e-05,0.0010320957044607012,0.12115128283953024
413,T,A,0.002616124835394931,T,5.417209024951108e-05,T,3.2674155510882714e-05,T,5.417209024951108e-05,T,5.417209024951108e-05,T,3.2674155510882714e-05,T,3.2674155510882714e-05,S,5.417209024951108e-05,T,3.2674155510882714e-05,T,3.2674155510882714e-05,T,3.2674155510882714e-05,T,3.2674155510882714e-05,T,3.2674155510882714e-05,T,3.2674155510882714e-05,T,3.2674155510882714e-05,0.00021063698343345343,0.024725362818699182
414,T,V,0.0007198697439878256,A,0.001424479175917675,I,0.0010083238228238431,A,0.0021653469546330747,A,0.0018972814590766818,V,0.00040564608685475116,V,0.0003666862502217091,A,0.0014898121216638987,I,0.001603138567859712,V,0.0004148867972416843,I,0.0009612751632806507,I,0.0009612751632806507,V,0.0003953035330531425,V,0.00022703064410219104,I,0.0009612751632806507,0.0010001087098185425,0.11739652887792583
415,I,I,0.0006292757718508917,I,0.0011515493813791747,L,8.229078744024784e-05,I,0.0011515493813791747,I,0.0011608512225188558,L,0.000956789993057265,L,0.0006797694117112446,I,0.0011539840734976063,L,0.0003994825824290905,L,7.39367328876295e-05,L,6.68096448008684e-05,L,6.68096448008684e-05,L,8.14872466080964e-05,L,0.00013040257869542063,L,6.68096448008684e-05,0.0005234532065238203,0.06144490981092064
416,D,D,0.0,D,0.0,D,0.0,D,0.0,D,0.0,D,0.0,D,0.0,D,0.0,D,0.0,D,0.0,D,0.0,D,0.0,D,0.0,D,0.0,D,0.0,0.0,0.0
417,D,D,3.3961799245001194e-06,D,4.332499110176117e-05,D,3.375454112804631e-05,D,0.0002490041993871749,D,4.332499110176117e-05,D,2.174742934989302e-05,D,2.174742934989302e-05,D,8.951459678991268e-06,D,0.00023988548443188877,D,3.375454112804631e-05,D,1.1984569738436084e-05,D,1.1984569738436084e-05,D,1.1359607017575522e-05,D,1.2099219677375388e-05,D,1.1984569738436084e-05,5.0553585499481e-05,0.005934170357389762
418,V,M,0.0021367610340750805,V,0.001966380413692189,M,0.0022294994165210818,V,0.0020881668942164195,V,0.0019930418437369532,I,0.0015769505276291543,M,0.002231341159105837,V,0.0014621571318990073,I,0.0011618852924891673,M,0.001538076167534878,M,0.002423580201546695,M,0.0024588307850739507,M,0.002010237833253944,I,0.0002746677395350519,M,0.002423580201546695,0.0018650104427904066,0.21892195333885478
419,Y,Y,9.561208911512127e-06,Y,0.0002785269995234075,Y,5.310682626010781e-06,Y,0.0002595481564165666,Y,0.0002785269995234075,Y,8.439477491686065e-06,Y,5.921291488077264e-06,Y,0.0002595481564165666,Y,7.862191361445826e-06,Y,4.221915047630728e-06,Y,5.496898605553918e-06,Y,5.496898605553918e-06,Y,4.719254913631441e-06,Y,6.9692696898634035e-06,Y,5.496898605553918e-06,7.637641994843119e-05,0.008965351968282952
420,D,D,0.0,D,0.0,D,0.0,D,0.0,D,0.0,D,0.0,D,0.0,D,0.0,D,0.0,D,0.0,D,0.0,D,0.0,D,0.0,D,0.0,D,0.0,0.0,0.0
421,V,V,0.0002314456243853594,V,0.00013642211525245578,T,0.0011734435988274194,V,0.00021442153425379839,V,0.00019634051254098983,T,0.00081432959482095,T,0.0008132865403815144,V,7.157417974360878e-05,T,0.0006431160169563333,T,0.0008969835409859571,T,0.0003829146631481387,T,0.000359928019377371,L,0.0016419701524096144,T,0.00011944475341565128,T,0.0003829146631481387,0.0005385690339764867,0.0632192625954121
422,Y,Y,0.0002563104316203405,Y,7.291994611628491e-05,F,0.001107364754148226,Y,0.0005846395041766327,Y,0.0005846395041766327,F,0.0013639054230030728,F,0.0013419582783234763,Y,0.0005909182476724799,F,0.0013262369332884692,F,0.0009510213319141033,F,0.0012036790459045842,F,0.0012036790459045842,F,0.0013262369332884692,Y,0.0010272084903098944,F,0.0013373025518912164,0.000951868028115898,0.1117338558834842
423,G,G,2.5074909493113204e-05,G,0.0001864282916518882,G,0.00022949432984267304,G,0.00017682240824420757,G,0.0003772197569657157,G,0.0003336780672016517,G,0.00033468266889628894,G,0.0003774279558195432,G,3.918749112355033e-05,G,5.509571892243805e-05,G,0.0002004857193360515,G,0.0002185774809720126,G,0.00012945727541574588,G,0.0001269850733914086,G,0.0002004857193360515,0.00020074019110748927,0.02356364004327741
424,T,S,0.0,T,0.0,T,0.0,T,0.0,T,0.0,T,0.0,T,0.0,T,0.0,T,0.0,T,0.0,T,0.0,T,0.0,T,0.0,T,0.0,T,0.0,0.0,0.0
425,L,P,0.00012894595363430498,L,0.00012663724514215357,V,0.002774814959005797,L,0.00013564223263125643,L,0.00015359522048417066,M,0.0015769505276291543,L,0.00016227718016434802,L,0.00016848933695550958,M,0.0015769505276291543,L,0.0006920759596492575,I,9.775092939896513e-05,I,0.00010739584340757606,V,0.0013238909874834148,M,0.000485229149765823,I,0.00010739584340757606,0.0006412027930925642,0.07526679997573028
426,D,D,0.00043385859969788073,D,6.283621442910512e-06,D,5.4875877945885166e-05,D,2.2474404062130433e-05,D,1.6830449008864486e-05,N,0.00043245228224903767,D,0.00011123148230424647,D,1.8474887256006224e-05,E,7.175616755399856e-05,D,0.00011814671361311577,D,9.293853721717202e-05,D,9.293853721717202e-05,E,0.0023647375447599576,E,0.0011561478352039279,D,9.293853721717202e-05,0.0003390723651166318,0.03980159187929038
427,E,E,0.0,E,0.0,E,0.0,E,0.0,E,0.0,E,0.0,E,0.0,E,0.0,E,0.0,E,0.0,E,0.0,E,0.0,E,0.0,E,0.0,E,0.0,0.0,0.0
428,L,L,6.990069416012579e-05,L,3.466162879933865e-05,L,0.0002987600887596522,L,3.466162879933865e-05,L,3.1527447742273235e-05,L,0.0004248223485972336,L,0.0004248223485972336,L,3.003500473626486e-05,L,6.297655837650308e-05,L,0.0002619768488301117,L,6.774644619983381e-05,L,6.676182973889525e-05,L,9.696792473143785e-05,L,0.0003238888522430352,L,6.774644619983381e-05,0.00015315040643407407,0.017977371794778173
429,E,E,0.00017703337460153878,Q,0.0015769505276291543,E,6.431573814998947e-05,R,0.0024455821447903234,Q,0.0015769505276291543,Q,0.0015769505276291543,Q,0.0005624968565682394,R,0.0031914050361003805,E,0.009326153464604955,E,0.00018607358135222683,R,0.0021115794342485665,R,0.0021115794342485665,K,9.662700456453414e-05,E,0.000434306270917454,R,0.0021115794342485665,0.0018366388904855204,0.2155915936221831
430,L,L,0.0,L,0.0,L,0.0,L,0.0,L,0.0,L,0.0,L,0.0,L,0.0,L,0.0,L,0.0,L,0.0,L,0.0,L,0.0,L,0.0,L,0.0,0.0,0.0
431,F,F,4.521929795413719e-05,F,0.0007561154715931392,F,0.0006566832429489287,F,0.00048576852318264746,F,0.000571200119019557,F,5.9682975311074296e-05,F,0.00010486115363400782,F,0.0007578133384912146,L,0.0008076209562881994,F,0.00010650540796178665,F,0.0004126387524199171,F,0.0004126387524199171,F,0.0006789078667232074,F,0.0004034526053486777,F,0.0004126387524199171,0.0004447831477144219,0.0522103218704543
432,T,T,0.0,T,0.0,T,0.0,T,0.0,T,0.0,T,0.0,T,0.0,T,0.0,T,0.0,T,0.0,T,0.0,T,0.0,T,0.0,T,0.0,T,0.0,0.0,0.0
433,D,D,9.096302394772246e-05,D,7.108298762066017e-05,A,0.0001063412328596611,D,6.940245400281657e-05,D,8.240952516411702e-05,D,0.0003072867321638629,T,7.024565545022846e-05,D,0.0001990061079712357,A,0.0003811979386163368,S,0.00026224327626978743,A,7.15787406017525e-05,A,8.029868935474365e-05,A,2.8058616180533133e-05,A,0.00011048244131512252,A,7.15787406017525e-05,0.0001334784108080222,0.015668198821952806
434,V,A,0.00013204071442332978,V,0.0034685130949359258,A,0.00013956526252358354,V,0.0017773108379738243,V,0.0025976492780041436,A,4.395266772123059e-05,A,2.915449296692871e-05,V,0.0022490734039398385,A,2.8625928132684197e-05,A,0.00031520426021276694,A,0.00022376021163411918,A,0.0002237602116341209,A,0.0004996256428171408,A,0.0004515527549019605,A,0.00022376021163411918,0.0008269032648970481,0.09706502109590731
435,V,V,0.0008130006230357719,I,0.0005684269071819995,M,3.646595358024269e-05,I,0.0005684269071819995,I,0.00021227171817422215,I,0.0013534441100372578,F,0.0012351549449127557,F,0.00011410102864604221,F,0.0005465984408993814,I,0.0006348678582051232,V,0.0002815329498592823,V,0.00027388217182225773,I,0.0006472333126184033,I,0.00108818168648894,V,0.0002815329498592823,0.0005770081041668642,0.0677313854969955
436,E,D,0.002570207129735349,R,6.794541536480524e-05,K,8.039175903548477e-05,R,6.794541536480524e-05,R,9.871956586531477e-05,K,6.944470118555292e-05,K,6.944470118555292e-05,R,6.794541536480524e-05,K,0.0009260721466260648,K,8.039175903548477e-05,K,5.3754422825030726e-05,K,0.00010620080378671935,K,8.039175903548477e-05,K,0.00018310386201115966,K,5.3754422825030726e-05,0.00030504755194977627,0.035807631100533116
437,R,R,0.0002945049915619317,R,2.225758869797792e-06,R,5.04123809424604e-06,R,2.225758869797792e-06,R,2.8947870184716406e-06,R,5.04123809424604e-06,R,5.04123809424604e-06,R,7.161084589051667e-06,R,5.04123809424604e-06,R,5.04123809424604e-06,R,5.04123809424604e-06,R,5.04123809424604e-06,R,5.04123809424604e-06,R,5.1524090212749134e-06,R,5.04123809424604e-06,2.3969062185235995e-05,0.0028135788373609932
438,W,W,0.0,W,0.0,W,0.0,W,0.0,W,0.0,W,0.0,W,0.0,W,0.0,W,0.0,W,0.0,W,0.0,W,0.0,W,0.0,W,0.0,W,0.0,0.0,0.0
439,D,N,0.002508548491083358,D,0.0005945269704349004,N,0.0030601917282798885,D,0.0005945269704349004,D,0.0003600361247466652,D,0.000316643730938233,D,0.00033372468573630523,D,0.0009613269808151814,D,0.00039907844884811073,D,2.7970112941269826e-05,D,0.0001683047314442745,D,0.00017804406119534418,D,0.00024544369854103873,D,0.00021704674315517998,D,0.0001683047314442745,0.000675581214002595,0.07930226856381425
440,I,I,0.000621102856840044,T,0.002905548759220584,P,6.980707170801502e-05,T,0.001203896533566952,T,0.0014141854583051457,L,7.926375930984139e-06,L,0.00010433623745506821,T,0.003041869340961416,P,0.00013009963235348978,P,8.688405142860046e-05,P,0.00010921088388180568,P,0.0001072678913089782,P,5.231375324029372e-05,P,0.0001638447128034252,P,0.00010921088388180568,0.0006751669628591073,0.07925364220364788
441,N,N,0.00167860069532865,Q,0.003269155213157094,S,0.0008048471358164995,Q,0.0032767330428884853,Q,0.0026152258613244585,S,0.0021890336000437503,S,0.0020999474738589855,E,0.0015769505276291543,S,0.0025780058677043857,S,0.000729469387559579,S,0.0029801981066889935,S,0.0024173161736149276,S,0.0013339891680151578,S,0.0007869365956470867,S,0.0029801981066889935,0.0020877737970644134,0.24507075526031485
442,A,-,,-,,-,,-,,-,,-,,-,,-,,-,,-,,-,,-,,-,,-,,-,,,
443,-,T,0.004353964531243655,S,0.004455710012619843,A,0.00012654534062237358,S,0.0032321361527914688,S,0.004624082180467726,T,0.004027937412631564,E,0.0004446058293273335,S,0.0018524653942987449,S,0.004982730732409768,A,5.8147635385860446e-05,A,0.0006494756215679495,A,0.000876574846435145,A,0.00017783917557576002,V,0.003826336459186248,A,0.0006494756215679495,0.0022892017964087586,0.2687151328261714
444,M,I,0.0005489791865403031,I,0.0010373453710696336,A,0.0007239607325267698,I,0.001057341131793111,I,0.0011314437358526225,T,0.0018262809601408223,T,0.00132494928965426,I,0.00021542717514478002,I,0.0008455826878740819,T,0.002179290757442282,T,0.001591037254574512,T,0.0015921844287969968,T,0.001879262108059032,V,0.0012620299285785608,T,0.001591037254574512,0.001253743466841485,0.14716913238089108
445,D,E,0.0012270247560218575,D,0.001053310765543699,D,0.0010659161692898609,D,0.0020287817407093106,D,0.0013599696490765375,R,0.00018945879687932762,K,0.00013251123275313104,D,0.0010423177384473118,E,0.0008568798910744608,E,0.0008340524732524231,E,0.00021742231898122915,E,0.0001920129420109038,D,0.00020385595224608826,D,0.0008159598978537011,E,0.00021742231898122915,0.0007624597762080713,0.08950040156345426
446,Q,G,0.0008553913352002404,Q,0.001289229942648654,C,0.009486569123269084,Q,0.00043134337075954334,Q,0.002018738578823318,W,0.0015769505276291543,C,0.009097034220218821,Q,0.0011886238877000192,C,0.00967735349185222,C,0.00967735349185222,C,0.00967735349185222,C,0.00967735349185222,C,0.008258429825460194,C,0.00967735349185222,C,0.00967735349185222,0.006151095450854824,0.7220387620243562
447,L,L,0.0002475564741465569,L,2.746515178200296e-06,L,5.114685681384448e-06,L,3.7616895291093676e-06,L,3.709877121050175e-06,L,9.112775736162938e-06,L,6.980963988235785e-06,L,7.0946374352631005e-06,L,5.234838446471492e-06,L,5.068412492472008e-06,L,5.496441864502884e-06,L,5.496441864502884e-06,L,5.202492658431471e-06,L,0.00011482820506512415,L,5.496441864502884e-06,2.886005953813139e-05,0.0033877025364588867
448,P,P,0.0,P,0.0,P,0.0,P,0.0,P,0.0,P,0.0,P,0.0,P,0.0,P,0.0,P,0.0,P,0.0,P,0.0,P,0.0,P,0.0,P,0.0,0.0,0.0
449,D,D,0.0003711907545300401,Y,0.003040191421321696,E,0.0005992301472272599,Y,0.003020166771213918,Y,0.001728354928701987,E,0.00018051114054717829,E,0.00014146063463071974,Y,0.003096903497402051,D,0.0001547865984103859,E,0.0008984530896614306,E,7.201429982662847e-05,E,0.00019511197076604062,Q,0.0023935744199456554,E,0.00038600618406881075,E,6.293664772524012e-05,0.001089392833731936,0.1278770357752618
450,Y,Y,0.0,Y,0.0,Y,0.0,Y,0.0,Y,0.0,Y,0.0,Y,0.0,Y,0.0,Y,0.0,Y,0.0,Y,0.0,Y,0.0,Y,0.0,Y,0.0,Y,0.0,0.0,0.0
451,M,M,6.829721903712893e-06,M,1.1151143076760889e-05,M,6.04605877474135e-06,M,1.1151143076760889e-05,M,1.1151143076760889e-05,M,4.530993570371216e-06,M,3.1412443636997455e-06,M,1.1151143076760889e-05,M,6.04605877474135e-06,M,6.04605877474135e-06,M,3.1826068310000658e-06,M,4.0867230813382215e-06,M,4.183930563719671e-06,M,0.00021581734031227915,M,3.1826068310000658e-06,2.0513194405892577e-05,0.002407916055332434
452,K,K,1.4942189481260001e-05,Q,1.0606467684937029e-05,K,7.048727704565302e-05,Q,1.0606467684937029e-05,Q,1.0606467684937029e-05,K,7.048727704565302e-05,K,7.048727704565302e-05,Q,1.0606467684937029e-05,K,2.2549731922392916e-05,K,7.048727704565302e-05,K,0.0005866582144396235,K,0.0005866582144396235,K,7.048727704565302e-05,K,8.11629777131795e-06,K,0.0005866582144396235,0.0001466963412307903,0.017219769301590415
453,I,L,0.002934346030947539,L,0.00132197681807696,G,0.0014013935708364427,L,0.0018773546272046226,L,0.0024995577424923743,G,0.00162518712405776,A,0.003762509386822616,L,0.0020627381709389303,G,0.001658445847837668,G,0.0013422947452607543,G,0.0015225118338066234,G,0.0015225118338066234,G,0.001801896214701084,G,0.0007270872411386262,G,0.0015234338297849953,0.0018388830011809082,0.21585501579166322
454,C,C,0.00014121648565641441,C,0.00014852990756352103,M,0.0029379360153779857,C,0.00043538821338025594,C,0.0002701946253371213,V,0.0028907713383706252,V,0.0029085596526910416,C,0.00027593346742122224,V,0.001999317034983971,V,0.0018087929098004499,V,0.0038836458074341276,V,0.0038836458074341276,I,0.00021970529052524134,V,0.004505962600763384,V,0.0038836458074341276,0.002012882997611574,0.23627979102378563
455,F,F,0.0,Y,0.0,Y,0.0,Y,0.0,Y,0.0,Y,0.0,Y,0.0,Y,0.0,Y,0.0,Y,0.0,Y,0.0,Y,0.0,Y,0.0,Y,0.0,Y,0.0,0.0,0.0
456,L,L,2.0856446147473364e-05,L,0.00011889682302604339,M,0.00043690294357475736,L,4.606724870274348e-05,L,0.0001225378836548112,M,0.0007340644484695096,M,0.0005856381192317825,L,0.00012984216360940686,M,0.00113209871454879,M,0.00043250652156773457,M,0.0011125376662088926,M,0.0011125376662088926,M,0.00032103183853159333,M,0.0009019595848297183,M,0.0011125376662088926,0.000554667715634736,0.06510898651005745
457,T,S,0.0006004257920539352,M,0.0007056642115904148,I,0.001094317593211076,T,0.0008026343848612419,A,0.0015769505276291543,D,0.0007627360858427851,D,0.0015040677133977543,A,0.0015769505276291543,A,0.00044102304785306225,I,0.0006680511993336256,V,0.0006279294072734415,V,0.0005466261624487777,M,0.0006882408599535188,A,0.0006089208982967057,V,0.0006279294072734415,0.0008554978545765393,0.10042156178003943
458,L,I,5.4476623998802375e-05,L,5.6055452246552915e-05,V,0.0002587387997407992,L,2.641852875650058e-05,L,3.42074125570552e-05,L,0.0002525115317256635,L,0.0002775680098158449,L,8.686580589213662e-05,V,8.951885031498251e-05,V,0.0006772564090076494,L,0.0005214972721895507,L,0.0006654647377967611,V,0.0010240104324163396,V,2.743459772359666e-05,L,0.0005214972721895507,0.0003049014490914524,0.03579048099649145
459,H,Y,0.001415979841699353,Y,0.0011699245691151024,Y,0.0006982559920742442,Y,0.0011921090281633928,Y,0.0016678637371836552,Y,0.0011473710452766042,Y,0.0010453475585068134,H,0.0004819561303426298,Y,0.0010628601414908844,Y,0.0010611368071902715,Y,0.0012120490007094095,Y,0.0009885441503137678,Y,0.0009909206292447578,Y,0.0008245867486290054,Y,0.0012120490007094095,0.0010780636253766198,0.12654717060881382
460,N,N,0.0002312888170218203,N,0.0003527886693089684,D,0.001134537658617081,N,0.00048121243539866787,N,0.0003185335795151005,Q,0.0016224851179339347,Q,0.0010742025424233638,N,0.00045780509290592654,D,0.0008528154165740288,N,0.0026279933370772788,E,0.0010387039731271613,E,0.0010267472375017816,N,0.001054699151663141,D,0.0005902551970179605,E,0.0010387039731271613,0.0009268514799475584,0.1087973191943843
461,S,T,5.813898117808228e-05,F,0.0008309330375474592,T,1.799893200067163e-05,Y,3.983661314467321e-05,F,0.0016186577364140722,C,0.0015484610582461602,C,0.0001406471850034232,Y,0.00037225411833644094,N,0.0001710971292937852,T,0.0003787933411452453,T,0.0004950886297799322,T,0.0004950886297799322,T,0.0006997549611246563,T,4.3332668218587045e-06,T,0.0004950886297799322,0.0004910781499730884,0.05764460368022803
462,V,T,0.0034042820640594706,V,0.0008718126393950373,V,0.0002755275380121146,V,0.001609567301556682,V,0.0016262891428601742,I,0.0030379541655893125,L,0.003349132587662338,V,0.0011591093431463184,I,0.0017702473179955986,V,0.0006346018521675098,V,0.00037429022278906974,V,0.0003959240429387154,V,3.5700803568038526e-05,V,0.0011510866853224153,V,0.00039434381796830617,0.0013393246350020735,0.15721497237881893
463,N,N,0.0005591808132458948,S,0.00047456047586386937,N,0.00017958710642686094,S,0.0004898552508308806,S,0.0004639966914517893,N,0.00023803587028956342,N,0.0003614539762387428,S,0.0004761920027371692,N,0.00019749153748195987,N,0.0003662918939056353,N,0.00034916977700765486,N,0.00034916977700765486,N,0.0004414988919956593,N,0.00011791651444764512,N,0.00034916977700765486,0.000360904690395909,0.042364352487170666
464,E,Q,0.0001493820876286175,S,0.0023603921985817546,E,8.548130515699065e-07,D,9.184599386913864e-05,D,9.184599386913864e-05,E,0.00034139148812362347,E,0.00034139148812362347,G,0.0023603921985817546,E,5.216785382605855e-05,E,0.0003639700744061349,E,0.0003187765139206914,E,0.0003256763867734261,E,9.758584084156933e-06,E,0.00029922724234611784,E,0.0003187765139206914,0.0004950566287404332,0.05811161250928378
465,M,G,0.0002894592331215277,L,0.00024168234607702143,I,0.0019473495995068922,L,0.00035145674392627447,L,0.0005335387276766085,M,0.0002919836337945161,L,0.00027497681684824537,V,0.0002720865199004817,M,0.00023786934115143808,M,0.0002402696273954356,M,0.0002144594014795966,M,0.0002192315594244588,M,0.0002799564201095063,M,0.00021888495766267136,M,0.0002144594014795966,0.00038851095530361795,0.045604879885474736
466,A,G,8.598468852124972e-05,G,0.0003513484955462581,C,0.001584832366246174,A,0.00033331203536282855,A,7.429985861693492e-05,V,0.0002649907665250062,A,0.0002043949524001876,A,0.00036190912978439476,A,0.001380467654710951,S,0.0002961465568524616,A,0.00118424942009208,A,0.0013688699418079701,S,0.0022437508094278694,A,9.955444234629688e-06,A,0.00118424942009208,0.0007285841026814049,0.08552394735763695
467,L,-,,-,,Q,0.001736412658453892,-,,-,,E,0.0008514966090375969,Q,0.0011790990742988493,-,,R,0.0013551583337166034,Q,0.0016423842395831246,K,0.000792657011807807,K,0.0007903770192818867,A,0.0029795733489611734,K,0.0007796331689187434,K,0.000792657011807807,0.0012899448475867483,0.15141858686354745
468,D,-,,-,,E,7.120640236072857e-05,-,,-,,E,0.00025752098529445037,E,0.00043795743234264036,-,,E,0.00029447051896893436,E,0.0002745164689260754,E,0.00044484410646563444,E,0.00045524996705986027,E,0.00020899875465843872,-,,E,0.00044484410646563444,0.0003210676380602663,0.03768812917362582
469,T,Y,0.0010009990838225665,Y,0.0002732156397129415,-,,Y,0.0010079156663950412,Y,0.0003624700840500474,-,,-,,Y,0.0010790629539612268,-,,-,,-,,-,,-,,-,,-,,0.0007447326855883646,0.0874195288688893
470,-,-,,-,,-,,-,,-,,-,,-,,-,,-,,-,,-,,-,,-,,-,,-,,,
471,-,E,0.00032619642487102595,D,0.0015769505276291543,-,,N,0.0010897045975842008,D,0.0015769505276291543,-,,-,,D,0.0007205421246948879,-,,-,,-,,-,,-,,E,0.001417130345743475,-,,0.0011179124246919832,0.13122477282710218
472,-,F,0.0017055481968944054,I,1.2918136696220326e-05,A,0.00021270597947278455,I,0.00017823658178180764,I,2.4917716662797105e-05,A,0.0004296514988209595,A,0.0002067308233889361,I,0.00017883932334006227,A,0.00014895928709264967,A,0.0002067308233889361,A,0.0003561503844215952,A,0.0003561503844215952,A,0.00021067344856589426,A,0.0004725668620117542,A,0.0003561503844215952,0.0003371286554254662,0.03957343191162983
473,M,L,0.00035510476368291543,L,0.000439612224671009,E,0.0005416068307327075,L,0.00044749945987456266,L,0.00044950007014109197,E,0.0021025056873226465,E,0.0019110960086338778,L,0.0002849646768841172,Q,0.00011193007368486123,D,0.0010029581983207244,Q,5.2996935374276175e-05,Q,5.2996935374276175e-05,Q,0.0011925235622235566,E,0.0004312815578510466,Q,5.2996935374276175e-05,0.0006286382613430629,0.07379192789443867
474,K,K,2.95822491593988e-06,K,2.967914526479321e-06,K,1.8475420300288803e-05,K,2.919061523389069e-06,K,2.919061523389069e-06,K,4.391585145637947e-05,K,7.82356381712409e-06,K,2.967914526479321e-06,K,8.935217103612616e-06,K,8.071376921520198e-05,K,7.391412785432183e-06,K,7.391412785432183e-06,K,0.00023841849341506058,K,8.61939599461332e-06,K,7.391412785432183e-06,2.958720844495027e-05,0.0034730580151182042
475,E,D,0.0003857206298699834,D,0.00014380432397127275,A,0.0013479646491439481,D,0.0015810188293253822,D,0.0018694880558830017,T,0.002191848232451146,T,0.0039558686951967304,D,9.682437815575817e-05,I,0.0018007938191013794,A,0.00011883520421208295,S,0.0030023694921297,S,0.002992662349098038,A,0.0010609650442294813,V,0.0026409316441727802,S,0.003012729844724029,0.0017467883461109808,0.20504459815678333
476,Q,H,0.00023365461871203324,R,0.000568836701538607,Q,0.00028621881716848905,R,0.000568836701538607,R,0.0005649675305484424,Q,0.0005294117524899699,Q,0.0005294117524899699,H,0.0003583047985591331,Q,0.00029303183057693776,Q,9.345824893877146e-05,Q,0.0005477633822042978,Q,0.0005526730398902973,Q,0.000301110362899399,Q,0.0004532226167481863,Q,0.0005526730398902973,0.0004289050129462293,0.05034648658080871
477,R,G,0.0007365208527867934,G,0.000452437098182878,G,0.0015182743385503375,G,0.000463735215731221,G,0.0005570166753565076,G,0.0015135166628268359,G,0.0015769505276291543,R,0.0024725863676756956,G,0.0013260555873910902,G,0.0015584073436442996,R,0.00967735349185222,G,0.0015769505276291543,R,0.00967735349185222,G,0.0014118146400558245,R,0.00967735349185222,0.002946421754201097,0.3458620879487963
478,F,V,0.0019308085067247746,I,0.00041245054936422997,R,0.000967794872402304,I,0.0012839210273057936,L,0.0011281566559816862,R,0.0010346081928850673,R,0.0010449002018113,R,0.0012063764606346312,W,0.0011060429360580477,R,0.0010927103238510196,R,0.0010665155350179192,R,0.0012245005446395196,R,0.0010033515215564684,R,0.00017674379954417656,R,0.0012245005446395196,0.0010602254448277637,0.12445325775976625
479,-,-,,-,,-,,-,,-,,-,,-,,-,,-,,-,,-,,-,,-,,-,,-,,,
480,H,D,0.00014438081742642556,N,0.0014327953215287979,N,0.003022670238870401,N,0.0009784502854005474,N,0.0010480220901482428,D,0.0012151474327740963,D,0.0019244162725077273,N,0.00029869770454861823,D,0.00016078091033599215,D,0.0010475318612089193,D,0.0008669157293442726,D,0.0008669157293442726,D,0.001840456560886096,D,0.00016499097303259886,D,0.0008669157293442726,0.001058605843780085,0.12426314288595515
481,I,I,0.00013856317615461636,T,0.0005566348235715991,T,0.0001736997246209417,T,0.0003962350008276825,T,0.0003031906363237497,M,9.947860318181192e-05,T,0.0002608020302454233,T,0.0014896143239117253,T,0.0002963261193654429,T,6.431119823160363e-05,T,0.0002613011711064919,T,0.0002613011711064919,T,0.000188185307257297,T,0.00025026310068528045,T,0.0002613011711064919,0.00033341383717977663,0.03913737254810778
482,I,I,0.00011069313160554243,I,0.00015934109385193416,L,8.669783612423793e-05,I,0.00014044353724270502,I,8.678701176902282e-05,L,0.0007961175386838732,L,0.0007749461737832242,I,0.00022672429751676598,V,0.000741620476264679,L,6.770073738964331e-06,L,6.061772007172015e-05,L,6.061772007172015e-05,L,5.4162036726652116e-05,L,0.00020930318959437388,L,6.061772007172015e-05,0.00023836397047447572,0.027980061035905827
483,K,P,0.00014833939879121602,L,0.0009283588160685128,D,0.0020521804691660843,P,0.00026149275035162106,P,0.000455149494738017,N,0.00018429891241248384,N,0.0002868615289032217,P,0.0002494164601216054,S,0.0015539224412118003,N,0.000938101733294258,G,0.002572460033237756,G,0.002667910210066804,N,0.0014191038172589742,N,0.001521648464654766,G,0.002572460033237756,0.0011874469709009918,0.13938699987492026
484,Y,H,0.0016128161469031541,H,0.0020966865430950272,Y,0.0006339457517915842,H,0.0034260220501064007,Y,0.00028983386132759435,Y,0.0009762263147866548,Y,0.0006861851439330188,Y,0.00018485578356569864,Y,0.000958811211691341,Y,0.000714384045023157,Y,0.0005219298652508968,Y,0.0005219298652509007,Y,0.0007338960604735483,Y,0.0004959004171422749,Y,0.0005219298652508968,0.000958356861706143,0.11249553962094457
485,L,L,0.000614975097755689,L,0.0015202279582744109,A,0.0002212679309407818,L,0.001558892140627595,L,0.0015138902849000649,I,0.0004998030730931012,I,0.0002853031492674878,L,0.001485187827832255,A,7.854402105221157e-05,C,0.0010026920853186295,V,0.0018950917149450582,V,0.0019072759733956075,A,4.677946311401739e-05,V,0.0017793954404482066,V,0.0019382826974616405,0.0010898405905617838,0.12792959515914623
486,K,R,0.000574332189354078,H,0.0017917351055887964,R,0.00013714540214809713,H,0.002463302282184749,H,0.0025711400467006286,Q,7.650838680034548e-05,R,7.650838680034548e-05,Q,7.522514660755498e-05,R,0.00019471902287757992,R,0.00010787391034980825,R,0.0001357693841126167,R,0.0001357693841126167,R,0.0001325809871296309,R,0.00015642531326708742,R,0.0001357693841126167,0.0005843202888097703,0.06858971728349439
487,K,K,0.0001457574580249984,Q,0.0019340629077430305,Q,0.0009125351835291038,Q,0.0017688906569325975,R,0.0009044038117250877,N,0.001696095448553285,N,0.0017785580326324156,E,0.0006283555971502669,K,0.00019868737683624894,Q,0.0009453972285670329,Q,0.0007511757142635663,Q,0.0007521191560571589,Q,0.0009178782487913263,Q,0.00012092021610315359,Q,0.0007511757142635663,0.000947067516744856,0.11117035376989737
488,A,A,0.00017071228870128483,S,3.4286981950498185e-06,A,0.0007976538064945469,S,0.00018597137774428176,S,0.00021078903704950836,A,0.0006953052787243257,A,0.0006805751748151868,T,0.0012723352169491193,S,0.00029007221676434817,A,0.0014694449791197435,A,0.000851624945933975,A,0.0008904310152331755,A,0.0006915213318404764,A,0.0008750615223790169,A,0.000851624945933975,0.0006624367890585343,0.07775932643424403
489,W,W,1.5357386760645176e-05,W,1.9848124141514102e-05,W,0.00011034930301864053,W,1.9848124141514102e-05,W,1.227454279429497e-05,W,0.0005621698656805703,Y,0.001249266368179045,W,1.227454279429497e-05,W,4.41177875346922e-05,W,0.00011034930301864053,L,0.00011034930301864053,L,0.00011034930301864053,W,4.849387920773308e-05,W,1.227454279429497e-05,L,0.00011034930301864053,0.00016984477860812008,0.019937020106795003
490,V,A,0.0006201941546179382,V,0.0031257049079546533,D,0.00017162292028708828,V,0.0029562767184255854,V,0.0018596886533241617,E,7.551033440078808e-05,E,7.551033440078808e-05,V,0.0035915624956020216,E,5.6119338819465976e-05,E,0.0008174154185300577,E,0.0008840566964365533,E,5.406653468380107e-05,E,0.0001758474913214989,E,6.747117175371535e-05,E,0.0008840566964365533,0.0010276735911329779,0.12063219851411353
491,D,D,0.0008029052490788048,S,0.00035207896415047124,E,0.0018001511133720939,N,0.0007084758077946998,E,8.809485693366387e-05,A,0.0013113427285063829,S,0.004233899373429571,E,0.00011386289010317806,A,0.0006397634052420964,E,0.0012167556760734565,D,0.00017973811917328184,D,0.00016741188584040506,V,0.0015386278008622256,L,0.0014098793279106864,D,0.00017973811917328184,0.00098284835450962,0.11537044333285061
492,L,Y,0.004088283140557753,V,0.0020029533761697447,Y,0.0026067182938853024,T,0.0007238002655811218,L,0.0012847783553601568,L,9.138606012154409e-05,H,0.0008196766213425819,L,0.0013556260678171325,F,0.0008926411143346686,Y,0.00386033359155234,Y,0.0033975310701669223,Y,0.0026681364764571786,Y,0.0027562516649932084,Y,0.001986447336225983,Y,0.0033975310701669223,0.002128806300315504,0.24988730510690527
493,C,C,0.0012434855737761337,V,0.00015663598815152745,L,0.00040139436189963245,V,9.605472193067522e-05,V,0.0018014807841833453,F,0.0009417311137727982,F,0.0008885879188132687,V,4.465609597177443e-05,I,0.0002687710066240763,I,0.001229877682690558,I,0.0007309711083659971,I,0.0008959538064031579,L,0.0025746544256297433,I,0.0002212971264978839,I,0.0007309711083659971,0.0008151015215384379,0.0956796879902089
494,R,K,0.0004109987253067133,E,0.00016039265821475557,D,5.362492539224353e-05,E,0.00015054102439830057,E,0.00017903076642378522,D,9.018945461912002e-05,D,5.4737167266897735e-05,E,0.0002664388656782159,G,0.000731270590537855,D,6.198963623079352e-05,G,0.0015284903731002954,G,0.0015284903731002954,D,7.119748066654677e-05,D,0.00014063280686266947,G,0.0015284903731002954,0.0004637676813932521,0.0544387979694827
495,Y,A,0.0018254123198071027,A,1.675929391507372e-05,S,0.0002911981870892983,A,9.153268201811006e-08,A,6.508721670148767e-05,T,4.366281886115529e-05,S,4.366281886115529e-05,A,0.0006354501777311542,A,2.9391958902918373e-05,A,0.00015319346034270193,S,0.0004022638698969746,S,0.0007628456750444686,S,0.0003178825242188,A,0.00010827808281132043,S,0.0004022638698969746,0.00033982958711750694,0.03989047745104874
496,Y,L,0.001954197068437263,Y,0.0008674692162329055,Y,0.000566137783503645,Y,0.0007823606662271972,Y,0.00046875553227533194,F,0.0007894124366501796,F,0.0007890183972334532,Y,0.0008713986565787329,Y,0.00035166849579127107,Y,0.0007349819140491236,Y,0.000211455360592572,Y,0.00021488475405135205,Y,0.0009954252573132858,Y,0.0006541555272674937,Y,0.00025700106727362084,0.0007005548088984953,0.08223376323594257
497,L,R,0.001558067744495868,L,0.00048371944369500854,M,0.0009899518261899712,L,0.000857333391802656,L,0.00035519049827338405,M,0.001234422060825743,M,0.0008201367474784216,M,0.0008713958900611702,I,0.0011456056727759557,M,0.00040146256153835347,L,0.0008429769314230963,L,0.0009467586737471156,M,0.0012946842471671838,M,0.0007060942496245766,L,0.0008429769314230963,0.0008900517913681068,0.1044776330836613
498,V,T,0.0004783410981503803,K,6.278112833851085e-05,Q,9.164748226035719e-05,K,3.5971832398707245e-05,K,0.0010324827516522495,Q,0.00040315769189912145,H,0.001024469897799398,K,0.0005100002187189845,Q,0.00010123615883174287,Q,0.00010680177017408119,K,0.0005589511611817341,K,0.00042222149661397257,Q,0.0001583733921459562,P,0.0006649671105822342,K,0.0005589511611817341,0.00041402362346194425,0.04859965300843386
499,E,E,0.0,E,0.0,E,0.0,E,0.0,E,0.0,E,0.0,E,0.0,E,0.0,E,0.0,E,0.0,E,0.0,E,0.0,E,0.0,E,0.0,E,0.0,0.0,0.0
500,A,A,3.4974716504770175e-05,A,7.630348028507445e-05,A,3.8178328718998744e-05,A,0.0005086635617654117,A,0.0005086635617654117,A,7.110995638630832e-05,A,0.00048036392481549614,A,9.125319177300821e-05,A,0.0004776846692462735,A,1.8509905292395662e-05,A,2.6756898196592436e-05,A,2.6756898196592436e-05,A,3.8178328718998744e-05,A,2.6756898196592436e-05,A,2.6756898196592436e-05,0.0001633940812039011,0.019179812938551706
501,K,R,0.00012233241372483738,E,0.002452107508863819,K,0.00019146270404360991,E,0.002452107508863819,G,0.0018864336334081574,K,0.0002614334771463255,K,0.00026207060760263963,E,0.0023171634930398356,K,0.00041983257356485693,K,8.643807787523866e-05,E,0.0005619456212686798,E,0.0005953751608495707,K,0.00039671805900488887,K,0.0001778051821441767,Q,0.00020764736460647304,0.0008260582257337952,0.09696582721472434
502,W,W,0.0,W,0.0,W,0.0,W,0.0,W,0.0,W,0.0,W,0.0,W,0.0,W,0.0,W,0.0,W,0.0,W,0.0,W,0.0,W,0.0,W,0.0,0.0,0.0
503,Y,V,0.00015109184012379985,Y,0.0013558460124435568,I,0.0016989852553566497,Y,0.0016409932537203185,Y,0.002303022830163237,I,0.002036702384442636,I,0.0015869745185250932,Y,0.0024995317198764936,I,0.0022135228992538605,I,0.0016805895502492265,I,0.0023289879529791472,I,0.003295898292935845,I,0.0016275319587368128,I,0.0018806839203280138,I,0.0023857430659558225,0.0019124070303393678,0.22448554338089763
504,S,N,0.0006501026388464138,E,0.00392183928857429,V,0.0042703687497216624,E,0.004834707725682521,E,0.005272507995506806,-,,-,,Q,0.0007055555521717224,-,,A,1.0062433856909843e-05,-,,-,,A,0.002882130573286154,S,0.0017396236260656633,-,,0.002698544287079127,0.31676529682850774
505,N,S,0.0007518500470203993,S,0.0003796613775112307,-,,S,0.00037527660426867017,N,0.00012103658525257756,S,0.0014176129041051082,S,0.0003826313132539816,S,4.6781508484792736e-05,S,0.001104300426665396,-,,A,0.0016156372487353965,A,0.0016317431491602757,T,0.0007785000630121929,S,0.0011392446747363937,A,0.0016156372487353965,0.00087383947314937,0.1025745700813509
506,-,-,,-,,T,0.0013733311486595252,-,,-,,S,0.0019348806148902322,S,0.000788316192008615,-,,S,0.0018878428699773014,S,0.0005509577648464532,T,0.002994040693701272,T,0.002994040693701272,-,,-,,T,0.002994040693701272,0.0019396813339357427,0.22768710390961064
507,K,-,,-,,G,0.00012140161887794672,-,,-,,S,6.190633150818782e-05,G,3.041920271938851e-05,-,,G,3.128231539182839e-05,G,0.00013816417228599046,G,5.2476004903185995e-05,G,6.144981028498258e-05,G,0.000875659787124782,-,,G,5.2476004903185995e-05,0.00015835947199994207,0.01858883153923074
508,Y,K,0.0002737694893782426,G,0.001285177739618372,-,,G,0.0012823036854441021,G,0.00045749636074108446,-,,-,,G,0.001301332846559231,-,,-,,-,,-,,-,,G,0.0010372515210319208,-,,0.0009395552737954923,0.11028853838554481
509,R,Y,0.0013647331747695865,Y,0.0010596979844038977,Y,0.002479245235126156,Y,0.0009750828106751458,Y,0.0012458022777248863,Y,0.0016591042230451112,Y,0.0023689571239539973,Y,0.0013754656271006826,Y,0.0028717153081360847,E,0.0015769505276291543,Y,0.0019377560774905846,Y,0.0021494204012394253,Y,0.0034060251652125472,Y,0.0008484274625448975,Y,0.0019377560774905846,0.0018170759651028497,0.21329522372551446
510,-,T,0.0028735518332896393,A,0.002826035253281848,L,0.0006957312627899129,A,0.002635374662635648,T,0.0009650091234275638,L,0.0015769505276291543,L,0.001149054879282063,T,0.0022252791454948836,L,0.0009009361595395983,V,0.005382267281416744,V,0.004436840071952752,V,0.004436840071952752,L,2.9956311329499326e-05,L,0.0005069751599253008,V,0.004436840071952752,0.0023385094543933406,0.2745030515170706
511,P,P,0.0001798733460663975,P,0.00017365718002341677,P,4.153077803314987e-05,P,0.00017365718002341677,P,0.00017365718002341677,P,0.0001879433002317953,P,0.0001879433002317953,P,0.00017189737874352733,P,5.967344466062711e-05,P,0.0001939682875713281,P,0.00019277490877312427,P,0.00019277490877312427,P,0.00018115007770144978,P,0.0001896418945789324,P,0.00019277490877312427,0.00016619453828057505,0.019508541142641434
512,S,T,7.737388851014874e-05,S,6.432526553234336e-05,T,0.0001037822098018646,S,0.0001357897976369779,S,9.296882991812348e-05,T,0.00024158883821839448,T,0.0003864138167250816,S,0.00019390193289056898,T,0.00037365492368384226,T,0.00036981266826783247,T,0.0005634706050876617,T,0.00038679068483701205,T,0.00026809542493912603,T,0.0001823138568847161,T,0.0005634706050876617,0.00026691688986809036,0.03133171030486355
513,L,L,0.0,L,0.0,F,0.0,L,0.0,L,0.0,F,0.0,F,0.0,L,0.0,F,0.0,F,0.0,F,0.0,F,0.0,F,0.0,F,0.0,F,0.0,0.0,0.0
514,Q,D,8.074016882632567e-05,E,0.0005906355787250623,A,2.337951584123558e-05,E,0.000610893750773495,E,0.0005890919801351036,E,3.775020559418558e-06,E,1.4415227869895035e-05,E,0.0005099102905454444,D,1.3768351077639014e-05,E,3.4308715168158673e-06,Q,0.003954994823963199,Q,0.0027232761354172986,E,3.4709587065585065e-05,Q,0.002497839629569736,Q,0.0027232761354172986,0.0009582758044869035,0.11248602481911772
515,E,E,0.0,E,0.0,E,0.0,E,0.0,E,0.0,E,0.0,E,0.0,E,0.0,E,0.0,E,0.0,E,0.0,E,0.0,E,0.0,E,0.0,E,0.0,0.0,0.0
516,Y,Y,0.0001667914530606384,Y,0.00014180099736093123,Y,0.0001410796711643022,Y,0.0001636053110421709,Y,0.0001636053110421709,Y,0.0001282604407826909,Y,0.0001282604407826909,Y,0.00016438024042930683,Y,3.0247063419710032e-05,Y,0.0001348494693557374,Y,0.00016481492924911957,Y,0.00014258215323746808,Y,2.4709407908434596e-05,Y,0.00012274213530739312,Y,0.00016481492924911957,0.00013216959689279231,0.015514565312828587
517,I,L,0.0013539363230069639,L,0.001985091978772253,Y,3.860937317145677e-05,L,0.002620487737582236,L,0.002020539604615713,L,0.002055917510624824,L,0.0020972165746633363,L,0.0016214885385330724,L,0.0010465553039445247,Y,0.00019275842469858304,F,0.001868730987225909,F,0.002064743218175031,L,0.0019558937379248503,L,0.0008874537100289512,F,0.001868730987225909,0.0015785436006795742,0.18529539597337163
518,E,N,0.00027644849932878263,S,0.006086248298160329,E,0.00018209909879391767,S,0.005924038073781476,T,0.006608788388206854,K,0.0004488138816297407,K,0.0004293406195840796,T,0.006797493772538664,E,0.0009897482997131054,E,0.0005117578519263542,E,0.0005649989624873441,E,0.0005508229796202837,E,0.0006518170553659315,D,0.000551790316804267,E,0.0005649989624873441,0.0020759470040285647,0.24368248172911225
519,N,N,9.400400625087453e-06,I,3.0530540242607465e-06,N,2.3214524125534897e-06,I,3.0530540242607465e-06,N,5.839317982179902e-06,N,2.3214524125534897e-06,N,1.5448805307022135e-06,I,1.5448805307022135e-06,N,5.839317982179902e-06,N,0.00017397752344125558,N,1.5448805307022135e-06,N,1.5448805307022135e-06,N,5.839317982179902e-06,N,2.3214524125534897e-06,N,1.5448805307022135e-06,1.4779383063505051e-05,0.0017348596743323053
520,A,A,0.0006565558388132182,A,0.00010977315701845327,G,4.4740898430812726e-05,A,0.00011412988839904925,A,0.00010539838416964943,A,2.7357218356055238e-05,G,7.517045281142482e-06,A,0.00011153415868485595,G,6.332478900803872e-05,G,4.4740898430812726e-05,G,0.0005002904353936712,G,0.00046971645535853746,G,7.052937577299836e-05,S,9.681298706628412e-05,G,0.0005002904353936712,0.0001948474643718167,0.022871929574602833
521,W,Y,0.000709790100784162,T,0.0012413032264487263,K,0.00023898147303573386,S,0.0002953507379867818,T,0.002171045933573884,K,0.0020343732793451546,K,0.0020343732793451546,K,0.00016900127706606484,K,0.0002586230068333688,K,0.00022148563757968544,K,0.0009099098889946156,K,0.0009099098889946156,K,0.0012364568524240382,K,0.0008754272177446417,K,0.0009099098889946156,0.0009477294459434162,0.11124805351344626
522,I,T,0.00014219470924363594,I,0.0013868901138166584,V,0.00010283064083826035,I,0.0014486745673890627,I,0.0020362585401476484,V,0.0002669977332545509,V,0.0001733565373788343,I,0.00136562653371611,V,0.0003963108002516143,V,0.00023872486419469825,L,0.002154131007219286,L,0.0021491028200135457,V,0.0005203988163975584,I,0.0009196864067186694,L,0.002154131007219286,0.0010303543398532946,0.12094687490025982
523,S,S,0.0010987424031233982,S,0.0009753853691745058,S,0.0003351647486865587,S,0.0009320824003570002,S,0.001472424420755626,S,0.00033592850287979427,S,0.0004235370066738801,S,0.0011666264628016464,S,0.00015638592965739565,S,0.00035904505853747625,S,0.0005079390420705431,S,0.0005284939340226949,S,0.00014048316293803077,S,0.0005699534877778105,S,0.0005079390420705431,0.0006340087314351271,0.07442233391036612
524,I,A,0.002679487144184063,I,0.0008714517933287153,S,0.0002652182537677874,I,0.00090520741738412,I,0.0009498835241727138,S,3.474944208711449e-05,S,0.00030103975924846403,I,0.0004400001671175015,F,0.0013412557616035476,S,2.9305749174925362e-05,S,0.0009349265389399597,S,0.0009314393925625542,S,0.00016585348564176529,F,0.0003370964163870572,S,0.0009349265389399597,0.0007414560923026832,0.08703491000245277
525,G,S,0.0027499312015925557,G,0.0031484460524405914,G,0.001632221645235053,G,0.002831867847622544,G,0.002919403490529242,G,0.002933849677699603,G,0.002799786656290126,G,0.0024156210557825138,G,0.00278239711506764,G,0.0016063086919588813,G,0.0021620433588458426,G,0.002054155060011076,G,0.003120374490904149,G,0.001453772935425399,G,0.0021620433588458426,0.0024514815092167366,0.2877641370033472
526,A,G,0.0025769568374907435,L,0.003521446359414663,H,0.0034732804855449884,V,0.0006689987421961709,V,0.0010861799389239458,S,0.002764351283311873,S,0.00288319851278387,S,0.0033009869739875648,S,0.0040810231242016685,H,0.0018142328975491585,H,0.004089348263257913,H,0.0040904448039020755,H,0.002754768234058076,T,0.0023980212143786274,H,0.004089348263257913,0.0029061723956172836,0.341137466574226
527,P,P,0.0004369502997006234,I,0.002016811664321533,R,0.0006468946124521871,I,0.0007395721532169238,P,0.0008807000809763413,R,0.0005166905971194545,R,0.0009918004966762849,L,0.0005150756061714978,R,0.0002754870456145082,R,0.00036697128713631305,R,0.00031147848554885423,R,0.00031147848554885423,R,0.0007395179423523812,R,0.0004445384088679163,R,0.00031147848554885423,0.0006336963767501685,0.07438566854045893
528,T,L,0.0004129968671232988,P,0.002255232136415869,T,0.0002832067927109228,P,0.002255219295964097,P,0.0018884355660827954,I,0.00017672473181244282,T,0.0014715227922629363,P,0.0031938035747965357,I,0.00029353164359038734,V,0.0036743592429294256,I,0.0003161970019674014,I,0.00023891795259347736,V,0.0014416862427543908,I,4.9062426966167885e-05,I,0.0003161970019674014,0.0012178062179958365,0.14295068269588948
529,I,I,0.002439189639826356,I,0.0023143390109084685,A,0.004212009371220668,I,0.002325748377608158,I,0.0016946199712663485,A,0.00602605894000092,A,0.004816455820815805,I,0.0019445711546650503,T,0.0014141583289642814,S,0.001324731866830781,A,0.004021563583275588,A,0.0042827323996886945,S,0.0005643629340831446,T,0.0009879411515523577,A,0.004021563583275588,0.0028260030755988138,0.33172688970365805
530,L,L,0.00010325748557046883,V,0.002303901218417902,A,0.0003284421452218325,V,0.0021951774041991837,V,0.0017950036347371067,T,0.002929972809298242,T,0.0028963738924324555,L,0.0011580100113343322,T,0.0019012531208217793,A,0.00030938787934991336,T,0.0010282018020224,T,0.0010282018020224,A,0.00028795904695514004,I,0.0015089922622597732,T,0.0010282018020224,0.0013868224211110215,0.16279044148916033
531,V,I,0.002620743625833298,I,0.005797754640106621,L,0.000615101370441617,I,0.005338786035129944,L,0.005018351057260387,L,0.00205118118307354,L,0.002093727233794638,L,0.003470161102569071,L,0.0006992749188790994,L,0.0010747383710068127,L,0.0012935771272077426,L,0.0014572435068331989,L,0.0012643246510307905,L,0.0012924383735305669,L,0.0012935771272077426,0.0023587320215936714,0.276876852655899
532,H,H,0.0019415865833207666,P,0.001062764651950774,Q,0.00026888326235200864,P,0.0020233821396929506,P,0.0008085829900704996,Q,0.0005600356698361396,Q,0.0005600356698361396,S,0.0003088559878993656,E,0.0001405128173358816,Q,0.0004945051080474218,Q,0.0005575484757134479,Q,0.0005026084113189945,Q,0.0009819428166560075,Q,0.0001788017452916624,Q,0.0005575484757134479,0.000729839653669034,0.08567132866361882
533,A,A,0.0006556801206484568,L,0.0002063314300369107,P,0.0019374731108123431,L,0.0003269918362650146,V,0.00014014711813867503,P,0.0015237409949478604,P,0.0015363662063182127,V,0.0009023788154510132,P,0.0023226248798342846,P,0.0007641006770261567,P,0.001749040728109895,P,0.0017538380210297387,P,0.0016914560099027787,-,,P,0.0017538380210297387,0.0012331434263965057,0.14475102201024523
534,Y,F,0.0054142589590910235,D,0.00967735349185222,-,,E,0.00967735349185222,E,0.00967735349185222,-,,-,,E,0.00967735349185222,-,,-,,-,,-,,-,,P,0.0011928539361494399,-,,0.007552754477108223,0.886570780131086
535,-,F,0.0004737013532605621,L,0.0025306698677450973,I,0.002616360052856064,V,0.00967735349185222,V,0.008315021213255438,I,0.003071906186831626,I,0.00304351243747024,L,0.0016200337345080892,M,0.0016909905515755431,I,0.0013474264071639769,I,0.0029384605079084873,I,0.0027810199200733136,M,0.004540484789204573,I,0.0009411651797889807,I,0.0029384605079084873,0.0032351044134268465,0.37974874627667066
536,F,F,0.0029764044165376527,S,1.4382244313316257e-05,L,0.00016922176105758614,S,1.4097684554571629e-05,S,1.998034232588968e-05,L,0.0002160476812061023,L,0.00016650894010638401,S,0.0006526125706565205,L,0.00018238246278451278,L,0.000165703908210393,L,0.00020424731858024003,L,0.00020424731858024003,L,0.000193667174390842,L,0.00019052017327590156,L,0.00020424731858024003,0.00037161808767735945,0.04362193142932455
537,F,S,0.0006594908525012771,I,3.2839408489726516e-05,T,0.0004934725469469613,I,3.576688175782747e-05,L,0.0004511735770933153,T,0.001109099639153537,T,0.0009767225565841496,L,0.0019096522373858854,T,0.0018673043056847683,T,0.000634562232708056,T,0.0006934819003347509,T,0.0008356674507405987,T,0.0005550761782018053,T,0.0003555741698140418,T,0.0006934819003347509,0.0007535577225154302,0.08845544495709634
538,-,G,0.00021948026918923533,P,0.0013431110506771083,-,,P,0.001748497801205704,P,0.001503016469260891,-,,-,,P,0.0018269379853461058,-,,-,,-,,-,,-,,-,,-,,0.0013282087151358089,0.15591014381891027
539,V,Q,0.002186828818812711,N,0.002098824814839402,M,0.0009057772618538758,N,0.0021919101162069885,N,0.0036631597262463916,L,0.0018682402229476722,L,0.003499979680973915,D,0.0013722403259435534,L,0.0015691652615096,T,0.002493938682093695,L,0.0006900718310655608,L,0.0007129818857591716,M,0.0014359845855376988,L,0.0005378317757036166,L,0.0006900718310655608,0.001727800454703961,0.20281572791496774
540,T,E,0.00156063711538453,S,0.0005480494020672596,D,0.000951359475792755,S,0.0020189557592366642,S,0.0007098363245337531,D,0.0005204464457428491,D,0.0007888282714388475,S,0.0015591591223152075,G,0.002178559126274414,D,0.0003806066549731274,S,0.005453554391485611,S,0.005455536565107234,D,0.0009029348079840595,G,0.0027618509103491144,S,0.005453554391485611,0.002082924584278069,0.24450153639108754
541,N,P,0.006191757029241518,T,0.009096254886855233,I,0.004045558902205197,T,0.00967735349185222,T,0.00784480232910342,V,0.007862079285384307,V,0.008330978421084082,T,0.009019679405343766,F,0.0007995105370650331,I,0.0034381316493673642,I,0.00463958311461653,I,0.004467157259521729,I,0.002252619260841885,E,0.003888056426586011,I,0.004628170454094765,0.005745446163544204,0.6744221201487829
542,P,-,,I,0.0008220147818985118,P,0.000448712135347771,F,0.0009285605210860989,I,0.0006839772263781054,P,0.0007569124527618547,P,0.0007603731619750888,-,,P,0.0005240590259685434,P,0.00014963072649389178,P,0.0008280958390342733,P,0.0007592219100958597,P,0.00036946453397586375,P,0.00025126787778777834,P,0.0008280958390342733,0.0006238758486029165,0.07323289794170619
543,I,W,0.0008425178993568528,H,0.0025143540633530237,F,0.0012951571983303943,H,0.0034112890133435755,H,0.003150949298107788,L,0.0009666985102453269,L,0.0007738188927911937,I,0.00013622924642127564,L,0.0002797111099396701,F,0.0005427270070673862,F,0.002715067713924284,F,0.0023312665031157854,F,0.0002878444935303923,L,0.0010817109399574145,F,0.002715067713924284,0.0015362939735605768,0.18033597554090994
544,T,K,0.00012334892213318983,R,0.0003606145139338805,P,0.0005128770967897156,R,0.0003606145139338805,R,0.0003694099846331249,P,0.0006021210707481031,P,0.0006292118616177167,D,0.0008243398897126963,P,0.0005364580140637591,P,0.00014428651278740236,P,0.0007166144725404593,P,0.0014295938617071915,P,0.0005982707857248504,P,0.00015473608070925752,P,0.0007166144725404593,0.0005386074702383791,0.0632237743886651
545,K,E,0.000754003875498458,H,0.00011561385114523145,P,0.00172129199280394,R,0.001475444344861257,T,0.0016812597937851184,D,0.001158912915102629,N,0.002493071649400719,R,0.0008999780438501936,P,0.0017647270889216428,E,0.00013408666042366332,H,0.00021369581480988362,H,0.0005079746282456667,P,0.0009302550501131416,H,0.0002160555118633613,H,0.00021369581480988362,0.0009520044690423193,0.11174987183355192
546,E,A,0.0008079159701196696,-,,H,0.0018018729038191972,S,0.0012025955998932654,Q,0.0006965991273277729,Y,0.0012896596837103352,Y,0.0012459717705605984,A,0.0013073427664140951,R,0.0027314254839071067,H,0.001256209444385063,H,0.000987674563967271,H,0.0007734313087682795,H,0.0007499138362910668,E,6.327396537345576e-06,H,0.0009885698371652936,0.0011318221209190257,0.13285754538349503
547,A,I,0.002515457972593737,T,0.0006581981699017875,I,0.0005278865034921423,P,0.000440442234942158,F,0.00015916078294781264,I,0.0005348616852989698,I,0.0007744508772617282,T,8.344913419594405e-05,I,0.0005526730468807318,V,0.0007804934050512155,I,0.00068419629400787,I,0.00068419629400787,I,0.0002098338061874785,I,0.00016603206698429036,I,0.00068419629400787,0.0006303685711841071,0.0739950381835779
548,L,D,0.001943769166988869,R,0.0004227465647821303,L,0.0001418621576920451,F,0.0005314546520357245,-,,L,0.00027793250285224774,L,0.00021517971155563933,F,0.002513901571831384,L,0.00023450753789083448,L,0.00014483501254416043,L,0.00019293412464930885,L,0.00019293412464930885,L,0.00014583122513260615,L,0.00011742658118379695,L,0.00019293412464930885,0.0005191606470312403,0.06094103300284613
549,D,C,0.002738729474653503,-,,K,0.0005943935097043783,-,,-,,Q,0.0017073176067743051,Q,0.0016177374676267708,D,0.0015769505276291543,Q,0.002343181098777326,K,0.0005087137415608848,Q,0.0014871872061651683,Q,0.0014885379011302993,K,0.0012190028114654771,Q,0.0007960644540315581,Q,0.0014871872061651683,0.001463750250473666,0.17182051997225486
550,C,F,0.0027369907914218637,-,,E,0.001337994844354521,-,,-,,E,0.0037997621426628333,E,0.0019491555056428348,-,,E,0.0013515061723816482,E,0.0017681656771998018,E,0.0016839375490928091,E,0.0016839375490928091,E,0.002346441571353588,-,,E,0.0016839375490928091,0.0020341829352295516,0.2387800579618874
551,-,-,,-,,V,0.0023824059767060188,-,,-,,-,,-,,-,,-,,V,0.002756081304496016,-,,-,,-,,-,,-,,0.0025692436406010172,0.30158749972587473
552,-,-,,-,,-,,-,,-,,-,,-,,-,,-,,-,,-,,-,,-,,E,0.0007116725734741076,-,,0.0007116725734741076,0.08353880833478554
553,L,V,0.0012621645070390228,I,0.001094319976665836,-,,E,0.0046602139804753084,D,0.006452346729613815,I,0.0011418034751452262,I,0.0011126030122242806,-,,I,0.0015648536440984928,-,,I,0.0017880958544236594,I,0.0017804061232488467,V,0.0014518292574803194,I,0.0018893326735857244,I,0.0017916386805191776,0.002165800659543309,0.2542298423918724
554,E,S,0.0008263530183139632,D,0.0004086720742738629,D,0.001147766270102565,Y,0.0014531618505183425,R,0.001888445169552069,D,0.001654538198052952,D,0.0017222440190259505,-,,D,0.002598294117360294,D,0.0027925321931452254,D,0.0024161807879510217,D,0.0027897270790525584,D,0.001776777704181017,D,0.0015615307377939698,D,0.0024161807879510217,0.0018180288576624868,0.21340707784476845
555,E,S,0.0010003067371417852,H,0.00019344882242581545,F,0.0008073123985113634,H,0.00018079693704967092,P,0.0006349600497253772,Y,0.003478125382216873,Y,0.002077072706083096,R,0.0012485101603873306,F,8.410399269645732e-05,I,0.0012543771619514723,F,5.683365445372613e-05,F,3.691019493976214e-05,F,0.00012131136874855813,F,5.938459718533955e-05,F,5.683365445372613e-05,0.0007526858545313569,0.08835310180783153
556,Y,N,0.0012843473080315464,R,0.0010044949893243975,P,0.00033943373253964964,R,0.0014456681173201397,-,,P,0.0013052734427610106,P,0.0013172666583226044,R,0.001390844948827577,P,0.0006782391208096687,P,0.0006785009184777665,P,0.0006475247059404569,P,0.0006437103050901338,P,0.0005454146982241414,P,0.0002892947150351814,P,0.0006475247059404569,0.000872681311903195,0.10243862075019615
557,P,K,0.0005844009391557956,H,0.00039069249514977664,S,0.00012456858582379304,Y,0.000748550828019605,H,6.309419241581233e-06,S,0.0001102909879005795,S,0.00020161971741094147,H,0.0005462473516474915,S,0.00013757367203928766,S,0.00011706438586026303,S,0.0001726777671095267,S,0.00011727627758672377,S,0.00019335356366927136,A,0.005637080727835201,S,0.0001726777671095267,0.0006173589657039577,0.07246792167069613
558,N,D,0.00016730659370169925,E,0.0005667997387723647,K,0.0020577827275291144,D,0.0005198513678941088,K,0.0005029081456436543,R,0.0007252199867695539,R,0.0008230060962561762,K,0.0004998561476025742,K,0.00039300919769295125,K,0.0031811678698878566,K,0.0004124353464960942,K,0.00038218776425293435,N,0.0002891154641822487,K,0.0007693138012408515,K,0.0004124353464960942,0.0007801597062945519,0.09157808605228529
559,I,I,0.0018567494157004589,I,0.0027805019912532443,L,0.0015769505276291543,I,0.0022947589965831247,I,0.00248497864070119,F,0.0014211847012286006,F,0.0018862668820368855,M,0.0013897829595466591,F,0.0021509232496836426,L,0.001589614289711625,F,0.002488216810412561,F,0.002504471174251863,L,0.004335322339076638,F,0.003094475048444955,F,0.002488216810412561,0.0022894942557782102,0.2687494628089766
560,I,I,0.003893264217995327,L,0.0017851064275782645,N,7.605665503408286e-05,L,0.0007726918310892529,L,0.0007727597624864324,N,0.00032131523511596497,N,0.0003217082187112291,F,0.0032798333675621554,N,5.363903314751988e-05,N,0.00022688888438376085,N,0.0003857203020474573,N,0.0003930201065767549,N,0.00022907515133146995,N,3.889925240422493e-05,N,0.0003857203020474573,0.0008623799165007569,0.10122940414106904
561,R,R,0.0007724213350172912,N,0.00043044073147899096,D,0.006213568525416927,H,0.002381070009411834,D,0.004953914673486371,E,0.0050072701896877155,D,0.006170182944766655,Y,0.0006944100857871245,D,0.004739710779776343,D,0.005013252797325973,D,0.007390413869495674,D,0.00664620674200204,D,0.005003820359662268,D,0.004776762145148388,D,0.007390413869495674,0.004505590603863951,0.5288832026416364
562,W,L,0.0020615913089091728,L,0.0020394188382557603,L,0.0006810556894196329,L,0.002237282924150755,L,0.0018552916958054317,L,0.0007387885412189517,L,0.0007705609388618518,L,0.00150078779874546,L,0.0005985818642066119,L,0.0010325099012626151,Y,0.003741032339558216,Y,0.003735431820452307,L,0.00040376030609114307,L,0.0013277021102444974,Y,0.003741032339558216,0.001764321894449375,0.20710275212907925
563,S,S,0.00039088651353646364,S,0.0004204298773700256,A,0.0014537308355589392,S,0.00036561226755144933,S,0.00037927301833986306,A,0.0010451240180512256,A,0.001079209507898556,S,0.000460531161177127,T,0.00967735349185222,A,0.0013658576362965472,A,0.00014647733757476217,A,0.0005683383357097214,A,0.0010187949680400894,I,0.0001705260460046425,A,0.00014647733757476217,0.0012459081568357597,0.14624939416811064
564,S,A,0.004238115824966293,G,0.0015769505276291543,C,0.0003090571837794634,A,0.005840272541548356,A,0.005893529631737423,S,0.00043897305591076175,S,0.000873938310095463,A,0.0058320549759038704,C,0.00027339239743944823,S,0.0024619655612675654,A,0.00831316593533852,C,0.0003826233880597854,C,0.00017875683857649535,S,0.0012931002749459318,A,0.00831316593533852,0.00308127082550247,0.3616911800642579
565,I,T,0.0011337987292194653,M,0.00022565781340430266,A,0.0013172193948750568,M,0.0006408802093499198,R,0.001818280643222244,S,0.0009223527398686922,S,0.0012439807472591513,T,0.0012989548258164943,A,0.0009781864826624164,A,0.0003217304238631235,S,0.0015593859355930038,S,0.0015121408556492714,A,0.001481982772760257,V,0.002327840834048283,S,0.0015593859355930038,0.001222785222878979,0.1435351370505098
566,I,I,0.0005005903923192877,V,0.00037006411963521946,I,0.0007585098991990815,V,0.0025280759176929592,V,0.0019143002873174557,I,0.00048045671512009664,L,0.0008619464357622989,V,0.002557221982996087,I,0.0002717549286670559,I,0.00029988002644575084,I,0.0011036350097509385,I,0.001409099920097139,I,0.0005847349322100129,I,0.00016861167049333104,I,0.0011054805773302652,0.0009942908543357988,0.11671360707904316
567,A,F,0.0,L,0.0,L,0.0,L,0.0,L,0.0,L,0.0,L,0.0,S,0.0,L,0.0,L,0.0,L,0.0,L,0.0,L,0.0,L,0.0,L,0.0,0.0,0.0
568,R,R,0.0,R,0.0,R,0.0,R,0.0,R,0.0,R,0.0,R,0.0,R,0.0,R,0.0,R,0.0,R,0.0,R,0.0,R,0.0,R,0.0,R,0.0,0.0,0.0
569,L,L,0.0,L,0.0,L,0.0,L,0.0,L,0.0,L,0.0,L,0.0,L,0.0,L,0.0,L,0.0,L,0.0,L,0.0,L,0.0,L,0.0,L,0.0,0.0,0.0
570,A,T,0.0023377613091965332,A,0.0001162724167787767,R,0.0004874544299975773,A,6.266191527679523e-05,A,7.041778862598503e-05,R,5.023284370037221e-05,R,0.00028147503641187514,A,6.651343406136464e-05,K,0.00029999389986009114,R,0.0004734760853510453,R,9.174244181717812e-05,R,9.795257818425902e-05,R,0.001145563265898214,K,0.0008585566451967027,R,9.174244181717812e-05,0.0004354544354782632,0.051115282476562045
571,D,D,0.0009853465408257306,D,0.0020555510402125074,G,0.0010236225828975077,D,0.00203465646257001,D,0.0020555510402125074,G,0.001943513398733158,G,0.0015892011986569973,D,0.0014919156971703277,G,0.0007862369298191803,G,0.0009160645415604086,G,0.0009677906957927586,G,0.0005432729211732832,G,0.0015700937663475783,G,0.0011113074650068806,G,0.0009800329794891274,0.0013369438173645308,0.15693550303334192
572,D,D,0.0,D,0.0,D,0.0,D,0.0,D,0.0,D,0.0,D,0.0,D,0.0,D,0.0,D,0.0,D,0.0,D,0.0,D,0.0,D,0.0,D,0.0,0.0,0.0
573,-,L,0.0,L,0.0,-,,L,0.0,L,0.0,-,,-,,L,0.0,-,,-,,-,,-,,-,,-,,-,,0.0,0.0
574,-,E,0.0,-,,-,,-,,-,,-,,-,,-,,-,,-,,-,,-,,-,,-,,-,,0.0,0.0
575,L,T,0.0006563901383239764,-,,T,0.0008163653116799254,-,,-,,T,0.0023909595900334793,T,0.0023733001268185067,-,,T,0.0020575260625268297,T,0.0020236167186820316,T,0.002139406389273963,T,0.002148373614030685,T,0.0021267448016127235,T,0.0027519148789267745,T,0.002142514433200746,0.001966101096828149,0.2307883552304886
576,G,S,0.002570229735091657,G,0.00025867727723392664,R,0.002555984916961964,G,0.00035581682359187483,G,0.0002025909426427526,R,0.0043341742501288505,R,0.004814701128688336,G,0.0002427238976358949,Q,0.0023830288769569733,R,0.002825336984829931,R,0.001575604417036515,R,0.0015516161954087751,R,0.004992460208527424,R,0.0022103563710783596,R,0.0016253215958921458,0.002166574908113692,0.25432072660651756
577,T,-,,T,0.0008181215971463877,C,0.0007254526581504665,T,0.0008285981423229727,T,0.0008497258222118562,C,0.0006172040032179684,C,0.0006172040032179684,T,0.0008058835260524361,C,0.0006910295628659649,C,0.000145840032724685,C,0.000995054811184041,C,0.0016404192040094844,C,0.00106744875465662,C,0.0006784130612834821,C,0.001005657004068605,0.0008204322987937816,0.09630543471139512
578,S,-,,A,5.421010862427522e-20,Y,2.710505431213761e-19,A,0.0,A,5.421010862427522e-20,Y,0.0,Y,0.0,A,0.0,Y,2.168404344971009e-19,Y,2.710505431213761e-19,Y,0.0,Y,0.0,Y,0.0,Y,1.8973538018496328e-19,Y,0.0,7.550693701238334e-20,8.863288784942488e-18
579,T,A,0.001432129765431967,S,3.1428943278184306e-06,K,0.0033947190285904157,Q,0.0012017188546385896,S,8.305488459028453e-05,K,0.0014270910990127335,K,0.0020224998978724718,P,0.0004012111596369065,K,0.0018243049072683537,Q,0.0007524249337528848,K,0.0034537419352986295,K,0.004252178176824073,Q,0.0009198078109699711,K,0.0016074124804296439,K,0.0034537419352986295,0.0017486119842628914,0.20525866367472337
580,D,E,0.00041570016904267056,S,0.00967735349185222,A,0.0007760827890790475,Y,0.00861990314321839,S,0.00967735349185222,A,0.0003320957125151505,A,0.0005414805419101007,S,0.00967735349185222,A,0.00022824967303914105,A,9.325452436156335e-05,A,0.0004333389049450692,A,0.0004356188974709895,E,0.003200656357484968,A,0.0007144818223131153,A,0.0004333389049450692,0.0030170841277254623,0.3541567036166681
581,E,E,0.0006418420551357481,E,0.0006564677467768279,D,0.0020700835005269505,E,0.0007368681748310482,E,0.0006621779782082567,D,0.0016375203019519133,D,0.0017651356518609712,E,0.000897614805939052,D,0.0015780853955780685,D,0.0012738813063312541,D,0.0016163500668338006,D,0.0013070569016052345,D,0.0015666176351066094,D,0.0018666432840642323,D,0.0016296475012863546,0.0013270661537357548,0.1557760256564751
582,L,I,6.866122749675834e-05,L,0.0002423521898004488,R,0.00027473680152256775,V,0.0009878694564795644,L,5.898137668177968e-05,R,1.1542323944042942e-05,R,0.0002466588777900236,L,0.000252735041283405,R,0.0003084348493430472,R,0.00012598765996941615,S,0.00378176154757346,S,0.00378176154757346,R,3.0037868980451246e-05,R,0.00010596400048751871,S,0.00378176154757346,0.0009372830877666269,0.11002182062763016
583,K,E,0.00395730806811672,E,0.005452802773047055,A,0.006755334653005935,E,0.005498896058347845,E,0.005628979051049868,A,0.0053587456741825525,A,0.0053136623906080765,E,0.004437038868191051,A,0.005022696122158118,A,0.005906987563765427,A,0.0066452095781469565,A,0.0067792537417989745,A,0.0060282236708430244,A,0.004628164350288993,A,0.0066452095781469565,0.005603900809446503,0.6578069931263596
584,R,R,0.001111904646106986,R,0.0005675516986713402,R,0.0002766454822056124,T,0.0004463396893074517,R,0.0005986799663173083,R,0.0003405098542156904,R,0.0003405098542156904,R,0.0005997950851638702,R,8.630616227933818e-05,R,0.00024119171723946552,R,0.00030734472994947313,R,0.0002756029200198178,R,0.00010139026853731645,R,9.961566309894366e-05,R,0.00030734472994947313,0.00038004883115185195,0.044611563866327544
585,G,G,2.3056096600042273e-05,G,0.00019659580097939908,G,5.5112641326871814e-05,G,0.00019659580097939908,G,0.00019733485779130868,G,2.7759898275401256e-05,G,2.7759898275401256e-05,G,1.864547148985776e-05,G,4.997821552475945e-05,G,6.086361244560097e-05,G,3.8864946093267564e-05,G,3.8864946093267564e-05,G,0.00026271875968943164,G,0.0002360656592233625,G,3.886494609326758e-05,9.793877005870922e-05,0.011496421873530036
586,D,D,7.3424574218364815e-06,D,4.308366496872996e-05,E,2.9954119076695574e-05,D,4.308366496872996e-05,D,4.308366496872996e-05,E,5.4239799294994314e-05,E,5.4239799294994314e-05,D,4.308366496872996e-05,E,1.2668002900546808e-05,E,2.9954119076695574e-05,E,4.820407800523893e-05,E,4.820407800523893e-05,E,3.270114631713697e-05,E,0.0006354387948154926,E,4.820407800523893e-05,7.823234213926862e-05,0.009183207108362035
587,V,V,0.0004233747362860682,V,0.00024056063165858765,E,0.0013064142152103297,V,0.00024056063165858765,V,0.0002369537483995218,E,0.0015095833987216877,E,0.0014831712812720123,V,0.00021916028409188907,E,0.003319238200691951,E,0.0012850679858497824,E,0.0014969755061810415,E,0.0014969755061810415,E,0.0003292094734420915,E,0.00017160244816189884,E,0.0014969755061810415,0.0010170549035991687,0.11938573695901451
588,P,P,5.489224415699803e-06,P,0.0009568933501763199,A,0.0003066619712816432,P,0.00011154214476400358,P,0.0009510334776561893,A,0.0005159562434338596,A,0.0005376605996795775,P,0.00011740201728413415,A,3.549973335268554e-05,A,0.00028700312707324036,A,6.632946647365737e-05,A,3.160424889142558e-05,T,0.0027164310454560123,A,3.7027724140453706e-05,A,6.632946647365737e-05,0.00044952425603683727,0.052766851030356124
589,K,K,7.571326179106651e-05,K,0.00017938235026323978,S,4.786186868041217e-06,K,2.5514146868834267e-05,K,2.5514146868834267e-05,S,1.4871745427984591e-05,S,0.00026663710706048056,K,2.5514146868834267e-05,S,4.786186868041217e-06,S,4.786186868041217e-06,S,1.4871745427984591e-05,S,1.4871745427984591e-05,S,3.3001152941466415e-05,S,4.786186868041217e-06,S,1.4871745427984591e-05,4.732720278979063e-05,0.005555445397562016
590,A,S,0.0006387333034538716,A,4.369319354385099e-05,S,0.0013015055185142351,A,6.186188600710976e-05,A,6.207715363899028e-05,A,0.0005953984866344493,A,0.0006002866892997685,A,5.986133076325921e-05,A,0.0004554149245928268,C,0.0009363061653908337,C,0.0009361101228616421,C,0.0009481940945237085,C,0.0009832112372124317,S,0.0004280288541071432,C,0.0009361101228616421,0.0005991195388937176,0.07032690902354732
591,I,I,1.7930600506685447e-05,I,2.964320690292207e-05,I,3.894049374713981e-05,V,7.319310346400514e-06,I,2.964320690292207e-05,I,0.00011720215224920735,I,0.00011720215224920735,I,2.964320690292207e-05,V,0.0002884872156822013,I,3.894049374713981e-05,I,1.5391547979829463e-05,T,3.8003822172418426e-06,I,1.7930600506685447e-05,V,5.209212949935264e-06,I,1.5391547979829463e-05,5.151168872468463e-05,0.006046636124202312
592,Q,Q,0.00039699859586250254,Q,0.0006309921240924193,S,0.00191326845878973,Q,0.0006295347569848751,Q,0.001035435665961311,S,0.0011382120918135379,S,0.0022222327573400706,Q,0.0007956923853818776,S,0.0017860029004614878,S,0.0007748133967436256,S,0.0010869943767564975,S,0.0008546096990871247,S,0.0017886513194245745,S,0.0013383968616264823,S,0.0010869943767564975,0.0011652553178055076,0.13678206001398693
593,C,C,0.004398319313699998,C,0.006178002991278579,C,0.004020522559233541,C,0.006420600176137958,C,0.006360835535270514,C,0.00397592813831293,C,0.0036038187986739364,C,0.0047459210528481375,C,0.002996339585143344,C,0.0028361675593490654,C,0.003948295688481422,C,0.0039163970981243605,C,0.0027272899262920872,C,0.003190137055886371,C,0.0039562108012569696,0.004218319085332613,0.49516218932580514
594,Y,Y,0.0,Y,0.0,Y,0.0,Y,0.0,Y,0.0,Y,0.0,Y,0.0,Y,0.0,Y,0.0,Y,0.0,Y,0.0,Y,0.0,Y,0.0,Y,0.0,Y,0.0,0.0,0.0
595,M,M,0.00037482897172092796,M,4.020580314430837e-05,M,1.3189512015815405e-06,I,0.0010245909586985096,M,4.020580314430841e-05,M,4.870769009742704e-07,M,5.613136865287789e-07,M,1.585208477443635e-05,M,1.963906650544356e-06,M,1.0413879474833614e-07,M,3.3682605482232136e-06,M,2.6632926066631167e-06,M,4.950952566859191e-07,M,2.8424656628122194e-05,M,3.3682605482232136e-06,0.00010256257162031904,0.012039181123823751
596,N,H,0.00010618173742251256,K,0.00013423642799972554,K,0.00039205332216247113,K,0.0003847315349322564,K,0.0005957137602493283,K,0.000975947206122457,K,0.000975947206122457,K,0.0008225895603951267,K,0.00036120488612610837,K,0.00038547183117789373,R,0.00028860845275458755,K,0.0004243510646291775,K,0.00032380215283108583,K,0.00011887636713499849,K,0.0004240369156473986,0.0004475834950471723,0.052539037192388754
597,E,E,0.00041698042728342897,D,0.0030264955513737576,D,0.000783402482684282,D,0.003013842308390196,D,0.0030256426355200565,D,0.002180655355066438,D,0.0021081799781394205,D,0.0022388331601610034,D,0.0015134399416330512,D,0.0008093443341489199,D,0.0024971717763600573,E,0.001333742364154606,D,0.00041486313471139613,D,0.0012861575334198836,D,0.0024994133007690037,0.0018098776189210332,0.21245025472653412
598,T,-,,-,,N,0.000581923416189318,-,,-,,H,0.0016868276270725886,H,0.0017257300427116237,-,,H,0.0020925226641766363,N,0.00038533449159694846,N,0.00033254938249040097,N,0.00033254938249040097,N,0.00028356055760651617,N,0.0009628529319877742,N,0.00033254938249040097,0.0008716399878812607,0.10231638621267825
599,-,A,0.0003661433630574218,T,0.00022724397243578196,P,0.0002701415052702685,T,0.00037047283964273186,N,0.00023647691567528002,P,0.00023171936179626728,P,0.0002238643626498967,T,0.0017211138897827976,P,0.0006702787272481147,P,0.00025532089280868615,P,0.0002621602183730041,L,0.0002600972095733109,P,0.0002422443779610814,A,0.0002881735769393096,P,0.0002621602183730041,0.00039250742877246377,0.046074001000398684
600,G,G,0.0,N,0.0,G,0.0,N,0.0,N,0.0,G,0.0,G,0.0,N,0.0,G,0.0,G,0.0,G,0.0,G,0.0,G,0.0,G,0.0,G,0.0,0.0,0.0
601,A,A,0.0008892436888643425,A,0.0009155074080124749,V,0.004514702702109544,A,0.0009259550810020083,A,0.0009365410665260218,S,0.0002960446450778038,S,0.0002555112558085365,A,0.000874835580139691,I,0.0003126734504152052,T,0.000694433828819942,S,0.0003323854229659261,S,0.0003464849107656647,A,0.00034100007592786506,I,0.0005078584143637637,S,0.0003323854229659261,0.0008317041969176477,0.09762857258692426
602,S,S,1.3706991331809783e-05,S,1.3214855191447386e-05,T,4.1984466000883114e-05,S,1.3214855191447386e-05,S,1.3214855191447386e-05,I,0.0016467844778894597,T,4.1984466000883114e-05,S,2.0998174407454083e-05,T,2.082314055522959e-05,T,2.082314055522959e-05,T,4.1984466000883114e-05,T,4.1984466000883114e-05,T,2.082314055522959e-05,T,2.0998174407454083e-05,T,4.1984466000883114e-05,0.0001343016090187083,0.01576482892982438
603,E,E,0.00026401026628063726,E,0.0006580261093187576,E,0.0002937514156976377,E,0.00012824370790558598,E,0.00038296209250702134,E,0.0003836051331394425,E,0.0003836051331394425,E,0.0002701309377705814,E,6.595147637473047e-05,E,0.00028959220315471893,Q,0.0004786236731740815,Q,0.0004243385331231281,E,0.000397076674297604,E,1.3711395985641932e-05,Q,0.0004786236731740815,0.00032748349500287283,0.038441246637202366
604,E,-,,-,,E,0.0,-,,-,,E,0.0,E,0.0,-,,E,0.0,E,0.0,E,0.0,E,0.0,E,0.0,E,0.0,E,0.0,0.0,0.0
605,-,-,,-,,-,,-,,-,,-,,-,,-,,-,,-,,-,,-,,-,,-,,-,,,
606,-,A,0.003796280694440718,E,0.0024977159879083144,-,,E,0.004292953297669634,E,0.0020349897501429075,-,,-,,E,0.002080944578762889,-,,-,,-,,-,,-,,-,,-,,0.002940576861784893,0.34517599245278596
607,-,-,,-,,-,,-,,-,,-,,-,,-,,-,,-,,-,,-,,-,,-,,-,,,
608,-,-,,-,,-,,-,,-,,-,,-,,-,,-,,-,,-,,-,,-,,-,,-,,,
609,G,V,0.0005234461020290934,E,0.0004305385551223167,D,0.0017483797489525183,E,0.0006568926045889146,E,0.0006568926045889146,D,0.0009070480293041001,D,0.0009330003320650242,E,9.314356573028295e-05,D,0.0021164940749270134,D,0.00176573620051677,D,0.002191005236706383,D,0.0021515304861613204,D,0.001947612421006004,D,0.0018683984673611637,D,0.002229795649078175,0.0013479942718758666,0.15823264702320838
610,A,S,0.0,A,0.0,A,0.0,A,0.0,A,0.0,A,0.0,A,0.0,A,0.0,A,0.0,A,0.0,A,0.0,A,0.0,A,0.0,A,0.0,A,0.0,0.0,0.0
611,R,R,0.0010808955597740237,R,0.0013135081426826596,L,0.0022308323158895904,R,0.0014752043132971377,R,0.0015769505276291543,L,0.002042757417049837,L,0.001894047001930547,Q,0.000693557978869238,V,0.0015769505276291543,L,0.0022068318899883697,L,0.003119565095509051,L,0.0031982135185763096,L,0.0018499473841332686,I,0.00967735349185222,L,0.0031707344637870723,0.0024738233085731753,0.29038670159815894
612,E,A,0.0017944843526139483,E,9.49839446613832e-05,D,0.0005495869760260819,E,0.0007820796351247067,E,0.00019856178281240687,N,0.0003795180702277668,N,0.0008672044643588858,G,0.00010307592025818938,N,0.0002760446157285486,N,0.0010557569648568064,N,7.866117138417151e-05,N,6.820751626578082e-05,N,0.00036756430865018453,H,0.0003221065411694944,N,7.866117138417151e-05,0.00046776649570150176,0.054908193860956404
613,Y,H,0.00010647769157538224,H,0.0002344592880454328,H,0.00027709728173945096,H,0.0001925316929347684,H,0.00022181439143619517,H,0.0004230390307471413,H,0.0006124465771013026,H,0.00021565641254014088,Q,0.0011025684534883777,H,0.0004614187999480914,L,0.0001277583076526057,H,0.0005870962284813178,H,0.0008999451781655247,C,0.008201161490918587,H,0.0005950124264321988,0.0009505655500804345,0.11158096610380125
614,I,I,0.0012889945968587824,V,0.0002263193049135931,I,0.0007218532305883361,V,0.00014797754049353647,V,0.00010373369856138448,I,0.0015378054351002943,I,0.0015408685442550483,V,8.764969232912476e-05,V,0.000368568905304939,I,0.004933096294015162,I,0.0009464626482460665,I,0.0009809262106334187,L,0.0013776700470697894,I,0.0004639356372734463,I,0.0009464626482460665,0.0010448216289259326,0.12264509980593974
615,K,R,0.001067004415447521,R,0.0025602538218039697,N,0.00032269103546728363,R,0.0025602538218039697,R,0.002474369234919495,N,0.0004472126180295721,N,0.000454184425813106,R,0.0024825956062224084,N,0.00019235571635975814,N,0.0002984661666052657,N,0.0002143718597855458,N,0.00032269103546728363,N,0.0002086195290109079,N,0.00011604357700915363,N,0.0002143718597855458,0.0009290323149020525,0.10905331381896838
616,Y,G,0.0006424833619528242,F,0.0011118995943858081,A,0.0005732491399928301,F,0.0011302469157528081,F,0.0014893029423106686,A,0.0005022363307745879,V,0.00017072361930838952,F,0.0003626206965481632,A,0.0007846926524706449,A,9.572998984975617e-05,G,0.0007429157102627217,G,0.0007122427344874242,V,0.0011561988428453137,D,0.0029306401738347226,G,0.0007429157102627217,0.000876539894335959,0.10289155569571623
617,L,K,2.9930387360014697e-05,L,0.0002950603116617541,M,0.00013321191826302489,M,0.00029556770864001174,M,0.00010314762885446706,M,0.00018023610013093023,M,0.00016951667905629078,M,0.00016495701111718427,M,0.00025373460279479556,M,8.5192761036797e-05,M,0.00016662603910429387,M,5.9762619895475556e-05,M,0.0004072742128057162,M,0.0001343818947467609,M,0.00016662603910429387,0.0001763483943047874,0.020700439023607818
618,I,I,0.0004005588385786761,I,0.0011654301326720364,I,0.00044656839569269877,I,0.0015810882915752197,I,0.0023877463770989957,I,0.002142375164109309,I,0.0006162236983855951,I,0.000613716513619438,V,0.0005941504002160173,I,0.00036699248051056386,I,0.0006608173831668614,I,0.0010329040106827464,I,0.0008268224620447955,V,0.00035533077586616835,I,0.0006608173831668614,0.0009234361538257326,0.10839641534488058
619,S,S,0.0013725553953740264,G,0.001305381921656534,S,0.0016153326130585845,G,0.0003535519832949908,R,0.00032479766052010317,S,0.0022041011132429593,S,0.0021045655904048813,R,0.0011328220741182605,D,0.0006167687381283381,S,0.00023878048527811661,E,0.00029316592239262736,E,0.00029316592239262736,S,0.001663346258437757,N,0.0025148192923343383,E,0.00029316592239262736,0.0010884213928684518,0.1277630043862102
620,A,E,0.001090429756663003,E,0.00040034016874686203,D,0.0007911496487190818,E,0.00019813093957231313,E,0.0001105609371408476,D,0.005298524164475469,D,0.0036786069152880607,E,0.00011637747144937613,N,0.0006999176297649156,D,0.00045821166360544846,D,0.003281459303894628,D,0.0037347709688646015,G,0.0011618905065405385,N,0.0015769505276291543,D,0.003281459303894628,0.0017252519937499286,0.20251657996530276
621,T,V,0.0010992188360209642,A,0.0010642078754022643,V,4.904545535269254e-05,V,0.0015769505276291543,A,0.0010705480918927154,A,0.0025618626514795004,A,0.0016867258886280692,A,0.0016420053635888094,L,0.0022680777546091836,V,0.0013444620517991045,M,0.0022730187013569342,L,0.0031165375082840086,V,0.0009648904314618955,L,0.0016220551595591821,M,0.0022730187013569342,0.0016408416665614277,0.19260817769253585
622,W,W,0.0003333206762767738,W,0.0004031094535947056,I,0.001632333254902413,W,0.0004003383049142458,W,0.00040135265251821974,I,0.0019042959550876282,I,0.00016097939364911705,W,2.9303290742389793e-05,T,7.730044642544734e-05,I,0.00016097939364911705,I,0.001874695903028073,I,0.001874695903028073,I,5.854474303099815e-05,L,0.0006219257836396924,I,0.001874695903028073,0.0007871914038343312,0.09240349320571296
623,K,R,0.0031217033637252873,K,3.6826578523402174e-05,R,0.0016110981951430767,K,7.735366783238433e-05,K,1.1392386498060114e-05,R,0.0033697842763616578,R,0.003155930034984055,K,0.00032034936664815,K,0.00011817046033337513,K,3.192227151909062e-05,K,0.00024088792255753225,K,0.00024359103108128103,K,0.00010021471192578587,K,0.00019535404606533778,K,0.00027709813615933997,0.0008607784299571877,0.10104141561600775
624,K,K,0.00021295445423861385,E,0.002963152445222213,G,0.0006745365557580241,E,0.0013541817083346042,E,0.0022646426686858,E,0.0021742791665353427,E,0.0016948675733307933,E,0.0017737286891561202,E,0.0017186510705676102,G,0.0008643635627562252,K,0.0022640123360275098,K,0.0023065520943459745,E,0.0016115240450740374,E,0.0014835001809216804,K,0.0022630627842234324,0.0017082672890118655,0.2005228513229166
625,M,M,0.0011213129993754107,L,0.004166805770911204,L,0.00041926544581448997,L,0.003027146677409702,L,0.004276730424801335,L,0.0020337263880604124,L,0.002606430480650897,L,0.002998703291868849,L,0.000901328051642996,L,0.0006509972300202649,L,0.0025510081183604968,L,0.0025279028847113704,L,0.0008735772188476193,L,0.0006408229246714707,L,0.0025510081183604968,0.0020897844017004675,0.24530676760867393
626,N,N,0.0,N,0.0,N,0.0,N,0.0,N,0.0,N,0.0,N,0.0,N,0.0,N,0.0,N,0.0,N,0.0,N,0.0,N,0.0,N,0.0,N,0.0,0.0,0.0
627,K,K,0.0006120780726498997,T,0.002275259057666427,W,0.0016653858186246714,T,0.002275259057666427,T,0.002275259057666427,W,0.0017882454013546328,W,0.0017104512773485263,T,0.001776590645213669,W,0.001661956877643882,W,0.0015204792578283018,W,0.0016148392239129026,W,0.00029451477564428763,W,0.0017064152108904635,W,0.0006478796400449531,W,0.0016148392239129026,0.001562630173204558,0.1834274178928123
628,D,Y,0.005574194272300311,A,0.0001966440381714194,E,4.6003564095986013e-05,A,6.42388814917913e-05,A,6.13878894098664e-05,E,5.083017156096639e-05,E,3.729318501913521e-05,A,0.000135685936075181,E,0.00012375956714367242,E,9.261352794191591e-05,E,3.44780523309862e-05,E,3.44780523309862e-05,E,9.481133082544279e-06,E,0.00010125273512183583,E,3.44780523309862e-05,0.0004397879372271723,0.05162396524095938
629,R,-,,-,,L,0.0002221011526207961,-,,-,,L,0.0008484249046854153,L,0.0010162976377597526,-,,L,0.0010349441496856088,L,0.000551080047401663,F,0.0014644455392279722,F,0.001541218371898663,L,0.00029814250851120433,L,0.0003933886461552833,F,0.0014644455392279722,0.0008834488497174331,0.10370255491209611
630,A,L,0.0007305889277231644,-,,L,0.0001809581003888048,-,,-,,L,0.00021881785798201492,L,0.0005170608115316019,M,0.00034734220520094456,L,0.0005397886006125536,L,0.00044966479072816395,L,0.0007962256628350865,L,0.0008346311874890683,L,0.0009834224703984527,L,0.0010950375592410808,L,0.0007962256628350865,0.0006241469864138352,0.07326472511962887
631,A,-,,M,0.005465903693011113,N,0.005316603644311148,M,0.005355531261701479,M,0.0054562223003152294,-,,-,,-,,-,,K,0.000248926583436082,-,,-,,K,0.000320872473169742,-,,-,,0.003694009992657465,0.43361681237336863
632,-,-,,-,,-,,-,,-,,-,,-,,-,,-,,-,,-,,-,,-,,-,,-,,,
633,S,T,0.0015701779184625199,A,2.347290354174932e-05,-,,A,1.963613056671144e-05,A,1.963613056671144e-05,-,,-,,A,2.347290354174932e-05,-,,-,,-,,-,,-,,-,,-,,0.00033127919733588827,0.038886800479674855
634,S,-,,E,0.0031856843198231643,-,,E,0.0030816602359842547,E,0.003083632418012784,-,,-,,E,0.0023258161623707654,-,,-,,-,,-,,-,,-,,-,,0.002919198284047742,0.342666494441171
635,-,-,,-,,-,,-,,-,,-,,-,,-,,-,,-,,-,,-,,-,,-,,-,,,
636,-,-,,-,,-,,-,,-,,-,,-,,-,,-,,-,,-,,-,,-,,-,,-,,,
637,-,-,,-,,-,,-,,-,,-,,-,,-,,-,,-,,-,,-,,-,,-,,-,,,
638,-,-,,-,,-,,-,,-,,-,,-,,-,,-,,-,,-,,-,,-,,-,,-,,,
639,-,-,,P,0.00743763500128669,-,,S,0.009274595916222757,P,0.0067650642421780436,R,0.008277868913680533,R,0.00967735349185222,P,0.006617501023605947,R,0.00967735349185222,-,,R,0.00967735349185222,R,0.00967735349185222,-,,K,0.0009338411891303415,R,0.00967735349185222,0.00797211579503322,0.9357969918286118
640,-,A,0.0013773350584546172,D,0.00310838030528836,P,0.0021782626539146996,D,0.0030508917473965266,D,0.0030227351008308865,P,0.0007483135760530796,P,0.0013240315413202907,D,0.0029196829720766304,P,0.0008953177143842367,P,0.001353240788037021,P,0.0013330858488816598,P,0.001372383524184808,P,0.005903582428918422,P,0.0010470281080190904,P,0.0013330858488816598,0.0020644904811094656,0.2423376718994322
641,-,P,0.0009710761726153136,D,0.0001217615118462396,N,0.0019138298751311387,D,0.00011814811059055297,N,7.451365063669842e-05,D,0.00022389931912411123,D,8.03376952900679e-05,D,0.0004888275770265609,D,0.00010368719528969721,N,0.00033595859694984565,D,0.0005289865655280304,D,0.0005416270165114868,D,0.0006758679968132462,D,0.000621282564522358,D,0.0005309846776844593,0.0004887192350373204,0.057367705356417116
642,P,A,0.00016080690914471106,H,0.0005239430311060844,S,0.0015783121283997335,C,0.0003333907046757844,C,0.00034420649197781385,S,0.0008110709497637538,S,0.00042912862189921445,C,0.0002958424308950825,S,0.0013223852861145972,S,0.0015273840916783972,N,0.00031334506386740987,N,0.0005173339661796654,S,0.0004323881510274089,S,0.002576960194971033,N,0.00031334506386740987,0.0007653228723712067,0.0898364825795438
643,F,T,0.003302688283545365,P,0.0013397624818441783,S,0.0031411007953403886,P,0.0004946500480217431,P,0.0003303070656975424,K,0.0020189573090681617,K,0.0019857706052106004,P,0.001225349447861198,G,0.00027253413906763073,S,0.0020310496842393592,N,0.0002721541847654062,N,0.0003298190160387065,S,0.006040528034170541,N,0.00052443338886484,N,0.00026074152424364143,0.00157132306719862,0.18444782254561432
644,-,R,0.002581420681390074,F,0.0038421923107737127,V,0.0015769505276291543,F,0.003062718382184621,F,0.003643953392173345,S,0.0039007717607255255,S,0.003912829030352245,F,0.0024687373704605038,V,5.3419302960913224e-05,V,0.0015769505276291543,A,0.005465468730341831,A,0.005319842226760696,V,0.0012094504516091066,V,0.0012418002422619724,A,0.005465468730341831,0.0030214649111729793,0.3546709364850107
645,S,H,0.0007353723147710337,T,0.00010944881710431729,P,8.748388730654449e-05,T,0.00013422894231887816,T,0.0002670401419379445,P,0.001150179942622088,P,0.001150179942622088,T,0.00027452584077774226,P,0.0004245129556036555,P,8.748388730654449e-05,P,0.0002674430393287122,P,0.0002674430393287122,P,8.501215502131712e-05,P,6.294537488423638e-05,P,0.0002674430393287122,0.0003580495546841684,0.04202920589886171
646,H,K,1.243064028852099e-05,E,0.00074552046460596,I,0.00013189943219730387,E,0.0008450694412533627,E,0.0009533094736179258,I,0.0005603546485982752,I,0.0005578598509957387,E,0.0006469250526215816,I,0.0007942524816143151,I,0.00012062084243065503,I,0.0005924014968118722,I,0.0005924014968118722,I,0.0001201114354865728,I,0.00033035196401208955,I,0.0005924014968118722,0.0005063940145438611,0.05944243757540464
647,I,T,0.0016540935161676433,Q,0.00508964533787566,S,0.0007268097523117471,Q,0.0035565978775398683,Q,0.005083943603177445,S,0.001708020802033165,S,0.0016315255169023573,Q,0.002015840442054631,S,0.0011349017254123996,S,0.0012355233246986801,S,0.0018409367667451878,S,0.0018409367667451878,S,0.001604919521260028,S,0.0016271586736737922,S,0.0018409367667451878,0.002172786026222866,0.2550498110543474
648,F,F,0.0003014621859860436,G,0.0012690750617732058,S,0.0027548430694478592,G,0.0017694859484454685,T,0.00217306432078798,S,0.002315571561118464,S,0.0022004169467248792,V,0.001788111646653353,Y,0.00022732744457156255,A,0.0015769505276291543,S,0.0016198863879101784,S,0.0016279334640290672,S,0.0007643364033537346,C,0.00046294256668399437,S,0.0016233185012338397,0.001498315069089919,0.1758778686254622
649,I,N,0.0012631503778376624,A,0.0034294308478989175,K,0.00025556562650227624,A,0.0038120281146675696,V,0.0009864818591768486,K,0.00016919539257844804,K,0.0002864317995385289,V,0.0015769505276291543,K,1.7020269729371457e-05,K,0.00025051393165223133,K,0.00021235145192523527,K,6.559982516012719e-05,K,0.0004357437700921482,R,0.004149783936860043,K,0.00021235145192523527,0.0011415066122115868,0.13399434746364233
650,E,A,0.0013532310785333642,G,0.00029882377354354967,K,0.00040794663169183113,W,0.0012934400008016574,E,0.000135926742367001,K,0.00016926589965007594,K,1.3855489236912154e-05,E,0.00044059945789161814,K,0.0001560623094019948,K,0.00040794663169183113,K,3.694746217969761e-05,K,4.9728664834648924e-05,K,0.0004111014893453429,K,7.542367310204194e-05,K,3.694746217969761e-05,0.0003524831177634176,0.041375796558158505
651,I,A,0.00045664406434720007,A,0.0006583823860091424,H,0.000747279872890016,A,0.0002905393531454241,A,0.0002905393531454241,H,0.0005053583777366922,H,0.0005193733808169204,A,0.00014406733603189133,V,0.0016907923083791156,H,0.00027126788274464973,H,0.0004958744967304278,H,0.0002259577479228271,I,0.0014442255447331734,A,0.00039889380033939105,H,0.0005746183888976616,0.0005809209529246637,0.06819069042822974
652,A,A,0.00012803322381418645,A,0.0011397899826211635,V,0.003578086388379486,A,0.0012506512205469797,A,0.0007159118498867124,A,5.188946108259934e-07,A,0.00029749425068292817,T,0.0011461164391708663,A,0.00013719077340479957,A,0.000674385257085858,A,0.00010007866374976713,A,9.992700253939542e-05,N,0.0010617109414169544,A,0.0002806855502298873,A,0.00010007866374976713,0.0007140439401259717,0.08381716828795126
653,L,F,0.001905908642116481,A,0.0009670802905436344,F,0.0004042787834290601,V,0.0015769505276291543,A,0.0011736254054002632,F,0.0011097421632295934,F,0.0009972367146060218,A,0.0012409128390202747,F,0.0003595186277681663,F,0.00039347981375038074,F,0.0005532718132225046,F,0.00034742726796034297,F,0.0003987118906294316,F,0.0004137959721381277,F,0.0005532718132225046,0.0008263475043110627,0.09699978382415743
654,N,N,0.0,N,0.0,D,0.0,N,0.0,N,0.0,D,0.0,D,0.0,N,0.0,D,0.0,D,0.0,N,0.0,N,0.0,D,0.0,D,0.0,N,0.0,0.0,0.0
655,L,L,0.0014928830295952555,I,0.005861797059802737,I,0.003758240926056055,I,0.005956638864465884,L,0.0015769505276291543,I,0.00278038082109994,I,0.0031906969068268586,I,0.006416239598020621,I,0.0039102463478094705,I,0.003005458239005487,I,0.005347775694979665,I,0.004722576551681439,I,0.003944363252193816,I,0.0040379954886664215,I,0.005347775694979665,0.004090001266854164,0.4800997602771761
656,A,A,7.63828834602481e-05,G,0.0008426347940796122,S,0.0001792037598184533,G,0.0001642632627902822,G,0.0008138888750480234,T,0.0011289503791587511,T,0.0026145655940489248,G,0.001763593216040333,C,4.504424695832972e-05,S,0.00029063776695653057,S,0.00024397880601837135,S,0.00024397880601837135,T,0.002883488394366752,C,9.132001541025081e-05,S,0.00024397880601837135,0.0007750606404127736,0.09097953848524207
657,R,-,,-,,R,0.00010241229655633104,-,,-,,R,0.00011021638671128177,R,4.494727712608147e-05,-,,R,0.00013916862670268221,R,0.00010241229655633104,R,0.00070575566684788,R,0.0006769212562842667,R,7.48986460337987e-05,R,0.0006619607622427204,R,0.00070575566684788,0.00033244488819092537,0.039023633664690235
658,-,-,,-,,-,,-,,-,,-,,-,,-,,-,,-,,-,,-,,-,,-,,-,,,
659,-,R,0.0,R,0.0,-,,R,0.0,R,0.0,-,,-,,R,0.0,-,,-,,-,,-,,-,,-,,-,,0.0,0.0
660,-,-,,-,,-,,-,,-,,-,,-,,-,,-,,-,,-,,-,,-,,-,,-,,,
661,-,-,,-,,-,,-,,-,,-,,-,,-,,-,,-,,-,,-,,-,,-,,-,,,
662,-,-,,-,,-,,-,,-,,-,,-,,-,,-,,-,,-,,-,,-,,-,,-,,,
663,-,-,,-,,-,,-,,-,,-,,-,,-,,-,,-,,-,,-,,-,,-,,-,,,
664,-,-,,-,,-,,-,,-,,-,,-,,-,,-,,-,,-,,-,,-,,-,,-,,,
665,-,-,,-,,-,,-,,-,,-,,-,,-,,-,,-,,-,,-,,-,,-,,-,,,
666,M,T,0.0002177870597796697,A,0.0006529993667338742,A,8.21934121583167e-05,A,0.0010779228126028889,A,0.0010779228126028889,A,9.942498185687197e-05,A,6.514426190197381e-05,A,0.001128993230901567,V,0.000219080167016887,A,8.21934121583167e-05,G,4.783333958246896e-05,G,4.783333958246896e-05,A,0.00011283204134403388,I,0.00032102307028671116,G,4.783333958246896e-05,0.0003520677765394272,0.041327042240235166
667,A,S,0.0013139918429804203,A,0.001385358521442496,F,0.001572842598758411,A,0.0013876787252836821,A,0.0019382349640521977,F,0.0014062380522893332,F,0.0010596601141006372,A,0.001132220406230861,F,0.002495133423255734,F,0.0011735841821766126,L,0.00046955661687210596,L,0.0005916290081523229,F,0.0026587526058362673,F,0.002855937995425989,L,0.000600159794961378,0.00146939859012123,0.17248354336364985
668,Q,T,0.001558275904740137,Q,0.0014320774095390532,H,0.0018646775491831609,Q,0.0010116017936712333,Q,0.0014168494548207,H,0.001448134303957207,H,0.0014703997771823882,Q,0.0016206293629472503,H,0.000561791093367248,H,0.0024424653982669394,H,0.0016167424837150168,H,0.0012572783966020816,H,0.0033853571058328805,H,0.0010215056741204806,H,0.0016167424837150168,0.0015816352127773863,0.18565830105094663
669,C,C,0.0008875014655359689,F,0.0012349021874782044,Y,0.0018379314328539997,F,0.0006132145928817757,F,0.001133433065815622,H,0.0006705245571035398,H,0.0005031113997427947,Y,0.00514445753653782,Y,0.003294447561172463,Y,0.004093521200110402,H,4.9979895217322415e-05,H,0.00011849174709727483,Y,0.0011887846307221935,H,0.0008007029041071167,H,4.4953348418715274e-05,0.0014410638349863474,0.16915750303744898
670,L,V,0.0011630569251994346,I,0.004645038984146482,E,0.00967735349185222,I,0.004705450724202074,I,0.00379102485996459,V,0.0015769505276291543,L,0.0015769505276291543,I,0.004642227422681896,G,0.000836899687417221,G,0.0014227347079140416,F,0.00861165301751964,F,0.008546468435026522,G,0.0005856549150319285,G,0.00132290833000413,F,0.00861165301751964,0.004114401704915876,0.4829639756403895
671,Y,Y,0.0,Y,0.0,Y,0.0,Y,0.0,Y,0.0,Y,0.0,Y,0.0,Y,0.0,Y,0.0,Y,0.0,Y,0.0,Y,0.0,Y,0.0,Y,0.0,Y,0.0,0.0,0.0
672,-,-,,-,,-,,-,,-,,-,,-,,-,,-,,-,,-,,-,,-,,-,,-,,,
673,Q,L,0.0020715655319661066,L,0.00035028388027653613,K,0.00025726157040487075,L,0.0005429568525739929,L,0.00147455632961295,K,0.00022247669307110728,K,0.0003747556508055282,R,0.0015769505276291543,K,0.00038995606697216155,K,0.0002292738361309719,N,0.0005160067490653393,N,0.0005160067490653393,K,0.0003819849389387961,K,0.00028121057717997883,N,0.0005160067490653393,0.0006467501801838782,0.07591797317567235
674,H,Y,0.0008063221150958082,E,0.0004929804123448671,Y,4.4474988680400625e-05,E,0.0005102945108094788,E,0.0005024249161591357,Y,2.6502506522568204e-05,Y,2.6502506522568204e-05,E,0.0004922982518807116,Y,4.71142212425429e-05,Y,2.9031312896986262e-05,Y,2.48482257638653e-05,Y,4.7410512701804956e-05,Y,2.2144238941335956e-05,Y,0.0002983750015053798,Y,2.48482257638653e-05,0.00022637146312208788,0.026572335333798127
675,G,G,0.0,G,0.0,R,0.0,G,0.0,G,0.0,R,0.0,R,0.0,G,0.0,R,0.0,R,0.0,R,0.0,R,0.0,R,0.0,R,0.0,R,0.0,0.0,0.0
676,D,D,0.00020665107228074142,D,0.00021266166891684864,D,5.061774263064766e-05,D,0.00021329497077785876,D,0.00021266166891684864,D,0.00021287581416275873,D,0.00021287581416275873,D,0.00021082621535191296,D,5.464400023838567e-05,D,0.0001494115137408929,D,7.15638843818432e-05,D,0.00016732557895727984,D,0.00018922591557259255,D,0.0001507727935908001,D,7.15638843818432e-05,0.00015913150253760083,0.018679455392836955
677,G,G,1.8876824300212493e-05,G,0.00011615110761555094,G,9.595408877869866e-05,G,0.00011599997452450856,G,0.00011517897341551714,G,1.852534273590006e-05,G,1.852534273590006e-05,G,0.0001155602977025739,G,1.0222109457871716e-05,G,1.4605183780453742e-05,G,0.00011047434653872182,G,0.00011047434653872182,G,0.00010599111222098501,G,7.582865738591665e-06,G,0.00011047434653872182,7.230641750819532e-05,0.008487599745632004
678,H,Y,0.008015752253985356,H,0.0032676238300355168,Y,0.006947865340154267,H,0.0022798398590323657,H,0.0023121730888903264,Y,0.008102754527956519,Y,0.007207290093017522,H,0.003847045929090739,F,0.0010778218396817177,Y,0.006877040746936328,Y,0.00904335469901156,Y,0.009035456660321671,Y,0.00582583896190079,Y,0.006967066840559743,Y,0.00904335469901156,0.005990018624639066,0.703130957207984
679,G,G,0.0002544118540701155,A,0.003026963505255888,S,0.00013892961991561844,G,0.0005808024587995028,A,0.002157564285021956,T,0.0003092778517462767,T,0.000132342776947391,-,,S,0.0003529586259104843,S,0.000256319041103965,S,0.0003113908465400857,S,0.0003113908465400857,S,0.00023843171638939282,G,0.0001795408724800114,S,0.0003113908465400857,0.0006115510819472042,0.07178617039058473
680,L,V,0.0022963743726940526,H,0.0020151174331252035,V,0.000506118412324715,R,0.002250166976963598,H,0.0010435659935360967,V,0.0015077436680657876,V,0.001655260701781205,-,,V,0.0012674579332691254,V,0.000494603715298025,V,0.001989443374249101,V,0.0018716532494986913,V,0.0014886353816846174,D,7.519223555164104e-05,V,0.001989443374249101,0.0014607697730207828,0.17147066029806912
681,-,-,,-,,-,,-,,-,,-,,-,,-,,-,,-,,-,,-,,-,,-,,-,,,
682,-,-,,-,,-,,-,,-,,-,,-,,-,,-,,-,,-,,-,,-,,-,,-,,,
683,-,-,,-,,-,,-,,-,,-,,-,,-,,-,,-,,-,,-,,-,,-,,-,,,
684,G,-,,F,1.3490120892634654e-05,A,1.5928945802910146e-05,F,6.442875968876118e-06,F,1.5953847576664982e-05,S,9.59948257001554e-06,A,0.00021550171891301877,-,,A,0.00031797706736660713,A,0.0006153505254335942,A,3.825074845528549e-05,A,3.825074845528553e-05,S,0.0010265526884784763,A,0.00043833321136648546,A,3.825074845528549e-05,0.00021460636382578,0.02519130364621161
685,-,-,,-,,-,,-,,-,,-,,-,,-,,-,,-,,-,,-,,-,,-,,-,,,
686,-,P,0.002180764311371842,-,,-,,-,,-,,-,,-,,G,0.0009847201835942508,-,,-,,-,,-,,-,,-,,-,,0.0015827422474830465,0.18578824895612536
687,N,N,0.0007503347693184948,-,,N,0.00025927942401333465,-,,-,,N,0.003771814278010947,S,0.0025791432550924917,H,5.046101294440592e-05,S,0.0009615378481789172,S,0.0027104115522542907,S,0.001630579379096887,S,0.001666521205140677,S,0.0029032247906560704,T,0.0009012363509985353,S,0.001630579379096887,0.0016512602704001616,0.1938311526695696
688,R,G,0.0011375079630783125,-,,I,0.0009672199791942236,-,,-,,N,4.776998323391134e-05,S,0.0013715814081560677,F,0.0018698758586375502,V,0.00967735349185222,I,0.00024605710544077606,K,0.0008158528767167587,N,0.0015769505276291543,V,0.0020630529218890995,I,0.0006275992767355181,K,0.0008158528767167587,0.0017680561891066959,0.20754109770718787
689,E,K,0.0014207411365284835,Q,0.0032381817204197314,E,0.0006961705512859931,Q,0.0033151958683210483,Q,0.00394565342382574,E,0.001547014462227304,E,0.0010102792028665937,Q,0.002094911474564529,E,0.0012083009962121762,E,0.0011087903313672968,E,0.0010190887797340766,E,0.0010376106263948212,E,0.00119375452117021,E,0.0009166168102858962,E,0.0010190887797340766,0.0016514265789958653,0.19385067459920235
690,T,N,0.00044139603700301777,N,0.00027676712612922135,T,3.843536701518553e-05,I,0.0003115978530523834,I,0.0007163697306171844,T,5.494834075645496e-05,T,0.00033198671640951845,I,0.0005852184025617534,I,0.0001324938036833855,T,0.00016750237907485653,T,0.0002768555059516891,T,0.00027573393660606583,T,8.536156545950571e-05,V,0.0035248718173646696,T,0.0002768555059516891,0.0004997596058424386,0.05866366568285126
691,K,K,0.0014744154558193286,H,0.0007164481136575761,K,0.0005843124982094489,H,0.0010541231622149536,H,0.0027052466574286824,K,0.002208569618500626,K,0.0022141368126937858,R,0.0010551738401186873,K,0.0006480114720256405,K,0.0005325473219629932,K,0.0008517315302930513,K,0.0007972167365537307,K,0.0015118070149126156,K,0.0007203432728392911,K,0.0008517315302930513,0.0011950543358348977,0.14027998103624845
692,D,E,0.001104713023198663,Q,0.0014739464166916238,S,0.0007228573111977422,Q,0.0027050668418506854,Q,0.002718350142028086,N,0.0013507044808844435,N,0.0004547698659549585,Q,0.000802444166371564,N,0.0005369807074186451,S,0.0007198574822306491,D,0.003979642307225025,D,0.005183792583714134,S,0.002763427979003409,N,0.0008249166712880007,D,0.003987914770227687,0.0019552923166190205,0.22951957988087054
693,R,N,0.003633070433620203,H,0.006313293040590461,L,0.0026391156495573745,H,0.00967735349185222,H,0.008313011558520142,L,0.003106826451759105,L,0.0037470250328893026,H,0.006229698877210606,L,0.0030883016686768907,L,0.002685205349657029,L,0.0036879380256612296,L,0.0037748643270266997,L,0.005100993133036834,L,0.0039133797431522765,L,0.0036948917972575313,0.004640331238697861,0.5446995660759465
694,I,I,0.00026630440687998183,L,0.00028915711260250226,V,0.00027532796914122687,M,0.0015623632838699306,L,0.000649869135282624,V,0.0008444567902812362,V,0.00026907760130941594,V,0.002496591327992585,V,0.0010727711062792993,V,0.0008986589849426021,V,0.0012475493488362658,V,0.001407524057667195,V,0.001099663583789481,V,0.0008762526138615535,V,0.001368414240557895,0.0009749321042195862,0.11444120404450618
695,L,T,0.00030516742781835167,E,0.0015769505276291543,K,0.0004578909981776747,E,0.0013370113606647465,E,0.0011756213243268759,M,0.0005348452931926745,M,0.001029158930752551,R,0.002807368943276188,T,0.00017906800402104083,K,0.0004740108420591866,I,0.0006282516160673541,I,0.0006751301715546323,M,0.0010686662826712818,K,0.0002429774237301547,I,0.0006282516160673541,0.0008746913841339482,0.1026745706028148
696,S,S,0.00019029049278854006,N,0.0005879037643541299,R,0.00035644724659995874,N,0.0012338071487536285,N,0.0012792715409132567,K,0.0010884537259599602,K,0.0007712966924340537,N,0.001538890617742138,R,0.0002847489130337179,R,0.00044408715426313587,K,0.001199562379430531,K,0.000938254578006579,R,0.001019724367626702,R,0.00024716332909615994,K,0.001199562379430531,0.0008252976220288683,0.09687654468580174
697,L,L,0.0,L,0.0,T,0.0,L,0.0,L,0.0,T,0.0,T,0.0,L,0.0,T,0.0,T,0.0,T,0.0,T,0.0,T,0.0,T,0.0,T,0.0,0.0,0.0
698,L,T,0.004762842884703772,F,0.0007364767404016324,V,0.006927833854490634,F,0.002079215336692943,F,0.0007643671649927516,V,0.005732333725517042,V,0.005806085488732372,F,0.001110548841976661,V,0.00481071311200645,V,0.0038594291795141524,V,0.006018383018875479,V,0.005929701277145391,L,1.155252826767918e-05,V,0.004614075811521478,V,0.006018383018875479,0.003945462798914261,0.4631332902735736
699,I,V,3.304704618862557e-05,F,0.000556687297822902,I,3.246903154785648e-06,F,0.0005466640673811472,F,0.0005470884744428606,L,2.947817478225777e-05,L,2.947817478225777e-05,F,8.9300103037229e-06,V,4.744508642295971e-05,I,3.246903154785648e-06,L,3.5299032699497266e-05,L,2.284702504693413e-05,L,0.00042716170577952636,L,2.9961487760201796e-05,L,3.5299032699497266e-05,0.00015705869482813075,0.018436141413332326
700,Q,E,0.0002552893064311174,H,0.000848691671007421,D,0.0001394207573996224,H,0.00030625432447049203,H,0.0008665190400757307,E,5.987916622634636e-05,E,2.809781196693018e-05,H,0.0002502353994883023,E,2.809781196693018e-05,D,5.987916622634636e-05,E,4.081016279862119e-05,E,2.7430637907630754e-05,E,2.809781196693018e-05,E,5.637563899144594e-05,E,4.081016279862119e-05,0.00020239259131483254,0.02375760500604077
701,P,P,0.002043791026646957,P,0.0010077203761004174,P,0.0013834044049847519,P,0.001077811075028872,P,0.001076421783422622,P,0.00020682903400277098,P,0.0003168082695366586,P,0.0010744413013687067,T,0.0005727702441105999,P,0.0013049300210978307,P,0.0018434076540979033,P,0.0018210355277542463,P,0.00028879489891680285,P,0.0003406286704310845,P,0.0018434076540979033,0.0010801467961065417,0.12679170103870807
702,I,I,7.555169481371082e-05,Y,0.0002861842690759212,V,0.0002609954255009571,C,0.003718761682113034,C,0.0036448574003797693,L,0.0015570186723491554,V,0.00040841678916950637,Y,0.0006420555844295049,V,0.0001795850871707304,V,0.0002609954255009571,V,0.00013839827215852076,V,0.00013839827215852076,V,0.0002609954255009571,V,6.213194139431362e-05,V,0.00013839827215852076,0.0007848496142582721,0.0921286051211549
703,P,V,9.461368231483821e-05,V,0.0004295811535912619,T,0.0004636616438502973,V,0.0003679991810718545,V,0.00036858893726542135,A,0.003617031906878329,A,0.0035955357597089385,V,0.00043105945555117374,P,0.0007939242558295764,T,0.00045440849597871725,L,0.0023874574283328062,L,0.0023830591796612306,P,0.0011059291734265239,P,0.0004483247068924063,L,0.0023874574283328062,0.0012885754925790788,0.15125784681286716
704,-,L,0.0016540777486851645,-,,-,,-,,-,,-,,-,,-,,-,,-,,-,,-,,-,,-,,-,,0.0016540777486851645,0.19416187888723077
705,L,E,0.0003185658324628673,-,,L,0.0002739162927693746,-,,-,,L,0.0009386938187178377,L,0.0008108673718872331,-,,L,0.0013720355669427833,L,0.0005798724541901637,M,0.0013237802108221736,M,0.0013237802108221736,L,0.0013656043353041359,L,0.0005741918373368135,M,0.0013237802108221736,0.0009277352856434301,0.10890106363724263
706,N,-,,-,,-,,-,,-,,-,,-,,-,,-,,-,,-,,-,,-,,-,,-,,,
707,K,-,,-,,-,,-,,-,,-,,-,,-,,-,,-,,-,,-,,-,,-,,-,,,
708,D,-,,-,,-,,-,,-,,-,,-,,-,,-,,-,,-,,-,,-,,-,,-,,,
709,-,-,,-,,-,,-,,-,,-,,-,,-,,-,,-,,-,,-,,-,,-,,-,,,
710,-,-,,-,,-,,-,,-,,-,,-,,-,,-,,-,,-,,-,,-,,-,,-,,,
711,-,-,,-,,-,,-,,-,,-,,-,,-,,-,,-,,-,,-,,-,,-,,-,,,
712,-,-,,-,,-,,-,,-,,-,,-,,-,,-,,-,,-,,-,,-,,-,,-,,,
713,-,-,,-,,-,,-,,-,,-,,-,,-,,-,,-,,-,,-,,-,,-,,-,,,
714,-,-,,-,,-,,-,,-,,-,,-,,-,,-,,-,,-,,-,,-,,-,,-,,,
