MSA_Column,Q93X23_Residue,A0A6P6W6H5_AA,A0A6P6W6H5_SHAP,A5Y5L5_AA,A5Y5L5_SHAP,B5A434_AA,B5A434_SHAP,C0PT35_AA,C0PT35_SHAP,C0PTH8_AA,C0PTH8_SHAP,D5KXD2_AA,D5KXD2_SHAP,E2E2N3_AA,E2E2N3_SHAP,E2E2P0_AA,E2E2P0_SHAP,F1CKI6_AA,F1CKI6_SHAP,F2XF94_AA,F2XF94_SHAP,F2XF98_AA,F2XF98_SHAP,F2XFA1_AA,F2XFA1_SHAP,F2XFA2_AA,F2XFA2_SHAP,F2XFA4_AA,F2XFA4_SHAP,F2XFA5_AA,F2XFA5_SHAP,F2XFA8_AA,F2XFA8_SHAP,G1JUH1_AA,G1JUH1_SHAP,G5CV52_AA,G5CV52_SHAP,G8H5M7_AA,G8H5M7_SHAP,G8H5N0_AA,G8H5N0_SHAP,G8H5N1_AA,G8H5N1_SHAP,H6WZF2_AA,H6WZF2_SHAP,O23945_AA,O23945_SHAP,O64961_AA,O64961_SHAP,P0DI76_AA,P0DI76_SHAP,P0DI77_AA,P0DI77_SHAP,Q8L5K4_AA,Q8L5K4_SHAP,Q93X23_AA,Q93X23_SHAP,R4JGL8_AA,R4JGL8_SHAP,R4JQS2_AA,R4JQS2_SHAP,R9QMY8_AA,R9QMY8_SHAP,R9QMZ0_AA,R9QMZ0_SHAP,T1RR72_AA,T1RR72_SHAP,T1RRJ4_AA,T1RRJ4_SHAP,T1RRR9_AA,T1RRR9_SHAP,U5PZT6_AA,U5PZT6_SHAP,W6HUT3_AA,W6HUT3_SHAP,Mean_Abs_SHAP,Scaled_Attention_Weight
1,-,-,,-,,-,,-,,-,,-,,-,,-,,-,,-,,-,,-,,-,,-,,-,,-,,-,,-,,-,,-,,-,,-,,-,,-,,-,,-,,-,,-,,-,,-,,-,,-,,-,,-,,-,,-,,-,,,
2,-,-,,-,,-,,-,,-,,-,,-,,-,,-,,-,,-,,-,,-,,-,,-,,-,,-,,-,,-,,-,,-,,-,,-,,-,,-,,-,,-,,-,,-,,-,,-,,-,,-,,-,,-,,-,,-,,,
3,-,-,,-,,-,,-,,-,,-,,-,,-,,-,,-,,-,,-,,-,,-,,-,,-,,-,,-,,-,,-,,-,,-,,-,,-,,-,,-,,-,,-,,-,,-,,-,,-,,-,,-,,-,,-,,-,,,
4,-,-,,-,,-,,-,,-,,-,,-,,-,,-,,-,,-,,-,,-,,-,,-,,-,,-,,-,,-,,-,,-,,-,,-,,-,,-,,-,,-,,-,,-,,-,,-,,-,,-,,-,,-,,-,,-,,,
5,-,-,,-,,-,,-,,-,,-,,-,,-,,-,,-,,-,,-,,-,,-,,-,,-,,-,,-,,-,,-,,-,,-,,I,0.0,-,,-,,-,,-,,-,,-,,-,,-,,-,,-,,-,,-,,-,,-,,0.0,0.0
6,-,-,,-,,-,,-,,-,,-,,-,,-,,-,,-,,-,,-,,-,,-,,-,,-,,-,,-,,-,,-,,-,,D,0.0065068220659924994,I,0.00017744268356011358,-,,-,,-,,-,,-,,-,,T,7.278515781118551e-05,-,,-,,-,,-,,-,,-,,-,,0.002252349969121266,0.2897590105126933
7,T,K,0.00033774750361626404,-,,-,,-,,-,,-,,K,0.00047569920293346024,-,,-,,-,,-,,-,,-,,-,,-,,-,,-,,-,,-,,-,,V,0.0008956924027464652,-,,S,0.0008014764712445354,-,,-,,-,,-,,T,5.975819748116657e-05,-,,K,0.00025499593370714155,-,,-,,K,0.00147994363507075,K,0.00147994363507075,K,0.00147994363507075,-,,Q,0.00018188372574407338,0.0007447084342685357,0.09580481807553866
8,S,Q,0.0019794527771418934,-,,-,,-,,-,,S,0.00103753781373291,P,0.0019433623127199486,V,0.00547001382375027,-,,-,,-,,-,,-,,-,,-,,-,,-,,E,0.000413671060014839,S,0.0008322475059087875,E,0.0004105631648070828,N,0.00040675666904227756,-,,K,0.0010948993066919796,S,0.0009684772943368474,-,,-,,-,,S,0.003937895554876467,V,0.0030124280059035105,P,0.0021891441989520103,-,,-,,P,0.002727005530153386,P,0.002727005530153386,P,0.002727005530153386,-,,S,0.002666724975356969,0.002032011238452703,0.26141300147704855
9,P,Q,0.004534622652951579,L,0.004116588394681817,-,,-,,-,,A,0.001027328799180384,A,0.00017497324545763808,E,0.0010825889830237488,-,,-,,-,,-,,-,,-,,-,,-,,-,,V,0.0031384668568916153,A,0.0008355630393488641,V,0.003390669734053311,T,0.004277773849207783,Q,0.00777318353322648,P,0.005424275510165014,A,0.0009341242805294988,-,,-,,-,,P,0.005915396902526035,E,0.0006538820002413546,A,0.0001681614870055541,-,,-,,V,0.006176547107348356,V,0.006201977305262926,V,0.006176547107348356,-,,Q,0.0036543173462961084,0.003455630954460338,0.4445580037688857
10,D,L,0.0016330062372511302,N,0.005462201450865675,S,0.001027328799180384,-,,-,,N,0.004399804530312803,E,0.0019722500751359396,E,0.002850701352622794,-,,-,,-,,-,,-,,-,,-,,-,,-,,I,0.0026984830951544184,N,0.003847495048071122,I,0.002710592135680064,T,0.0011616570745689825,N,0.00777318353322648,E,0.0016860489302292826,D,0.00216438851091824,-,,-,,-,,D,0.0016745709475038508,E,0.001379878718345654,E,0.0008741395906597195,-,,-,,D,0.0035428916551512287,D,0.0035763840733367726,D,0.0035428916551512287,-,,S,0.0005233618577783923,0.0027250629635572087,0.35057231723770893
11,I,I,0.00019661148966787213,L,0.004496025916539927,E,0.0002476553656799122,-,,-,,K,0.00195091576857736,I,0.00015391678753092844,E,0.0017003654083585717,-,,-,,-,,-,,-,,-,,-,,-,,-,,I,0.00013627123820583148,K,0.0009932788119433838,I,0.00013318995631445054,I,0.001027328799180384,L,0.0076349081899189505,V,3.481668191424216e-05,K,0.0006919140974041053,-,,-,,-,,I,0.0005285303581736445,E,0.001182729683428587,I,0.000780352885142189,-,,-,,E,0.0032439975076099955,E,0.0032365908355034925,E,0.0032365908355034925,-,,P,0.0005930089546920556,0.0016099499785644689,0.20711590967622678
12,L,N,0.0038634294234043713,T,0.007263284638316486,N,0.001814450715955631,-,,-,,C,0.005367026515596001,T,0.004339525516048201,T,0.0019457385224799153,-,,-,,-,,-,,-,,-,,-,,-,,-,,T,0.0030294229303855008,S,0.0021869114298613624,T,0.0030015212416205908,T,0.00020264314462866169,T,0.00777318353322648,V,0.002677452509293796,C,0.0018429388239860046,-,,-,,-,,L,0.0016202071706653942,T,0.0019632734473875864,T,0.004391436878873626,-,,-,,T,0.005702248555872851,T,0.005707210281189249,T,0.005707210281189249,-,,L,0.0025899408976184602,0.003649452822879971,0.4694926869126892
13,R,R,0.00011744975886614784,R,0.00023738295763833174,R,0.00018851748916663225,-,,-,,R,6.489889601085091e-05,R,8.987033174077738e-05,R,0.00021835849605171754,-,,-,,-,,-,,-,,-,,-,,-,,-,,R,0.0009298254026605803,R,0.0009381637302536013,R,0.000989003432996637,R,0.000159157266427045,R,0.0002422010896400944,R,0.0008302740862755501,R,0.0001574610000624494,-,,-,,-,,R,0.0012613173223453387,R,0.00021835849605171754,R,1.9797020933961077e-05,-,,-,,R,0.0009844164331828675,R,0.00027135813007887044,R,0.0009844164331828675,-,,R,0.0009060944343248484,0.0004904161103945443,0.06309076690370943
14,R,R,0.00010876167866286858,R,0.0009530576005647884,R,0.0025125705899515837,-,,-,,P,0.002035863355077049,R,0.0007077805927309024,R,0.0005585982504928551,-,,-,,-,,-,,-,,-,,-,,-,,-,,R,0.003383480285159863,P,0.0026939320907755516,R,0.0033602577900770448,P,0.0018243494299149208,R,0.00018151963205721404,R,0.0016751828684663111,P,0.0007964359250827668,-,,-,,-,,R,0.00010020404579968501,R,0.0003008191544797338,R,0.0007807803404015155,-,,-,,R,0.00018136065478291545,R,0.0001870596967382208,R,0.00018136065478291545,-,,R,0.001071532463830694,0.0011797453549914697,0.15177119515429516
15,S,S,0.00040209368034429025,S,0.0005324598847851156,A,0.00017229928460071948,-,,-,,L,0.0017504047835508168,S,7.883420343872288e-05,S,0.0001508507444237672,-,,-,,-,,-,,-,,-,,-,,-,,-,,S,0.00023085643107626335,L,0.0016608869814545139,S,0.00023085643107626335,L,0.0020457733562888034,S,0.0005324598847851156,T,0.0011493522878146358,L,0.0016608869814545139,-,,-,,-,,S,6.849689223151757e-05,S,0.0006852550109685616,S,0.0008926101732210956,-,,-,,S,0.0005026516595537787,S,0.0005026516595537787,S,0.0005026516595537787,-,,S,0.0010498029661732968,0.0007401067478174675,0.0952128229899475
16,A,G,0.0006819653772087591,G,0.001582131762017213,S,0.0007737879649570049,-,,-,,A,0.0013736232147525899,G,0.000182091818742656,G,0.0012996295257153754,-,,-,,-,,-,,-,,-,,-,,-,,-,,G,0.0010525345884696484,A,0.0004894750608218513,G,0.0011898341009445293,A,0.0012560346801257858,G,0.0015098730466423448,A,0.00019902957432583486,A,0.0013765424236309263,-,,-,,-,,A,0.0016822614112542908,G,0.0012028897565493682,G,0.00012288296637764432,-,,-,,G,0.0010280822881836244,G,0.0010280822881836244,G,0.0010280822881836244,-,,G,0.0002756978627359705,0.0009667265999911336,0.12436688209648722
17,N,N,0.003159700004124459,N,0.0004398638394952722,N,0.00020255309990532152,-,,-,,N,0.0011068346734374322,N,0.00010699261661003257,N,0.0014845245565447693,-,,-,,-,,-,,-,,-,,-,,-,,-,,S,0.000198551904575615,N,0.00045947855291327065,S,0.000198551904575615,N,0.0010743239226557331,N,0.0003948720628827332,N,0.001851683310521336,N,0.00048156601681314105,-,,-,,-,,N,0.00029259017304626874,N,0.0015095402329513045,N,0.00037984493932737164,-,,-,,N,0.0018214393870414846,N,0.0018214393870414846,N,0.0018214393870414846,-,,N,0.0010804821528610693,0.0009943136062182598,0.12791587924922465
18,Y,Y,0.000529696347310296,Y,0.0005308079403523429,Y,0.00017970317829612518,-,,-,,F,0.001627086971496886,Y,0.00016322730292921036,Y,0.00037070212802689235,-,,-,,-,,-,,-,,-,,-,,-,,-,,H,0.0005494720788358676,F,0.0017651196928280602,H,0.0005499605091903376,Y,8.41674371267373e-05,Y,0.00011745595293531131,F,0.0016240371191831768,F,0.0017544587458893674,-,,-,,-,,Y,0.00035215411780818674,Y,0.00037476658021707904,Y,0.0002776831693786674,-,,-,,Y,6.162243681036376e-05,Y,6.162243681036376e-05,Y,6.162243681036376e-05,-,,Y,4.867050996383511e-05,0.0005542018546099735,0.07129663827452899
19,Q,E,0.0007469734058942716,G,0.0006717931469366862,K,0.0005985194765581874,-,,-,,H,0.002820639997794189,E,0.002035549099422619,Q,0.0002036917430127934,-,,-,,-,,-,,-,,-,,-,,-,,-,,H,0.0018148213382361618,H,0.001818769846294022,H,0.0018106309096828628,H,0.0014963190339636748,Q,0.0004564364814531747,K,0.0018932190355396878,H,0.0027010639892525124,-,,-,,-,,Q,0.0002936941961446191,Q,0.0005837836921626247,E,0.0018764659737250569,-,,-,,Q,0.0016320703233559234,Q,0.0015888826247875746,Q,0.0016320703233559234,-,,Q,0.0006587236115825181,0.0013667059124577543,0.1758231883520785
20,P,A,0.0038720457840191527,P,0.0001406584505951437,P,4.554528622635648e-05,-,,-,,P,0.00010134094216106455,P,5.239700065771771e-05,A,0.0023921731224835004,-,,-,,-,,-,,-,,-,,-,,-,,-,,P,0.000860326829746187,P,0.00039522950111631845,P,0.0008540750914337524,S,8.703265731784194e-05,P,0.000130935100311864,P,0.00012428445957065796,P,0.00012585658351535106,-,,-,,-,,P,0.001589024020506151,A,0.0004378723871317498,P,5.792930977204026e-05,-,,-,,P,0.0013959387224230777,P,0.0005033285850413158,P,0.0013959387224230777,-,,P,0.00047743476440333495,0.0007519683660427827,0.09673878956138025
21,S,P,0.00013990153236708106,T,0.0021208715617190804,S,0.00034745136333427524,-,,-,,T,0.00013320913743807445,S,0.00012937229937392593,S,0.0008955317088302449,-,,-,,-,,-,,-,,-,,-,,-,,-,,T,0.000660742561847249,T,0.0001325779855348086,T,0.0006617176235225019,S,0.0013158007848982902,T,0.0010944288815214324,S,9.833457420146834e-05,S,0.00018015947551496523,-,,-,,-,,S,0.0013980621319947643,S,0.0008694483911054767,S,0.00012686443495594428,-,,-,,S,0.000654034901332052,S,0.000654034901332052,S,0.000654034901332052,-,,S,0.00030265840248633064,0.0006284618777321034,0.08084999859397923
22,I,L,0.0009002850598453416,M,0.0002524399510093298,T,0.00777318353322648,-,,-,,V,0.0015999117177649942,L,0.00021040311187951426,I,0.0002756050044737076,-,,-,,-,,-,,-,,-,,-,,-,,-,,L,0.001027328799180384,V,0.0018597368290406504,L,0.001027328799180384,V,0.0013940389222903108,M,0.0002704840665265527,V,0.0017726102791826908,V,0.0016947032677927091,-,,-,,-,,I,0.0003144663852241675,I,0.0002757843455998363,L,0.00024786387534519956,-,,-,,A,0.00021550103299893968,A,0.00021117223405245182,A,0.00021550103299893968,-,,I,0.00026684103950206387,0.0010902594643557326,0.14025906627515194
23,W,W,4.007145387213853e-05,W,0.00015538583318552978,W,0.0014486078939490302,-,,-,,W,5.696436360202037e-06,W,7.5396537139879285e-06,W,0.00012151162901442892,-,,-,,-,,-,,-,,-,,-,,-,,-,,W,3.264756299292797e-05,W,5.696436360202037e-06,W,3.264756299292797e-05,W,0.0001375406757946739,W,8.114121018114179e-07,W,5.258053743223345e-05,W,1.366538082114861e-05,-,,-,,-,,W,1.1630516412262313e-05,W,0.00013361662574008407,W,1.7803870174441203e-06,-,,-,,W,3.247406603242075e-05,W,3.247406603242075e-05,W,3.247406603242075e-05,-,,W,1.219961205082007e-05,0.00011555259039545572,0.014865542528556808
24,N,E,0.0012595658313884163,D,0.002990165081074806,D,0.0013361287017467885,-,,-,,G,0.0007675617371753503,D,0.0003270083554507636,N,0.001878300387486237,-,,-,,-,,-,,-,,-,,-,,-,,-,,G,0.001994391416597208,G,0.0018241471576295194,G,0.0019840432601151937,G,0.0007607592579005605,D,0.002907381649670945,G,0.0004471551258386557,G,0.0005133373647707918,-,,-,,-,,N,0.0003341419415886068,D,0.0006552521873248468,D,0.00016942608810299837,-,,-,,D,0.0003390183454318128,D,0.00033857074762746607,D,0.0003390183454318128,-,,T,0.0016491911675445379,0.0011407282074948656,0.146751739826909
25,H,F,0.00298455317530054,F,0.0003736380089051814,Y,0.001559922074761473,-,,-,,Y,0.00016973208711787248,F,0.0006248150615247144,N,0.00010415222898919057,-,,-,,-,,-,,-,,-,,-,,-,,-,,D,0.0022833308629662393,Y,0.00017608703021010849,D,0.0024543600112223287,N,3.2351979228461137e-06,F,0.0014384484520865504,D,0.001746792583384117,Y,0.0002328768747263588,-,,-,,-,,H,0.0010085525207227134,N,0.00018603280286191932,F,0.0007207611666283207,-,,-,,F,0.0034289663324498106,F,0.0034289663324498106,F,0.0034289663324498106,-,,H,0.00019336309303769698,0.00132737761148588,0.1707637039331444
26,D,D,0.004050352088798764,E,0.005158075656433612,E,0.005601540063327178,-,,-,,H,0.005607843524586809,D,0.00639891479320703,D,0.00777318353322648,-,,-,,-,,-,,-,,-,,-,,-,,-,,H,0.004683775167968875,H,0.004626478698129471,H,0.005058254844824483,Y,0.002991867818274899,E,0.0032019638505182985,R,0.004547417290816903,H,0.005398634297274473,-,,-,,-,,D,0.006879477195071547,D,0.00777318353322648,D,0.006384381327629771,-,,-,,E,0.007204142686502658,E,0.007057220178325702,E,0.007204142686502658,-,,D,0.006148501881515322,0.0056874675558080704,0.7316780224597792
27,Y,Y,0.0032410814973915254,Y,0.0006061633419052827,F,0.0016270167943815035,-,,-,,F,0.006221570626397077,Y,0.0009740946839324268,Y,0.001521755075181855,-,,-,,-,,-,,-,,-,,-,,-,,-,,F,0.004410165449725452,F,0.006364745728147589,F,0.0040368505885729575,F,0.0013438832529045195,Y,0.001027328799180384,F,0.003619249055233092,F,0.005941932094494138,-,,-,,-,,Y,0.0018769571401185843,F,0.001027328799180384,F,0.0012639085164006672,-,,-,,Y,0.005501041732941591,Y,0.005594406911155267,Y,0.005501041732941591,-,,R,0.0011512799939284693,0.003142590090705717,0.4042861045635566
28,I,I,0.0005493739713834283,I,0.0001320761256015483,L,0.000478324206068501,-,,-,,L,0.00042659385385996213,L,0.0005567734930051395,V,0.0005969545611591989,-,,-,,-,,-,,-,,-,,-,,-,,-,,L,0.00045086480816249947,L,0.0004289737684082245,L,0.00045086480816249947,L,0.00013191792213343968,I,0.0001320761256015483,A,0.0021171794652134128,L,0.00043375268353316744,-,,-,,I,0.0001320377125517403,I,5.811931446144622e-05,I,0.0002814080374613277,I,2.0084626903752962e-05,-,,-,,I,0.0004586781230977867,I,0.0004586781230977867,I,0.0004586781230977867,-,,I,0.00016449674717718075,0.0004246622190543513,0.05463169848481414
29,E,Q,0.00013121452641130278,Q,0.000498400482565086,Q,0.0001203078016066631,-,,-,,S,0.00030884285623333216,Q,4.3670643587717225e-05,Q,0.0003457919725325416,-,,-,,-,,-,,-,,-,,-,,-,,-,,A,0.0004712746223386418,S,0.00039659127299899696,A,0.000505439704893215,S,0.0005736877422358985,Q,0.0007584741097080433,N,2.8376853153020287e-05,S,0.0004317135998320092,L,0.0017391305370572673,L,0.0017391305370572673,Q,0.0017401304236162186,E,0.00037452829588949254,Q,0.0009337756358316516,Q,6.872798839041954e-05,-,,-,,Q,0.0005151156952655017,Q,0.0005151156952655017,Q,0.0005151156952655017,-,,Q,0.0005704098502101932,0.0005793463713889339,0.07453141546349927
30,S,-,,S,0.0017211597817287198,S,0.0011208892612677179,-,,-,,Y,0.0004254611783051928,S,0.0017444418580340954,S,0.0014735686169282172,-,,-,,-,,-,,-,,-,,-,,-,,-,,Y,0.0038179425279201676,Y,0.001027328799180384,Y,0.003999942998313203,Y,0.005732740324186809,S,0.0013152024706078616,Y,0.004844159930483932,Y,0.00133488625718514,-,,-,,S,0.0026298550201950374,S,0.001361037063917653,S,0.0018973221457595653,S,0.0024979603829596076,-,,-,,S,0.0028269993149062835,S,0.0028321243106619568,S,0.00282074700429613,L,0.0005097801427269115,S,0.0005733836093158514,0.002214615857089545,0.284904614386521
31,L,-,,-,,L,0.0012953661522666958,-,,-,,T,0.0006606721610471615,L,0.001634715192228513,F,0.00777318353322648,-,,-,,-,,-,,-,,-,,-,,-,,T,0.0013434857382975296,A,0.00777318353322648,T,0.0001564232120764715,A,0.00777318353322648,T,0.0008440212417572874,-,,A,0.004911397484067178,T,0.0007008929848974695,-,,-,,L,0.0026437811509993844,L,0.0030009740692953845,F,0.004048198375178335,L,0.00019869040452142735,-,,-,,L,0.003023965825744449,L,0.003023965825744449,L,0.003023965825744449,T,0.00195151497204879,L,9.210203249078835e-05,0.0027936841624042605,0.3594002573672235
32,R,S,0.0021706577283766553,-,,A,0.0005085979825576,-,,-,,H,0.001156722172695729,N,0.001175285155755172,-,,-,,-,,-,,-,,-,,-,,-,,-,,H,0.00014884879914037693,D,0.0032290195357970596,H,0.0021841958406242975,D,0.0032290195357970596,P,0.0010939090494817177,-,,E,0.0007719340459737133,H,0.0011470418257913527,S,0.0009120831415886653,S,0.0009120831415886653,D,0.0003423096659160553,R,0.0023021112523010073,N,0.00018980981324314745,D,0.0006078731208717074,-,,-,,K,6.649125152759859e-05,K,0.00014765603682210875,K,6.649125152759859e-05,V,0.0023146889498398783,T,0.004311798028241086,0.0013176648784299205,0.16951418589276335
33,I,L,0.0010900969474396255,I,0.0015375537315289118,T,0.00033847881147993134,-,,-,,E,2.384873864007494e-05,T,0.006803556671500734,N,0.0037993087658210797,-,,-,,-,,-,,-,,-,,-,,-,,N,0.000474063401588647,L,0.002148198780781672,-,,L,0.002128460898674687,Q,0.0009538797027431166,I,0.0011493955119776132,D,0.002074260558542217,E,0.0002894000277727909,I,0.002473754910594248,I,0.002473754910594248,S,0.0006205912838944734,I,0.0017488252569179909,-,,N,0.004058673589789754,-,,-,,N,0.0035904549607089333,N,0.0035904549607089333,N,0.0035904549607089333,E,0.0007136435336460255,L,0.0015381301749567327,0.0020525756996091905,0.26405856633070013
34,E,K,0.005271644358785268,H,0.0031043187657227456,S,0.002196411703055643,-,,-,,-,,H,0.004661683640481413,T,0.0018489928543389033,-,,-,,-,,-,,-,,-,,-,,-,,H,0.004418199754284905,-,,-,,-,,L,0.0029856072232101027,H,0.0033721612313578307,I,0.002333970883893211,I,0.0024224706630172773,E,0.00777318353322648,E,0.00777318353322648,-,,E,0.00554339523198813,T,0.001632920322881173,H,0.0027122268813873835,-,,-,,K,0.00777318353322648,K,0.00777318353322648,K,0.00777318353322648,S,0.003467257089721503,S,2.7783541763271e-05,0.004243248090601059,0.5458829155986464
35,Y,N,0.00027456931904474105,N,0.0005168580517097506,H,0.00010389134752146158,Y,0.004639983689790316,-,,-,,H,0.00013025632462883432,N,0.00028860806055044686,-,,-,,Y,0.004640688428370058,-,,Y,0.003315016833228702,-,,-,,-,,H,0.0029038727924466505,R,0.0028593711071070622,-,,R,0.004146412908753058,T,0.0020417638736001343,N,0.0004388120118819764,I,0.00044220058030646316,-,,N,0.0008339082386456078,N,0.0008339082386456078,K,0.0018465848473336942,Y,0.006001942739005503,N,0.0007894934753959861,H,0.0001852945208493021,-,,-,,-,,-,,-,,P,0.0005165755596386791,-,,0.0017976196642120973,0.23125913038437476
36,-,E,0.001699300582394927,D,0.002515036238209037,N,0.0013571152904963467,E,0.002513160225166824,-,,-,,H,0.0009973845740202892,Q,0.0037214760405371227,-,,-,,E,0.002513160225166824,-,,E,0.0023950745980192895,-,,-,,-,,V,0.00023036145697909188,G,0.0022213809052518156,-,,G,0.002295087235778364,E,0.0015986171644819767,D,0.0019079149389445388,-,,-,,K,4.622409327456195e-05,K,4.622409327456195e-05,Y,0.0012439303111463427,-,,K,0.001027328799180384,P,0.0008597787700509007,-,,-,,Y,0.0005103970266428951,Y,0.0005103970266428951,Y,0.0005103970266428951,L,0.0022178285620475134,H,0.0002961133345416028,0.0014449429790822175,0.18588818505388524
37,V,-,,-,,-,,A,0.0011532257026069482,-,,I,0.001027328799180384,-,,-,,-,,-,,A,0.0011532257026069482,-,,A,0.001134146343040317,-,,-,,-,,G,0.0008483720755681793,A,0.00037520559552387,-,,A,0.00023061897998229126,I,0.004337699562083239,-,,T,0.0007260992361636449,-,,-,,-,,K,0.0002686610549903375,V,0.0004568904432051907,-,,-,,-,,-,,-,,-,,-,,-,,-,,0.001064679408631941,0.13696825812499705
38,-,-,,-,,-,,-,,-,,-,,-,,-,,-,,-,,-,,-,,-,,-,,-,,-,,-,,-,,E,0.0019351024920685111,-,,-,,-,,-,,-,,-,,-,,-,,-,,-,,-,,-,,-,,-,,-,,-,,K,0.001024819246899742,T,0.0010564431276640716,0.0013387882888774415,0.1722316581301329
39,-,Y,0.00017623957336438512,Y,0.0009748033128826216,T,0.0006524590504375779,-,,-,,-,,Y,0.0003293454585838678,Y,0.00033312710273938526,-,,-,,-,,-,,-,,-,,-,,-,,-,,-,,-,,-,,-,,Y,9.451413980989878e-05,-,,-,,Y,0.00016244785064034955,Y,0.00016244785064034955,-,,-,,Y,0.00037797099327523576,Y,0.001027328799180384,-,,-,,-,,K,0.00021115904375876917,-,,V,0.0014159358395084325,A,2.8213842151759707e-05,0.00045738406592100127,0.0588412796334877
40,-,A,0.004531157357342285,T,0.0008194636390444704,V,0.00777318353322648,-,,-,,-,,K,0.0006150990503928843,K,0.0004525178072417549,-,,-,,-,,-,,-,,-,,-,,-,,-,,-,,I,0.0018866789989164922,-,,-,,A,0.0030595444664054186,-,,-,,A,0.002631011383669128,A,0.002631011383669128,-,,-,,R,0.0015667335482473196,V,0.0013833437810555427,-,,-,,K,0.00037504289249918184,-,,K,0.00037504289249918184,E,0.00392086193690397,D,0.0018531225098473462,0.002258254345397372,0.29051859328220697
41,G,G,0.00047042687609326545,E,0.0001543147021689301,Q,0.0009026965216245878,-,,-,,T,0.004049236753329716,K,2.735519991674095e-05,D,0.0020546311677912335,-,,-,,-,,-,,-,,-,,-,,-,,-,,N,0.0023254320817653914,T,0.003553762993772018,N,0.0024182907438348436,S,0.0018089177991812682,G,6.554927547067153e-05,Q,0.0015858180205184944,T,0.0033099218712969542,S,0.0030393689636666033,S,0.0030393689636666033,G,5.5440679489992536e-05,G,0.000400583557690001,D,0.0008769076783134505,K,0.000232230914597669,-,,-,,E,0.00045205687249754274,E,0.00045205687249754274,E,0.00045205687249754274,E,0.00037398736865296855,E,0.000992575141006719,0.0013788744954725315,0.17738864515144037
42,E,D,0.0005507316711064441,K,0.004312045639755764,E,0.002368217827804725,P,0.0009666183308137163,-,,N,0.0010556863779562873,E,0.0007800060786251801,E,0.0005259657979834253,-,,-,,P,0.0009658175428820346,-,,P,0.0011591410001366845,-,,-,,-,,E,0.0017094087275435685,E,0.00037811352142097,N,0.002819757243141332,E,0.0013284152517009451,S,0.0012448039128499352,D,0.001027328799180384,T,0.0032164900575295044,N,0.0016452247950743423,E,0.0018318276660475024,E,0.0018318276660475024,E,0.00047376555561723084,E,0.001726885457347993,E,0.00014094869458682556,E,0.0011528198426058803,-,,-,,E,0.0012946470850523227,E,0.0022659406604647525,E,0.0012971639941133477,K,0.0006632720519390633,D,0.0004611062277998293,0.0013997849098974105,0.18007871600021133
43,T,I,0.0031130482523094726,K,0.001707316437888027,K,0.00024959714221674386,S,0.004393960115224148,-,,Q,0.002517920710707083,E,0.007278109757212325,K,0.00248624751950958,-,,-,,S,0.004434702300126839,-,,S,0.004074043184545524,-,,-,,-,,K,0.0011272625008108144,G,0.0009953636738548343,Q,0.001432415846944618,G,0.0009993878444944124,Q,0.0030040376585229985,K,0.0017205717128952068,Q,0.0008861722856915077,Q,0.0032009798063470703,T,0.00777318353322648,T,0.00777318353322648,S,0.0027492159737677905,T,0.00777318353322648,K,0.002392828916995309,E,0.00777318353322648,-,,-,,K,0.0008247359234993081,K,0.0008338615321464326,K,0.0008167193225901783,E,4.131761983250685e-05,D,0.0025234223587489563,0.0030319990189209864,0.390058848599252
44,C,Y,0.0012370799167033672,Y,0.0017873766459892103,H,9.339946212323216e-05,Y,0.005765964949590395,-,,E,0.0005193192838294264,Q,0.00015725338425104872,H,0.00011703321853333513,-,,-,,Y,0.005797293571062997,-,,Y,0.005803791236242588,-,,-,,-,,Y,0.0012045766539073367,E,0.0005784069194443881,E,0.00106573385967426,E,0.000510932916178175,E,0.00025855308706869266,Y,0.00035936886530420204,M,7.434218571900055e-05,E,0.0030936445774258923,E,0.0021292005136318835,E,0.0021292005136318835,Y,0.001621872965542187,C,0.0027734450092628017,H,0.00022177769583235835,Q,0.00012761154003010437,-,,-,,Y,0.004823009210003753,Y,0.004884190399908937,Y,0.004884190399908937,Q,7.093681553661911e-05,H,0.001027328799180384,0.0018970298069827638,0.244047988687506
45,T,V,0.0037984104079266,M,0.0048427297740611655,M,0.0019672141115056364,R,0.006103348184844262,-,,K,0.00014654548954437903,L,0.0011776364804125382,L,0.0009430954873419048,-,,-,,R,0.0067816940730391784,-,,R,0.005484518371435134,-,,-,,-,,M,0.001730027267720624,E,0.002250917045757455,K,0.0009826027636805545,E,0.0022311323864423445,K,0.001070046610964551,M,0.002193480275001919,Q,0.002937554160219363,K,0.0007952729050577355,V,0.0038321820696377937,V,0.0038321820696377937,A,0.0036211794425672337,T,0.002142057790913996,L,0.0015394722296405933,L,0.003907394052358275,L,0.003611740679634785,-,,L,0.002763928099290668,L,0.002937951628248372,L,0.002937951628248372,T,0.002561642847987806,G,0.0002312337823685424,0.002736384210878951,0.35202876648702225
46,R,S,0.005493195545797137,N,0.0031398106615180537,K,0.0005220187750633882,E,0.0018240936959450522,-,,V,0.00777318353322648,K,0.0010771267011665227,K,0.002450934228131267,-,,-,,E,0.0015316004203676007,-,,E,0.0017822295859396863,-,,-,,-,,K,0.0007711707827869856,K,0.0020500421489774517,V,0.00777318353322648,K,0.002050024141387152,R,0.0033844704167312802,K,0.001027328799180384,E,0.001027328799180384,V,0.00777318353322648,I,0.000830683593177838,I,0.000830683593177838,R,0.002741811846251847,R,0.003943981931682899,N,0.0003433300362241711,K,0.0009710145955209998,E,0.002699805122071686,-,,T,0.007569480797114423,T,0.006951678006382382,T,0.007569480797114423,K,0.0010718255226620113,E,0.00040201181947701725,0.00301299010216239,0.3876134005177366
47,Q,R,0.0004608297807804126,R,0.0003508959011145635,M,0.0012699594086468403,R,4.253249731564668e-05,-,,E,0.002430860554927348,R,0.00036049774917873314,K,0.00777318353322648,-,,-,,R,0.0005351849315884083,-,,R,5.008363214944896e-05,-,,-,,-,,R,0.00018257804438778856,Q,0.0021330987243070518,E,0.002966830871426215,Q,0.002114819065514906,E,0.0002535708740570101,R,3.383163859807319e-05,Q,0.0037421047930418947,E,0.0035748506929025744,T,0.00012495610602495025,T,0.00012495610602495025,Q,0.003436933917914751,Q,0.002331706654924916,R,0.001027328799180384,R,0.001027328799180384,R,0.00033315610911546556,-,,R,0.0002610180586329256,R,0.00031144834052198325,R,0.0002610180586329256,K,0.0018930150697676527,R,0.00017746271512056945,0.0013650359113174225,0.17560834701542494
48,I,A,0.0011412904951859705,L,0.0023886737863079216,A,0.0021017479151263104,A,0.0026122198660525502,-,,V,0.0010840471787956017,E,0.0025888771851208803,K,0.0009157425609891273,-,,-,,A,0.0025161554425278576,-,,A,0.002531133793137187,-,,-,,-,,F,0.001800490331100101,N,0.0022597162871108548,V,0.002884990172719097,N,0.002156987829113373,L,0.0002590320281334138,F,0.000654953979543064,V,0.00012860202548252848,V,0.0011278499490627513,R,8.677915585835994e-05,R,8.677915585835994e-05,L,0.0012859265230256139,I,0.0026570740007926313,K,0.00032296958839621943,E,0.0004150595039429224,A,0.0027754459029113473,-,,H,0.000895552256139416,H,0.0007440057535047978,H,0.000895552256139416,L,7.42558458131863e-05,I,0.0006308339134508277,0.0013800946441841961,0.17754561413415498
49,N,N,0.0010217858233962417,N,0.002385358361157615,E,0.001027328799180384,E,0.00015114017840857954,-,,D,0.0007876795136388244,E,0.0003677279889541756,E,0.00028042986749106304,-,,-,,E,0.00015114017840857954,-,,E,0.00022942458530347235,-,,-,,-,,N,0.0027450745096520204,E,0.00011798604802845242,D,0.0009391973618897759,E,0.00014181908378952182,E,0.00031154446428008386,N,0.0022255601548102147,E,0.0006867320396210279,D,0.0017042614989265267,D,0.0034879119793225694,D,0.0034879119793225694,E,0.0005513294789781337,N,0.0013457597647518465,E,0.0005349388460115417,E,0.00011246885879319767,D,0.0007906570304724694,-,,T,0.0065283611031916305,T,0.006625373562805296,T,0.0065283611031916305,M,0.0028202783278386714,K,0.00473017647667861,0.0018213006540791286,0.23430562861329304
50,V,E,5.904880540452862e-05,K,0.0006836054300879674,K,0.0006890262148729686,R,0.00777318353322648,R,0.00777318353322648,E,0.0021879935763540748,E,0.0003475681484531484,E,0.0008864440039275895,-,,-,,R,0.00777318353322648,R,0.00777318353322648,R,0.00777318353322648,R,0.00777318353322648,R,0.00777318353322648,-,,E,0.0010431081655927438,D,0.00047382098718845296,E,0.0021945255829692086,D,0.00047382098718845296,E,0.0009559381145258423,E,9.728609149175122e-05,E,0.0037702390367399907,E,0.002119419667971974,V,0.0033024482835517484,V,0.0033024482835517484,K,0.0005464019723535948,V,0.00777318353322648,E,0.00030510578027878095,E,0.00021541862967318966,T,0.00771259698562517,R,0.00777318353322648,K,0.0016449150734598264,K,0.0016311013519833618,K,0.0016449150734598264,L,0.0039799354923556515,L,0.00777318353322648,0.0034705578550390114,0.44647831100399327
51,L,L,2.5195751073539193e-05,L,4.010529249413059e-06,L,3.069595152387301e-05,L,0.0012594044001897448,L,0.00023768561103450336,Y,0.0055466907524059925,L,1.9835197131925034e-05,L,5.115496734059092e-05,L,0.00027979124320019397,L,0.00027979124320019397,L,0.0012594044001897448,L,0.00023768561103450336,L,0.0012615853155490068,L,0.00023768561103450336,L,0.00023768561103450336,L,0.0007492688085910026,L,2.4611917129201327e-05,L,8.993626780459282e-06,Y,0.004221387769985438,L,1.2290834568925946e-05,L,0.0005007225972108887,L,1.137174918312709e-05,L,0.00011191806775883775,Y,0.005585385861317007,L,8.905724591949267e-06,L,8.905724591949267e-06,L,7.157829000490971e-06,L,0.0002655035917398063,L,7.081290988526879e-05,L,0.00019958769087625907,L,0.00031064099416406904,L,0.00028928356953608424,L,4.1638885836318385e-05,L,4.728683903797725e-05,L,4.728683903797776e-05,L,0.00014417569710889683,L,7.131670301228429e-08,0.0006387975956710049,0.08217966203170991
52,K,K,0.0009561358721308604,K,0.0009967146647173791,K,0.0002763833123413046,I,6.145698820931043e-06,I,0.00031913162199908847,K,5.688153305825921e-05,I,0.0003973468265174144,I,5.70100715532152e-05,I,0.00046562378950924766,I,0.00046562378950924766,I,5.4409710840624685e-06,I,0.00031913162199908847,I,1.7460893299802712e-05,I,0.00031913162199908847,I,0.00031913162199908847,I,0.0001450063631182586,K,0.00020877671342342814,K,0.0003840508413938719,K,5.8279566202716117e-05,K,0.0003826587258231589,K,0.00016637124438070915,K,0.00032941230346358495,K,0.00017041646987567846,K,5.768859795314644e-05,K,0.0003245968540339985,K,0.0003245968540339985,K,0.0004026197677215081,K,0.0005863658077183873,I,5.355702613949952e-05,I,0.0002846543524172709,V,0.0013761625092046374,I,6.151329470585944e-05,T,0.0005634772961992969,T,0.0005610502166861886,T,0.0005634772961992969,K,0.0003446379743703461,K,0.0004005488128080461,0.00034397872428137754,0.044251975115606135
53,E,E,0.005390882361194319,E,0.003992396282444665,E,0.0017208254328836402,G,0.003876532719573165,D,0.0064458465922933505,E,0.003596273992282557,V,0.0017592466490138222,A,0.00777318353322648,G,0.0036378010041546722,G,0.0036266646375713242,G,0.0038782742433822698,D,0.0064092032960799674,G,0.003926779189548015,D,0.0064458465922933505,D,0.0064458465922933505,G,0.0017095018948697302,A,0.00777318353322648,E,0.0020091126848747346,E,0.0057235388636090925,E,0.002031099523806165,E,0.002056414362299013,E,0.003298707205613378,Q,0.0009244334999775576,E,0.003958651428837758,K,0.0009193229637464983,K,0.0009193229637464983,E,0.007685237718267087,E,0.006547196968824829,A,0.005735154801267025,V,0.0010109260871860068,E,0.003463335464783932,K,0.004437217752407222,V,0.004630088111173365,V,0.004630088111173364,V,0.004630088111173364,E,0.0032818664406003215,C,0.007166431733582934,0.004147743874142737,0.5335965446349237
54,Q,Q,0.002037063004560778,E,0.00037489947977175416,E,0.000621252599154715,E,0.0001887843703287821,E,7.881411855197643e-05,T,0.004221141318949304,Q,0.0011339219579399884,Q,0.000980183345003031,E,0.0002610011485214048,E,0.0002610011485214048,E,0.0004295454904844848,E,7.881411855197643e-05,E,0.00034523295105958173,E,7.881411855197643e-05,E,0.00022096534031257347,E,2.486949583609673e-05,E,6.271480469898657e-06,E,0.00030858551435568196,T,0.006537121593435013,E,0.00028394921709288114,K,0.0007352138095503926,E,0.0004544893398563295,V,0.0036263324030895955,T,0.0050013822919576,K,0.0030130030994410043,K,0.0030130030994410043,Q,0.0006564351863677508,Q,0.002443726149243632,Q,0.0005894279569082962,Q,0.001094363415104112,A,0.0007519683095828214,E,5.09342698753027e-05,Q,0.0031007241209386202,Q,0.0031007241209386202,Q,0.0031007241209386202,R,0.004353441792257207,Q,0.0026878155016642133,0.0015201605621245522,0.19556473298573546
55,V,V,0.0005248623737831512,M,0.00017483995252082172,V,0.0008414362939973101,V,0.0009780056223583637,V,0.0003825997931239585,I,0.006784898078654255,V,0.00010392047174375538,V,0.0004284857775501192,V,0.00020451863764740723,V,7.517512729247945e-05,V,0.0009207429860364936,V,0.0003825997931239585,V,0.0009300940579721716,V,0.0003825997931239585,V,0.0003825997931239585,V,0.0002795566747049397,M,0.0009367337385089931,V,7.984822688697036e-05,I,0.0038904981857597106,V,8.290497289472797e-05,V,3.0344638012927178e-05,M,0.00023796779094364216,V,0.0001945082059457038,I,0.005244291155282794,V,0.0015199531495104686,V,0.0015199531495104686,V,0.00023332109790643834,V,0.00045479323729578734,V,0.00020499032491624249,V,0.0004976477649405959,I,4.196402519105041e-05,V,0.00012660008786147852,V,0.0005001292536081204,V,0.0005001292536081204,V,0.0005001292536081204,I,0.0017469634574542182,T,0.001736471049890494,0.0009204615471971397,0.11841500245846841
56,R,K,0.0013500290296868005,K,0.000584569223895368,K,0.00038840578455119065,K,0.0003848855929183006,K,0.0004225487164464325,R,0.001486384268191324,K,0.00044587908019407706,K,0.0005100504342176793,K,6.586743318448833e-05,K,0.0003468002174052489,K,0.00039889457453711353,K,0.0004225487164464325,K,0.0004096050643767529,K,0.0004225487164464325,K,0.0004225487164464325,K,0.0003059350674578665,K,0.0001579188378342534,R,0.0014569327437081619,R,0.0016541625384884732,R,0.0014569327437081619,R,1.8768294298683673e-05,K,0.0005003603901314959,R,0.0005319878429398888,R,0.001278314554685318,K,0.0003502789298683165,K,0.0003502789298683165,S,0.00020136999922354745,R,0.00020810127423040526,K,0.000466759330773934,K,0.00039967349257103487,K,0.00027479281543523745,K,0.00035326174292723146,K,0.0005377767455238183,K,0.0005288080793884626,K,0.0005377767455238183,A,0.0009362881253972592,N,0.0009904067459257772,0.0005826608524014469,0.0749578148915258
57,M,M,0.0002605684071863063,K,0.0010293120213961118,S,0.000679975340213113,E,0.0018198409356205013,N,0.0014865948012202197,K,0.0012914335791545878,M,0.0008322335914272141,I,0.006112175999207129,E,0.0021377226621522418,E,0.0020537709615182287,E,0.0018349010235727322,N,0.0014840317993269595,E,0.0018265172074511662,N,0.0014865948012202197,N,0.0014865948012202197,K,0.006362246031424134,K,0.0012269593903345838,K,0.002031291658023894,K,0.0016807790651941928,K,0.0020315723385902506,Q,0.0006823879044861754,K,0.0011052133660047962,K,0.0006815743431806306,K,0.0012645165631596119,S,0.00019374028881107263,S,0.00019374028881107263,A,0.001791800481685823,M,0.00014129272404693737,V,0.001027328799180384,I,0.005177163700614337,D,0.003592739760347506,E,0.00365803094538263,M,0.00063677656434794,M,0.000637716424260921,M,0.00063677656434794,E,0.0005618893650788478,K,0.001801719878623383,0.001701068226427676,0.21883803709978777
58,M,M,0.0022708741812209055,M,0.0006885398641794453,M,0.0017419887287365842,M,0.003251228382914122,M,0.0034737642568475396,M,0.003071253792185043,L,0.0017681803704604094,L,0.0018088628106473358,I,0.0008692924975419186,I,0.001027328799180384,M,0.003251228382914122,M,0.0034737642568475396,M,0.002508905272432005,M,0.0034737642568475396,M,0.003443598722827442,M,0.0020913435669514093,H,7.036613346251606e-05,M,0.002447952322784073,M,0.002603607563007618,M,0.0024415480055001077,M,0.0016896837191411657,M,0.0013536631481813532,E,0.0009155795390860306,M,0.0027760176664899747,M,0.0021808420436748225,M,0.0021808420436748225,M,0.00194217762857619,M,0.0031332515256071156,L,0.001953331670722995,L,0.0016144438655222306,R,0.0014549842359909344,M,0.0023353650580596698,L,0.0025766562679378244,L,0.0025766562679378244,L,0.0025766562679378244,V,0.0009298593605332665,L,0.0020398372918954025,0.0021623578315799323,0.2781817542757008
59,L,L,0.00047208671235904375,I,0.0001757808804769993,I,8.84380959552692e-05,F,0.0002416881040254937,F,0.00016842189656103698,L,0.0014488400380839135,L,0.00013081893414411318,L,5.580260561318361e-05,F,0.00014116458449314843,F,0.00014116458449314843,F,0.0002115678905559906,F,0.00016842189656103698,F,0.0002389742601379559,F,0.00016842189656103698,F,0.00016842189656103698,F,1.6395574106383704e-05,L,0.000357276028478371,L,0.0004074587175842466,L,0.001441411368433898,L,0.0003969101721669795,L,0.00015945609451882082,I,0.00023205646327979833,V,0.0005253981935859333,L,0.001449370379019643,L,0.0003519029327717986,L,0.0003519029327717986,L,0.00028450593863711877,L,0.00028592449542290047,L,5.901774025659234e-05,L,0.00014450837970098792,F,2.251993696001401e-05,F,6.984539623722053e-05,L,7.165026175860993e-05,L,5.432771230445124e-05,L,7.165026175860993e-05,I,0.00023163188613699299,M,0.001027328799180384,0.0003252017281528097,0.041836363024587625
60,H,D,0.0036261716592455025,M,0.0009667714084697837,-,,-,,N,0.0007342756392611921,V,7.52508861938412e-05,G,0.0005649597046003082,N,0.0003174202168717331,N,1.8871786335119217e-05,N,8.405520074783514e-05,-,,N,0.0007342756392611922,-,,N,0.0007383142596789716,N,0.0007342756392611921,N,0.001304108085280887,-,,V,0.00024360315433000625,V,0.0003079208499613994,V,0.0002553293779774792,V,6.956775751911294e-05,M,0.00013016606656930305,F,0.0016771390919426857,V,0.0003240357089503277,D,0.00777318353322648,D,0.00777318353322648,Q,0.00022583396866201273,H,0.0006132049840661542,N,0.0013957433359110384,G,0.001323156625136396,N,9.865072143449412e-05,T,0.0006264586302258486,D,0.005878079195402281,D,0.005880409291776588,D,0.005878079195402281,C,0.0029662921477742973,E,0.0011386979046762813,0.0017024214124805779,0.21901212099310097
61,K,-,,-,,-,,-,,S,8.322474649312891e-05,-,,-,,-,,R,0.0014104569636984204,R,0.00194238544408071,-,,S,8.322474649312891e-05,-,,S,5.5124004858297286e-05,S,8.322474649312891e-05,S,0.0006981781247903868,-,,M,0.0013936657409139071,E,0.0005047270749153116,M,0.00139284810550983,E,0.0005015983683812399,-,,T,4.606844438428186e-05,E,0.0004967157776345316,-,,-,,Q,0.000670672396435416,K,0.0008763980612223542,-,,-,,S,0.00010319505113796721,E,0.003122431788445275,-,,-,,-,,-,,-,,0.000792008210934548,0.10188981226920839
62,V,-,,-,,-,,-,,I,0.005345987459984306,E,0.005139259071686208,-,,-,,I,0.0070212916373822605,I,0.006451013671367458,-,,I,0.005345987459984306,-,,I,0.005345987459984306,I,0.005345987459984306,M,0.00040538525063431183,-,,A,0.00777318353322648,A,0.007020618611945089,A,0.0069644604688833735,T,0.00013900735744094372,-,,N,0.000815153906188851,-,,-,,-,,D,0.006093160167361503,V,0.001027328799180384,-,,-,,M,0.0004247465574460334,I,0.004719514978266051,-,,-,,-,,-,,-,,0.004434004344173304,0.5704232153042763
63,-,-,,-,,-,,-,,S,0.0013256686973296579,-,,-,,-,,S,0.001027328799180384,S,0.0009109313415650134,-,,S,0.0013256686973296579,-,,S,0.0013256686973296579,S,0.0014001157269265538,S,0.00012877228086995618,-,,-,,-,,-,,-,,-,,-,,-,,-,,-,,-,,-,,-,,-,,G,0.0013188350474059908,-,,-,,-,,-,,-,,-,,0.001095373660992109,0.14091699447336262
64,-,-,,-,,-,,-,,M,0.002860089317318939,-,,-,,-,,M,0.001320091568920887,M,0.0020571251454857232,-,,M,0.002860089317318939,-,,M,0.002860089317318939,M,0.002860089317318939,S,0.0013270667168757567,-,,-,,-,,-,,-,,-,,-,,-,,-,,-,,-,,-,,-,,-,,V,0.001027328799180384,-,,-,,-,,-,,-,,-,,0.002146496187467313,0.27614119469739945
65,-,-,,-,,-,,-,,E,0.00038388887454856663,-,,-,,-,,A,0.0005194072102858415,A,0.0005274942013974285,-,,E,0.00038388887454856663,-,,E,0.00038388887454856663,E,0.00038388887454856663,E,0.0005777207341685348,-,,-,,-,,-,,-,,-,,-,,-,,-,,-,,-,,-,,-,,-,,E,0.0019461529822151014,E,0.00024775221693279384,-,,-,,-,,-,,-,,0.0005948980936882185,0.07653210440038191
66,-,-,,-,,-,,-,,-,,-,,-,,-,,-,,-,,-,,-,,-,,-,,-,,-,,-,,-,,-,,-,,-,,-,,-,,-,,-,,-,,-,,-,,-,,-,,-,,-,,-,,-,,-,,-,,-,,,
67,-,-,,-,,-,,-,,-,,-,,-,,-,,-,,-,,-,,-,,-,,-,,-,,-,,-,,-,,-,,-,,-,,-,,-,,-,,-,,-,,-,,-,,-,,-,,-,,-,,-,,-,,-,,-,,-,,,
68,-,-,,-,,-,,-,,-,,-,,-,,-,,N,0.006517182416389857,N,0.00436286006459826,-,,-,,-,,-,,-,,D,0.001027328799180384,-,,P,0.0018963207547999506,-,,P,0.001899505084571104,P,0.0018448909796999844,-,,-,,-,,-,,-,,N,0.0012355065369391508,-,,-,,-,,D,0.00023374412570980978,D,0.001027328799180384,-,,-,,-,,-,,-,,0.0022271852845632085,0.2865216387909925
69,-,-,,-,,-,,-,,D,0.00777318353322648,-,,-,,-,,G,0.0001831795524989435,G,0.0006535672401417425,-,,D,0.00777318353322648,E,0.002483298668286478,D,0.00777318353322648,D,0.00777318353322648,G,0.0002569977567016465,M,0.0003108641500529197,-,,-,,-,,D,0.001096433463808437,-,,-,,-,,-,,-,,-,,-,,-,,-,,G,0.0005395246469516736,G,0.0008428073627746064,-,,-,,-,,-,,-,,0.0031216172478435306,0.4015880024574455
70,-,-,,-,,-,,E,0.0006410000225125908,V,0.006038741420187833,-,,-,,-,,E,0.0003066723100848284,E,0.00048755671806183443,E,0.0007516327501709903,V,0.006038741420187833,S,0.0024249389659504964,V,0.006038741420187833,V,0.006038741420187833,E,0.001027328799180384,M,0.0015020340330793242,-,,-,,-,,N,0.0007543134050614302,-,,-,,-,,-,,-,,-,,-,,-,,-,,E,0.00018859107827951245,L,0.0013076641001733196,-,,-,,-,,-,,-,,0.00239619270452186,0.3082640071830714
71,-,-,,-,,-,,S,0.002243478046084972,E,0.0021944248266544965,-,,-,,-,,L,0.00019336060768143382,L,0.00017441186316184736,S,0.002243478046084972,E,0.0021944248266544965,M,0.00336023871541326,E,0.0021944248266544965,E,0.0021944248266544965,L,0.0011814203433773154,M,0.0013982530536981125,-,,-,,-,,-,,-,,-,,-,,-,,-,,-,,-,,-,,-,,R,0.005336726835816888,S,0.003629831105158035,-,,-,,-,,-,,-,,0.0021952998402380635,0.28241965867064023
72,-,E,0.001659316985061139,A,0.001594136061536071,-,,M,0.0015545927408654996,F,0.0006928991707274181,-,,-,,-,,V,0.0015433957903244983,V,0.0015478811807800167,M,0.0015545927408654996,F,0.0006928991707274181,-,,F,0.0007142274875056122,F,0.00038265771480531786,I,0.001746838958734953,L,0.0005844691914668679,-,,-,,-,,-,,A,0.001027328799180384,-,,-,,D,0.0006801171208381696,D,0.0006801171208381696,K,0.00018246409084319795,-,,-,,-,,I,0.000704303324289829,I,0.0008710038947210225,E,0.0004992818650580247,E,0.0004992818650580247,E,0.0004992818650580247,-,,-,,0.0009481470066326265,0.12197666536236682
73,-,-,,-,,K,0.000827206998234212,G,0.0017835363750822052,S,0.00043833695201727735,-,,-,,-,,S,9.192118717544915e-05,S,5.810843780391637e-05,G,0.0017835363750822052,S,0.00043833695201727735,G,0.002158376198933435,S,0.00043833695201727735,S,0.00043833695201727735,S,0.0020060338244966332,H,0.00010291703848621429,-,,-,,-,,-,,-,,-,,-,,-,,-,,V,0.00021890313749108793,-,,-,,-,,S,0.00010168705431614773,T,5.170854175669556e-05,-,,-,,-,,E,0.0006047271220367586,E,0.00010801299354418445,0.0006852954760298972,0.08816149433505605
74,-,-,,-,,-,,-,,-,,-,,-,,-,,-,,-,,-,,-,,-,,-,,-,,-,,-,,-,,-,,-,,-,,-,,-,,-,,-,,-,,-,,-,,-,,-,,-,,-,,-,,-,,-,,-,,-,,,
75,-,E,0.006869706163332923,E,0.005829407267165797,G,6.453593576061494e-05,P,0.00230850979401627,P,0.001861664265730012,A,0.00443810241462283,T,0.00048203855881219667,T,0.0023811225649404666,H,0.0005982996712626263,H,0.0011955866735416589,P,0.00230850979401627,P,0.0018667609177990905,P,0.00238280266465248,P,0.001861664265730012,P,0.001861664265730012,P,0.0009844152641216174,E,0.004703899604955652,-,,P,0.00020493496659408788,-,,-,,E,0.005018426438977616,A,0.004990892082788187,T,0.0005986443888166046,E,0.00777318353322648,E,0.00777318353322648,V,0.0003742162791711212,-,,T,0.001130129148913477,T,0.0009704725055415796,P,0.0009817405360523026,P,0.0011174792611610526,-,,-,,-,,-,,K,0.0006585273005678532,0.002537604140042324,0.32645622339873137
76,-,D,0.005704448326638758,G,0.005444122912203194,Q,0.00046517142466843254,N,0.002578307609055424,L,0.002078689963942685,P,0.0024406364897384568,K,0.0012431351906293838,K,0.001092110397765616,V,0.00011306012290638299,V,0.00021379223602576225,N,0.0024790079872408803,L,0.002078689963942685,N,0.0025761204292989175,L,0.002764838555918059,L,0.00206320488835747,H,0.002655063182718341,E,0.002366215258610516,-,,E,0.00238016246696345,-,,-,,G,0.004170527006339676,A,0.004844826190016438,C,0.0003760169082511269,K,0.0050163653570729355,K,0.0050163653570729355,D,0.004363483030659184,-,,K,0.0006733390432647623,K,5.130718857957204e-06,L,0.00010261854290986821,L,0.000888919785359064,D,0.004965592357935473,D,0.004951843343160121,D,0.004965592357935473,G,0.002419185014119903,K,0.002395004818023684,0.0026027753708364547,0.3348403340421449
77,V,M,0.0012150014912857264,S,0.0008261263154789158,M,0.0015596369335210043,N,0.000648888848865788,N,0.0016681159048287536,E,0.0006304365686144296,M,0.000577999480399807,M,0.001243341984382649,D,0.0018189219709450672,D,0.001818921970945067,N,0.000648888848865788,N,0.0016681159048287533,N,0.0005983642461296671,N,0.001683112393478211,N,0.0016681159048287536,N,0.002529486300824915,S,0.002363186805857338,S,0.001061309256437875,G,0.001027328799180384,S,0.001028940316426384,-,,S,0.0014727523254780958,D,0.0007822986467568036,D,0.001027328799180384,K,0.0009462262350367918,K,0.0009462262350367918,L,0.00018512036404366518,V,0.0014732895997377764,M,0.0005357902159088949,M,0.001190794426365197,T,0.0022707678743462845,S,0.00777318353322648,M,0.00050698489044734,M,0.00050698489044734,M,0.00050698489044734,K,0.0004546887609690927,G,0.0007033368885874586,0.0013213055228372505,0.16998254539974889
78,N,K,0.001449275463711287,Q,0.0017157175714075667,E,0.000664109826781561,D,0.00024759842427086304,D,7.877734214335286e-05,G,0.0013106135047811086,E,9.121691117988347e-05,E,3.5340489138950695e-05,D,0.00011864983839716068,D,4.5878220990614165e-05,D,0.00024759842427086304,D,8.203866474005618e-05,D,0.0002625770652851563,D,8.203866474005618e-05,D,7.877734214335286e-05,D,7.801359972796529e-05,Q,7.647646448895675e-06,K,0.0030412491478227404,S,0.0006340765012368159,N,0.003335804523912744,-,,Q,0.0010575126902116617,D,0.00013803767337604428,N,0.002092108416554031,S,0.001193200959392736,S,0.001193200959392736,D,0.00027360837153038805,N,0.0017084678744601718,E,3.892140247190559e-05,E,0.0006132739865506228,D,0.0002662662031571056,D,0.0002547325658126525,E,6.929298127389204e-06,E,6.929298127389208e-06,E,6.929298127389204e-06,E,0.0009157610587919206,E,0.0006600787491618148,0.0006675821660660267,0.08588272272389377
79,P,L,0.00019625137335901324,E,7.943041125638275e-05,P,1.6018557494746583e-05,L,0.00029244067414401436,L,0.0003148387743587383,S,0.0005320270623517495,A,0.0013750466634329607,A,0.001606672558485014,L,0.0002907531663674893,L,0.0002907531663674893,L,0.00029190136930450355,L,0.0003148387743587383,L,0.00029446620523532424,L,0.0003148387743587383,L,0.0003148387743587383,L,5.549565375116903e-05,E,0.00014719805486927248,S,0.00037307432739510195,-,,S,0.00037190492949350565,S,0.00036485675838919735,E,7.784221126208202e-05,S,0.0005170992286971292,S,0.0005284999418537196,R,0.0003513708001153318,R,0.0003513708001153318,P,0.0009417081948559234,P,0.000521781190682556,A,0.00034612778736599765,A,5.452181797970952e-06,L,5.007314783501229e-05,L,0.0002753994857548503,A,0.00028443852011001216,A,0.00028443852011001227,A,0.00028443852011001216,V,0.0004279226523803068,V,0.002675743481492545,0.0004378153526019633,0.05632381516923165
80,L,L,0.0036471789341601156,L,0.0026048863254058328,V,0.004914921461865358,L,0.0026587298975415514,I,0.004096914719627298,E,0.00777318353322648,V,0.005286402732393183,V,0.007513999437319184,L,0.0019829155632878383,L,0.0019901825529207097,L,0.002606723576584875,I,0.004096914719627298,L,0.0031655189046460456,I,0.004096914719627298,I,0.004110574284416788,I,0.0010463143573964447,L,0.0031353632271657783,L,0.0027235331958694806,E,0.003361502451914591,L,0.0026826266103958363,T,0.0007582805331171413,L,0.002902781326909694,S,0.0004320552401376925,T,0.0009040742485914781,L,0.0036049561357629047,L,0.0036049561357629047,L,0.003291671491351285,L,0.003517392861523366,V,0.006253600064406737,V,0.005755279734136413,Y,0.0039395341818605325,L,0.002479920735916192,V,0.00693000571067343,V,0.006918375293917426,V,0.00694155933454843,E,0.005460072588011756,G,0.0036278727278990556,0.0038058835013491457,0.4896170899710387
81,E,D,0.005171309914269856,E,0.002597807022370314,A,0.00777318353322648,Q,0.0017866745376526904,Q,0.00039586289348506173,Q,0.0005052493412134371,E,0.004156925093446469,K,0.0011609483698665655,Q,0.0006161740896531371,Q,0.0006314915965299641,Q,0.0017847239775994968,Q,0.00039586289348506173,Q,0.001371873039871301,Q,0.00039586289348506173,Q,0.00039586289348506173,Q,0.0013008137584875222,E,0.003478042409294299,E,0.0037656076349686074,Q,0.0008452743340041727,E,0.003989868619620522,Q,0.00010533754207047729,E,0.0024613913476826126,H,0.0021252424454883683,Q,0.00043225523843458717,E,0.001835811369743093,E,0.001835811369743093,H,0.0016934849393870875,E,0.0019384261540642436,K,0.001242483456661973,K,0.001775493894447476,Q,0.0006535030372760951,S,0.0010443643457510592,Q,0.0004627464227522694,Q,0.00047650329633796683,Q,0.0004627464227522694,E,0.0029534015430017213,E,0.0061137266101502765,0.0018954634670745873,0.2438464831008334
82,Q,C,0.00033757268209976026,K,0.0007244369483291185,K,0.0015610470672146413,R,0.00140169926289158,R,0.0011996857778890382,K,0.0008826552272068143,Q,0.0006016704042817701,Q,0.000747593030080297,H,0.004819841687347953,H,0.0046495649980138835,R,0.0013734747065204558,R,0.0011996857778890382,R,0.0014166984234059497,R,0.0011996857778890382,R,0.0011996857778890382,R,0.001429044883616926,K,0.0007826539071918229,K,0.0030160759587410674,K,0.0012979461690139822,K,0.003008104364243032,K,0.0011191174716591332,K,0.0008422249083571565,Q,0.000570564334339579,K,0.0012085099408513746,Q,0.0007488397813786083,Q,0.0007488397813786083,Q,0.0013166511615474536,Q,0.0010069161368406049,Q,0.0019143259522924417,Q,0.0004137125146298469,R,0.0010542308606634535,R,0.0015196554720713306,Q,0.0021027158709676043,Q,0.00210179090113835,Q,0.0021027158709676043,Q,0.0008534398665129949,Q,0.0006236869320589858,0.0014350475834975763,0.18461516795061692
83,L,M,0.0012958006288748421,L,8.115216069907109e-05,L,7.518241107065287e-05,L,0.00043645187433604326,L,0.00037430590358704586,L,0.0005228683063160622,L,4.221033158893921e-05,L,9.12605604444297e-05,L,0.00013034971063414022,L,0.00013034971063414022,L,0.00043645187433604326,L,0.00037430590358704586,L,0.00042273352824879264,L,0.00037430590358704586,L,0.00037430590358704586,V,0.005209229125414555,L,5.4846476479475284e-05,L,0.0005037777451920928,L,0.0006020877676229623,L,0.0005037777451920928,L,0.0005159671110527449,L,9.785558534889451e-05,L,4.406794791174939e-05,L,0.0006378763262541176,L,0.00018709509579795968,L,0.00018709509579795968,L,0.00021592056028724675,L,0.0001291775504973817,L,0.00012251581251132755,L,7.715441099741911e-05,L,3.211767589779094e-05,L,0.0003813628364601803,L,0.00045191995388114574,L,0.00045191995388114574,L,0.00045191995388114574,L,2.8708349741657907e-05,L,6.604430643557602e-05,0.0004355262729207557,0.05602933097605354
84,E,E,0.00013332276877109963,E,0.0019648894534186564,E,0.0016145850210229364,S,0.0012441240047427347,W,0.003449808531475889,V,0.0010239666051938205,E,0.0006430077315618989,E,0.0020070016825028464,S,0.0018578480590380553,S,0.0018244814791851173,S,0.0011316148231468276,W,0.003449808531475889,S,0.0015327214169264256,W,0.003449808531475889,W,0.003449808531475889,W,0.0011435814315810138,E,0.0008895486600137964,E,0.0009152234882263186,V,0.0006552905309904024,E,0.0009152234882263182,V,0.0005420455439859016,E,0.0007842799048924271,K,0.0007728429165184847,V,0.0007584981775331535,E,0.0023029645555956387,E,0.0023029645555956387,E,0.0016120581977007715,E,0.0003953743961489131,E,0.0019685466366436716,E,0.0011925374661155236,W,0.0019083369715363404,S,0.001202036043193151,D,0.0017073341666208428,D,0.0017069074789523126,D,0.0017073341666208428,R,0.0013139282322216085,Q,0.0020799724575169274,0.0015555034226444316,0.20011150077641043
85,L,L,0.00030204861723729634,L,0.0004924269270100377,L,0.0005383216403123933,M,0.0009494111485738376,I,0.00388630336127547,L,0.00048870200698012,L,5.213777590966055e-05,L,0.00020563673650793817,M,6.530047263293104e-05,M,0.00014472096769705558,M,0.0009480819067824205,I,0.00388630336127547,M,0.0009486544219563107,I,0.00388630336127547,I,0.00388630336127547,M,0.00024189358806361584,L,0.003009461890710671,L,0.0004176198667054513,L,0.0004237243774555028,L,0.0003539022754343131,L,0.0004155187933388338,L,0.00022480654287730718,L,0.0006608730701113494,L,0.0003945923568362628,L,0.001366014600032946,L,0.001366014600032946,L,0.001184293536181928,L,0.00034767248060199715,L,0.0003108356235480439,L,0.0002557888691281069,M,0.00014749275970151788,M,0.0001785801443525559,F,0.004497130945885549,F,0.004497130945885549,F,0.004497130945885549,L,0.00024667161903595906,L,0.0004310202217960743,0.0012472655708190244,0.16045749665984171
86,I,V,0.0008349155984763967,I,0.001188430971637522,I,0.001496387549907236,V,0.0010145771755074948,V,0.0010676250232140576,I,0.00025662643724557816,I,0.0007900137782537726,I,0.0005529490429966948,V,0.00021229253038640354,V,0.00023981427281308734,V,0.0010145771755074948,V,0.0010676250232140576,V,0.0009637482562928947,V,0.0010676250232140576,V,0.0010676250232140576,V,0.0008017552591973727,I,0.0008383866814909244,I,0.0010441841484570133,I,0.0011329027983250626,I,0.001039021545728372,I,0.0006665033091518123,I,0.0008950580829670037,I,0.0009507986831107055,I,0.0009183705035206192,I,0.0009135354797425928,I,0.0009135354797425928,I,0.00021395194027503406,I,0.0010582681157718802,I,0.0005436159973918691,I,0.0001358232058024761,V,5.6450683322114255e-05,V,0.0002723132992301982,I,0.0007906294199875742,I,0.0007843670576353303,I,0.0007906294199875742,I,0.0009008162224535431,I,0.0008163471094152349,0.0007922188466104788,0.1019169100052943
87,E,D,0.00019432076541357597,D,0.00023371868139050793,N,0.003906560232141528,E,0.0033310890066337003,D,5.896393385957296e-05,D,0.00034507397481461265,D,0.0003455845329250057,E,0.004145340271194602,D,0.00024519380524527855,D,0.00024519380524527855,E,0.0033310890066337003,D,5.896393385957296e-05,E,0.0033310890066337003,D,5.896393385957296e-05,D,5.896393385957296e-05,D,0.00033937713188657547,D,0.000407338555073737,N,0.0022665413403271323,D,0.0002367246788653494,N,0.0026839886533850926,D,9.835730105763507e-05,D,0.0002343425331685434,D,0.0002809093093250827,D,0.00022267408186215222,D,0.0001804014818369027,D,0.0001804014818369027,D,0.00039147021841841784,E,0.0031393805318862193,D,0.0006543725356357268,D,0.00031817525547717416,D,0.000616693792581846,D,0.0004971053970871372,E,0.004526225357183954,E,0.004526225357183954,E,0.004526225357183954,D,0.0003767115268355636,D,0.0003734140346239078,0.0012693828307143986,0.16330282506368474
88,I,G,0.0019945726442194105,N,0.0008454387080105314,I,0.0006159013768524449,S,0.0012998435866631954,S,0.0015270952120822537,A,0.003802576382614012,D,0.0018692454388985107,D,0.0011405319841242376,N,0.0005598448209009014,N,2.005430874697509e-05,S,0.0012984172719968173,S,0.0015270952120822532,S,0.0010480826940219756,S,0.0015270952120822532,S,0.0015004047058111238,S,0.0017494626120057757,N,0.0005673275478827975,T,0.0007098693008946459,A,0.0032800560695387592,T,9.806131063817814e-05,T,0.0006598214592428148,N,0.0001299587439467992,E,0.000347696051977971,A,0.0012641914095881022,D,0.0005200473212138791,D,0.0005200473212138791,N,8.565562138236451e-05,I,0.0008314560305976203,D,0.0006883921792449896,D,0.0005946173959712931,S,0.0008360178872101574,S,0.0014261375420045375,D,0.0013193502541498058,D,0.0013386444338226548,D,0.0013193502541498058,H,0.0009617034437435718,H,0.0012475654352528498,0.0011100440320210851,0.1428042998439701
89,L,L,0.000456355943720454,L,0.0006067149958694987,L,0.00777318353322648,V,0.0005584595104789285,V,0.0010606449586867757,M,0.00777318353322648,L,0.0007110695780180008,L,0.0008973599080059176,V,0.0004906009046879197,V,0.000513947125425927,V,0.0005584595104789285,V,0.0010606449586867757,V,0.0005299950724881557,V,0.0010606449586867757,V,0.0010606449586867757,V,0.0025445905305993945,L,0.0018265007232164997,I,0.0023505801377069102,M,0.006604594047611546,I,0.002356751699898027,I,0.0008320649614106943,L,0.0007584261621515675,I,0.0031369930475693255,M,0.007285062510545177,L,0.00047407535496484757,L,0.00047407535496484757,L,0.00031211131937536156,L,0.0004454904410910323,L,0.0005642492133072234,L,0.00043305914344514147,V,0.0008154598336411146,I,0.0008386853559289999,L,0.0006023434922019821,L,0.0006023434922019821,L,0.0006023434922019821,L,0.00019905057750774056,L,0.0019342050922858585,0.0016514855522757037,0.21245935403640315
90,Q,E,0.001027328799180384,Q,0.0016000930507858197,Q,0.0005477665849825465,E,0.0007108984977443463,E,0.0003670790279547437,Q,0.00065355900606638,K,0.0002630984792046916,R,0.003210549844733527,E,0.0005132774530737494,E,0.0004983044104554642,E,0.0007108984977443463,E,0.0003652634029570365,E,0.0007108984977443463,E,0.0003670790279547437,E,0.00029933575500465463,E,0.00023350191645450953,Q,0.0012181484213467837,Q,0.00159168074260541,Q,0.0005278300056161658,Q,0.0012981843063599333,Q,0.00116196036366385,Q,0.0007851223199436616,Q,0.0017084203887421095,Q,0.0014572718139165856,Q,0.0016231098117608742,Q,0.0016231098117608742,H,0.0003904882224812916,Q,0.002323828975495436,R,0.0031689657599981657,K,0.0003688786976130395,E,0.00028000130027936907,E,0.0007110648137572277,N,0.0018955320045268252,N,0.0018955320045268252,N,0.0018955320045268252,Q,0.002284554686830089,Q,0.0017256319306964034,0.0011355075848240282,0.14608012019403632
91,R,R,7.83705435922511e-05,R,7.191294476263638e-05,R,0.00011439653455033174,R,7.784275345567348e-05,R,7.784275345567348e-05,R,0.0005107086484737729,N,6.817626560435525e-05,N,0.00023975834552630615,R,7.878605099018027e-05,R,7.635946361175361e-05,R,7.784275345567348e-05,R,7.784275345567348e-05,R,8.150420295857807e-05,R,8.150420295857807e-05,R,7.784275345567348e-05,R,5.85330835494979e-05,R,6.061173357321811e-05,C,0.0019752274936729475,R,0.0004948251978143837,C,0.0019752274936729475,R,0.0005140797300085992,R,8.160922640976641e-05,R,0.000760175995229211,R,0.000175740735842181,K,0.001207254968010352,K,0.001207254968010352,R,0.00013928609139734604,R,3.0534299617146024e-05,N,8.18675067309095e-05,N,7.09767241415298e-05,R,4.247165710542722e-05,R,0.000575605670202527,N,0.00025107644830615314,N,0.00025107644830615314,N,0.00025107644830615314,Q,0.0009750822129892651,Q,0.0009401617140330407,0.00037595802208746545,0.048366029244058445
92,L,L,0.0,L,0.0,L,0.0,L,0.0,L,0.0,L,0.0,L,0.0,L,0.0,L,0.0,L,0.0,L,0.0,L,0.0,L,0.0,L,0.0,L,0.0,L,0.0,L,0.0,L,0.0,L,0.0,L,0.0,L,0.0,L,0.0,L,0.0,L,0.0,L,0.0,L,0.0,L,0.0,L,0.0,L,0.0,L,0.0,L,0.0,L,0.0,L,0.0,L,0.0,L,0.0,L,0.0,L,0.0,0.0,0.0
93,G,G,0.0,G,0.0,G,0.0,G,0.0,G,0.0,G,0.0,G,0.0,G,0.0,G,0.0,G,0.0,G,0.0,G,0.0,G,0.0,G,0.0,G,0.0,G,0.0,G,0.0,G,0.0,G,0.0,G,0.0,G,0.0,G,0.0,G,0.0,G,0.0,G,0.0,G,0.0,G,0.0,G,0.0,G,0.0,G,0.0,G,0.0,G,0.0,G,0.0,G,0.0,G,0.0,G,0.0,G,0.0,0.0,0.0
94,L,L,0.003078287730547723,V,0.005958326742649297,L,0.00048602781551466067,I,0.0034270281415611863,I,0.0024281760483344005,V,0.00777318353322648,L,0.0018860327641843251,L,0.0002246844035040661,I,0.0015239312925382032,I,0.001460883844236412,I,0.003455886100105289,I,0.0024281760483344005,I,0.0038452055286127534,I,0.0024281760483344005,I,0.0024275495723227376,I,0.0013086607652414103,V,0.00777318353322648,L,0.0015643828929732418,V,0.00777318353322648,L,0.0014570674859581553,V,0.003864177758415285,V,0.004521583555798312,V,0.006038877319177869,V,0.00777318353322648,V,0.005948066819074818,V,0.005948066819074818,V,0.0076432655160848795,L,0.0012963593838318161,L,0.0005641711466977373,L,0.000572227176565989,I,0.0016278761220664445,I,0.00777318353322648,I,0.0007580260129191798,I,0.0007601616998187468,I,0.0007601616998187468,V,0.006030748867347202,V,0.0040197408436664726,0.0034758895035525233,0.4471642138249831
95,S,A,0.00022804193154861842,S,0.0001895585349463256,K,0.00024887350299108123,D,0.0007675492808845141,D,6.0426911452981944e-05,A,3.238815529665752e-05,S,0.00017638445921680537,T,0.0032583834832951514,D,0.0005848351184033834,D,0.0005445463596474662,D,0.0007637821436800088,D,6.0426911452981944e-05,D,0.0007310260828051792,D,6.0426911452981944e-05,D,6.0426911452981944e-05,E,3.069241791570793e-05,S,9.182397491656957e-05,G,4.91712467044236e-05,A,4.602045689562849e-05,A,2.5227181890650207e-05,A,3.459398756685849e-05,S,0.00018793791317848856,A,0.00024681169640399333,A,5.577577818922599e-05,S,0.000235899658520548,S,0.000235899658520548,S,6.075418907819347e-05,S,0.00014497753864546264,T,0.0034223655505499625,S,0.00024190042634559638,D,2.0103323236532183e-05,D,0.0002858605488020277,S,0.0002721703373534815,S,0.0002721703373534815,S,0.0002721703373534815,A,6.473455409871172e-05,A,0.00010694328937525584,0.0003830021919303229,0.049272243514279536
96,Y,Y,1.2050147601566841e-05,Y,2.50528069464612e-05,Y,7.18788379909397e-05,R,4.146299845358465e-05,R,1.2030268530150564e-05,Y,0.0002797872482626934,Y,1.717185808188225e-05,Y,3.245190037998709e-05,R,1.3481088846988465e-05,R,1.3481088846988465e-05,R,4.146299845358465e-05,R,1.2030268530150564e-05,R,4.146299845358465e-05,R,1.2030268530150564e-05,R,1.2030268530150564e-05,R,1.2290667037866171e-05,Y,0.00017802162737077748,Y,6.663189216269864e-05,Y,0.0003019552085400292,Y,6.663189216269864e-05,Y,0.0003721850830184743,Y,2.50528069464612e-05,Y,4.352888977170157e-05,Y,0.0003019552085400292,Y,5.921693587839256e-05,Y,5.921693587839256e-05,Y,6.377460218875076e-05,Y,2.6974328792416683e-05,Y,3.245190037998709e-05,Y,1.2126738732374896e-05,R,1.346874845305243e-05,R,2.0682720490570108e-05,Y,1.247264630445111e-05,Y,1.247264630445111e-05,Y,1.247264630445111e-05,Y,0.0006981974388801328,Y,2.4816387098303374e-05,8.255305399122507e-05,0.010620237337553136
97,H,H,0.0002642128288311867,H,7.251101127036695e-05,R,0.00020324325283865616,H,5.026706644149138e-07,H,6.656865399660663e-05,H,0.00021871815026722614,F,0.00018855696025234554,Y,0.0002691129023697119,H,7.648926603549239e-07,H,7.648926603549239e-07,H,5.026706644149138e-07,H,6.656865399660663e-05,H,5.026706644149138e-07,H,6.656865399660663e-05,H,6.656865399660663e-05,H,6.5079607842884e-05,H,0.0001866061362441374,H,0.00017310693834554874,H,0.00029516098615051535,H,0.00016973712825317204,H,0.00011418771222205002,H,7.809542751336935e-05,H,0.0002676275727079438,H,0.00014360087044363044,H,0.0001994252797991723,H,0.0001994252797991723,H,0.0009963815120640387,H,0.00033751459525923044,Y,0.0017121028319559352,F,0.00041527225518566465,H,9.028163400334502e-05,H,4.130343083057096e-05,L,0.0007974788485211117,L,0.0008103150108912264,L,0.0007974788485211117,H,0.001092958078774688,H,0.0003362632128098441,0.00029202893830454696,0.037568769225153245
98,F,F,0.0,F,0.0,F,0.0,F,0.0,F,0.0,F,0.0,F,0.0,F,0.0,F,0.0,F,0.0,F,0.0,F,0.0,F,0.0,F,0.0,F,0.0,F,0.0,F,0.0,F,0.0,F,0.0,F,0.0,F,0.0,F,0.0,F,0.0,F,0.0,F,0.0,F,0.0,F,0.0,F,0.0,F,0.0,F,0.0,F,0.0,F,0.0,F,0.0,F,0.0,F,0.0,F,0.0,F,0.0,0.0,0.0
99,E,E,0.002368770112512243,K,0.006133156640780983,E,0.0017776633141493917,K,0.005032764374295312,K,0.002549342468168008,D,0.0028448887726812127,R,0.0005789176377698106,Q,0.0008462164045015463,Q,0.0033328237576570746,Q,0.003004368125696593,K,0.005035181310378068,K,0.002549342468168008,K,0.004157070659035155,K,0.002549342468168008,K,0.002549342468168008,K,0.0013821334319039098,K,0.004493408837703435,Q,0.00217815142988361,H,0.004221135319114076,Q,0.001221390171742063,E,0.001576348935695377,K,0.006811124868400714,E,0.002751205237262111,D,0.004078570250993082,E,0.006405881326106147,E,0.006405881326106147,E,0.0019143039549917177,E,0.003247096064554118,Q,0.0025155021917516985,R,0.002958268339082897,Q,0.0021570952537090437,K,0.0031662010202353603,K,0.004231811732455034,K,0.004240672099790971,K,0.004231811732455034,K,0.002063068071312721,K,0.003150352566169961,0.0032624487876634764,0.41970561658786726
100,E,G,0.0007503745018982814,H,0.0018266872255037628,S,0.001973336129224785,N,0.0009363786253483214,N,0.0038963115711109215,N,0.0004618376991034828,D,0.0017594156975338463,D,0.0006550774873532169,T,0.0005647780704918092,T,0.0007506187345626115,N,0.0009363786253483214,N,0.0038963115711109215,N,0.0014083070822265824,N,0.0038963115711109215,N,0.0038963115711109215,N,0.0015007187736820033,D,0.0009094361904826477,S,0.002236978116103492,N,0.00047911516057566833,S,0.0023579366295672713,N,0.001418631853491868,H,0.0020155589394721127,S,0.004147404470642109,N,0.0014932900493645378,I,0.0033415746441187396,I,0.0033415746441187396,D,0.0019519903777634115,E,0.0005826615953618109,D,0.0001845884382491801,D,0.0006376256782479468,N,0.0005989661581738357,M,0.0011048581251692576,D,0.0011393425978677679,D,0.0011393425978677679,D,0.0011393425978677679,D,0.0008091255357211238,D,0.0004351600670010812,0.0016371259298364551,0.21061202566986345
101,E,R,0.0008852280325823376,E,0.0005364877314828949,E,0.00034401240797109895,E,4.699993866520196e-05,E,5.826456765625951e-05,E,0.0010091639092364912,E,0.0004902719263370749,E,0.000433384552420903,E,7.560742448084091e-05,E,7.560742448084091e-05,E,4.699993866520196e-05,E,5.826456765625951e-05,E,4.699993866520196e-05,E,5.826456765625951e-05,E,5.826456765625951e-05,E,8.163455055770977e-05,E,0.0005981312852181313,E,0.0013086481348273562,E,0.00048524745209442533,E,0.0013086481348273562,H,0.0005385271052103838,E,0.0005237529841373822,E,0.00015876706737335714,E,0.0006012352055330265,E,4.81482957167781e-05,E,4.81482957167781e-05,E,0.00015792538757643227,E,2.19735564020038e-05,E,0.0003376229080739797,E,0.0005347713066303968,E,0.00011927273591124646,E,5.8546088704864924e-05,K,0.0005848523604475054,K,0.0005848523604475054,K,0.0005848523604475054,D,6.055013650456287e-05,E,7.380323736579653e-05,0.00035253330933344897,0.04535250040431247
102,I,I,6.24373421371993e-05,I,2.6511993355553535e-05,I,3.345897072692688e-05,I,2.0822556720531984e-05,I,1.6880139060408158e-05,I,2.331294477194964e-05,I,6.037004556724236e-05,V,0.005000271673816174,I,1.5086105053861746e-05,I,1.5786254391325074e-05,I,2.0822556720531984e-05,I,1.6880139060408158e-05,I,2.0822556720531984e-05,I,1.6880139060408158e-05,I,1.5338057842416808e-05,I,1.5719966929581687e-05,I,1.946117270671141e-05,I,5.5397147862465705e-05,I,1.4548749853147803e-05,I,6.16174287785887e-05,I,3.2496686880155424e-05,I,2.33814368115153e-05,I,2.5836482358114925e-05,I,1.4548749853147794e-05,I,5.5981866437158394e-05,I,5.5981866437158394e-05,I,3.347413829640035e-05,I,3.005325935822919e-05,F,0.0003980135209261435,I,3.807544355224174e-05,I,1.901659446120683e-05,I,2.0178209725895856e-05,I,6.64083226038455e-05,I,6.64083226038455e-05,I,6.64083226038455e-05,I,2.2944764319057032e-05,I,2.3509424852198653e-05,0.0001763552257625979,0.02268764464505017
103,K,N,3.83676651152384e-05,M,2.2855197354466313e-05,K,9.906367901973891e-05,K,0.0002776195334976386,K,8.46046246673892e-05,E,0.0003833006716261307,K,0.000227881016805785,K,4.474589970995176e-05,K,0.0002811205072443805,K,0.0002811205072443805,K,0.0002776195334976386,K,8.46046246673892e-05,K,0.0002776195334976386,K,8.46046246673892e-05,K,8.46046246673892e-05,K,0.00010545898873412735,I,0.0008553547746414915,D,0.00015327072360411104,E,0.00011730325037139614,D,0.00015043262262693898,K,0.00015925941138322203,M,1.9546862765056692e-05,D,0.00039323924084881223,E,0.0003623565673133449,N,0.00015869384583466192,N,0.00015869384583466192,K,0.0004566584422946592,K,0.0015873474464821592,K,0.00021597027535604591,K,0.00024319539731719128,K,0.00011611346193723596,K,0.00029775519039080856,T,0.001584471933132791,T,0.0015743770420086364,T,0.001584471933132791,K,0.0006779535478924114,K,4.069284870499304e-05,0.0003665499971862187,0.047155711121370084
104,R,R,0.0009200663296184808,Q,0.0015445172182843234,E,0.00031691343929623496,S,0.00289479339267582,S,0.004485278879661737,T,0.000566514102805805,K,0.0036733817075308315,K,0.0027482811234418873,V,0.00023176697668937229,V,0.0002049681096819226,S,0.0028827987656206817,S,0.004672779554498389,S,0.003062860936173447,S,0.004493935951581302,S,0.004485278879661737,S,0.00018803463801145073,Q,0.0015608453270530827,E,0.0013148120818891932,T,0.0009256516910031185,E,0.0013148120818891932,I,0.00258753638229188,Q,0.0011879787257954967,Q,0.0004698615375768812,T,0.000746269101079312,D,0.00777318353322648,D,0.00777318353322648,R,0.0027199363258823194,R,0.0033705853844216965,K,0.0007183066311953417,T,0.001027328799180384,S,0.00107532411900182,S,0.0009880630053990301,Q,0.0032146705279807,Q,0.0032253889382580355,Q,0.0032146705279807,A,0.0032002101780775633,D,0.0014087540660334622,0.0023564741217209626,0.30315431401409887
105,I,L,0.00028939793434728254,I,0.00036455991202404963,E,0.0009094742458480079,A,0.0004665656541497073,T,0.00777318353322648,S,0.0008271655299643709,I,0.00025180770871600916,I,3.6781871882160374e-05,S,0.002873887208839695,S,0.0027892581135625706,A,0.00046254067158416816,T,0.00777318353322648,A,0.00042497399857305295,T,0.00777318353322648,T,0.00777318353322648,A,0.0001382180683841434,I,4.532512430811835e-06,S,0.0018864591192090316,S,0.0007829692132333435,S,0.0018252801636203277,S,0.00037072918645036397,I,0.00010702382575742238,A,9.601558533151715e-05,S,0.0007861736483311585,T,0.0028274390463432397,T,0.0028274390463432397,T,0.0014829163930061894,I,0.0003423750862823303,I,9.195168377217503e-05,I,0.0002202916233072638,A,0.0004167872692863655,A,0.0003538116730674939,I,7.529074324121108e-05,I,7.508246885466334e-05,I,7.060345803384531e-05,S,0.0010342827055740225,T,0.0034219195130213514,0.00162234429771023,0.2087104068462449
106,L,L,8.828770812495335e-06,L,1.1221339499802054e-05,L,8.828770812495335e-06,L,1.2937997990146932e-05,L,7.640494249278253e-06,I,7.728351693631633e-05,L,8.828770812495335e-06,L,1.644330147581199e-05,L,1.04245189774343e-05,L,1.04245189774343e-05,L,1.2937997990146932e-05,L,7.640494249278253e-06,L,1.2937997990146932e-05,L,7.640494249278253e-06,L,7.640494249278253e-06,L,6.5089236178207996e-06,L,1.644330147581199e-05,L,8.828770812495335e-06,I,7.728351693631633e-05,L,8.828770812495335e-06,I,0.0004245065367424125,L,1.1221339499802054e-05,L,1.644330147581199e-05,I,0.00012263443110752085,L,1.644330147581199e-05,L,1.644330147581199e-05,L,1.6581576104220843e-05,L,1.644330147581199e-05,L,9.032053973242798e-05,L,8.828770812495335e-06,L,7.640494249278253e-06,L,8.418892349489448e-06,L,1.644330147581199e-05,L,1.644330147581199e-05,L,1.644330147581199e-05,L,3.0564333337883786e-05,L,2.6092432150536344e-05,3.247203295523055e-05,0.004177443233705832
107,D,S,0.0014965437390183883,S,0.002130010455505901,F,0.006216650573160869,D,0.000173214219018195,D,0.00010288721470023546,Q,0.0033942188316602204,T,0.0010101046267124623,T,0.000907524796420813,D,0.00016812493023640295,D,0.00016812493023640295,D,0.000173214219018195,D,0.00010288721470023546,D,0.00021773473452157206,D,0.00010288721470023546,D,0.00010288721470023546,D,0.00017587517056613162,R,0.00044855105962787577,S,0.002280348232311424,Q,0.003415984014463234,S,0.0021581814332927167,Q,0.004633845518235529,S,0.002124728481325688,E,3.645556073764729e-05,Q,0.0032779214634496975,T,0.00419084261795551,T,0.00419084261795551,D,0.0027250600253878165,D,0.0005894412255494665,T,0.0013768714366863533,T,0.0008052212487180076,D,0.00011391176301949084,D,9.359218692736208e-05,N,0.0015781585837085358,N,0.0015781585837085358,N,0.0015781585837085358,R,0.0009217394109133179,R,0.0004412115069446054,0.0014919490713379286,0.19193539750613
108,G,S,0.0018279496031835955,S,0.0018237027541882615,S,0.0006379814307730213,Y,9.296851987656727e-05,Y,0.00014671999498640977,N,0.001133715746814945,S,0.0004583553636845022,S,0.0016079473616782802,Y,0.00012194949503105686,Y,0.00011837647490125827,Y,9.296851987656727e-05,Y,0.00014671999498640977,Y,8.068064077428709e-05,Y,0.00014777689454276965,Y,0.00014671999498640977,Y,0.0005296412324927826,S,0.0002141026469379982,Y,1.5245942489507412e-06,N,0.0015413518870981966,Y,0.0008461603369284917,N,0.0017600250396776688,S,0.002950973907713891,R,0.0014059473881781988,N,0.001654430591731252,D,0.002505164442982456,D,0.002505164442982456,R,0.0005672918147703032,G,0.0013641359081145248,C,0.00035904393752232,S,0.00024184855573011583,Y,3.851961930623785e-05,Y,0.00014960630782111876,H,0.0026867915623836986,H,0.002686791562383699,H,0.0026867915623836986,N,0.0010967686636574698,G,0.0024114166901962873,0.0010483250131223289,0.13486430735119823
109,V,D,0.00024002881604162,I,0.0031562421497951876,L,0.0014881007971398578,V,0.00014128873553802344,V,0.0011971411188302777,I,0.0016135118485677274,I,0.0024758087575067317,I,0.00220288923900067,V,0.000905384026017956,V,0.0010234961120805428,V,0.00014128873553802344,V,0.0011971411188302773,V,5.426853483164206e-05,V,0.001105105650497402,V,0.0011293978458801887,V,0.0009148661802943793,I,0.0037425238539851137,M,0.0013582759615733482,I,0.0013109752738490288,M,0.001351394280574185,I,0.0010243907806797244,I,0.0031752596330791817,I,0.0009615522487070919,I,0.0014414243371520296,L,0.00364775086449355,L,0.00364775086449355,I,0.003032727391488042,V,0.0009172688018103833,I,0.0012880305464240279,I,0.0022943990280541544,V,0.001027328799180384,V,0.0005374580899662589,I,0.0033634483880497436,I,0.0033634483880497436,I,0.0033634483880497436,I,0.0027016145675941745,F,0.0017055505822926526,0.0017362697496199086,0.22336662220803383
110,Y,Y,0.0001204555498979576,K,0.0005909576947891067,-,,Y,0.0017936844567410905,Y,0.0014564948042217567,F,0.0001489986062834662,Y,0.000302615029149093,Y,0.00028804907247799644,Y,0.0013182633228893945,Y,0.0010595085546078913,Y,0.001805046585871983,Y,0.001456494804221757,Y,0.0016532194787283545,Y,0.0014192847781567886,Y,0.0014564948042217567,Y,0.0006928549464910207,H,0.00020669008291157096,Y,0.0003188094250817224,F,0.0008620011129830422,Y,0.000283236415956385,F,0.0007997651936142683,K,0.0010982557667754285,H,0.00020690719722094502,F,0.0006577510871049335,-,,-,,H,0.0002359496790027632,Y,0.000271297585423418,Y,0.0003415543110586749,Y,0.0001160586425592713,F,0.0025564989291295957,H,0.001027328799180384,Y,0.00024513606437070627,Y,0.00024513606437070627,Y,0.00024513606437070627,H,0.001081410963029206,Y,9.371071538289644e-05,0.0007780898996551775,0.10009925744442179
111,-,-,,-,,-,,-,,-,,-,,-,,-,,-,,-,,-,,-,,-,,-,,-,,-,,-,,-,,-,,-,,-,,-,,-,,-,,-,,-,,-,,-,,-,,-,,-,,-,,-,,-,,-,,-,,-,,,
112,-,-,,-,,-,,-,,-,,-,,-,,-,,-,,-,,-,,-,,-,,-,,-,,-,,-,,-,,-,,-,,-,,-,,-,,-,,-,,-,,-,,-,,-,,-,,-,,-,,-,,-,,-,,-,,-,,,
113,-,-,,-,,-,,-,,-,,-,,-,,-,,-,,-,,-,,-,,-,,-,,-,,-,,-,,-,,-,,-,,-,,-,,-,,-,,-,,-,,-,,-,,-,,-,,-,,-,,-,,-,,-,,-,,-,,,
114,-,-,,-,,-,,-,,-,,-,,-,,-,,-,,-,,-,,-,,-,,-,,-,,-,,-,,-,,-,,-,,-,,-,,-,,-,,-,,-,,-,,-,,-,,-,,-,,-,,-,,-,,-,,-,,-,,,
115,N,-,,-,,-,,-,,-,,D,2.7726106666031475e-05,N,0.00024794426448262075,N,0.00014194108790987987,-,,-,,-,,-,,-,,-,,-,,-,,-,,T,0.00037574444267131514,-,,T,0.0005163024878332705,D,0.0013598516469392327,-,,E,0.002926907464379091,D,0.00010307175348494305,-,,-,,N,0.0012457154846807691,N,0.0007557493100567834,N,2.8322859390068278e-05,N,0.0001493560894738281,-,,-,,N,0.0007288457804766079,N,0.000702020072849461,N,0.0007288457804766079,S,0.0014950072908028872,A,0.003547893843730135,0.0008871321039002077,0.11412725559716437
116,N,-,,-,,-,,S,0.002569802793621955,S,0.001912644008754764,A,0.004404530285697377,N,0.001027328799180384,D,0.005236767301669689,S,0.0010907592474531098,S,0.00143389169408913,S,0.0020701285712485433,S,0.001912644008754764,S,0.0017759455271022402,S,0.0019103645904737245,S,0.001912644008754764,S,0.0016732010956095281,D,0.003153872330829934,H,0.003378155509519537,-,,H,0.0033713210859185575,E,0.002665936457131297,-,,T,0.00040594310322582326,A,0.004350170606061458,-,,-,,K,0.001236381418723591,N,2.346513888798837e-05,D,0.004247218943167209,N,0.00017139460833057914,S,0.001255077230039309,S,0.004214445898818831,E,0.005395974615951326,E,0.005388367378700212,E,0.005395974615951326,S,0.0004349931064143615,S,0.0014328936741100963,0.002515074588473047,0.3235578547351106
117,D,-,,-,,-,,H,0.0030506354126023805,Y,0.0002943941319247323,S,0.001873764365205149,-,,-,,Y,7.97922737662837e-05,Y,7.97922737662837e-05,H,0.0029968085546045126,Y,0.0002943941319247323,H,0.0030506354126023805,Y,0.0002943941319247323,Y,0.0002943941319247323,Y,4.10482332612632e-05,Q,0.00018146192130037014,Y,0.0014606920684149612,-,,Y,0.001493014540742621,F,0.0017476766850284026,-,,Y,0.000996853905323618,S,0.002739817340523874,-,,-,,-,,D,0.0006770766517625343,-,,-,,Y,9.701558097126184e-05,Y,1.922499600310017e-05,-,,-,,-,,L,0.002179111686611291,F,0.0023121272210272483,0.0011933693477825665,0.15352388666516212
118,H,-,,-,,-,,W,0.003997009332362204,W,0.003437724938435146,S,0.007185478955512386,S,0.0014662758170787132,H,0.0013879040460016907,W,0.0008558344765335851,W,0.0015666222909861195,W,0.0038590636895938397,W,0.0034414445586150094,W,0.0037812209636401686,W,0.003437724938435146,W,0.003437724938435146,W,0.00016497005069548827,S,0.003332927725961161,E,0.002818649950314923,-,,E,0.0028221951460669675,E,4.351823623693236e-05,-,,Q,0.001172378750120111,S,0.003360836997730472,H,3.1797988963385665e-05,H,3.1797988963385665e-05,-,,H,0.0006838781338804949,H,0.0008088491359071618,S,0.002288045792010686,W,0.003216305624782886,W,0.0031154636336800596,H,0.002570759035343372,H,0.002572710838188611,H,0.002570759035343372,E,0.0007691635248636538,E,0.0008648414889344422,0.002293350903987636,0.29503367496530936
119,G,-,,-,,-,,N,0.0033610469416012986,T,0.00777318353322648,K,0.002564715275660131,F,0.003190433259348343,K,0.0012737003705393516,S,0.001027328799180384,S,0.0010233707452963047,N,0.003365592007642031,T,0.00777318353322648,N,0.0033213886566152624,T,0.00777318353322648,T,0.00777318353322648,S,0.005567408405653711,S,0.002934470807578341,E,0.002851993184955541,-,,E,0.002799260386592434,K,9.987298350849957e-06,-,,-,,K,0.00014307356685370088,-,,-,,-,,G,0.0014947693281118462,K,0.0009992866582388394,F,0.004547491646086832,K,0.002734017479082326,S,0.0005558404942940751,R,0.0028809376624253057,R,0.0028809376624253052,R,0.0028809376624253057,E,0.001535317604727445,D,0.0033968076558113947,0.0031583159890143674,0.40630920079451915
120,G,-,,-,,-,,E,0.00022061030892364588,Q,0.0026730551737572266,Q,0.0013556167959682412,E,0.0018678096349220312,C,0.002206488519792059,E,0.000702449928189877,E,0.0007841015588368459,E,0.0009041801306484369,Q,0.0026730551737572266,E,0.0001899554347058128,Q,0.0026730551737572266,Q,0.002673055173757226,E,4.865983133119035e-05,S,0.0013067772384158054,-,,-,,-,,N,0.000355626704882835,-,,D,0.0007720994495151936,Q,0.0012849147131721674,L,0.0024111250308429854,L,0.0024111250308429854,-,,G,0.0007128016155138313,C,0.002727785832336106,E,0.0011548617661863933,E,5.76705915795548e-05,E,4.069146342773166e-05,C,0.0006878654158626086,C,0.0006838059553837506,C,0.0006878654158626086,I,0.002054900891535866,I,0.0015462204487613135,0.0013058010483609926,0.1679879347733583
121,-,-,,-,,-,,-,,-,,-,,-,,-,,-,,-,,-,,-,,-,,-,,-,,-,,-,,-,,-,,-,,-,,-,,-,,-,,-,,-,,-,,-,,-,,-,,-,,-,,-,,-,,-,,-,,-,,,
122,D,K,0.0006591028826748181,-,,-,,K,0.0018608249530065587,K,0.0019456690023806056,N,0.004323098011228337,-,,F,0.0014668743635432194,K,0.0012100324785421052,K,0.001024126670144696,K,0.0018424841086653854,K,0.0019432172801995497,K,0.001850152629582654,K,0.0019456690023806056,K,0.0019456690023806056,K,0.0019784849791889057,E,0.002839960528454968,-,,-,,-,,-,,-,,I,0.002040312791976715,N,0.006168212914383522,K,0.0014155485461741935,K,0.0014155485461741935,-,,D,0.003518111734892804,F,0.002185673426917932,N,0.002931145940332945,K,0.0011769347287567747,K,0.0005822577297597469,F,0.0012139984568264265,F,0.0009012347858868562,F,0.0011831136906422937,-,,-,,0.001983363814811439,0.25515463597810967
123,T,A,0.002430810282117729,-,,-,,G,0.0006575217924795462,G,0.0008389951792394905,D,0.0004465551187812574,N,0.0009374756094747138,K,0.0006741517916956081,G,0.0009071058359840642,G,0.0009125540510617746,G,0.0005970063956087868,G,0.0008389951792394905,G,0.001043736194328813,G,0.0008389951792394905,G,0.0008429924483295155,G,0.0003921657315117308,A,0.0013945728360209924,-,,-,,-,,-,,-,,H,0.00027736540427212176,D,0.0003671754845134449,M,0.00016817843026821524,M,0.00016817843026821524,-,,T,6.18844347771528e-05,K,0.0007008417011388411,K,0.00018968435740627658,G,0.000700698856859651,G,0.0004521633795778804,H,0.0008524605960670248,H,0.0008524605960670248,H,0.0008524605960670248,-,,-,,0.0007184142923109584,0.09242214457436852
124,W,I,0.00011079535206429902,-,,Y,0.0010661536686679826,I,4.7395684351553836e-05,I,1.4510435709392306e-05,N,7.167213864666414e-05,-,,-,,I,9.718538432548425e-05,I,9.718538432548425e-05,I,4.7395684351553836e-05,I,1.4510435709392306e-05,I,3.07750803521929e-05,I,1.4510435709392306e-05,I,1.4510435709392306e-05,I,8.899668052642777e-06,T,0.00025390123639310334,-,,-,,-,,-,,-,,D,0.001644480526669629,N,4.3035112252306134e-05,G,7.066893162388975e-05,G,7.066893162388975e-05,-,,W,0.0001345239687848933,-,,-,,I,3.293428606776642e-05,I,3.9700006456907054e-05,N,0.0013998514079762898,N,0.0013998514079762898,N,0.0013998514079762898,-,,-,,0.0003385402921573617,0.0435523348587192
125,K,H,0.0008162303127077136,-,,K,0.00019021063213524393,G,0.00013308768236775783,G,6.98145819739909e-06,D,3.0232783335122737e-05,-,,-,,G,1.0727230987324788e-05,G,1.0727230987324788e-05,G,0.00013308768236775783,G,6.98145819739909e-06,G,0.00013308768236775783,G,6.98145819739909e-06,G,6.98145819739909e-06,G,5.384664241331763e-06,-,,-,,-,,-,,-,,-,,G,3.4798727556299496e-05,D,2.1099901087595533e-05,R,0.0008135602825651452,R,0.0008135602825651452,-,,K,0.00027153400074596024,-,,-,,G,4.603210870221839e-05,G,8.487470575074894e-05,N,0.0005166774668779737,N,0.0005166774668779737,N,0.0005166774668779737,-,,-,,0.00022287800625625938,0.02867268028647042
126,A,E,0.001398027367657982,-,,D,0.0007480423532427078,C,0.0030701168514118615,C,0.002884482107408429,-,,-,,-,,P,0.0016346109983908623,P,0.001589761308209,C,0.0030701168514118615,C,0.0028850134064003076,C,0.0029648722102393636,C,0.002884482107408429,C,0.002884482107408429,C,0.002171990492710963,-,,-,,-,,-,,-,,-,,-,,-,,N,3.9183436298051534e-05,N,3.9183436298051534e-05,-,,A,0.0011191604632423745,-,,-,,R,0.00027020036194721196,C,0.002611839312975473,E,0.002724037464961931,E,0.0027237622068603255,E,0.002724037464961931,-,,-,,0.0020218701154722774,0.26010837217850213
127,-,-,,-,,-,,-,,-,,-,,-,,-,,-,,-,,-,,-,,-,,-,,-,,-,,-,,-,,-,,-,,-,,-,,-,,-,,-,,-,,-,,-,,-,,-,,-,,-,,-,,-,,-,,-,,-,,,
128,-,-,,-,,-,,-,,-,,-,,-,,-,,-,,-,,-,,-,,-,,-,,-,,-,,-,,-,,-,,-,,-,,-,,-,,-,,-,,-,,-,,-,,-,,-,,-,,-,,-,,-,,-,,-,,-,,,
129,-,G,0.00152054712069739,-,,G,0.00189961588058884,G,0.0004247217800480049,G,0.0007966207280924364,-,,-,,-,,G,0.0005718546606025323,G,0.0006775131111110271,G,0.000424721780048005,G,0.0007966207280924364,G,0.000427658270910111,G,0.0007958075710005853,G,0.0007966207280924364,G,7.272666970758653e-05,-,,-,,-,,-,,-,,-,,-,,-,,C,0.00045044650414467784,C,0.00045044650414467784,-,,-,,-,,-,,G,0.0007669492866514635,G,0.000643535071390056,A,0.0009238737484546889,-,,A,0.0009238737484546889,S,0.0025810258188305284,S,0.0004448318816388219,0.0008195005796350496,0.10542663454839239
130,-,N,0.0011409611150806184,Q,0.0008253172140689928,T,0.0009215493166035376,R,0.0008048384123208915,I,0.00777318353322648,-,,-,,-,,R,0.001027328799180384,R,0.001027328799180384,R,0.0008048384123208915,I,0.00777318353322648,R,0.0008088437401564949,I,0.00777318353322648,I,0.00777318353322648,R,0.001027328799180384,-,,-,,D,0.004269206903944307,-,,K,0.004732226441626362,Q,0.00014486597152970406,-,,-,,W,0.000359164100988124,W,0.000359164100988124,-,,-,,-,,-,,R,0.0008946197772147335,R,0.0022155876250170925,-,,-,,-,,S,0.0016356578902647684,L,0.004344305034151574,0.0026561757539419677,0.34171015550940514
131,-,H,0.0014998534823144139,H,0.0013104837632407457,D,0.0018729084593170726,D,0.005526444880348533,E,0.0022128080655320803,-,,-,,-,,-,,-,,D,0.004125145097202986,E,0.002215636828243349,D,0.004028552980401296,E,0.001960940307115304,E,0.0022128080655320803,-,,-,,-,,A,0.003478020087139147,-,,N,0.0009030003930009317,H,0.0013587105625319142,-,,-,,K,0.003476430608626657,K,0.003476430608626657,-,,-,,-,,-,,-,,E,0.0018483772353194358,-,,A,0.0020987877144946292,-,,T,0.001027328799180384,Q,0.001027328799180384,0.002403157723018316,0.30916003883685705
132,-,Q,0.0006597091725050188,S,0.0006543326634657725,A,0.001439671959469311,-,,S,0.0011589237978305764,-,,N,0.0011383823157389268,N,0.002265748107162866,D,0.0017410882885558403,D,0.0024898969996136203,-,,S,0.0011589237978305764,-,,S,0.0011589237978305764,S,0.0011589237978305764,E,0.0019298519194299144,-,,-,,P,0.00023023033843362265,-,,K,0.0010317166925835916,S,0.0004995979471179261,-,,-,,C,0.0024669994461627783,C,0.0024669994461627783,-,,-,,N,0.0015956394011654525,N,0.0020003574942774084,Q,0.001547438003062334,-,,-,,-,,-,,I,0.0009466284713216925,F,0.00026422536773555304,0.0013638276920584869,0.17545291272601557
133,-,R,0.0022384562483085176,T,0.0012574402790163659,W,0.0007854577271434416,S,0.0033179685326276544,V,0.003108254084924266,-,,N,0.0001382909628530737,E,0.001268297232498764,I,0.0010856998230543437,I,0.0011023031755123193,S,0.0032966408450914677,V,0.0031082540849242655,S,0.002627425413043895,V,0.0031082540849242655,V,0.003108254084924266,S,0.002336409223659088,-,,Y,0.0021870482283194207,K,0.0022177078659140212,Y,0.0022265410097034896,D,0.005343762510467731,T,5.4616204336121306e-05,-,,-,,D,0.0013591239886512117,D,0.0013591239886512117,N,0.0021096776072013707,-,,E,0.0012395174995063348,N,0.0012991917331245202,S,0.002048464883198091,S,0.001619464672192205,-,,E,0.00546077495099733,-,,I,0.0005133831015129018,K,0.004103295019899527,0.002167636635539383,0.27886085878119543
134,E,N,0.0020421888689882584,P,0.0008155811460840875,W,0.0019137358967086272,V,0.005634947573789207,-,,-,,K,0.0008974676567338172,Q,0.001238600287039831,V,0.006492028225104603,V,0.006099113778313608,V,0.005638933027834063,-,,V,0.005210456497316354,-,,-,,V,0.00011560332767783326,S,0.001123822627019544,S,0.00265519187605675,Q,0.0007351525928662524,S,0.003151398651337377,N,0.0011115227031953416,P,0.00046706949896206223,-,,-,,K,0.0008060220302257803,K,0.0008060220302257803,T,0.001072655923557059,E,0.0003068614355945321,Q,0.0013223036254262283,Q,0.0006089614145215887,A,0.002088223164446997,G,0.003356653273792863,E,0.0005492137971123293,E,0.0005492137971123293,E,0.0005492137971123293,F,0.0004213177739010284,-,,0.00199239573441574,0.2563165691250236
135,-,K,0.0009577794847316132,A,0.0031489361485138095,V,0.00012277187143765192,V,0.002130343917975815,V,0.001064478926473585,-,,V,0.0012668314950680817,V,0.0025916385862428553,C,0.001027328799180384,C,5.7142101589581056e-05,V,0.0020171964837827692,V,0.0010974126066364608,V,0.0021263535120116515,V,0.001064478926473585,D,0.0006593830415353162,V,0.001336281129419367,A,0.0020914620058021974,I,0.004250269923222355,N,0.0025247693008920683,I,0.004257539772037642,D,0.000679802144878479,A,0.0008975369182341197,-,,-,,E,0.002949783147971458,E,0.002949783147971458,N,0.001012936204581097,-,,V,0.0033136021399321532,V,0.0003148583124195608,V,0.0010252046885678944,V,0.0011115866231145685,E,0.0029251635221011914,-,,E,0.0029251635221011914,K,0.0009726820469695501,-,,0.0017700161436086939,0.22770800869975066
136,-,E,0.0017021408578701052,D,0.001510038778658967,D,0.0009384394358627797,S,0.005148000039619527,P,0.0076288412249234565,N,0.002929840354777012,G,0.001929227934574977,G,0.0008131537261424907,A,0.004202773585816731,A,0.005153081677683391,S,0.0035782860889249403,P,0.0076288412249234565,S,0.0051464481743406015,P,0.00762728935964453,P,0.007632563530221371,A,0.0063597556688676365,N,0.00024480244025823966,G,0.0020496996003217943,N,0.003899474682860338,G,0.002007454780581621,D,0.0008200884505780069,D,0.0015719610468483485,G,0.003587940153205184,N,0.003750705510108261,E,0.002264102125161998,E,0.002264102125161998,K,0.0018264003512027868,-,,G,0.0012373092292646882,G,0.001944859329517216,T,0.001027328799180384,T,0.001027328799180384,S,0.0037909370029789,S,0.0024671247191141057,S,0.0037909370029789,D,0.0034103682505988017,D,0.003305575184530605,0.003228256145735681,0.4153068214505032
137,N,D,0.0002241184883251532,S,0.005867191907718342,N,0.0008922519183844487,D,0.0011670111488436118,D,0.000986476706276582,N,0.0018882239690759168,D,0.0008530501185773715,D,5.058764476151704e-05,D,0.0002384461468659381,D,0.00023198361029406236,D,0.0011609536034026275,D,0.0009864767062765822,D,0.0012006200424191128,D,0.0009864767062765822,D,0.000986476706276582,D,0.0011577857585611554,S,0.0029833167040265868,D,0.0003319971565215076,N,0.001832180098366007,D,0.00029302736881107414,D,0.0003112929088081107,S,0.004981158511764885,D,0.000730104289903911,N,0.0014244683921817124,D,0.0001525155015604772,D,0.0001525155015604772,S,0.001027328799180384,N,0.001591938359576633,D,0.0001988313139850894,D,0.0002926234249057183,D,0.00013571283195797993,D,0.0004506177852460734,D,1.1743688227641873e-05,D,4.328818896960043e-05,D,1.1743688227641873e-05,G,0.0026654408896750557,N,0.001782272206688787,0.0010887094268238091,0.14005965794711006
138,L,L,6.186737468641181e-06,L,5.040929993220987e-06,L,1.5656403242029852e-05,L,0.00021110782576242015,L,9.967739641148934e-06,L,6.135926023510132e-05,L,5.149345594473296e-06,L,5.359969397167617e-06,L,0.00017352856048951948,L,2.847934266811552e-05,L,0.00021110782576242015,L,9.967739641148934e-06,L,4.121075622696358e-05,L,9.967739641148934e-06,L,9.967739641148934e-06,L,0.00016669783407110352,L,1.0613722299675478e-05,L,7.962686590092173e-06,L,0.0002961635840048425,L,7.962686590092173e-06,L,5.860170872610699e-06,L,4.389858503507172e-06,L,1.0002279672996391e-05,L,5.244765672174484e-05,L,8.87038329369757e-06,L,8.87038329369757e-06,L,1.0219048158973996e-05,L,8.247715832430536e-06,L,5.359969397167617e-06,L,5.009071423806462e-06,L,7.658033855892762e-06,L,1.0755484522628627e-05,L,6.2950679417842955e-06,L,1.1030339366444656e-05,L,6.2950679417842955e-06,L,9.39129441638831e-06,L,7.442347643525545e-06,3.977304329242043e-05,0.005116699370651744
139,Y,Y,0.0010201411533655308,Y,0.0013717263200564173,H,0.002361137690018445,N,0.0001920611139044788,N,0.00011284756187159416,Y,0.004066256781880707,Y,0.00016561441816749324,Y,0.0002380172745193141,N,6.143843728393999e-05,N,6.032961957339491e-06,N,0.0001920611139044788,N,0.00011284756187159427,N,0.00016475020044329322,N,0.00011284756187159416,N,0.00011284756187159416,N,9.95876046464072e-06,Y,0.0007911486405953861,H,0.0010253039308865,H,0.0008204507809905828,H,0.0010220089314475795,C,0.001027328799180384,Y,0.0013563254030664197,Y,0.002988281240672801,Y,0.0033870032486029494,H,0.0002316456293254045,H,0.0002316456293254045,Y,0.0009682878996989385,Y,0.0005732635456441477,Y,0.0011320235596642182,Y,0.0005446373389504675,N,0.00012037839118874563,N,0.00023577366653118945,Y,0.0007809801735520122,Y,0.0007318246387894962,Y,0.0007318246387894962,H,0.0003263181144096655,H,6.576618231539467e-05,0.0007944001853264767,0.10219753360136326
140,A,A,0.00028645815730327415,A,0.00027383992301369207,A,4.126849978368805e-05,S,0.0005372240931788441,S,0.00031980120325942327,V,0.0030407516754509313,F,0.0005960582691009481,F,0.00010560722716810249,T,0.0010922650305686195,T,0.00103972479758026,S,0.0005095908851223918,S,0.00023844075069990586,S,0.0003673629153038414,S,0.00031980120325942327,S,0.00031980120325942327,S,7.419223623288517e-05,Y,0.0006419591952404274,A,0.000142365866160801,I,9.578352697115867e-05,A,0.00014236586616080143,V,0.00012370496699799674,A,0.0002562472683839443,N,4.1545051374986726e-05,V,0.0031303332442526918,A,0.0007784171427239728,A,0.0007784171427239728,A,3.054953426845316e-05,A,3.2663739736558055e-05,F,0.0010061105906601212,F,0.00019976102478266313,S,0.00029271989094834026,S,1.6161898905100583e-05,F,0.0003184711587759962,F,0.0003189547486436955,F,0.0003184711587759962,A,0.00035730803445867965,A,2.516362213472762e-05,0.0004921530471180198,0.06331421933038262
141,T,A,0.003396714600292842,T,0.0009043641324328742,T,0.0003247876718259062,T,0.0005995982367762424,T,0.0006538899020436572,V,0.0028735929944324556,T,0.0009696088909572069,T,0.0010763861345213122,T,0.0005203963381540098,T,0.0005374426206903209,T,0.0006002491202208621,T,0.0006538899020436572,T,0.0004399415740314317,T,0.0006538899020436572,T,0.0006538899020436572,T,0.00045802157804587204,T,0.001066019069655143,I,0.00477003783996853,V,0.0027352295570389775,I,0.003362713805953108,V,0.0010838147263798963,T,0.0010876271285392392,V,0.0024277969821050478,V,0.0021649241899887677,T,0.0007119226385113505,T,0.0007119226385113505,R,0.0017585809887599763,T,0.0014417296577631902,T,0.0008881793480654278,T,0.0004505862958343162,T,0.0005118564021216967,T,0.00017180263367595454,T,0.0014402757115677043,T,0.001430846606287895,T,0.0014402757115677043,S,0.0027789009979070642,S,0.0016555016697405649,0.0013353299486621318,0.17178675158694798
142,A,A,5.611064166204277e-06,A,2.791800422120072e-06,A,2.039417601045506e-06,A,1.8610875836914475e-05,A,1.7838251206207056e-06,S,3.883081672643665e-05,A,9.946046427801397e-06,S,2.0501751464201882e-05,A,7.294161213104818e-06,A,7.294161213104818e-06,A,1.8610875836914475e-05,A,1.7838251206207056e-06,A,0.00011190874985529307,A,1.7838251206207056e-06,A,1.7838251206207056e-06,A,4.865539770834252e-06,A,5.299084337290372e-06,A,0.00015186701879157263,S,5.441700189458949e-05,A,0.00015186701879157263,A,5.30252241579544e-06,A,2.9649347058542766e-05,A,1.6130024196411066e-07,S,4.509275988334049e-05,S,0.0013611410693406254,S,0.0013611410693406254,A,6.570681081376079e-06,A,7.032509976908445e-06,S,2.0501751464201882e-05,S,7.931400782023967e-05,A,9.331079745408796e-07,A,1.0353106949636712e-05,A,0.0002152708464954201,A,0.0002152708464954201,A,0.0002152708464954201,A,9.115092104246113e-06,A,2.2265075990170937e-05,0.00011414261151243133,0.014684152384223097
143,L,L,0.0,L,0.0,L,0.0,L,0.0,L,0.0,L,0.0,L,0.0,L,0.0,L,0.0,L,0.0,L,0.0,L,0.0,L,0.0,L,0.0,L,0.0,L,0.0,L,0.0,L,0.0,L,0.0,L,0.0,L,0.0,L,0.0,L,0.0,L,0.0,L,0.0,L,0.0,L,0.0,L,0.0,L,0.0,L,0.0,L,0.0,L,0.0,L,0.0,L,0.0,L,0.0,L,0.0,L,0.0,0.0,0.0
144,K,E,0.00085766355494982,K,0.0018899197564106057,R,0.0005219966349366179,A,0.0049106720284895905,G,0.0005694626622233321,R,0.0004212945404082297,G,0.0005972071267485213,G,0.0006301264745107139,G,0.0005562036787690335,G,0.0005792466312614503,A,0.0049106720284895905,G,0.0005694626622233321,A,0.0049106720284895905,G,0.0005694626622233321,G,0.0005694626622233321,G,0.00107942600146239,K,0.0004553134829876152,C,0.007581077295766546,H,0.003657958538822576,C,0.006363232415325632,R,0.0006191778866728605,K,0.001627730978807625,R,0.0004208682414554499,R,0.00017365476270837427,E,0.0011571863243497562,E,0.0011571863243497562,K,0.0004367941580799882,K,0.0011244851953146557,G,0.0005611549217002189,G,0.001454657735289457,G,0.0001219103829341028,G,3.5603979021537875e-05,G,0.00079365682539436,G,0.0007921564881476593,G,0.0007921564881476593,L,0.0010648590265082095,L,0.0021112540280750617,0.0015309466652345559,0.19695233731334438
145,F,F,0.00015905068170619485,F,0.00016490264405148388,F,2.5100593922903866e-06,L,0.0018929677476145284,L,0.00023916402263659926,F,0.00013594319849092565,F,0.00027064091594950976,F,0.0001447379218119066,F,0.00011822511678814781,F,0.00011822511678814781,L,0.0018929677476145284,L,0.00023916402263659926,L,0.0018582180850937426,L,0.00023916402263659926,L,0.00023916402263659926,F,0.0011209134250480754,F,7.642852558842205e-05,F,6.70651138011878e-05,F,8.211818382296991e-05,F,5.132670396279372e-05,F,8.62399825973393e-05,F,1.568437286823853e-05,F,0.0001017874335509781,F,8.500720035602453e-05,F,5.456579898705492e-05,F,5.456579898705492e-05,F,0.00012113757553362423,F,0.00021967880758876475,F,0.00027925510701149044,F,0.00012806379827658205,F,0.0027670058819798805,L,0.00019768916149205277,F,0.00028479299941924075,F,0.00028479299941924075,F,0.00028479299941924075,F,5.6568963612687654e-05,F,0.00013648458304684315,0.0003857029930329078,0.04961969460571978
146,R,R,0.00014534101958143524,R,0.0001473628470743097,R,5.1191701384268805e-05,R,0.00014434955080017803,R,0.00011497365427747927,R,0.00015441411519705574,R,0.00010698678181838702,R,0.00012383248116214945,R,0.00012624752249266178,R,0.00012624752249266178,R,0.00014434955080017803,R,0.00011585121494072787,R,0.00013769513227528221,R,0.00011497365427747927,R,0.00011497365427747927,R,0.0001154763256446125,R,0.00013227388133010967,R,0.00015553948910210135,R,0.0001410367065091831,R,0.00015530271172055297,R,0.00014570813042936892,R,5.84093218062908e-05,R,0.00014684043135157232,R,0.00014135000365049638,R,0.0001210145436148241,R,0.0001210145436148241,R,0.0001504322182189378,R,0.00013845115997463648,R,0.000520195219185864,R,0.00013310251900807896,R,3.9664610566678595e-05,R,0.00011471682690179497,R,0.00012540091788253285,R,0.00012540091788253288,R,0.00012540091788253288,R,0.00013094413505825608,R,6.325258557111456e-05,0.00013431671675023321,0.01727949895639236
147,L,I,0.0020274620904409957,L,0.00019430919539970264,L,0.00029048132182350343,T,0.0016788829024013982,T,1.6960290978045912e-05,L,0.00024215644821786196,L,0.0010463435846003084,L,0.0003703241853508605,L,0.00777318353322648,V,0.001027328799180384,T,0.0017359412193000277,T,1.6960290978045912e-05,T,0.0013880985610389908,T,1.6960290978045912e-05,T,1.6960290978045912e-05,T,0.00028324734947742316,I,0.0002016777372745109,L,0.00026503278579142716,L,0.00026919838366197833,L,0.00026503278579142716,L,0.0002526561511937714,L,0.00010511816664572807,L,0.0004076954599179431,L,0.0002423080270745021,L,0.0002119499185470343,L,0.0002119499185470343,I,0.00047793296397119966,L,0.0019443681600375044,L,0.0003758370743658661,L,0.0005607664219808476,T,0.0004571325168438695,T,0.0009982282854619547,L,0.00048259401608399875,L,0.00048259401608399875,L,0.00048259401608399875,L,0.0005213202801938106,L,0.00040920551154887856,0.0007500214311208487,0.09648832140845272
148,L,F,0.002157917378243012,F,0.0013492293218902538,L,5.5454322606643915e-05,L,0.00017469027532701536,L,0.00018845392731028522,V,5.8564401401416124e-05,L,1.2857962809875794e-05,L,7.921778678922829e-06,L,0.000274992297027946,L,0.0002742486567122453,L,0.00017469027532701536,L,0.00018845392731028522,L,0.00017469027532701536,L,0.00018845392731028522,L,0.00018845392731028522,L,0.00016058554592836052,L,2.9632958893757115e-06,L,2.2628810586878172e-05,V,6.0945984039471585e-05,L,2.1636339827368896e-05,V,4.4282369977869705e-05,L,0.00047768943026365527,L,0.00024279915514503257,V,5.8564401401416124e-05,L,9.03078013638064e-06,L,9.03078013638064e-06,L,7.201397015001357e-07,L,1.256090198341295e-06,L,4.124424890754852e-06,L,1.1731318062292253e-05,L,0.00041619710044131253,L,0.00020049615958358624,L,4.52331807464269e-06,L,4.52331807464269e-06,L,4.52331807464269e-06,L,5.6597892079692496e-06,L,1.0539164824207002e-05,0.0001957709105150968,0.025185422379167283
149,R,R,0.0,R,0.0,R,0.0,R,0.0,R,0.0,R,0.0,R,0.0,R,0.0,R,0.0,R,0.0,R,0.0,R,0.0,R,0.0,R,0.0,R,0.0,R,0.0,R,0.0,R,0.0,R,0.0,R,0.0,R,0.0,R,0.0,R,0.0,R,0.0,R,0.0,R,0.0,R,0.0,R,0.0,R,0.0,R,0.0,R,0.0,R,0.0,R,0.0,R,0.0,R,0.0,R,0.0,R,0.0,0.0,0.0
150,Q,Q,0.0002262724781026346,E,0.0005111245427376219,E,0.0004496306212378701,L,0.00028344156400387057,L,0.00018638158404834143,Q,2.059451337544481e-05,Q,4.034130919614428e-05,L,0.0023989375067330755,L,8.87825047920225e-05,L,8.87825047920225e-05,L,0.00028344156400387057,L,0.00018638158404834143,L,0.0002902468332729451,L,0.00018638158404834143,L,0.00018638158404834143,L,0.00014299025311862687,Q,0.001156729286958651,Q,7.59989842396639e-05,Q,0.00014626635766770148,Q,1.2287620088507664e-05,G,0.0006275949822123421,E,0.00016187016295637042,R,7.714011463798043e-05,Q,3.524531233128383e-05,Q,0.00013699986109078186,Q,0.00013699986109078186,Q,0.0003041621415453002,Q,0.00013360383306608081,L,0.0017579339928643417,Q,0.0005921297109412225,L,8.927651486068255e-05,L,0.00010660362656560147,Q,5.785010830338038e-06,Q,5.785010830338038e-06,Q,5.785010830338038e-06,E,0.0002768158159465972,E,0.0004607905541087735,0.000320970710735762,0.04129205355357588
151,H,N,0.0007951293250650583,Y,0.003903597395465516,N,0.001411037033774071,H,0.00031624316778626157,H,0.00024094266254644014,Q,0.0030012003808681446,H,0.0004175800376634393,H,0.00016266117584963445,H,0.00017246995486587194,H,0.00017246995486587194,H,0.0003172014732732698,H,0.00024062754296862214,H,0.0003172014732732698,H,0.00024094266254644014,H,0.00024094266254644014,H,0.00031568494889225307,H,0.0004995171015161271,Q,0.0018899537030512312,Q,0.0030313630755196604,Q,0.0018899537030512312,Q,0.0015145573146920215,H,0.0007692149468284379,H,0.001027328799180384,Q,0.0028460704629484136,H,0.001027328799180384,H,0.001027328799180384,Y,0.006167245015395708,H,0.00032428196127950163,H,0.0004299458618644169,H,0.0003129489906996901,H,0.0002547150794676323,H,0.0003218470461370251,H,0.0008299314115007363,H,0.0008299314115007363,H,0.0008299314115007363,N,0.004426403061271552,N,0.002464901718845782,0.0012156927439692538,0.1563957339708723
152,G,G,5.43870187837158e-05,G,5.43870187837158e-05,G,5.43870187837158e-05,G,5.269507847995417e-05,G,5.269507847995417e-05,G,0.00017189106124367248,G,3.315111986147368e-05,G,3.315111986147368e-05,G,5.269507847995417e-05,G,5.269507847995417e-05,G,5.269507847995417e-05,G,5.269507847995417e-05,G,5.269507847995417e-05,G,5.269507847995417e-05,G,5.269507847995417e-05,G,1.9082900025539734e-05,G,0.001210111869330061,G,5.269507847995417e-05,G,5.43870187837158e-05,G,5.269507847995417e-05,R,0.0004905858929716466,G,5.43870187837158e-05,G,5.31108284637181e-05,G,0.00017189106124367248,G,5.43870187837158e-05,G,5.43870187837158e-05,G,0.00017189106124367248,G,5.43870187837158e-05,G,3.315111986147368e-05,G,3.315111986147368e-05,G,3.293686184823158e-05,G,5.269507847995417e-05,G,2.581260946190131e-05,G,2.581260946190131e-05,G,2.581260946190131e-05,G,5.43870187837158e-05,G,5.43870187837158e-05,0.00010020959388644378,0.012891705625899322
153,Y,F,0.0009323235738128584,F,7.919575166951216e-05,I,0.0008171294714384742,Y,0.00019462703670157424,Y,0.00021997361859950828,H,0.0005936524547617127,F,0.00017651980584962982,F,0.0010029513673692706,Y,9.429961195880053e-05,Y,0.0002587835959113273,Y,0.00019462703670157424,Y,0.00021997361859950828,Y,0.00036309127215936304,Y,0.00021997361859950828,Y,0.00021997361859950828,Y,0.00024627992477393404,F,0.00011198275367545536,Y,0.000232386236708174,H,0.0006213251319081475,Y,0.000232386236708174,H,0.00014553393535110095,F,0.00011901083996610051,Y,9.194570147482337e-05,H,0.0005557004616111294,F,5.547620239188364e-05,F,5.547620239188364e-05,Y,0.0011540654463155526,Y,8.093061651364432e-05,F,0.0008672628898224218,F,0.00023849139177831657,Y,0.0001926149927375397,Y,0.00022433588669555724,F,0.0007274309363153122,F,0.0007274309363153122,F,0.0007274309363153122,F,0.002169660311311117,F,0.0030967629530961097,0.0004935409831597063,0.06349277372006784
154,S,N,0.0011136175746957434,H,0.0006121316503124876,F,0.001078335445104697,P,0.0018326965767214761,P,0.0007061916728125233,Y,0.001973636740287285,N,0.0017671751544494853,D,0.0013980206610404624,T,7.881285513141592e-05,T,7.88128551314159e-05,P,0.001848720295276462,P,0.0007061916728125233,P,0.0024906756785867835,P,0.0007061916728125233,P,0.0007061916728125233,A,0.0005308886806760581,Y,0.0007782651537561336,Y,0.0010153720090866724,Y,0.0006478843899065341,Y,0.0010941051851070002,Y,0.0011004825396979938,H,0.0006503377339545282,N,0.0006117160977813651,Y,0.0009158872070359464,D,0.0018473467454930173,D,0.0018473467454930173,K,0.0002903684159622268,S,0.0009462955039166724,D,0.0016119467598074567,N,1.4880360541058692e-05,P,0.0018502080250606607,P,0.0013313389528367572,K,0.000532825162332166,K,0.0005372672363197682,K,0.000532825162332166,S,6.61511847095553e-05,S,0.0002109883944629098,0.0009746521574123642,0.12538648460392227
155,V,V,0.00023060405927612435,I,0.0022852918741392077,V,0.00018950709835702364,V,0.0002926042852019735,V,0.0002827677732028335,M,0.0020943125764948424,V,0.000317287463433183,V,0.000227659662846973,M,0.00593470081468058,V,0.0008109282000493001,V,0.00029869628343759895,V,0.0002827677732028335,V,0.0003304321008132414,V,0.0002827677732028335,V,0.0002827677732028335,V,0.000650466443821246,I,0.004002660158769078,V,0.000412345589543549,M,0.0035239353961445613,V,0.00038842514569486635,M,0.003196886769162122,I,0.0013303615068218097,V,0.00018771509486771798,M,0.0011876319377674266,V,7.914224251096233e-05,V,7.914224251096233e-05,T,0.0018100702080967091,V,0.0001877456029190324,V,0.00022917628325881787,V,0.00015231288030345685,V,0.00024313595633033305,V,0.00029463624219233,V,0.0004977290655001237,V,0.0004987017859505344,V,0.0004977290655001237,I,0.0036332566901422533,V,0.00011738075922514547,0.0010092887183398523,0.12984238877490115
156,S,P,0.0001346631122207142,S,6.923623788387265e-05,P,0.0019888556341016374,S,0.0005821238569477081,S,0.0008628534473218908,S,0.0003792041342266522,S,2.2164246478084677e-05,S,3.066426536312425e-05,F,0.00011753076519298636,F,0.00011753076519298636,S,0.0005821238569477081,S,0.0008628534473218908,S,0.0005820815533065111,S,0.0008628534473218908,S,0.0008628534473218908,S,0.00042376963993465583,S,0.0003464316560686864,S,0.00012548336025666686,S,9.974210986231718e-05,S,0.000335213584143662,S,0.00032838014374642803,S,7.458759813830692e-05,S,0.0005945007330264789,S,0.0005865312070495375,S,5.911047518455713e-05,S,5.911047518455713e-05,P,7.046265065319417e-05,S,0.0005811041434183029,S,2.7528779550695264e-05,S,2.2981820587634734e-05,S,0.0003460335401411241,S,0.00053005888930716,S,2.7481467613801874e-05,S,3.243295178758676e-05,S,2.7481467613801874e-05,S,0.0003842284398910764,S,7.804143371598409e-05,0.0003572510482169126,0.04595942533581546
157,Q,-,,-,,-,,-,,-,,-,,-,,-,,-,,-,,-,,-,,-,,-,,-,,-,,-,,-,,S,3.6863240224936103e-05,-,,-,,-,,-,,-,,-,,-,,V,2.8816859337693943e-05,Q,0.00028837027142926706,-,,-,,-,,-,,-,,-,,-,,-,,-,,0.00011801679033063236,0.01518255549044603
158,-,Q,0.0002701927346978678,Q,0.0005738080396934212,Q,0.00018133126403641528,S,2.3571550193415674e-05,A,0.003723636238647514,S,0.0006281111787572123,Q,0.00031344352611913724,E,0.0021636673610841016,P,0.0008767102039425155,P,0.0008574356021407208,S,2.3571550193415674e-05,A,0.003723636238647514,S,5.569372181487632e-06,A,0.003723636238647514,A,0.003723636238647514,A,0.00302182695090347,Q,0.000653999423362565,C,0.0022040110060387616,-,,C,0.0022068168423130777,S,0.0006766764061853147,Q,0.0007648051234452216,C,0.0053287847753505976,S,0.0005974870230256258,E,0.0023379368011981747,E,0.0023379368011981747,K,0.002367700238895297,-,,E,0.0020725431553531132,Q,0.0006616122552603282,S,0.0007829872713049773,S,0.0002724012601409384,Q,0.0010273033710917305,Q,0.0010257971194964893,Q,0.0010257971194964893,E,0.0027887779265416816,E,0.004640293845882734,0.0016459272015461293,0.21174428656040503
159,-,-,,-,,-,,-,,-,,-,,-,,-,,-,,-,,-,,-,,-,,-,,-,,-,,-,,-,,-,,-,,-,,-,,-,,-,,-,,-,,-,,-,,-,,-,,-,,-,,-,,-,,-,,-,,-,,,
160,E,D,0.0005980928406508971,E,0.0014832602562851694,D,0.0018626063142470374,D,0.0024796948080310784,E,0.0017757299147786152,D,0.003291870451371608,R,0.0031622023229473015,E,0.001027328799180384,D,0.0008590651186783373,D,0.0009142728691665159,D,0.002377635289550498,E,0.0017580934833194889,D,0.0024694480230903373,E,0.0017757299147786152,E,0.0017838537750824671,D,0.0012393090177046026,D,0.003039007032549587,D,0.0020647127342050893,D,0.0021108752332296837,D,0.0017355527171604812,D,0.0027142624793931465,E,0.0005886333437205496,D,0.0026333121769437163,D,0.0018322926802977462,N,0.0037394742715069133,N,0.0037394742715069133,E,0.0011687089608342675,E,0.0013806430169108163,D,0.00777318353322648,D,0.0017732163813849542,D,0.0010731231669932567,S,0.001080384653942994,E,0.00019805365619166623,E,0.0002096072800666656,E,0.0002096072800666656,D,0.0013378038816900693,D,0.002791146249972225,0.0019473315729907257,0.2505191810622836
161,V,I,0.0009099850562307607,I,0.0018430159244854567,V,0.00010028697017131937,V,8.783458205822298e-05,V,3.1239243460830045e-05,V,9.109970283489974e-05,I,0.0020913660976750546,V,8.382482106301424e-05,V,2.7571925088653156e-05,V,2.7571925088653156e-05,V,8.783458205822298e-05,V,3.1239243460830045e-05,V,8.783458205822298e-05,V,3.1239243460830045e-05,V,3.1239243460830045e-05,V,3.647798116785398e-05,I,0.0005842504135427066,A,0.0003478676656964352,V,0.00010013263956380056,A,0.0003478676656964352,V,0.00010211911068299105,I,0.0018430159244854567,V,7.945181669558998e-05,V,9.109970283489974e-05,I,0.0006088903393497867,I,0.0006088903393497867,T,8.914029690410967e-05,V,7.763387595110808e-05,V,8.382482106301424e-05,I,0.0033837384946388462,V,3.7281535809328076e-05,V,6.637561246804541e-05,V,6.088585836901898e-05,V,6.088585836901898e-05,V,6.088585836901898e-05,I,0.0009091443795472461,I,0.0019779588114805487,0.0004627297876943472,0.059528992943033994
162,F,F,0.00013838926037189597,-,,F,0.0006028280534333451,L,0.00044358624837636385,L,0.000631030306487293,F,9.781412507560235e-05,F,6.972692270493372e-05,F,7.82805754323137e-05,F,0.00027253134690551615,F,0.00027253134690551615,L,0.0003056406056079987,L,0.000631030306487293,L,0.0010756309149337429,L,0.000631030306487293,L,0.000631030306487293,L,0.00038403855141343955,L,0.00043787570591131747,F,0.0010152166174144204,F,0.0001636364511476409,F,0.0010113988393459141,F,0.0012102662433903875,-,,F,0.000544136550016393,F,4.813753949326386e-05,F,0.00014274054463310877,F,0.00014274054463310877,F,0.0009180275400842064,F,0.0011307123748689376,F,0.00016640453342234057,F,0.0002125211015088652,L,0.00024794681150335266,L,0.00013977449738926376,F,8.099988309160279e-05,F,8.099988309160279e-05,F,8.099988309160279e-05,F,0.0005808708401985281,F,0.001374322823656174,0.00045699566814291065,0.05879131326173919
163,N,N,0.00025829414856150566,-,,E,0.000594869656119319,E,0.000501147920568034,K,0.00014399389233894221,K,0.0011397668200069954,D,0.00040786638571208434,D,0.005268592524640735,E,7.141582828111131e-05,E,7.141582828111131e-05,E,0.000501147920568034,K,0.00014399389233894221,E,0.0004977455276534943,K,0.00014399389233894221,K,0.00014399389233894221,N,0.00034562130865712146,N,0.0002744628764027733,K,0.004003845217951491,K,0.0010569387242936057,K,0.004575405393018666,T,0.0037602789151572613,-,,N,0.0004807758534544772,K,0.0004710340267562226,D,0.0016985384208748496,D,0.0016985384208748496,S,0.0006409408349795776,N,0.0007847107874802348,S,0.001027328799180384,D,0.0012058229248686065,E,0.00022621110127219997,E,0.0004587444278680007,D,0.0008262938675260281,D,0.0008262938675260281,D,0.0008262938675260281,E,0.000690733600048007,K,0.001017052409753927,0.0010509743935776727,0.13520514330908073
164,S,D,0.0022295103090289826,-,,T,0.002233638870610421,H,0.0016694117697341369,H,0.0032953041118896935,Q,0.0025018214930566957,C,0.0023483591262277695,F,0.0011251030596084967,Q,0.005116530345605602,Q,0.00551588305188727,H,0.0015705788678552213,H,0.003745887723549758,H,0.002892378852106765,H,0.003272539553758862,H,0.0032953041118896935,L,0.0059168301540801025,D,0.004204771374106693,K,0.0016371079850623625,Q,0.0005240077931253972,K,0.0011260684286188028,R,0.0005997990371361446,-,,K,0.0004444587503002166,Q,0.0007546955257188918,V,0.00178433318932487,V,0.00178433318932487,R,0.0033357373945145136,S,0.0022831139110873967,F,0.00105630694876128,C,0.002250895089116522,N,0.0016433344495194212,Q,0.0011645386511409945,C,0.00622147200426231,C,0.0062180961249426805,C,0.006223246286878998,E,0.0030077142834376734,K,0.0018554857595402903,0.002709959930765994,0.3486293510480317
165,F,F,0.0001637410918662145,-,,L,0.00777318353322648,F,0.0001475113195714884,F,0.0001346363426749991,F,0.0001614432158944757,F,0.00013408281203339042,F,0.00011501790639676889,F,0.00020370517684735863,F,0.00022063521603667114,F,0.0001475113195714884,F,0.0001346363426749991,F,0.0001475113195714884,F,0.0001346363426749991,F,0.0001346363426749991,F,0.0001324575883247951,F,0.00012398338802819165,F,0.00017274711231622599,F,0.00022396552999249159,F,0.0002344808320478662,F,0.00011201493899140908,-,,F,0.00016852989551869799,F,0.00022251765022010268,I,0.0008011430136304351,I,0.0008011430136304351,F,9.431845412263009e-05,F,0.00038179833851120673,F,0.00011501790639676889,F,6.125896870002428e-05,F,0.0002132857855159202,F,0.00013035661825654097,F,0.0001175897013232747,F,0.0001175897013232747,F,0.0001175897013232747,F,0.00021903882666836962,F,0.0005918142958126971,0.00042587227263915587,0.05478736875551239
166,K,I,0.001994213350471969,-,,-,,K,0.001401320270663513,Q,0.0006893139295634,I,0.00242432556249281,K,0.0008684966618754247,K,0.0008030165715287634,K,0.001395927537698389,K,0.0014154439752810694,K,0.0013706606123652962,Q,0.0006893139295634,K,0.0012452868205212186,Q,0.0006815445594799531,Q,0.0006880261272088175,K,0.00128350631290216,K,0.0005422666816178842,T,0.003890646931306442,T,0.0011341893963396205,T,0.0007113995500402909,T,0.0009374004606940846,-,,K,0.0037560062233668178,T,0.001027328799180384,I,0.0013796549286393988,I,0.0013796549286393988,M,0.0017856025527131756,K,0.0017714535303348226,K,0.0011368566078791048,K,0.0007913576390154239,K,0.0010148558252711978,K,0.0012545419251904744,K,0.003616283644216296,K,0.0036094942561634064,K,0.003616283644216296,R,0.00501349380140964,K,0.0005822942052782474,0.0016441606397979002,0.21151702295075553
167,-,-,,-,,-,,-,,-,,-,,-,,-,,-,,-,,-,,-,,-,,-,,-,,-,,-,,-,,-,,-,,-,,-,,-,,-,,D,0.0,D,0.0,-,,-,,-,,-,,-,,-,,-,,-,,-,,-,,-,,0.0,0.0
168,D,-,,-,,K,1.9942495764569683e-05,D,2.8092144426356137e-05,N,7.71889798463255e-05,N,0.0005592230786768435,N,0.000139232819779033,N,0.0005739438282243854,D,0.0011609110491360806,D,0.0011609110491360806,D,2.8092144426356137e-05,N,7.71889798463255e-05,D,3.854976382336663e-05,N,7.71889798463255e-05,N,7.71889798463255e-05,D,7.0940210800872524e-06,D,6.432234718830158e-05,N,0.00014724490477895314,N,0.0003765627491487283,N,0.00014724490477895314,N,0.0011658600743035133,-,,D,9.856355224111151e-05,N,0.00042555225099232815,Q,0.00275142643032905,Q,0.00275142643032905,D,3.510166871427226e-06,D,0.00013449708849816864,N,0.00019758986485089453,N,7.96728572296682e-05,D,0.0003553935952671516,D,0.0003258597527512744,N,0.0010557364346274471,N,0.0010557364346274471,N,0.0010557364346274471,D,3.388768918286979e-05,D,0.00033800166644082293,0.0004878992336153844,0.06276697720179367
169,-,-,,-,,-,,-,,-,,-,,-,,-,,-,,-,,-,,-,,-,,-,,-,,-,,-,,-,,-,,-,,-,,-,,-,,-,,-,,-,,-,,-,,-,,-,,-,,-,,-,,-,,-,,-,,-,,,
170,-,T,0.002483317636780907,-,,D,0.0009930918887906376,-,,-,,-,,E,5.6705414037283815e-05,E,0.0006588279866347757,-,,-,,-,,-,,-,,-,,-,,-,,-,,-,,-,,-,,-,,-,,-,,-,,I,0.005464856992867881,I,0.005464856992867881,-,,-,,E,0.00041167793579947686,E,0.0006707327834638965,-,,-,,E,0.0010336797269870912,E,0.0010193093927994448,E,0.0010336797269870912,-,,D,0.001027328799180384,0.0016931721064330626,0.21782222164131299
171,E,E,0.0016968074709513153,-,,K,0.0008253304919526356,Q,0.0033804684142252615,Q,0.00186715862829134,Q,0.0006713816445752379,K,0.001323869467403165,D,0.0033699850999547626,Q,0.0028330276376307586,Q,0.002852014120858033,Q,0.0033903395086692335,Q,0.00186715862829134,Q,0.0032055053454991484,Q,0.00186715862829134,Q,0.00186715862829134,Q,0.0012467992967165355,E,0.0015019959888337134,D,0.0020490348375408625,Q,0.001054037765369339,D,0.002053184507186723,D,0.001858646255728828,-,,T,0.0006836995701778794,Q,0.0014759437288406996,E,0.00047802112998340324,E,0.00047802112998340324,E,0.00028739570361209163,E,0.003609565303871838,D,0.003006231555233869,K,0.0017781178996303455,H,0.0015033508754029334,E,0.0003235881140491292,K,0.0010448598565386924,K,0.0010344971309291593,K,0.0010448598565386924,E,0.001341389953618587,Q,0.004112954934026308,0.001799530260248512,0.23150492363346603
172,R,D,0.0015693081567220814,F,0.00014718035182511606,S,0.0004097752936980565,K,0.002199155285234264,N,0.0025632616671053972,D,2.2866336683660153e-05,G,0.0005418675535242237,G,0.00044794337775254053,M,0.0024690784591202553,M,0.0016681018567344698,K,0.002199155285234264,N,0.0025632616671053972,K,0.0026706715804040164,N,0.0025632616671053972,N,0.0025632616671053972,N,0.0014646773976292379,Q,0.00013887424797385045,Q,0.0021142290512724945,D,3.581433526463502e-05,Q,0.0021142290512724945,D,0.00012753158885750782,F,0.00017070562021438633,N,0.00013401555413670587,D,4.3588409764411154e-05,S,0.0023552282260597824,S,0.0023552282260597824,K,7.564972165148486e-05,R,0.0013123022712882696,G,0.00020902522251867167,G,0.0001767701547742985,N,0.0008903270853174043,K,0.0015215988916305499,Y,0.003471185845931466,Y,0.003471185845931466,Y,0.003471185845931466,K,0.00030069144852494273,K,0.0015167171022913194,0.0014072678743148963,0.1810413800599881
173,G,G,0.0002808987533413685,G,0.0006482576790770555,G,0.0008263319472336677,G,0.0002318970961835318,G,0.00022373702283255535,G,3.6980351530116744e-05,S,0.0010482598969096867,S,0.000681822486692989,G,0.00012592859630661886,G,0.00032246954670548766,G,0.00023156673626303662,G,0.00022373702283255556,G,0.0002440321935000302,G,0.00022373702283255556,G,0.00022373702283255535,G,5.931720641468955e-06,G,3.0324712405223006e-05,G,0.0005172162248713169,G,2.2048568087053642e-05,G,0.0005163439289305296,G,0.00022788771608933306,D,0.001027328799180384,G,5.45981701076926e-05,G,5.3980079103193446e-05,N,0.00016070941111008164,N,0.00016070941111008164,G,0.0006475890664339867,G,0.0013038986737155876,S,0.00035069935822588905,S,0.0007275158053682292,G,4.504963694908372e-05,G,1.4201548232999301e-05,T,0.0029393250727199087,T,0.0029393250727199087,T,0.0029393250727199087,G,7.440918340514212e-05,G,0.0003192392349300725,0.0005581364822197537,0.07180281796177831
174,S,E,0.0005537822408934883,G,0.0003606309255086726,K,0.00048382716889833357,R,0.0034800639308999177,Q,0.0009241644415307071,K,0.0008613815460838516,H,0.00047805492151991355,D,0.001027328799180384,R,0.0018263590455751956,R,0.0018537120751118893,R,0.0034800639308999177,Q,0.0009202497205788444,R,0.0034058770821787277,Q,0.0009241644415307071,Q,0.0009220121126411228,Q,0.0004206622603285938,H,0.00012676574837644522,N,0.0009428971141841794,K,0.0006891534272651927,N,0.0009428971141841794,K,0.0007664642621267914,G,0.0002566345707762218,D,0.001027328799180384,K,0.0014270532911217321,T,0.004898659315168365,T,0.004898659315168365,S,0.0022619025883563212,S,0.004495021579613255,D,0.001027328799180384,D,0.001027328799180384,Q,0.0003043265482156786,Q,0.00160793675519661,N,0.0022049884883053013,N,0.0022049884883053013,N,0.0022049884883053013,Q,0.001865194422446715,Q,0.001994473325557141,0.0015972250238803925,0.2054788770975306
175,F,F,1.3815501391288258e-06,L,0.0026736792828750454,F,0.0001018811172533542,F,0.0003573542640877104,-,,F,0.0005355180391868965,F,4.199940242630818e-05,F,0.00022316288966152493,I,0.0011330585044170326,I,0.00010149199673698057,F,0.0003685768300539718,-,,F,2.6095582516382075e-05,-,,-,,F,0.0003252802016512513,F,6.937083715226246e-05,F,6.729425437960535e-05,F,0.001027328799180384,F,6.45255633060432e-05,F,0.0005804995055379021,L,0.0011522514957120024,Y,0.0002288245528163645,F,0.0001386542169446335,F,4.459660714141678e-05,F,4.459660714141678e-05,F,7.989137584511188e-05,F,1.0263208534158e-05,F,6.052010147899049e-06,F,0.00035145430932750324,F,9.252081937402782e-05,F,0.0004345828144146162,F,0.0001712024920690036,F,0.0001712024920690036,F,0.0001712024920690036,Y,0.00168401303482018,F,2.6966816838885376e-05,0.0003789931504796064,0.04875649067844595
176,-,-,,-,,-,,-,,-,,-,,-,,-,,-,,-,,-,,-,,-,,-,,-,,-,,-,,-,,-,,-,,-,,-,,-,,-,,-,,-,,K,0.0,-,,-,,-,,-,,-,,-,,-,,-,,-,,-,,0.0,0.0
177,K,D,0.0026918947210534524,S,0.00026643823524404617,K,0.0005860656600692682,A,0.00242182201209215,F,0.002677101571297176,K,0.00015019547050631495,D,0.004121215132923069,K,0.00025454654088681285,A,0.0017517580356682517,A,0.0016962072085571463,A,0.002511310332752039,F,0.002677101571297176,A,0.0024648341884843743,F,0.002677101571297176,F,0.002677101571297176,A,0.0015756566823260146,K,0.0005320675409082807,K,0.0004930367883963746,K,0.0004653929857543022,K,0.000525764149545701,K,0.001293084425317147,S,0.0008833354011301174,K,0.0002840463352232119,K,0.0004509151869646051,K,0.00018468697126373975,K,0.00018468697126373975,L,0.00037994843688908753,K,3.083486891415258e-05,K,0.00012760153556672882,D,0.0013419747181644857,T,0.0008542737355986784,A,0.0014213612466449134,K,1.4852510023733725e-05,K,1.4852510023733725e-05,K,1.4852510023733725e-05,F,0.0033942568727374266,E,0.002997454398603824,0.0012726927190461993,0.16372863365519072
178,A,E,0.0003714374811787064,E,0.00016725785905392798,-,,C,0.0020259344765642647,A,0.0023420510253779185,E,0.000171763070077833,E,0.00017824768879825485,A,0.0009779995192317201,-,,-,,C,0.0020259344765642647,A,0.0023420510253779185,C,0.002017866860164927,A,0.0023420510253779185,A,0.0023420510253779185,C,0.001087662328402995,Q,6.280665773355402e-05,E,0.00042671683626553203,E,0.0008967196473433345,E,0.0003861092058171843,E,0.000512372480729287,E,0.0006337637019336072,K,0.0003850929329664489,E,0.0005428076594461199,-,,-,,S,0.0025066140114281084,A,0.0010920184516794765,A,0.0009322790813448841,E,0.0006636776563858185,C,0.0009771913063843455,T,9.633111415353193e-05,A,0.003855967709313408,A,0.003855967709313408,A,0.003855967709313408,R,0.000497322047533741,D,0.0013460159155563546,0.0013099390530059412,0.16852027839129305
179,C,-,,T,0.002813479868455553,S,0.0023062989697246916,S,0.0022381213543515703,C,0.006989921207203266,T,0.0023978299447942773,T,0.0022440381830699362,S,0.0006216797570633559,C,0.006967382068434794,C,0.00777318353322648,S,0.0023466313110934414,C,0.006989921207203266,S,0.0014930666909087702,C,0.00777318353322648,C,0.006989921207203266,S,0.00027229948102848364,S,0.0003698296681810057,E,0.0038519497520115263,R,0.0019415217107370787,E,0.0040816523459011374,T,0.002445586324315236,T,0.0007625351767429164,S,0.001821942562974592,T,0.002501826133419568,-,,-,,S,0.002398464126491076,C,0.0035144947373952056,S,0.0007737195708176696,T,5.232344351207522e-07,-,,S,0.0005450782493260282,-,,-,,-,,S,0.0011014974482114847,R,0.0003851594063580475,0.0028904246254768443,0.3718456682672835
180,L,S,0.00777318353322648,H,0.0012501166811484906,Q,0.003553437044546159,S,0.00777318353322648,S,0.00777318353322648,L,0.0022258827953547363,L,0.0003764824000243559,-,,S,0.00777318353322648,S,0.00777318353322648,S,0.00777318353322648,S,0.00777318353322648,S,0.00777318353322648,S,0.00777318353322648,S,0.00777318353322648,-,,L,0.001491441513874328,L,0.00119942428637987,L,0.00241060748741089,L,0.001188700235655126,L,0.0005846706171598032,H,0.00157602554542972,L,0.0016566822755453453,L,0.0021298772182396287,-,,-,,H,0.0009395125592213275,L,0.0004085100883616141,-,,L,0.0007374763067424698,S,0.00777318353322648,S,0.00777318353322648,S,0.00777318353322648,S,0.00777318353322648,S,0.00777318353322648,D,0.001027328799180384,L,0.0023589479116810034,0.0044285273988860134,0.5697186204283314
181,C,L,0.00040781497120807506,T,0.0003035614325336622,L,2.444464384516874e-05,I,3.118585661872144e-05,P,0.005084428897972021,T,0.0023766269436837953,I,6.911922306456777e-05,L,7.091428871034698e-05,T,0.0063125971233835365,A,0.001027328799180384,I,3.118585661872144e-05,P,0.005084428897972021,I,0.0005124451077912971,P,0.005084428897972021,P,0.005084428897972022,P,0.004361188499430297,C,0.0004879471884790779,V,0.0031594440536618145,T,0.002268322705578635,V,0.003412056962507801,T,0.0026750622247705587,T,0.0002784163251309097,V,0.0025791102710027297,T,0.0023892500795322956,-,,-,,S,0.0013375083279441808,C,0.001027328799180384,L,0.00014467165725017635,I,0.0007098276422532666,G,0.0015368641362789128,I,0.00021238691733084953,L,0.0010123011730303576,L,0.0010123011730303576,L,0.0010123011730303576,G,0.00041823488287425484,Q,0.0007072599899431795,0.0017784778291647643,0.22879658270805767
182,E,S,6.379000729803792e-05,-,,C,0.0023488184995472334,-,,S,0.007736267400932562,N,0.00028004642247583534,G,0.0008902990491540291,G,0.0005366989057993109,N,0.0005784151889369214,N,0.0007012721884560352,-,,S,0.007736267400932562,K,0.001008736464232824,S,0.007736267400932562,S,0.00777318353322648,S,0.00777318353322648,K,0.0006412678374762895,K,0.0004505701240818421,N,0.0001331950691509036,K,7.76135087612558e-05,K,0.00024242327904194048,-,,T,0.0035735243254947056,N,0.00022614759268362793,T,0.0038512255551312667,T,0.0038512255551312667,D,0.00036476719378462176,E,0.00174501623211507,G,0.0002833091757118632,G,0.001361260969871713,I,0.001988939597366308,Q,0.0005780321070335124,A,0.004846474379992991,A,0.004846474379992991,A,0.004846474379992991,L,0.0007625199105385725,-,,0.0024948033490157684,0.3209500120962961
183,-,-,,-,,-,,K,0.0001200367251648673,-,,-,,-,,-,,Q,0.005254083005031816,Q,0.006698735984990868,K,0.0001171908203944102,-,,T,0.0019721135549023478,-,,-,,Q,0.00777318353322648,-,,-,,-,,-,,-,,-,,-,,-,,-,,-,,-,,-,,-,,-,,Q,0.006580597653661491,T,0.003374109799402924,-,,-,,-,,K,0.00012309766903992903,S,0.0009315417847541606,0.003294469053056929,0.4238249410907022
184,-,-,,-,,-,,T,2.582350291230067e-05,-,,-,,-,,-,,-,,-,,T,2.582350291230067e-05,-,,E,4.8776168169388634e-05,-,,-,,-,,-,,-,,-,,-,,-,,-,,-,,-,,-,,-,,-,,-,,-,,-,,-,,D,0.00035009002788919573,-,,-,,-,,-,,-,,0.00011262830047079643,0.014489340176951523
185,-,-,,-,,-,,-,,-,,-,,-,,-,,-,,-,,-,,-,,-,,-,,-,,-,,-,,-,,-,,-,,-,,-,,-,,-,,-,,-,,-,,-,,-,,-,,-,,-,,-,,-,,-,,-,,-,,,
186,-,-,,-,,-,,-,,-,,-,,-,,-,,-,,-,,-,,-,,-,,-,,-,,-,,-,,-,,-,,-,,-,,-,,-,,-,,-,,-,,-,,-,,-,,-,,-,,-,,-,,-,,-,,-,,-,,,
187,-,-,,-,,-,,-,,-,,-,,-,,-,,-,,-,,-,,-,,-,,-,,-,,-,,-,,-,,-,,-,,-,,-,,-,,-,,-,,-,,-,,-,,-,,-,,-,,-,,-,,-,,-,,-,,-,,,
188,-,-,,-,,-,,-,,-,,-,,-,,-,,-,,-,,-,,-,,-,,-,,-,,-,,-,,-,,-,,-,,-,,-,,-,,-,,-,,-,,-,,-,,-,,-,,-,,-,,-,,-,,-,,-,,-,,,
189,-,-,,-,,-,,-,,-,,-,,-,,-,,-,,-,,-,,-,,-,,-,,-,,-,,-,,-,,-,,-,,-,,-,,-,,-,,-,,-,,-,,-,,-,,-,,-,,-,,-,,-,,-,,-,,-,,,
190,-,-,,-,,-,,-,,-,,-,,-,,-,,-,,-,,-,,-,,-,,-,,-,,-,,-,,-,,-,,-,,-,,-,,-,,-,,-,,-,,-,,-,,-,,-,,-,,-,,-,,-,,-,,-,,-,,,
191,-,-,,-,,-,,-,,-,,-,,-,,-,,-,,-,,-,,-,,-,,-,,-,,-,,-,,-,,-,,-,,-,,-,,-,,-,,-,,-,,-,,-,,-,,-,,-,,-,,-,,-,,-,,-,,-,,,
192,-,-,,-,,-,,-,,-,,-,,-,,-,,-,,-,,-,,-,,-,,-,,-,,-,,-,,-,,-,,-,,-,,-,,-,,-,,-,,-,,-,,-,,-,,-,,-,,-,,-,,-,,-,,-,,-,,,
193,-,-,,-,,-,,-,,-,,-,,-,,-,,-,,-,,-,,-,,-,,-,,-,,-,,-,,-,,-,,-,,-,,-,,-,,-,,-,,-,,-,,-,,-,,-,,-,,-,,-,,-,,-,,-,,-,,,
194,-,-,,-,,-,,-,,-,,-,,-,,-,,-,,-,,-,,-,,-,,-,,-,,-,,-,,-,,-,,-,,-,,-,,-,,-,,-,,-,,-,,-,,-,,-,,-,,-,,-,,-,,-,,-,,-,,,
195,-,-,,-,,-,,-,,-,,-,,-,,-,,-,,-,,-,,-,,-,,-,,-,,-,,-,,-,,-,,-,,-,,-,,-,,-,,-,,-,,-,,-,,-,,-,,-,,-,,-,,-,,-,,-,,-,,,
196,-,-,,-,,-,,-,,-,,-,,-,,-,,-,,-,,-,,-,,-,,-,,-,,-,,-,,-,,-,,-,,-,,-,,-,,-,,-,,-,,-,,-,,-,,-,,-,,-,,-,,-,,-,,-,,-,,,
197,-,-,,-,,-,,-,,-,,-,,-,,-,,-,,-,,-,,-,,-,,-,,-,,-,,-,,-,,-,,-,,-,,-,,-,,-,,-,,-,,-,,-,,-,,-,,-,,-,,-,,-,,-,,-,,-,,,
198,-,-,,-,,-,,-,,-,,-,,-,,-,,-,,-,,-,,-,,-,,-,,-,,-,,-,,-,,-,,-,,-,,-,,-,,-,,-,,-,,-,,-,,-,,-,,-,,-,,-,,-,,-,,-,,-,,,
199,-,-,,-,,-,,-,,-,,-,,-,,-,,-,,-,,-,,-,,-,,-,,-,,-,,-,,-,,-,,-,,-,,-,,-,,-,,-,,-,,-,,-,,-,,-,,-,,-,,-,,-,,-,,-,,-,,,
200,-,-,,-,,-,,-,,-,,-,,-,,-,,-,,-,,-,,-,,-,,-,,-,,-,,-,,-,,-,,-,,-,,-,,-,,-,,-,,-,,-,,-,,-,,-,,-,,-,,-,,-,,-,,-,,-,,,
201,-,-,,-,,-,,-,,E,0.0013634238723381534,-,,-,,-,,-,,-,,-,,E,0.0013634238723381534,-,,E,0.0013634238723381534,E,0.0013700723017233637,-,,-,,-,,-,,-,,-,,-,,-,,-,,-,,-,,-,,-,,-,,-,,-,,-,,-,,-,,-,,-,,-,,0.0013650859796844558,0.175614788181624
202,-,-,,-,,-,,-,,T,0.00019789607166319386,-,,-,,-,,T,0.0005300005427436391,T,0.0005300005427436391,-,,T,0.00019789607166319386,-,,T,0.00019789607166319386,T,0.00019789607166319386,T,0.00043108288843590666,-,,-,,-,,-,,-,,-,,-,,-,,-,,-,,-,,-,,-,,-,,T,0.00035818249490051604,-,,-,,-,,-,,-,,-,,0.0003301063444345596,0.042467329251074507
203,-,-,,-,,-,,E,0.0012751132794115996,E,0.0010654089752462033,-,,-,,-,,E,0.0007155466327005606,E,0.0007247059097783516,E,0.0003139712519940725,E,0.0010654089752462033,-,,E,0.0010654089752462033,E,0.0010654089752462033,E,0.001033730255023487,-,,-,,-,,-,,-,,-,,-,,-,,-,,-,,-,,-,,-,,-,,E,7.944169846511726e-05,G,0.0020639399340065634,-,,-,,-,,N,2.816824570510077e-05,-,,0.0008746877590058055,0.11252632274369335
204,-,E,0.00010941369424932886,E,0.002022653699616239,K,0.0019382299519401858,G,0.005196324837837438,G,0.003583412045001694,-,,E,0.0003149679713249606,E,8.88644765253688e-05,R,0.0024679987871811474,R,0.0022143358904674177,G,0.0051502044927901405,G,0.003583412045001694,G,0.005146327771702742,G,0.003583412045001694,G,0.003583412045001694,E,0.0006432041188285969,-,,-,,-,,-,,-,,K,0.002501522049960577,-,,-,,N,0.0003757511100212414,N,0.0003757511100212414,-,,-,,E,0.000493635866478748,E,0.00030577587578072343,G,0.002454783472868508,G,0.003682403198592285,G,0.0014272072012770213,G,0.0014272072012770213,G,0.0014272072012770213,Q,0.0020240683097547322,-,,0.002158518710376133,0.27768786124109157
205,D,D,0.0003644733160174252,D,0.0007754375101098752,D,0.00024457668286534195,E,0.002498844424220669,E,0.0034046274034481316,D,0.0010018117393478336,D,0.000675831413607555,N,0.0011006867716341988,Q,0.0016194986049237236,Q,0.0016276891208653202,E,0.002498844424220669,E,0.0034046274034481316,E,0.002498844424220669,E,0.0034046274034481316,E,0.0034046274034481316,E,0.0027234791491060942,D,4.8416314531322156e-05,D,0.0003071761421490283,D,0.0003065330924167689,D,0.00029396122543831024,D,0.00025913923323077955,D,0.0007580405994419472,D,0.00016424699754252634,D,0.0010428059569046074,N,0.0018333540605141362,N,0.0018333540605141362,E,0.0008265456829535823,D,5.626809163130486e-05,N,0.0010830615716172511,D,1.4046132064111038e-05,E,0.0031044272534826887,E,0.0017396659075523417,D,0.0002350661463069667,D,0.0002350661463069667,D,0.0002350661463069667,T,0.0003472061735379501,Q,0.0011114330119001892,0.0012725245173317778,0.16370699493873658
206,T,T,0.002547805624053421,T,0.000935214246097962,V,0.005388489312635764,I,0.002155546033558402,M,0.00777318353322648,V,0.0026746964041991193,I,0.00043958279444348354,I,0.007740705541956181,I,0.003354191899841882,I,0.003115231251499583,I,0.0021588306580394507,M,0.00777318353322648,I,0.002311249356844582,M,0.00777318353322648,M,0.00777318353322648,I,0.0025750396702188755,T,0.00042995678978631247,V,0.0038992648351586006,V,0.0028730889296734122,V,0.005120085157239822,V,0.0037903210562860623,T,5.396436381968346e-05,L,0.0017397693749605489,V,0.0036071575958875057,I,0.00029476146417453696,I,0.00029476146417453696,C,0.0007983152406137779,T,0.00027313200510453673,T,0.00047054521216547584,T,0.001991810240886879,I,0.0014033952396410507,I,0.0013135963525333768,T,0.0019844564024298476,T,0.0019883463241015384,T,0.0019844564024298476,D,0.00274573827979917,A,0.0025203353194507795,0.0028666641885570793,0.3687889493800733
207,K,M,0.0013523955597102017,K,0.000686959819730088,R,0.0007723057493196806,R,0.00047122471129524006,R,0.00015418312899142923,Q,0.001588789257586687,K,0.0016140343757120664,K,0.0017970484541318394,S,0.0011382284696236137,S,0.0011704834561874669,R,0.00047122471129524006,R,0.00016069882589772822,R,0.0004383783225733639,R,0.00015418312899142923,R,0.00015418312899142923,R,0.0006994279240802397,K,0.0017399886394443638,E,0.0006725453009420236,Q,0.0016132074477038683,E,0.0008287529168537302,Q,0.00777318353322648,K,0.0004284425024282608,S,0.0009578983027277941,Q,0.0012369497791952767,N,0.000860052085791574,N,0.000860052085791574,K,0.0010939944476224138,K,0.001103766159625262,K,0.001166170573389974,K,0.000475655806230934,R,0.00014682401794304033,R,0.0003187359370120689,K,0.0005687010633473389,K,0.0005687010633473389,K,0.0005687010633473389,Q,0.0018520025065976262,E,0.001957767104995214,0.0010706984151805737,0.1377425877832258
208,G,G,0.0004713151063515031,G,0.001165760454364669,G,0.0006917707507459826,S,0.0015177882239218832,S,0.002089263047453983,G,0.0009855469041030517,A,0.004712713668107836,D,0.0018024378293057253,S,0.0016032882635416343,S,0.0017636328829845227,S,0.0015222207797420165,S,0.002089263047453983,S,0.0015067480674070773,S,0.002066498489323152,S,0.002089263047453983,S,0.0005847208390517485,G,0.0007636319520887049,G,0.000806975845652641,G,0.001231929259868819,G,0.0007382795704694872,G,0.0006099277199747623,G,0.0011424072607198641,G,0.0012155581596334894,G,0.0012662174405750758,G,0.0018379605586608021,G,0.0018379605586608021,G,0.0007172259450815435,G,0.00011332419128112683,D,0.0018817604839306554,A,0.0016321754943674329,G,0.00020000700793570378,S,0.006520600291952999,G,0.0005688765062632832,G,0.0005558758333140021,G,0.0005688765062632832,A,0.0027996309215712386,G,0.0005891696261258486,0.001466502771235252,0.18866179667142616
209,M,L,0.0024959551840513404,M,0.0034967954774416552,L,0.0027512735306610505,L,0.006141366361782199,I,0.005891618126605618,L,0.0026105946652501067,T,0.0009160031685343446,V,0.0011739523722021868,I,0.007049618237571893,I,0.007153199243446275,L,0.006147997158501424,I,0.0058852015884974344,L,0.005723185852123001,I,0.005891618126605618,I,0.005891618126605618,V,0.00029629345818716783,L,0.0036736372319566757,M,0.0031380172695202103,L,0.002814419187877089,M,0.0031458685008601875,L,0.0019460680354911328,M,0.0036682652819143096,M,0.0029548312849037874,L,0.0033096612691414567,I,0.0021089522797058933,I,0.0021089522797058933,M,0.0013649878341222233,M,0.003041420449902534,V,0.0016037786791993957,T,0.0008452718848968858,V,0.001027328799180384,I,0.0032787515116587456,L,0.003073343055477067,L,0.0030432814189452345,L,0.0030720869551296554,M,0.002149395190584757,L,0.0030157670287829694,0.0033486588137033356,0.4307963139413203
210,L,L,1.2985872710386608e-05,L,1.831121023358295e-05,L,4.312627712415069e-06,L,0.00021679861867784136,V,0.0011989827423548318,L,4.18126303671606e-05,L,2.732832478442488e-05,L,0.00025449878445635646,L,0.0007599145624797005,L,0.0003565129192141598,L,0.00021679861867784136,V,0.0011989827423548318,L,1.9753032953629977e-05,V,0.0011989827423548318,V,0.0011989827423548318,L,0.0005394844408219099,L,4.898135118772397e-05,L,0.0002182746615618631,L,4.3129298441625315e-05,L,0.0002182746615618631,L,1.372995485843382e-05,L,1.7127154845359774e-05,L,4.625898847161629e-06,L,4.260827997026171e-05,I,1.5945800375528594e-05,I,1.5945800375528594e-05,L,0.00011348904798470712,L,2.2592731326390834e-05,L,0.00037036341025759826,L,4.098462100887266e-06,L,8.42976446594542e-05,F,0.00020961373655914168,L,4.5641892548411135e-06,L,4.5641892548411135e-06,L,4.5641892548411135e-06,L,2.1617625507359484e-05,L,2.5697177318641434e-05,0.00023698778048683217,0.030487866325788874
211,S,S,0.0005851599385270506,Y,0.0002335339889265533,S,0.0001005828849544801,N,0.0004882915537341946,N,0.0001883058688228114,S,8.37885046355764e-05,Q,1.3394261736610278e-05,Q,4.0553724607004644e-05,N,0.0003026142517671319,N,0.0004092781775277206,N,0.0004914673974671807,N,0.0001883058688228114,N,0.0004918170289239877,N,0.0001883058688228114,N,0.0001883058688228114,N,0.00016899841617744465,Q,0.0003614829335079531,S,0.0002612555150565652,S,0.00013401459673812854,S,0.00024019785145948177,N,0.0008889683524009823,Y,0.00023881220827360643,S,0.0007345944525152695,S,0.00015431653257811693,S,0.0013043515878792635,S,0.0013043515878792635,A,0.00013421243168190434,S,0.00036838893845421054,Q,0.00014297496938351498,Q,7.958502142806977e-05,N,0.0001559090519801999,N,0.0002668720270685504,Q,0.0008097154744819224,Q,0.0008097154744819224,Q,0.0008097154744819224,S,0.0010744139492010539,S,5.3049730487384035e-05,0.0003916108585323099,0.050379726254805246
212,L,L,5.400632923250153e-06,L,5.834286390072946e-06,L,3.750313313599514e-05,L,1.9176692511623716e-05,L,1.7136640086176696e-05,L,3.88965633334244e-05,L,6.512930943721528e-06,L,3.7525343960250386e-06,L,7.138069861835148e-06,L,7.138069861835148e-06,L,1.9176692511623716e-05,L,1.7136640086176696e-05,L,1.0146584516483678e-05,L,1.7136640086176696e-05,L,1.7136640086176696e-05,L,5.940318533833227e-06,L,5.8933181967207966e-06,L,3.388037483999407e-05,L,1.9176692511623716e-05,L,3.388037483999407e-05,L,0.0001776249632791745,L,5.834286390072946e-06,F,0.0013320894319776343,L,5.0904527041848856e-05,L,5.1007146138729256e-06,L,5.1007146138729256e-06,L,3.2754160265404414e-05,L,2.3192980853940818e-05,L,5.257699018319783e-06,L,6.512930943721528e-06,L,4.437663385310513e-06,L,4.748451034781221e-06,L,9.520115325457197e-06,L,9.520115325457197e-06,L,9.520115325457197e-06,L,5.172021433204079e-06,L,2.9160403599081587e-05,5.5255273623766906e-05,0.0071084483452086514
213,Y,Y,9.27559128717847e-05,Y,9.112382765229287e-05,Y,0.00018288277293858926,F,0.0035275839652100433,Y,0.0005960385036561154,Y,4.2392071357136607e-05,Y,7.672610415039042e-06,Y,2.8268751628705308e-05,F,0.00025450095164492026,F,0.000387646214857301,F,0.0035275839652100433,Y,0.0005960385036561154,F,0.0034816030928153502,Y,0.0005960385036561154,Y,0.0005960385036561154,Y,0.0004911387537691735,Y,0.00016770637493281808,Y,7.947668565956578e-06,Y,4.295818444395897e-05,Y,3.8017233311947147e-05,Y,0.00022548994965034447,Y,7.950260515027121e-05,Y,0.00026507163202788497,Y,2.2290054816626504e-05,Y,1.9359774308176437e-05,Y,1.9359774308176437e-05,Y,4.5620982191473756e-05,Y,9.934044910612155e-05,Y,2.585440974356071e-05,Y,4.004839258287352e-05,F,0.0023187905737001814,F,0.0009947578036133805,Y,0.000710261690164239,Y,0.000710261690164239,Y,0.000710261690164239,Y,3.2590412868765744e-05,Y,0.00017754175375866171,0.000574387567691047,0.07389347816577685
214,E,E,0.001155991231456011,E,0.00022031798674753458,E,9.835638658673831e-05,R,0.0010212412487644919,R,0.0008499086811549291,E,0.0011546389375896085,E,6.463069803744891e-05,E,0.000314293599930246,R,0.0011195089913090754,R,0.0011195089913090754,R,0.0010212412487644923,R,0.0008499086811549291,R,0.0009886981413698716,R,0.0008499086811549291,R,0.0008499086811549291,R,4.565470065655935e-05,E,0.0012029476191867264,E,0.0006777748724739458,E,0.0006323786253074692,E,0.0006777748724739458,E,0.0005365060215537123,E,0.0005804389623484243,E,0.0004696899113579197,E,0.0011588124612854946,E,0.0013865431719225108,E,0.0013865431719225108,E,0.0005127193106925843,E,0.001282311973226501,E,0.00023725172524375924,E,0.00022574086436148299,R,0.0023804249774343872,R,0.0007184888387826978,E,0.0012995539060197813,E,0.001297182502829423,E,0.0012995539060197813,E,6.47472425282107e-05,E,0.0004500352142574519,0.0008162469469829621,0.10500806310489309
215,A,A,0.00011193299092358913,A,0.0003247883182148488,A,0.00019836786316685144,A,0.0002583761222367571,A,0.0004474765335172286,A,0.00017477675199045086,A,0.0008363854800908604,A,0.0007245771425289804,A,0.0008679212660235145,A,0.0008212442569534606,A,0.0002583761222367571,A,0.0004474765335172288,A,0.00023613989934148644,A,0.0004474765335172288,A,0.0004474765335172286,A,0.00021510244464230274,A,0.00033569864503237956,A,0.0002677241230976241,A,0.00016954665917745746,A,0.0002141210514158184,A,0.00021864309905344362,A,0.00026812415446118967,A,0.00017850395497843083,A,0.0002742887447439062,A,0.0002475264487187631,A,0.0002475264487187631,A,0.00016925824937962067,A,0.00017896106118803004,A,0.0007245771425289804,A,0.002607119667386153,A,0.00019059381974900983,A,0.0004219419723400417,A,0.0007213095568200472,A,0.0007213095568200472,A,0.0007213095568200472,A,9.914160101010001e-05,A,0.00014256215726665217,0.0004307481746790617,0.05541464096889366
216,S,S,0.0,S,0.0,S,0.0,S,0.0,S,0.0,S,0.0,S,0.0,S,0.0,S,0.0,S,0.0,S,0.0,S,0.0,S,0.0,S,0.0,S,0.0,S,0.0,S,0.0,A,0.0,S,0.0,A,0.0,T,0.0,S,0.0,A,0.0,S,0.0,S,0.0,S,0.0,A,0.0,S,0.0,S,0.0,S,0.0,S,0.0,S,0.0,S,0.0,S,0.0,S,0.0,S,0.0,S,0.0,0.0,0.0
217,F,F,0.0017203879127674114,F,0.0002436332900275897,Y,5.3960193580296675e-05,L,0.00025034211735298553,L,0.00031736161304063426,H,5.189456627731394e-06,F,5.568669143611712e-05,F,0.0001748701634389159,L,0.00031106095358268704,L,0.00031106095358268704,L,0.00025034211735298553,L,0.00031736161304063426,L,0.00023880437472551728,L,0.00031736161304063426,L,0.00031736161304063426,L,0.00013390534989057262,F,0.0002310199172147779,Q,0.001248886707016956,Y,0.0011604304738732413,Q,0.001248729953348455,H,0.0005542800434459356,F,0.00025760110034682177,H,0.00047347919833180525,H,3.6643313335823394e-05,Y,0.0013669980877405977,Y,0.0013669980877405977,Y,0.0002639279010038565,F,3.5998646486765376e-05,F,0.000936328714280034,F,9.830622364514902e-05,L,0.00043658352279937794,L,0.00023437214482278403,F,0.001222601670245175,F,0.001222601670245175,F,0.001222601670245175,Y,0.0013812836473129106,Y,0.0025188895957938325,0.0006091149274541427,0.07836106337261695
218,F,L,0.0021698879743800464,L,0.0019879066094017103,L,0.0021638721612713464,V,0.0038915500984260955,I,0.0031622697014904244,L,0.0006304274594846481,H,0.0017228203089043985,L,0.00225074934239131,I,0.002818016655943699,I,0.002951725946264804,V,0.0038915500984260955,I,0.0031622697014904244,V,0.003463640383039824,I,0.0031622697014904253,I,0.0031622697014904244,I,0.00042709410075404897,L,0.0017045110173453202,F,0.005856787473170378,L,0.001411736077539142,F,0.005977560864043801,L,0.0008934146737348809,L,0.001668545940964373,L,0.0003145929013544991,L,0.0002454101479609891,L,0.00013082202470261544,L,0.00013082202470261544,L,0.0027072304320265974,F,0.004314475037676612,L,0.0069148060852312785,H,0.001363952750928433,I,0.0003526111653164059,V,0.0009211457433638643,L,0.002236156386601053,L,0.0024000083383602516,L,0.002236156386601053,Y,0.0011678641592422988,L,0.0008963915539755875,0.0022936032737700487,0.295066141686484
219,L,S,5.830869023117337e-05,A,0.001406555231368732,G,0.0006846356654514536,A,0.0013524428708482801,A,0.0012706831824909964,R,0.0006469203871149645,L,0.0008756956846478405,I,0.0007971112887241574,A,0.00029240392506670715,A,0.000290521081237651,A,0.001327183332760964,A,0.0012682314603099406,A,0.0012881005602796806,A,0.0012706831824909964,A,0.0012706831824909964,A,0.0003228862153629338,S,0.0005541708920684347,R,0.0018162226274217627,R,0.002262360783973149,R,0.0020856175592196603,R,0.0014718872768033256,A,0.0019663781835016175,R,0.0015993288032286437,R,0.001096366146184698,S,8.549864903378986e-05,S,8.549864903378986e-05,L,0.002940293263204002,L,0.0022245115197215377,V,0.00423147838859156,L,0.0017620499260055267,A,0.0008699043578179803,A,0.0008942154471452801,L,0.00264528634944018,L,0.00264528634944018,L,0.00264528634944018,-,,-,,0.001380133927490079,0.17755066783007187
220,-,-,,-,,-,,F,0.0022129212829564192,F,0.002688687234620224,-,,-,,-,,F,0.0018266292745663583,F,0.0018266292745663583,F,0.002212921282956419,F,0.002688687234620224,F,0.002168520309886228,F,0.002688687234620224,F,0.002688687234620224,F,0.001749771989806882,T,0.0004961721630753363,-,,-,,-,,-,,-,,-,,-,,-,,-,,-,,-,,-,,-,,F,0.0018730537218647023,F,0.0017644755201542473,-,,-,,-,,E,0.00020678677743726415,E,0.0007779669907627476,0.001858039835100924,0.23903202943282262
221,-,-,,-,,-,,-,,-,,-,,-,,-,,-,,-,,-,,-,,P,0.0,-,,-,,-,,K,0.0,-,,-,,-,,-,,-,,-,,-,,-,,-,,-,,-,,-,,-,,-,,-,,-,,-,,-,,-,,-,,0.0,0.0
222,I,L,0.0033990463252579132,T,0.0005906692455113567,W,0.0009691620465906645,-,,P,0.0036149241049376665,V,0.0041382029058533885,R,0.0018335144321437893,R,0.0010638579714594,-,,-,,-,,P,0.0036117687236329977,-,,P,0.0036149241049376665,P,0.0036239802044502807,-,,S,0.003578465670558991,V,0.0016777209376029206,V,0.004199115513266263,V,0.0025086648409778714,V,0.0030936662725195465,T,0.0025392420773654545,V,0.0014958253006629903,V,0.0032093600199699134,T,0.0018015293592172131,T,0.0018015293592172131,V,0.004557480989106178,I,0.003737495174421805,R,0.0010496204706656445,R,0.0006263243455896752,-,,-,,R,0.0006143959704752363,R,0.0006727069142849372,R,0.0006143959704752363,K,0.0021129798637178343,K,0.002008683031619394,0.0023572155912582565,0.30324970215643776
223,E,E,0.0025720072562884105,E,0.0006300217010731006,E,0.0007541713917496398,P,0.00257097536388375,-,,R,0.0013097114049327482,E,0.0006863532218966803,E,0.0012193044373827913,P,0.0016329794200346409,P,0.0016329794200346409,P,0.00257097536388375,-,,-,,-,,-,,P,0.00037235295647663363,E,0.002731503602320325,H,0.0007926458757632183,R,0.00047818208168859194,H,0.0007710270346338007,H,0.0013297279460383986,E,0.000744576937140426,H,0.00041463567250019323,R,0.0021634923831377697,K,0.0005872649501447217,K,0.0005872649501447217,E,0.001902858383143159,E,0.002794911262695026,V,0.001027328799180384,E,0.00019470013405937137,P,0.0007000130058792807,P,0.0018753151561147622,E,0.002816511686367517,E,0.002816511686367517,E,0.002816511686367517,D,0.0006872710952927414,D,0.001027328799180384,0.0014128567208061443,0.18176037073702003
224,-,-,,-,,-,,-,,-,,-,,-,,-,,-,,-,,-,,-,,-,,-,,-,,-,,-,,-,,-,,-,,-,,-,,-,,-,,-,,-,,-,,-,,-,,-,,-,,-,,-,,-,,-,,-,,-,,,
225,-,-,,-,,-,,-,,-,,-,,-,,-,,-,,-,,-,,-,,-,,-,,-,,-,,-,,-,,-,,-,,-,,-,,-,,-,,-,,-,,-,,-,,-,,-,,-,,-,,-,,-,,-,,-,,-,,,
226,-,-,,-,,-,,-,,-,,-,,-,,-,,-,,-,,-,,-,,-,,-,,-,,-,,-,,-,,-,,-,,-,,-,,-,,-,,-,,-,,-,,-,,-,,-,,-,,-,,-,,-,,-,,-,,-,,,
227,G,G,0.0003467324767121807,G,0.00041286803716805655,G,0.00021982797565220803,N,0.00777318353322648,G,0.0001568055210984903,D,0.0005000796431931151,G,0.0006544741609216238,G,0.00034394575202488704,W,0.00777318353322648,W,0.00777318353322648,N,0.00777318353322648,G,0.0001568055210984903,N,0.00777318353322648,G,0.0001568055210984903,G,0.0001568055210984903,G,0.0008708417206568012,T,0.006969329535974888,G,0.0004611399261240218,D,0.0008228679871350971,G,0.00034906033017603093,G,0.00042198524305094335,G,0.00033066869978630497,G,0.0003892468639090705,N,0.005757249153410661,S,0.00680525459684329,S,0.00680525459684329,E,0.0005763638073509082,G,0.0003722931053382144,G,0.0003283814862231934,G,0.00036157293591712597,G,0.0006553680160581365,N,0.00777318353322648,G,0.0004077498785157981,G,0.0005360007718686536,G,0.0004077498785157981,G,0.0006121910355859916,G,0.000465879832206248,0.002282451371105821,0.29363147819030394
228,-,-,,-,,-,,-,,-,,-,,-,,-,,-,,-,,-,,-,,-,,-,,-,,-,,-,,-,,-,,-,,-,,-,,-,,-,,-,,-,,E,0.0,-,,-,,-,,-,,-,,-,,-,,-,,-,,-,,0.0,0.0
229,E,E,0.0,E,0.0,E,0.0,E,0.0,E,0.0,E,0.0,E,0.0,E,0.0,E,0.0,E,0.0,E,0.0,E,0.0,E,0.0,E,0.0,E,0.0,E,0.0,S,0.0,E,0.0,E,0.0,E,0.0,E,0.0,E,0.0,E,0.0,E,0.0,D,0.0,D,0.0,S,0.0,E,0.0,E,0.0,E,0.0,E,0.0,E,0.0,E,0.0,E,0.0,E,0.0,E,0.0,E,0.0,0.0,0.0
230,N,A,0.001680584676218994,S,0.0005363098449643233,D,0.0010617793081911671,K,0.001992568863909187,K,0.0005988230194177279,E,0.00025958643258350116,N,0.001850941920723677,V,0.002187476809721044,K,0.00031479533931758405,K,0.00031479533931758405,K,0.001992807179495121,K,0.0005988230194177279,K,0.001991504026814484,K,0.0005988230194177279,K,0.000598823019417728,K,0.0006020257324499256,T,0.002544845400011613,Q,0.0006517106179639901,E,0.0009605325287521627,Q,0.0006517106179639901,E,0.001686627213850771,S,0.000511869259026735,K,0.0023188861626069293,E,0.0019983805488417226,T,0.003540849609188077,T,0.003540849609188077,S,0.00047645670398962733,N,0.0027012485634254598,V,0.0017376102590174523,N,0.001925504635174063,K,0.0009648106724516748,K,0.00138932777202538,D,0.0014810047033402263,D,0.0014810047033402263,D,0.0014810047033402263,M,0.0028994224931966437,E,0.001071478733859986,0.0014377190016738525,0.18495883900442095
231,I,T,0.00011919305423851168,E,0.0006725601595251885,L,0.002030077299315644,V,7.695473229201206e-05,V,0.00010116878527113164,I,0.0006912147898057545,T,8.79646980634899e-05,I,0.006501982468010899,V,0.00016509619472401756,V,0.00016509619472401756,V,7.695473229201206e-05,V,0.00010116878527113164,V,6.693495576804497e-05,V,0.00010116878527113164,V,0.00010116878527113164,V,9.183790993610067e-05,L,0.0032625621327989603,I,0.0016476641838105825,I,0.0005586726417535245,I,0.0016476641838105825,I,0.000642513116934449,-,,L,0.0019232196902128854,I,0.0007028865927761541,K,0.001225208710871985,K,0.001225208710871985,I,0.0028242668936027866,I,0.0007522605285034527,T,0.0006000608535220147,T,0.00011868887218716888,V,7.512421239853502e-05,V,0.00021245576386945243,T,9.639021591656096e-05,T,9.639021591656096e-05,T,9.639021591656096e-05,V,0.00011434795543402235,L,0.002843054525254732,0.0008837659040595328,0.11369420267537421
232,-,L,0.00023903105726124046,L,6.311458809279617e-05,-,,-,,-,,-,,L,0.0008816489556685988,L,0.00033167935478570996,-,,-,,-,,-,,-,,-,,-,,-,,-,,-,,-,,-,,-,,-,,-,,-,,L,0.00013765677189796183,L,0.00013765677189796183,-,,-,,L,0.00033167935478570996,L,0.003981048452537283,-,,-,,-,,-,,-,,-,,-,,0.0007629394133659077,0.09815018648469093
233,L,-,,-,,L,7.766512869478479e-06,M,4.192122865206902e-05,M,1.106756640164618e-05,L,0.0001525351125551111,-,,-,,M,3.446527709860596e-05,M,3.446527709860596e-05,M,4.192122865206902e-05,M,1.106756640164618e-05,M,4.192122865206902e-05,M,1.106756640164618e-05,M,1.106756640164618e-05,M,7.180717985672685e-05,L,0.00014291498280604174,L,5.7113299979253725e-05,L,0.0001384252158233399,L,3.7131088354020485e-05,L,1.8031474525000752e-05,-,,L,0.0001360584433724391,L,0.00011738995010506814,H,0.00012867931806971565,H,0.00012867931806971565,F,0.0007632392540392723,L,0.0005353233565063275,-,,-,,M,6.724966710332337e-05,M,0.0008893740350245096,L,0.0001446335063837645,L,0.0001446335063837645,L,0.0001446335063837645,L,0.0006102437644197778,L,7.003768687259657e-05,0.00015816215617543385,0.020347153196546765
234,E,D,0.00029475704661556854,E,0.0007424759647951655,D,0.0003041571294909438,E,0.000565820443165791,E,0.0008849587199377341,E,0.00016690453393818734,E,4.093628679326986e-05,E,6.647539394072309e-05,E,0.0005771499529046396,E,0.0005771499529046396,E,0.000565820443165791,E,0.0008849587199377341,E,0.0005779896532878036,E,0.0008849587199377341,E,0.0008849587199377341,E,0.000767819775165882,E,0.00018142391323727335,D,0.0001255142408169543,E,0.000656202999107628,D,0.00014605219511228427,E,0.0009074276640482596,E,0.0007773158882717978,E,0.000365109350422021,E,0.00020521737716480438,K,0.001973096719803257,K,0.001973096719803257,R,0.00189786883579457,E,0.00040016413180582423,E,7.128060777294139e-05,E,5.426327511798683e-05,E,0.0005643174501534988,E,0.0006533884905237222,E,7.721955436689022e-05,E,7.721955436689022e-05,E,7.721955436689022e-05,Q,0.0007532105929581144,H,0.0018338217945763216,0.000609668172040825,0.07843223686084316
235,E,L,0.0002289104146080322,K,0.002394966250657246,E,0.0004403778310878255,E,0.00022634234285903357,E,0.00045133101798670644,E,6.106203085623263e-05,L,0.0010332562352524644,Q,0.0045132573334035675,E,0.00046819937228631813,E,0.00011488719993896535,E,0.00022634234285903357,E,0.00045133101798670644,E,0.00022634234285903357,E,0.00045133101798670644,E,0.00046648343091174906,E,1.72279426357767e-05,S,0.0009706739199225669,E,0.0002460930636080519,E,0.0005966677684602505,E,0.00023459350200401958,E,0.0013295536435855926,L,0.0018600048170452723,E,0.0006495189192221217,E,0.0001909757533439724,V,0.002117925908381662,V,0.002117925908381662,D,0.0016221519184961587,E,0.00013666210052395175,Q,0.0039045791765230536,L,0.0006667653254197966,E,0.0005023494093302452,D,0.00022560339788357028,L,0.0012401690318035988,L,0.0007294342342428768,L,0.0012401690318035988,E,0.0002803210684255307,E,0.0002998553963347116,0.0008900984167275045,0.11450886408673847
236,A,A,0.0006895675665009485,A,0.0004454597198624687,A,0.00015379317701032228,A,0.000948369677196279,A,0.0004355176801723005,A,0.00027504695580679714,A,0.0003244474834614233,A,0.000428263747248113,A,0.000314493212069675,A,0.000314493212069675,A,0.000948369677196279,A,0.0004355176801723005,A,0.000948369677196279,A,0.0004355176801723005,A,0.0004355176801723005,A,0.0003252261496365297,A,0.0008924124274052775,A,0.0009503227141954406,A,0.00016767998098513363,A,0.0009482628826111827,A,0.00035895430712903215,E,0.001027328799180384,A,0.00029776098720303904,A,0.00032053397320909986,I,0.0007786890467741422,I,0.0007786890467741422,A,0.00044986346670820984,A,0.0007736243852329749,A,0.000417453779127346,A,0.00015446429681618878,A,0.000414112318510972,A,0.0009264038536552152,A,0.0010398110181358646,A,0.0010398110181358644,A,0.0010398110181358646,A,0.0004443425969535023,A,0.0008315392337696364,0.0005921578953133111,0.07617958495153647
237,R,R,0.0013660962032551443,R,0.0007501266093042887,K,0.0008356614438027541,E,0.0009964381295187014,E,0.00048114036889363923,L,8.606094344434722e-06,R,0.0005478230913390024,R,0.002286543579410949,E,0.00037717035507090467,E,0.0003397985681477905,E,0.0009420764522028134,E,0.0004849770876689077,E,0.0010011656414220316,E,0.0004849770876689077,E,0.00048114036889363923,E,0.000978859837684758,N,0.00017577227294585416,L,0.00024933888022590973,L,0.0009449423503962728,L,0.00024933888022590973,L,0.00019649262753122543,Q,0.0012879435293595206,L,0.0010565244755714658,L,0.0008334707070565997,R,0.003931991808092103,R,0.003931991808092103,I,0.00011140620107988179,R,0.0004314132469125082,R,0.0009018197224068786,R,0.00128789816885946,E,0.00048486378713519023,Q,0.0008085426312284273,R,0.0021036046729810396,R,0.0021036046729810396,R,0.0021036046729810396,M,0.0020786166567040867,R,0.0009462249225216471,0.001042756962538293,0.13414799201395766
238,D,E,0.00034468847046286295,N,0.0016193537129692384,K,0.0035331823032157365,I,0.0021507176116772023,I,0.0028165098111833427,T,0.002374494233247795,Q,0.0013683371031902379,V,0.0018780654696105399,I,0.0021792735413480825,I,0.002229740905238549,I,0.0021161971640196054,I,0.002817139773797354,I,0.0018210878156803567,I,0.0028165098111833427,I,0.0028279650076415827,I,0.0025890577333009994,T,0.0031394924695567154,N,0.002300773757698119,A,0.00013041465986127839,N,0.0025120105398899564,S,0.0008565406929781992,A,0.00010573083259881602,V,0.0009418838432643453,T,0.0020341327819691853,P,0.00041160306851257633,P,0.00041160306851257633,R,0.00010836783339202728,D,0.0018493360951043797,V,0.00020599868855142325,Q,0.0005858384476065297,I,0.0013243495515025394,I,0.0023109080079753382,K,0.001022405171608904,K,0.0009678804677636954,K,0.001022405171608904,E,0.0015473875906760128,E,0.0009852804865347396,0.0016285584782414347,0.20950984513361354
239,F,F,0.0010067257897590789,W,0.0008321865521455097,F,0.0003861763716779883,F,0.0005569234085163941,F,0.00057377565925057,F,0.0005209170142376362,I,0.0005529702935232974,F,0.0009976704644951927,F,0.00032500647601805237,F,0.00020500830475565923,F,0.0005516896215796365,F,0.0005741434979823745,F,0.0005653680815059041,F,0.00057377565925057,F,0.00057377565925057,F,0.000545012085904448,F,0.00031270665901936875,F,0.00036041424277336476,F,0.0007787495587735094,F,0.0003354339702231884,F,0.0003700651720440446,W,0.00011625837131069847,F,0.001053633469538612,F,0.0009791537676811374,F,0.000806284676321216,F,0.000806284676321216,F,0.0007747835157739973,F,0.0005649313573860255,F,0.00048150795647070835,I,0.0001905205467799035,F,0.0002868821277480596,F,0.000300306120111253,F,0.00029328776818000993,F,0.0003123671279068691,F,0.00029328776818000993,C,0.0006193425048497203,F,0.0006339862988403064,0.0005408462863807053,0.0695784788907733
240,S,T,0.0013727894564817481,T,1.2807854705593465e-05,S,0.0005636908958962679,S,0.0008287749196599489,S,0.0004126641200951141,T,0.00012830550340487982,S,0.00037025245942750516,S,0.00031771217413765227,S,0.0005221791365714746,S,0.0005221791365714746,S,0.0008287749196599489,S,0.0004126641200951143,S,0.000541796289327278,S,0.0004126641200951141,S,0.0004126641200951141,S,0.0009853013360290733,A,0.0001067739614474977,T,0.0005271448503941063,T,0.0001812997125775924,T,0.0005294345701396906,T,0.0002820187874149666,T,0.00022382631432042287,T,0.00011323310827253869,T,0.00014242903583072623,A,0.0005046216873219309,A,0.0005046216873219309,T,0.00023933572417620145,S,0.0012271453594315416,S,0.0005475301408010011,S,0.00016580121213391065,S,0.0007799226835682938,S,0.0002079264830171351,S,0.0009698813630558577,S,0.0009698813630558577,S,0.0009698813630558577,T,0.0002782293439347178,T,0.0004111919649889687,0.0005007392237436231,0.06441880879349018
241,T,T,0.0021962862465992163,E,0.00014714612535367293,T,0.0018491921058618474,T,0.007102273511447261,T,0.0066106267860806985,T,0.004070561502676089,T,0.002672180788978923,T,0.0016554002227815617,T,0.004908299127843258,T,0.005164117984714978,T,0.007100884787108947,T,0.0066106267860806985,T,0.00710293271174621,T,0.0066106267860806985,T,0.0066106267860806985,A,0.001027328799180384,M,0.002165685351010966,I,0.0029096673640578966,T,0.0035846038245647073,I,0.0029309875301040777,V,0.0018603419699157386,E,5.092938861835614e-05,T,0.00205076139815369,T,0.0034645808251734696,T,0.0017259429470695225,T,0.0017259429470695225,T,0.0022189975250108693,T,0.0011362006071371938,T,0.0013521449975539817,T,0.0027209335972132303,T,0.005469579241645799,T,0.003934557499433822,T,0.0020212816157345,T,0.0020191531904610854,T,0.0020191531904610854,T,0.002652413384698856,T,0.0029364568118327244,0.00330782233150098,0.4255428058994993
242,K,K,0.00028168279042420065,K,0.000581633783933096,T,0.001396147991386064,T,0.0022961621780940977,K,0.00018176644992499478,T,0.0013349680015175577,K,2.2858350683449527e-05,K,9.603365509271171e-07,A,0.0011200698954727546,A,0.0011200698954727546,T,0.002320535916470228,K,0.00018176644992499478,T,0.002304856910285666,K,0.00018176644992499478,K,0.00018176644992499478,K,0.00010119075047923186,S,0.002522100892012071,A,4.2721439798438105e-05,T,0.0008494737095505756,T,9.205557531000443e-05,T,0.002495752169066565,K,0.0006143183635594907,T,0.0006868250048481489,T,0.0017596011759429548,E,0.0007974346066310299,E,0.0007974346066310299,A,0.002399620088240054,K,0.0006739936748933854,K,9.407649593796314e-06,K,0.00011438716522449145,M,0.00019603377701750126,I,0.00029748333025270173,K,0.0010098271033713358,K,0.0008814550201721378,K,0.0008814550201721378,K,0.0007810303298257896,K,0.00011557427368857434,0.0008547618263857356,0.10996290293829489
243,H,H,0.0012885451598940603,H,0.003620639810196376,N,0.0008333548004503864,Y,0.0018534091854638323,Y,0.00359115667293754,H,0.003905602686755506,Y,0.0005566087657838593,H,0.004240321593582628,Y,0.0017251756623353418,Y,0.0024886946265771427,Y,0.002532511463728405,Y,0.0037329787701460113,Y,0.0020017057029248398,Y,0.00359115667293754,Y,0.0034908333178170037,Y,0.0009025080047659613,H,0.0017578566955081874,Q,0.001149374507961609,H,0.004461613812210508,K,0.001209386675619461,H,0.0029323182728896915,H,0.0023062543948159458,H,0.0034273429598585823,H,0.004587668716168755,Q,0.0029080811753123444,Q,0.0029080811753123444,Y,0.00047536406972051597,H,0.0035482889008279952,I,0.0004590707728683394,Y,0.0019555962236049,Y,0.0009913206694795154,Y,0.002487849228188102,L,0.004336122408381648,L,0.004336122408381648,L,0.004336122408381648,H,0.006190057212637618,H,0.001656644877888309,0.00266961460708957,0.3434390292829572
244,L,L,0.0,L,0.0,L,0.0,L,0.0,L,0.0,L,0.0,L,0.0,L,0.0,L,0.0,L,0.0,L,0.0,L,0.0,L,0.0,L,0.0,L,0.0,L,0.0,L,0.0,L,0.0,L,0.0,L,0.0,L,0.0,L,0.0,L,0.0,L,0.0,I,0.0,I,0.0,L,0.0,L,0.0,L,0.0,L,0.0,L,0.0,L,0.0,L,0.0,L,0.0,L,0.0,L,0.0,L,0.0,0.0,0.0
245,E,N,0.00046811260175353103,R,0.0003787218676682423,N,0.0004536809783529188,K,0.0013784084777404575,K,0.0003447288157334152,E,0.0025543434327545142,Q,0.001027328799180384,E,0.002176203556721563,K,0.001190658211565062,K,0.0011904785140960292,K,0.002047671688668381,K,0.0003447288157334152,K,0.0013886845896842435,K,0.0003149685937564027,K,0.0003447288157334152,E,0.0024709590036480905,K,0.001027604446371448,K,0.0017824482325713036,K,0.0011856191060149882,K,0.00176771667368507,K,0.00010215058433835326,R,0.0003815053241255197,Q,0.0005058966560618963,E,0.001258356508886643,R,0.0006232678959326985,R,0.0006232678959326985,K,0.0001873000791540344,E,0.0005997167962489854,E,0.0020638156967921727,Q,0.0007255645543617792,K,0.000989559224738258,K,0.0010124604974750756,Q,3.473370654660525e-05,Q,3.4552677011735115e-05,Q,3.473370654660525e-05,E,0.0002735075110002369,K,0.00013039545034199658,0.0009032048645115725,0.11619497476816577
246,E,N,0.0015082885571277404,E,0.0016479739638667861,N,0.000747160073515115,E,0.0014772612109116593,E,0.003201551430348994,S,0.0007144252497483644,K,0.0002624910850787562,K,0.0006084385400042479,E,0.0024138093000369964,E,0.0025849224603105244,E,0.0014792526385520848,E,0.003201551430348994,E,0.0012006967052660353,E,0.003201551430348994,E,0.003201551430348994,E,0.0026327439122505567,N,0.00022693608530167697,Q,0.0006261776299163154,S,0.0006177955374647229,Q,0.0006326514027666023,S,0.00043575281747137154,E,0.0016864640046547461,S,0.002511906627473535,S,0.0006192560030904941,K,0.00017143438728762557,K,0.00017143438728762557,E,2.312295223342276e-05,E,0.00046456895124470985,K,0.0005946037345210648,K,0.0011641102729878208,H,0.002445229396628593,E,0.0018537658069713659,Q,0.0019584340775441345,Q,0.0018212071594956491,Q,0.0019584340775441345,N,0.001188356827231074,N,0.0008660584213275207,0.0014086856750948388,0.18122377647117305
247,Y,Y,0.0008159495233945821,-,,-,,A,0.0026748348956025614,A,0.0024288684950298477,T,0.002990651483647405,M,0.001027328799180384,K,0.0003958472030986186,A,0.00357985152816312,A,0.0034143444853496512,A,0.0026748348956025614,A,0.0024288684950298477,A,0.0020884750466934774,A,0.0024288684950298477,A,0.0024288684950298477,S,0.0020873737491600643,Y,0.002051306265386159,I,0.0006853067183671661,I,0.0008430084682362341,I,0.0009311873007275781,M,0.0006073756909599901,-,,A,0.0012808615072887396,I,0.00034456630341541577,F,0.0014014849073186145,F,0.0014014849073186145,W,0.00014217199520272952,Y,0.00045062913809651694,K,8.48072376520595e-05,K,0.003813966983018326,A,0.0019756438295989113,Y,0.0028379873876506253,K,0.00034147671319260204,K,0.0004998344392764969,K,0.00034147671319260204,L,0.0003378159949918624,L,0.0004405736733476115,0.0015375862283603142,0.19780649997364666
248,-,-,,-,,-,,-,,-,,-,,-,,-,,-,,-,,-,,-,,-,,-,,-,,-,,-,,-,,-,,-,,-,,-,,-,,-,,-,,-,,V,0.0012841224095643342,-,,-,,-,,-,,-,,-,,-,,-,,-,,-,,0.0012841224095643342,0.1651990338418425
249,-,-,,-,,-,,-,,-,,-,,-,,-,,-,,-,,-,,-,,-,,-,,-,,-,,-,,-,,-,,-,,-,,-,,-,,-,,-,,-,,A,0.002277677518829333,-,,-,,-,,-,,-,,-,,-,,-,,-,,-,,0.002277677518829333,0.29301733441560956
250,-,-,,-,,-,,-,,-,,-,,-,,-,,-,,-,,-,,-,,-,,-,,-,,-,,-,,-,,-,,-,,-,,-,,-,,-,,-,,-,,K,0.0,-,,-,,-,,-,,-,,-,,-,,-,,-,,-,,0.0,0.0
251,V,-,,-,,-,,V,0.00413578018952224,L,0.00022995073328256765,V,0.0009499101836974766,V,0.003209048318120011,V,0.0029105565477923257,L,0.0003517663454119806,L,0.00039580473280242555,V,0.00413578018952224,L,0.00022995073328256765,V,0.003063798202443618,L,0.00022995073328256765,L,0.00024337487540942776,L,1.954118796908462e-05,L,0.0002998280264278584,L,0.0003203541938001622,V,0.0006420633042441801,L,0.0003268431387428733,S,0.0006927472712670139,-,,-,,V,0.003538527282176266,-,,-,,H,0.0010594646554935713,V,0.0024666111308215993,V,0.0015397653483364446,V,0.002879275805975416,L,0.00021804403614839827,L,0.000375582704760896,-,,-,,-,,L,0.00014966099352224633,L,1.4347156936542663e-05,0.0012825306674515554,0.16499426032710754
252,K,-,,-,,-,,-,,Q,0.0022899320409988126,S,0.00013281162315767638,D,4.3371815109274174e-05,D,0.00028266608760807053,Q,0.002937628222443486,Q,0.002937628222443486,-,,Q,0.0022899320409988126,-,,Q,0.0022899320409988126,Q,0.0022899320409988126,Q,0.00407201701066122,-,,P,1.3347372119531349e-05,S,2.370603070454313e-05,P,1.3347372119531349e-05,P,0.00016615101279277242,-,,-,,S,0.00023943244245272448,-,,-,,D,0.0016485471257980022,K,0.00018304666493343256,D,6.0501388109393e-07,N,5.143077486754024e-05,Q,0.002746494395437999,-,,-,,-,,-,,E,2.212112370334861e-05,E,1.9953731714948862e-05,0.0011224561002701786,0.14440108039032387
253,-,-,,-,,-,,-,,-,,-,,-,,-,,-,,-,,-,,-,,-,,-,,-,,-,,-,,-,,-,,-,,-,,-,,-,,-,,-,,-,,-,,-,,-,,-,,-,,-,,-,,-,,-,,-,,-,,,
254,-,L,0.0005732659426891037,Y,0.0015839563081436142,-,,-,,K,0.0016046179258673123,-,,-,,-,,T,0.0004392583573689411,T,0.0002171270921495903,-,,K,0.0016048836457162618,-,,K,0.0016046179258673123,K,0.0010249497238421707,K,0.0021351560440391534,-,,-,,-,,-,,-,,Y,0.001943090622678726,-,,-,,V,0.002224616431120299,V,0.002224616431120299,-,,-,,-,,-,,K,0.0008540752727922049,-,,-,,-,,-,,-,,-,,0.001387248594107307,0.17846595132837295
255,-,-,,L,0.0020135167611476843,-,,-,,I,0.0037973505765765327,-,,-,,-,,I,0.002277813618557447,I,0.0020906368096391286,-,,I,0.0037973505765765327,Q,0.0014710457182537573,I,0.0037931052054573896,I,0.003805359949173662,I,0.0038210329970952764,N,0.0015466269604710713,-,,-,,-,,-,,L,0.0015188637377842671,-,,-,,D,0.0031667876619342647,D,0.0031667876619342647,-,,-,,-,,-,,I,0.00305515841929022,-,,I,0.0024167076067148543,I,0.002420693837797653,I,0.002416214826976836,-,,-,,0.0027397089956106373,0.3524564914619279
256,-,-,,E,0.000988560882271567,-,,-,,-,,-,,-,,-,,-,,-,,-,,-,,K,0.000564211828868569,-,,-,,-,,G,0.0032313491335936146,-,,-,,-,,-,,K,0.0011632408981726735,-,,-,,-,,-,,-,,-,,-,,-,,-,,-,,D,0.0004203606432392968,D,0.001027328799180384,D,0.0004203606432392968,-,,-,,0.0011164875469379147,0.1436332414081679
257,-,-,,-,,-,,-,,-,,-,,-,,-,,-,,-,,-,,-,,-,,-,,-,,-,,-,,-,,-,,-,,-,,-,,-,,-,,-,,-,,-,,-,,-,,-,,-,,-,,-,,-,,-,,-,,-,,,
258,-,-,,-,,-,,-,,-,,-,,-,,-,,-,,-,,-,,-,,-,,-,,-,,-,,-,,-,,-,,-,,-,,-,,-,,-,,-,,-,,-,,-,,-,,-,,-,,-,,-,,-,,-,,-,,-,,,
259,-,-,,-,,-,,-,,-,,-,,-,,-,,-,,-,,-,,-,,-,,-,,-,,-,,-,,-,,-,,-,,-,,-,,-,,-,,-,,-,,-,,-,,-,,-,,-,,-,,-,,-,,-,,-,,-,,,
260,-,-,,-,,-,,-,,-,,-,,-,,-,,-,,-,,-,,-,,-,,-,,-,,-,,-,,-,,-,,-,,-,,-,,-,,-,,-,,-,,-,,-,,-,,-,,-,,-,,-,,-,,-,,-,,-,,,
261,-,-,,-,,-,,-,,-,,-,,-,,-,,-,,-,,-,,-,,-,,-,,-,,-,,-,,-,,-,,-,,-,,-,,-,,-,,-,,-,,-,,-,,-,,-,,-,,-,,-,,-,,-,,-,,-,,,
262,-,-,,-,,-,,-,,-,,-,,-,,-,,-,,-,,-,,-,,-,,-,,-,,-,,-,,-,,-,,-,,-,,-,,-,,-,,-,,-,,-,,-,,-,,-,,-,,-,,-,,-,,-,,-,,-,,,
263,-,-,,-,,-,,-,,-,,-,,-,,-,,-,,-,,-,,-,,-,,-,,-,,-,,-,,-,,-,,-,,-,,-,,-,,-,,-,,-,,-,,-,,-,,-,,-,,-,,-,,-,,-,,-,,-,,,
264,-,-,,-,,-,,Q,0.0006064879974919376,-,,-,,-,,-,,-,,-,,Q,0.0006064879974919372,-,,-,,-,,-,,-,,G,0.0024263128118932374,-,,-,,-,,-,,-,,-,,-,,-,,-,,-,,-,,-,,-,,-,,E,0.0011708892771318273,E,0.0013690888430327828,E,0.0013690888430327828,E,0.0013690888430327828,-,,-,,0.0012739206590153267,0.16388660496306973
265,-,-,,-,,V,0.003249343328362449,K,0.00012090343584816103,-,,-,,E,0.0017518806635954949,E,0.0006522965292936618,-,,-,,K,0.0002528441070626652,-,,I,0.0007385081757209604,-,,-,,-,,D,0.0010305859353631922,-,,-,,-,,-,,-,,-,,-,,D,0.0007414503464302823,D,0.0007414503464302823,-,,-,,E,0.0005692542773586935,E,0.0006528794994068932,-,,K,0.0016978902885941222,-,,-,,-,,E,0.0007175758591771817,E,0.0025974076860198784,0.0011081621770474227,0.14256220405842504
266,-,-,,-,,-,,-,,-,,-,,-,,-,,-,,-,,-,,-,,-,,-,,-,,-,,-,,-,,-,,-,,-,,-,,-,,-,,-,,-,,-,,-,,-,,-,,-,,-,,-,,-,,-,,-,,-,,,
267,Q,G,0.0008618755452820246,N,0.001027328799180384,K,0.0002897686943819774,-,,-,,N,0.00030686553260867165,G,0.0004657763398695013,-,,-,,-,,-,,-,,-,,-,,-,,-,,-,,K,7.04520089285707e-05,N,0.001027328799180384,K,5.914995260457411e-05,K,0.0003525426267958296,N,0.00015375718382979828,S,4.415689298388509e-05,N,0.0002939916395662048,E,0.00045602566000698443,E,0.00045602566000698443,I,0.000266832279528809,Q,0.00011927152886974897,-,,G,0.0028493334552817536,-,,-,,-,,-,,-,,E,0.0005151360795394965,E,0.002065320237471269,0.0006147862587324659,0.07909066550462387
268,N,K,0.0006454994939845385,K,0.00018819111211693226,E,0.0014587141021026302,-,,-,,-,,R,0.0006418871556884878,G,0.0009156704363904736,-,,-,,-,,-,,-,,-,,-,,-,,-,,-,,M,0.0002650612808420859,-,,L,0.00011243852083666412,K,0.00016571719233306423,A,0.0008091244973419315,L,0.00021655053322152952,D,0.0020065514622290438,D,0.0020065514622290438,D,0.0017643175330339731,N,6.04346903637409e-05,G,0.0003814559369718938,R,0.0024822691887830743,-,,-,,-,,-,,-,,G,0.0018536679692819056,G,0.0018892981010749429,0.0009924111482681086,0.12767113294392785
269,K,E,0.003129150397296483,N,0.0011632812953421088,S,0.001249387335807704,-,,-,,L,0.0004777693205356148,I,0.001159777449193135,I,0.0014816446746023838,-,,-,,-,,-,,-,,-,,-,,-,,-,,-,,S,0.0006899532862863411,-,,-,,N,0.0004292403296786914,K,0.0019497926273555882,S,0.001396067489121628,-,,-,,K,0.0004033511557644582,K,0.0011931169094172008,I,0.0020218099136692833,I,0.002738117285348425,-,,-,,G,0.00498689073906802,G,0.003981125342950271,G,0.004028654467213073,-,,S,0.0010516929057783364,0.0018628234958015968,0.23964743503597416
270,E,N,0.0003480447682018259,D,0.006534620573835718,I,0.0003954013849160108,I,0.0004908114531209342,-,,S,0.0005167480041112657,-,,-,,-,,-,,I,0.0004908114531209342,-,,P,0.0007769804297413523,-,,-,,-,,E,0.004815094873005127,L,0.002723688384910123,N,0.0017852129630660225,L,0.00271887995743707,-,,I,0.00011035835814342184,S,0.00011822050910449529,N,0.001801577364186752,T,0.0020968993179136396,T,0.0020968993179136396,N,6.349652110645976e-05,E,0.005953140966185093,-,,-,,-,,I,0.000750693999506323,E,0.006002503630560511,E,0.005869541648682533,E,0.00584530870684726,S,0.0027350248826647013,L,0.0006311227734919768,0.00231962842674055,0.2984142104486915
271,-,-,,-,,-,,-,,-,,-,,-,,-,,-,,-,,-,,-,,-,,-,,-,,-,,-,,-,,-,,-,,-,,-,,-,,-,,-,,-,,-,,-,,-,,-,,-,,-,,-,,-,,-,,-,,-,,,
272,K,T,0.0033303070700087234,D,0.0011652301828842097,S,0.003609849237388359,P,0.0027834951590642487,P,0.0034730376651066147,N,0.004194482507146375,N,0.004421628051119806,N,0.005289827565067532,P,0.00263157990584391,P,0.0030846053475890394,P,0.0028024943164510117,P,0.0034738684507748772,-,,P,0.0034730376651066147,P,0.0034730376651066147,S,0.002800413428895205,E,0.0021253302380787684,S,0.0020740777713378093,N,0.004068711974048348,S,0.0019827434058352794,-,,D,3.3110156946888394e-05,-,,N,0.004671976443410114,K,0.005329905807712009,K,0.005329905807712009,D,0.0008549245909229874,K,0.004662412801718159,N,0.0029656459184813897,S,0.004553225227413983,A,0.0016532685352117179,P,0.002047463840221088,P,0.006528203017001048,P,0.006532597734628438,P,0.0065331647423174455,D,0.00026992828922348317,K,0.004198592233824596,0.0034241789045176088,0.44051177871729813
273,-,D,0.0009936962340729714,Q,0.0048059762536000585,S,0.002679997271118711,V,0.0013389183110827552,V,0.005274625288821405,N,0.004437162761417956,D,0.0017800247286466027,D,0.0012103619224771778,V,0.0010044490087353644,V,0.0010044490087353641,V,0.0013464723850120156,V,0.005274625288821405,V,0.0014257727699732868,V,0.005274625288821405,V,0.005278052153626496,V,0.0034141325910884025,N,0.003076894293500717,N,0.004527805232162305,N,0.0033762504398611743,N,0.004534928380031101,D,0.0008214802315175027,Q,0.003035707183809386,-,,N,0.0033996218830965,N,0.004007253215688365,N,0.004007253215688365,N,0.004114017762080089,-,,D,0.0005184591630735895,D,0.0002479201696848151,V,0.000983234580704139,L,0.0016488359890310734,D,0.002119891708318588,D,0.002007114695844681,D,0.002119891708318588,L,0.0018474737853342682,P,0.0015721564873073543,0.002700272325460114,0.347383065627847
274,-,Q,0.003636816291390253,N,0.0023460954063705395,N,0.0017091010147255432,S,0.0035577263133854515,S,0.0029110122719585916,N,0.002287521636718548,E,0.0005014922754597957,E,0.0007880946190583741,S,0.0011171498220330343,S,0.0011184713736897296,S,0.003541200386371884,S,0.0029037761060388798,S,0.0035871962807549384,S,0.0029110122719585916,S,0.0029270569710712017,S,0.0015383697300144078,N,0.002449970167884721,S,0.0018342431937483493,N,0.0026715819624123925,S,0.002523240747208438,N,0.0019673196207753182,N,0.002299381000150899,S,0.003950474632807234,N,0.0021406320471778696,I,0.002827713633327336,I,0.002827713633327336,E,0.001027328799180384,-,,E,0.0005153538470216218,E,0.0007660997067453491,S,0.0015792114674052743,S,0.0032968367179973157,N,0.003353183346099575,N,0.003353183346099575,N,0.003353183346099575,K,0.002930946663117549,G,0.0018612317480184448,0.002358636733266786,0.3034325284080572
275,-,-,,-,,-,,-,,-,,-,,-,,-,,-,,-,,-,,-,,-,,-,,-,,-,,-,,-,,-,,-,,-,,-,,-,,-,,-,,-,,-,,-,,-,,-,,-,,-,,-,,-,,-,,-,,-,,,
276,-,-,,-,,-,,-,,-,,-,,-,,-,,-,,-,,-,,-,,-,,-,,-,,-,,-,,-,,-,,-,,-,,-,,-,,-,,-,,-,,-,,-,,-,,-,,-,,-,,-,,-,,-,,-,,-,,,
277,N,N,5.572404587998064e-05,-,,T,0.0006187179450960331,S,0.0021119178233837974,S,0.0011963924793356685,S,0.002992516096308767,N,0.0004474378859354664,K,3.621599090934205e-05,S,0.0004238944549357712,S,0.0004238944549357712,S,0.002009176399193263,S,0.0011963924793356685,S,0.002106191990248869,S,0.0011963924793356685,S,0.0011963924793356685,S,0.0008457954959721828,W,0.0011940993389101104,Q,0.00015731560839279073,S,0.0018070275893834248,Q,0.00013903948415003032,S,0.0024816262013989706,-,,L,0.0015472303252974978,S,0.002300703613562741,E,0.001027328799180384,E,0.001027328799180384,Y,0.0004927348886180461,N,0.00045326905752121496,K,1.3575958432085478e-06,N,0.0003132598031284939,S,0.0012098415158033073,S,0.0005877391481557841,N,0.0002268302521408811,N,0.0011933426527454764,N,0.0011933426527454764,-,,L,0.0004747389114329782,0.001020153198168621,0.13124007606509935
278,L,L,2.3409530584070094e-05,V,0.0024482603762342255,L,1.084661465751946e-05,L,3.746724237836972e-05,L,1.16524360546815e-05,L,0.0006783459324351093,L,7.3807793800604975e-06,L,9.400185989432919e-06,L,3.1938505988618244e-05,L,3.1938505988618244e-05,L,3.746724237836972e-05,L,1.16524360546815e-05,L,3.746724237836972e-05,L,1.16524360546815e-05,L,1.16524360546815e-05,L,1.3514309786824909e-05,M,0.00030896030146912695,L,0.0006467335795704741,L,0.0006821479165524959,L,0.0006467335795704741,L,0.0006817834258299328,V,0.002288567860865311,L,3.11700765261038e-05,L,0.0006699423453122627,V,0.00022882416663653238,V,0.00022882416663653238,L,0.0004406659184914527,L,4.313806671525534e-05,L,9.400185989432919e-06,L,2.4941686222432963e-06,L,1.778884767952875e-05,L,4.634759922572622e-06,L,1.4032479597364607e-05,L,1.4032479597364607e-05,L,1.4032479597364607e-05,L,0.00015732858027858488,I,0.002217990496361401,0.0003449532998437871,0.044377351746460625
279,A,R,0.0011940204799940697,A,0.0010264080623752835,G,0.0007059143478884052,S,0.0009846499835989987,S,0.0007222668915397271,K,0.0009273444343120276,S,0.000899162284719609,L,0.0015112891353885785,S,0.0006578613481291604,S,0.0006436561466420535,S,0.0009846499835989987,S,0.0007222668915397271,S,0.00098466256752777,S,0.0007222668915397271,S,0.0007222668915397271,S,8.329047563301462e-05,V,0.0003709004063869748,A,0.002405045470850902,K,0.00011773258075401953,A,0.0032842157730983085,K,0.000847595828263177,A,0.001155897066897337,K,0.0009260862173234255,K,0.0008415877935035067,R,0.000717658697449329,R,0.000717658697449329,C,0.0009385866501432472,A,0.0008250756270751488,L,0.0012058086623537515,S,0.000952457896581927,S,7.480320681404455e-05,S,0.0009330567306027511,L,0.0010382535387292045,L,0.0010382535387292045,L,0.0010382535387292045,K,0.0006993074142153033,R,0.0012919796669427735,0.0009435727518610742,0.12138819929154789
280,T,I,6.55657883814358e-05,E,0.006013738919993676,R,0.0010948274305086565,R,0.0003154682853711812,R,0.0010335970357371604,A,0.00419351019849222,S,0.0006543807360378659,A,0.00777318353322648,R,0.0016796213064167315,R,0.0026990424727892084,R,0.00025186867771821784,R,0.0010369409913880822,R,0.000697692924793301,R,0.0007069051571688222,R,0.0010335970357371604,Q,4.678325754001531e-05,K,0.0006581140223432429,Q,0.0013949147555193783,V,0.0006244002275014065,Q,0.0016010324746585532,A,0.00507124077650668,K,0.0011098303673488458,T,0.0009041587187553804,V,0.0002273675549255329,E,0.0024757078441957313,E,0.0024757078441957313,T,0.0003654084831860943,T,0.0006469914289369991,A,0.00777318353322648,S,0.0016008077652273785,Q,9.087337810454826e-05,R,1.942171006310231e-05,S,0.0007748284840141456,S,0.0014888889274234111,S,0.0007732733946557938,E,0.001027328799180384,E,0.0036667095603416843,0.0017315382108543439,0.22275792195731417
281,L,L,0.002275240391369978,L,0.0011974257652104573,L,0.0012935841845272786,Q,0.002928266070332667,E,2.9027239825545347e-05,E,0.0005134655025923133,W,0.0022154758567104866,W,1.755960813608717e-05,E,0.00011180634795920029,E,2.2096807436520944e-05,Q,0.002928266070332667,E,2.9027239825545347e-05,Q,0.003370437210299516,E,3.43095088250411e-05,E,2.9027239825545347e-05,E,0.00018643126770965566,L,0.0022885646112638137,Q,0.002153049905537063,E,0.0014486066055250844,Q,0.002173408368271271,Q,0.0009256669038948348,L,0.0013704488396646159,Q,0.0018853760508410146,E,0.0009579856541526305,K,0.0024859897331149876,K,0.0024859897331149876,L,0.0013300879040944948,L,0.001788979797554536,W,0.00015157238733753573,W,0.0010426267346416518,E,0.00010716043854511748,Q,0.003027565450369824,C,0.006640043934787031,C,0.006644522945607849,C,0.006640043934787031,Q,0.004509399993072761,Q,0.003164065390979221,0.001902773016975023,0.2447868378305514
282,V,V,0.0006954053577588481,V,0.0010323258559857026,V,0.00024330962159110835,I,4.6869280153405094e-05,I,5.085324831884558e-05,V,5.805499257089435e-05,I,7.551580422465601e-05,I,0.000332675552899582,I,0.0010985635904937224,I,0.0010985635904937224,I,4.6869280153405094e-05,I,5.085324831884558e-05,I,4.6869280153405094e-05,I,5.085324831884558e-05,I,5.085324831884558e-05,I,0.00019146072416004867,V,0.0002502486147665305,I,3.711517899327111e-06,V,6.022118877794126e-05,I,3.711517899327111e-06,V,4.8750864220811605e-05,V,8.460397127998312e-05,I,5.464719467868763e-05,V,9.060312073348014e-05,A,0.0007286724998582034,A,0.0007286724998582034,V,0.000279866952193025,V,8.695412669048104e-05,I,0.0010299017813711173,I,3.184945253699154e-05,I,0.00025883309581874176,I,0.0010154343567091544,I,0.001016509928914714,I,0.001016509928914714,I,0.001016509928914714,A,0.0023070578458361194,V,0.00017575146255088833,0.00041780858849559566,0.05374999660173627
283,N,Y,0.00777318353322648,H,0.0001698795383677685,K,0.0005037015903582584,E,0.002391683160928692,G,0.0015019966713638682,T,0.003176059136663734,R,0.0004631969524928893,R,0.0009706357995407177,Q,0.0004983475552750517,Q,0.000937796249347405,E,0.0023978580081374878,G,0.0015019966713638682,E,0.002337355930079952,G,0.0015019966713638682,G,0.0015019966713638682,R,0.00020576885453578374,R,3.555241757004263e-05,T,0.003923315911156578,S,0.0005724097956277542,T,0.003973714156428738,S,0.00023526590803640374,H,7.992632896626254e-05,T,0.0035072010850796006,G,0.0008022068996497282,Y,0.00777318353322648,Y,0.00777318353322648,K,0.0005773546667080969,N,0.0008187268566718276,Q,0.0008336089441058609,R,0.001476420992738124,E,0.0017968459239334385,E,0.0011710555433345408,R,0.0013794502742478605,R,0.0013794502742478605,R,0.0013794502742478605,A,0.0004727211084149262,A,0.0008008419343644532,0.0018539280907133144,0.23850306412922032
284,H,H,0.0005112103521302705,H,0.0017622227743969861,H,0.00027904755203669515,Y,0.0006157183515717511,D,0.0003061321748752318,E,0.000959944671353466,H,0.0006443327260809015,H,0.00025702087600642674,Y,0.0009087483966119484,Y,0.0008415455291940364,Y,0.0006157183515717511,D,0.0003061321748752318,Y,0.0006480532309695549,D,0.0002849449838103809,D,0.0003061321748752318,D,0.0013092558809352343,H,0.0007930059220816849,N,0.002049863182266135,E,0.0006372324596325557,N,0.002049863182266135,E,0.00046368706742296305,R,3.97448006310139e-05,E,0.0005200176848147826,E,0.0024514813791716664,H,3.897932409359848e-05,H,3.897932409359848e-05,H,0.00020322071446390966,H,0.00020913496062873734,H,0.0003011886862590925,H,0.00011787049504068936,Y,0.0008499908385904932,Y,0.0005354984012812416,H,0.0002848448455458941,H,0.0002848448455458941,H,0.0002848448455458941,H,0.0003828512248388317,Y,1.4544197587843448e-05,0.000624536448191831,0.08034500221463309
285,S,A,3.338812990759154e-05,A,0.0003614758285837221,A,0.0015535449270536856,N,0.0026644705825807093,V,0.0008130724222021876,A,0.0015501329407159405,S,0.0011517537118199525,S,0.0005927838718723062,V,0.0009480182154228493,V,0.0009480182154228493,N,0.0026644705825807093,V,0.0008130724222021876,N,0.002529814907348075,V,0.0008130724222021876,V,0.0008130724222021876,V,0.0011647037348894104,A,0.0014876874503957631,A,0.00059537444508742,A,0.0016290015471533226,A,0.0007091774609175814,A,0.0020351588371402864,A,0.0010497824954076875,A,0.0010683912026997503,A,0.0017033898931178505,A,0.001035244991192784,A,0.001035244991192784,A,0.00020303601640155278,S,0.0010425314908108106,S,0.0005496643728066178,S,0.0004822739867228667,L,0.0004929526054713978,V,0.0006028265091625386,S,0.0002531508282247539,S,0.00017914146467194858,S,0.0002531508282247539,A,0.0010164676807808862,A,0.0007276610546800834,0.0010153020402505401,0.13061598711912958
286,L,L,0.00020222679198854293,L,0.0001265028438299313,L,2.36770617986128e-05,M,0.00521222621833623,L,0.00016869368984642793,F,0.001027328799180384,L,1.4826562218106397e-05,L,3.8105915042019277e-05,L,6.924723875991915e-05,L,0.00010329180027114266,M,0.005070166458766594,L,0.00016869368984642793,M,0.005153094730401863,L,0.00016869368984642793,L,0.00016869368984642793,L,2.16463517104984e-05,L,0.00016294086935725584,L,0.00016553155597585543,L,0.0001335092484142941,L,0.0001725594231155372,L,4.055075366441847e-05,L,0.00011480938146095139,V,0.0002497142037080877,L,4.022611853960759e-05,L,0.00011898524582624399,L,0.00011898524582624399,L,9.23829019806524e-05,L,1.1143610890648517e-05,L,4.543801059860078e-05,L,6.954563665747531e-05,L,6.741679105900462e-05,M,0.003503278908868279,L,4.8634373676623575e-05,L,4.8634373676623575e-05,L,4.8634373676623575e-05,L,0.00011813828014338139,L,0.00019221119242459803,0.0006297401630062312,0.08101444669541202
287,E,E,0.000984589236335171,E,0.0008774087208880872,N,0.0007273902997335319,E,0.0013016777900734426,E,0.0005752512839083383,S,0.0002402299888282792,D,8.864263932925768e-05,A,0.0006056120055177036,D,0.0006411258435075597,D,0.0006230623551749477,E,0.0013016777900734426,E,0.0005752512839083383,E,0.000821892898241418,E,0.0005752512839083383,E,0.0005752512839083383,E,0.00019159023587279672,E,0.001423513347243113,K,0.0007115721231683746,T,0.00022560090871581417,K,0.0007254920181167314,F,0.00018640977797627616,E,0.0007465590550259233,E,0.0015336625968391637,T,0.00024193568716188274,E,8.018003965543796e-05,E,8.018003965543796e-05,E,0.000908696023094928,E,0.0008476049565276617,A,0.00023699759149450525,D,0.0008629351600059764,D,0.00223624717578075,E,0.00024753465464636104,E,0.0013416304367198787,E,0.001341630436719879,E,0.001341630436719879,E,0.0009321642334733893,E,0.0009876372153841794,0.0007552896987387713,0.09716607044080264
288,F,L,0.00020493860029324412,L,0.0005691301780535513,L,0.00043967442274202425,Y,0.002522277070318611,Q,0.002745044595598292,Q,0.00018029669637751458,L,0.00010061323355196955,L,0.0009149415890455717,Y,0.0030198652581200154,Y,0.003122979586800731,Y,0.002522277070318611,Q,0.002745044595598292,Y,0.0034752120188309525,Q,0.002745044595598292,Q,0.002750694787790653,Y,0.0017362906896565195,V,0.0018706879534562677,Y,0.0005504318513051003,Q,0.00012059329292224142,F,0.0002945067359009516,Q,0.0008331043074987616,L,0.0002768652212689608,R,0.00027113013527226774,Q,0.0012674597425044306,M,0.0012316485549628685,M,0.0012316485549628685,L,9.306738560493201e-05,F,0.0006911079922984842,L,0.0005479710167128239,L,0.00023403894785146713,Y,0.002088897187177123,Y,0.004474856709718584,L,0.0014496845756984751,L,0.0013551971569540243,L,0.0014523487974246194,L,0.00021480749824233467,L,0.0006449034247969751,0.0013780887035467408,0.1772875550482115
289,P,P,0.00016788832157599255,P,7.075434363388053e-05,P,0.00015002588053010914,G,0.00038877022469776325,D,0.00777318353322648,P,0.0010094414279027436,P,0.00020085296956949366,P,0.00015640494254349783,R,1.9796486236222494e-06,R,1.9796486236222494e-06,G,0.00038877022469776325,D,0.00777318353322648,G,0.00040948708518370985,D,0.00777318353322648,D,0.00777318353322648,G,0.0006641269267316397,P,9.402824362833863e-05,P,9.650963892164266e-05,P,5.64755921483368e-05,P,0.00016609070771614987,P,0.0010242997860343116,P,0.000665907304492664,P,0.00015317715583286002,P,0.0010590166379990792,P,2.749672745955485e-05,P,2.749672745955485e-05,P,0.00012977127681947586,P,0.00015463401256349791,P,0.00018136353610007168,P,0.00039277662633617987,G,0.0006690842159018708,G,0.0004030360676831344,P,0.00023480595917624165,P,0.00023480595917624165,P,0.00023480595917624165,P,0.00014753544733113135,P,0.00013674475267286257,0.0011079210300499786,0.14253118111957208
290,L,L,0.00013852696781137592,L,0.00030101514037300995,L,0.0002501039806873621,W,0.00019778169126248433,W,9.269323085778299e-05,I,0.00317496424857192,L,0.0013346045084194982,L,0.00012578951720458503,W,0.0002194047178753634,W,0.00025062380949307663,W,0.00019778169126248433,W,9.269323085778299e-05,W,0.0002063803500258417,W,8.683014711807065e-05,W,9.269323085778299e-05,W,0.00010139970232556973,L,0.0016144910159863635,I,0.0032617645277978244,I,0.0030536703163054585,I,0.0032617645277978244,I,0.0015088722146654149,L,0.0002258808343751462,L,0.00054712699783959,I,0.0030201420122313266,Y,3.605332784949989e-05,Y,3.605332784949989e-05,L,0.00016875372018173998,L,0.00018377636301685944,L,0.00012591836584073307,L,0.00012539241465640735,W,0.0003785896549980753,W,0.0001793693216382356,L,0.0001234362900757113,L,0.0001234362900757113,L,0.0001234362900757113,L,0.0016144370568225315,L,0.0007168860418472732,0.0007376361372143494,0.09489498531217269
291,H,R,0.00023072338412493426,H,1.4897839326965507e-05,H,2.9775899693714046e-05,H,6.691365110130307e-05,H,4.734466561326595e-05,R,0.00012716498798726598,H,3.1003066938942956e-05,H,2.702274665908755e-05,H,6.691365110130307e-05,H,6.691365110130307e-05,H,6.691365110130307e-05,H,4.734466561326595e-05,H,6.691365110130307e-05,H,4.734466561326595e-05,H,4.734466561326595e-05,H,9.958505735329834e-05,H,5.560949951985046e-05,K,0.0010172827588523015,R,0.00048057916761704695,K,0.0002128227412980947,H,0.0006717220991299279,H,2.702274665908755e-05,L,0.0002524232175842079,R,0.00048057916761704695,H,3.395017373982091e-05,H,3.395017373982091e-05,H,1.4316426464506948e-05,H,1.2698867905052555e-05,H,2.702274665908755e-05,H,2.8597117195149375e-05,H,6.691365110130307e-05,H,6.043946255226161e-05,H,7.125209281721603e-05,H,7.125209281721603e-05,H,7.125209281721603e-05,N,0.0014563183687315775,N,0.002165808108320278,0.00022691709927518533,0.029192299178995067
292,W,W,1.2467288695986392e-05,W,1.1667018606496962e-05,W,8.14304693408462e-06,T,9.711653193541756e-05,T,1.636830966465404e-05,M,1.8913199757197857e-05,W,1.8303430717593188e-05,W,1.3164693673982971e-05,S,0.0007031767752443886,S,0.0007031767752443886,T,9.711653193541756e-05,T,1.636830966465404e-05,T,9.711653193541756e-05,T,1.636830966465404e-05,T,1.636830966465404e-05,T,3.587336739316257e-05,C,0.00016329706913581393,D,0.0023467589760674847,M,9.65108621181361e-06,D,0.0023467589760674847,T,4.4200405482159754e-05,W,1.4242139552119545e-05,K,2.541100718962174e-06,M,2.053648921232665e-05,W,2.632700771410982e-05,W,2.632700771410982e-05,W,1.001008391330359e-05,W,1.0847030858224919e-05,W,1.3164693673982971e-05,W,1.333686727440247e-05,T,3.691815416834049e-05,T,1.990390184037786e-05,W,1.15288264459438e-05,W,1.15288264459438e-05,W,1.15288264459438e-05,W,1.2399396953669622e-05,R,1.3076159159127307e-06,0.00019013034898769142,0.02445977869620331
293,R,R,0.0005649805210725251,R,0.0003966815532117832,S,0.0009215083484241814,N,0.0023390837167702886,N,0.002255984064533029,T,0.00037794822628771347,R,0.00018657948955357658,R,0.00047070382092378034,D,0.003915193476621727,D,0.003915161203447217,N,0.002313824178682972,N,0.0022532174328675257,N,0.0010817356061946473,N,0.0022563766280427216,N,0.0022622567193009424,Y,0.001335548039945677,M,0.0011840528296778498,G,0.003142401646448173,T,0.0003995928304974417,G,0.003127299668865292,N,0.001928329745046387,R,0.00012461658939421114,T,0.0019429081076850364,T,0.0013960182420374063,R,0.0005773075146031372,R,0.0005773075146031372,R,0.0008007226430550121,R,0.0004984254346202911,R,0.000498295955646956,R,0.00021781320156486113,N,0.0006707333410539093,N,0.002258210804926311,R,0.0005529277606244089,R,0.0005529277606244089,R,0.0005529277606244089,R,0.00026375023128434176,R,0.0008504630225390422,0.0013233463684135757,0.17024509491599296
294,M,A,0.002694327154138872,M,0.0011025668145626523,A,0.002744798206405946,L,0.003930316458252564,L,0.003424543129953615,L,0.0026708003401560774,I,0.0024176228997983542,I,0.0016128812883214787,L,0.0017086063509153717,L,0.0017144796821800393,L,0.003930316458252564,L,0.003424543129953615,L,0.0039490420911520155,L,0.003424543129953615,L,0.003430305330102072,L,0.002367584397923506,M,0.0013197774206402022,I,0.0026995976146413736,L,0.0021056569746399777,I,0.00262116945818042,I,0.002192568561607281,M,0.0008220640182664091,M,0.0006734700768879959,L,0.002353373159218754,M,0.00035982131084861667,M,0.00035982131084861667,M,0.0005785900742343684,M,0.0008359287064809029,I,0.0015353167374670673,I,0.0012933311814488752,L,0.005795658532219637,L,0.004357916869616287,L,0.0024285511656740376,L,0.0022225303316338253,L,0.0024285511656740376,M,0.0012212506265228417,F,0.0018661280539291,0.002286982438181161,0.29421438827546686
295,P,P,1.2663475693248027e-05,L,0.00012424734706294839,A,6.639306031884568e-05,P,1.6869720462489842e-06,P,1.6933350470304628e-05,P,0.0006422432504262715,Q,1.9176967713495634e-06,Q,2.201786042801475e-05,P,6.057603190196687e-06,P,6.057603190196687e-06,P,1.6869720462489842e-06,P,1.6933350470304628e-05,P,1.4073683756112646e-05,P,1.6933350470304628e-05,P,1.6933350470304628e-05,P,1.6479903629190465e-05,L,0.00012049908568307008,V,0.0018403140827348181,P,3.6892392411485913e-06,V,0.0018403140827348181,P,6.926772830373007e-05,L,0.00017245251036938404,E,3.779466250420881e-05,P,0.0006319544825063364,R,0.00039686452513562875,R,0.00039686452513562875,R,0.0018694601116227727,P,6.358639227238951e-05,Q,3.0462511050530562e-05,Q,4.721683783626253e-05,P,1.0338429930754824e-05,P,0.0002728793222099267,Q,5.362832575998936e-05,Q,5.362832575998936e-05,Q,5.362832575998936e-05,E,0.0011916685034419135,Q,8.28322819717783e-05,0.0002762865708758152,0.035543554284396865
296,R,R,0.0006956652370040471,R,0.00030641785737318896,R,6.175472801125281e-05,R,2.677793841646404e-05,R,1.3952867699948603e-05,R,0.00010408297383507727,R,7.362011954434979e-05,R,1.4820622607660427e-05,R,3.6273919643506614e-05,R,3.6273919643506614e-05,R,2.677793841646404e-05,R,1.3952867699948603e-05,R,2.677793841646404e-05,R,1.3952867699948603e-05,R,1.3952867699948603e-05,R,1.1932870686795544e-05,R,2.658574940469903e-05,R,9.255103398654154e-05,R,0.0003607490586969648,R,9.255103398654154e-05,R,4.4969362629328654e-05,R,0.0003010701761306927,R,4.949538791346237e-05,R,0.00010408297383507727,R,0.0003765166957903106,R,0.0003765166957903106,R,3.618842579386063e-05,R,0.0006861301527773459,R,1.5502238004558307e-05,R,2.4291427894248546e-05,R,2.677793841646404e-05,R,3.43708355128683e-05,R,1.993986268083246e-05,R,1.993986268083246e-05,R,1.993986268083246e-05,R,6.740873153471539e-05,R,0.0001059693702011849,0.00011779822731730388,0.015154437922863298
297,L,I,0.002795437958459668,I,0.002410210421868014,Y,0.0009023146085072296,L,0.00032122360957217907,L,0.00022509124263588205,V,0.0024754063715188637,L,0.0005603310133627358,L,0.0005269361746528177,L,8.583992113769663e-05,L,8.583992113769663e-05,L,0.0003290997051257529,L,0.00022509124263588205,L,0.00034978836477392376,L,0.00022509124263588205,L,0.00022509124263588205,M,0.0032210067528678486,V,6.29690316574156e-05,V,0.0010746521644913513,M,0.002013464918518391,V,0.0010427522332996212,V,0.0013519910122845255,L,0.00025353381326559166,L,5.955485294646444e-05,M,0.0016380434167293629,L,0.0006474086217215726,L,0.0006474086217215726,L,0.0004044247723953936,L,0.0009454857582364205,L,6.123931614402399e-05,L,0.0007793495331725261,L,7.640644665030635e-06,L,0.001005649389445843,L,0.0019430176240784202,L,0.0019422953381150957,L,0.0019422953381150957,L,0.00019826130261497098,L,3.02807907008603e-05,0.0008923113050769594,0.11479354646172625
298,E,E,4.400871940971375e-05,E,3.9766192181527364e-05,E,2.524939210364343e-05,E,2.295546823762026e-05,E,1.5342242087628003e-05,G,0.0001327823464836793,E,4.518041700582177e-05,E,0.00011533894232687995,E,1.4235550468901229e-05,E,1.4235550468901229e-05,E,2.295546823762026e-05,E,1.5342242087628003e-05,E,2.295546823762026e-05,E,1.5342242087628003e-05,E,1.5342242087628003e-05,E,1.6885764388281484e-05,E,9.757845850267427e-05,E,3.683653734279084e-05,E,7.088840831810809e-05,E,3.683653734279084e-05,V,0.0013470713415152798,E,6.021393089355328e-05,G,1.1617424519076981e-05,G,1.3140409965367223e-05,D,0.0021733661016725327,D,0.0021733661016725327,E,4.195210368052524e-05,E,5.0770095051544845e-05,E,0.00013119655938196093,E,3.829141186189236e-05,E,1.4554662625065657e-05,E,2.1237563051725104e-05,E,5.213751377094855e-05,E,5.213751377094855e-05,E,5.213751377094855e-05,H,0.0001258744579546366,H,2.3984365318844328e-05,0.00019467857459147216,0.025044896181766252
299,A,A,0.0007902191482434171,A,0.0009762281167996682,A,2.0853209674176945e-06,A,3.273098176713736e-05,A,6.878511202144136e-06,A,0.000577398306190786,A,0.000947965500071355,A,6.94171643330014e-06,T,0.00024831188864782473,T,0.00024831188864782473,A,3.273098176713736e-05,A,6.878511202144136e-06,A,3.273098176713736e-05,A,6.878511202144136e-06,A,6.878511202144136e-06,A,2.4069866906649747e-05,T,0.00018412341478883778,T,0.0019674959315846494,A,4.5196235930724236e-05,T,0.0019674959315846494,A,6.1109519730781e-05,A,0.0009564628906806091,A,0.00046542620677152846,A,4.1774604265377275e-05,T,0.0002344459992849262,T,0.0002344459992849262,A,4.312060270737503e-06,A,4.177547648826178e-06,A,6.94171643330014e-06,A,0.0008287917819579858,A,3.0968122510383313e-05,A,2.4478418006499943e-05,A,6.061448010662087e-06,A,1.3703763718119323e-05,A,6.061448010662087e-06,A,1.7913461034990318e-05,T,0.0019401902522783363,0.0003510490674812362,0.04516155652065549
300,-,R,1.8927973624336403e-05,R,3.156447501579702e-05,R,6.036742847676886e-05,-,,-,,-,,R,2.036457964693132e-05,R,1.883761725327165e-05,-,,-,,-,,-,,-,,-,,-,,-,,-,,-,,-,,-,,-,,R,3.156447501579702e-05,-,,-,,R,1.586073895197671e-05,R,1.586073895197671e-05,-,,-,,R,1.883761725327165e-05,R,2.7458271486116652e-05,-,,-,,R,2.8420552228727172e-05,R,2.8420552228727172e-05,R,2.8420552228727172e-05,-,,-,,2.6531197874032732e-05,0.00341317013301244
301,R,W,9.665809552291153e-05,W,0.0004891168086701094,-,,R,1.825352754722397e-05,R,2.252155674517002e-05,R,1.743315009357607e-05,W,5.2815317812855156e-05,W,5.28825938193526e-05,R,2.3096619647803975e-08,R,2.3096619647803975e-08,R,1.825352754722397e-05,R,2.252155674517002e-05,R,1.825352754722397e-05,R,2.252155674517002e-05,R,2.252155674517002e-05,R,2.131873342874303e-06,R,6.477112633142251e-06,R,7.307666771291531e-06,R,1.743315009357607e-05,R,7.307666771291531e-06,R,0.00015922961081444553,W,0.00010120200828523282,R,4.102693290355314e-05,R,5.1635436850906357e-05,W,7.817107311770277e-06,W,7.817107311770277e-06,R,6.962121102485252e-05,R,8.458888521614852e-05,W,4.906423744890701e-05,W,5.2815317812855156e-05,R,1.59877907473818e-05,R,0.00014748502327407656,-,,-,,-,,R,5.911879173952464e-08,K,7.648396764014142e-06,5.122589766516003e-05,0.0065900795274156185
302,W,-,,F,0.0024226148776336828,W,0.00048471920231334077,N,0.0028736924952345623,N,0.0016925999272163073,K,0.0019953262286192177,-,,-,,T,0.0009751436085793204,T,0.00026948363010643355,N,0.0028759037960027355,N,0.0016112394746567898,N,0.0023367280323390045,N,0.0016925999272163073,N,0.0016925999272163073,N,0.00042723604255955945,W,0.0030760760759160027,K,0.0016641233343347114,R,0.002006676947501197,K,0.001507870011358161,K,0.001027328799180384,F,0.00042115694265910627,R,0.0011111870053833784,K,0.0008315482537119832,-,,-,,W,0.001099869001937255,W,0.0025519761487215412,-,,-,,M,0.0008371455103156463,H,0.0018308179979380915,W,0.004228556654758125,W,0.004228556654758125,W,0.004228556654758125,W,0.0014846018520004332,W,0.001611921460098308,0.001836595215834138,0.23627323450985174
303,F,Y,0.0011261393034780111,-,,F,3.458945315565389e-05,Y,0.0006102447764316855,Y,9.73756535147522e-05,Y,0.0012112452800384487,F,0.00019716938021847272,F,2.7830265575817173e-05,Y,0.000583854202858249,Y,3.73460545838618e-05,Y,0.0006102447764316855,Y,9.73756535147522e-05,Y,0.0006266176669897847,Y,9.73756535147522e-05,Y,9.73756535147522e-05,H,0.0024832476627606724,Y,0.0011054969102601907,Y,0.0009076012308543919,Y,0.0003246205808100552,Y,0.0009076012308543919,Y,0.0004274638909640041,-,,Y,0.0010453360385290573,Y,0.0012009566172192013,Y,0.0011860601979655724,Y,0.0011860601979655724,F,0.0009090428906557952,F,0.0001679031557302224,F,6.2348408873631465e-06,F,0.0001552028187966957,Y,0.0001245426984427132,Y,0.0007979743353531621,F,0.000726204801979346,F,0.000726204801979346,F,0.000726204801979346,F,0.0006863771412438216,F,0.00011428997165208545,0.0006105545883058194,0.07854627202561258
304,I,I,6.897374993040428e-05,I,0.00017150475624448235,I,4.492641199986223e-05,M,0.002791563875765481,I,0.0004789098179329583,I,0.00017091480442277135,L,0.0017984661890329044,L,0.0012361826187997254,I,0.00012692118398774024,I,0.00017530217603032512,M,0.002791563875765481,I,0.0004789098179329583,M,0.002818886760940094,I,0.0004789098179329583,I,0.0004789098179329583,I,0.0005436929251308896,I,0.00017348326229398898,I,0.0002484922467049772,I,8.601471887183308e-05,I,0.0001502712994396595,I,0.00010652750897580752,I,0.00020219711607428673,M,0.0007253454522097428,I,0.00010573739660363885,I,0.00018257740795688362,I,0.00018257740795688362,I,1.6731590522632312e-05,I,0.00010661688622233336,L,0.0004345168133142673,L,0.0011709542583039406,M,0.0026050898823868976,M,0.0029273815579288764,L,0.0005909296071510433,L,0.0004915518728059539,L,0.0005909296071510433,I,0.00015371380031663234,I,0.00033878102844209863,0.0007093232249031192,0.09125260221518204
305,N,D,7.48134955578364e-05,N,0.0013982693996612973,D,0.0002590005276186016,G,0.0021297523232689554,D,0.00035391154941380367,S,0.0008472150891649954,D,0.00035641292851103473,D,0.0002864268506818357,D,0.00019881438867889025,D,0.00019881438867889025,G,0.0021297523232689554,D,0.00035391154941380367,G,0.002051541149315744,D,0.00035391154941380367,D,0.00035391154941380367,D,0.000369115530244408,D,0.00030181076600228684,S,0.0014164213910599142,S,0.00137901290740915,S,0.0014164213910599142,R,0.0014494393264654012,S,0.0003787206911039748,S,0.0023526559720600452,S,0.0006230461297259429,D,2.5950932176821282e-05,D,2.5950932176821282e-05,D,0.0001260330732708982,N,0.00039001463560684715,D,0.0002864268506818357,D,0.00034498671629276147,D,0.00042731379305662213,D,0.001027328799180384,D,0.00030434372533247073,D,0.0002971011420117626,D,0.00030434372533247073,E,0.0008314135485244437,G,0.0011540208424734512,0.0007183332941435373,0.09241172436917525
306,I,A,0.00027012725526835316,F,0.0024455736724058974,E,0.0011031238791466063,D,0.0031954741861599393,V,0.0007510519443780714,I,0.0015711820492087523,A,0.0003993251288760235,A,0.000483695106679118,I,0.0017119383548643424,I,0.0017220196353030148,D,0.0031954741861599393,V,0.0007510519443780714,D,0.003073124303238306,V,0.0007350953587285337,V,0.0007510519443780714,V,0.0005084703651365608,I,0.0031741480752220503,F,0.0004942029066022001,I,0.001412280269664316,F,0.0005678607237979446,I,0.0012267644579652991,F,0.002151002203667381,I,0.0010636830309850918,I,0.0013781294399599362,A,0.00024914160441281985,A,0.00024914160441281985,V,0.001055973096982972,I,0.0014738106603341882,A,0.0004918246443299264,A,0.0012197208919275601,V,0.001027328799180384,V,0.0007866517254702279,A,0.000545905838062158,A,0.000545905838062158,A,0.000545905838062158,A,0.002462028304016169,A,0.002068279518008703,0.001266418075282056,0.16292141692895207
307,Y,Y,0.00014089196711249483,Y,9.637597975879872e-05,Y,0.0002295572168075228,-,,F,0.0010967938134952976,Y,0.00013506468887036711,Y,0.0002426971412447914,Y,0.00022374247520487122,L,5.471183118304561e-05,L,4.7989605579909356e-05,-,,F,0.0010967938134952976,-,,F,0.0010967938134952976,F,0.0010967938134952976,F,0.0010613167168199828,-,,Y,0.00015083634940402752,Y,0.0001353945266128875,Y,0.00014258649437096432,Y,0.00017216635494116976,Y,0.00013844157906390238,Y,0.00029536695896258006,Y,0.00013905014752709364,Y,0.0001382855454451587,Y,0.0001382855454451587,Y,0.00032099196771730794,Y,0.0002073443442988688,Y,0.0001438803438151654,Y,0.00017753500100773381,F,0.004120627478812292,F,0.001004407225221229,Y,0.00013996990914839002,Y,0.00015006480027254438,Y,0.00013996990914839002,C,0.0010249772282068753,W,0.0003312020956773101,0.0004797244448988492,0.061715311731450395
308,R,-,,-,,-,,-,,G,0.0002129343483940317,E,0.00021703231927031635,-,,-,,R,0.004711453082784322,R,0.003552945646131272,-,,G,0.00021293434839403158,-,,G,0.00021293434839403158,G,0.0002129343483940318,G,0.0005086097961080879,-,,Q,0.0023737057895271163,E,0.0014233814307304208,Q,0.0010946384843315672,E,5.368335132440252e-05,-,,Q,0.001462884056724495,E,0.0014125239951903884,-,,-,,E,0.0026900632142142617,R,0.000896040112397347,-,,-,,P,0.0073718490375939685,G,0.0006592645950390562,-,,-,,-,,-,,-,,0.0016266562391635082,0.20926512698566355
309,-,-,,-,,-,,-,,-,,-,,-,,-,,-,,-,,-,,-,,-,,-,,-,,-,,-,,-,,-,,-,,-,,-,,-,,-,,-,,-,,-,,-,,-,,-,,-,,-,,-,,-,,-,,-,,-,,,
310,-,-,,-,,-,,-,,-,,-,,-,,-,,-,,-,,-,,-,,-,,-,,-,,-,,-,,-,,-,,-,,-,,-,,-,,-,,-,,-,,-,,-,,-,,-,,-,,-,,-,,-,,-,,-,,-,,,
311,-,-,,-,,-,,-,,-,,-,,-,,-,,-,,-,,-,,-,,-,,-,,-,,-,,-,,-,,-,,-,,-,,-,,-,,-,,-,,-,,-,,-,,-,,-,,-,,-,,-,,-,,-,,-,,-,,,
312,-,-,,-,,-,,-,,-,,-,,-,,-,,-,,-,,-,,-,,-,,-,,-,,-,,-,,-,,-,,-,,-,,-,,-,,-,,-,,-,,-,,-,,-,,-,,-,,-,,-,,-,,-,,-,,-,,,
313,-,-,,-,,-,,-,,-,,-,,-,,-,,-,,-,,-,,-,,-,,-,,-,,-,,-,,-,,-,,-,,-,,-,,-,,-,,-,,-,,-,,-,,-,,-,,-,,-,,-,,-,,-,,-,,-,,,
314,-,-,,-,,-,,-,,-,,-,,-,,-,,-,,-,,-,,-,,-,,-,,-,,-,,-,,-,,-,,-,,-,,-,,-,,-,,-,,-,,-,,-,,-,,-,,-,,-,,-,,-,,-,,-,,-,,,
315,-,-,,-,,-,,-,,-,,-,,-,,-,,-,,-,,-,,-,,-,,-,,-,,-,,-,,-,,-,,-,,-,,-,,-,,-,,-,,-,,-,,-,,-,,-,,-,,Y,0.00777318353322648,-,,-,,-,,-,,-,,0.00777318353322648,1.0
316,-,-,,-,,-,,-,,Q,0.0032296017580444743,-,,-,,-,,E,0.0004657941219365151,E,0.0008893235455762406,-,,Q,0.0032296017580444735,-,,Q,0.0032296017580444735,Q,0.0032296017580444743,Q,0.004185666932871575,-,,-,,-,,-,,-,,-,,-,,-,,-,,-,,-,,-,,-,,-,,Q,0.004227766409466347,N,0.0017204994758861065,-,,-,,-,,-,,-,,0.0027119397242127423,0.3488840463653732
317,-,-,,-,,-,,-,,-,,-,,-,,-,,-,,-,,-,,-,,-,,-,,-,,-,,-,,-,,-,,-,,-,,-,,-,,-,,-,,-,,-,,-,,-,,-,,-,,-,,-,,-,,-,,-,,-,,,
318,-,-,,-,,-,,-,,-,,-,,-,,-,,-,,-,,-,,-,,-,,-,,-,,-,,-,,-,,-,,-,,-,,-,,-,,-,,-,,-,,-,,-,,-,,-,,-,,-,,-,,-,,-,,-,,-,,,
319,-,-,,-,,-,,-,,-,,-,,-,,-,,-,,-,,-,,-,,-,,-,,-,,-,,-,,-,,-,,-,,-,,-,,-,,-,,-,,-,,-,,-,,-,,-,,-,,-,,-,,-,,-,,-,,-,,,
320,-,-,,-,,-,,M,0.0023455716612033346,D,0.0017853696094812877,-,,-,,-,,N,0.00017170523360054846,N,0.0005459513505399554,M,0.0023626661684594233,D,0.0017853696094812877,M,0.0018284731952379187,D,0.0017853696094812877,D,0.0017853696094812877,D,0.0010447176887020213,Y,9.450582900651653e-05,-,,-,,-,,-,,-,,-,,-,,-,,-,,-,,-,,-,,-,,D,0.004703794448723346,E,0.00016374248072332067,-,,-,,-,,-,,-,,0.0015694312687785797,0.201903282235656
321,-,-,,-,,-,,I,0.002479890865737914,T,0.004777216611968967,-,,-,,-,,A,0.005548955089228665,A,0.005915994034827244,I,0.002444474487696125,T,0.004177502605760871,I,0.002064290212541708,T,0.004777216611968967,T,0.0035125283257792348,T,0.0025528434724369983,E,0.0019858396872721893,-,,-,,-,,-,,-,,-,,-,,-,,-,,-,,-,,-,,-,,-,,M,0.0009617173487337916,-,,-,,-,,-,,-,,0.0034332057794960566,0.4416730628861155
322,-,-,,-,,-,,H,0.002933209220121433,K,0.0002543615796381849,-,,-,,-,,T,0.00508048282749706,T,0.004930606020574194,H,0.002933209220121433,K,0.0002543615796381849,H,0.0025975677643223028,K,0.0002543615796381849,K,0.0002543615796381849,Q,0.0018486559269794598,N,0.0001328991299499902,-,,-,,-,,-,,-,,-,,-,,-,,-,,-,,-,,-,,-,,-,,P,0.0003124193986753599,-,,-,,-,,Q,0.0015711528201620448,Q,0.0015656630698558552,0.0017802365512008483,0.22902283775897297
323,-,E,0.004384029617683563,K,0.0001434830449804567,-,,E,0.007616536681234452,D,0.00777318353322648,-,,A,0.0038812396477381837,R,0.0001582956644295344,N,5.0087853587301465e-05,N,0.000362944862667284,E,0.007616536681234452,D,0.00777318353322648,V,0.001027328799180384,D,0.00777318353322648,D,0.00777318353322648,N,0.0008524612011934933,I,0.0005885709265886378,-,,-,,-,,-,,K,0.0007266039044099393,-,,-,,E,0.002918056900794434,E,0.002918056900794434,-,,-,,A,0.0020845521824983102,A,0.0019595835187954757,-,,W,0.001027328799180384,A,0.004756035687932208,A,0.004768361249210206,A,0.004756035687932208,R,0.001027328799180384,-,,0.0033886477097660656,0.4359407822137851
324,-,-,,-,,-,,-,,-,,-,,-,,-,,-,,-,,-,,-,,-,,-,,-,,-,,-,,-,,-,,-,,-,,-,,-,,-,,-,,-,,-,,-,,-,,-,,-,,-,,-,,-,,-,,-,,-,,,
325,-,-,,-,,-,,-,,-,,-,,-,,-,,-,,-,,-,,-,,-,,-,,-,,-,,-,,-,,-,,-,,-,,-,,-,,-,,-,,-,,-,,-,,-,,-,,-,,-,,-,,-,,-,,-,,-,,,
326,-,-,,-,,-,,-,,-,,-,,-,,-,,-,,-,,-,,-,,-,,-,,-,,-,,-,,-,,-,,-,,-,,-,,-,,-,,-,,-,,-,,-,,-,,-,,-,,-,,-,,-,,-,,-,,-,,,
327,-,R,0.004121601598941782,K,0.002409440994973054,E,0.0022267721991351837,M,0.00777318353322648,T,0.00777318353322648,-,,V,0.00777318353322648,A,0.005185272832508875,E,0.0051503271243609,E,0.002710976356672739,M,0.00777318353322648,T,0.00777318353322648,M,0.00777318353322648,T,0.00777318353322648,T,0.00777318353322648,S,0.0045962616077596654,P,0.0038855267408721456,-,,-,,-,,-,,K,0.002803378064145941,-,,-,,K,0.003038729311879614,K,0.003038729311879614,-,,-,,A,0.005894878787556447,V,0.00777318353322648,-,,M,0.004360589305574544,T,0.0035222113041719193,T,0.0027380873225605305,T,0.0035222113041719185,E,0.0012279971760387521,R,0.003660635849681089,0.004964899221923075,0.6387214711579379
328,H,S,0.002468765686099996,-,,K,9.175636045473714e-05,-,,K,0.000921967373471058,N,0.0005451836347665437,-,,-,,T,0.001554023194720809,T,0.001554023194720809,-,,K,0.0010392320167964923,-,,K,0.000921967373471058,K,0.000921967373471058,K,0.001028051676501742,-,,Q,0.000461521317572359,N,0.0002601736909753517,Q,0.0004211532718852593,N,0.000134640263055672,-,,D,0.00024607242995903155,N,0.0005471211279326944,K,0.00015907600658961922,K,0.00015907600658961922,S,0.0007120627797501537,H,0.0006822340868449335,-,,-,,-,,-,,-,,-,,-,,V,0.0006847803564382331,-,,0.0007388023439079633,0.09504501479348224
329,N,-,,K,0.0007397650335843555,E,0.0010719857733511088,P,0.0005917764823669689,L,0.00582232012393273,N,0.0017076820617025412,R,0.00032873308391301857,R,0.0006297418796895926,L,0.0021870875587411565,L,0.0021870875587411565,S,0.001318413400493626,L,0.00582232012393273,P,1.998391062346452e-05,L,0.005912703086333981,L,0.005818317840167635,S,0.00022058708231034068,N,0.0010269398408000662,N,0.0011451443620293601,N,0.0012259915583594002,N,0.0011740097107524891,I,0.0020495279265649938,R,2.379875918125443e-05,E,0.0024279944970416406,N,0.0006234060863095042,-,,-,,G,0.004219430461758126,N,0.0006306001566788926,R,0.0012278819893027132,R,0.0005998483678864198,-,,S,0.00046276994661289655,R,0.00046552520074931783,R,0.00046552520074931783,R,0.00046552520074931783,M,0.0012936106193968148,D,0.001027328799180384,0.0016646473843632513,0.21415258976553359
330,Q,P,4.159965255455478e-05,Q,0.0002925459784570582,E,0.0005847913820175707,Y,0.00015856389940442994,Y,0.0023754443167169352,D,0.002637502979120947,E,0.0012839883837949585,K,0.002889453930196228,D,0.00041388513224644525,D,0.001585616828574683,Y,0.00014793182150523048,Y,0.0023754443167169352,Y,0.00011291152488666139,Y,0.0023754443167169352,Y,0.002375444316716935,C,0.0036972902267277067,-,,Q,0.0006240872868278538,D,0.0035828341417953337,Q,0.0005403694226647626,E,0.00034609043658459613,Q,0.00123116553830966,A,0.0013153982905440137,D,0.0017526791160046905,H,0.0002198544043858302,H,0.0002198544043858302,P,1.1031072345575343e-05,Q,9.505796311524676e-06,K,0.0031552966624372237,E,0.0010174762073916056,T,0.00013810231779107715,Y,0.002034619094206069,H,0.002295274773291008,H,0.002295274773291008,H,0.002295274773291008,V,0.0009142397196347153,P,0.0007324612656694886,0.0013355207917643637,0.1718113030595095
331,D,N,1.4463471834183971e-05,D,0.00025817410854212924,N,0.0019095865673428706,M,0.003094803843763418,M,0.0006534101014456464,A,0.0003540883802250084,D,0.0015147061205395807,D,0.000341167957583556,M,0.0027018547439704318,M,0.0027018547439704318,M,0.0031082446435054148,M,0.0006534101014456464,M,0.0031082446435054148,M,0.0006534101014456464,M,0.0006534101014456464,I,0.0005232694671507983,-,,N,4.710871571195558e-05,A,0.0015570461078699637,N,1.5772608582074733e-05,S,0.00033739106804691715,D,0.0002214736328525116,S,0.00020987823007435368,A,0.00060292177236972,D,0.000958857375821054,D,0.000958857375821054,D,0.0011531443411292505,D,0.0005875855924012513,D,0.0003248256455405644,D,0.0010702199131715343,I,0.0004674810922318276,G,0.00777318353322648,D,0.0002643043919286128,D,0.0002607769138339799,D,0.0002607769138339799,I,0.00018231882323228925,T,0.0010673776496109464,0.0011268166887501707,0.1449620588441778
332,V,V,0.0006763959360943541,M,0.0006257660612441756,V,0.0005294980814330287,N,0.0018444391651837545,K,0.0007011432834645195,H,0.003553234130540267,K,0.002229074349649731,M,0.0005926096678346451,K,0.0005662898104717408,K,0.0015104940245272435,N,0.002660216140747541,K,0.0007011432834645195,N,0.002855874104055638,K,0.0007011432834645195,K,0.0007011432834645195,N,0.002638503788480595,A,0.0012082888119432933,H,0.0025670074023712913,H,0.0029304914248578185,H,0.0020581921709384313,H,0.0018712302025389745,M,0.0006549114598036268,Y,0.00028889342877061854,H,0.003143831966651364,M,0.0012988670027691425,M,0.0012988670027691425,M,0.002084637130892144,V,0.001465663834365353,M,0.00022446444413943797,K,0.0010601427830692798,Y,6.588365902251128e-05,N,0.0014072389302495058,M,0.0007446019747564628,M,0.0007446019747564628,M,0.0007446019747564628,D,0.001985136229351353,M,0.0015184383538556993,0.0014176475826148426,0.18237670274413395
333,N,N,0.0004901357429738447,I,0.0007056583578748569,N,0.0015105090828682445,A,0.002980884658118138,T,0.0010167398943832626,N,0.0006804245629175193,N,9.357809915554503e-05,I,0.003501512216304707,T,0.0024944786060134825,T,0.0024351114201004815,A,0.002941014732983709,T,0.0010188457992563514,A,0.0029739868790129406,T,0.0010167398943832626,T,0.0010167398943832626,T,0.0014560489319941292,N,0.002796838353411617,N,0.0010420909695294783,N,0.0007826859297952922,N,0.001042801444378056,D,0.001188200232205722,I,0.0014907612269349788,S,0.0001851841094483756,H,0.0023476484520707787,N,0.0010875796945947784,N,0.0010875796945947784,N,0.001866861576112029,N,0.0013973194710970777,N,0.0001734576911648095,N,0.00040912980864841726,E,0.0026961010637974133,T,0.0004210060276284852,N,0.0016553419178467193,N,0.0016553419178467195,N,0.0016553419178467193,N,0.0012982851616394574,D,0.0012595051700359506,0.00145598569198247,0.18730880156873408
334,P,P,0.0008522861244267621,P,0.00011176032750013212,P,0.00026438032757246084,E,0.0006992283658644304,E,0.0005474043983224147,H,0.0010563960961196097,P,0.00043127730081012587,P,0.00010726771543505196,E,0.0001356445549149352,E,0.000701499950998666,E,0.0006992283658644304,E,0.0005474043983224147,E,0.0006992283658644304,E,0.0005474043983224147,E,0.0005474043983224147,E,1.6897717849862992e-05,P,1.536333571047321e-05,E,6.505246437839526e-05,H,0.0005701153427193683,Q,0.00011311267527021568,D,0.0001482229844043585,P,0.00011176032750013212,E,1.3577942939571072e-05,H,0.0005553198582105019,L,7.008739370448314e-05,L,7.008739370448314e-05,P,0.00013096889033711013,P,5.6118806295664614e-05,P,8.639537064154789e-05,P,0.00048479599742556277,Q,0.0001522764690599819,E,0.0002502584690152268,P,0.0008728099500956505,P,0.00015206660812335922,P,0.00015206660812335922,P,8.459297105960337e-05,P,0.00023665052074083146,0.0003339571131343361,0.04296272070598052
335,I,T,0.00013415257741687816,L,0.00034334511848796396,N,0.0005085222393832062,K,0.00045417648421914176,K,0.0005794560369546817,L,0.0008339626209178544,L,0.00035734353292502105,L,0.00048667553093073595,K,0.0017368863025577902,K,0.001828580549789332,K,0.00045399402840643664,K,0.0005794560369546817,K,0.0007124024690276742,K,0.0005794560369546817,K,0.0005794560369546817,K,0.0004283634620733477,L,0.0019312959294862672,V,0.00010926913742469734,L,0.0007896335851989805,V,0.0001464469808596972,L,0.0007276195057734938,L,0.0003920478492684933,N,0.0016706368640610843,L,0.0006400226698263376,V,0.0008144925471407287,V,0.0008144925471407287,I,0.0003349515340973282,I,0.00042492939001739224,L,0.0007085864508222341,L,0.0004570723281934092,K,0.0013606468977824923,K,7.753879429558635e-05,I,0.0006592167756094292,I,0.0006592167756094292,I,0.0006592167756094292,L,0.0004547743969444553,A,0.0026285557758920345,0.0007312673668921035,0.09407565944716222
336,L,L,1.3851903726222959e-05,L,1.4191147302705583e-05,L,1.2913422415672434e-05,L,6.7151334514813356e-06,L,6.7151334514813356e-06,L,1.0004995264443804e-05,I,1.3486596752495068e-05,I,3.833376343545773e-05,L,9.044270669765704e-06,L,9.044270669765704e-06,L,6.7151334514813356e-06,L,6.7151334514813356e-06,L,6.7151334514813356e-06,L,6.7151334514813356e-06,L,6.7151334514813356e-06,L,9.218056470353896e-06,L,0.00010095664790104972,L,2.786377191596115e-05,L,1.0004995264443804e-05,L,1.5457498994046422e-05,L,7.535005717060656e-06,L,1.4191147302705583e-05,L,1.5180610148419543e-05,L,1.0004995264443804e-05,L,3.487357789762341e-05,L,3.487357789762341e-05,L,0.0005268539780404258,L,2.549196752455861e-05,I,3.833376343545773e-05,I,9.201679804175198e-05,L,9.044270669765704e-06,L,6.7151334514813356e-06,I,9.970211968336617e-05,I,9.970211968336617e-05,I,9.970211968336617e-05,L,0.0005268539780404259,L,2.4918089684021305e-05,5.398298721915179e-05,0.006944771982856376
337,L,L,0.00016456267117333201,L,4.146079795867452e-05,L,1.4228772277948995e-05,L,0.00018226410083689853,L,0.00016281537916756122,L,0.00010303218275932212,F,0.00031238569972239215,F,0.002705597082009518,L,0.00010752814816532558,L,8.37856850458855e-05,L,0.00018226410083689853,L,0.00016281537916756122,L,0.00018226410083689853,L,0.00016281537916756122,L,0.0001628153791675612,L,0.0001434524842172559,I,0.00010105772143221451,L,0.00016922143328807425,L,7.5539303266114704e-06,L,0.0001226706328809575,L,6.349582175069359e-06,L,0.00013113132109643388,L,0.00017583645278569437,L,0.0001263601314844493,I,2.5700064787792076e-05,I,2.5700064787792076e-05,L,3.4595462456296215e-05,L,4.1618835636688664e-05,F,0.0031918156015804215,F,0.00042496967687301334,V,0.0007495410252581991,L,0.00016018498658073669,F,0.00039038058934721606,F,0.00039038058934721606,F,0.00039038058934721606,L,0.00014099708637275757,L,3.949959890145338e-05,0.0003167576410609973,0.040750053013288115
338,E,E,0.00041007328420793155,E,0.0003211314355477353,K,0.00036350918139342104,E,0.0005011227691012575,E,0.00044643550164216196,K,0.0003391720726010304,E,0.0019318750975824174,E,0.0008963042153464596,E,0.0005615421403921308,E,0.0005615421403921308,E,0.0005011227691012575,E,0.00044643550164216196,E,0.00032940832702420736,E,0.00044643550164216196,E,0.00044643550164216196,E,0.0005407483130823976,E,0.0007348224715762137,N,0.0005629483724134756,K,0.0002959309372762303,N,0.000582523495081171,K,0.001027328799180384,E,0.0003059733035649759,K,0.0005579561595823435,K,0.0006321590278444646,E,0.0003843413950222498,E,0.0003843413950222498,E,0.0006808211045513535,E,0.000961244253329387,E,0.0008639433769232087,E,0.0029192547869678143,E,0.00022849863694223766,E,0.0008906106646715216,E,0.0017993054841922973,E,0.0017993054841922973,E,0.0017993054841922973,E,0.0002125966110248145,L,0.0003432878882865196,0.0007299944022750955,0.09391189583453598
339,F,L,0.0016159304064658085,L,0.0001348369067013688,Y,0.000320741928240455,L,5.35179416244773e-05,L,0.00025515249184689516,F,2.6583195214887677e-05,L,0.00012905805176541358,L,3.787671426283085e-05,L,8.191950113057089e-05,L,8.191950113057089e-05,L,5.35179416244773e-05,L,0.00025515249184689516,L,5.729083536156943e-05,L,0.00025515249184689516,L,0.00025515249184689516,L,0.0018112197882238995,L,0.00012500443559276006,F,0.0009367582327140792,F,2.2133574516076737e-05,F,1.7421153880747806e-05,F,2.5722041450062982e-05,L,0.0001348369067013688,L,6.48680783332526e-05,F,2.6583195214887556e-05,F,0.0002388391949872492,F,0.0002388391949872492,L,0.00010143681253988335,F,2.8213019084470167e-06,L,9.556554924212006e-05,L,0.00012107512666244417,L,7.44054697773445e-05,L,7.46363469886977e-05,L,0.00012495569873192627,L,0.00012495569873192627,L,0.00012495569873192627,F,9.493750506207422e-05,L,0.00032960993626796097,0.00023041577924747008,0.02964239532780329
340,A,A,6.570152683292092e-05,A,0.0001327928621236248,A,2.829885205023424e-05,A,2.0255828065620835e-05,A,1.5475562021296388e-05,A,0.00014609238263930962,A,4.982363931506874e-05,G,0.0012713272429974683,A,5.233760434219567e-05,A,5.233760434219567e-05,A,2.0255828065620835e-05,A,1.5475562021296388e-05,A,2.0255828065620835e-05,A,1.5475562021296388e-05,A,1.5475562021296388e-05,A,2.1329479656738555e-05,A,0.00015675828079014014,A,6.570152683292092e-05,A,0.00014609238263930962,A,3.689520112072769e-05,A,6.570152683292092e-05,A,0.0001327928621236248,A,0.00014609238263930962,A,5.798548922441525e-05,A,3.087541787697744e-05,A,3.087541787697744e-05,A,2.8216262041556296e-05,A,0.0001327928621236248,G,0.0010044881410884521,A,6.130746810914781e-05,A,2.0255828065620835e-05,A,2.0255828065620835e-05,A,0.00015675828079014014,A,0.00015675828079014014,A,0.00015675828079014014,A,2.0255828065620835e-05,A,2.8216262041556296e-05,0.00012428499287866885,0.015988943570856465
341,E,K,3.818753998415154e-05,I,3.267031864114257e-05,K,0.0003881379140023254,K,0.0002678786404637313,K,4.652951509415184e-05,K,0.00012866828234959834,K,0.00010171101762764097,K,9.160879111376897e-05,K,3.822201838386602e-05,K,3.822201838386602e-05,K,0.0002678786404637313,K,4.652951509415184e-05,K,0.0002678786404637313,K,4.652951509415184e-05,K,4.652951509415184e-05,K,3.822201838386602e-05,K,0.0001037893334813513,K,0.0002890065269310245,K,0.00010297362112671522,K,0.0002890065269310245,K,0.00012983756360811287,I,3.275832473754827e-05,K,3.6176309347406354e-05,K,0.00010297362112671522,K,3.475848440367068e-05,K,3.475848440367068e-05,K,2.9132724786385475e-05,E,0.001027328799180384,K,0.00036057903207206514,K,5.077981518863767e-05,K,5.125034157486236e-05,K,6.105416082858794e-05,K,5.2411441665685534e-05,K,5.2411441665685534e-05,K,5.2411441665685534e-05,K,0.0002756841555874274,K,0.0002664748451038311,0.00014380975394741901,0.018500753691547883
342,L,I,0.0004208939026161795,L,0.00043322404055645464,L,0.00777318353322648,L,0.001006172763435699,L,0.0007028357453562673,L,0.0006158770251104471,L,0.0005228392258867389,I,0.0003441100902672043,V,0.002345318082763434,V,0.002345318082763434,L,0.001006172763435699,L,0.0007028357453562673,L,0.001056413649251932,L,0.0007028357453562673,L,0.0006437146415882997,L,0.00043782242501407356,L,0.00042266978015680887,L,0.00044729762830478557,L,0.0018924460717848833,L,0.0005247956511228917,L,0.0005393118155078955,L,0.00042968971091100283,L,0.0005909855843135736,L,0.0009311057497940399,I,0.0003584910677949593,I,0.0003584910677949593,V,0.000587312109205835,L,0.00045087182090965263,I,0.00035425375085524057,L,0.0004929251442169875,V,0.003498752886594062,L,0.0006227619006707285,L,0.0005111738663351994,L,0.0004909842293164701,L,0.00048714367644517824,L,0.0006102162941144571,L,0.0006285554191579595,0.0009808054780349315,0.12617809342111602
343,D,D,0.000367282239730555,D,9.089064394541052e-05,D,0.0005101648355529622,E,3.8587470041670796e-05,E,2.0933231725425626e-05,D,9.015535821114956e-05,D,0.00012254143499176263,D,0.0005332599091389611,E,1.8756742658562995e-05,E,2.060813822563273e-05,E,3.8587470041670796e-05,E,2.0933231725425626e-05,E,2.4615789293977796e-05,E,2.0933231725425626e-05,E,2.0933231725425626e-05,E,2.2304484979545203e-05,D,0.00035968807457635685,D,0.00044704957445619494,D,0.0001369267311843416,D,0.00044704957445619494,D,7.8282561417777e-05,D,0.00010249334147375186,D,5.188312142808258e-05,D,9.82703745849804e-05,D,0.0003752824356372721,D,0.0003752824356372721,D,0.00039776398617229355,D,9.816487198177603e-05,D,0.0003842709406124829,D,0.0006914516938606469,E,3.073754567138778e-05,E,1.5085459024105888e-05,E,0.00031283972832152216,E,0.00031283972832152216,E,0.00031283972832152216,D,0.0013583710986689924,D,0.0003950399386932883,0.0002363000104923062,0.030399386491035702
344,F,F,0.0,F,0.0,F,0.0,F,0.0,F,0.0,F,0.0,F,0.0,F,0.0,F,0.0,F,0.0,F,0.0,F,0.0,F,0.0,F,0.0,F,0.0,F,0.0,F,0.0,F,0.0,F,0.0,F,0.0,F,0.0,F,0.0,F,0.0,F,0.0,F,0.0,F,0.0,Y,0.0,F,0.0,F,0.0,F,0.0,F,0.0,F,0.0,F,0.0,F,0.0,F,0.0,F,0.0,F,0.0,0.0,0.0
345,N,N,0.0,N,0.0,N,0.0,N,0.0,N,0.0,N,0.0,N,0.0,H,0.0,N,0.0,N,0.0,N,0.0,N,0.0,N,0.0,N,0.0,N,0.0,N,0.0,N,0.0,N,0.0,N,0.0,N,0.0,H,0.0,N,0.0,N,0.0,N,0.0,N,0.0,N,0.0,N,0.0,N,0.0,H,0.0,N,0.0,N,0.0,N,0.0,N,0.0,N,0.0,N,0.0,N,0.0,N,0.0,0.0,0.0
346,I,I,5.434069045423587e-05,I,2.2583612835915644e-05,I,0.0003655660152164523,I,1.1690171763385838e-05,I,8.610733520930703e-06,M,1.6621684397666326e-05,I,2.7928745760751233e-05,I,0.00020794752878898254,I,1.8057358447490318e-05,I,1.8057358447490318e-05,I,1.1690171763385838e-05,I,8.610733520930703e-06,I,1.1690171763385838e-05,I,8.610733520930703e-06,I,8.610733520930703e-06,I,8.101547071738794e-06,F,5.58827941205361e-05,I,1.3172178448479131e-05,M,8.906036036832426e-06,I,2.051826162052198e-05,I,0.00016901785541109651,I,4.653735041556967e-05,V,0.00010941722407642151,M,4.227508827735153e-05,I,4.2845881455103054e-05,I,4.2845881455103054e-05,I,4.592734860834336e-05,I,1.7471886848236e-05,I,0.0001571543335410694,I,3.5707672201450544e-05,I,1.1707667885828523e-05,I,1.4305709918291097e-05,I,1.0725976255990514e-05,I,1.0725976255990514e-05,I,1.0725976255990514e-05,A,6.089883923969188e-05,A,0.00022616332729122094,5.30176015246952e-05,0.006820577604796209
347,V,V,0.0016300235951570796,V,0.0003724075628941328,V,0.001150645228632512,F,8.943632662433758e-05,F,0.000100346951541635,L,9.686750994486534e-05,I,4.580730396885614e-05,I,0.00018978561047543508,F,0.00010322176440939186,F,0.00010322176440939186,F,8.365612351333946e-05,F,0.000100346951541635,F,8.365612351333946e-05,F,0.000100346951541635,F,0.000100346951541635,F,7.839518392199842e-05,V,0.0003751224887654333,L,0.0001378382000061672,L,9.686750994486534e-05,L,0.0001378382000061672,L,6.024721987617297e-05,V,0.0003568854930703211,V,0.0016455649180951769,L,0.00034672217197657143,V,0.00017075369600208084,V,0.00017075369600208084,V,0.00018187143421709724,V,0.00041314306942938936,I,0.00017890036007421338,I,0.0003265519779581631,F,4.477832917711792e-05,F,5.20093484085103e-05,T,0.0002194083418440112,T,0.0002194083418440112,T,0.0002194083418440112,V,0.00012696561658459224,L,0.00020787900236652037,0.00027344404489524027,0.0351778706531762
348,Q,Q,0.0009633499957614588,Q,0.000695007776370594,Q,0.000455142487342049,H,0.0006619107272315387,Q,0.003004027577258751,Q,0.001237566509255738,Q,0.0007192277266002986,Q,8.482435275315949e-05,N,0.0019249550494059794,N,0.0024646365860593097,H,0.0006619107272315387,Q,0.003004027577258751,H,0.0012642801543075249,Q,0.003004027577258751,Q,0.003004027577258751,H,0.000878281375634749,Q,0.00025534373044021775,Q,0.0019629382098307994,Q,0.0018953125710059087,Q,0.0019629382098307994,Q,0.0009059818835055302,Q,0.0006922511740908797,Q,0.001388957846730123,Q,0.0014996602425159712,Q,0.0010363561636574528,Q,0.0010363561636574528,Q,0.000401346359283893,Q,0.0009673061512802895,Q,0.00010241822038805434,Q,0.0004960594700586465,H,0.00011502591248961282,H,0.000787241049729195,Q,0.0009648164616121805,Q,0.0009648164616121805,Q,0.0009648164616121805,Q,0.0014064998834926843,Q,0.0009869942642364551,0.0012113686667040388,0.1558394525905689
349,A,A,0.0002168443516767765,A,0.00020306078624743939,S,0.00018632908811332382,S,7.496579160443052e-05,S,3.996155447221745e-05,K,4.2705079119590286e-05,A,6.315326058347187e-05,E,7.870746091513394e-05,S,3.204768768074003e-05,S,3.204768768074003e-05,S,7.496579160443052e-05,S,3.996155447221745e-05,S,4.0046759859155275e-05,S,3.996155447221745e-05,S,3.996155447221745e-05,S,0.00026899375759674535,A,0.00015204743995388413,T,7.458667257449212e-05,K,8.320092867226745e-05,T,7.458667257449212e-05,K,4.417457592170433e-05,A,0.00020306078624743939,C,0.00027732080139735273,K,4.270507911959029e-05,A,0.0006625045412403069,A,0.0006625045412403069,A,0.00012976992497334958,A,0.0019608844765484352,E,7.870746091513394e-05,A,6.315326058347192e-05,S,7.469922808891905e-05,S,7.496579160443083e-05,A,0.0002168443516767765,A,0.0002168443516767765,A,0.0002168443516767765,S,0.0001863290881133238,N,0.0001863290881133238,0.00019339938198603788,0.02488033135450257
350,A,I,0.0011943209642451074,A,0.0021609430091489162,I,0.00016506659383436616,L,0.0007306654074895709,L,0.0023306365898668863,L,0.000919829419243785,T,0.0008501258374956868,T,0.0013602382008085037,L,0.0014132362530763604,L,0.0018077344174923817,L,0.00036559113183724665,L,0.0023306365898668863,L,0.0012897430287508401,L,0.0023306365898668863,L,0.0023306365898668863,L,0.0007563515079636627,M,0.00154273721344004,L,0.001840628244064768,L,0.00015484907089227833,L,0.0018045823515168084,M,0.00018526908913505736,A,0.0018638476507961816,L,0.00028083617487825,F,0.0020469958597173683,A,0.000740614350285075,A,0.000740614350285075,V,0.001380381724625875,A,0.000933345728829664,T,0.00048622190628845217,T,0.0001548494325707638,L,0.0004912822986793591,I,0.0016921550094891307,T,0.00021889796986132413,T,0.00016130838675200657,T,0.00021889796986132413,I,0.0009305954950803081,M,0.00048341357337124255,0.0010996950265209275,0.14147292699577724
351,H,H,0.0011357348663146255,H,0.0015020319789920285,H,0.0012514473178435932,Q,0.0003127454811070222,Q,0.00019120121675587828,H,0.0012198471073281017,Q,2.933869348146096e-05,Q,0.0001958567111790235,Q,0.0003507275496039854,Q,0.0003507275496039854,Q,0.0003127454811070222,Q,0.00019120121675587828,Q,0.0003114574874121427,Q,0.00019120121675587828,Q,0.00019120121675587828,Q,0.00027209023146512745,H,0.0029898664949629806,H,0.0003250340173041289,H,0.0004072284710825635,H,0.0003250340173041289,H,0.0004353657243766141,H,0.0016813020624415398,H,0.0007048036889697971,H,0.0012198471073281017,H,0.001327177595444749,H,0.001327177595444749,H,0.0010804948097467646,H,0.0004527962986557308,Q,0.0008501521460172916,Q,4.159993475891188e-05,Q,6.475805285766997e-05,Q,0.0002464188822578163,Q,0.0005026488918329259,Q,0.0005026488918329259,Q,0.0005026488918329259,Y,3.327654190504174e-05,Y,0.00032879192612028847,0.0006313142531064669,0.08121694932429083
352,Q,Q,0.00037116377247009774,I,0.0021785545473587947,Q,5.8670402527993514e-05,E,0.0020323155907908527,K,0.002488438440289344,Q,9.597948731781988e-05,Q,0.0002820863664168357,L,0.0007414610107019061,Q,0.0012600175156597785,Q,0.0014176504458934711,E,0.001890255831221217,K,0.002488438440289344,E,0.0018915584978588058,K,0.002488438440289344,K,0.002488438440289344,K,0.00212524839537525,Q,0.00013569762426389624,K,0.0033894035890545877,Q,2.2133643225086445e-05,K,0.0033177672038824414,Q,0.00034788812405664405,I,0.0012677389143556427,K,0.0041604460247751445,Q,0.00016885549059393758,Q,0.00025489436039946817,Q,0.00025489436039946817,Q,0.00018078167635204382,Q,0.00032310638594943575,L,1.327083609690231e-06,Q,2.3859248584378555e-05,K,0.0036968901735695814,Q,0.0007342245609917651,Q,0.0003503953630001456,Q,0.0003503953630001456,Q,0.0003503953630001456,K,0.002140138707711759,K,0.0027396814983801313,0.0013110710914569115,0.16866591221637017
353,A,Q,0.0013488737809250236,E,0.0005353398989341736,Q,0.00777318353322648,R,0.0016315379444782484,T,0.002781236341742753,R,0.0002378864968113745,E,0.0019128094591672527,E,0.0009953935532232361,N,0.0023204642970219218,N,0.00233317901720969,R,0.0016315379444782484,T,0.002781236341742753,R,0.001590981704203664,T,0.002781236341742753,T,0.002781236341742753,R,0.002098957947236397,Q,0.0028769751412622002,K,0.0006198715350661438,R,0.001341164536654572,K,1.4097069110815517e-05,R,0.001027328799180384,Q,0.0006004755389225904,K,0.000931391608896209,R,1.7831829665329744e-05,E,0.001326717822101809,E,0.001326717822101809,E,0.0026734984108551865,A,0.0025567712610362944,E,0.0004337553188974319,E,0.00012058993327754232,R,0.00019873031570298482,R,0.001821312800775758,E,0.0019132722465398586,E,0.001924825870414858,E,0.001924825870414858,K,0.00018042524720798795,R,0.0014926870815883627,0.0016448204595556676,0.21160190705968554
354,D,D,0.00025258327073269886,D,0.0005420491936738885,E,0.00013011515496168076,E,0.0010844142281517314,E,0.00013036919979133118,E,1.0887828556201485e-05,E,0.0009227493605665727,E,0.00021659540932697816,E,7.290850414022485e-05,E,7.290850414022485e-05,E,0.001057431337994584,E,0.00013036919979133118,E,0.001057431337994584,E,0.00013036919979133118,E,0.00013036919979133118,E,6.02905572554688e-05,E,0.00011349868402492727,E,0.0013363492351598995,E,0.0007232611801349649,E,0.0007821023869627417,E,0.0008609721993348057,D,0.0005931695027023249,E,0.0001281329810853592,E,0.0007325602458225868,D,0.0014927830044291518,D,0.0014927830044291518,D,0.001573297147619335,D,0.003137355464114412,E,0.00021659540932697816,E,0.00048144020987029017,E,0.00011109358462482464,E,0.0010542546445467516,E,0.0001314458016449028,E,0.0001314458016449028,E,0.0001314458016449028,E,0.0008813273116243308,E,0.00015573235623028996,0.0006016996606388649,0.07740710843464575
355,L,L,0.0004430599634602884,L,0.00026943701755605446,L,0.0003500908945113309,L,0.0002707005440864079,L,0.00011249400442484208,L,0.00020291652866695272,L,0.00021550321303418955,L,0.0022674458692938486,L,0.00027041407686795624,L,0.00027041407686795624,L,0.0002707005440864079,L,0.00011249400442484208,L,0.00028380791066280164,L,0.00011249400442484208,L,0.00011196627245271854,L,0.00010856557446812649,L,0.0005122677980178052,L,0.00025090798223112584,L,0.00024282461822895467,L,0.00025016382369605773,L,0.00028100171507433776,L,0.00024419009346832307,L,0.00039057594397433717,L,0.0003029467575359979,L,0.0007388458225125675,L,0.0007388458225125675,L,0.00030307861349587474,L,0.0001439742772162959,V,0.001027328799180384,L,0.00017672484989940276,L,0.0005133376224943359,L,0.00017577603355640038,L,0.0005918188350889674,L,0.0005976773355230586,L,0.0005918188350889674,L,0.00030795294520027396,L,0.00023343294540033346,0.00038616205320772794,0.04967875151243733
356,K,K,8.566757894433647e-05,K,0.0002829440325901558,G,0.00177825095742298,K,0.0032914442115058737,D,0.00777318353322648,S,0.002997924222204571,K,0.0007869713750289979,Q,0.0018418179722035975,K,0.0017841951256661332,K,0.0014280620640889066,K,0.003309202184053497,D,0.00777318353322648,K,0.002803368500687533,D,0.00777318353322648,D,0.00777318353322648,E,0.002311649110637725,R,0.00646935727955864,S,0.004799665022810723,S,0.0033114677303076874,S,0.004707934613952948,S,0.003378250298035986,K,0.00019654331242198147,S,0.0031583372551317623,S,0.0038317724145495342,K,0.0005726031776611892,K,0.0005726031776611892,K,0.0001535468914697595,K,0.0008091947488613336,Q,0.0016548141946728552,K,0.00038855195239422533,Q,0.00015849497019437305,K,0.0021493585858082137,K,0.0005866459662580108,K,0.0005861765401404956,K,0.0005866459662580108,S,0.0023851973844785765,N,0.002598973025925094,0.0026175774588241313,0.3367445844595453
357,Q,H,0.001400888504351932,Y,0.0032943528111352917,N,0.0011288837211499599,H,0.006425877883675297,S,0.0008524965416392621,D,0.0005775218945048643,E,0.0019109432736278751,E,0.0016959435467945566,C,0.004105777153015275,C,0.005197433066040667,H,0.005383104865433618,S,0.0008524965416392621,H,0.006655549143764834,S,0.0008524965416392621,S,0.0008524965416392621,Y,0.0016182661133409652,N,0.001027328799180384,D,0.0014689999339215975,D,0.0004952986286289663,D,0.0013145415991452896,E,0.002069591445666709,Y,0.002678250833970325,D,0.0025224785413959987,D,0.0002505851530257374,Y,0.002575407910082185,Y,0.002575407910082185,Y,0.0045991229269035875,Q,0.0006688444990977627,E,0.002960478984550251,E,0.0020113835339307705,S,0.0005009374918287089,H,0.004189658170468238,D,0.0017952027478994675,D,0.001780464427635529,D,0.0017952027478994675,A,0.002291170931804403,E,0.0018756910799488872,0.0022770426064988828,0.29293565458292115
358,V,V,0.0028738206337687775,V,0.0038154306140980834,L,0.0005642828079680693,L,0.002327588603293867,L,0.0018441676586190823,L,0.0004313726486035075,V,0.003849391354259216,V,0.0013943213087104142,V,0.0004763598148861061,V,0.0016326405437405863,L,0.002327588603293867,L,0.0018441676586190823,L,0.0016141788181666251,L,0.0018441676586190823,L,0.0018441676586190823,L,9.566918650642915e-05,L,0.0006391420040113468,M,0.0012151058082841054,L,0.0006327216962697963,M,0.0012151058082841054,L,0.0006929627460656856,V,0.0013450907881997795,I,0.00012857599278081475,L,0.001262739316712609,V,0.0011051699410853904,V,0.0011051699410853904,V,0.0033065054946917662,V,0.003851721915804961,V,0.0005781430349090931,V,0.002500909650541131,L,0.0008491593811484404,I,0.0008730088952133019,L,0.0008667033282932368,L,0.0008667033282932368,L,0.0008667033282932368,L,0.001027328799180384,V,0.0038256398991697075,0.0015549628829753892,0.20004196174304892
359,S,S,0.00013188609728375736,A,0.0025753805431605573,A,0.0033389824593253207,S,0.0029038210027109274,L,0.004310478387375158,T,0.0030688649567041826,S,0.00020158576156687372,S,0.0008890810078022067,S,0.0008750281401748199,S,0.001027328799180384,S,0.002901759869663701,L,0.004312669728162636,S,0.0025172144123531727,L,0.004310478387375158,L,0.004310478387375158,V,0.001027328799180384,S,0.0003989800135012874,T,0.003426262126863361,T,0.002276500776317018,T,0.0036491287355467474,T,0.0005605927057614383,A,0.0019777528146925193,L,0.0009247866541399447,T,0.0012315410882869603,S,0.0015905096246786017,S,0.0015905096246786017,S,0.00036159794695745994,S,0.0013391462889353312,S,0.0006498988880345489,S,0.00026592645395262884,T,0.003956200517247481,S,0.001434627069505734,S,0.00040325004069959914,S,0.0003557209164367969,S,0.00040325004069959914,S,0.001331338080696624,S,0.0007764078706371942,0.0018271971626395644,0.23506419922149124
360,T,W,0.00013119005380545754,R,0.0006926141182651802,R,0.00012750014287029902,R,0.00034629162278271356,R,0.00016738395631220765,R,0.00036305928149803386,R,0.0005546312415926833,K,0.007620757605237383,R,2.9200297403852953e-05,R,3.839021701850677e-05,R,0.00034629162278271356,R,0.0001466664460855853,R,0.00033996047729710255,R,0.00016738395631220765,R,0.00016823075234730534,R,0.00015923261506200573,R,0.0002958745928206209,R,0.0005731545321757844,R,0.0002947062192683558,R,0.0005712792073195878,R,0.00040318193935479324,R,0.0004563308977678921,R,0.0005835027365338102,R,0.00031501694612889907,R,0.0005202424826603608,R,0.0005202424826603608,R,0.0007427233603950534,T,0.0004854723101049002,R,0.0001915710839629776,R,0.0003110181691464549,R,7.282794001878406e-06,R,7.373533747744827e-05,R,0.0001987163665756868,R,0.0002254577537666703,R,0.0001987163665756868,R,0.0003709939848361406,R,0.0001651086952323552,0.0005108949369037556,0.06572531508100056
361,W,W,5.81064983319062e-06,W,7.544103590657446e-06,W,7.687938028507787e-06,W,6.267992513762106e-06,W,3.4778684941317224e-05,W,1.1031928438707393e-05,W,2.520827663988806e-05,W,4.399180202232467e-05,W,3.4778684941317224e-05,W,3.4778684941317224e-05,W,6.267992513762106e-06,W,3.4778684941317224e-05,W,6.267992513762106e-06,W,3.4778684941317224e-05,W,3.4778684941317224e-05,W,3.4778684941317224e-05,W,1.1542753434171002e-05,W,1.175393167246495e-05,W,6.107287792013282e-06,W,1.175393167246495e-05,W,9.99372269900211e-06,W,4.8593837065899275e-06,W,5.9848386983006045e-05,W,4.360377538112426e-06,W,4.399180202232467e-05,W,4.399180202232467e-05,W,1.1542753434171002e-05,W,8.077456287800104e-06,W,4.399180202232467e-05,G,0.0012679974938540341,W,5.096623841075761e-05,W,9.426860746576908e-06,W,6.25351141892408e-05,W,6.25351141892408e-05,W,6.25351141892408e-05,W,4.399180202232467e-05,W,8.173447046916198e-06,5.955421747618607e-05,0.0076614963768218665
362,W,W,0.0,W,0.0,W,0.0,W,0.0,W,0.0,W,0.0,W,0.0,W,0.0,W,0.0,W,0.0,W,0.0,W,0.0,W,0.0,W,0.0,W,0.0,W,0.0,W,0.0,W,0.0,W,0.0,W,0.0,W,0.0,W,0.0,Y,0.0,W,0.0,W,0.0,W,0.0,W,0.0,W,0.0,W,0.0,W,0.0,W,0.0,W,0.0,W,0.0,W,0.0,W,0.0,W,0.0,W,0.0,0.0,0.0
363,K,K,6.0589706624976074e-05,K,1.9282356714102988e-05,V,0.001027328799180384,K,0.0007412026046310893,K,0.0011154423440897074,K,9.08373218608077e-05,N,0.00041365984089309293,T,0.0019165975002607414,K,0.0006972678142988163,K,0.0006972678142988163,K,0.0007485789750670881,K,0.0011154423440897074,K,0.0007485789750670881,K,0.0011154423440897074,K,0.0011154423440897074,K,0.0011048139640989537,K,6.862886616662935e-05,K,5.620434536286262e-05,K,0.000583825272703238,K,5.620434536286262e-05,K,4.5563888978401035e-05,K,6.36236724292952e-05,K,6.135511325520716e-05,K,0.0006383085467478033,K,0.00027287532428226706,K,0.00027287532428226706,K,0.0010258663082890406,K,3.2805492330812113e-06,T,0.0016931474752836843,N,0.0004276962581992872,K,0.0006013913227390136,K,0.0007104553694637613,N,0.00015331766621401037,N,0.00015331766621401037,N,0.00015331766621401037,T,0.0013249335470117982,T,0.0012610146287824042,0.00060418860017756,0.077727304082678
364,S,N,0.0014147005623716803,E,0.0010368602820550168,E,0.0010180264536623301,D,0.0008244148427199297,D,0.0005879046803038499,D,0.001395154225232854,D,0.0031556107230407164,N,0.004210452478893741,E,0.0010729115855941643,E,0.0010750544339089404,D,0.0008729734374856777,D,0.0005860890553061428,D,0.001080385106805377,D,0.0006173892012171513,D,0.0005879046803038499,D,0.0011645772567634785,K,0.0034337462736220323,K,0.0009908189756307503,D,0.0015969851030118716,K,0.0011475268764794926,D,0.005320420795825822,E,0.0003670333310853481,E,0.002328248998111015,D,0.0016196957704615001,D,0.003939419312447735,D,0.003939419312447735,K,0.0030420860156431333,S,0.0017585411569432743,N,0.0026301827152088886,D,0.003229700296054679,H,0.0005674807172450331,D,0.0007575201860762126,S,0.0036696238341286797,S,0.0036696238341286797,S,0.0036696238341286797,K,0.002003878236375938,D,0.0008199439439594415,0.0019243764466129957,0.2475660632979071
365,-,I,0.0004248364539733787,T,0.0003676109145138388,-,,-,,-,,-,,S,8.747939870011014e-05,S,2.9000393193923045e-05,-,,-,,-,,-,,-,,-,,-,,-,,-,,-,,-,,-,,-,,T,0.00034352231090270464,-,,-,,T,0.000436912360577745,T,0.000436912360577745,-,,-,,S,0.0005495394037908345,S,0.00018392159726455748,-,,-,,T,9.73328435994793e-05,T,9.73328435994793e-05,T,9.73328435994793e-05,-,,-,,0.00026264447702443956,0.033788534118841466
366,T,-,,-,,T,0.005231062981294,S,0.0008377728989185662,S,0.002779251785814658,L,0.0023050388476360275,-,,-,,S,0.0011454513378051823,S,0.0010281357471026039,S,0.000892984382981516,S,0.002779251785814658,S,0.0008996808278715928,S,0.0027789769652643882,S,0.00263849548171499,S,0.0009454577869262643,S,0.004757259429094447,M,0.0014168202494741432,L,0.002359822622178657,M,0.002311231480064143,L,0.0007577614532608501,-,,L,0.0021509552381145914,L,0.0009264692935191406,-,,-,,T,0.002429904906739493,T,0.0033891037946191986,-,,-,,Y,0.002515496351828752,S,0.0015159365129681554,-,,-,,-,,L,0.0026696681791139112,L,0.0016928435078044858,0.0021261933539169766,0.27352928756005324
367,G,R,0.0008296263590370604,C,0.00777318353322648,G,0.0007346152102385554,G,0.0041744799250653195,G,0.0038775120271555266,D,0.0035060503077186367,C,0.004791332932778427,N,0.00021300668223028234,-,,-,,G,0.0041744799250653195,G,0.0038775120271555266,G,0.003922649819479189,G,0.0038775120271555266,G,0.0038775120271555266,-,,M,0.0016703620351707566,E,0.002564517347265902,D,0.004871723452609328,E,0.0028588021485290113,D,0.00039908762853031835,G,0.00041354908460798667,D,0.00416719160222967,D,0.005419626462839474,C,0.0057679921556294264,C,0.0057679921556294264,G,0.00432149421646931,G,0.0022377311017055365,N,0.000683471317369757,C,0.003788058191337843,-,,G,0.0035006474656911523,G,0.003396296832318111,G,0.003396296832318111,G,0.003396296832318111,G,0.0027793280725746726,G,0.0023881093641358237,0.00331569839705276,0.42655604140566145
368,-,-,,-,,-,,-,,-,,-,,-,,-,,-,,-,,-,,-,,-,,-,,-,,-,,-,,-,,-,,-,,-,,-,,-,,-,,-,,-,,-,,-,,-,,-,,-,,-,,-,,-,,-,,-,,-,,,
369,L,I,0.00014211530119793067,L,0.0003532921751555731,L,0.0001471844059136719,F,0.004352412066359092,-,,F,0.0020796678200846984,L,4.678369217696625e-05,L,0.0005660172400891862,G,0.0005781525814884537,G,0.0005789072733920655,F,0.004352412066359092,-,,F,0.0041909946928976455,-,,-,,G,0.000316514425648264,L,0.0003564821403991226,L,0.0004364287233517927,F,0.001822643341716753,L,0.00043385370748873285,H,0.004517869797895131,L,0.00033100572606672377,F,0.004337675643196888,F,0.0013632640670866642,L,0.0004897318931942751,L,0.0004897318931942751,L,0.00012729195806441816,L,1.203258048181872e-05,L,0.0009140148396048879,L,5.1611123535444296e-05,G,0.00030617716700674495,F,0.0026067640878358195,L,0.00018968356596873212,L,0.00018968356596873212,L,0.00018968356596873212,V,0.00013625244952358427,L,0.001412074625690668,0.001164194248606139,0.1497705854531531
370,V,A,0.00042638238049228796,A,0.000834149192995733,D,0.0015210860925403992,S,0.004952238018627781,F,0.002880684579103707,A,0.0013155894378740198,A,0.0010273020976336916,A,0.002607059806395945,S,0.004105623540386012,S,0.004102531027281647,S,0.005191767042608766,F,0.002880684579103707,S,0.0036585909753727545,F,0.002880684579103707,F,0.002832168584983662,S,0.00451615746762592,A,0.004012526737238402,V,0.0029970457774069043,A,0.0012368844826006113,V,0.004364753542693374,S,0.00777318353322648,A,0.000636239947604115,A,0.00014050483619761732,A,0.001413183338610406,T,0.0009585358467292901,T,0.0009585358467292901,G,0.0007175408864990911,V,0.004309937390689653,A,0.0009783917108915996,A,0.0024166472588933617,F,0.0014808903138208034,S,0.0028008353496579,A,0.0013150148832698201,A,0.0013150148832698201,A,0.0013150148832698201,V,0.0025616643801172926,P,0.0003636565726052429,0.0024269919406527196,0.31222624942258737
371,E,E,0.001027328799180384,E,0.0008189863044287119,-,,-,,H,0.003257521096590172,N,0.00033128589133333734,E,0.000977838848143845,E,6.903107432628763e-07,P,0.00047510649434623207,P,0.00047510649434623207,-,,H,0.003257521096590172,Q,6.467044611883796e-05,P,0.001746192847019652,H,0.0032615364167154362,P,0.0037820991098802153,E,3.297838695247195e-05,N,0.0009600977796313108,N,0.0006500781224830444,N,0.000993024587262241,N,0.0005098750833628483,E,0.0012941571998688942,R,0.001431228095312372,N,0.0007014051022134174,N,0.002423305190272507,N,0.002423305190272507,E,0.00025686100636870016,E,9.557774838574897e-06,E,2.937435677550229e-06,E,0.0005326885590060057,P,0.0006858187036772513,-,,E,0.0007637553733544038,E,0.0016599486897694712,E,0.0007637553733544038,E,0.00014314792510427348,Q,0.0008615010464269317,0.0011083427509286565,0.14258543442220867
372,N,K,0.0013510181217043212,N,0.003962687793357999,K,0.0007590929943920345,Q,0.0015651090014886816,H,0.0015700264330350709,K,0.0023437147499132303,K,0.000607547415461524,K,0.0008190127592399064,D,0.00010725962683978769,D,9.186459858027987e-05,Q,0.0015651090014886816,H,0.0015700264330350709,-,,H,0.0015700264330350709,H,0.0015700264330350709,Q,0.0012097255882824792,K,0.0015054112411525531,T,0.0006158156856271363,K,0.002099261964709066,T,0.000526309034588794,K,0.0014410767459042515,N,0.004248705538530007,R,0.004386279487494192,K,0.0017896368867089383,Q,0.004705535498489666,Q,0.004705535498489666,K,0.00044097796836282515,N,0.0047530118020766895,K,0.0009713312208158524,K,0.0006457061207510816,Q,0.0018457345262079818,Q,0.001095623196531201,K,0.0006852966060404426,K,0.0006852966060404426,K,0.0006852966060404426,K,0.0020413843810631665,K,0.0011513857635679701,0.0017135238822800433,0.22044042507880895
373,L,L,4.8772542734965626e-05,L,7.486895349432835e-05,L,7.085527006663363e-05,L,0.0003850367209119814,I,0.00037533399089450696,Y,1.1969004759151101e-05,L,4.5368744013251195e-06,L,0.0010216972804973489,L,3.6975756405643413e-06,L,2.823723711041805e-06,L,0.0003720676831988631,I,0.00037533399089450696,L,0.0003907904313238145,I,0.00037533399089450696,I,0.00037533399089450696,M,0.0006342873761128474,L,0.0010402017316029342,L,6.375343917497469e-05,Y,3.0090123034771964e-05,L,6.741848752524904e-05,Y,0.00046780395044506296,L,4.4257175857803966e-05,M,0.00011286450165721992,Y,0.0002832533177118087,L,8.16900020025224e-05,L,8.16900020025224e-05,L,8.150116773752544e-05,L,9.210957480456145e-05,L,0.00018608319435026364,L,0.00010868480570828719,L,7.630043437336476e-06,M,8.095725574801583e-05,L,8.904101041201578e-05,L,9.070602715767264e-05,L,8.904101041201578e-05,L,0.00012980374865186742,L,0.00019342025070341254,0.0002147227086640199,0.0276235222989638
374,S,T,0.00036568087983700377,P,0.0013930668629294465,S,0.0010380394679833055,T,0.00039563937061590953,T,0.0012981621813160722,P,0.0005303777871899001,P,0.0003001608377022254,P,0.001400808961175713,T,0.00282684929881307,T,0.0031001901268490123,N,0.001027328799180384,T,0.0012981621813160722,T,0.0003960884085913223,T,0.0012987334294796964,T,0.0012981621813160722,T,0.0006719189261315798,P,0.0007237680892951128,P,5.871119815623234e-05,P,0.001274951607802826,P,0.00013366190138301706,P,0.00031600626665075976,P,0.0014148514495523868,P,0.0004978210746421175,P,0.001018440854800442,P,0.00038904057554094715,P,0.00038904057554094715,N,0.00036517285329039665,S,6.245732441368753e-05,P,0.0012792859908229396,P,0.0017029861510312113,S,0.0018725013410118164,N,2.5181917361899438e-05,P,7.104724298440218e-05,P,0.0001189570704147833,P,7.104724298440218e-05,P,0.0014698305623762856,P,0.0011307549606838097,0.0008925644851666813,0.11482611742684495
375,F,F,9.871269381044214e-05,F,0.00014959943367692834,F,0.0002835920796569276,F,0.00015412517095693217,F,0.00012829078018459383,Y,0.0020354013858908558,F,0.00019342910464775407,F,0.00013236642811935212,F,8.827484530591781e-05,F,9.077816346481574e-05,F,0.00015412517095693217,F,0.00012829078018459383,F,0.0001583186943905885,F,0.00012829078018459383,F,0.00012829078018459383,F,0.00010150133092912983,F,0.00015728342544116215,Y,0.0020738361239378868,Y,0.0017645653952778541,Y,0.0020738361239378868,Y,0.0011424313160735679,F,0.0001700083484984761,F,7.24628469380353e-05,Y,0.0017928352128430164,F,0.00012931133266783318,F,0.00012931133266783318,F,0.00021655048173310553,F,0.00020621674132962513,F,0.00012162043598356698,F,0.0001936725566111409,F,0.00017454470843396096,F,0.000171882074573911,F,0.0001084573279935619,F,0.0001084573279935619,F,0.0001084573279935619,F,0.0001562647170655367,F,2.0480212450750182e-05,0.00041205062143218345,0.053009248999573044
376,A,I,0.0010577150422945067,A,0.0008859631326910399,V,0.0011708831352658616,V,0.0047358949316187405,S,0.0022270103173385263,A,0.001810316479877966,L,0.0018229309493959117,V,0.00044221419114232996,I,0.00022445841582794236,I,0.00018819737591508013,V,0.004558911123772891,S,0.0022270103173385263,V,0.0045705615501699095,S,0.0022270103173385263,S,0.0022270103173385263,C,0.0017275305534174962,A,0.0007440341316376054,A,0.0002452851634062187,A,0.0017853892341079562,A,0.0001604387248528827,A,0.00020206833464102804,A,0.00023998039277959267,A,0.0017064210060255176,A,0.001924810437323533,V,0.0018218673607225077,V,0.0018218673607225077,A,0.001824785222204679,A,0.0008112978710853625,V,0.00028617611421429576,V,0.001027328799180384,T,0.004714153483197354,V,0.004647436734453741,A,0.00211575792037231,A,0.002098435370918151,A,0.00211575792037231,A,0.0009851993798832897,F,0.0010701632830563425,0.0017419533079973337,0.2240977973247837
377,R,R,0.0,R,0.0,R,0.0,R,0.0,R,0.0,R,0.0,R,0.0,R,0.0,R,0.0,R,0.0,R,0.0,R,0.0,R,0.0,R,0.0,R,0.0,R,0.0,R,0.0,R,0.0,R,0.0,R,0.0,R,0.0,R,0.0,R,0.0,R,0.0,R,0.0,R,0.0,R,0.0,R,0.0,R,0.0,R,0.0,R,0.0,R,0.0,R,0.0,R,0.0,R,0.0,R,0.0,R,0.0,0.0,0.0
378,D,D,0.0004014418843763295,D,0.00033941876404598763,N,0.001027328799180384,H,4.424125386178107e-05,H,0.000264902134693793,D,0.0007176442904039679,D,0.00038779251837854444,D,0.0008134729622822281,H,9.490996416186109e-05,H,9.490996416186109e-05,H,4.424125386178107e-05,H,0.000264902134693793,H,3.488275449039492e-05,H,0.000264902134693793,H,0.000264902134693793,H,0.00017872206419944784,D,0.0006224237614784729,D,0.0006209245052279189,D,0.0007348936544654217,D,0.0006209245052279189,D,0.00015427246787632026,D,0.00033941876404598763,D,0.0006032297184835297,D,0.0005306570630449294,D,0.0006688890964740015,D,0.0006688890964740015,D,0.00039862926051343467,D,0.0001486783698996596,D,0.0001790248720305952,D,0.0002112344148610912,H,3.384778995602082e-05,H,0.00018292237557555549,D,0.000853664775200429,D,0.000853664775200429,D,0.000853664775200429,D,0.000565882239854723,D,0.0005501436309769694,0.00042255391687155605,0.05436047085024417
379,R,R,4.221100427143712e-05,R,4.168336187252428e-05,T,6.312601247783122e-05,R,0.00017999255390183452,L,0.0030324091325680076,R,4.651233433533889e-05,R,8.880686685489637e-05,R,3.22145550522553e-05,R,7.127699073240727e-05,R,0.0003050650709582146,R,0.00017999255390183452,L,0.0030324091325680076,R,0.0001696171483669873,L,0.0022665200477737105,L,0.0030324091325680076,R,0.0001618757055055409,R,6.721429909971891e-05,R,3.3852205170024903e-06,R,5.89028947333351e-05,R,4.983570225497407e-06,K,0.00037971667033414236,R,4.3592307976569674e-05,R,0.0001019000217708079,R,4.821613038477019e-05,R,9.053121038968299e-05,R,9.053121038968299e-05,R,4.7369975551265055e-05,R,0.0002593890338876955,R,1.2463434418091163e-05,R,0.0006016639154758757,I,0.004088140800291199,R,0.00015655899130402194,R,5.8712749660631494e-05,R,5.8712749660631494e-05,R,5.8712749660631494e-05,R,1.5625919693503117e-05,R,0.00011179620695232203,0.0005163308558401599,0.06642463202278746
380,P,I,0.002222285833469114,L,0.0007607236653811163,L,0.001713507829723002,H,0.0029076985286357036,H,0.002050504725319909,L,0.0022620728490009346,I,0.00777318353322648,I,0.003816278564070311,Q,0.005238453066397284,Q,0.005388727420243717,H,0.0029076985286357036,H,0.0020757873117851363,H,0.0023547236344785573,H,0.002050290996214284,H,0.002050504725319909,H,0.002289196891666268,I,0.0017783891661286046,L,0.0017331791481883022,L,0.001915224643805491,L,0.0016898363626604033,L,0.0013053286592220193,L,0.00033471810881390034,I,0.0021392154458855553,L,0.0025013863682962116,I,0.0020063700754206553,I,0.0020063700754206553,V,0.003870594129543195,P,0.00289690703046857,I,0.002770202766813716,V,1.718897294970576e-05,H,0.0018539014755048196,H,0.002733725816704239,I,0.002460604950995353,I,0.0025199439826344913,I,0.002510779332601262,L,0.0017831734292427404,L,0.0016256157521990931,0.002440926859380173,0.3140189407527082
381,V,V,0.0008867485449214177,V,0.0029431190640755675,M,0.0016670867024000556,V,0.0005690492835234868,V,0.0006494155397923398,V,0.0004681056788444264,V,0.000563508998733708,V,0.0011704702440818212,V,0.00011413059090231993,V,0.00011413059090231993,V,0.0005690492835234868,V,0.0006494155397923398,V,0.000471130688954921,V,0.0006494155397923398,V,0.0006494155397923398,V,0.00022798296979762098,V,0.0014496392211572813,V,0.0014741751816761326,V,0.00041263692874797666,V,0.0014723804848844485,V,0.0003645517203574932,V,0.0032099073898258783,V,0.0005778224293966562,V,0.000723151684537644,V,0.0013401631759274392,V,0.0013401631759274392,V,0.0019803879234714284,V,0.0021750479435608742,V,0.0011087986210865167,V,0.00011260539475798568,V,0.0006601110977023325,V,0.0004247748151065345,V,0.0011896683740827314,V,0.0011896683740827314,V,0.0011896683740827314,T,0.004046658713689263,T,0.004837428111076369,0.001179502268512659,0.15173992270616993
382,E,E,0.0002938342596127928,E,0.0005299485842144277,Q,0.000635651715108765,E,0.0004194528425497323,E,0.00031697662784750663,E,0.0004501154204720548,E,0.0013442419540163058,E,0.0007867892112152167,E,0.0006316574495090907,E,0.000661156151753362,E,0.00040355907411248953,E,0.00031697662784750663,E,0.00037975358859647016,E,0.00031697662784750663,E,0.00031415475078856004,E,0.0002762721550720313,E,0.00034044535476533835,E,0.0005779804399482353,E,0.0004946148253695882,E,0.0005764152377204496,E,0.00037883311927798356,E,0.0003032222618045494,E,0.0005016053409716637,E,0.0004124738674630821,E,0.00023149791150483295,E,0.00023149791150483295,E,0.0003579673304335541,E,0.0003695832563775138,E,0.0007007831521075744,E,0.0010224288103331859,E,0.0002220303024306655,E,0.00034987517810763273,E,0.0008954959474521118,E,0.0008833262939047322,E,0.0008954959474521118,E,0.000543139134713447,E,0.0005441989119031895,0.0005110926371921647,0.06575074871286633
383,N,N,0.00029367502802039457,N,0.0009423329596655806,N,0.00021487059080621185,Y,0.003327731055390741,Y,0.0009349914576974306,C,2.7695402974243328e-05,A,0.0044849080142808535,C,0.00012560882674428087,F,0.0003332318575928711,F,0.0003332318575928711,Y,0.0032925325488589105,Y,0.0009349914576974306,Y,0.001359206494215639,Y,0.0009349914576974306,Y,0.0009349914576974306,Y,5.962827099521371e-06,A,0.00463748763887868,C,0.0002922371312759584,C,0.000158992914941019,C,0.0002477992882451906,C,0.000263817288877972,N,0.00047739450163526866,L,0.0001308337823491397,C,0.00024475904348534954,N,0.0009055308106164316,N,0.0009055308106164316,N,0.0006831238901841641,N,2.2324830355399956e-05,C,0.0002953376394153601,S,0.00028498938478819326,Y,0.000369683979898341,Y,0.001166457204355995,S,0.0006816415132298787,S,0.0006806307007751391,S,0.0006816415132298787,N,0.0022286489460305297,N,0.0003224261651572288,0.0009233038451992812,0.11878065676085199
384,F,F,0.001027328799180384,F,0.002865671829040508,F,0.00010441153483001038,Y,0.004354424730620662,Y,0.003301099228181939,Y,0.003244058266016376,Y,0.007127638860849819,Y,0.00570395205500981,Y,0.002990118189266917,Y,0.003333024467292833,Y,0.004791303384786969,Y,0.0027489848489551136,Y,0.004992833434304333,Y,0.0027489848489551136,Y,0.0033003624982567005,Y,0.001963458731048604,F,0.0019273859654227819,Y,0.004512930330351991,Y,0.00396049363717284,Y,0.0038850715803893272,Y,0.003382967653227857,F,0.0039109189250979386,F,0.0009327746270894675,Y,0.004215984105020708,Y,0.003573397509272197,Y,0.003573397509272197,F,0.001027328799180384,F,0.0012061943165887217,Y,0.004784206538726274,Y,0.005803861320827554,Y,0.0031316411574608296,Y,0.004118203959367898,Y,0.004491129369431792,Y,0.004909041231604394,Y,0.004908332740575978,Y,0.002758941083235898,Y,0.0017400516917170257,0.0034419435069629766,0.442797148973826
385,F,F,0.00218286127148224,F,0.0032192571624855924,M,0.00030472333685598187,T,0.0009389877367935186,T,0.0022092821390426623,F,0.0023486297368749695,F,0.003378814156806798,F,0.0024941097616861686,T,0.0012946887322641482,T,0.0017935945932324394,T,0.0009296311396750805,T,0.0022092821390426623,T,0.0009337112046597152,T,0.0022092821390426623,T,0.0022092821390426623,T,0.0015114975681963288,Q,0.001405554699871144,F,0.001772305494677033,F,0.002868903728623765,F,0.0017736642824837164,F,0.003005790229109217,F,0.0021045276806176956,F,0.0009476653765010271,F,0.002957988276307634,F,0.0015647311571709978,F,0.0015647311571709978,F,0.0016794978692561307,F,0.0018713388378272466,F,0.001983358260623358,F,0.003213797951141429,T,0.0021737549721613536,T,0.0005280505731108119,F,0.003418339259003954,F,0.0033379205132094384,F,0.003435545389805463,L,0.00057562351778044,L,0.0005864381038558561,0.0019712746564187118,0.25359939695139017
386,W,W,4.173370533570161e-05,W,7.604803506750448e-05,W,2.0713584086347068e-05,L,8.238836293596755e-05,L,0.0005156382973340436,W,2.97641873706036e-05,W,9.108598211061184e-05,W,1.7671296677891534e-05,L,1.3207096434351902e-05,L,1.3207096434351902e-05,L,8.238836293596755e-05,L,0.0005156382973340436,L,3.0790213305734453e-06,L,0.0005156382973340436,L,0.0005156382973340436,L,9.371662313401106e-06,W,3.276404826741616e-05,W,3.31931559765141e-05,W,5.392373589619602e-05,W,2.78718513920767e-05,W,2.7139401088755737e-05,W,7.604803506750448e-05,W,2.083739860241502e-06,W,4.215057433577198e-05,W,1.73967210366643e-05,W,1.73967210366643e-05,W,5.182808721408717e-05,W,5.078178944355044e-06,W,2.6037526984861773e-05,W,1.2329953222003956e-05,F,0.0015213031445045402,L,1.3755155294780442e-05,W,1.898553226210102e-05,W,1.898553226210102e-05,W,1.898553226210102e-05,W,2.5701123345809315e-05,W,2.005177414733202e-06,0.00012400471648753314,0.015952886736492825
387,T,A,0.0006345863711016929,T,0.0015623386734195958,G,0.0006073996661496196,A,0.000650591124288156,A,0.0012643510674554628,I,0.0003966166004916103,G,0.0015298359634871891,A,0.0006765439017631523,V,0.00015185699610357283,V,0.00015185699610357283,A,0.000650591124288156,A,0.0012725398745639489,A,0.000650591124288156,A,0.0012643510674554628,A,0.001261655213992878,A,0.0007707506795440705,I,8.987434975982527e-05,C,0.001130526204243929,I,0.0004749369670090861,C,0.001130526204243929,A,0.0005902444092226026,T,0.000574854647968433,I,0.0007243978705736586,I,0.0005060142436960486,T,0.001874249790338261,T,0.001874249790338261,T,0.00013111841480283295,T,0.00033305751787258785,A,0.0005701114585540771,G,0.0012300018749668636,A,0.0014801795469619027,A,0.0005911478162238221,A,0.0005070414876660951,A,0.0006124568264205485,A,0.0005070414876660951,T,0.0004269213977239054,A,0.0013907055355427168,0.0008174625482781562,0.10516444707421506
388,V,I,0.0013655741280607823,I,0.0016785792324341003,C,0.00019966707438135172,S,0.0021079861286128253,-,,L,0.000701197419384096,V,0.002585217628180587,L,0.0014601724787059202,S,0.0009611369892510367,S,0.0009611369892510367,S,0.0021079861286128253,-,,S,0.0010153239932011169,-,,-,,S,0.0021339221591849876,T,0.0004027404381217309,L,0.00046682080902938635,L,0.0011178299535665077,L,0.0007556274650144424,I,0.00777318353322648,I,0.0015547491565190074,A,0.0009109607053347894,L,0.0014175329614907022,V,0.001173417590860173,V,0.001173417590860173,V,0.0002302954458521209,V,0.00049886642201844,L,0.0019081262746770589,V,0.0009422482580960798,S,0.0008575465159398138,S,0.000283931851775112,M,0.0009406206901573406,M,0.0001312558813774875,M,0.0009287911871713019,V,0.0023496324663046116,V,0.0011800165762362986,0.0013416821855421128,0.17260395046728166
389,G,G,0.0004274272974056377,G,0.0005918574634362665,A,0.0038200257150430954,-,,S,0.0006890715051636267,G,0.00024828977031801555,A,0.007567001826920156,G,0.0003884146615980077,-,,-,,-,,S,0.0006890715051636267,C,0.001422454238028974,S,0.0006890715051636267,S,0.0006890715051636267,-,,G,0.00042743914740426506,G,0.0009956916954502702,G,0.0003968249716662773,G,0.0009441385538530465,G,0.00024707284984774777,G,0.0002674057986829992,G,0.0007830694137971229,G,0.0004203394604286151,G,0.0021687239650818135,G,0.0021687239650818135,G,0.00010406900446746905,G,0.001513782353203774,G,7.789600636773757e-05,G,0.00018603951736252574,-,,-,,G,0.0004096392659404677,G,0.0003776015643519452,G,0.0003776015643519452,-,,-,,0.0010388505746694462,0.1336454452964964
390,-,A,0.0014884365808953773,V,0.00039606902983030785,M,0.001951426613254121,C,0.0007767661758262118,C,0.000801922646470486,-,,L,0.0009097042193942738,L,0.0015812140119217631,G,0.0003872443270012318,G,0.00038282995439111866,C,0.0007767661758262118,C,0.0008019226464704858,I,0.0025891829638677415,C,0.000801922646470486,C,0.000801922646470486,C,0.0007846137384049523,M,0.0020821353641667394,-,,-,,-,,-,,V,0.000380530624355121,-,,-,,L,0.0010491162814816313,L,0.0010491162814816313,-,,-,,L,0.0009156598339531409,L,0.0017177964190999164,C,0.0006601734125229077,C,0.00043320155080675305,T,0.0004928278793414626,T,0.0004928278793414626,T,0.0004928278793414626,G,0.001027328799180384,V,0.0018361431435311168,0.0009950582044678208,0.12801166989232193
391,L,-,,-,,-,,I,0.0005155235606737672,I,0.0003855062005408671,V,0.0029520157331340054,-,,-,,I,0.0002848300698581002,I,0.0002848300698581001,I,0.0004877631747572895,I,0.0003855062005408671,-,,I,0.0003855062005408671,I,0.0003855062005408671,I,7.998555690421883e-05,I,0.00011896148923434195,T,0.002281545383125155,V,0.004607090162578743,T,0.0023008167466878923,V,0.002792260090009303,-,,I,0.00017617852338148134,V,0.0058204333767210605,-,,-,,D,0.0020122863129027426,L,4.987392696986319e-05,-,,-,,V,0.006938324623555251,F,0.0007671936692290456,-,,-,,-,,W,0.0060565193699428435,F,0.0006258064948595583,0.0017693157885454885,0.22761790982839228
392,I,V,0.00013242448737600497,N,0.0005185174191670988,V,0.0016691810441659932,D,0.001861382166395175,A,0.00030194031743314124,Y,0.0015998603858750336,F,0.00032668473202896207,F,0.0003617655433599258,D,0.0006630191755306805,D,0.0006630191755306805,D,0.001861382166395175,A,0.00030194031743314124,D,0.0018673885063186866,A,0.0006038607370246398,A,0.0002362906594383898,A,0.001027328799180384,F,0.0011311596413639475,Y,0.0025143486046728452,Y,0.001792321903823034,Y,0.0025143486046728452,Y,0.0010375338619056883,N,1.9414348570397133e-05,Y,0.0027122951647826996,Y,0.0006968045528928472,I,0.0008022686977237458,I,0.0008022686977237458,I,0.0007492351594888403,I,0.0004276376068307532,F,0.0004909495123272818,F,0.0005418807921071868,A,0.000605607884370706,A,0.0008921201071648334,F,0.0011748806346843941,F,0.0016819396558348622,F,0.0011748806346843941,A,0.0003561048908055309,A,0.0005880326648439837,0.0009919464663223695,0.1276113528108906
393,-,-,,-,,-,,-,,-,,-,,-,,-,,-,,-,,-,,-,,-,,-,,-,,-,,-,,-,,-,,-,,-,,-,,-,,-,,-,,-,,-,,-,,-,,-,,-,,-,,-,,-,,-,,-,,-,,,
394,F,F,0.0004095559854210167,F,0.0006564880604446563,F,0.0003699187800793355,I,0.00018684418843509639,I,0.0003582704209934523,F,0.0003599770218359511,E,0.0006044505818419867,E,0.000725125697353262,M,0.0005855675340679491,M,0.0005855675340679491,I,0.00015449973855069965,F,0.0006595831349079066,I,0.00033636281672948725,F,0.00041363515643526706,I,0.0003582704209934523,F,0.00024152066345760987,E,0.002191612896108572,F,0.0016517175974470426,F,0.00034184378622919117,F,0.0016789352645509752,F,7.36927490424388e-05,F,0.00036034489730097047,F,0.0022315078973739037,F,0.0003912869603959492,Y,0.0002824121137905267,Y,0.0002824121137905267,F,0.0006500036207725298,F,0.0005527316660473119,E,0.0006794701301335132,E,0.0018897273004986595,T,0.001027328799180384,I,0.0005608951745553765,E,0.00036845871212436534,E,0.00036845871212436534,E,0.00036845871212436534,F,0.0005249088121911221,F,2.262554883521496e-05,0.0006352559783846589,0.0817240421082632
395,Q,E,0.0005210885494720336,L,0.0004122083612509751,E,0.0002769188311300085,D,0.0011689361847295253,E,0.0013938958349352228,E,0.0017320009265668326,L,0.00023705483947433404,P,0.000522297036207728,E,0.0009813709354163198,E,0.001129751964362215,D,0.0011710249817480235,E,0.0013938958349352228,D,0.0011672380809610004,E,0.0013938958349352228,E,0.0013948209403282536,E,0.001118727605076706,S,0.001003339406250617,E,0.0013074348997513577,E,0.001975730784038122,E,0.0013074348997513577,G,0.00028358253443816516,L,0.0002577639952752676,E,0.0007835417451985288,E,0.0016874232567141631,E,0.0011746259556963809,E,0.0011746259556963809,E,0.0014904773303482436,Q,0.0010257585366732634,P,0.0005304190814732018,G,0.00013749331423172076,D,0.00019705604053090226,D,0.0014840903822936347,P,0.00014552990071662296,P,0.00017735065020087735,P,0.00014552990071662296,E,0.001208595665401774,E,0.0014884746817626752,0.0009459839367213379,0.12169839200087439
396,P,P,0.0011087687801658397,P,0.0010397715674330913,P,0.0008723318492323395,P,0.0004700416908133203,P,0.00025336238609413917,P,0.00018337017528913558,L,0.001201035528735175,H,0.0017326535904869274,P,0.00024063953593588612,P,0.00024063953593588612,P,0.0005192539229247038,P,0.00025336238609413917,P,0.0007628861636456713,P,0.00025336238609413917,P,0.00025336238609413917,P,0.0003108980800048387,Q,0.0005124456640522635,P,0.0015644916446234415,P,0.0002703534990650676,P,0.0015644916446234415,P,0.0003233504571727217,P,0.0006169411073988094,P,0.0002635513321236542,P,0.00027007384227279303,P,0.001268669842360656,P,0.001268669842360656,P,0.0012890910219259446,P,0.0017545382766331026,H,0.0016197780103787095,H,0.0017312341890969398,P,0.0002228050873206674,P,0.0004746156675442569,H,0.0020037501967939985,H,0.0020037501967939985,H,0.0020037501967939985,P,0.0006274199042097279,P,0.000790381535292307,0.0008686457601031494,0.11174903517845967
397,Q,Q,0.00013193039108818494,Q,0.0019135091725178187,Q,0.00011920449001994253,K,0.0032423416278268675,Q,0.0009337278255579865,K,0.001995771771433909,E,0.0023111389918781667,E,0.003213600743310719,K,0.002274554662615395,K,0.002017388583341311,K,0.004133331909595135,Q,0.0009337278255579865,K,0.0029991686677946212,Q,0.0009337278255579865,Q,0.0009337278255579865,Q,0.00105371258688361,E,0.0021046267618356125,Q,0.0016255016681839091,K,0.002873051930271251,Q,0.0015681301909743375,Q,3.720769564332708e-05,Q,0.0007133978684663046,E,0.0024209627362135034,K,0.001575481920533094,Q,0.0007350809207838768,Q,0.0007350809207838768,Q,0.0021169553690482774,Q,0.0005865006586835373,E,0.0018714606664675805,E,0.0031844663941605904,K,0.0010727163350159634,Q,0.00777318353322648,Q,0.0010879545048946707,Q,0.0010986729151720063,Q,0.0010879545048946707,E,0.0010505247455545826,D,0.0031892942989114547,0.0018283451740609875,0.23521188792799302
398,F,Y,0.0013586771741599811,Y,0.0006255417779024293,Y,0.0005723064080459928,H,5.474863971547836e-05,H,0.0015840594223958883,Y,0.0012523732813810877,F,7.064722584786423e-05,Y,0.00048479889609511135,R,0.0031522281518401325,R,0.0031522281518401325,H,5.474863971547836e-05,H,0.0015840594223958883,H,5.474863971547836e-05,H,0.0015840594223958883,H,0.0015840594223958883,H,0.0002922632239230358,N,0.0005194571398572682,Y,0.0018514536227786091,Y,0.001211755866191602,Y,0.0018514536227786091,Y,0.0016167734388572307,Y,0.00046017928077925283,Y,0.0006842850535611832,Y,0.0012105792833861802,F,0.00016878972623240695,F,0.00016878972623240695,F,0.00038521931297090967,F,0.00023798249086634288,Y,0.0005563927433180904,F,0.0005962842930280135,Q,0.0009159959506813603,H,0.00011182590830394992,Y,0.00184923162874385,Y,0.0018416243914927343,Y,0.00184923162874385,H,0.00014719388221831083,S,0.0009511120195974641,0.0009904637543347399,0.12742060574036387
399,G,G,0.0021756382583018002,G,0.0008188954505063067,G,0.0002483149982639137,S,0.00017018088672253118,S,0.0004596483770668838,S,0.0016001628827087549,G,0.00016014147025430057,G,0.00040798029304436515,S,0.0007476707481194994,S,0.0007352058027362581,S,0.00017018088672253118,S,0.0004596483770668838,S,0.0002147069267534621,S,0.00046141569763903634,S,0.000459648377066884,S,4.1903636814756996e-05,E,0.0008645623333787515,S,0.00021721351790592708,S,0.0012572372509743676,S,0.0002063352231198391,K,0.0004349594144828265,G,0.0004177100769460567,V,5.928916432089995e-05,S,0.0011635563269256277,G,0.0015257263905623646,G,0.0015257263905623646,G,0.0010820228962847838,G,0.0007517491981368508,G,0.0003885755149935083,G,0.00042698803861613275,S,3.44844555992592e-05,S,0.000556421532012179,G,0.0009929272829803995,G,0.0009929272829803995,G,0.0009929272829803995,W,0.0003131281232526868,W,0.00019936278318508283,0.0006414911770267265,0.08252618432134941
400,Y,S,0.00023077766831311567,Y,0.0006116046582794167,K,0.001027328799180384,A,0.002491478195304356,R,0.0026206900294946465,R,7.399148576667176e-05,Y,0.0026771989881215342,Y,0.0019060568013259675,T,0.0017535599839865075,T,0.0008977084664114078,A,0.002980669071145089,R,0.0026206900294946465,A,0.0028458777486328026,R,0.0026206900294946465,R,0.0026140278853776433,G,0.001027328799180384,F,0.001293965983537443,V,0.0038461852965052308,R,3.4729273645493085e-05,V,0.004418194930929145,R,0.0006689596959202264,Y,0.0004042634416038289,F,0.00033260563485429086,R,0.00011621527844197786,Y,0.0004640899039771396,Y,0.0004640899039771396,Y,0.0021398921097311742,Y,0.0007396842886111969,Y,0.0019060568013259675,Y,0.003791181724613207,A,0.0005889020526675859,A,0.0014587726764213314,Y,0.0016295536144256852,Y,0.0016295536144256852,Y,0.0016295536144256852,S,4.345564719407093e-05,A,0.0023751254612113977,0.0015939110699447058,0.20505254547657745
401,C,C,0.004648884716388969,F,0.00777318353322648,V,0.002647471907215069,F,0.0013470484839136882,F,0.0012178069410233017,A,0.005100054358344984,Q,0.00018786566127635944,Q,0.002062073623584803,F,0.001447968500115936,F,0.0014685952226413087,F,0.0013470484839136882,F,0.0012252580024417583,F,0.0013863414031022542,F,0.001201127798996763,F,0.0012178069410233017,F,0.0007377661814621241,C,0.005103459658852359,A,0.00520908945349795,A,0.0033333575917858438,A,0.005188246662957116,A,0.0012066397815361383,F,0.00777318353322648,G,0.0024904554781317524,A,0.004730370657883663,I,0.0008675390375530806,I,0.0008675390375530806,C,0.003470050924711692,C,0.0022599004451579097,Q,0.0015476701915244186,Q,0.00015689794091248592,F,0.0009469226036519053,F,0.0012237343815009382,Q,0.0007646594275440637,Q,0.0006563996250137432,Q,0.0007646594275440637,F,0.0021176093571832013,F,0.001628586203331466,0.002360088464316869,0.3036192898609262
402,R,R,7.441949697989899e-06,R,1.0949403097229972e-05,R,7.441949697989899e-06,R,1.0949403097229972e-05,R,1.0949403097229972e-05,R,2.144059756126763e-05,R,1.0949403097229972e-05,R,4.4741091907591886e-05,R,1.0949403097229972e-05,R,1.0949403097229972e-05,R,1.0949403097229972e-05,R,1.0949403097229972e-05,R,1.0949403097229972e-05,R,1.0949403097229972e-05,R,1.0949403097229972e-05,R,1.0949403097229972e-05,R,1.0949403097229972e-05,R,0.0007720063419313335,R,4.4741091907591886e-05,R,0.0007720063419313335,R,7.441949697989899e-06,R,1.0949403097229972e-05,R,2.144059756126763e-05,R,2.144059756126763e-05,R,7.441949697989899e-06,R,7.441949697989899e-06,R,7.441949697989899e-06,R,7.441949697989899e-06,R,4.4741091907591886e-05,R,1.0949403097229972e-05,R,1.0949403097229972e-05,R,1.0949403097229972e-05,R,1.0949403097229972e-05,R,1.0949403097229972e-05,R,1.0949403097229972e-05,R,1.0949403097229972e-05,R,1.0949403097229972e-05,5.501454779173601e-05,0.00707747958819913
403,R,R,0.0002968012911803785,R,0.002401222190143431,D,0.00019000156772749357,L,0.00027629819637516745,L,0.00035817033201880177,K,0.0005307005653892087,K,5.318232404296587e-05,K,0.00037842711123042865,I,0.002354996161808607,I,0.0011866149616528545,L,0.0002898966993729753,L,0.00035817033201880177,L,0.00026281817477410996,L,0.00035817033201880177,L,0.00035817033201880177,L,0.00011525167421647743,I,0.00042275850618308874,K,0.0002989983040795998,K,0.0003162276624207765,K,0.00037116597570253864,R,0.00777318353322648,R,0.0010052480221926275,H,0.0008707559629173864,K,0.0009259174560381122,R,0.0008962008144959398,R,0.0008962008144959398,R,0.0006944030983313954,R,0.000527739525578024,K,0.0003128102612735683,K,0.001027328799180384,L,0.0003615275498750581,V,0.0007801436150250444,E,0.0031446057680948143,E,0.0031369621745416347,E,0.0031446057680948143,D,0.0002181376856995598,E,0.0001498603418293383,0.0010011803752774438,0.1287992713664739
404,M,M,0.0018365546504593724,I,0.0017609149070985843,A,0.006247615024200127,G,0.0015314850027033828,G,0.0016848793894387987,M,0.0005054585234486742,I,8.912702713999357e-05,M,0.003104344206423201,N,0.00020103207608872616,N,0.000233145272053302,G,0.0015404647070566436,G,0.0016848793894387987,G,0.0016585486290092652,G,0.0016848793894387987,G,0.0016848793894387987,G,0.0016318940106327083,M,0.0016925850755785945,M,0.0020531274163707552,M,0.0011644001912134365,M,0.0016357511779622426,T,0.0009964606417078353,I,0.0004341500699742872,I,0.0008414725115604382,M,0.00045012192323033777,I,0.0015943155699847842,I,0.0015943155699847842,M,0.0008827149894847493,M,0.0022989707726200413,M,0.002363483195148659,L,0.0017265709834226332,G,0.0030507430457361612,S,0.0003086840299444403,L,0.0027316504693118233,L,0.0027316504693118233,L,0.0027316504693118233,A,0.0035710320244595126,M,4.346228276036349e-05,0.0016750652560310456,0.21549282206845854
405,F,L,0.0006521360515543336,E,0.00010682170966533706,A,0.0008884383032919907,F,0.00021295406013762368,F,0.00014370676829091728,M,0.0002446477585214521,T,2.2321099156541178e-05,A,0.001403698843140218,F,0.00014793017120572814,F,0.00014793017120572814,F,0.00021295406013762368,F,0.00014882491198969994,F,0.00020898362702800023,F,0.00014370676829091728,F,0.00014370676829091728,F,0.00014889053555634633,L,8.322018022951669e-05,L,0.0003024646853666443,M,0.0015691512647453248,L,0.00035965370528775174,L,0.0003149174276713125,E,0.00011026270237357706,L,0.0018717976155601184,M,0.0015806211199757036,M,0.0007616621572775593,M,0.0007616621572775593,S,9.132336636724484e-05,F,0.0001120062832216282,A,0.0021746041440604577,T,0.00012322196373435132,F,2.331673528640453e-05,F,0.0001484758558184868,V,0.0008919025823247759,V,0.0008919025823247759,V,0.0008919025823247759,Q,3.7959419640177256e-06,D,0.000632281151701571,0.0005048053462799171,0.06494190496366466
406,T,T,0.00011074295991522336,T,0.0008158485963075682,V,0.0017288499076920712,A,0.00015142810656895562,A,0.00023138441916437523,T,0.0002697014392692123,A,0.0001654817949537699,A,0.00020711994377738255,V,0.0012966285186544533,V,0.0012752025062598967,A,0.00015134665689779043,A,0.00023138441916437523,A,0.0001311861232771302,A,0.00023138441916437523,A,0.00023138441916437523,A,0.0008147018253373423,T,1.432041667903469e-05,T,0.00026113139030157855,T,0.0009898161372622616,T,0.00017076014868602277,T,6.596017723939186e-05,T,0.0002287007064096739,T,0.00017891162090125787,T,0.0011511928649769847,T,0.0008674321781781193,T,0.0008674321781781193,A,0.0006474792540910548,T,6.46713384655063e-05,A,0.000182587559452564,A,0.00018400674310983664,A,0.00021673140377130904,A,0.0001778777617857135,S,0.00011088728773783124,S,0.00011088728773783124,S,0.00011088728773783124,T,0.0008117019372133057,T,0.0001580244904800793,0.00042203178989090823,0.054293300561723906
407,K,K,0.00024757866292383955,K,0.00032366529504439896,K,0.000347472962690315,K,0.00031218387420403013,K,0.0003517719868548219,K,0.0005129369635797768,I,0.0003026692581744276,I,0.000520154380544379,K,0.0003239684283883715,K,0.00033088075429815446,K,0.00031839387121836133,K,0.0003517719868548219,K,0.0003247720102145464,K,0.00035266721095657163,K,0.0003517719868548219,K,0.00035401619902597427,K,0.0007098750980657478,K,0.00031998317530348926,K,0.0001862954697384724,K,0.00031638896933625023,K,0.00041259459092120245,K,0.0001890714465294627,K,0.0002115681630027125,K,0.0003914311552514265,I,0.0021964125864104536,I,0.0021964125864104536,M,0.0006298634480294327,K,0.000505066250479054,I,0.0008291486908765794,A,0.001820473625440608,K,0.00023772802595179164,K,0.0004712918552456284,K,0.0005625573626720036,K,0.0005624369777404429,K,0.0005625573626720036,K,4.717405244946069e-05,K,0.0002229988603045628,0.000519135286071861,0.06678541473423556
408,V,V,0.0035917932147986097,V,0.001440891512293015,Q,0.001785606816209774,M,0.00410729365483518,A,0.00423955670674126,V,0.0020013356416362007,I,0.0028853062177938947,I,0.001163041862915503,I,0.00735158034753112,I,0.006896803985948493,M,0.0032442724027012164,A,0.00423955670674126,M,0.003922581046536389,A,0.00423955670674126,A,0.00423955670674126,A,0.005625674858734832,V,0.0017060595345406355,I,0.0008945799404232418,V,0.0008977938779184194,I,0.0008976316542358455,L,0.000899703629045076,V,0.001693711615428839,L,0.0004903227827746306,V,0.00020854675223080476,V,0.0007908736964739605,V,0.0007908736964739605,V,0.00221951164160196,V,0.0014187027371384002,I,0.0008777357997106449,N,0.003541628065707526,M,0.0007281070795184027,M,0.0021311623000725964,I,0.0017211666790610206,I,0.001739390328452977,I,0.0017211666790610206,G,0.00011306304055909552,T,0.0020962371814235814,0.0023933074892095118,0.3078928316794936
409,F,F,0.0007089269050313218,N,0.0012251546730584388,A,0.0003547543100605068,C,0.0014773259798347555,C,0.0009794278656062526,I,0.00019169843969620544,I,0.00021480896592703062,I,0.00025559601451225855,C,0.0010460883710408885,C,0.0011693668649221652,C,0.0014747315381704095,C,0.0009794278656062526,C,0.00217569337344483,C,0.0006886035874688068,C,0.0009794278656062526,C,0.0018160018788572782,T,0.0035525423658625543,S,0.00228062854834751,L,0.0014688831777648441,S,0.0023205473033761116,I,0.0002759062893945348,N,0.0012949764392593244,I,0.00156040516242484,L,0.0007113212809292983,N,0.0033133678042045595,N,0.0033133678042045595,N,0.0009681332155779336,F,0.0002819025314078208,I,0.00028055736067653656,T,0.0068345141119691985,S,0.0014904288975253273,C,0.0010666807725645908,I,0.00015104527283019137,I,0.00014219338370239005,I,0.00015104527283019137,N,0.002606107634634578,N,0.0021429355869193177,0.0014039060733851314,0.18060889304673353
410,A,A,0.005459862259636333,A,0.005996394297582542,S,9.969450174387878e-05,H,0.004548967079592162,H,0.003423197570177907,Q,0.0003341618163809731,I,0.0020878822609093186,T,0.001027328799180384,H,0.0026191490110130723,H,0.0023420082190194133,H,0.004548967079592162,H,0.003423197570177907,H,0.004734249285250965,H,0.003423197570177907,H,0.003426624434982998,H,0.0017686629039533356,A,0.005977209946662262,F,0.004835139379100392,K,0.002803982094717398,F,0.004750512828884668,V,0.0005889168848002836,A,0.004681484299945215,E,0.004837191711732726,N,0.00022880408623125967,A,0.005312074133172641,A,0.005312074133172641,C,0.006162515675916665,A,0.006592732897228657,T,0.001027328799180384,L,0.004092315553166941,H,0.0038499621171523743,H,0.0033046355053696548,A,0.005637833665498233,A,0.005531668425869233,A,0.005637833665498233,C,0.004255584037421724,C,0.00777318353322648,0.003850176433332954,0.4953152613566078
411,L,L,0.00022432581912095812,L,8.585642422160744e-05,L,0.00013223812032524412,L,0.0001270996611092119,V,0.007753295611779271,M,0.000658254535573883,L,0.0006337127640552175,F,2.2673700294366727e-05,F,0.0009266742733848683,F,0.0010942438417702901,L,0.00011862759833765583,V,0.007753295611779271,L,0.00014494524406743017,V,0.007753295611779271,V,0.007753295611779271,I,0.0006828630172248393,M,0.0003895630485658446,Y,0.0007099661701381494,M,0.0015808228631618325,F,0.00017196087077536856,I,0.00024593123097467256,L,9.830740889468334e-05,I,0.00024420637980717005,L,0.00013901220682785962,L,0.0003333561434257532,L,0.0003333561434257532,L,0.00019091853225195203,L,0.0002462901378222734,F,8.485098403101702e-05,L,0.00046584210001771856,F,0.0004120152888758686,L,0.0004368316102715104,L,7.142121255088337e-06,L,1.7509573013691006e-05,L,7.142121255088337e-06,F,0.00027962394639364927,F,0.0006722631065977198,0.0011603137684969003,0.14927137170210095
412,I,I,0.001027328799180384,V,0.0056769693327285,I,0.0004777158958712215,I,0.0007859652268955815,I,0.0002647077817830868,A,0.001027328799180384,V,0.00777318353322648,V,0.00777318353322648,V,0.00777318353322648,V,0.00777318353322648,I,0.0008279801713952439,I,0.0002647077817830868,I,0.0008659557815642718,I,0.00026313041471710667,I,0.000220053967371044,I,0.00048448199668636206,A,0.001027328799180384,I,0.0006248614892452197,T,0.006506990772049772,I,0.0006165966482560163,I,0.0003629564989984555,V,0.005812574371217358,T,0.003867192077069683,T,0.0050501593760944544,V,0.00777318353322648,V,0.00777318353322648,L,0.002622496087101081,I,0.000434671564762145,V,0.005685748263344231,I,0.0006767029209827735,V,0.00698999834497653,V,0.00777318353322648,T,0.007268187300634672,T,0.007244682760805888,T,0.007244682760805888,V,0.0034359127291862302,I,0.00030824716292234564,0.003577800016469588,0.46027473829432675
413,T,T,1.596718338953917e-05,T,1.5043165053810143e-06,A,4.320451696658414e-05,T,9.718010656541028e-06,T,1.3696120952522963e-06,S,6.080047972327852e-05,T,0.0003774244416815997,T,0.0003825243209310578,T,2.8766939189906983e-07,T,2.8766939189906983e-07,T,1.010933755196106e-05,T,1.3696120952522963e-06,T,1.010933755196106e-05,T,1.3696120952522963e-06,T,1.3696120952522963e-06,T,1.8445925273529448e-06,T,8.476945581889713e-06,S,0.00020488054436817635,S,3.7216592279194945e-05,S,0.00020402779247352017,T,5.052401375026101e-06,T,0.0006300465659509014,T,7.872036758248607e-05,S,6.437326704487081e-05,T,5.329926874926522e-06,T,5.329926874926522e-06,T,2.3972408332385808e-05,T,0.00010364259376808472,T,0.0003851789819823172,S,0.00097011963427641,T,4.707942452545694e-05,T,1.3088944443968775e-05,T,0.00012413400878845206,T,0.0001241340087884521,T,0.00012413400878845206,T,6.053666727049537e-07,T,0.00012548050654140244,0.00011362931194497489,0.014618117719627524
414,T,M,0.0016052425977909482,T,0.00777318353322648,M,0.0006516952058747077,V,0.0003500888989434713,I,0.004378191232556463,F,0.0003443418827916906,A,0.0005921638127028219,I,0.0026028761686247804,I,0.003518300459636753,I,0.0035183004596367525,V,0.00034421647016347407,I,0.004378191232556463,V,0.00035810676561364395,I,0.004378191232556463,I,0.004378191232556463,I,0.0010621759110147405,V,0.0008930185519202637,I,0.0004760609776893105,I,0.0008984813448443119,I,0.00045674588658482047,I,0.0014837408901995962,T,0.00777318353322648,V,0.0003322676846448684,I,0.0016848597021925597,T,0.003496053869394275,T,0.003496053869394275,S,0.0013561686137970228,T,0.0011550571195667336,I,0.0014127213059810402,A,0.0027983426930900334,V,0.0011417780670931455,V,0.0014684888479581217,V,0.000771746402594241,V,0.000771746402594241,V,0.000771746402594241,M,0.0033886280044969166,M,0.004287154717440769,0.0021769595130687407,0.28006022291424426
415,I,I,0.000787314994891587,I,0.0015906940573502386,V,0.00048325851059168853,L,3.3670400286853686e-05,L,0.00010132735552941116,F,0.0021585187365672238,I,3.3989207905107006e-05,I,0.00198080110479922,L,5.130745588607684e-06,L,4.887908353739493e-06,L,3.3670400286853686e-05,L,0.00010132735552941116,L,3.3670400286853686e-05,L,0.00010132735552941116,L,0.00010132735552941116,L,0.00012169610367621309,I,0.0002099005968032916,I,0.0022678455180941775,I,0.0010951199961579492,I,0.0022678455180941775,T,1.571949766429081e-05,I,0.0015667671725471937,M,0.0006044464388413454,I,0.0018048161758048074,I,0.0005521015258174755,I,0.0005521015258174755,I,0.00027235205977829815,I,0.0008920864623156988,I,0.0008074658283143213,I,0.0002990781992437057,L,4.4028804359898985e-05,L,2.0754589644251534e-06,V,0.0007172897635148638,V,0.0007172897635148634,V,0.0007172897635148638,I,0.001388563320247006,I,0.0006287581717495938,0.0006782582041584206,0.08725616747105035
416,D,D,0.0,D,0.0,D,0.0,D,0.0,D,0.0,D,0.0,D,0.0,D,0.0,D,0.0,D,0.0,D,0.0,D,0.0,D,0.0,D,0.0,D,0.0,D,0.0,D,0.0,D,0.0,D,0.0,D,0.0,D,0.0,D,0.0,D,0.0,D,0.0,D,0.0,D,0.0,D,0.0,D,0.0,D,0.0,D,0.0,D,0.0,D,0.0,D,0.0,D,0.0,D,0.0,D,0.0,D,0.0,0.0,0.0
417,D,D,0.0,D,0.0,D,0.0,D,0.0,D,0.0,D,0.0,D,0.0,D,0.0,D,0.0,D,0.0,D,0.0,D,0.0,D,0.0,D,0.0,D,0.0,D,0.0,D,0.0,D,0.0,D,0.0,D,0.0,D,0.0,D,0.0,D,0.0,D,0.0,D,0.0,D,0.0,D,0.0,D,0.0,D,0.0,D,0.0,D,0.0,D,0.0,D,0.0,D,0.0,D,0.0,D,0.0,D,0.0,0.0,0.0
418,V,I,0.0012928826526885713,V,0.001137088557373571,V,0.0015357325552274995,I,0.0037307866215202778,M,0.0012784385916153212,T,0.0002132004367754844,V,4.312972049173737e-05,V,0.000111711507906401,M,0.0005637185827629958,M,0.0007613791705456242,I,0.0037387523320819797,M,0.0012715472301800803,I,0.003689475873592046,M,0.0012784385916153212,M,0.0012784385916153212,M,0.000983628913183916,I,0.0006077867853317568,T,0.0023641346499991395,T,0.0008794444871708889,T,0.0023486019159353606,L,0.0014984696929461743,V,5.149388330167671e-05,M,0.0002081864805816924,T,0.0013189639744642287,I,0.00010920921504209106,I,0.00010920921504209106,V,0.0016826288510504558,V,4.941482674100028e-06,V,2.2683960682914438e-05,V,0.0004988757088864518,I,0.0003606317347660031,I,0.0017017648355587471,I,0.0011126542378910509,I,0.0011126542378910509,I,0.0011126542378910509,V,0.0004276693559920588,V,0.0015370395148459363,0.00113454184830057,0.14595588068273055
419,Y,Y,0.00016054907008080228,Y,9.731034754732901e-05,Y,0.0003183715841934936,Y,0.000648753970885445,Y,0.00038922146724329487,F,0.0006775524130712031,Y,8.586239375871881e-05,Y,0.0002905075674777831,Y,0.00012352604958831967,Y,0.00012352604958831967,Y,0.000648753970885445,Y,0.00038922146724329487,Y,0.000648753970885445,Y,0.00038922146724329487,Y,0.00038922146724329487,Y,0.00011803125309693113,Y,0.0003644952516050774,Y,0.00013020372028084675,F,0.0004368512147093895,Y,0.00013020372028084675,Y,5.627906076167887e-05,Y,7.328793635012399e-05,Y,0.00038188438773487045,F,0.00043615147337176054,Y,8.963723412658568e-05,Y,8.963723412658568e-05,Y,0.00013947500411782242,Y,0.00010807389201711154,Y,7.245094408850504e-05,Y,0.0003547430653942574,Y,0.00016930166538984138,Y,0.0006278673625264421,Y,0.0004106478639900628,Y,0.0004106478639900628,Y,0.0004106478639900628,Y,0.00016336256531393955,Y,0.0006453149549158236,0.000302690507813895,0.03894035262644245
420,D,D,0.0,D,0.0,D,0.0,D,0.0,D,0.0,D,0.0,D,0.0,D,0.0,D,0.0,D,0.0,D,0.0,D,0.0,D,0.0,D,0.0,D,0.0,D,0.0,D,0.0,D,0.0,D,0.0,D,0.0,D,0.0,D,0.0,D,0.0,D,0.0,D,0.0,D,0.0,D,0.0,D,0.0,D,0.0,D,0.0,D,0.0,D,0.0,D,0.0,D,0.0,D,0.0,D,0.0,D,0.0,0.0,0.0
421,V,V,0.0003815701253711521,V,5.7672116665352176e-05,V,8.079274371345605e-06,T,0.00016531995653946502,V,0.0025502887884017215,A,0.004066894999282406,V,0.0004186393740037328,V,0.0003878315136131791,T,0.00018369325107768844,T,8.721442486348545e-05,T,0.00016531995653946502,V,0.00267753188646854,T,0.0001626815847997249,V,0.0025502887884017215,V,0.0025502887884017215,T,0.00020361454100687392,V,6.51054749100276e-05,I,0.0007058390465490143,A,0.0040447433350463274,I,0.0007058390465490143,A,0.0024172324166422212,V,5.771152880041972e-05,A,0.0031851244492501645,A,0.002641619512919826,I,0.0032616362109596725,I,0.0032616362109596725,V,0.0013113315080032649,V,0.00015119055088921705,V,0.00042263912067273725,V,0.00024497766529676306,T,0.00022098351542005696,T,4.324431703341121e-05,V,0.00020117014139153504,V,0.00020117014139153504,V,0.00020117014139153504,V,0.0003882913083207186,V,0.00021116804563362545,0.001096236569130766,0.14102800537835003
422,Y,Y,0.0008986404941013691,F,0.000565956808769426,Y,0.0008989627359376004,F,0.0005268628511170839,F,0.00045818789449605685,Y,0.0012065573060635576,Y,0.0010153947180142936,Y,0.0012004752869306703,F,0.0006391269978091158,F,0.001027328799180384,F,0.0005268628511170839,F,0.00045818789449605685,F,0.0005434648302501361,F,0.00045818789449605685,F,0.00045818789449605685,F,0.001027328799180384,Y,0.0012498660688773015,Y,0.0011351749251797734,Y,0.001211001837207314,Y,0.0011351749251797734,Y,0.000988296636499763,F,0.00044968733913453566,F,0.000619723538672935,Y,0.0006541581516362682,Y,0.00019011614056515405,Y,0.00019011614056515405,Y,0.000989356788548424,Y,0.0008420322408152929,Y,0.0009449067398407445,Y,0.001009390000513711,Y,0.00043834176970836754,F,0.0001312475641506109,Y,7.7438956740974e-05,Y,7.7438956740974e-05,Y,7.7438956740974e-05,Y,0.0002485505104842199,Y,0.00014280216988780663,0.0006678912003823083,0.08592247919110706
423,G,G,7.934589010545272e-06,G,1.7169467513974333e-05,G,2.076640793067871e-05,G,7.545387301697274e-05,G,7.234596474073164e-05,A,0.00210649546864458,G,6.732872411872583e-05,G,8.832108740573717e-05,G,0.00010832401110990241,G,0.00010832401110990241,G,7.545387301697274e-05,G,7.234596474073164e-05,G,9.420348502732193e-05,G,7.234596474073164e-05,G,7.234596474073164e-05,G,0.00024167832993126853,G,7.80995357347041e-05,G,0.00010160189651235214,A,0.002135373958276953,G,0.00010160189651235214,A,0.001967583685876112,G,0.00012903756300087197,G,5.144036028091751e-05,A,0.002630598535576526,G,8.126649988463616e-05,G,8.126649988463616e-05,G,5.766707786349372e-06,G,5.529070659657189e-05,G,8.433469082613105e-05,G,6.850637700963306e-05,G,9.021442331501587e-05,G,0.00020547630252830895,G,8.597934507016576e-05,G,8.597934507016576e-05,G,8.597934507016576e-05,G,0.00011214640135446257,G,4.500742575901064e-05,0.00031306455915474453,0.04027494755740036
424,T,T,0.0,T,0.0,S,0.0,T,0.0,T,0.0,T,0.0,T,0.0,T,0.0,T,0.0,T,0.0,T,0.0,T,0.0,T,0.0,T,0.0,T,0.0,T,0.0,T,0.0,K,0.0,T,0.0,K,0.0,T,0.0,T,0.0,T,0.0,T,0.0,T,0.0,T,0.0,T,0.0,T,0.0,T,0.0,T,0.0,T,0.0,T,0.0,T,0.0,T,0.0,T,0.0,T,0.0,T,0.0,0.0,0.0
425,L,L,0.0002804656489534188,M,0.0002493781387062707,L,0.00019972381173355438,M,0.00038531057267997986,I,0.00011403253289602347,F,2.8610585316382116e-05,L,0.00024389298024149773,L,0.00019791764064182714,I,0.001027328799180384,M,0.0043384415343151305,M,0.0003620973206580657,I,0.00011403253289602347,M,0.001012601221579447,I,0.00011403253289602347,I,0.00011403253289602347,V,0.00047486950740081597,L,0.0003516513441775008,L,0.0006598096803023467,F,0.00030033139627029445,L,0.0006399614781898834,Y,0.0002592187844804435,L,0.0003577919158061658,F,1.642539302081958e-05,F,8.575633822848325e-05,L,0.0006827295857253285,L,0.0006827295857253285,L,0.00022440710988040464,L,0.0006148675315682082,L,0.0001981544501219999,L,0.00035285856769179115,M,0.0005805296250571586,M,0.0003141706278226516,L,0.0006738436654740398,L,0.0003611936262254946,L,0.0006685366938675347,L,0.00020582270362773836,L,0.00032421373593363137,0.00048139923600508405,0.061930769284855115
426,D,E,3.2393387350532915e-05,D,1.9273647004144485e-05,E,6.715576550348551e-05,D,2.411276228766865e-05,D,7.617951932208688e-05,D,3.466730422774408e-05,D,0.00015683703657534863,D,0.0002576729013381433,D,0.00023017624679387192,D,6.802692472852548e-06,D,2.411276228766865e-05,D,7.617951932208688e-05,D,2.4008464035907133e-05,D,7.617951932208688e-05,D,7.617951932208688e-05,D,0.00013269034464748842,D,7.969768649629634e-06,D,3.072795446370858e-05,D,3.2173949848626434e-05,D,3.072795446370858e-05,D,2.6119906076579405e-06,D,3.091912364648623e-05,E,1.0548717923754165e-05,D,6.411998516912891e-06,E,1.0295466389418305e-05,E,1.0295466389418305e-05,D,8.691088064398056e-06,D,0.0007741252749835562,D,1.0259351927081145e-05,D,6.744444990071401e-06,E,0.00014775946661908524,E,0.0009386233002806436,E,0.0014389004564383885,E,0.0014389004564383885,E,0.0014389004564383885,D,4.431736223249424e-05,D,1.4743443737061992e-05,0.00020943969959086707,0.02694387681644424
427,E,E,1.2681808967133254e-05,E,9.942593092266968e-06,E,9.23525584625193e-06,E,1.0751204946853794e-05,E,0.0003881519894251487,E,1.2409007069439522e-05,E,1.528912602711995e-05,E,9.23525584625193e-06,E,1.8506300357529726e-05,E,1.8506300357529726e-05,E,1.0751204946853794e-05,E,0.0003881519894251487,E,1.0751204946853794e-05,E,0.0003881519894251487,E,0.0003881519894251487,E,7.087539833889249e-05,E,1.528912602711995e-05,E,1.2409007069439522e-05,E,1.2409007069439522e-05,E,1.2409007069439522e-05,E,2.2290506389622842e-05,E,9.942593092266968e-06,E,0.0003881519894251487,E,1.2409007069439522e-05,E,5.44549447996776e-05,E,5.44549447996776e-05,E,7.193816040404608e-06,E,9.942593092266968e-06,E,9.23525584625193e-06,E,9.878895808284201e-06,E,1.8506300357529726e-05,E,1.0751204946853794e-05,E,6.807689894063534e-06,E,6.807689894063534e-06,E,6.807689894063534e-06,E,9.952457602470306e-06,E,9.952457602470306e-06,6.652969735766394e-05,0.008558873860791101
428,L,L,0.0001556785562084688,L,3.3685029061676324e-05,L,1.575995910125571e-05,L,1.3172017508341058e-05,L,0.00022183024521449236,L,1.3732384297188855e-05,L,1.3166032156412989e-05,L,1.1515916013075386e-05,L,9.259034958463452e-06,L,9.259034958463452e-06,L,1.3172017508341058e-05,L,0.00022183024521449233,L,1.3172017508341058e-05,L,0.00022183024521449233,L,0.00022183024521449236,L,1.4314574958395143e-05,L,1.0178820959009205e-05,L,6.110963702159499e-06,L,1.3732384297188855e-05,L,6.110963702159499e-06,L,6.264574170285596e-06,L,3.088324468081015e-05,L,5.8239002556584114e-06,L,1.3732384297188855e-05,L,1.3559316579493254e-05,L,1.3559316579493254e-05,L,0.00016193015876874432,L,0.00013423251648112813,L,1.1747631877195813e-05,L,1.4023299247269611e-05,L,1.564144844438549e-05,L,1.1626608054503636e-05,L,1.4023299247269611e-05,L,1.4023299247269611e-05,L,1.4023299247269611e-05,L,1.3771098813687434e-05,L,7.438918378419797e-06,4.6909324381810334e-05,0.006034763515012399
429,E,E,8.525087486141062e-05,Q,0.0007250396247180937,E,0.00010366132103148995,K,0.00020717502028446034,E,0.0003599573665406345,E,0.0005196530767496959,Q,9.906986136029887e-06,Q,0.00048652714286563046,R,0.0010100250422702545,R,7.329538402685259e-05,K,0.00020717502028446034,E,0.0003599573665406345,K,0.00028330676773186955,E,0.0003599573665406345,E,0.0003599573665406345,E,0.0004187493997381683,E,0.0005563416520859746,T,0.001402605588755184,E,0.0005577810506851391,T,0.001402605588755184,V,0.0019099250857060107,Q,0.000914860788226097,V,2.0344412346136003e-05,V,0.0006640355502427976,E,0.0003682444459830572,E,0.0003682444459830572,E,0.0009440418708838226,E,3.9597834558661145e-05,Q,0.0007130783817969374,R,0.0016942441496122496,E,3.063119512202885e-05,Q,0.00025492699213916693,E,0.0014971030290550822,E,0.0014963293900267253,E,0.0014971030290550822,E,0.0003857138282555347,E,0.0002843025524417862,0.0006100447564480182,0.07848068347291445
430,L,L,0.00015957140714061187,C,0.002766829301678333,I,0.00016466291468668747,L,0.00020559641637696562,L,2.228998854907376e-05,P,0.0003046792026394016,L,2.9705888451790674e-05,L,2.122853999348281e-05,L,1.0635121292252877e-05,L,1.0635121292252877e-05,L,0.00020444527578400315,L,2.228998854907376e-05,L,0.00020559641637696562,L,2.228998854907376e-05,L,2.228998854907376e-05,L,2.3585883572633982e-05,I,2.4996582239236576e-05,L,6.0970725928683695e-05,P,0.0003046792026394016,L,6.291201425546155e-05,P,0.0002041400784509206,C,0.0028277648213495222,I,1.1247555438167292e-05,T,0.0006515034974424228,L,0.00021581881598341522,L,0.00021581881598341522,L,0.00020022853219913732,L,0.0009751119837957817,L,5.09309046008884e-05,L,1.9607745998888406e-05,L,0.00024329255676026093,L,4.683938804630869e-05,L,0.0001992033284978729,L,0.0001992033284978729,L,0.0001992033284978729,L,0.0001983208525665824,L,0.00023618536113912764,0.00030660299631872756,0.039443684174978344
431,F,F,0.0005085910279375906,F,0.00014354993720576444,F,0.00011311440187377977,F,7.220229100592435e-05,F,0.0005191952089125004,F,0.0001036928743417433,F,0.0005880172662356164,F,0.0005365122980835587,F,5.8235688009096825e-05,F,5.8235688009096825e-05,F,7.220229100592435e-05,F,0.0005194428035452401,F,7.634366688152557e-05,F,0.0005191952089125003,F,0.000512223967745761,F,0.0006214352187645853,F,0.0003774195186197761,F,0.0011082642702761579,F,0.00016277817951830965,F,0.0011082642702761579,Y,0.0007910910024853258,F,0.0003402178768353053,L,0.0002912225312758593,F,0.00016256502967717775,F,6.503920415367942e-05,F,6.503920415367942e-05,F,0.00010023621258984779,F,0.0003931468441994103,F,0.00031400434346712345,F,0.0012638753534359943,F,0.00034651433785509115,F,0.00011455569547366191,F,0.00042694088936918334,F,0.0004307544603943976,F,0.00042694088936918334,F,6.171536290929649e-05,F,7.539394112249438e-05,0.0003634640339439816,0.046758709914715674
432,T,T,2.5542492538379447e-05,T,2.5542492538379447e-05,T,2.5542492538379447e-05,T,2.5542492538379447e-05,T,8.762185483817993e-05,N,0.0015660966156688559,T,2.5542492538379447e-05,T,2.5542492538379447e-05,T,8.762185483817993e-05,T,8.762185483817993e-05,T,2.5542492538379447e-05,T,8.762185483817993e-05,T,2.5542492538379447e-05,T,8.762185483817993e-05,T,8.762185483817993e-05,T,8.762185483817993e-05,T,8.762185483817993e-05,T,0.0015660966156688559,N,0.00016343754322412782,T,0.0015660966156688559,T,0.00016343754322412782,T,2.5542492538379447e-05,T,8.762185483817993e-05,N,0.0015660966156688559,T,2.5542492538379447e-05,T,2.5542492538379447e-05,T,2.5542492538379447e-05,T,2.5542492538379447e-05,T,2.5542492538379447e-05,T,2.5542492538379447e-05,T,8.762185483817993e-05,T,8.762185483817993e-05,T,2.5542492538379447e-05,T,2.5542492538379447e-05,T,2.5542492538379447e-05,T,2.5542492538379447e-05,T,2.5542492538379447e-05,0.00021799869738138518,0.028044969792563053
433,D,D,0.00011685637475324294,H,0.001329207298401929,D,6.308995822746922e-05,A,4.488842761039953e-05,A,0.000135859674394327,N,0.006636903787603131,D,8.922351917098098e-05,D,1.7853434024021482e-05,A,0.0001405176891229583,A,8.76513009199804e-05,A,4.488842761039953e-05,A,0.000135859674394327,A,5.0143689194572354e-05,A,0.000135859674394327,A,0.0001442869278627456,A,0.001056613666714474,H,0.00024264264037084844,Q,0.006000015736513079,D,0.00013014582227805006,Q,0.00600001573651308,N,0.00777318353322648,D,9.176620705942676e-05,E,3.9198525721516165e-05,D,0.0005399763030185271,S,0.0030387660614960344,S,0.0030387660614960344,D,0.00035882173031795265,D,0.00020372873417698594,D,7.44423704458397e-05,D,0.00017990370244591483,A,0.000829390726266807,A,8.658818195596893e-05,D,0.00010151163558776146,D,0.00017480184193196163,D,0.00010151163558776146,H,0.0002248215176229252,D,0.000143111817738254,0.0010703463255721756,0.13769729236380168
434,V,A,0.0004428209140087151,A,7.656167898242945e-05,I,0.0023634993691,A,0.000720360537746378,Q,0.00777318353322648,A,0.0004297397192551603,V,0.005694080494143588,A,0.0005819149699084843,A,0.0005502351975717399,A,0.0003641468895392973,A,0.000720360537746378,Q,0.00777318353322648,A,0.0002363659419955642,Q,0.00777318353322648,Q,0.00777318353322648,A,0.001027328799180384,A,0.000679982151559896,A,0.00021720484353772714,A,0.0002650446616900086,A,0.0002138059515036068,A,0.00018618258587313398,A,0.00026279649927244975,A,0.0004953913079644911,A,0.0014802142141416323,M,6.0736872214108456e-05,M,6.0736872214108456e-05,A,0.0003265062774824358,V,0.0014999913216128722,A,0.0004770512793900532,V,0.004912672439617294,A,0.0005541675411042845,A,0.000538644886025004,V,0.00777318353322648,V,0.00777318353322648,V,0.00777318353322648,V,0.0038672939527356317,I,0.0005751521818653963,0.0022781966384207465,0.29308411781126653
435,V,V,0.0007355592183502138,F,6.507803592965244e-05,V,0.00016131324149235563,I,0.0007866506852179069,I,0.000618482823992847,I,5.86856172857604e-05,I,0.0004343272932172782,I,0.00023453743306403637,V,0.00013680085942271677,V,0.00017891292318575986,I,0.0007866506852179069,I,0.000618482823992847,I,0.0008016471738673647,I,0.0006334793126423046,I,0.000618482823992847,M,0.0003100918433686324,I,0.0004051411681610353,I,0.001992966080124339,I,3.376974445231563e-05,I,0.001992966080124339,V,0.0005593218181032355,I,0.00044373309751127984,I,0.0007314908957420213,I,3.347451073770846e-05,V,0.0013590392530026378,V,0.0013590392530026378,V,8.90400696819447e-05,V,0.0006845797890346781,I,0.00021972655774632978,F,0.0002937538406138506,I,0.0003742671012227051,V,0.00027887271522783583,I,0.0019796888169326195,I,0.0019796888169326195,I,0.0019796888169326195,V,9.667913419464863e-05,M,8.300316540312837e-05,0.000652678743760134,0.0839654359079852
436,E,D,0.0026224063895811133,Q,0.0005129422409360446,D,0.0019806361059336356,K,0.0008009092471398295,K,0.0008137202678795,Q,0.00013672577560093645,R,0.0007873436023750547,R,1.654473180032289e-05,K,0.00777318353322648,K,0.00777318353322648,K,0.0007921628572508909,K,0.0008137202678795,K,0.000789266724783506,K,0.0008137202678795,K,0.0008137202678795,K,0.0004170765037459246,Q,0.0004704142637596396,E,0.001998638060534285,Q,0.0009009622505417823,E,0.0020382318243494014,E,0.0006504130517985703,Q,0.00046754464411153914,D,0.000950181334679867,Q,0.0003283943977354967,E,0.0017191625466712623,E,0.0017191625466712623,E,0.0014774408548908862,E,0.0021229123347209712,R,0.000712538299979266,R,0.0009435657301719931,K,0.0005261308532344983,K,0.0007370993597434324,R,2.659061250727499e-05,R,2.659061250727499e-05,R,2.659061250727499e-05,D,0.003138982549157961,E,0.0019501489082315061,0.001367269134206045,0.1758956453763959
437,R,R,0.0003512211518454863,R,0.0004365935658804429,R,4.792941655800931e-05,R,0.00019613243754507,R,6.880212319961796e-05,R,1.8225091961782186e-05,R,0.0003538179562768401,K,0.00041975440633290574,R,0.0001025730413697406,R,0.0001025730413697406,R,0.00019613243754507,R,6.482204751634619e-05,R,0.00019613243754507,R,6.880212319961796e-05,R,7.777057430924454e-05,R,6.53814394576706e-05,R,0.00015658277515498238,R,9.252842495802929e-05,R,3.82503547624009e-05,R,0.00011562063471383845,R,0.00020171232260434837,R,0.00044654902705109164,R,5.8987866477653295e-05,R,2.9656493511819174e-05,N,0.00016626916680406462,N,0.00016626916680406462,R,7.919339131568146e-05,R,0.000535904392640611,K,0.0002217655668438472,R,0.00035217181871231737,R,0.00013216576853415527,R,7.357515417899052e-05,R,0.0003694831002080092,R,0.0003694831002080092,R,0.0003694831002080092,R,0.000764673805533568,R,0.00016752056305074323,0.00020741916989699703,0.026683940886045414
438,W,W,0.0,W,0.0,W,0.0,W,0.0,W,0.0,W,0.0,W,0.0,W,0.0,W,0.0,W,0.0,W,0.0,W,0.0,W,0.0,W,0.0,W,0.0,W,0.0,M,0.0,W,0.0,W,0.0,W,0.0,C,0.0,W,0.0,W,0.0,W,0.0,W,0.0,W,0.0,W,0.0,W,0.0,W,0.0,W,0.0,W,0.0,W,0.0,W,0.0,W,0.0,W,0.0,W,0.0,W,0.0,0.0,0.0
439,D,D,0.0005176911916476856,N,0.00777318353322648,D,2.558472804515631e-05,D,5.3618581814547834e-05,D,8.015308409475329e-05,D,0.00043875536834216063,N,0.007728029770147806,D,0.00036673779966258984,D,0.00038311697192131884,D,0.00012150375784029316,D,4.9969205075879207e-05,D,8.015308409475329e-05,D,0.00014643926520245784,D,8.015308409475329e-05,D,8.015308409475329e-05,D,0.0012096106185825776,E,0.0015904976487920042,N,0.0016042702002469207,D,0.00010431974767896655,N,0.0015834417046558529,E,2.3658492798033638e-05,N,0.00777318353322648,D,1.4098087377910604e-06,D,3.2230088824587735e-05,D,0.00014453770583246922,D,0.00014453770583246922,D,0.0003300510464466981,D,0.000351784421004371,D,0.0005203897050756151,D,0.0008800033186422591,D,0.0004089768439256764,D,0.0002427953041880823,E,0.0018341276951247133,E,0.0017830527878170705,E,0.0017781356146409223,D,0.00038217768581380726,D,0.000396141258859036,0.0011093128498932915,0.14271023515031298
440,I,V,0.003181146911399269,I,0.0033544510716281345,I,9.105817455627084e-05,P,0.00021315401054231803,P,0.00026853593472791055,I,0.001027328799180384,T,0.00018091209760773342,F,0.005915683241600061,K,0.00058233074821082,K,0.0005809578995070372,P,0.00021315401054231803,P,0.00026853593472791055,P,0.0005766548325502595,P,0.00026853593472791055,P,0.00026853593472791055,P,0.00023861697212972707,I,0.0005040418446584082,I,0.00018673752996555107,A,0.00777318353322648,I,0.00016756554584363892,I,0.0002324551833749244,T,1.781847045789875e-05,A,0.005732005577376559,A,0.00777318353322648,V,0.0004422000339458752,V,0.0004422000339458752,A,0.00777318353322648,I,0.0005400008597685771,F,0.0074311527859667655,T,0.0002665879937837972,P,9.759948185487996e-05,P,0.0001038266848520295,T,0.002859490467680461,T,0.002859490467680461,T,0.002859490467680461,I,0.0004200513746294062,V,0.0013660303362804326,0.0018129158985889576,0.23322695145941774
441,N,K,0.0007073983829154174,D,0.0017473521588029681,T,0.0021556504887023428,S,0.002626177601618371,S,0.002428278245331174,N,0.0010391165366505867,Q,0.004204772334027325,Q,0.0029298851350494978,S,0.0014888753592571147,S,0.0014850958786897664,S,0.002626177601618371,S,0.002428278245331174,S,0.00264389143436046,S,0.002428278245331174,S,0.00239578596188808,S,0.0014379319753422787,K,0.0009453715779714588,D,0.00099921515447108,N,0.0016260853490838321,D,0.0009814730885781585,S,0.0023035769808265197,D,0.0002768442122478468,S,0.0020946205707028723,N,0.0012081462713215579,N,0.0016718208772451956,N,0.0016718208772451956,T,0.002957617252563059,N,0.0008187944998027817,E,0.001027328799180384,E,0.0001735491296956024,S,0.001092138936673474,S,0.002293108739274981,E,0.001027328799180384,E,0.001027328799180384,E,0.001027328799180384,N,0.003958892996060901,N,0.0017990544946886438,0.0017771457240565076,0.228625210823866
442,A,-,,-,,-,,-,,-,,A,0.0005894340970763749,-,,-,,-,,-,,-,,-,,-,,-,,-,,-,,-,,A,0.0005328494698391879,A,0.0005168429675431286,A,0.0005328494698391879,A,0.0014756194578990146,-,,C,0.0007597485202379159,A,0.0005894340970763749,-,,-,,T,0.0007297636277171575,A,0.0029510263070455485,-,,-,,-,,-,,-,,-,,-,,-,,-,,0.0009641742238082102,0.12403852548789651
443,-,A,0.004018601930675721,E,0.0034918471763596024,G,0.0017590029641711205,A,0.005933424116046518,A,0.003605311404097298,-,,S,0.0005438907560406284,S,0.001027328799180384,A,0.003587240770608284,A,0.003587240770608284,A,0.006090940978265348,A,0.003605311404097298,A,0.004588886785424535,A,0.0035809683028792203,A,0.003605311404097298,A,0.001843934311315156,A,0.004386135365559818,-,,I,0.0018888232514867845,-,,-,,E,0.0034375720076181933,-,,-,,R,0.0006641016946996872,R,0.0006641016946996872,-,,-,,S,0.001027328799180384,S,0.001027328799180384,L,0.006224646211379345,A,0.00349412752976812,S,0.001027328799180384,S,0.0010224996696412822,S,0.001027328799180384,A,0.004501595940963878,A,0.003821661539124298,0.002933924895707907,0.3774418657641161
444,M,I,0.0014493248830036777,L,0.0007239175214528984,I,0.00042001400879951295,T,0.0011388173038117005,T,0.0005494305286655961,I,0.00023641954343984735,I,0.0016827796175415402,I,0.0010042788147344858,T,0.00046206577096833356,T,0.0004960525922068361,T,0.0011388173038117005,T,0.0005494305286655961,T,0.0008222754720500939,T,0.0005494305286655961,T,0.0005494305286655961,A,0.005198790665841569,M,0.00011423445133457917,S,0.0017766762956843794,-,,S,0.0015408373233236497,M,0.00037043085529469904,L,0.0006923088971327233,M,0.0004386155075955312,I,0.0005139661487804971,L,0.0012900650317502031,L,0.0012900650317502031,T,0.001534029472775974,M,0.001403355257505545,I,0.0011692081099023341,I,0.0016209974822111355,V,0.0003948961071234301,T,0.0005838690812978752,I,0.001346135062361533,I,0.0011135412164709566,I,0.001346135062361533,I,0.0008006945543868589,I,9.924360511243013e-05,0.0010114050046244622,0.13011464354356367
445,D,D,0.0009174048312049386,D,0.0006091373739166121,D,0.0009951009756724812,E,1.5329026513496997e-05,D,0.000238420095809234,D,0.0004136059692441087,D,0.0009224784112120434,S,0.0003407037735663061,E,1.174993542264311e-06,E,0.0002351251874148934,E,2.6681116848812975e-05,D,0.000238420095809234,E,0.0001147873798856303,D,0.000238420095809234,D,0.000238420095809234,D,0.0013660451226630952,D,0.0003245454432072095,E,0.00021925232516889438,D,0.0006041678886326121,E,0.0003781967762625908,H,0.00027839167288117435,D,0.0012129731631282353,D,0.0020334050896449996,D,0.0005429322406179949,G,0.0023833269025519232,G,0.0023833269025519232,E,0.00018468030191916835,D,0.0008675156074922596,S,0.0004762259535111042,D,0.0006060526885241402,D,0.0007131212743909566,D,0.0004686427036079924,D,0.00204129889827925,D,0.00204129889827925,D,0.00204129889827925,D,0.0003059883279373322,D,0.0008012501299003902,0.0007518688278835209,0.09672598423408593
446,Q,Q,0.0007236003863186716,N,0.002707465984114693,K,0.0003514962664486514,W,0.003087013519991903,C,0.006009098263553251,S,0.0018167922721351241,Q,0.0009471973807009737,T,0.00463359819753578,C,0.003476621376756415,C,0.003152773746569521,W,0.0029608026999084387,C,0.006000118723551806,W,0.0017586876737246196,C,0.006009098263553251,C,0.006170833530239015,C,0.007161546223906225,E,0.0058601042787827405,Q,0.004856039313330634,S,0.0032884230450764295,Q,0.003969020656494715,S,0.000736089706738555,N,0.00217973895723606,Q,0.0014333213067752317,S,0.0038978966505618952,E,0.004625067154459535,E,0.004625067154459535,Q,0.001356195842076961,Q,0.00351233887054396,T,0.004737753735881676,Q,0.0008718321424151667,C,0.0028655592836285535,S,0.0003900364878257475,E,0.006649061972729835,E,0.0066291399046135395,E,0.0066291399046135395,Q,0.002215427745602709,K,0.0006895102191152107,0.0034860407795127175,0.44847014927817325
447,L,L,0.0005066153436112679,L,0.0004918052714180701,L,7.63207400758954e-05,L,0.00014474691016063844,L,0.0005055293304128203,V,0.0009802093898533394,L,0.00013783490474211115,L,0.00013992068679610613,L,0.0001906503358338351,L,0.0001906503358338351,L,0.00014474691016063844,L,0.0005022561103185578,L,9.3563963204177e-05,L,0.0005055293304128203,L,0.00048624091567492795,L,0.0005026508523506306,L,0.00018404239618730533,L,0.0001767585901072722,I,0.0036728042812737933,L,0.00020854061247973772,I,0.0008402861211746194,L,0.000593027920633607,L,0.00014506847975531736,I,0.003410382892655363,L,0.0001618976991509441,L,0.0001618976991509441,L,0.0006660017861719854,L,0.00040604962139555487,L,0.00013563889485192245,L,0.00019377758805361444,L,0.00015226505259365492,L,0.00020503378901138956,L,0.0003908842702601293,L,0.0004146500921495134,L,0.00039000360101388594,L,0.0003957700781334729,L,0.00019142714357463795,0.000505283241638874,0.0650033849682103
448,P,P,0.0007682128699450823,P,5.104997842125563e-05,P,4.086152281010582e-05,P,3.569981344699742e-05,P,2.1047028559885715e-05,P,4.9677004420164354e-05,P,0.00013095515644544672,P,0.00013095515644544672,P,2.209376340748112e-05,P,2.209376340748112e-05,P,3.569981344699742e-05,P,2.1047028559885715e-05,P,3.569981344699742e-05,P,2.1047028559885715e-05,P,2.1047028559885715e-05,P,2.168745708523619e-05,P,2.414320372731434e-05,P,0.00012414798502344008,Q,0.00011999693899424231,P,5.104997842125563e-05,S,2.0625406367819833e-05,P,5.104997842125563e-05,P,0.0001199969389942423,Q,0.00011999693899424231,P,0.0001199969389942423,P,0.0001199969389942423,P,1.8456306827466213e-05,P,0.0001695597527008205,P,0.00013095515644544672,P,0.00013095515644544672,P,1.7918288332376248e-05,P,1.791828833237626e-05,P,0.0007682128699450823,P,0.0007682128699450823,P,0.0007682128699450823,P,0.0001199969389942423,P,0.00013095515644544672,0.0001443575440070108,0.018571225468941313
449,D,D,0.00024230775583037117,D,0.0014703827063144723,R,0.0014898512428721054,E,0.00027160066843883487,K,0.0032451624095316046,P,0.0015718461718255145,Y,0.0018318791542127294,Y,0.0020657345577185246,E,0.00036765675070096066,E,0.00029691250412187324,E,0.00027160066843883487,K,0.0032451624095316046,E,0.0005337938612242639,K,0.0032451624095316046,K,0.0032451624095316046,E,6.414920478205138e-05,H,0.000851268484857717,L,0.00031249638819201667,P,0.001188533686744615,L,0.000483857411421131,P,0.000647739641036284,D,0.0008420366784538827,D,0.00018613642131724823,P,0.0004738904408111897,E,0.00015806267669175308,E,0.00015806267669175308,Y,0.002280566062794266,D,0.0003718070369807288,Y,0.001168434433605101,Y,0.002541178664605733,E,0.0005759629870037879,E,0.0009189204566441601,Y,0.0024777387940246834,Y,0.0025838138437902724,Y,0.0025844989591390023,D,0.000865964689433156,E,0.00022231340202087568,0.0012257202356990896,0.15768574490229742
450,Y,Y,0.00014919178632634655,N,0.001433892979570489,N,0.00017845658748032162,Y,8.32840288493001e-05,Y,0.0005942712691249204,Y,0.0001891832443911696,Y,7.048729020460933e-05,Y,7.200080341512858e-05,Y,0.00016805572223996983,Y,0.00016731208192426915,Y,8.32840288493001e-05,Y,0.0005942712691249204,Y,8.32840288493001e-05,Y,0.0005942712691249204,Y,0.0005942712691249204,Y,0.0005942712691249204,Y,0.0001574189932587683,Y,0.00015159902367534468,Y,0.0006082019673665375,Y,0.0001503216457717521,Y,0.0005470673543436586,N,0.0008029967150887094,Y,0.0004952255386221408,Y,0.0006082019673665375,Y,0.0005592714417027152,Y,0.0005592714417027152,Y,0.0006073231786940303,Y,0.00019745550429660458,Y,7.579815720329656e-05,Y,0.00015221803964722615,Y,0.00017349874331512938,Y,0.00017349874331512938,Y,4.5271499360608223e-05,Y,8.350591168435082e-05,Y,4.5271499360608223e-05,Y,0.000590051861319858,Y,0.0005260978140013548,0.0003502528640222129,0.04505912700054704
451,M,M,0.0003555696278001587,M,2.447492717193078e-05,I,0.0012244428531670553,M,7.684476138869863e-05,M,6.976704787551673e-05,L,4.56704785277144e-06,M,0.00017435602623351647,M,0.00020633460977353138,M,7.15325107124308e-05,M,8.09639402555661e-05,M,7.684476138869863e-05,M,6.976704787551673e-05,M,7.684476138869863e-05,M,6.976704787551673e-05,M,6.976704787551673e-05,M,0.00012430228159333146,M,0.00021537009041826366,M,0.0001389914883922619,M,0.00022146775360287944,M,4.317931092828114e-05,M,5.6688118148867924e-05,M,1.9330987200758958e-05,M,0.00023535164282628915,M,0.00017315729167478646,M,0.0002344020810297133,M,0.0002344020810297133,M,0.00019950999862792943,M,0.00016901818710753563,M,0.00028032063758164186,M,0.00015952404302133595,M,0.0003907886346806042,M,0.00012755790975782285,I,0.006712971230109295,I,0.006712971230109295,I,0.006712971230109295,M,0.0002121168921958562,M,0.00047308520931908625,0.0007161979012999992,0.0921370115910181
452,K,R,0.000544168810305682,K,3.801831328008731e-06,S,9.834348933016385e-05,K,4.196662461933067e-05,K,6.139285104126933e-05,R,0.001157270363790215,Q,6.218165018598401e-05,Q,6.692753011838943e-05,K,9.891735849906845e-06,K,9.891735849906845e-06,K,4.196662461933067e-05,K,6.139285104126933e-05,K,4.196662461933067e-05,K,6.139285104126933e-05,K,6.139285104126933e-05,K,1.6197518159807475e-05,K,0.0008022323219965318,K,0.00015293859119891982,R,0.000614848522741293,K,0.00015293859119891982,R,0.0005659516269110703,K,3.801831328008731e-06,Q,0.00022391912477965224,R,0.000614848522741293,R,0.0020969087107040527,R,0.0020969087107040527,K,0.0007318111553094095,K,0.0007293577962458049,Q,6.692753011838943e-05,Q,6.0274071105890076e-05,K,6.396724648364386e-05,K,0.0005610272715655037,Q,0.00017428934099053778,Q,0.00017428934099053778,Q,0.00017428934099053778,K,0.00012392430718621475,K,1.6445216556363454e-05,0.0003389741922915611,0.0436081549911456
453,I,V,0.00777318353322648,M,9.078345431024913e-05,M,0.0006407114369108929,G,0.001027328799180384,R,0.00777318353322648,H,0.0005802701102819609,L,0.00015085151983743113,V,0.005617899345529779,G,0.0007161602395125094,G,0.0007354554626128182,G,0.001027328799180384,R,0.00777318353322648,G,0.001027328799180384,R,0.00777318353322648,R,0.00777318353322648,G,0.001027328799180384,L,0.000542306713258128,I,0.0009078459016867676,P,0.006340060529642078,I,0.0008663156080649637,P,0.002859873132631339,M,0.0005892185899012418,P,0.0042736084558663194,P,0.005160957580076462,L,4.060198184663477e-05,L,4.060198184663477e-05,L,0.000102257738832823,I,0.00042303200348833755,V,0.005476426475312098,L,0.0005901505500123171,G,0.0008632446747599737,R,0.00777318353322648,L,0.00016480305001349236,L,0.00016561343646390837,L,0.00016561343646390837,I,0.00037725582985609823,I,0.0009822955639044216,0.0024381792215947017,0.3136654642428939
454,C,G,0.0003873152682109663,C,0.0006726379421190114,I,0.0005191858874105758,V,0.0010318898930474802,M,0.0024379303893889105,A,0.0009967546901109821,C,0.0004036374394314073,C,0.000722807943556155,V,0.000743760899070482,V,0.0006498736716331273,V,0.0010318898930474802,M,0.0024379303893889105,V,0.0005788939138455056,M,0.0024003873138737446,M,0.0024379303893889105,V,0.0009011604512120308,C,0.001448432473506538,I,0.0008136409300481104,A,0.0016112130562709554,I,0.0019520135257645103,L,0.00033678117003971226,C,0.0006871440553296191,F,0.00012130478088191575,A,0.0024536111855361087,C,0.0008400714596038958,C,0.0008400714596038958,C,0.0005322197099567582,C,0.0011566184234631258,C,0.0003243335654061447,C,0.0005240781343116773,V,0.001105379066338271,V,0.0010965101586284409,C,0.0004645445457813745,C,0.0004645445457813745,C,0.0004645445457813745,L,0.0019514976112927822,C,0.00032124785537774545,0.001023345638741622,0.13165077530555278
455,F,Y,0.0007639924466947218,Y,0.00027641112234410474,L,0.0022510592892632207,Y,0.0003721786130077209,Y,0.00018951282146986823,Y,0.00099354040165441,Y,0.00021759960233728022,Y,0.0005754974158081212,Y,0.000185795789358367,Y,0.000185795789358367,Y,0.0003721786130077209,Y,0.00018951282146986823,Y,0.0003721786130077209,Y,0.00018951282146986823,Y,0.00018951282146986823,Y,0.0001657539129589305,Y,0.0007823301572912643,Y,0.00023554365580752098,Y,0.0007636554648946254,Y,0.00023554365580752098,Y,0.0002086524244004665,Y,0.0002871902412552214,Y,0.0009131117126755352,Y,0.0007651633312203981,F,0.0001421994347350124,F,0.0001421994347350124,F,0.00024349364934286863,F,0.001027328799180384,Y,0.0002286224949975488,Y,0.00015509968637487,Y,0.00024281760667418335,Y,9.608113952765828e-05,Y,0.0006150154881266145,Y,0.0006150154881266145,Y,0.0006150154881266145,F,0.00041130726974691857,F,0.0008050692058304811,0.00046001320874479706,0.05917951207230219
456,L,L,0.00012587876988522326,F,4.744387499900176e-05,L,1.6189582750339192e-05,M,0.0006856306104418044,M,0.0005086764016836348,Q,6.273878286971598e-05,M,0.00012148634238317844,L,1.29808882632708e-05,I,0.0030144746783481637,I,0.0029828684204176335,M,0.000843703683499988,M,0.0005086764016836348,M,0.000696839053656338,M,0.0005121241504210484,M,0.0005086764016836348,L,0.0010017800340834282,L,6.560832217655677e-05,R,0.00021512764206823063,Q,6.518707354765989e-05,R,0.0002161228156472905,Q,4.6023654463869034e-05,F,6.1006891244894446e-05,I,0.0001206333544209566,Q,0.00013467977687900065,L,6.0595837739343457e-05,L,6.0595837739343457e-05,H,0.0002384688596251229,L,0.00015827923103416076,L,1.652744558475071e-05,L,0.00011378313919880539,M,0.00029138335054282864,T,0.0010774764627042286,L,0.0001536127520139851,L,0.0001536127520139851,L,0.0001536127520139851,L,0.0007681418822435617,L,0.00030024916571324206,0.0004356999209644821,0.056051670348716505
457,T,G,0.0010292016553067058,A,0.0037785472974390237,T,1.9879728828608512e-05,V,0.002224171296569176,I,0.0033874952768797777,A,0.0001742738596204397,T,0.0006449714087791795,A,0.0018845384439316558,D,0.0031575547518154262,D,0.004115788773290256,V,0.002224171296569176,I,0.0033871050254672334,V,0.0021999040098409023,I,0.0033874952768797777,I,0.003387746855246742,I,0.0015749343872664733,A,0.0012749082934389929,D,0.0022963523533412436,A,0.00019594327194503622,D,0.0032373969013642758,V,0.0015133683256830003,A,0.0017579004757115148,T,0.00011758985426280691,A,0.00010144428039357029,I,0.0029250317549017854,I,0.0029250317549017854,A,0.0011916737065760386,T,0.0009294010582510608,A,0.0018287047061152542,A,0.0016353494632119622,A,0.00011048160661130385,V,0.0005493316830387092,A,0.0005430333109086506,A,0.0005430333109086506,A,0.0005430333109086506,A,0.0009759614223772717,A,0.002499385996861204,0.0017370847617687389,0.22347147141754323
458,L,F,0.0005866726066384041,L,0.0003696547359763086,M,0.0016563157347538804,V,0.0011785396425852625,L,0.004460818210308087,L,0.0002475120810069683,L,0.0006337177787650436,L,0.0001578567302432794,L,0.0012421960305523305,L,0.0012156203536084354,V,0.0011785396425852625,L,0.004460818210308087,V,0.0011903594099543105,L,0.004460818210308087,L,0.004460818210308087,L,0.0032121576989444715,L,0.00019098116041777588,L,0.0007975881425788267,F,0.0017721700531102892,L,0.0016783271487787832,F,0.0006314976097311663,L,0.00024364148127692284,L,0.00033028481971039816,L,0.0002805968684280919,L,0.0002669238930798749,L,0.0002669238930798749,L,0.00013871759095598985,L,0.00021441924955233863,L,0.00017010256645073576,L,0.0006670176424263321,V,0.0010155031450688377,L,0.000715652996250157,V,0.00044314598842002653,V,0.00044314598842002653,V,0.00044314598842002653,L,0.00014708166010953065,V,0.001436222355259473,0.0011623109602262643,0.14952830526359825
459,H,F,0.0028017045585189333,D,0.0035260812263057644,F,0.003993042200665047,Y,0.0005924802243978658,Y,0.0002227199370607226,L,0.0012071516410926703,Y,0.002288936487091435,Y,0.0011471477074459918,Y,0.000573625627858636,Y,0.000573625627858636,Y,0.0005924802243978658,Y,0.0002227199370607226,Y,0.000589640036934358,Y,0.0002227199370607226,Y,0.0002227199370607226,Y,0.0001183350519935383,F,0.0008919282402567538,L,0.002239578358422919,L,0.00034488325017046576,L,0.0022107579521780736,L,0.0012183325627888784,D,0.004585216247633184,L,0.0007142938303829223,L,0.0022688809267515145,Y,0.0009017634588315351,Y,0.0009017634588315351,Y,0.0005108597045197802,H,0.0014462046881451298,Y,0.0008322341970123523,Y,0.0024310429666499055,Y,0.0008818185535035857,Y,0.0009459719251987698,N,0.001960349826737879,N,0.001960349826737879,N,0.001960349826737879,F,0.004935011204480825,F,0.004650530671362119,0.0015591149200037166,0.20057611059088962
460,N,N,0.00017179021720873348,N,0.00021649478011816136,N,1.196975365773881e-05,E,0.0007511623269430954,D,0.0035817895114714717,D,0.0005739495310531887,N,0.0002834382166722908,T,0.001027328799180384,E,0.0010790420690598105,E,0.002300027506232689,E,0.0007511623269430954,D,0.0035817895114714717,E,0.0007055977939310303,D,0.0035817895114714717,D,0.0035817895114714717,D,0.002577513799514932,N,0.0003978129671866652,D,0.0007504732804032766,D,0.0005808330312052659,D,0.0006705533618098698,D,0.0006304198016304465,D,0.000526584460883681,D,0.00045244918395789845,D,0.0020114901824804755,N,0.00017237071469059818,N,0.00017237071469059818,N,0.0002952811594463441,N,0.00045601086967288294,T,0.001027328799180384,N,0.00020072957703420828,D,0.0007573004161165787,E,0.0017099098924056807,K,0.0011854129538419894,K,0.0011854129538419894,K,0.0011854129538419894,N,5.1675600774974706e-05,N,0.00010511103630270958,0.0010622048399405281,0.1366499112493784
461,S,S,0.001027328799180384,F,0.00011159198061721853,T,0.0005665722190686123,T,0.0007611936689869383,M,0.003662465585861643,I,0.0021999874607378416,Y,0.0022377683183483978,Y,0.0016129510274059961,T,0.00010492678754244747,T,0.00010492678754244747,T,0.0007611936689869383,M,0.003662465585861643,T,0.0007619582587171291,M,0.003662465585861643,M,0.003662465585861643,T,0.0002657937894571806,T,0.0013359721164732372,V,0.0007698061778225355,I,0.0005771687622976061,V,0.0007855584835461398,Y,9.620734171619005e-05,F,0.00017529483546653625,V,0.0007871306996432674,I,0.0020681575778909523,E,0.0004128299997825941,E,0.0004128299997825941,S,0.0010728156065358337,S,0.001288270292855175,Y,0.0018210195596151909,Y,0.0014108571263717667,T,0.0008152131391498105,T,7.214239937425304e-06,F,0.00038088889551284597,F,0.00038088889551284597,F,0.00038088889551284597,T,0.0009831666924592342,T,0.0008609611099262909,0.0011348431231851088,0.1459946389190762
462,V,I,0.0018067143087770094,I,0.0017339298477704998,A,0.002412133590681111,V,0.0007153444721069984,V,0.00023755259947872348,Y,0.0032080800584456254,V,0.0005487098480266141,A,0.0011647194932017328,V,0.0010838310857974546,V,0.001511996668012326,V,0.000635043346744028,V,0.00023498959758546327,V,0.0006648249503861272,V,0.00023755259947872348,V,0.00023755259947872348,V,0.0001755845355000523,S,0.002862686500503135,Y,0.001196470269735739,Y,0.003487006482646848,Y,0.0007075815198114713,F,0.001027328799180384,I,0.0014199894500196795,I,0.002334165211874492,Y,0.0024126860022837663,I,0.0012612028366628236,I,0.0012612028366628236,V,0.0030020926444512585,V,0.0005631907945398572,A,0.0003233029286005678,V,0.0001756027725099935,V,0.00047714353844128545,V,0.0005080675807981232,V,0.003982512259009744,V,0.0034008806822470924,V,0.003982512259009744,V,0.0008898124277206079,V,0.0005932994067788882,0.0014183053190529604,0.1824613188393678
463,N,N,0.0006957708866134491,N,2.6102214693212452e-05,N,0.0002704554310288233,N,5.9133665561264106e-05,N,0.00043441723703463637,S,0.00015402151800424235,S,6.848364179329952e-05,S,0.0004135722876526174,N,0.00010275302626806027,N,0.0001342076465197352,N,5.9133665561264106e-05,N,0.00043441723703463637,N,5.9281933880303144e-05,N,0.00043441723703463637,N,0.00043441723703463637,N,0.00013957817549158091,S,0.00040256432005599495,D,0.0037672387222629053,S,9.410192765995513e-05,D,0.003777286554711652,D,0.0005227869221679908,N,0.00014203102159853737,D,0.0025418514982810158,S,0.00012769282239764109,N,9.751402802673328e-05,N,9.751402802673328e-05,N,0.00019717239941688443,N,4.5269410221236025e-05,S,0.0004019247686546872,S,8.905088158091501e-05,N,7.035384511648728e-05,N,0.0001298867707581434,F,0.0025019149984793184,F,0.0025019149984793184,F,0.0025019149984793184,N,0.0003737757950665172,N,6.922190868306324e-05,0.0006587336665224714,0.08474438609441212
464,E,E,0.000185989776295703,E,0.001133271128444283,Q,0.0005418536373300993,E,0.00011671193001422638,E,0.0005250728210925881,E,7.762385809834753e-05,N,0.001027328799180384,E,7.681863136876965e-05,E,7.430836042143744e-05,E,7.986463228387572e-05,E,0.00011671193001422638,E,0.0005250728210925881,E,0.0005180570121831534,E,0.0005250728210925881,E,0.0005250728210925881,E,0.00028808920156846835,E,0.00019978391922357595,E,0.0005472608975375787,E,0.00038481308694286785,E,0.00023004437428837045,E,1.887897799789902e-05,E,0.0007706691048607708,E,0.0011952118618003974,E,0.0003885842737141651,G,0.0011857729807102685,G,0.0011857729807102685,E,0.000772971831027552,E,0.00010809615411800853,E,9.186078901983857e-05,G,0.0012935287188644898,E,0.000414139715887828,E,6.282642103843675e-05,D,0.002763493381969282,D,0.0027613167196260777,D,0.0027613167196260777,D,0.001383750735185001,D,0.0026902208595911688,0.0007445198563598175,0.09578055801427648
465,M,M,0.002910212740774072,V,0.0004813611455500199,I,0.0011320424604231818,M,0.0014061776203111696,M,0.0020812044610552145,M,0.00019483516545554984,L,0.0011194667575882733,L,0.0027914699619457166,L,0.0018167208678106384,L,0.0030126295636726647,M,0.0014451972147575482,M,0.0020812044610552145,M,0.001486638889086646,M,0.0020812044610552145,M,0.0020695131668205732,M,0.00777318353322648,I,0.003001510697052829,I,0.0016009719880956935,M,0.0007942758603381099,I,0.0016217922149264182,M,0.0005647857257226817,V,0.0009329160526603513,V,0.00043724322053307913,M,0.0005996425403913141,I,0.0009575498058126907,I,0.0009575498058126907,M,0.0006971894301773167,M,0.0008643770529923655,L,0.0010245652133992803,V,0.0006592166937607888,M,0.0030499477398920802,M,0.0016419087526104207,L,0.0012119664403452248,L,0.00120925761538372,L,0.0012119664403452248,D,0.0012718489636093535,A,0.00364432431570567,0.0016712937578420403,0.21500762856017663
466,A,A,0.0007075126136470881,A,0.0014003348758672885,G,0.0004427001016325473,A,0.0012851279069787725,S,0.000306012036482566,E,0.0008277179390175555,G,0.0005866245393258983,A,0.0005391671308126357,A,0.0005948919454983881,A,0.0005948919454983881,A,0.0012851279069787725,S,0.000306012036482566,A,0.0009097525196005507,S,0.000306012036482566,S,0.000306012036482566,S,0.001733604339621275,A,0.00034753631593303447,E,0.0005614114299455168,E,0.0006637690288727827,E,0.0005589237588994998,E,0.0002238808770893166,-,,E,0.00038328779206431654,E,0.0006389316824564893,G,2.9734844532648252e-05,G,2.9734844532648252e-05,G,2.038668331476529e-06,A,0.0009226105847801499,A,0.0005376503632571781,A,0.0010574081161507567,A,0.0002041245764428099,A,0.0006013725208373776,A,0.0006907809536328321,A,0.0006907809536328321,A,0.0006907809536328321,G,0.00040454912534432604,G,0.00026164356045928314,0.0006009014683677089,0.07730442305898928
467,L,-,,-,,-,,G,0.004138371712876163,R,0.003501394880954145,Q,0.001027328799180384,-,,-,,R,0.0017878445479973504,R,0.002808591769103257,G,0.004138371712876163,R,0.003501394880954145,G,0.004242517791770653,R,0.003501394880954145,R,0.003501394880954145,R,0.002779932150996975,Y,0.00021236620732651473,K,0.00024248434387401323,-,,K,0.0002757774622607716,E,0.00777318353322648,-,,E,0.003436230552019587,Q,0.001027328799180384,-,,-,,F,0.0012692181813775726,L,0.00022708811900831255,-,,-,,K,0.0018532233898781714,Q,0.0008558590323782198,-,,-,,-,,Y,0.0019391221185210794,Y,0.0023509737108356804,0.002451799715587144,0.31541770564234384
468,D,-,,-,,-,,E,0.0001826113442651004,E,0.00020618764076120295,A,0.0021337786668999964,-,,-,,E,1.3115072847453092e-05,E,1.3115072847453092e-05,E,0.00018747806032436444,E,0.00020618764076120295,E,0.00019255648077951034,E,0.00020618764076120295,E,0.00020618764076120295,E,0.00013922445701809255,Q,7.50987770796267e-05,E,0.00020418614378168217,-,,E,0.00020631897071793202,E,0.0004997063879612032,-,,E,3.281646280636604e-05,V,0.0022119175793936224,-,,-,,I,0.00045487080102823865,D,6.204504223441984e-05,-,,-,,E,6.643780319300341e-05,V,0.001027328799180384,-,,-,,-,,K,7.142931199222234e-05,E,0.00023301022057349317,0.00038399113121604246,0.049399468001067
469,T,Y,9.896627008075317e-05,G,0.004325708009246362,Y,0.0007171816256794115,-,,-,,L,0.0012506101371815921,Y,0.0003572755700243427,Y,0.0002690155548079941,-,,-,,-,,-,,-,,-,,-,,-,,-,,L,0.0018705926645154333,-,,L,0.0018045840499329624,L,0.0003803403357348225,-,,L,0.0018728020190490466,L,0.0009705437140343917,C,0.0010547163243373743,C,0.0010547163243373743,A,0.0004931182745231033,T,0.0016804566864096085,Y,0.00022079974774337474,Y,0.0009922165043553621,-,,-,,H,0.0016513294524559666,H,0.0016513294524559663,H,0.0016513294524559663,-,,-,,0.0012183816084680604,0.15674164944904326
470,-,-,,-,,-,,-,,-,,-,,-,,-,,-,,-,,-,,-,,-,,-,,-,,-,,-,,-,,Q,0.0006178346682343681,-,,-,,-,,-,,-,,-,,-,,-,,-,,-,,-,,-,,-,,-,,-,,-,,-,,-,,0.0006178346682343681,0.07948283551950538
471,-,D,0.001017794094429141,D,3.0253955093324988e-05,D,0.00015393079953148893,-,,-,,-,,E,0.001753180263645756,D,0.0002939876682595299,-,,-,,-,,-,,-,,-,,-,,-,,-,,-,,V,0.0011240272540859867,-,,-,,-,,-,,-,,D,0.0013254138112899307,D,0.0013254138112899307,-,,-,,D,0.00031358992615878565,D,0.0008237075618310892,-,,-,,D,0.0017597688191192758,D,0.001940826901679983,D,0.0017769749499207846,-,,-,,0.0010491438320257699,0.13496964628986358
472,-,A,0.0016773810085186128,A,0.004423788409054442,L,0.001027328799180384,A,7.503880279355255e-05,A,0.00015307612090151507,-,,I,0.00033825936144916274,I,0.0005821084585525994,A,0.00019844735140700062,A,0.00019844735140700062,A,7.503880279355255e-05,A,0.00015307612090151507,A,9.92312251467459e-05,A,0.00015307612090151507,A,0.00015764262689277293,A,0.00015641837000343842,V,0.005221118924445929,-,,L,0.0006371896783697306,-,,-,,-,,-,,-,,I,0.0005882782974071097,I,0.0005882782974071097,-,,-,,I,0.00024401578643816862,I,5.84634626167656e-05,A,0.0001548868786203984,A,0.00017893013287750874,V,0.007289988568821072,V,0.007289988568821072,V,0.007289988568821072,V,0.002315255026263737,V,0.003383113858856602,0.0015967091064167886,0.20541250564735208
473,M,L,0.0009362371315731685,F,0.0008735706836109718,L,0.0003741841268161962,K,0.0018839241545174003,E,0.0007151367659764335,A,0.00013490674288618184,L,0.0009843942015263357,L,0.0006839658379012368,Y,0.00777318353322648,Y,0.00777318353322648,K,0.0018870189290676137,E,0.0007151367659764335,K,0.0017404334368680441,E,0.0007168314091349932,E,0.0007151367659764335,E,0.0005529766628959839,L,0.0005503431419366948,A,0.0007423496354385619,S,0.004058746694255118,A,0.002199528005687179,T,0.00304988985981209,-,,T,0.0041772857313213145,S,0.0028197152855849346,L,8.99968171784952e-05,L,8.99968171784952e-05,L,0.00040419695199965755,M,0.0029797013449871504,L,0.0009169136191598535,L,0.001027328799180384,E,0.00028471803293677814,K,0.0012937949325208071,L,0.0005586436234344605,L,0.0005458816153358433,L,0.0005458816153358433,M,0.001255820457690396,M,0.002321813221826489,0.0016214657467772478,0.20859738353613946
474,K,K,0.000590571931642976,E,0.00042874193680637163,R,0.001766513674323628,K,0.00012585025067843772,T,0.006325840748156548,K,2.0169769921360237e-05,K,5.736262666189555e-05,K,2.7830879523570073e-05,K,0.00025506412321388267,K,0.000441342271010205,K,0.00012585025067843772,T,0.006325840748156548,K,0.00012571387381619196,T,0.006296080526179536,T,0.006324827219408628,K,0.00030126336298288905,K,0.00033896835701366753,N,0.00020588865013351814,K,9.009881058641824e-05,N,0.00020588865013351814,K,3.064059379567331e-05,-,,K,8.990434427897012e-05,K,0.00010768285444689437,K,0.0002115070254762059,K,0.0002115070254762059,R,0.0011260321922888859,K,2.535971866306362e-05,K,2.7830879523570073e-05,K,7.392971180886848e-05,K,7.233365706048108e-05,K,0.00013728637950056815,K,0.00022669328608321536,K,0.00023102208502970322,K,0.00022669328608321536,K,0.0002276965766755528,R,0.0009091795430507819,0.0009531946616741691,0.12262603315613708
475,E,E,0.0003318687757676297,E,0.00042944989097858777,D,0.0004918665109074011,S,0.0016328291386243723,A,0.004127634392131728,E,1.2992813301710379e-05,D,0.0007022450838112876,D,0.001393553901572719,S,0.0002461989091315144,S,0.00024405086326195456,S,0.0016757814380068167,A,0.004127634392131728,S,0.0005347731020982792,A,0.004127634392131729,A,0.004127634392131728,A,0.002154772928009174,E,0.000340587538813531,E,1.9538169911318385e-05,E,4.314111093233714e-05,E,0.00011214502553783775,D,0.0003583119298668604,A,0.0016060516249599567,Q,0.0003503031530982488,E,0.00013769620283141088,Y,0.0019879131502729746,Y,0.0019879131502729746,D,0.00023957411097280898,E,0.00014748832582100148,D,0.0005897143468955628,D,0.0005577903622067707,V,0.0036802943786617918,S,0.0009356758538536417,D,0.001861480529018471,D,0.001861480529018471,D,0.001861480529018471,E,0.0002949016693552443,D,0.0015789704572702324,0.0012679290019618457,0.16311579374680685
476,Q,Q,0.00019166942568262565,H,0.0027867509796448042,R,1.0614358022736964e-05,Q,0.0004457597700282428,Q,0.0012842626095268784,F,0.0021623804370190674,R,0.0003508289277877615,Q,0.001039546430861647,Q,0.0003906014932981581,Q,0.00040694820056656425,Q,0.0004457597700282428,Q,0.0012842626095268784,Q,0.0004603490030201401,Q,0.0012842626095268784,Q,0.0012842626095268784,Q,1.8015522080332832e-05,Q,0.0004146596453655069,N,0.0014135307494756043,G,0.004390686903063341,N,0.0003773620152483355,G,0.0029428993377299158,C,0.0025782415857997032,G,0.0015261852004863703,G,0.006656982433675276,K,0.0006475588915894372,K,0.0006475588915894372,Q,0.0008111038966137814,Q,2.839485680293259e-05,Q,0.00017660958880244952,H,0.0004368662054835507,Q,0.0003636344014535729,Q,0.001127580234653114,K,0.000407677024749131,K,0.00022664385867625356,K,0.000407677024749131,K,0.0016767281001812751,K,3.695786632520071e-05,0.0011119409045584096,0.14304832760032196
477,R,G,0.0010162071249108925,R,0.0002966642471543289,G,0.00026855768848043173,G,0.0017676651779921593,G,0.0009180180914008355,K,0.0005989003264167425,G,0.0001579535293685766,G,7.052288874135125e-05,G,0.0006827504519068167,G,0.0005551243566215588,G,0.001762004579395058,G,0.0009180180914008355,G,0.0016054823674844598,G,0.0009180180914008355,G,0.0009180180914008355,G,0.0011997754115966386,G,0.0006104671485894409,K,0.00023668645563951326,K,0.0002712341635780402,K,7.701191177077862e-06,K,5.5970150757583935e-05,D,0.0003301338336110315,R,0.0031589229383831535,K,0.00019977118332605785,K,0.0011316200185421466,K,0.0011316200185421466,E,0.0007316646619757109,R,1.8999791475789034e-05,G,0.00039126247360186337,R,0.00024879383466624137,G,0.0011638784926373026,G,0.0011265229125584913,G,0.0006219067593674797,G,0.0006261019291224144,G,0.0006219067593674797,G,0.0004992902018011179,G,0.0010116764212038571,0.0007526976177188189,0.09683260590740103
478,F,V,0.004416858930005364,V,0.004510292892188525,F,0.0008507069721906042,R,0.0021141917804334952,R,0.0012941560493939478,S,0.0009307510420631388,I,0.000445787932556267,F,3.8104374857564334e-05,R,0.00032043446563400973,R,0.00032681667114641254,R,0.0019423345224888887,R,0.0012941560493939478,R,0.001209259569540059,R,0.0012941560493939478,R,0.0012927000370922686,R,0.0009326844733003492,I,0.001027328799180384,S,0.001228964668819077,L,0.0013620051445832023,S,0.0012447647187767668,A,0.0016391139591773885,A,0.0010110280137782125,S,0.0010433781297297052,L,0.0015601787804874537,I,0.0009542588413237559,I,0.0009542588413237559,V,0.0009683639303771611,F,0.0001956410250427963,F,0.0005015169652135446,R,0.0034721776992145815,R,0.000555280446651562,R,0.00022197852516321745,F,0.00018861943456983333,F,0.00019610284411951585,F,0.00020923634770778673,L,0.0008655427436747728,V,0.002895266625954104,0.001229956710717496,0.15823075647963863
479,-,-,,-,,-,,-,,-,,-,,-,,-,,-,,-,,-,,-,,-,,-,,-,,-,,-,,-,,-,,-,,-,,-,,-,,-,,-,,-,,G,0.0,-,,-,,-,,-,,-,,-,,-,,-,,-,,-,,0.0,0.0
480,H,H,0.003039738412643795,P,0.0006711067371632212,N,0.001027328799180384,D,0.0013559874392136,D,0.0028614663708491275,D,0.0017354966289520937,N,0.00043221854195961553,N,0.0001858160973823815,D,0.0013950204203681076,D,0.0015096018636501386,D,0.001368855042575734,D,0.002853405927519024,D,0.0015349090293282856,D,0.002853405927519024,D,0.00283130083682903,D,0.001864197455168386,N,0.0020731083260684432,F,0.0022687387007883845,D,0.0018656625709123026,F,0.002310260769866766,H,0.0006458797431640514,L,0.001027328799180384,Y,0.001239064891303931,D,0.0017200532048458584,D,0.0018100317591871863,D,0.0018100317591871863,M,2.6723772489103265e-05,H,1.7073705607699918e-05,N,0.0003649770888358405,N,0.00020310065440821878,D,0.0012107429094867673,D,0.001234525621728278,N,0.0013782851277887565,N,0.0013782851277887565,N,0.0013782851277887565,D,0.004879138992230248,N,0.0006108845291310779,0.0015397848300564856,0.19808934440756146
481,I,I,0.00438083060467963,I,0.001604899680490611,G,0.006039501941836567,T,0.0002999995980103912,T,1.1354746097187931e-05,R,2.84836817305698e-05,T,5.532027005130811e-05,S,0.0002258664803240997,T,0.0002047781624664562,T,0.0002163633517030891,T,0.0002999995980103912,T,3.213316806501149e-06,T,0.0003303348439723894,T,1.1354746097187931e-05,T,1.1354746097187931e-05,T,7.148542588518867e-06,I,0.0031273294996958076,L,0.002513844897622591,R,0.00021095735090537096,L,0.002513844897622591,Y,0.0005990498481565026,I,0.0017187329422173737,R,0.00018085918120765108,R,0.00026022783224900113,V,0.0003383804311238797,V,0.0003383804311238797,I,0.0027914528328327557,I,0.002641855188633678,S,0.00011251164042877878,T,0.00027473674860430965,T,0.0004105346030859472,T,0.00010994562150374717,S,0.0009608419791005638,S,0.0009608419791005638,S,0.0009608419791005638,V,0.00021694683841534809,I,0.0022966373608373915,0.0010072853620143344,0.12958466215401865
482,I,V,0.001342252311099115,L,0.00020464448666721548,I,0.0011943771003562098,I,1.1214690370186097e-05,L,7.099337697566533e-05,V,0.0025711971541029963,I,0.0017472280049133304,I,9.466903684300118e-05,L,0.00017478674078819738,L,0.00017478674078819738,I,1.1214690370186097e-05,L,7.099337697566533e-05,I,3.499379120069714e-05,L,7.099337697566533e-05,L,7.099337697566533e-05,L,0.0003488319547573881,M,0.002151087019359338,V,0.0014187131518827248,V,0.0026374359596334765,V,0.0014157994597065952,V,0.0013252392250574722,V,0.000978566851431834,I,0.0002608060153797983,V,0.0015379165423139761,I,4.2008869484202744e-05,I,4.2008869484202744e-05,I,0.00011095824881822379,I,0.00021700079725893863,I,7.689173806701468e-05,I,0.00038691603115272375,L,0.00018155231103995887,I,3.108325006439981e-05,L,0.0002961075506567871,L,0.0002961075506567871,L,0.0002961075506567871,I,0.0015413264872396837,I,0.0002742451856279809,0.0006408661858143863,0.08244578081490077
483,K,E,0.0011129806585166834,S,0.002557010813143062,P,0.0007683414973137992,N,0.0010051681750526326,N,0.0009134139172901772,Y,0.00047020917239583456,P,0.0013708505603754941,A,0.0016404973807210405,N,0.00165456085226725,N,0.001933080674058763,N,0.0009769815002213557,N,0.0009134139172901772,N,0.0009748756809395271,N,0.0009140254796353942,N,0.0009134139172901769,D,0.0021888572287878665,P,0.0013964866270998776,N,0.00023427619751800765,Y,0.0007428362821195773,N,7.722316958520574e-05,Y,0.002684961263274842,P,0.0001063800650832932,H,7.396252519609411e-05,Y,0.0019417489120815152,P,0.00026229658921476023,P,0.00026229658921476023,P,0.0008197222947038361,K,1.0224777040288561e-05,S,0.00044729823347908974,P,0.0010215306579584437,N,0.0007273560154451289,N,0.0006853911739449135,P,0.0018569038367165277,P,0.0018569038367165277,P,0.0018569038367165277,P,0.0003910388117829999,P,0.0006356466505393909,0.0010378126965062391,0.13351192494942488
484,Y,Y,0.0012771153824567348,Y,0.0007662673852610314,H,0.001027328799180384,Y,0.0014968119282347055,Y,0.0015571611204640854,Y,0.0015089326011930272,H,0.000813103556638942,Y,0.0006616512956907593,Y,0.0010909381681003167,Y,0.0010909381681003167,Y,0.0014968119282347055,Y,0.0015571611204640854,Y,0.0015672867136234875,Y,0.0015654791000937224,Y,0.0015571611204640854,Y,0.0010337094824712134,Y,0.0012203972577949165,Y,0.0009567671226528597,Y,0.001955484043611539,Y,0.0009567671226528597,Y,0.0012145130736920477,Y,0.0004236746293522387,Y,0.001529682013468013,Y,0.0019367579214280954,Y,0.0007185895271868897,Y,0.0007185895271868897,Y,0.0009180235329738978,Y,0.0017827443453523836,Y,0.0005311303895747424,Y,0.0003135241171540202,Y,0.0005930500834612723,Y,0.0009424854868753024,Y,0.0022815835745137237,Y,0.0022815835745137237,Y,0.0022815835745137237,Y,0.0017542275194709267,Y,0.0013520251084013467,0.0012630011193649462,0.16248183436892322
485,L,L,0.0004533912426006641,L,9.989931075431859e-05,I,0.0004655483022657367,S,7.484336013064587e-05,A,0.0006188104669553727,A,6.1517809927573e-05,I,5.112473755253792e-06,L,4.510341015855638e-05,A,0.0004661188682487398,A,0.000425471094975814,A,4.606107518144388e-05,A,0.0006188104669553727,A,5.113575984023799e-05,A,0.0006188104669553727,A,0.0006188104669553727,A,0.0014569745340984692,L,2.1641482232876825e-05,S,0.00012944632106059493,A,7.196789334148234e-05,S,0.00012944632106059493,A,1.3205298520552563e-05,L,0.00040098744689097876,A,8.446984218745422e-05,A,7.023172283079438e-05,L,0.00035979873782083144,L,0.00035979873782083144,L,1.117779893041215e-05,L,1.2075633276657624e-05,L,0.0003955621426164567,L,0.00021348053325250454,V,0.00029795403083552425,A,0.00012080202528835416,L,1.20163952860207e-06,L,7.373693419852724e-05,L,1.20163952860207e-06,L,0.0004223867804719902,L,2.9633170396851596e-05,0.0002526114930229842,0.032497816620847324
486,K,R,0.0003648379331604055,R,0.0007348114742546372,A,0.000626719613944588,R,0.0001370210380713722,R,0.00027439145952777333,K,0.00018789435062660007,H,0.0005620964660216099,Q,0.0006674563915197869,R,4.374976064430166e-05,R,4.374976064430166e-05,R,0.0001370210380713722,R,0.00027439145952777333,R,0.0007760624813250917,R,0.00027439145952777333,R,0.00027439145952777333,R,7.284261191110542e-05,T,0.0009913386594199098,I,0.0018819190572115718,K,0.00019302768072869067,I,0.0018927973519976599,K,8.637994822329636e-05,R,0.0008173063372544809,K,0.0012782949542232643,K,6.426649296790742e-06,K,0.0006714170158265724,K,0.0006714170158265724,K,0.0010319385127583154,K,0.001027033034731534,Q,0.0003062112602713365,Q,0.0006087023248298103,R,4.0320090876510446e-05,R,0.0003398263104429744,K,0.002480371599633361,K,0.0024853333249497587,K,0.0024853333249497587,K,0.001527259001249784,K,0.0009525157673095802,0.0007358648102788594,0.0946671086734804
487,K,K,0.0005141996983354152,N,0.00023796524474992928,Q,0.0005848859489133114,Q,0.0015543974901898949,Q,0.0015941757919006973,Y,0.0008198902943870902,Q,0.0011684192440668548,R,0.0011769879594544467,Q,0.00777318353322648,Q,0.00777318353322648,Q,0.0015543974901898949,Q,0.0015941757919006973,Q,0.0015561912793680755,Q,0.0015941757919006973,Q,0.0015941757919006973,R,0.005711597880597032,K,0.0009471654616055473,N,0.0018710776565538658,N,0.0011414315991894338,N,0.001870027706762903,I,0.000982558884782096,N,0.0002997508283473426,E,0.0023434870454651165,N,0.0010762706671367597,K,0.0015273820473227146,K,0.0015273820473227146,K,0.00038431977012407323,K,0.001320039254720699,R,0.0015939257250826625,E,0.003655986588465104,Q,0.0023258251742496534,H,0.0018107698900027363,R,0.0011635195391038035,R,0.0011635195391038035,R,0.0011635195391038035,R,0.0007996500520678956,R,0.0004728715664832165,0.001790337387764963,0.23032228431403481
488,A,V,0.001402009803330404,A,0.0019257423923831243,A,0.0008030057237856576,A,0.0023157477065780126,A,0.001637024206044003,E,0.0010750623140615113,S,0.0002600860494976339,S,0.0017060925216025632,A,0.0007947760136560267,A,0.0013821075920863951,A,0.002310529767394457,A,0.0016434779480490975,A,0.0025314529892864865,A,0.0016397583278692338,A,0.001637024206044003,A,0.001230133597210211,S,5.2129749635735555e-06,E,0.0016583779373123724,E,0.0013310037212328572,E,0.0016778134955194937,E,0.0031329878641280216,A,0.00537320572263976,I,0.0011853458202617316,E,0.001238128445686117,S,0.00034035767901073415,S,0.00034035767901073415,A,0.003950532620323932,A,0.003881848706582602,S,0.0015968256669569353,T,0.0011885146897594452,A,0.0014827987861320145,A,0.0014302843942589198,S,9.62383832442934e-05,S,9.62383832442934e-05,S,9.62383832442934e-05,S,0.0002086819594830088,A,0.002576116863621582,0.0015454362523106904,0.1988163852949981
489,W,W,2.5882785749008885e-05,W,1.737895052020744e-05,W,3.639835104538364e-05,W,2.6246622584109947e-05,W,3.50946723402865e-05,M,0.0001022039884613104,W,6.496286118234321e-06,W,1.0362070429284299e-05,L,9.258726645925767e-05,L,9.258726645925767e-05,W,2.6246622584109947e-05,W,3.50946723402865e-05,W,2.6246622584109947e-05,W,3.50946723402865e-05,W,3.50946723402865e-05,W,1.936822125726921e-05,W,0.00038347772841010124,M,3.975768896721572e-05,M,0.001305797386919561,M,3.975768896721572e-05,T,0.00033127748876447046,W,8.45821760993729e-05,M,2.765526401119331e-05,M,0.001305797386919561,W,9.706777861037389e-05,W,9.706777861037389e-05,W,0.0009605750089793085,W,0.0009652662740693191,W,1.0362070429284299e-05,W,1.1393294027420322e-05,W,3.972302391078058e-05,W,2.2869704928448602e-05,W,4.791138355355219e-05,W,4.791138355355219e-05,W,4.791138355355219e-05,W,9.050485148136156e-05,W,8.081622877908058e-05,0.0001799963977610214,0.023156072025268235
490,V,A,0.0004602548404425233,T,0.001027328799180384,A,0.0007402547940220974,E,0.0008466496417928671,E,0.00018947041664173293,K,0.0007052693574519824,V,0.0007301234190997126,L,0.0010603175420032934,E,0.0009104278872620668,E,0.0014038291681649864,E,0.0008833004784640073,E,0.0001942481188992909,E,0.0008833004784640073,E,0.00018947041664173293,E,0.00018947041664173293,D,0.0009173937392055359,A,0.0005484522549368341,K,0.0019723980197100988,K,0.002768838567104757,K,0.0018701098093430592,N,0.0006305352433920357,T,4.117764932929823e-05,K,0.0016594656855124473,K,0.002353774591362006,A,0.0022138479122221404,A,0.0022138479122221404,A,0.001683599343473022,V,0.00035096533833091375,L,0.0009038231987085092,V,0.0014282853867712414,E,0.00045468108518079717,E,0.000781114758461357,K,0.0013883769484840105,K,0.0013883769484840105,K,0.0013883769484840105,A,0.0013411477199942526,A,0.0016428734229638098,0.0010906804934823976,0.1403132305856774
491,D,D,0.00047809385775629705,D,1.9281486282702413e-05,T,0.0030737244080058317,A,0.002166583930183135,D,0.000466040740689277,K,0.0013792328614420646,S,0.002255634995064626,S,0.0018368551868719134,D,0.0007860730330757963,D,0.0013048700681459254,A,0.002166583930183135,D,0.000466040740689277,A,0.002396785883661891,D,0.000466040740689277,D,0.000466040740689277,D,0.001164734293184406,D,0.0006932253752658603,K,0.0003061696177338539,K,0.00022749335182969583,K,0.0002721897738177321,K,0.0013328788107874177,D,7.109128507579194e-05,N,0.0007115685318331002,K,0.0003895986491899974,D,0.0011499387018123572,D,0.0011499387018123572,D,0.001167935428304378,D,0.0012789410607994714,S,0.0022827245913211664,E,0.00044050916523257557,P,0.0042482879959191205,A,0.002012760235270538,D,8.951296086742575e-05,D,9.10471938010041e-05,D,8.951296086742575e-05,D,0.00015512293187657948,E,0.0007698011881632673,0.0010762936596809718,0.1384624015476225
492,L,L,0.0011397604843957345,L,0.0008129695750202114,L,0.00020003290598531512,Y,0.001027328799180384,F,0.0040587234692905415,L,0.0008784177667326345,L,0.002723265114245822,L,0.0020557611039300613,Y,0.000522652660321335,Y,0.00032972090137994674,Y,0.001027328799180384,F,0.00407374878011233,Y,0.001027328799180384,F,0.004016540499207171,F,0.003913957836332458,Y,0.0006674737414083669,L,3.9022001804010656e-05,V,0.0007312094769214742,L,0.000946911896623075,V,0.0007189556761187486,W,0.0020319387014000826,L,0.0008037059290550363,Q,0.001055637030754416,L,0.0010847275207394994,L,0.001701332813434102,L,0.001701332813434102,Q,4.0942870719264256e-05,L,0.0003165493988734083,L,0.0021885103485733345,L,0.0009860318128605276,Y,7.011762840245372e-05,Y,0.00031704031468564716,L,0.0008136473693675905,L,0.0008136473693675905,L,0.0008136473693675905,L,0.0008359981176558421,L,0.0017550605684701806,0.0013038102233657047,0.1677318202757682
493,C,C,0.000678194665059087,C,0.0004079594245738702,C,0.0004377883714725614,I,0.001837550016525689,I,0.00017853502063613946,V,0.0026127511706413044,V,0.0018758213368751356,V,0.0024218895754856014,L,0.001294614268287362,L,0.00012377773120888155,I,0.0018395414441661146,I,0.0001849515587443237,I,0.00053954811709993,I,0.00022810189466992764,I,0.00017853502063613946,L,0.0016958737660014724,S,0.0010364140449430107,V,0.0003922564789687589,V,0.0024529425437783085,V,0.00036887142694856813,I,0.0006387281640682775,C,0.001080774575717776,A,0.002600940725522172,V,0.0027025340328902772,C,0.001215754785679655,C,0.001215754785679655,C,0.00010362693875328546,C,0.0013361824687679379,V,0.0025690805597951894,V,0.0018100460995922885,F,0.004812583870330799,L,0.0002673914690366632,I,0.0001331533934459843,I,0.0001454789547239819,I,0.0001331533934459843,C,0.0009743603302692027,C,0.0014894286397103427,0.001189591650382477,0.15303789564437356
494,R,K,8.562114752401657e-05,K,0.00028126051579503865,K,2.205689052215896e-05,D,0.00031452170521457045,D,0.0002319271942175615,R,0.001248512712183798,E,0.00014803078012710772,E,4.652210264388455e-05,G,6.362485817951573e-05,G,6.362485817951573e-05,D,0.00031452170521457045,D,0.0002321324521533025,D,0.00031452170521457045,D,0.0002319271942175615,D,0.0002319271942175615,D,0.00011253282682514008,K,6.933647248770314e-05,R,0.0030143682561373187,R,0.0012082400942918878,R,0.0030114938767899467,K,0.0002846948013632207,K,0.0002816555181795086,R,0.002929639588223401,R,0.001004412811781744,R,0.0028914004811225816,R,0.0028914004811225816,K,0.0003283640607795801,R,0.0027843577825676347,E,3.8805206584737684e-05,E,4.626941396449258e-06,D,0.0019413635853774436,D,0.0005083098926508449,E,0.0001205128266825851,E,9.385177871886228e-05,E,0.0001205128266825851,K,0.001212285041034964,K,0.0002460008550983272,0.0007818621357163185,0.1005845458780496
495,Y,A,2.7033423669064634e-05,A,0.00012084563643113353,K,0.0006831442359728806,S,0.0017544602645393867,S,0.0035952454067303195,A,0.0005637942059733836,A,0.0007559385655546447,G,0.0004202541357465921,S,0.003424108588975542,S,0.00275072945333636,S,0.0017544602645393867,S,0.0035952454067303195,S,0.001771124926989201,S,0.0035952454067303195,S,0.0035952454067303195,S,0.0013275941740687781,S,0.0014148447521423386,G,0.00025813085596137445,A,0.001027328799180384,G,0.00025813085596137445,S,0.0016329117563332273,S,7.330994361544209e-05,L,0.003925907737836922,A,0.0003455023360358632,T,0.003492850652021918,T,0.003492850652021918,S,0.003049001728969022,Y,0.002255216094182827,G,0.0005754850631258037,A,0.001027328799180384,A,0.001027328799180384,S,0.0006960553654233421,R,0.004616925160728457,R,0.004616925160728457,R,0.004616925160728457,A,0.0008644615138509494,M,0.0031195562201831975,0.001949228294867829,0.2507631894365868
496,Y,Y,0.0009348125215965471,Y,0.0013206722036725774,Y,0.0006910448381110517,Y,0.000711324580058015,Y,0.00014437288036629623,Y,0.0008481054051226479,F,0.003813635239904535,F,0.00478473431978565,Y,0.0002783442127732661,Y,0.00045917159280093944,Y,0.0008079570445958759,Y,0.00014437288036629623,Y,0.0006866615617855665,Y,0.00014437288036629623,Y,0.00014437288036629623,Y,0.0003527026688466945,Y,0.0006717699448193831,Y,0.0014514754529109848,Y,0.0005053646160868146,Y,0.0014482565967899133,Y,0.00032021722830863483,Y,0.0012759825906671018,Y,0.00028028918324463726,Y,0.001031071249614516,Y,0.0011737229941325273,Y,0.0011737229941325273,Y,0.001416114487079528,Y,0.0012914010125970356,F,0.004783079579792802,Y,0.00018489862603391266,Y,5.9907472405590714e-05,Y,0.00039978948539902594,Y,0.0005152038884452621,Y,0.0005076769794742056,Y,0.0005152038884452621,Y,0.001637975573001927,Y,0.0012988065416379686,0.0010326645431226514,0.13284962830332334
497,L,L,0.0015515323823321412,L,0.00035646026208299486,L,0.0006718849502304372,M,0.0008859555541888206,M,0.0006858867413529349,F,0.0016183850341405634,L,0.0003933895312153907,F,0.002480746948209925,L,0.0004531949266075196,L,0.0002290038883797013,M,0.0008859555541888206,M,0.0006858867413529349,M,0.0009210434456668061,M,0.0006858867413529349,M,0.0006858867413529349,M,0.0007340364284475182,L,0.0009038841933238273,F,0.005307810013344274,F,0.0011379882712261211,F,0.005322865881174864,L,0.001077552929871159,L,0.000375132021016454,F,0.0010489074812224243,F,0.00013203044729697674,L,0.0006326968092705902,L,0.0006326968092705902,L,0.0005439059723070543,L,0.0013593408315949816,F,0.002444769783806428,M,0.002757418226973627,M,0.0010408525387762988,M,0.0005882068472072975,L,0.0023685647650473133,L,0.0023347016451112745,L,0.0023685647650473133,L,0.0004973998236302321,M,0.0007478792678624996,0.001285089329607675,0.1653234256099267
498,V,Q,0.00019364771698681895,R,1.3001598857712204e-05,K,0.0026869669272958363,K,0.001483144534550218,Q,0.0009594412136208879,K,0.0007727222250116982,K,0.0013702155398005876,Q,0.0005049269338523245,K,0.0004598294964007325,K,0.00045682741730993025,K,0.0014843640833171103,Q,0.0009594412136208879,K,0.0014837934985618827,Q,0.0009594412136208879,Q,0.0009650914058132492,Q,1.0915213163420373e-06,Q,0.00023021773160122584,Q,0.0005567703639232145,K,0.0007797577163490351,Q,0.0005477101065364592,K,0.0007048707152257961,I,0.001027328799180384,A,0.0008578706329807219,K,0.0003615806384021405,V,0.00011732554758224081,V,0.00011732554758224081,V,0.002186213555522888,V,0.0014183848108617135,Q,0.0007413312766874812,K,0.0006799275624526414,I,0.002875246146320033,K,0.0004763606293771287,I,0.0021118327586113093,I,0.0021718244881700883,I,0.0021118327586113093,V,0.0013851507378917786,R,0.00017055534548327363,0.0009833341732240599,0.12650340353097247
499,E,E,0.0,E,0.0,E,0.0,E,0.0,E,0.0,E,0.0,E,0.0,E,0.0,E,0.0,E,0.0,E,0.0,E,0.0,E,0.0,E,0.0,E,0.0,E,0.0,E,0.0,E,0.0,E,0.0,E,0.0,E,0.0,E,0.0,E,0.0,E,0.0,E,0.0,E,0.0,E,0.0,E,0.0,E,0.0,E,0.0,E,0.0,E,0.0,E,0.0,E,0.0,E,0.0,E,0.0,E,0.0,0.0,0.0
500,A,A,5.261907966987965e-05,A,8.109924645671669e-05,A,2.6969557804447284e-05,A,2.4646582449488075e-05,A,6.411861136995123e-05,A,0.00036399750149552633,E,0.001183941929811297,A,5.538983557305836e-05,A,4.4439732888841546e-05,A,0.00012513217988031103,A,2.4646582449488075e-05,A,6.411861136995123e-05,A,2.4646582449488075e-05,A,6.411861136995123e-05,A,6.411861136995123e-05,A,4.731236334943157e-05,A,8.902701610960387e-05,A,2.8705145943675334e-05,T,0.001512980392146135,A,2.8705145943675334e-05,A,0.00010920124224632376,A,5.7450306989484927e-05,A,0.00011862434324326558,T,0.0006219685816281417,A,7.664453159860794e-05,A,7.664453159860794e-05,A,5.6741154028152094e-05,A,0.00016000970733959463,A,6.245073263670865e-05,A,0.00011531849913367487,A,2.3561208679495105e-05,A,3.0967760496619905e-05,A,2.718019455938343e-05,A,2.718019455938343e-05,A,2.718019455938343e-05,A,0.000148950096932349,A,8.562490683758562e-05,0.00015666031099912511,0.02015394469067667
501,K,K,0.00033255172584735113,K,0.0002173779326137749,K,0.00017063400301936137,E,0.004262496326012308,K,0.000137587225205838,Q,0.0001670815417489308,E,0.002257953867898863,K,0.0008323103893004723,E,0.0022745597763226986,E,0.002779547224112418,E,0.004127694787555012,K,0.000137587225205838,E,0.0038326986782958906,K,0.000137587225205838,K,0.000137587225205838,K,0.00018807944572351757,R,0.00023101273845652597,K,3.766833036507403e-05,Q,0.001456544205389607,K,5.381076747285447e-05,E,0.0010562936310187668,K,0.000516009092070897,I,0.002635595899955431,Q,6.553817491781298e-05,K,0.0004166142641050491,K,0.0004166142641050491,K,0.0008943414368928457,K,5.0975674827096884e-05,K,0.0006363017579970822,E,0.0010137688880068035,K,0.00011750853302214403,E,0.002626039511989801,K,0.0005592674043174555,K,0.0005630060237709938,K,0.0005592674043174555,K,0.0006334272685475239,R,0.000959314695705641,0.0010133041774736719,0.13035896722910276
502,W,W,0.0,W,0.0,W,0.0,W,0.0,W,0.0,W,0.0,W,0.0,W,0.0,W,0.0,W,0.0,W,0.0,W,0.0,W,0.0,W,0.0,W,0.0,W,0.0,W,0.0,W,0.0,W,0.0,W,0.0,W,0.0,W,0.0,W,0.0,W,0.0,W,0.0,W,0.0,W,0.0,W,0.0,W,0.0,W,0.0,W,0.0,W,0.0,W,0.0,W,0.0,W,0.0,W,0.0,W,0.0,0.0,0.0
503,Y,Y,0.0012968013357482601,Y,0.0012872309026269264,Y,0.0034156534793165264,I,0.002382609396680025,I,0.002149615289934369,L,0.0011603492358997854,Y,0.0014228613764858862,Y,0.0019540439338878814,I,0.001027328799180384,I,0.00011215091317543116,I,0.0023817961659420555,I,0.002149615289934369,I,0.0025486444741019782,I,0.002149615289934369,I,0.002149615289934369,I,0.0010119579042695177,Y,0.00029981254442303524,Y,0.0011025886422012172,L,0.0015417585494787085,Y,0.0011001406421285366,L,0.0013119242341385728,Y,0.0012650778618824654,F,0.0036316784075421907,L,0.0014542727721098593,Y,0.0021056351878568974,Y,0.0021056351878568974,Y,0.0026602192503484053,Y,0.00012969254441710365,Y,0.0012257477022652227,Y,0.00014057410331306145,I,0.00035578280063502054,I,0.002017782539041008,Y,0.0008429294034515033,Y,0.0008538734686826514,Y,0.0008538734686826514,Y,0.00230692006304476,Y,0.003174852004898091,0.0015967746069040542,0.2054209321159908
504,S,Y,0.00042703275290158037,F,0.00777318353322648,H,0.0023646857789315643,S,0.0032743845426614214,A,0.002354547311622578,N,7.109782982115163e-05,E,0.005852004755887217,Y,0.0005838019577976547,-,,-,,S,0.0032650279455429835,A,0.002354547311622578,S,0.0031530133429406118,A,0.0019784872553169747,A,0.002354547311622578,-,,Y,0.0008680863281537631,-,,N,0.0007454877740256341,-,,K,0.0027123501395691888,F,0.0054037926945604735,H,0.002269444228588397,N,0.0005252935763032255,K,0.003185821330869084,K,0.003185821330869084,-,,S,0.0020372434625496724,Y,0.001027328799180384,K,0.00777318353322648,-,,S,0.0041873952419655075,H,0.006983565181698465,H,0.00699294334545129,H,0.006983565181698465,H,0.004723322007681192,H,0.0037088312914068714,0.0033039945692564182,0.4250503741656801
505,N,A,0.00024302988212600296,S,0.0005288121538546413,S,0.001040384920617272,-,,T,0.004991318637309799,N,0.003358866518174084,S,0.000406897215355568,A,0.0010842183051883233,S,0.001066003062158597,S,0.0010980880789114198,-,,T,0.004991318637309799,-,,T,0.004991318637309799,T,0.005153053903995564,A,0.002391934732452475,-,,Y,0.004148006727184104,D,0.0005345023561699826,Y,0.004921238571695519,N,0.0013645950678672987,S,0.0003838612094835813,E,0.0005918953486617818,D,0.0007160218576764274,R,0.0009577821712171137,R,0.0009577821712171137,N,0.0003080674034300595,N,0.0005326206848820936,A,0.0016297418202963995,S,0.0008018271379885106,S,0.0018235052383791944,-,,N,0.0020433793499383137,N,0.0020433793499383137,N,0.0020433793499383137,R,0.0022346449845772505,T,0.0010972757135094525,0.0018899609749629428,0.24313860169186832
506,-,-,,-,,-,,S,0.0014133272880932756,-,,D,0.0005932218830337744,-,,-,,T,0.0027222009641349925,T,0.0013105578327091028,S,0.0014133272880932756,-,,S,0.0014198895765118666,-,,-,,T,0.0010165043439220877,S,5.20816065327212e-05,G,0.0001534767860912871,C,0.0005133976863208006,G,0.0003153641173387635,-,,-,,G,0.00022264265316775984,C,0.0004814727280912597,-,,-,,S,0.0018973223916048149,-,,-,,-,,S,0.0012518192476857,T,1.975138451752413e-05,-,,-,,-,,-,,-,,0.0009247723611155628,0.11896957754343797
507,K,-,,-,,-,,G,6.319693922842921e-05,G,0.00010999268694203375,N,0.001027328799180384,-,,-,,G,0.00015605223950344337,G,0.00015309022379235724,G,6.319693922842921e-05,G,0.00010999268694203375,G,6.319693922842921e-05,G,0.00010999268694203375,G,0.00010999268694203375,G,9.549339211879994e-05,G,9.807914946332688e-05,K,0.000164510513143982,D,0.0012220108416936078,K,0.000164510513143982,D,0.0023559569472960083,-,,-,,D,0.0025765215561019635,-,,-,,G,0.00022884410565185596,K,0.00010904774716543086,-,,-,,G,3.0364593607751715e-05,G,0.0007189533559482306,-,,-,,-,,-,,-,,0.0004633488353935498,0.05960863183185689
508,Y,G,0.000625147959471923,K,0.003595954852133219,G,0.0008801637347842278,-,,-,,H,0.005163300893162164,G,0.00044646987170919475,G,0.00034848304141624653,-,,-,,-,,-,,-,,-,,-,,-,,-,,K,0.005779757619747799,H,0.004720205883176042,K,0.005838586052899965,I,0.005388836306611568,K,0.0036088661272393597,C,0.0005412447006559282,H,0.004769936217479586,G,0.0009793868352907806,G,0.0009793868352907806,Y,0.004509422578605546,Y,0.005674675769435091,G,0.00012340339421404757,G,0.0004413820244844965,-,,-,,R,0.004748138076217141,R,0.004748138076217141,R,0.004748138076217141,G,0.001027328799180384,G,0.00030971615794309233,0.0029165029118159522,0.3752005725002321
509,R,Y,0.00039545503642773297,Y,6.455680545427826e-06,Y,0.000205838237867273,C,0.00777318353322648,Y,0.0006447243211165616,I,0.0005997080357971872,Y,0.0003261858167818213,Y,9.54897494176548e-05,Y,0.0003697198410863881,Y,0.00039117707957308395,C,0.00777318353322648,Y,0.0004122438844123792,C,0.00777318353322648,Y,0.0006447243211165616,Y,0.0006447243211165617,Y,0.0015079135139122188,Y,0.000287050387074733,V,0.0007168337015888362,I,0.00046930105234196484,V,0.0007165866466220264,I,0.0039497530637567675,Y,0.0007594322792194182,T,0.0007003515247449465,I,0.00037650927206697764,Y,0.0015089072064448708,Y,0.0015089072064448708,I,0.000830965880217031,R,0.0029256312926786675,Y,0.0004375361885770559,Y,0.00018647356800062764,Y,4.1374587405168655e-05,C,0.006993344092402245,Y,0.0005637012161100754,Y,0.0005605014423442007,Y,0.0005619087623465295,Y,9.958048053968682e-05,Y,0.000310975838266238,0.0014613388142714384,0.18799746693551547
510,-,T,0.0014649748156757019,I,0.0013823747366393442,K,0.00037753813593181053,L,0.0020120692133766523,L,0.002506587149357059,-,,T,0.000503791829766565,T,0.0016180248121570185,I,0.0031663317002825326,I,0.003573688092119109,L,0.002033943897959878,L,0.002506587149357059,L,0.0020421381710011804,L,0.002506587149357059,L,0.002506587149357059,L,0.0019633217699741054,T,0.002193844271886666,-,,P,0.00031152251609095643,-,,-,,I,0.0022032766221262317,-,,-,,K,0.001767615502211426,K,0.001767615502211426,-,,-,,T,0.002588159703071263,T,0.0017733334069626888,L,0.0010472620383408515,L,0.0016609749111789378,T,0.00045815896837742145,T,0.0004753650991789305,T,0.0004753650991789305,K,0.0007412777724588638,T,0.0015974859818569372,0.0016974414885325398,0.21837146662970514
511,P,P,0.00022441436658699948,P,0.0001780302114164462,P,7.125348418223023e-05,P,0.00019521464160042001,P,0.00020283315552366665,P,0.00019203012124339154,P,0.00017412616816598326,P,0.00020071932817455727,P,0.0001752486808171909,P,0.0001752486808171909,P,0.00019521464160042001,P,0.00020283315552366665,P,0.00019521464160042001,P,0.00020283315552366665,P,0.00020283315552366665,P,0.00018512853502817772,P,0.0001851537049417994,P,0.00020402938454667534,K,0.001027328799180384,P,0.00020245404153422807,P,0.00021204253771486625,P,4.3448936684586416e-05,P,0.00018917922283525918,P,0.00019482493782437633,P,0.00019869708661996553,P,0.00019869708661996553,P,0.00020685201606211506,P,6.390423225114841e-05,P,0.00019241242331132896,P,7.942405949440981e-05,P,0.00017931160477706133,P,0.00019451356411206422,P,0.00019148939465183683,P,0.00019148939465183672,P,0.00019148939465183683,P,0.00019053843390313504,P,0.0001547805127036806,0.00020176315925407175,0.025956309714241912
512,S,T,0.0027343148946095235,T,0.00017705176629649976,T,0.00033816446838161687,T,9.480500020786173e-05,T,2.8583807404888174e-05,K,0.00023437823859987555,S,0.00010747653068627085,T,8.199955938375644e-05,T,9.106031482707539e-05,T,9.106031482707539e-05,T,6.954546212054547e-05,T,2.8583807404888174e-05,T,1.383123414418009e-05,T,2.8583807404888174e-05,T,2.8583807404888174e-05,T,1.4750422063192512e-05,S,0.00016354804738049527,T,0.000151422999183144,Y,0.00035210904647420504,K,0.00011297523233704524,K,6.61051354779072e-05,T,0.00014223454720721122,K,0.00034144499526763566,K,0.0002952385170368136,S,0.00024201298163722712,S,0.00024201298163722712,T,0.00010788440794442871,S,0.001894897182502126,T,0.0001151623454652602,S,0.0002689746224714682,T,7.339355053532262e-05,T,7.609371672507366e-05,S,0.0003670301589545105,S,0.0003670301589545105,S,0.0003670301589545105,T,9.387840341156493e-05,T,6.736025030526217e-05,0.00027217872636837775,0.03501509069031363
513,L,V,0.0014772033328903655,M,0.0010664602232555863,L,0.00012232922685187863,F,0.000304204771298457,F,0.00010284591323922705,Y,0.0014798514901396404,L,0.00011463144794762402,L,0.0006960985254156022,F,7.205043889477938e-07,F,7.205043889477938e-07,F,0.000304204771298457,F,0.00010284591323922705,F,0.000304204771298457,F,0.00010284591323922705,F,0.00010284591323922705,F,6.029621677643196e-05,L,0.00024441718496115585,M,3.8603559941870116e-05,-,,M,2.7792941398856554e-05,C,0.00030337675910427635,M,0.0009896954824286479,M,0.00020427488023027946,Y,0.001300828748016257,L,0.00027640521755791,L,0.00027640521755791,L,0.0006394174240598119,L,0.0001530002196765309,L,0.0012603914119785516,L,0.00019208395254776832,F,0.00010379062351604615,F,0.00034878665301384527,L,0.000419904356925857,L,0.00041700416499241064,L,0.000419904356925857,I,0.0008871201275708438,L,0.00019559485506533342,0.000417808543788259,0.053749990850252796
514,Q,E,6.162402258245913e-05,E,0.0002673803400526937,E,0.00012631878416179352,E,4.2430992692591105e-05,D,0.0023796373599249084,E,0.00026719339746994827,K,0.0010264180928894896,A,0.00029448695732421475,E,0.0002845872321626963,E,0.0002845872321626963,E,4.2430992692591105e-05,D,0.0023796373599249084,E,0.00013505392615995612,D,0.0023796373599249084,D,0.0023796373599249084,A,0.0043146888557523575,D,0.0003816443662525007,E,0.00011689521753920087,E,0.0003788112859317146,E,9.837172670845745e-05,E,0.0002966002937199096,E,0.0001396830398089306,D,0.0003209711935129528,E,0.0005899902080003574,E,0.0002053561913354668,E,0.0002053561913354668,Q,0.001027328799180384,Q,0.0004995092719614908,A,0.0003710691265596495,E,0.0004643228555553182,Q,0.0009911054636693097,E,8.582825848293393e-05,E,0.00010500735969297275,E,0.000103895029879575,E,0.00010500735969297275,N,0.00044339355987142736,D,0.001931406287917762,0.0006899271176327534,0.08875734307361448
515,E,E,0.0,E,0.0,E,0.0,E,0.0,E,0.0,E,0.0,E,0.0,E,0.0,E,0.0,E,0.0,E,0.0,E,0.0,E,0.0,E,0.0,E,0.0,E,0.0,E,0.0,Q,0.0,E,0.0,Q,0.0,E,0.0,E,0.0,G,0.0,E,0.0,E,0.0,E,0.0,E,0.0,E,0.0,E,0.0,E,0.0,E,0.0,E,0.0,E,0.0,E,0.0,E,0.0,E,0.0,E,0.0,0.0,0.0
516,Y,Y,6.473804765129808e-05,Y,0.0001185308022428044,Y,1.7335158167954695e-05,Y,0.000140048660293799,Y,0.0001410453508887855,H,0.000231964475128472,Y,0.00017501519219331936,Y,0.00018891289548227482,Y,0.00010036042156687239,Y,0.00010036042156687239,Y,0.000140048660293799,Y,0.0001410453508887855,Y,0.000140048660293799,Y,0.0001410453508887855,Y,0.0001410453508887855,Y,8.80197020011771e-06,Y,0.00010502632105431313,Y,0.00016592594375645635,H,0.0001871624668801781,Y,0.00016592594375645635,Y,0.00014781581239147514,Y,0.0001185308022428044,Y,0.000177737384775274,Q,0.0001499131151766992,Y,4.714818138356846e-05,Y,4.714818138356846e-05,Y,0.00011221670933542381,Y,1.944151619564472e-05,Y,0.00018891289548227482,Y,0.0001627232716605096,Y,0.00014364011543564414,Y,0.0001390182562426665,Y,6.06224868323199e-05,Y,6.06224868323199e-05,Y,6.06224868323199e-05,Y,0.0001556569764113629,Y,3.389712522196731e-05,0.00012000149318702085,0.01543788239066714
517,I,L,0.001027328799180384,M,0.0034366853413443266,L,0.0002060053918442583,Y,0.00582727115765431,F,0.00024740126354436923,M,0.005399822016745222,L,0.00045366910306194415,L,0.00010074967082169704,L,0.001027328799180384,L,0.001027328799180384,Y,0.005846679703827271,F,0.00024740126354436923,Y,0.005791848318765569,F,0.00017839186756830457,F,0.00024783982782117546,Y,0.004653142063519961,M,0.004921205983638288,M,0.004217834219425928,M,0.004006883873378178,M,0.0041917141353579965,K,0.001027328799180384,M,0.004247278224186817,M,0.0025951073008460895,V,0.00382542531066997,M,0.004483358661138854,M,0.004483358661138854,M,0.004790809071068587,I,0.00019079198093901683,L,0.000179247485095264,L,0.0004599885698819174,L,0.0003815818289052083,Y,0.004675639204567103,L,0.0002505440284662902,L,0.0002505440284662902,L,0.0002505440284662902,L,0.001027328799180384,L,0.0008251324312302007,0.0023513659462927527,0.3024971604287789
518,E,E,0.002882731881380884,D,0.002619637290826811,E,0.0009001091790280146,E,0.0010805440360351208,E,0.0006751107344553945,E,0.0010645905710657086,N,0.00186827938802441,E,0.003137860588618534,V,0.006964647690355515,E,0.001027328799180384,E,0.0010563489457778791,E,0.00069899452385816,E,0.0010944195996181168,E,0.0006751107344553945,E,0.0006751107344553945,E,0.0006209669646408309,E,0.0031398278932280583,K,0.0024447616825050145,E,0.000890939304823888,K,0.0020803339897523003,R,5.67802197578488e-05,D,0.0026323319574264145,R,0.0007446877169084577,E,0.0006416838472937013,Q,0.0035388232037350327,Q,0.0035388232037350327,E,0.0017415534902688106,E,0.0030619418128343314,E,0.0019313767228809782,T,0.0033067852444034463,D,0.0012524179869078786,E,0.0025785907805649247,N,0.00086896550889552,N,0.0009033107289396274,N,0.00086896550889552,D,0.0017492337947848417,D,0.0002563290643423232,0.0017640609547205542,0.22694188901883947
519,N,N,4.887201965869293e-05,N,0.0001340094751656118,N,2.6741383969074208e-05,N,8.196606558332642e-06,N,9.561417651393547e-06,N,6.694749697209138e-05,N,2.583026443486981e-05,N,1.8551491007146853e-05,N,1.1025038801855158e-05,N,1.1025038801855158e-05,N,8.196606558332642e-06,N,9.561417651393547e-06,N,8.196606558332642e-06,N,9.561417651393547e-06,N,9.561417651393547e-06,N,9.561417651393545e-06,N,6.918150665012242e-07,N,1.2588332306462772e-05,N,2.7071358952012887e-05,N,1.2588332306462772e-05,N,2.6428176912596333e-05,N,0.00011026401926836257,V,7.880420805446466e-05,N,3.322369114389961e-05,N,0.00012593662292295334,N,0.00012593662292295334,N,1.5155034023334112e-06,N,4.564628814360878e-06,N,1.7949318182650567e-05,I,9.826623999329986e-05,N,1.3373784476146073e-05,N,3.3469084072436405e-05,N,0.0003211831035293103,N,0.00032118310352931035,N,0.00032118310352931035,N,3.223101645978418e-05,G,0.0009329549095477383,8.28866511388247e-05,0.010663153749622099
520,A,A,0.0007736055774579545,A,0.0002648214773416796,G,0.0004732327407843453,G,0.00017133870887506267,G,0.00011534035179490734,A,0.001034010598575444,A,0.00018375914454516528,A,0.0018693195707815266,G,0.0002051816396192004,G,0.0002051816396192004,G,0.00017133870887506267,G,0.00011534035179490734,G,0.00027922268497038665,G,0.00011534035179490734,G,0.00011534035179490734,G,0.00017807207000478543,A,0.0007899401348358392,G,0.0008428468777974031,S,0.0002091947964017265,A,0.00018476561138381254,A,0.00137686264957214,A,0.00034089102016001484,A,0.000977761515757117,A,0.000620995116416541,A,0.0010388977305975438,A,0.0010388977305975438,A,0.0002186234212640086,A,0.00038816662714706503,A,0.0015932388433110417,A,0.00017864522311701375,S,0.0003443981487746143,G,0.00018816871256048675,A,0.00057480735955166,A,0.00057480735955166,A,0.00057480735955166,T,0.00037300054064776984,A,0.0015737733785073215,0.0005479442196252276,0.07049160968386242
521,W,W,0.0010214715655172285,W,0.004008563671399596,L,0.0011268006210293409,K,0.0010936420197518565,K,0.0007351568796465057,M,0.0007413505374037586,S,0.0035733779645909214,K,0.0006346235397680474,K,0.0005383146135372308,K,0.0006871666279801953,K,0.0010936420197518565,K,0.000708999879236603,K,0.0010752571666419804,K,0.0007351568796465057,K,0.0007351568796465057,K,0.0010441174851603206,W,0.0018565580577951954,I,0.0009412634016085498,L,0.0003987929872536063,I,0.0009412634016085498,T,0.00011386593922557121,W,0.0023846761231331886,A,0.0009046190361911989,I,0.0009324951077547725,W,0.0032470733524968378,W,0.0032470733524968378,W,0.004235728460441976,W,0.0035409747904138556,K,0.0017089712769267132,K,0.0023604097395866514,K,0.0008885050809943382,K,0.0006172219510523924,R,0.0009693750274009708,R,0.0009693750274009708,R,0.0009693750274009708,W,0.0028308207030240534,W,0.0014450431971615165,0.0014880075511372209,0.19142833110484672
522,I,V,0.0003928236854079952,I,0.0003540677179728155,V,0.00019011127549919455,V,0.0007167118087563063,V,0.0017512247862337712,V,0.0003196593616586665,I,0.0007996770141661675,V,0.001788637371719684,V,0.0025157361691978495,V,0.0025782051860183523,V,0.0007167118087563063,V,0.0017512247862337712,V,0.000716711808756306,V,0.0017512247862337712,V,0.0017512247862337712,V,9.909182458105734e-05,I,0.0005235322810178968,S,0.0008718356669340547,V,0.0002634733694401555,S,0.0008211157224955331,I,0.0006159610409728029,I,0.0002055139956045219,S,0.00019096885880958434,V,0.0003939758374233279,I,0.0002471794275735688,I,0.0002471794275735688,I,0.00026744422222866763,I,0.00023804356385149637,V,0.0017450482651779258,I,0.0008682150466681577,I,0.001298572992714672,I,0.0005833078587027883,V,0.0006587279566156533,V,0.001522749443590214,V,0.0006587279566156533,I,0.0007248144976979668,I,0.00034834753952814925,0.0008510210580719501,0.10948166274915032
523,S,S,0.0008500704709909281,S,0.0005564006247884305,S,0.0005789748376096345,S,0.0004386073932432016,S,0.0002701555758576571,S,0.0002688457312206075,S,0.0007649258770040407,S,0.00019208403694412492,S,0.000298012055973618,S,0.000298012055973618,S,0.0004375457181844842,S,0.00027069895761071787,S,0.0004375457181844842,S,0.0002701555758576571,S,0.00026921096451334244,S,6.581178487516807e-05,S,8.41216160314729e-05,T,0.001440846732705321,S,0.0003312605959100474,T,0.001612744064421449,T,0.0014131279012874942,S,0.00021094339309780672,S,0.0004815011567097097,S,0.00030007186478230144,S,0.0007409530350648499,S,0.0007409530350648499,S,0.001112491907382449,S,0.0010814527594564857,S,0.0002001933521306501,S,5.9264552211819044e-05,S,0.0002978012691040285,S,0.00034312551073112634,T,0.0028822626149144484,T,0.0028822626149144484,T,0.0028822626149144484,S,0.000589326652352676,S,0.0006622571515715567,0.000719358966853815,0.09254367451622807
524,I,M,0.001458594170631089,I,0.0006809442033412419,I,0.0008366222389652027,F,0.0009825448985379803,S,2.5739865121762597e-05,A,0.0007815148066228035,V,0.0031554815328233596,I,0.0012610066461797961,S,0.00010160680966162612,S,9.806969996323044e-05,F,0.0009825448985379803,S,2.5739865121762597e-05,F,0.00014651648629406685,S,2.5739865121762597e-05,S,2.5739865121762597e-05,S,0.00011526748898197449,V,0.000604439501015585,S,0.00041670037898610524,G,0.001425226285883395,S,0.00047321387602957326,I,0.00777318353322648,I,0.000684687516097498,V,0.0006730830673625489,A,0.001216204045570059,I,0.0007100450957866328,I,0.0007100450957866328,V,0.00011345414812801509,I,0.0008227760355707579,I,0.0014309126084272685,I,0.0010062725127445006,F,0.0003259830755069445,F,0.0014053301638873228,I,0.0017063115322334286,I,0.0017063115322334284,I,0.0017063115322334284,I,0.000814769036334649,I,0.000478074016973777,0.0009974867008390657,0.12832408968285747
525,G,S,0.0018994080229827158,S,0.001426158762047148,S,0.0008458755819333829,G,0.0002884017938371206,G,0.00019787237106248492,G,0.00010712857155657894,G,0.0004021808908798639,S,0.0005591233902293588,A,0.00777318353322648,A,0.00777318353322648,G,0.00025891988110471873,G,0.00019787237106248492,G,0.00016446298801673964,G,0.00019787237106248492,G,0.00019787237106248492,G,0.00028868881897106387,G,0.001027328799180384,A,0.0014539894359700558,G,3.4452780744143654e-05,A,0.0014018003573696373,S,0.0013889797965593277,S,0.0011577371202015517,G,0.00024962488245128814,G,0.00031496051464266353,S,0.0035920717879296808,S,0.0035920717879296808,T,0.0007590643918257236,G,0.0004065886914987669,S,0.0014635039392900805,A,0.00777318353322648,G,0.0006324148773059536,G,0.0005199205542014433,T,0.00777318353322648,T,0.00777318353322648,T,0.00777318353322648,S,0.000557553191204857,S,0.0032698487982210354,0.0020403473268025343,0.26248541772892253
526,A,V,0.00025478835083060143,A,0.00777318353322648,F,0.0009831208891804214,Y,0.004154304223221812,H,0.0022946107034887346,Y,0.00041090769834214254,A,0.00548700253716144,S,0.0021607648803905768,H,0.0016806322831115226,H,0.0018782356326483957,Y,0.0054941060745053874,H,0.0022926601173333403,Y,0.004297528602998097,H,0.0022946107034887346,H,0.0022754002452003677,H,0.0016682601531812175,S,0.001645005507631308,Y,0.001386033967357474,Y,0.00029487374859325473,Y,0.0014162345057540937,N,0.004055176933533814,A,0.005936725428594228,N,0.0022956403809992125,Y,0.0004722602217004004,A,0.006793678963012712,A,0.006793678963012712,A,0.00777318353322648,A,0.006982438955403679,S,0.00019690323723565097,S,0.0005074171286134624,S,0.0017296296955412768,Y,0.001267453554746699,C,0.003287230994267979,C,0.003282551754172796,C,0.0032858380288924615,G,1.6463043122544084e-05,G,0.0002901338480886045,0.0028407748384272997,0.3654583513028356
527,P,P,0.0007663173487610948,P,0.0010104369979963086,V,0.001027328799180384,Q,0.00649455316872539,R,0.00013420229678780325,M,0.0039002544314896766,I,0.002496911148505045,P,0.00070851601039978,R,0.0004151474570032837,R,0.0003685718151672548,Q,0.00649455316872539,R,0.00013420229678780325,Q,0.007212709200303812,R,0.00013420229678780325,R,0.00013420229678780325,R,0.00014151454945825328,L,0.001845723601595637,I,0.0020914418368608396,M,0.0016534483845124645,I,0.0020914418368608396,Q,0.0008565920844877156,P,0.0009803304586299866,T,0.001027328799180384,M,0.0036493897426720817,P,0.0024227339804600762,P,0.0024227339804600762,P,0.002890809349720748,P,0.00244057994213132,P,0.0011285649584809438,L,0.0015415954633428315,R,0.00032839669788962907,R,0.001027328799180384,P,0.0012655403158448454,P,0.0012655403158448454,P,0.0012655403158448454,P,0.0023290456858799415,A,0.0024187507239090784,0.0018517967718015241,0.23822887545186824
528,T,V,0.006008534113979221,V,0.006779222644226933,L,0.001027328799180384,I,0.002676040608195645,V,0.0006407224017425612,M,0.00023393562303950064,A,0.001027328799180384,T,0.0027925673667252527,I,0.0006894830027684738,I,0.0006803161467705366,I,0.002676040608195645,V,0.0006407224017425612,I,0.001181183693643257,V,0.0006407224017425612,V,0.0006407224017425612,T,0.0006371576971424197,V,0.003440218037368116,L,0.0009979661477190706,M,0.0025167527752629694,L,0.0008695026108151728,M,0.0005211748646540786,V,0.004807171043995686,M,0.0010499679424602402,M,0.0014945845355732838,T,0.002309414917065923,T,0.002309414917065923,V,0.004961903924991164,T,0.002832690254623804,T,0.0015328271643725532,T,0.004818970992588043,I,0.00021250376182409644,I,0.0006419380060389822,T,0.004426711861126211,T,0.005249697548426344,T,0.004426711861126211,A,1.4046254507807347e-06,L,0.00021526608960539004,0.002124562772761404,0.2733195175027012
529,I,M,0.0024105181283793986,I,0.0023774684713877402,S,0.0018179127711719539,S,0.005063172853755701,A,0.000501896295528647,G,0.0027328309477199107,V,0.006437673051184607,I,0.0009503314812686332,A,0.00010214492338943051,A,0.00046900286287761034,S,0.005063172853755701,A,0.0005018962955286472,S,0.005054907578797627,A,0.000501896295528647,A,0.000501896295528647,S,0.003994922231375677,M,0.003837533660413099,L,0.0019085229964799384,I,0.002904642472329031,L,0.0018746053582683706,N,0.00777318353322648,I,0.002666340397031192,L,0.0015349050431806765,I,0.000949622373537427,I,0.002284433045835717,I,0.002284433045835717,M,0.0020521802424603203,I,0.0031308624489596367,I,0.0013257126380103164,I,0.0005504031013408048,T,0.0030226879363325888,S,0.007169732937601577,I,0.002308357151531575,I,0.002308357151531575,I,0.002308357151531575,I,0.0008627759830522808,I,0.0013223432207763184,0.002509773925039048,0.3228759380646317
530,L,L,0.0012418895366299529,L,4.715704314593709e-06,L,0.0005195286770544849,V,0.003732409595024024,A,3.345112120847329e-05,A,0.0016857001872389594,V,0.0035717677549942936,I,0.0003092225933395371,T,0.00037687910986979544,T,0.00036587007368349617,V,0.0036810210247592793,A,3.345112120847329e-05,V,0.0036810210247592793,A,3.345112120847329e-05,A,3.789473747208474e-05,A,0.000493605747824099,V,0.0023189432764212574,T,0.001027328799180384,P,0.0007889721343561188,T,0.001027328799180384,L,0.0004830582613187737,L,0.00045654794822251577,S,0.0029312034622636252,S,0.002038469224158031,L,0.0021143501516020214,L,0.0021143501516020214,L,0.0006562198239375352,L,0.0008239193946655323,I,0.00024882262002410275,L,0.00021661927804740133,I,9.783184031006455e-05,M,0.0006028508162409915,L,0.00041935818406964293,L,0.0005555583755610135,L,0.00041935818406964293,F,0.000521408946777672,L,0.00060737692008227,0.0010884258303427107,0.1400231739917414
531,V,M,0.0016787739786888218,V,0.000127085916490997,V,0.000788761885540779,L,0.00028811508988353787,L,0.0001870479604035111,T,6.476869822397115e-05,I,0.0023790618814721657,S,0.0005684333373415028,L,0.001120944098242175,L,0.0010198381193773176,L,0.00028811508988353787,L,0.0001870479604035111,L,0.00032943055136582926,L,0.0001870479604035111,L,0.0001870479604035111,L,0.00017484408939872178,V,0.0015370721997843392,T,0.001464617239477256,T,0.0001817264158073282,T,0.0014856167319584085,I,4.341126466838357e-05,V,0.001027328799180384,V,0.0006165916678688043,T,2.2205530866945064e-05,I,0.0022909101646519645,I,0.0022909101646519645,L,0.0007343383695292822,V,0.002104594937014784,S,9.490529578699861e-05,L,0.0012386608135680215,L,0.0006968066915264729,L,0.000785828246665273,S,0.000682556691770408,S,0.000682556691770408,S,0.000682556691770408,T,7.282198873953335e-05,S,0.001397766571718652,0.0008029769661162008,0.10330091431443436
532,H,H,0.0013410822904588963,H,0.00035569696501177905,T,0.0008029999639118635,Q,0.0018566530424882683,Q,0.0012225896466231637,T,0.0009477520030548463,A,0.004886729727959647,Q,0.0009818598141030238,Q,0.0012481550630041988,Q,0.0012509582702910145,Q,0.0018566530424882683,Q,0.001238024421961652,Q,0.0020916491614386195,Q,0.0012225896466231637,Q,0.0012225896466231637,Q,0.001146882895017491,N,0.001988429726484939,T,0.000813298198924935,T,0.0012177025625927608,T,0.000813298198924935,T,0.0015358037726405601,H,0.00034625556160854766,V,0.0026467515289762857,T,0.0009563408057896592,H,0.0003834502011396936,H,0.0003834502011396936,H,0.000506887604480937,H,0.0002857719968507054,Q,0.0010270163083804316,S,0.0029574507780786995,Q,0.001180045184023865,Q,0.0005048938893660534,Q,0.0011603248955043143,Q,0.0011603248955043143,Q,0.0011603248955043143,N,0.0015375480949113161,T,0.001027328799180384,0.0012774476675963893,0.16434034551428486
533,A,A,0.0005760397099368609,A,0.000114576747553989,A,0.0005552132918282087,P,0.0010893139874681298,P,0.0018268733508070626,C,0.0010268266964189928,L,3.6159225568399175e-06,V,0.0029169383588526334,P,0.0026770544103768648,P,0.0022721485154653573,P,0.0012719533693551284,P,0.0018268733508070626,P,0.001115574562710121,P,0.0018268733508070626,P,0.0018268733508070626,P,0.0007940706723294736,A,0.0026414877073387523,S,0.0021336279091304254,C,0.0012158523743659446,S,0.002134162137008689,C,0.0002437493374048584,A,0.0002666563606426741,S,0.0007876895830855787,C,0.003433233219876969,F,0.001006996839233643,F,0.001006996839233643,A,0.00028833538026536696,A,0.0002843183792967234,V,0.0018335440670107705,V,0.0005421012970736755,P,0.0027141058125441787,P,0.0013483976903696548,I,0.0004681028073406198,I,0.00029890490267521204,I,0.0004681028073406198,A,0.0011812818157588571,A,0.0004676608267051552,0.0012563818308589966,0.16163027998613327
534,Y,Y,0.0018189246850369494,Y,0.0018167887466045832,Y,0.001937632713021891,-,,-,,L,0.005566913250727951,E,0.004259428492624615,Y,0.005652321629782092,-,,-,,-,,-,,-,,-,,-,,-,,-,,W,0.0062340322450498715,L,0.00436155770688455,W,0.006198175995340438,L,0.005499220572739377,Y,0.00024755513189247806,L,0.004392919590957481,L,0.004514443395965917,Y,0.002491926807973314,Y,0.002491926807973314,Y,0.0019511849109749868,Y,0.001554672844986839,Y,0.006356460793612756,E,0.0011713572501746636,-,,-,,Y,0.004593000865256961,Y,0.004632833949262854,Y,0.004628944027591165,-,,-,,0.0037441919279288653,0.4816806282682396
535,-,A,0.0009581799584989096,F,0.003744597572851424,L,0.00028353122867060844,I,0.0031541727321836638,I,0.0027168471404750926,-,,L,0.00017725770091085892,F,0.0018041633666754156,I,0.002205033305929011,I,0.0025414767133712913,I,0.0031553317047529187,I,0.002716847140475093,I,0.0030842156994505287,I,0.002716847140475093,I,0.0027168471404750926,I,0.0021306182962151205,F,0.002981944172089396,-,,V,0.001027328799180384,-,,-,,F,0.003931887500580699,-,,-,,C,0.001027328799180384,C,0.001027328799180384,-,,-,,F,0.0010514865273833695,L,0.0006423315829637827,I,0.0011094157397687153,I,0.0019444617506903415,F,0.0035249067985462018,F,0.003528391570997038,F,0.0035249067985462018,-,,-,,0.0022010253955747046,0.2831562365878047
536,F,G,0.0036067270672663267,L,0.0001342185101123169,Q,0.0001914583625241001,L,7.301891153615252e-05,L,0.00032390629495233675,V,8.733949713449607e-05,S,2.0459361693199163e-05,T,0.0018061539752241627,L,0.000715844160973858,L,0.00010612607271875274,L,7.320788462756518e-05,L,0.00032390629495233675,L,8.118434063707664e-05,L,0.00032390629495233675,L,0.0003239062949523368,L,0.000358393890059177,F,0.0020735803918585623,L,0.0003613899932080395,G,0.00041320228573521597,L,0.000426231323788101,I,0.00020996972523346303,L,9.872220613445595e-05,V,0.00114112637456997,V,0.0001781877384836941,V,0.002086810833481314,V,0.002086810833481314,A,0.0027638434296515424,F,0.0007432020960307299,T,8.152105013479909e-06,S,0.00029795101995368765,L,0.00013942842915816257,L,0.0001810516485266342,A,0.004347772721900097,A,0.004347772721900097,A,0.004347772721900097,Y,4.589095992904635e-05,Y,0.0007421830449289608,0.0009619137788968431,0.12374772508395586
537,F,V,0.00018241330608083562,V,0.0003671224615745611,T,0.0004766698229829537,T,0.0003857654764577988,T,8.907298371711017e-05,G,0.0021608687790729796,I,0.0032913186875014365,L,0.0012481037121842775,M,0.0019698133032615304,M,0.0019698133032615304,T,0.0003857654764577988,T,8.907298371711017e-05,T,0.00042889223787419435,T,8.907298371711023e-05,T,8.506566737523404e-05,T,0.000608426787904491,L,0.0035120945726088426,A,0.004526408131136472,-,,A,0.004827429926445546,V,0.001027328799180384,I,0.0008419860500856212,G,0.0014906462356861255,G,0.0014342034691935505,F,0.0018837192238980848,F,0.0018837192238980848,F,0.0011194268506216222,F,0.003700197957721407,L,0.0003169082091608283,L,0.0021992378605526263,T,0.0006263949898599178,S,0.0005022624497837949,L,0.002739425114687505,L,0.00248337151119353,L,0.002739425114687505,C,0.004321642155734483,C,0.0035079941582340534,0.0016530855549308594,0.21266519024859554
538,-,T,0.0006402614751197327,A,7.075129757258936e-05,E,0.00021152867763960643,-,,-,,-,,P,0.00044478017273017433,P,0.00033965007977255015,-,,-,,-,,-,,-,,-,,-,,-,,-,,-,,-,,-,,-,,A,0.001232854327853397,-,,-,,S,0.0003879622631513441,S,0.0003879622631513441,-,,-,,P,8.658593458501227e-05,P,0.0012895544696765637,-,,-,,A,0.001366753308482804,A,0.001366753308482804,A,0.001366753308482804,-,,-,,0.0007070885297462096,0.09096511445069566
539,V,N,0.0024328223794347543,N,0.003979363590097103,I,0.00777318353322648,L,0.0016891592170505793,M,0.0019663699604529077,V,0.0034816093536747797,N,0.003069860087993609,N,0.0032286601900036534,L,0.0019153819117780748,L,0.0019884407138086742,L,0.0017126591250911502,M,0.0019663699604529077,L,0.0021477616120888013,M,0.0019919950778581547,M,0.001962551102333441,M,0.00218480284700258,V,0.0017188477374769425,M,0.005006078420758475,M,0.0036590696003185753,M,0.005115322294360507,A,0.001027328799180384,N,0.003018325007683751,M,0.004116177563629585,I,0.0041548311361248235,D,0.0018302762874470339,D,0.0018302762874470339,T,0.00463473648278635,V,0.004373430217886186,N,0.0037472866273464195,D,0.0008797465355163437,L,0.0010230092608876323,M,0.002131630043806643,S,0.004789043663897781,S,0.004775577924758662,S,0.004789043663897781,M,0.0021266866235247366,M,0.004144100941537089,0.003037346372503253,0.39074677183680445
540,T,P,0.0007523136016815327,P,0.0006738645378270865,L,0.0012555778059714561,D,0.0014466405801520708,D,0.0015086319166146155,E,0.0006027535272099721,S,3.6250560209931836e-05,S,0.0002017030390520263,D,0.003068038643705936,D,0.002990851692028936,D,0.0014413081586699566,D,0.0015086319166146155,D,0.001465583111280802,D,0.0015086319166146155,D,0.0015086319166146155,D,0.001306586796943306,T,0.000258569895763463,G,0.0010075160648683435,E,0.0003608899674714939,G,0.0010075160648683435,G,0.00021673607855235048,P,0.0012095152915937326,G,7.260040134205578e-05,E,0.0006097562688986948,Q,0.00035665191531107513,Q,0.00035665191531107513,A,0.0029588136417840073,T,0.000706354211435905,S,4.882579754791415e-05,S,0.0005699062681121507,G,0.001027328799180384,D,0.0015293022135880747,P,0.00023511983015048096,P,0.0002478909974298682,P,0.00023511983015048096,A,0.0008598140300087162,G,0.0008061953655894486,0.000971812826220258,0.1250212119739928
541,N,-,,V,0.00023783516585485425,E,0.005031464243839286,V,0.007169714715976314,I,0.0028885721249146826,E,0.003271147173165415,T,0.00637577841087159,-,,V,0.004130139545060193,V,0.004671185170196818,V,0.007149124053190684,I,0.0037944383365078604,V,0.006160979372749162,I,0.0028885721249146835,I,0.0028980542221584715,I,0.000630617421852535,N,0.0022134909744189984,N,0.0033323589199321267,E,0.005135278826331406,N,0.003334011849662719,E,0.0026227315508557556,V,0.0008002697720275782,D,0.004721057200456665,E,0.004621163218581192,-,,-,,N,0.0015265673193634562,N,0.0015416373982244697,-,,T,0.00586885318963992,E,8.679172557478526e-05,I,0.004418058418588342,-,,-,,-,,N,0.0011054163364564564,K,0.0006926502968166311,0.0034247572095925187,0.44058617617265705
542,P,M,0.001506456793684733,-,,N,0.0009332821786860858,P,0.001949964390564112,P,0.0006633723867355379,F,0.0006381188497067249,I,0.002420020647956223,-,,P,0.0008236827609471065,P,0.0006734601929448547,P,0.0018800967330612197,P,0.0006633723867355379,P,0.0018966004361500575,P,0.0005788598956903638,P,0.0006633723867355379,P,0.0003961025849761151,P,0.0007001489081583662,V,0.001589136819275705,F,0.0005570555706650677,V,0.0020967535237142823,F,0.0001069111949898759,-,,I,0.001524300420096665,F,0.0008332060108751269,I,0.003813739351885095,I,0.003813739351885095,P,0.0008724204006772556,P,0.0012044318548731865,-,,-,,P,0.0007709615742866875,P,0.0016071504828552882,-,,-,,-,,N,0.0016989372119649263,D,0.0007806636862017536,0.0012984937581716756,0.16704787074964367
543,I,N,0.0009557009303753609,N,0.0013549394962851108,L,0.0007435530862621007,L,0.001608011387628376,F,0.002648819532760208,I,0.0010567782204842135,H,0.0005266513169098405,T,0.00777318353322648,F,0.0009108495499374799,F,0.0008945637352619276,L,0.0016036145144369082,F,0.0026525391529400714,L,0.0015895122655961804,F,0.002657335398102363,F,0.002648819532760208,F,0.0006378060163202723,I,0.002021834370094564,A,0.001195887928544763,I,0.0003007853220227135,A,0.0019335465325003131,I,0.0002359240753687929,N,0.0016546112349648582,I,0.00022795870845343462,I,0.000748839207617741,S,0.0017506260828609958,S,0.0017506260828609958,I,0.0012665287872006047,I,0.0012797969435846069,T,0.00777318353322648,I,0.00048319241475411264,L,0.0008893273296974597,F,0.0005105821962061527,I,0.0006497818628187859,I,0.0006497818628187859,I,0.0006497818628187859,L,0.0024238173188488826,L,0.001686868953765385,0.0016309718994680085,0.20982032554569408
544,T,K,0.00013684066970321627,K,9.225124484721204e-05,T,0.0004620919710383907,P,0.001516449850419054,P,0.0011425195898648475,S,0.0012530220634078804,H,0.0023513168781640367,E,2.274326983532865e-05,P,0.001139119627613467,P,0.0008345339502476686,P,0.0015022902521493753,P,0.0010987718116254976,P,0.001438360100076861,P,0.0011425195898648475,P,0.0011425195898648475,P,0.0004793134534520346,T,0.0012530728381454294,T,0.0006467774601415732,S,0.0008182650946235578,T,0.0005901714114666186,S,9.10743794065589e-05,K,5.1105598213922354e-05,T,0.00027929593620541223,S,0.0007925296444254438,V,0.0008997233322319945,V,0.0008997233322319945,T,0.0011271786396345976,T,0.0023679883593324172,E,8.679059564360353e-05,D,0.000779409736660961,P,0.00012062994727064482,P,0.0011157244335294966,E,0.0015270287210049202,E,0.0014673953604790156,E,0.0015270287210049202,T,0.0014756957325780173,T,0.0014367596179285453,0.0009488657514684919,0.12206913003051638
545,K,E,0.002306031659503935,E,0.0015126978813493127,Y,0.0018920051636763739,H,0.0001609031353209153,H,0.0005620716355863478,K,0.0006187562837703301,R,0.0018427964151776371,R,0.00777318353322648,P,0.0003241463845667483,P,0.0005111545685914349,H,0.0001609031353209153,H,0.0005620716355863478,H,8.00887278203996e-05,H,0.0005620716355863478,H,0.0005620716355863478,P,0.0009646754633971155,K,0.0006362015576520831,K,0.0006294051829841455,I,0.0001320610640557424,K,0.0014191550677924772,K,0.0018086283108608037,E,0.000257795454741638,K,0.0002535395017520929,H,0.00264307871480858,Q,0.001422901592619284,Q,0.001422901592619284,K,0.0015329440010799903,K,0.0019514213154101792,R,0.00777318353322648,R,0.003267813193700016,H,0.000217426282514186,H,0.00015612636853580084,K,0.00010768824651755457,K,0.0001155941202566253,K,0.00010768824651755457,K,0.0020470172119790757,K,0.0011612254475983719,0.0013367412135483502,0.1719683071722736
546,E,A,0.0005348113108571391,V,0.002618367794863439,E,0.0002220484762031484,H,0.0023615591697785966,D,0.003644084227991291,E,0.00022818016078278756,T,0.001027328799180384,T,0.0001310509382972758,H,0.0009013802545744293,H,0.0009013802545744293,H,0.0023736715180389485,D,0.003644084227991291,H,0.0016549062469068433,D,0.003644084227991291,D,0.003644084227991291,H,0.0003731742027764058,E,0.0002799199074048331,D,0.0016820131089130025,E,0.0001394621690726639,D,0.0024201269435130297,E,0.00020390216864730776,A,0.001027328799180384,F,0.0008296912913986912,E,0.00016320146283968127,N,0.0010506192529856683,N,0.0010506192529856683,E,0.0008918278413351905,E,0.00025641366150844555,T,0.0009864258570638636,A,0.0014135300188104958,E,0.003416656822282658,H,0.0005331029000543035,P,0.0007577637560757945,P,0.0007577637560757945,P,0.0007577637560757945,Q,0.0004861054780140928,E,0.0007983575936425718,0.0012920754550453765,0.16622217261722932
547,A,M,6.014913418875144e-06,L,0.0001744406916137305,S,0.001485304567210144,I,3.5789305735467195e-05,I,0.00022347654397108553,T,0.001605425966917155,R,0.0007899815417091618,V,0.0003264075632397405,V,0.00012574895023710305,V,0.0001741380839372882,I,3.5789305735467195e-05,I,0.00022347654397108553,I,5.737282201779264e-05,I,0.00022347654397108553,I,0.00022347654397108553,I,0.0012411509058909281,V,0.0024091455681982295,A,0.0003746821326354959,T,0.000864857820404439,V,0.0003685641814023215,T,0.0003959844938011461,L,0.0002983935902028968,E,0.0021442307013177773,T,0.0011018447274554724,L,0.00010215552455761207,L,0.00010215552455761207,A,0.0028698106109258537,A,0.0011298363579623281,V,0.001551302105652066,T,0.000995913736093247,I,3.584645526378253e-05,I,0.00012363327289399785,V,0.0014282658063445141,V,0.0014379583015160817,V,0.0014333877715966188,D,0.0029061619418254115,D,0.001752573091618705,0.0008318425543181838,0.10701439773838763
548,L,D,0.00230357430796549,H,0.0022362008674289245,A,0.0007468379260995248,L,0.0001368666186543656,L,0.00022350487123703447,F,0.00439289074689514,I,0.0006583353154545965,V,0.000627338390496862,L,0.00022241229149013009,L,0.00022241229149013009,L,0.0001368666186543656,L,0.00022176227872020005,L,0.00021025947074310023,L,0.00022350487123703447,L,0.00022350487123703447,L,0.0001343220939039559,L,0.00020844995694744412,F,0.0018401116043713975,F,0.0039710512228895226,F,0.0018059710436821115,F,0.001122629022454765,H,0.000903765492999024,F,0.002500331403525601,F,0.006472955987881828,E,0.003976208432076814,E,0.003976208432076814,L,0.0002847266877980236,L,1.0425323367024624e-05,V,0.00019881539316519593,F,0.002674306917700065,L,8.737135460985323e-05,L,0.00012733813349261977,I,0.00291024624976892,I,0.00291024624976892,I,0.00291024624976892,L,0.00014939410351059914,L,0.00023565670980254472,0.0014107310757666455,0.18148691198869477
549,D,V,0.00031110931583722265,Y,0.00024877037445218366,A,0.00295758781775829,Q,0.0005635343198797324,K,0.0005329519080516659,E,0.0021042599369811067,D,0.003430299356473899,E,0.003402572175640395,Q,0.001027328799180384,Q,0.0007176013298783291,Q,0.0004037202639554676,K,0.0005281583750634273,Q,0.001074036774923787,K,0.0005264492019479587,K,0.0005329519080516658,K,0.0004403550244504402,E,0.004016899427505566,D,0.006157688607759034,E,0.0018623152520749037,D,0.006166895706729158,E,0.0002761941554707935,Y,0.0011922774804719012,E,0.0016738730166300226,E,0.002699094579155008,T,0.004823019485168418,T,0.004823019485168418,E,0.004417071936018744,D,0.004303339825177095,E,0.0028141947278654774,D,0.0033749484132729445,Q,0.0007259028376330823,Q,0.0005343147631838211,E,0.003278966687644295,E,0.003147080420838956,E,0.0032839284129606927,E,0.005117285212267378,D,0.007102180477087233,0.002448437237638079,0.31498513153230356
550,C,L,0.000104315768946948,L,0.0016089263189917045,Y,0.0025705065520330913,E,0.0001699650785263501,E,0.0014387817683713827,W,0.007103353947339205,-,,N,0.0025844300604262664,E,0.00011051788989107953,E,0.00028852724552606856,E,0.0001699650785263501,E,0.0014387817683713827,E,0.00022893711930910968,E,0.0014387817683713827,E,0.0014387817683713827,E,2.066775331409659e-05,Y,0.00578166198757005,W,0.007088339857104858,W,0.007175358984624419,W,0.005834011500257991,W,0.00777318353322648,L,0.0009298341302561179,W,0.0053008712191492365,W,0.006137742956875218,L,0.00083447363526885,L,0.00083447363526885,F,0.0007963797630877658,C,0.0003779842179157995,N,0.0031044017949954134,-,,E,0.0005336799101470582,E,0.0002073112141696963,V,0.007703049222424585,V,0.007703049222424585,V,0.007703049222424585,-,,-,,0.0029252756331365863,0.37632916045690845
551,-,-,,-,,-,,I,0.0007357590545886255,-,,M,0.0029838494132553113,-,,-,,-,,-,,I,0.0007357590545886255,-,,I,0.0008247166548318816,-,,-,,-,,L,0.0020602522574130933,V,0.0005746469254202362,L,0.0034176595628137973,V,0.0005746469254202362,M,0.0034599317516109656,-,,L,0.002434138726516533,L,0.002076743086064722,-,,-,,L,0.0006714554233119303,-,,-,,-,,-,,I,0.002204724867610429,-,,-,,-,,-,,-,,0.0017503295156497223,0.2251753748213891
552,-,-,,-,,-,,I,0.0004784155674846879,-,,-,,-,,-,,-,,-,,I,0.0004785514616656806,-,,I,0.0004784155674846879,-,,-,,-,,F,1.4472630478057646e-05,-,,-,,-,,-,,-,,-,,-,,-,,-,,-,,-,,-,,-,,-,,D,0.0008444594921619011,-,,-,,-,,R,0.00012602748384641125,K,9.569847496568487e-05,0.00035943438258387306,0.046240305667230225
553,L,D,0.0020532524926468437,-,,V,0.003044549976140893,-,,V,0.005599287603663209,-,,-,,V,0.0025412868555498877,I,0.00011383412655031875,I,0.00014630057888891362,-,,V,0.004820411183016222,F,0.002219533235151538,V,0.005599287603663209,V,0.005599287603663209,V,0.006456176749977649,S,0.0010883079408805542,-,,M,0.0009423646760391484,-,,I,4.506224343165695e-05,-,,-,,-,,S,0.0016095395197496557,S,0.0016095395197496557,Q,0.0009028486776145423,L,0.00012366306003905748,V,0.002105964851666474,-,,I,0.00015200878175842262,-,,M,0.0022559577802270074,M,0.0022518051092038204,M,0.0022518051092038204,F,0.003157049293579118,F,0.002231312994086283,0.002356817502645645,0.3031984890838389
554,E,-,,E,0.0027276045201505197,N,0.0028750034621773148,-,,D,0.001273173323197062,I,0.0026479531641405295,-,,F,0.00777318353322648,D,0.0012492896123521443,D,0.0006160358829211386,-,,D,0.001273173323197062,-,,D,0.001273173323197062,D,0.001273173323197062,D,0.0008036143230777819,N,0.0027339876530096613,A,0.0013367788003150513,-,,A,0.0013029041956822086,N,0.0015118649995196284,R,0.002642850438017846,T,0.0011072533267248875,M,0.0026176930422420687,Q,0.001747000864671798,Q,0.001747000864671798,-,,E,0.00032660918253842535,Y,0.0005508780539869102,-,,D,0.000972837406306029,-,,Y,0.00232663089521063,Y,0.00232663089521063,Y,0.00232663089521063,S,0.0030757715432317228,S,0.0011188235749131196,0.0019127687293677572,0.24607276043227663
555,E,-,,N,0.0025403407490727464,S,0.0030692950320822987,F,0.00023850185401267182,F,0.0005383171898953349,N,0.00031395910891134955,H,0.00020330562318130493,G,0.0005966953999850287,F,0.00021937904315067174,F,8.67476252957479e-05,F,0.00023850185401267182,F,0.0007506327578427588,-,,F,0.0007486689311174144,F,0.0005383171898953349,F,0.0009702089665820536,K,0.00021040146200437582,T,0.0021076284029034513,N,0.00036986983504452104,T,0.0021579493815050586,-,,N,0.0006463429139423008,N,0.0011759501107140666,N,0.0004957507190436314,H,0.0006567843195264562,H,0.0006567843195264562,D,0.00159866675348315,E,0.0007364099776433574,G,0.0005369372218969211,R,0.0010577036971601641,F,0.0012588104713266415,Y,0.002975263851573007,K,0.0015547156642464078,K,0.0015547156642464078,K,0.0015547156642464078,E,0.0005129804534100776,T,0.0010427370526909306,0.0009974702723873875,0.1283219762049487
556,Y,T,4.64540028171058e-05,Y,0.00023530027976287137,V,6.360150338267664e-05,P,0.00026831265093189756,P,1.5026421014487702e-05,E,0.004520585968043461,R,0.00020510733034691662,Y,0.002364500267956651,P,0.00019493426995019475,P,7.725571898971849e-05,P,0.00026831265093189756,P,1.502642101448842e-05,P,0.0002735760913920201,P,1.502642101448842e-05,P,1.5026421014487702e-05,P,0.000442882447392331,Y,0.00027684338345033754,E,0.003708536755575286,D,0.0057856607487867225,E,0.0038161733531144972,E,0.0019675080626869266,Y,0.0002171486561489207,E,0.005622881947686752,E,0.004114578508642913,R,0.00016618255299514286,R,0.00016618255299514286,S,9.260522937972982e-05,Y,0.0004234389183823012,Y,0.0016309005916398602,R,0.0011194516335224665,P,8.98793360419345e-05,P,0.00017281519792148917,Y,0.0009331349301116655,Y,0.0009361393250938583,Y,0.0009331349301116655,Y,0.0017589745035866977,Y,0.0005608180112338309,0.0011760518377044277,0.15129603368779254
557,P,H,4.137856870083774e-05,H,0.00021758025426214602,P,0.0004329247292524522,S,0.0014484032566957092,S,0.001773689240432004,P,0.0003984847269496423,H,0.0003365725222006715,H,1.191369483665683e-05,S,0.0008179481525490429,S,0.0006018282035910547,S,0.0016224490077466616,S,0.001773689240432004,S,0.0017228134510849818,S,0.001773689240432004,S,0.0017128436742505162,S,0.0011125169577640456,P,0.00073470160097551,P,0.0018415746306071935,P,0.0004115981458428136,P,0.0026108414011883816,S,0.0003979842131899465,H,0.00018049756771278022,P,0.00141287008528721,S,0.00015014182385711503,Q,0.0015861337148623737,Q,0.0015861337148623737,P,0.0018318368157068307,P,0.0036272924197981956,H,0.00016237484805486994,H,8.303583628109143e-06,S,0.004233915921699545,S,0.0019890968785338,H,0.0004027926848895845,H,0.0004027926848895845,H,0.0004027926848895845,P,0.0010033941581021135,P,0.0007677982101187804,0.001122799802969652,0.14444529685556032
558,N,D,0.00033198666421023644,D,0.0008999773974010352,P,6.626127248049511e-05,R,0.001153654625465963,K,6.521701478982141e-05,L,0.0038857775212522597,K,0.0007111020914144923,N,0.0013013675809232716,K,0.00023825720843238365,K,0.00023825720843238365,R,0.0007339881030129904,K,6.521701478982141e-05,R,0.0011975544286955298,K,6.521701478982141e-05,K,6.521701478982141e-05,K,0.0008081019968202154,D,0.0009991092201414046,P,0.0001271631384728802,L,0.0004264317195794966,K,0.0001647820558297742,L,0.0021045540715624537,D,0.0005169736053368069,K,0.0003359908089422103,V,0.000274593761386884,H,0.0002327739023432912,H,0.0002327739023432912,D,0.0002230481382114262,N,0.00010989356177169356,N,0.0012239510838141319,K,0.0006115049345720644,K,0.0013446477433259258,R,0.001058361721158082,D,9.528336270345473e-05,D,6.831563091564835e-05,D,9.016139745135006e-05,A,0.0004966275746629971,S,0.00015529447533903047,0.0006140375666909417,0.07899434820575606
559,I,I,0.004864846050914044,I,0.0069424861062079915,L,0.0008848832256817404,F,0.004049761238628338,L,0.003410873874239375,I,0.003988570537357162,I,0.004194001352291527,I,0.00777318353322648,F,0.0013144312471845118,F,0.00207415480359262,F,0.003959039922203878,L,0.003410873874239375,F,0.0035766456753580983,L,0.003499562193482068,L,0.003414300739044467,L,3.817936509028961e-05,I,0.004665141960906075,I,0.0028636754878560897,I,0.005045701544327516,L,0.0006011868316053333,I,0.0035117406767116205,I,0.005667931671307491,I,0.004503598076771204,I,0.0032187255441764556,I,0.00777318353322648,I,0.00777318353322648,I,0.00434296441662115,I,0.004186955562831061,I,0.00777318353322648,M,0.0006115529202744703,F,0.0036141188680461666,F,0.0009927144843729192,I,0.006119632004383887,I,0.006119632004383888,I,0.006119632004383887,I,0.004362171186101997,I,0.003915768348044073,0.0040858969711223435,0.525640100179955
560,I,V,0.00016263193532887294,I,0.0011060543999652562,V,0.0007960432602667484,N,0.0002929889086505415,N,0.0001231024011741027,V,0.0012090505651651047,L,0.0007075011846914825,L,0.00022440910431050328,N,8.663668953434248e-05,N,8.663668953434248e-05,N,0.00028681406144174626,N,0.0001231024011741027,N,0.00018057938130552312,N,0.0001231024011741027,N,0.0001231024011741027,N,3.926476382998988e-05,I,0.00048467424258270294,V,0.0002579028159861181,V,0.0014505633306666668,V,0.00026102221305079285,A,0.00010677340642086608,I,0.0011069516094621922,L,0.000771275754078936,V,0.0012689802823788326,V,0.00023920974264485457,V,0.00023920974264485457,I,0.0010854244155312897,I,0.0010637178145868676,L,0.00021173198042624428,F,0.001183853847604227,N,0.00010383974276646854,S,0.0012413332057927544,L,0.000479316217411776,L,0.000479316217411776,L,0.000479316217411776,A,0.00017597930016464487,V,0.001096553385289725,0.0005258909738658171,0.06765451653339917
561,R,R,0.001866242434897368,R,0.0047732435474362725,R,0.005782803612608722,G,0.007151423358180201,D,0.00043036668924381855,R,0.0029470320772114382,H,0.0008937299690065319,Y,0.004888886973349966,D,0.00020924037391690023,D,0.001027328799180384,G,0.006903030771980026,D,0.0004115479563389402,G,0.007487601484865578,D,0.00043036668924381855,D,0.00043036668924381855,D,0.001027328799180384,R,0.003277479323594422,V,0.0032618356832004466,R,0.003843578200647607,V,0.0032277671626843884,P,0.0025077468945381006,R,0.0038281547192683474,R,0.004503651838143526,R,0.0047948077998458925,R,0.0025254845010732837,R,0.0025254845010732837,R,0.004785807750692065,R,0.003416447784061387,Y,0.004496178846564931,Y,0.005694136664687261,D,0.001027328799180384,S,0.006381460896858376,Y,0.004701190707170307,Y,0.004701190707170307,Y,0.004701190707170307,K,0.0034010431370383593,Q,0.002289886159478981,0.0034203349462169227,0.4400172634026584
562,W,C,0.0018776940540758214,W,0.0026021731880992898,Y,0.001027328799180384,L,0.0026310621358966845,L,0.0017448105377241001,A,0.002498071108343872,L,0.004479019718527109,L,0.002419111911299691,L,0.001502476517463162,L,0.001886914539361724,L,0.0026310621358966845,L,0.0017448105377241001,L,0.00262065824070979,L,0.0017448105377241001,L,0.0017448105377241001,L,0.00098971570746237,W,0.001027328799180384,A,0.0010490981906605618,A,0.0023316577815328168,A,0.0010490981906605618,A,0.0014859162276174192,W,0.0013898912709364923,A,0.002295212473393304,A,0.00258167158143599,C,0.0012318599369487316,C,0.0012318599369487316,I,0.0021389575690068646,W,0.001027328799180384,L,0.0016250839731858026,L,0.0030196852694263573,L,0.0012234742521428884,L,0.0021683695529249205,L,0.0029845382196646074,L,0.0029845382196646074,L,0.0029845382196646074,H,0.0010704976202203138,P,0.0014436405039686504,0.001959156129610215,0.2520403797537779
563,S,S,8.336151490064072e-05,S,0.00029094796963845005,S,0.00015172146423099726,A,0.0001105337363157388,A,5.6800318560007866e-05,S,0.0002941605078665077,S,8.88148360922878e-05,S,9.523653906864582e-05,A,1.0720098320491504e-05,A,1.0720098320491504e-05,A,0.0001393916948598414,A,5.6800318560007866e-05,A,3.111318254768233e-05,A,5.6800318560007866e-05,A,5.6800318560007866e-05,A,0.00024195521340416687,P,0.00019541285822505684,S,4.4657714420255244e-05,S,0.00029556492115163593,S,4.4657714420255244e-05,S,0.00030997196615762464,S,0.00026028770023362125,S,0.0011729266689745493,S,0.0002710166700381558,S,0.0010414668149014584,S,0.0010414668149014584,S,0.00045040530343938215,S,0.0006560694899500224,S,7.677812450295221e-05,S,4.144267447319333e-05,I,0.0006044247755463412,A,0.0007645249404579676,S,3.642305789144355e-05,S,3.642305789144355e-05,S,3.642305789144355e-05,S,0.000279558719168228,S,0.00028024192109716016,0.0002625952187983682,0.033782197175186296
564,S,S,0.0005653101008868363,A,0.0023846490074553766,G,0.0019107479837221074,S,0.0017939038674774407,S,0.0025007762949846523,S,0.00141724434014512,G,0.0009756248104832986,G,0.0005977317215636323,G,0.004044607284942235,G,0.0050748764289339455,S,0.0017844953264714066,S,0.0025166718902541545,S,0.002301979181999109,S,0.0025007762949846523,S,0.002620371141402495,C,0.00777318353322648,A,0.0018498604458715914,C,0.0006359274900630911,S,0.0004563245616694543,C,0.0006363068555811153,S,0.00014704285472875534,A,0.0022540053837607887,N,9.307144339390531e-05,A,0.0011777094267216366,A,0.0024065422424276216,A,0.0024065422424276216,S,0.0015989291262257456,S,0.0005331014694497568,G,0.0006721152022640047,A,0.00044594934524238433,S,0.001584644951993037,A,0.001027328799180384,G,0.001680347228992949,G,0.001680347228992949,G,0.001680347228992949,S,0.0008139400792503338,C,0.0008688996966444391,0.001767898176021823,0.22743553763589147
565,I,Y,0.0007678132714653661,L,0.00020770702489590615,L,0.0002919861405420751,G,0.0002939403107218108,A,0.0009161467838459396,L,0.0001115623099975344,L,0.0011623599966088718,M,0.0005249478539355746,S,0.00015762205590705595,S,7.71754063791803e-05,G,0.0003001151579306062,A,0.0009168020306654604,G,0.0003107976415783957,A,0.0009161467838459396,A,0.0009161467838459396,A,0.0015179401891548463,T,0.00048140548133370625,Y,0.0005787093286489686,L,0.0001137115129271772,H,0.0008657628387723429,L,6.151727149907856e-05,L,0.00021086540434962428,T,0.00038920316559992133,L,0.0003808151652613755,T,0.0005107575894404115,T,0.0005107575894404115,M,0.0008376179939114627,I,0.0012713330158838933,M,0.001164944376930334,T,0.0016497414740763345,V,0.004734582082686801,G,8.678110941925623e-05,M,0.0013665086267748102,M,0.0013632435569390564,M,0.0013665086267748102,M,0.0008972356815440892,M,0.0008014796770736954,0.000784667332719137,0.10094542723262301
566,I,L,0.000162851443876635,I,0.0002684470595333154,L,0.00011490347067771772,I,0.00031565118192845566,I,5.5941664667715e-05,I,0.0006906765783309026,V,0.0014255353486404027,I,0.0010554688358055172,I,0.0007587883591547391,I,0.0006411960933558261,I,0.00031565118192845566,I,5.5941664667715e-05,I,0.0003140862145071029,I,3.117557747900106e-05,I,5.248581209974933e-05,I,0.00023025468951686827,I,5.6839504936926285e-05,I,0.00043856587169514524,I,0.00017527599336847297,I,0.00043379442824000415,I,0.000345823690477063,I,0.0003189351264955495,I,0.0005219409105591384,I,0.0010599211235441624,V,0.003579872241762815,V,0.003579872241762815,I,0.0004261721752474736,I,7.774160625736252e-05,I,0.0006653545766848999,V,0.0004188972302003361,L,0.002268708009458143,I,0.00013595923312932206,L,0.0004933604932100846,L,0.0005032247588219087,L,0.0004933604932100846,L,0.0008797030394280564,L,0.0007282868077764362,0.0006510990468226034,0.08376221197395893
567,A,L,0.001076705651665964,L,0.0009288699530931538,N,4.9355045768858014e-05,L,1.5065449696250485e-05,L,2.3419404862451067e-05,A,0.0007621587345703347,S,0.0025477224862846064,L,0.0008975645081354633,L,8.482733694630145e-05,L,8.69723771114256e-05,L,3.8064356122950518e-06,L,2.3419404862451067e-05,L,1.8070490465360513e-05,L,2.3419404862451067e-05,L,2.3419404862451067e-05,L,2.8620165246864058e-05,I,0.0001232440921758318,I,4.332210504470089e-05,A,0.0022620441967660812,I,4.332210504470089e-05,N,0.00032384982668645147,L,0.0015165645078793679,F,0.003075969756396734,A,0.0022801562336484493,L,1.3552496139899784e-05,L,1.3552496139899784e-05,V,0.00017517363885981985,A,0.0034139182083071443,L,0.0009055557880732658,S,0.0003368481949239933,L,7.533488097395982e-05,L,1.0949369917282305e-05,L,0.0012717518773542255,L,0.0012717518773542255,L,0.0012717518773542255,G,0.00031576049145615247,L,1.2682038334476306e-05,0.0006851479003480425,0.08814250910445859
568,R,R,0.0,R,0.0,R,0.0,R,0.0,R,0.0,R,0.0,R,0.0,R,0.0,R,0.0,R,0.0,R,0.0,R,0.0,R,0.0,R,0.0,R,0.0,R,0.0,R,0.0,R,0.0,R,0.0,R,0.0,R,0.0,R,0.0,R,0.0,R,0.0,R,0.0,R,0.0,R,0.0,R,0.0,R,0.0,R,0.0,R,0.0,R,0.0,R,0.0,R,0.0,R,0.0,R,0.0,R,0.0,0.0,0.0
569,L,F,0.0,L,0.0,L,0.0,L,0.0,L,0.0,A,0.0,L,0.0,L,0.0,L,0.0,L,0.0,L,0.0,L,0.0,L,0.0,L,0.0,L,0.0,L,0.0,L,0.0,L,0.0,A,0.0,L,0.0,L,0.0,L,0.0,L,0.0,A,0.0,L,0.0,L,0.0,L,0.0,L,0.0,L,0.0,L,0.0,L,0.0,L,0.0,L,0.0,L,0.0,L,0.0,L,0.0,L,0.0,0.0,0.0
570,A,A,0.0015586524754918223,A,0.0008483831503895978,Y,0.000965527520495217,K,0.002208689481105592,R,0.000406805898005422,M,0.0004723349951895653,A,0.000781994434921362,A,0.0010832468701841254,R,0.001027328799180384,R,0.001027328799180384,K,0.0022073742553872272,R,0.000406805898005422,K,0.003473279800607847,R,0.000406805898005422,R,0.000406805898005422,R,3.651889821963019e-05,T,0.00015276456328508365,L,0.00171667952552645,M,0.0007438385319262921,L,0.0017129061719002062,K,0.0018722079161769467,A,0.0007955159787527559,M,0.002655370654851779,M,4.21380384655285e-05,A,0.000688389016272685,A,0.000688389016272685,E,0.0044045776762727225,A,0.0010979490747373,A,0.0008023282330650432,A,0.00024126852386461038,K,0.0011064949955234217,K,0.001606663849978347,P,0.0006680759771946472,P,0.0006680759771946472,P,0.0006680759771946472,Y,0.001027328799180384,H,0.0013540969186155534,0.0011359734726655725,0.14614005546245665
571,D,D,0.001027328799180384,N,0.005751276276568187,N,0.002839118521125582,G,0.0002532041232428581,G,0.0007896799388785446,D,0.0006594614029198343,N,0.004137455279066174,D,0.00039664287130946403,G,0.0007675042209856224,G,0.0007675042209856224,G,0.0006101527422176804,G,0.0007896799388785446,G,0.0007217218197826888,G,0.0007896799388785446,G,0.0007896799388785446,G,1.5320091446875424e-05,D,0.0009577565106529784,N,0.0033229255164869804,N,0.0038480168104909128,N,0.0036059466369469276,D,0.0005436004694099869,N,0.0049285819829997645,D,0.001027328799180384,N,0.004380437381944213,N,0.00777318353322648,N,0.00777318353322648,D,0.0005974316686423978,D,0.000167220049680654,D,7.929364821387827e-05,D,0.001027328799180384,G,0.00028919361770631853,G,0.00020528791912822854,D,0.0003789508634254768,D,0.0003769412614857266,D,0.0003789508634254768,N,0.0015282562951682579,D,0.0002097185140082962,0.0017433768864587933,0.2242809370197844
572,D,D,0.0,D,0.0,D,0.0,D,0.0,D,0.0,D,0.0,D,0.0,D,0.0,D,0.0,D,0.0,D,0.0,D,0.0,D,0.0,D,0.0,D,0.0,D,0.0,D,0.0,D,0.0,D,0.0,D,0.0,D,0.0,D,0.0,D,0.0,D,0.0,D,0.0,D,0.0,D,0.0,D,0.0,D,0.0,D,0.0,D,0.0,D,0.0,D,0.0,D,0.0,D,0.0,D,0.0,D,0.0,0.0,0.0
573,-,-,,L,0.0003006822149936063,L,5.704241608089423e-06,-,,-,,-,,L,0.00017458722032110863,L,0.0001582832897252575,-,,-,,-,,-,,-,,-,,-,,-,,-,,-,,-,,-,,-,,L,0.0002871748354763132,-,,-,,-,,-,,-,,-,,L,0.0001504278684021888,L,0.00016819181675974473,-,,-,,L,0.00016617829666459817,L,0.00016617829666459817,L,0.00016617829666459817,-,,-,,0.00017435863772801032,0.022430788747327807
574,-,-,,G,0.0,-,,-,,-,,-,,-,,-,,-,,-,,-,,-,,-,,-,,-,,-,,-,,-,,-,,-,,-,,G,0.0,-,,-,,-,,-,,-,,-,,-,,-,,-,,-,,-,,-,,-,,-,,-,,0.0,0.0
575,L,L,0.00019157193928693051,T,0.003105050826949885,-,,T,0.0012430813659638517,T,0.001781721829749257,I,6.209518008951008e-05,-,,-,,T,0.001376810590091257,T,0.0013793803094369135,T,0.0011770537441645865,T,0.001781721829749257,T,0.0002238939925077415,T,0.001783419167832698,T,0.0017603144091198953,T,0.0012672384255854882,L,0.0025751012256338317,L,0.0011409469342126175,I,0.0010647286140197249,L,0.0007229146005935091,I,0.0001569701720955937,T,0.0021734591818644454,I,0.0005355664900844302,I,0.0005417078410882004,L,0.0023071507087034865,L,0.0023071507087034865,L,0.0007065887907841058,L,0.0011358007621971955,-,,-,,T,0.001027328799180384,T,0.0015693529961388051,-,,-,,-,,L,0.00026269806485700715,F,0.0004911337190947576,0.0012362742489578915,0.1590434914695422
576,G,G,0.0013575692858715416,-,,G,0.00027005681817741185,R,0.006814065939358318,R,0.005885651269400673,V,0.006332410762013812,G,5.22657063078752e-05,G,0.000919851742209849,R,0.004145278118255901,R,0.0034967174998081457,R,0.006812174452915492,R,0.005885651269400674,R,0.00777318353322648,R,0.005882937769933407,R,0.0058200016114059215,R,0.0015348195856593487,A,0.0028126528401955847,V,0.002961605938612788,V,0.004777348827105813,V,0.0029735999527913965,I,0.0028741439725025195,-,,A,0.004984851197810651,V,0.0053433602707901465,G,0.0028057300431774384,G,0.0028057300431774384,G,0.0004999578968535646,G,0.0024114174697471707,G,0.0006191175186533929,G,0.0010233770466599244,R,0.003770024490946587,R,0.004850501501356168,G,0.0012139375237830228,G,0.0006521264261848878,G,0.0012139375237830228,A,0.0007552130807811509,G,0.0006010201140750226,0.0032266368297980724,0.4150985006343682
577,T,T,9.76267707969188e-05,-,,T,0.0005155604645787383,C,0.001815587839256627,C,0.0012150736040898377,G,0.0001501345205650672,T,0.0005123926919164252,T,0.00046449518146546797,C,0.001973614777356942,C,0.001967127873829533,C,0.001815587839256627,C,0.0012480072842527136,C,0.001815587839256627,C,0.0012150736040898377,C,0.001115880253446258,C,0.001097142543226468,T,0.0013771382876202022,S,0.00041750635350700004,G,0.0008301617516692071,S,0.00041750635350700004,G,0.000443044508874129,-,,G,0.0009513915617941657,G,0.0005706638037223325,T,0.00032244299822992416,T,0.00032244299822992416,T,0.0004766290721194391,T,0.00026972329148287894,T,0.00047498742599730466,T,0.0005336202061559368,C,0.0005542434484334459,C,0.0018069040811197524,T,0.0001420854780761463,T,0.0001420854780761463,T,0.0001420854780761463,T,0.0008695722226429225,T,0.0006970427483512529,0.0008222905895734099,0.10578556212631904
578,S,S,0.00045072618384034034,S,0.00019239457214770283,S,0.0002168804238048111,Y,0.0022346127061396875,Y,9.198532246634564e-05,H,0.0003911482344239951,A,0.002451385844455272,T,6.242647612535552e-05,Y,0.00015259994269200923,Y,0.00015259994269200923,Y,0.0022346127061396875,Y,9.198532246634564e-05,Y,0.0019779983193874847,Y,9.198532246634564e-05,Y,9.198532246634564e-05,Y,0.00016110979910541023,S,0.002189999293503714,H,0.00020430690719531913,H,0.00035412390475841307,H,0.00020430690719531913,H,7.123695890011586e-07,S,0.0004289185791155215,Y,0.0004313484069669347,H,0.0003456853115214523,S,0.0010176939036729126,S,0.0010176939036729126,S,0.0013341830895119509,S,0.0009281987618799112,T,3.179688152968534e-05,A,0.0017930511792305654,Y,0.0003846444354737933,Y,0.0026850303229618133,A,0.0011854470488523623,A,0.0011899260596731805,A,0.0011854470488523623,S,0.00040186625804782764,S,0.0015313290527938005,0.0008078958396437271,0.10393371469879434
579,T,P,0.00020674770554269669,S,5.248112403090946e-06,S,0.00045649573522726493,Q,0.0007987021239863447,K,0.0024570484327578824,E,0.0005212354896632275,Q,0.0010202401822243224,Q,0.0010574546410337278,Q,0.0008067771556836407,Q,0.0008072578329860042,Q,0.0007987021239863447,K,0.0024570484327578824,Q,0.0008990614494322497,K,0.0024570484327578824,K,0.0024570484327578824,K,0.0012095752701897393,S,0.00041811622958338513,E,0.001179191784630043,E,0.0004196645072985027,E,0.001043082573497804,E,0.0012902217214536026,S,1.0663833248104334e-05,K,0.0004250277611273636,E,0.0004136170907470774,P,7.880351940609762e-05,P,7.880351940609762e-05,S,0.00017292323213257112,T,0.002072116886165504,Q,0.0005563137133709251,P,0.0012309405222536767,K,5.111802818807167e-05,Q,0.0006191842689664644,P,0.0026733868182571958,P,0.0026733868182571958,P,0.0026733868182571958,T,0.0002678863330839543,T,0.0021872573895684493,0.0010527239168186342,0.13543021495874438
580,D,G,0.0013096260335607659,E,0.0006557735021178823,A,0.0013950409256690201,A,0.001011376493257875,A,0.0023266403695335175,V,1.102945295793968e-05,H,0.0028515080797654924,F,0.0016051147004080494,N,0.0019616660162111205,N,0.0019616660162111205,A,0.0013858003592534115,A,0.0023240773676402576,A,0.0014344956164194934,A,0.0023266403695335175,A,0.0023266403695335175,A,0.0004992079012305222,N,0.0028586224386884258,E,0.000665306885918878,V,0.001027328799180384,E,0.000619122969224224,H,0.0013541832064014705,D,0.0009821506889987578,F,0.0033608330952838257,D,0.001823171369904771,T,0.00777318353322648,T,0.00777318353322648,D,0.0013206977622621538,D,0.00042778326672865456,F,0.0012752955939002565,S,0.0007331701706320702,A,0.0007779813717242328,A,0.00046488701284787775,F,0.0037995515854747654,F,0.003596306183935492,F,0.0037995515854747654,A,0.0020040714420994483,E,0.0013340561048019715,0.0019772092479253753,0.25436286683233356
581,E,E,0.0009625128589238751,E,0.00017696353285911125,E,0.00017295893980112884,D,0.001966008872359699,D,0.001163279110300774,E,0.00010196448296050346,E,7.601059943047279e-05,E,0.00046522473994018923,D,0.00190123508636071,D,0.00190123508636071,D,0.001966008872359699,D,0.001163279110300774,D,0.001898247139106565,D,0.001095091858095614,D,0.001163279110300774,D,0.0009012542553880282,E,0.00024320697307298944,E,0.00016921653098136074,E,0.00015642015048276475,E,0.00016921653098136074,E,7.889865314703897e-05,E,0.00026949326207518825,E,0.00037157095726480756,E,0.0001268873254628779,E,0.0004678221300116264,E,0.0004678221300116264,E,0.001027328799180384,E,0.0004484236321203531,E,0.000515907497026921,E,0.0006237523569187436,D,0.00045139318962640954,D,0.0021008161583645855,E,0.00020957012692732207,E,0.00020957012692732207,E,0.00020957012692732207,E,0.0014439907430457068,E,0.0013867466238074854,0.0007627615588976438,0.09812730596636743
582,L,M,0.00029033289919328436,L,0.0009099860402242507,I,0.002313899137715842,R,0.00015997889642521145,R,4.104496673131413e-05,Q,0.00040638858478997533,M,0.0004706824720510672,L,4.8155234459701595e-05,R,8.920044323656565e-05,R,8.920044323656565e-05,R,0.00015997889642521142,R,4.104496673131413e-05,R,5.191377704355566e-05,R,4.104496673131413e-05,R,4.104496673131413e-05,R,2.7300463864252085e-06,M,0.00031342939593611934,Q,3.602771710623022e-05,Q,7.500455296470074e-05,Q,3.8459002199329144e-05,Q,0.0005184326908750661,L,0.0003474181142966625,K,0.0003142058558225461,Q,0.00018751585978950467,L,0.00030661172330857274,L,0.00030661172330857274,L,7.828294371160542e-05,L,0.0001092513262835982,L,5.359141513126674e-05,L,3.434967862664463e-05,R,1.2510182570312296e-05,S,0.0004503944496431425,L,7.205831590598759e-05,L,7.205831590598759e-05,L,7.205831590598759e-05,I,0.00040913958643018765,L,0.0012501179353945427,0.00027605826592512115,0.03551418344171469
583,K,K,0.0025387425037512673,K,0.004536918953382476,A,0.0033664367087008627,A,0.0069029121965071315,A,0.006452173689822325,Q,0.0004171499566677015,E,0.0020235862277500076,K,0.0030897396935499746,A,0.004627428256487548,A,0.005313764242091707,A,0.006910204654331829,A,0.006449610687929065,A,0.006670121592798623,A,0.006460829135807302,A,0.006452173689822325,A,0.0036840524655451816,K,0.0018141835742625694,K,0.002639048171418965,E,0.0028920677864683886,K,0.00249487943851839,Q,0.00016927431029676497,K,0.002379999579119665,E,0.0019410198980792139,E,0.0029371849411058103,A,0.004516510516827462,A,0.004516510516827462,K,0.004120593976230126,K,0.0031757108017129213,K,0.0020658761249927613,E,0.0001725724783407939,A,0.005173266543906494,A,0.00572636106492275,K,0.005236864161852935,K,0.005340253913765841,K,0.005236864161852935,E,0.002129922964605451,A,0.0017821540687229698,0.0038474855040209724,0.4949690802455509
584,R,R,4.8288147999572305e-06,R,6.911233229773968e-06,R,9.09523878469561e-06,R,2.7401879766043396e-05,R,2.6538900987527782e-05,R,4.006459549280429e-06,K,0.001349082442411344,R,5.745566759142459e-07,R,0.00011843914142595794,R,0.00011843914142595794,R,2.7401879766043396e-05,R,2.6538900987527782e-05,R,2.7401879766043396e-05,R,2.6538900987527782e-05,R,2.6538900987527782e-05,R,2.5819547708230523e-05,R,1.3001357952185258e-05,R,3.614968818509764e-06,R,4.418990832873058e-06,R,3.614968818509764e-06,R,7.381969042435931e-06,R,3.4308083115236692e-06,R,1.879725428845121e-05,R,4.3276877413092225e-06,R,1.717541959892477e-05,R,1.717541959892477e-05,R,0.0005795497090367646,R,1.8743941908378567e-05,R,3.4836203566940712e-06,R,5.453858417743047e-07,R,2.5357484636931614e-05,R,0.00021626298745296867,R,6.901454855475993e-07,R,6.901454855475993e-07,R,6.901454855475993e-07,R,9.662071316342929e-06,R,5.6519920662025434e-06,7.513038630637025e-05,0.009665330296811513
585,G,G,0.00022698101519709357,G,0.0003143503021741264,G,0.0002911558614114058,G,4.682468191649551e-05,G,5.153394297206269e-05,E,0.0004605009469209207,G,8.683603897474889e-05,G,8.383617666151058e-05,G,6.061421351637904e-05,G,6.006283153128121e-05,G,4.682468191649551e-05,G,5.153394297206269e-05,G,4.682468191649551e-05,G,5.153394297206269e-05,G,5.153394297206269e-05,G,7.010175172641146e-05,G,7.230707400522447e-05,G,0.00026468446885594783,G,0.0014022210414487027,G,0.000264595835263689,E,1.2175578017402267e-05,G,0.00029397674738041005,G,0.00010975326022929897,G,0.0012296128458763088,G,0.00025064837005849835,G,0.00025064837005849835,G,9.556232577372372e-05,G,0.0002316437530309909,G,9.009009515675899e-05,G,5.8497093998130066e-05,G,5.3817883234414815e-05,G,0.0002169781086162409,G,0.0002507907094456089,G,0.0002513759070730661,G,0.0002507907094456089,G,0.00010268803335548144,G,0.00019237139281359067,0.00021476428537538407,0.027628871035576857
586,D,D,0.0002043140267221205,D,0.00012205226993285129,D,0.0002388390730514801,E,7.967170441807943e-05,E,4.269196511342417e-05,H,9.800802226884488e-05,N,0.0006508141352733523,D,0.00011665032596243474,E,0.00022343985066022452,E,0.00022343985066022452,E,7.967170441807943e-05,E,4.269196511342417e-05,E,7.967170441807943e-05,E,4.269196511342417e-05,E,4.269196511342417e-05,E,5.286357425257261e-05,D,0.0002216193823152571,N,0.00015839506425312813,H,0.00016039084033789346,N,0.00015839506425312813,H,9.233807951554982e-05,D,0.002127963911950057,H,0.0001631306985185911,H,9.800802226884488e-05,D,7.689886335470367e-05,D,7.689886335470367e-05,D,0.00019784970326761875,D,0.00013499322963577654,D,0.0010145172477934955,D,0.00037316253770195183,E,0.0009149700728571914,E,0.0010063380693731089,D,0.00019599053311061747,D,0.00019599053311061747,D,0.00019599053311061747,D,1.1780403239999916e-05,D,0.00014414991293613803,0.00027189123429056846,0.03497810557648216
587,V,V,0.0005479997345094966,V,0.000759212498208833,T,0.00018795039359625773,E,0.00019382830855729912,E,0.0006395076125661338,G,0.0002781944950992881,V,0.0007718543439014233,V,0.000697781736117313,E,0.0022302165865026695,E,0.0022026674158949237,E,0.00017730238154373183,E,0.0006395076125661338,E,0.00023622178923740487,E,0.0006395076125661338,E,0.0006395076125661338,E,0.0005949370591844902,V,0.001046138432551524,A,0.0025802258619243208,V,0.00021955393810035046,A,0.0025785120852944285,G,2.214845600960904e-05,V,0.0008075480967788255,V,0.00011026074513731149,V,0.00022079153017152018,V,0.0013256928812004187,V,0.0013256928812004187,V,0.001124356000129425,V,0.0011651436299854,V,0.0007374816021828908,V,7.319122464465619e-05,E,0.0011573635767498606,E,3.900539203972057e-06,V,0.0011588042497830589,V,0.0011588042497830589,V,0.0011588042497830589,V,0.0019075933124758455,V,0.0008091380568759664,0.0008683065619617184,0.11170539821298972
588,P,P,0.0002043916720899662,P,0.00027210080879420365,L,0.0011876037534035804,A,0.0006130150119162719,A,0.0034733886885009438,A,4.587786948061416e-05,P,0.00019832449882935393,Q,0.0009206898167146943,A,0.00029733666709886095,A,0.00029733666709886095,A,0.0006130150119162719,A,0.0034733886885009438,A,0.0006223362561581008,A,0.0034733886885009438,A,0.0034733886885009438,A,0.0016440674798984182,P,0.00014399372127259937,A,0.0004175691322424459,A,0.00014964648262263624,A,0.0005438014905719382,A,0.00011960563772683715,P,0.00030423219759002614,A,0.0011058421333163418,A,0.00024141756241344932,L,0.00015654080202641966,L,0.00015654080202641966,P,0.00016003333767067537,P,0.00021753527512977504,Q,0.0009725386935809994,P,0.00014421552170160794,A,0.0003397057701184359,A,0.0004766998178729055,P,0.0002212791056546016,P,0.0002212791056546016,P,0.0002212791056546016,P,5.615428051777261e-05,Q,2.8576133160196098e-05,0.0007353550371872504,0.09460152768090122
589,K,K,1.8558548304773811e-06,K,0.00026717586000130365,K,0.00017508000753116394,S,0.0003582328701462127,S,0.000331020550789864,S,0.0003075019506579063,T,0.0006983274828579866,K,0.00019056049087839231,S,0.00034131531073821567,S,0.00034131531073821567,S,0.0003582328701462127,S,0.000331020550789864,S,0.0003582328701462127,S,0.000331020550789864,S,0.000331020550789864,S,2.6961739311897307e-05,K,0.0002455405612961502,S,0.00033666474560335046,S,0.0002828831066714054,S,0.00033666474560335046,S,2.1961534970433738e-05,K,0.0003327951427068502,S,0.001027328799180384,S,0.00014902125108674774,K,0.00019402990981507335,K,0.00019402990981507335,K,0.00032749052057790104,K,0.00011647173433700486,K,0.00019056049087839231,K,0.0004075888249675544,S,1.6438760895638774e-05,S,0.001069377303709475,K,3.8138355904949446e-05,K,3.8138355904949446e-05,K,3.8138355904949446e-05,K,0.00016872243889369244,K,0.0002465679544998742,0.00028452507092883387,0.036603416053748276
590,A,L,0.00019131983533170383,S,0.001027328799180384,S,0.00023208002429544019,C,0.0008336304194525094,C,0.0005780731427354473,L,0.001196129092711908,A,0.002341176255992876,A,0.00035656366194215924,C,0.0005581390600852866,C,0.0005581390600852866,C,0.0008070132987998287,C,0.0005780731427354473,C,0.0019940205867741766,C,0.0005780731427354473,C,0.0005780731427354473,S,0.0006631065222736345,S,0.001027328799180384,A,0.0013433716425604947,L,0.0011715881037666197,A,0.0013433716425604947,F,0.002863248184119629,S,0.001027328799180384,S,0.00048368948214261455,L,0.0010047821781248752,S,4.15551145014257e-05,S,4.15551145014257e-05,S,0.00034920375342388336,A,0.0007234940168741353,A,0.0009387587630602688,A,0.0007149477335990076,S,0.00040026494827217866,C,0.0006218543760025218,A,0.000636039758087634,A,0.0006355739199448847,A,0.000636039758087634,S,0.0002042505049210599,A,0.0010348052220452617,0.0008192970541303728,0.10540045151748789
591,I,V,0.0018621130631035414,I,0.00023784483247859533,I,0.0001782811123272248,I,7.309679729727111e-05,I,0.0001800098374037375,I,8.636491209671563e-05,I,7.008355528696834e-05,I,7.790927401616771e-05,I,0.00015474631134455424,I,0.00015474631134455424,I,7.309679729727111e-05,I,0.0001800098374037375,I,7.309679729727111e-05,I,0.0001800098374037375,I,0.0001800098374037375,I,0.0006079098992963024,I,0.0008893531392812599,V,0.0001507968476909797,I,6.959320851519748e-05,V,0.00023316415974429562,I,6.675031550882871e-05,I,0.00023784483247859533,I,9.322316906392925e-05,I,8.546878696246324e-05,V,0.0022252162051951494,V,0.0022252162051951494,I,0.00016037278939592373,I,0.00011178419382309726,I,7.790927401616771e-05,I,6.43465961800205e-05,V,0.0009615052069948401,I,0.0001130232923054807,V,0.0002765665923337494,V,0.0002765665923337494,V,0.0002765665923337494,I,0.0008383197707226251,V,0.00017995030794078898,0.0003779153267788494,0.04861783144106273
592,Q,Q,0.0013545365422329625,Q,0.0007892853877597026,Q,0.0009896879243816042,S,0.0002802175540928908,S,0.00021318396540693572,E,0.001027328799180384,Q,0.001055269733327526,Q,0.0010490193840617804,S,0.0003687138016025454,S,0.0003687138016025454,S,0.0002781196741247404,S,0.00021955040853985383,S,0.0002802175540928906,S,0.00021318396540693572,S,0.00021318396540693572,S,0.0010906047400390043,Q,4.750528665884419e-05,E,0.0011291531471055829,E,0.001027328799180384,E,0.0010938393921574082,E,0.0002758714275759559,Q,0.0005842961361624553,D,0.00046273509347913414,E,0.001027328799180384,Q,0.0013857285601628474,Q,0.0013857285601628474,Q,0.0014107352959832995,Q,0.0010764122147610034,Q,0.001660170615468779,Q,0.0003603315324646331,S,0.0002972897304071956,S,0.0003975332095146319,Q,0.0015063753812131321,Q,0.0015063753812131321,Q,0.0015063753812131321,Q,0.0007639686520237362,Q,0.0015543067737213113,0.0008175731505694342,0.10517867577353823
593,C,C,0.0046568561581532995,C,0.006906903192538569,C,0.003951599102463786,C,0.007287477496718168,C,0.005432200103607271,C,0.004911484101528149,C,0.005338591442620136,C,0.005349197179110319,C,0.004316818962943361,C,0.004332815558165934,C,0.007270911524623685,C,0.0054355989924375365,C,0.007283601575100776,C,0.005434117967295538,C,0.005432200103607271,C,0.003084915027708653,C,0.006824180712031456,C,0.006809831392901915,C,0.004418868938048256,C,0.006628578704212717,C,0.005050704453798903,C,0.006609877092787692,C,0.004612698471384188,C,0.004477293100289189,C,0.00777318353322648,C,0.00777318353322648,C,0.0067890067293403565,C,0.007480445670746916,C,0.0045064779472745176,C,0.0039960913987245215,C,0.004019718863751939,C,0.004402436006981605,C,0.006911095772608713,C,0.006911095772608712,C,0.006911095772608713,C,0.006743241134208253,C,0.006967273713547732,0.005757882897376532,0.7407367744199602
594,Y,Y,0.0,Y,0.0,Y,0.0,Y,0.0,Y,0.0,Y,0.0,Y,0.0,Y,0.0,Y,0.0,Y,0.0,Y,0.0,Y,0.0,Y,0.0,Y,0.0,Y,0.0,Y,0.0,Y,0.0,Y,0.0,Y,0.0,Y,0.0,Y,0.0,Y,0.0,Y,0.0,Y,0.0,Y,0.0,Y,0.0,Y,0.0,Y,0.0,Y,0.0,Y,0.0,Y,0.0,Y,0.0,Y,0.0,Y,0.0,Y,0.0,C,0.0,C,0.0,0.0,0.0
595,M,M,7.739358622132214e-06,M,4.676238383504312e-06,M,0.00032164309230589604,M,3.6326695817266514e-06,M,6.713504686206927e-06,M,1.305392607165104e-06,M,1.5038942269988051e-05,M,6.713504686206927e-06,M,6.713504686206927e-06,M,6.713504686206927e-06,M,3.6326695817266514e-06,M,6.713504686206927e-06,M,3.6326695817266514e-06,M,6.713504686206927e-06,M,6.713504686206927e-06,M,6.713504686206927e-06,M,2.7878034377791046e-06,M,5.985384680723484e-05,M,9.991627915618357e-06,M,5.985384680723484e-05,V,9.53968795644218e-06,M,7.505109860339395e-06,M,2.619076438596965e-06,M,2.4814265299963607e-06,M,1.0478548798008145e-05,M,1.0478548798008145e-05,M,1.7200224018804383e-06,M,2.87889932664238e-06,M,6.713504686206927e-06,M,2.6761674511301653e-06,M,3.6326695817266514e-06,M,3.6326695817266514e-06,M,1.7200224018804383e-06,M,1.7200224018804383e-06,M,1.7200224018804383e-06,M,1.9503731136673085e-05,M,1.9503731136673085e-05,1.7730271791380544e-05,0.002280953706495219
596,N,K,0.0004011126680395713,N,0.0002638054056433802,T,0.0008729853567685282,N,0.000865644375886439,K,1.7079636640601562e-06,K,0.0004429987874278476,K,4.7410362854282945e-05,K,0.0006570711963787513,K,0.0002572355541904034,K,0.0003130066677081915,N,0.000865644375886439,K,1.7079636640601562e-06,N,0.0009642676533671141,K,1.7079636640601562e-06,K,1.7079636640601562e-06,K,0.00014354671750059397,K,3.0739709459773757e-06,N,0.0005021625709868307,K,0.0005644713002336763,N,0.0005021625709868307,K,6.630841623196543e-05,N,5.183375734838431e-05,N,7.898451518313719e-05,K,0.00039881872582318715,H,0.0016598030123208352,H,0.0016598030123208352,H,0.00012764396960151497,N,3.8670645348905494e-05,K,0.0011628591243498323,K,0.0004089331670068711,K,5.7998890196544384e-05,K,0.00017492003659128096,K,0.0012847532125384797,K,0.0012847532125384797,K,0.0012847532125384797,H,0.00043336727695607704,H,0.0017261743700257067,0.0005290218904427464,0.06805730087054318
597,E,E,0.0002302789693937282,E,0.0005216244224757849,-,,D,0.0013310412513947811,D,0.0013088872470801288,D,0.0010891125490708946,D,3.845386105756774e-05,D,0.0011692822550210754,D,0.0005104548360737686,D,0.0004991494199514894,D,0.0013310412513947811,D,0.0013088872470801288,D,0.0012140274174997068,D,0.0013088872470801288,D,0.0013088872470801288,D,0.0008633656601591593,E,0.00040884854125693235,-,,D,0.0012566858901329352,-,,E,0.0006087599951394298,E,0.00048376366406910457,E,0.00019490362191334408,D,0.002179664221882507,E,0.0011775714247170715,E,0.0011775714247170715,-,,E,0.0008696814764215976,D,0.000472657319861951,D,0.0008133427371288978,D,0.0001547199090656764,E,0.00015109354962178725,E,0.00017436443736515154,E,0.00017436443736515154,E,0.00017436443736515154,E,0.0012326659767901093,E,0.001833971921442337,0.0008355265414566502,0.10748833317587206
598,T,-,,-,,Q,0.00014349241008242096,N,0.0009516896593771116,N,0.00010526774595925906,-,,-,,-,,N,0.0009626542046382086,N,0.0009626542046382086,N,0.0009516896593771116,N,0.00010526774595925906,N,0.0009516896593771114,N,0.00010526774595925906,N,0.00010526774595925906,N,0.000688748655410766,N,0.00013720342516566238,E,0.002563589947434363,-,,E,0.002587547095232108,-,,-,,-,,-,,-,,-,,E,1.1583170544437333e-05,T,0.002112569727368528,-,,-,,N,0.0008560029756158305,N,0.0002400346836485829,-,,-,,-,,-,,-,,0.0008079011367637492,0.10393439615961401
599,-,A,0.004075405514471434,K,0.0028579080202327505,T,0.000733977597848219,P,0.001285492362972531,P,0.00023107726165396588,Y,0.0017439609515022994,T,0.0013439568110167254,N,0.0009008159563580933,P,0.00018176827762017914,P,0.00018176827762017914,P,0.001285492362972531,P,0.00022854960446005927,P,0.0013225416230645533,P,0.00023107726165396588,P,0.00023107726165396588,P,0.00013379302068309946,-,,Y,0.0009766120598354198,Y,0.0010548989123995132,Y,0.0008778595752973058,Y,0.002000820146459123,K,0.0009597506754504847,Y,0.0013329137109330536,Y,0.0014969574961043437,T,0.002272151154517843,T,0.002272151154517843,T,0.002567017051864138,-,,N,0.0006399692158130271,T,0.0007252863982308539,A,0.0007870713290480297,P,0.00017878226204665043,R,0.0009713501439751464,R,0.001926783787224126,R,0.001926783787224126,R,0.00020235663460970143,R,0.00016553542410020102,0.0011515346595838709,0.1481419619981485
600,G,G,1.2960663608702216e-05,K,3.1058082506437697e-05,G,2.0274273781149704e-05,G,1.0632082408444744e-05,G,1.3183891281629878e-05,G,7.91842512094544e-06,N,0.000617347708263061,N,0.000617347708263061,G,6.782393525558949e-05,G,6.782393525558949e-05,G,1.0632082408444744e-05,G,1.3183891281629878e-05,G,1.0632082408444744e-05,G,1.3183891281629878e-05,G,1.3183891281629878e-05,G,1.3183891281629878e-05,G,1.2960663608702216e-05,S,1.389163203523221e-05,G,2.3472885721902436e-05,S,1.389163203523221e-05,R,5.6286752624640185e-06,K,3.1058082506437697e-05,G,1.4633329459404711e-05,G,2.3472885721902436e-05,G,1.4633329459404711e-05,G,1.4633329459404711e-05,G,2.3472885721902436e-05,G,1.0632082408444744e-05,N,0.000617347708263061,N,1.389163203523221e-05,G,6.782393525558949e-05,G,6.782393525558949e-05,N,4.64719556380891e-05,N,4.64719556380891e-05,N,4.64719556380891e-05,G,6.782393525558949e-05,K,2.0274273781149704e-05,7.397711177970087e-05,0.009516964505403177
601,A,C,8.429958273962836e-05,V,4.039388909213861e-05,A,0.00011346422682637184,A,0.00037416761298066645,A,0.0011982731046155622,V,0.00023851604996375463,A,4.8842860718928515e-05,A,0.00013976440723209973,S,0.0002814993450077932,S,0.0005320807120418588,A,0.0004213964464803116,A,0.0011982731046155622,A,0.00032491646945670936,A,0.0011982731046155622,A,0.0011982731046155622,A,0.00777318353322648,A,0.00016395624928572383,V,0.0004242215472745909,A,0.00015257809985814012,V,0.0013125949021615378,A,0.0008855869738757271,V,0.0003261280768746322,V,0.0002043178882574391,A,0.00019854217753400191,A,0.0007857290844626905,A,0.0007857290844626905,V,0.00024678928793531966,A,3.692172338294117e-05,A,0.00020713559721417953,A,0.0005958755821871341,L,6.0066162236967286e-05,L,0.00047767932497258514,V,0.0004598117546756748,V,0.00045708558106691754,V,0.0004598117546756748,V,0.0001885590448847808,V,0.0006862513550745411,0.0006562429407184561,0.08442396064795653
602,S,S,8.930912524714994e-06,S,1.554126465594015e-05,T,1.2794340131326822e-05,T,8.930912524715041e-06,T,5.556888377760731e-06,S,3.692878636848363e-05,S,3.964456557434209e-06,T,8.785173698566716e-06,T,8.930912524715055e-06,T,8.930912524715055e-06,T,8.930912524715041e-06,T,5.556888377760731e-06,T,8.930912524715061e-06,T,5.556888377760731e-06,T,5.556888377760731e-06,T,8.930912524715034e-06,S,8.93091252471494e-06,T,8.930912524715041e-06,S,2.8885794297967706e-05,T,8.930912524715041e-06,S,1.569669318808717e-05,S,5.556888377760697e-06,S,5.593523370086774e-06,S,5.593523370086774e-06,S,6.064965434039924e-05,S,6.064965434039924e-05,S,1.2673037601180511e-05,S,5.556888377760697e-06,T,1.5696693188087175e-05,S,5.593523370086774e-06,T,5.593523370086767e-06,T,5.556888377760721e-06,P,1.8492326207006294e-05,P,1.8492326207006294e-05,P,1.8492326207006294e-05,S,0.00029888181831275634,P,0.0013941431824289474,5.8685107164930194e-05,0.007549687578336553
603,E,E,0.0004805584308074682,E,0.00018861586312226937,E,0.00034505122124613353,E,0.0004954055901636963,E,0.0004415187973889998,K,0.0016443119928814416,E,3.100983384078623e-05,E,0.0003597358372914494,E,0.0011879680226130186,E,0.0012001432329805815,E,0.0004954055901636963,E,0.0004415187973889998,E,0.0004973756559036248,E,0.0004415187973889998,E,0.0004415187973889998,E,0.0002998614111441056,E,0.00034020744000931005,K,0.0015918119474241804,K,0.0015717341671907766,Q,0.0025578266043582783,K,0.00020319643251125513,E,0.00017918732961988288,E,0.0001778850876768821,K,0.0017076772870486825,E,0.0007325952774317671,E,0.0007325952774317671,E,0.0005157413932903959,E,0.0006261717905624568,E,0.0003574932022856649,E,2.922713399530875e-05,E,0.0005120690727950329,E,0.00019164356065521856,E,0.00067865839616632,E,0.00067865839616632,E,0.00067865839616632,E,0.0004419052818855675,E,0.0007407994937456982,0.0006550611037873341,0.08427192037693113
604,E,-,,-,,-,,E,0.000206407440223099,E,1.211417452235694e-05,Q,0.0004417419132485894,-,,-,,E,0.001027328799180384,K,0.00777318353322648,E,0.00020101919189374263,E,1.211417452235694e-05,E,0.00020611244023573106,E,1.211417452235694e-05,E,1.211417452235694e-05,E,1.364499017151693e-06,E,0.00034742321683274525,E,0.0002609479567200881,Q,0.0005349171401350977,E,0.0004709441720059681,Q,0.0005320477464587638,-,,Q,0.0008643947598585841,Q,0.000598190611548405,-,,-,,D,0.00043490001416272633,E,0.00247517665627287,-,,-,,E,0.0001490167128830837,E,3.294549833255699e-05,-,,-,,-,,G,0.002389420740683082,A,0.003003391694943367,0.0009166388098313309,0.1179232171623322
605,-,-,,-,,-,,-,,-,,-,,-,,-,,-,,-,,-,,-,,-,,-,,-,,-,,-,,-,,-,,-,,-,,-,,-,,-,,-,,-,,-,,-,,-,,-,,-,,-,,-,,-,,-,,-,,-,,,
606,-,E,0.0016108528172669855,E,0.0017552580294358932,E,0.001728760920888696,-,,-,,-,,E,0.0009138003130132024,K,0.001840419662598963,-,,-,,-,,-,,-,,-,,-,,-,,-,,-,,-,,-,,-,,E,0.0012028333661669695,-,,-,,E,0.0029659592642753067,E,0.0029659592642753067,-,,-,,K,8.574007426985877e-05,E,0.0019433308573639548,-,,-,,K,0.00429996614537694,K,0.00429996614537694,K,0.00429996614537694,-,,-,,0.002300985615821997,0.29601586093862725
607,-,-,,-,,-,,-,,-,,-,,-,,-,,-,,-,,-,,-,,-,,-,,-,,-,,-,,-,,-,,-,,-,,-,,-,,-,,-,,-,,-,,-,,-,,-,,-,,-,,-,,-,,-,,-,,-,,,
608,-,-,,-,,-,,-,,-,,-,,-,,-,,-,,-,,-,,-,,-,,-,,-,,-,,-,,-,,-,,-,,-,,-,,-,,-,,-,,-,,-,,-,,-,,-,,-,,-,,-,,-,,-,,-,,-,,,
609,G,E,0.0008094721209867291,E,0.0016463282515037437,A,0.0030258324291182917,D,0.0013186079066399372,D,0.001288665888152984,E,0.0013475391992702958,E,0.0016927334597347465,E,0.001663077427825342,D,0.001027328799180384,E,0.00777318353322648,D,0.0013186079066399372,D,0.001288665888152984,D,0.0013188696837235976,D,0.001288665888152984,D,0.001288665888152984,D,0.0006899795034123148,E,0.0021547070649077437,E,0.00169752093718466,E,0.0017210032414040905,E,0.0017584477998469003,E,0.0014628723625871758,E,0.0016288144471176007,E,0.0017910485823049269,E,0.0018302143459498368,R,0.001027328799180384,R,0.001027328799180384,E,0.001600704519743543,G,0.0017940043287148005,E,0.0015401123183927143,E,0.0013650766171222502,D,6.74294951655141e-05,D,2.0570675946551595e-05,E,0.0006269330076737595,E,0.0006269330076737595,E,0.0006269330076737595,V,0.001027328799180384,V,0.00021466083181207634,0.0014701674800712578,0.18913325200505374
610,A,S,0.0005128242947022052,A,4.726723631772127e-05,A,1.633847389093577e-05,A,1.8176816308465685e-05,A,1.8176816308465685e-05,A,1.8176816308465685e-05,A,3.959399329350343e-05,G,3.959399329350343e-05,A,1.8176816308465685e-05,A,1.8176816308465685e-05,A,1.8176816308465685e-05,A,1.8176816308465685e-05,A,1.8176816308465685e-05,A,1.8176816308465685e-05,A,1.8176816308465685e-05,A,1.8176816308465685e-05,A,2.663282932870066e-05,A,5.8377889876088805e-05,A,1.8176816308465685e-05,A,5.8377889876088805e-05,A,1.633847389093577e-05,A,4.726723631772127e-05,T,5.713270958367076e-06,T,5.713270958367076e-06,A,0.00012200290666631535,A,0.00012200290666631535,A,2.663282932870066e-05,A,2.663282932870066e-05,G,3.959399329350343e-05,A,3.959399329350343e-05,A,3.072074691993806e-05,V,8.302990165595437e-06,A,0.00021340159350477034,A,0.00021340159350477034,A,0.00021340159350477034,A,1.8176816308465685e-05,A,5.8377889876088805e-05,6.01190089396531e-05,0.007734155340945488
611,R,R,0.00010137534628928007,R,0.00010295153947122274,R,0.0003456166610784248,L,0.0013228169466142487,L,0.0018354674298812327,Y,0.00012736047952133646,W,0.001649156707617301,A,0.00695712373681954,L,0.0015786955400546793,L,0.0017092705157644938,L,0.0013228169466142487,L,0.0018354674298812327,L,0.001328989512339451,L,0.0018354674298812327,L,0.0018354674298812327,L,0.000253055313073048,R,0.0020813992300052473,H,0.002388255485640055,Y,9.359943835808435e-05,H,0.002318901704140822,Y,0.001583347192048131,R,9.893085983518815e-05,I,0.0015157169149002025,Y,0.00012127589370508267,R,0.0003851436138256181,R,0.0003851436138256181,R,0.0008448578842018357,R,0.0016426434510703142,Q,0.00019316381698944714,R,0.0022620800884151763,I,0.0021577441487624525,V,0.000331099585378736,R,2.1484978571459023e-05,R,1.7604239520286464e-05,R,2.1484978571459023e-05,R,0.001323392271579228,R,0.0018011913679430254,0.0012359340465424235,0.15899972530680928
612,E,E,5.170677545749948e-05,Q,0.0038633141254356893,E,0.00024622425398618085,N,0.0005401217758420069,S,0.00777318353322648,V,0.0010010798884531914,E,0.00033760758344099714,E,0.00017044217320969591,N,0.00042723065098994995,N,0.0004276817056917586,N,0.0005401217758420069,S,0.00777318353322648,N,0.0007182041785629364,S,0.00777318353322648,S,0.00777318353322648,D,6.271923826329087e-05,K,6.623816249986702e-05,I,0.00027753983482994404,A,0.004303973747695273,V,0.0022754552764573934,V,0.0013438534741272406,Q,0.003111854038106825,D,0.0014202561922915095,I,0.0015950482681316555,D,0.002707054605812829,D,0.002707054605812829,E,9.381827618993372e-05,E,6.068246983255352e-05,E,0.0002070334122666309,G,0.00018899589629041484,H,0.00070160919165955,N,0.0005862663794036161,E,0.0003758309653566357,E,0.00034891517696825693,E,0.0003758309653566357,E,0.00017851427670411742,E,3.320055567446977e-05,0.0016875192980959272,0.21709500243788463
613,Y,H,0.0009003117748293923,H,0.00013396765564971307,H,0.0011477683716108254,H,0.00019173486152781105,H,0.00013159940122403822,K,0.0003390610418613771,H,0.0002399542954297346,H,0.0006157638928052996,H,0.0009981725883987825,H,0.0009946127359242035,H,0.00020309699065870329,H,0.00013159940122403822,H,0.00020500492730793265,H,0.00013159940122403822,H,0.00013159940122403822,H,0.0006961719148075514,H,0.0004803566660073171,K,0.001987456591079908,K,0.0002501358245850012,K,0.001987456591079908,E,0.0006623798107816578,H,0.00013436223746549745,I,0.0007540153713218688,K,0.00020273029152537557,H,0.0005025995988409873,H,0.0005025995988409873,H,0.00014245608926252733,Y,0.00018599349587354477,H,0.00018152866003159953,H,0.00021674353341078454,R,2.3846578299162607e-05,H,0.00026853945028930664,H,0.0014251724787481342,H,0.001409074231640319,H,0.0014251724787481342,Q,0.0006453371564510326,H,0.0007874853025183529,0.0005774989376353751,0.07429374787908395
614,I,V,0.0005243952821847572,I,0.0003867435910575205,I,0.0005741215563138209,I,0.0014588654681340855,I,0.00033847576675845266,F,0.0007384395337800611,V,0.00017291512358846349,V,6.894153510642601e-05,I,0.00019093454458775933,I,0.0002849555286215553,I,0.0014588654681340855,I,0.00033847576675845266,I,0.0014588654681340855,I,0.00033847576675845266,I,0.00033847576675845266,I,0.00022259596076394376,I,0.00045084088646762347,I,0.000901177346945983,F,0.00039705077241772665,I,0.0009092433600433986,A,0.00020971782967061362,I,0.0004196642934127601,F,0.0011608697525154659,F,0.0005355205538460043,V,0.00011903681296862817,V,0.00011903681296862817,I,0.00022622925373804047,I,0.0002369852142164636,V,5.002201015087644e-05,V,0.00018250289099946604,I,0.0016916148063769404,I,0.0009260063042341171,V,0.0005386145225546173,V,0.0005484292947233554,V,0.0005790685733757167,V,4.4318685340092706e-05,I,0.0008864935661154547,0.0005412698829870905,0.06963297350093844
615,K,W,0.000288301932369671,R,0.000380566767483064,K,0.0005946768011858126,N,0.0002429721410555644,N,0.000202539509616977,Q,0.00020628219166547964,R,0.0006118364543244258,K,8.740549766501375e-05,N,0.00045407142790410723,N,0.0008348806671047058,H,0.0007103035248894781,N,0.000202539509616977,H,0.0019232981756164796,N,0.000202539509616977,N,0.000202539509616977,N,0.00013997921370283061,N,0.00011419315495132431,R,3.1297020835506174e-05,K,9.481056976112228e-05,R,4.040988348149394e-05,R,0.0007031899015478936,R,0.0005110166203624263,N,6.950908600809834e-05,L,3.12922244224839e-05,H,0.00777318353322648,H,0.00777318353322648,R,0.001027328799180384,K,0.00043165764612925064,K,0.0005987977826965061,R,0.0014582367048933777,N,0.00031864685344617344,H,0.0007471503484073169,R,0.0017142374284440935,R,0.0017142374284440935,R,0.0017142374284440935,K,0.0014250307086137526,K,0.0005560981622981542,0.0009765534500609472,0.12563108099617984
616,Y,F,0.0005526513147963585,L,0.0003730970638116085,G,0.0002595447607865169,A,0.0013151806450539733,A,0.002130346414875274,K,0.0005464353741933734,F,0.0010392027978826527,Y,0.00023872041307680588,G,0.0010039113697719155,G,0.0010105786228610568,A,0.0018321109872237403,A,0.002130346414875274,A,0.0014507977720653125,A,0.002130346414875274,A,0.002091658505252863,A,0.0018701300359004198,L,8.376984130755225e-05,D,0.0011532752183156733,K,0.00021875628910757297,D,0.0011763674280714826,R,0.00018045444823953108,L,0.00015006434778772044,K,0.0004521640420297585,K,0.00015722148974145513,Q,0.0002381907617358627,Q,0.0002381907617358627,D,0.00020668015935810968,Y,0.0006207067988845062,Y,0.0013688615850770665,F,0.0005614454471791941,A,0.0015820814180483025,G,0.0002677199841082489,F,0.0006793101114203178,F,0.0006793101114203176,F,0.0006793101114203176,E,0.0017859651420656147,Q,0.00027706044208191457,0.0008846476985523999,0.11380764326108762
617,L,L,0.00046954822309620863,L,0.0001317091223269486,L,9.856720802918406e-05,M,5.269387520798081e-05,V,0.006856675480398321,E,0.00039796985233106865,M,0.00040110680526185067,L,0.0001546397639681875,M,0.00010858748274645998,M,0.00012697150240022147,M,5.269387520798081e-05,V,0.006856675480398321,M,5.269387520798081e-05,V,0.006856675480398321,V,0.006856675480398321,M,0.00015646681104481824,M,0.0014192389790041507,I,0.0007830014293427403,D,0.0011802932095489492,I,0.0007830014293427403,Q,0.0005562491479642777,L,0.00011739916543811952,R,0.0043705013418569175,E,0.0009565116330807716,M,8.578828299578983e-05,M,8.578828299578983e-05,L,0.00024240995052409977,L,0.00022383771865941825,L,0.00010182386106568803,M,0.00034171468270702564,M,0.0003841690532256618,M,0.00015188268435236055,L,0.00018137564054019508,L,0.00019075289359550424,L,0.00018225350295865387,L,0.00012254194574472694,V,0.0019317171786097645,0.0011898000630263653,0.15306470739312458
618,I,L,0.00010641178757766134,I,0.00018115071748830877,V,3.594559554823999e-05,V,0.004554440230585551,I,0.000934916359018823,V,0.00016281655539076255,I,5.060701086949595e-05,L,0.00016963390697266,I,0.00032248478482970713,I,0.0005754048287787439,V,0.004554440230585551,I,0.0009349163590188236,V,0.004554440230585551,I,0.0009349163590188236,I,0.000934916359018823,I,0.0003747956742951104,I,6.440317835443688e-05,I,0.0025656263516353247,V,0.0001488471874762115,I,0.0025643227751942347,I,0.0006593694624288507,I,0.00015388105905483229,I,0.001974166749682223,V,0.00026603098680005026,I,0.0005499072592477943,I,0.0005499072592477943,I,9.723247240884401e-05,I,0.00041457075999792,L,0.00026517379191560265,I,6.566792952432597e-05,V,0.0009197802475288619,V,0.0009922517450614765,I,0.000516127454748357,I,0.0005174913064669281,I,0.000516127454748357,I,3.8762893434338684e-05,M,0.0012388340217944676,0.0009313707928738884,0.11981844875947457
619,S,R,0.0014930109462503469,S,1.5330421771404183e-05,H,0.0010798974451360457,N,0.0015615015129438934,S,0.00013135344358326426,T,0.002267047360153293,G,0.0018286973952281783,R,0.0016939775935706641,E,0.002246514819217168,E,0.0022651759171372346,N,0.0015615015129438934,N,0.0003678221925057909,N,0.0015247694558956418,S,0.00013135344358326426,S,0.00012339587072967596,S,0.0002741348936075759,K,0.0005074967860609012,E,0.0016780155782878065,T,0.0019392244263167714,E,0.000549904421196978,T,0.0076538504825023595,S,4.898247839796191e-05,V,0.0016957090962589267,T,0.0018369835123212335,S,0.000115491113753517,S,0.000115491113753517,A,0.001027328799180384,S,0.0005179832753508839,L,0.0054607310501048,G,0.004319984673358325,H,0.0013300690550029487,D,0.001027328799180384,R,0.0011161671554233289,R,0.0011161671554233289,R,0.0011161671554233289,R,0.00206373198809865,E,0.0015755500579210492,0.001496698443177695,0.1925463919358209
620,A,E,0.00027766010415719756,E,0.0008052474368666857,E,1.796770304905108e-05,E,0.0001609879936779371,D,0.0011962753348917449,N,0.001797602373592975,E,0.0003603649149420991,E,4.553782319926842e-05,K,0.004227798348038119,K,0.0030615612325169974,E,0.0002965811416291152,D,0.0011962753348917449,E,0.0007306726837906291,D,0.0011962753348917449,D,0.0012142872888005502,D,5.567377340608647e-05,E,0.0014591314611970337,N,0.003066915559833385,N,0.0019161577575072064,N,0.003068795077544774,N,0.0007935766127896374,E,0.0006657777628005123,D,0.0014220427823484487,N,0.0019664067048449207,D,0.006922222234112445,D,0.006922222234112445,E,0.0007636293581847258,A,0.0009138475231032076,E,0.0002367349161366546,E,0.00032452820344504996,N,0.00303656169278306,D,0.00042822091797426744,E,0.00046431812869531755,E,0.0004718865800234205,E,0.00046431812869531755,G,0.0008773064206697758,A,0.0019581425990095637,0.0014806354453554894,0.19047992872244837
621,T,T,0.0007348951218843906,T,0.0016970714097605968,A,0.0006735213415043276,L,0.00014567103879778578,V,0.003295384954821427,G,0.001027328799180384,A,0.0007995265712329738,A,0.0004150835102222818,Q,0.001027328799180384,R,0.00777318353322648,L,0.00022245608737163917,V,0.0025794398748097136,L,0.0002959476782866868,V,0.003295384954821427,V,0.003295384954821427,V,0.0027142682860776847,T,0.0013060309369075011,Y,0.001313979872009315,A,0.0005831851230893971,Y,0.0013341859932585528,A,0.00042984288840214286,T,0.001717152615804567,S,0.00054314274613014,A,0.0006956072874369679,M,0.00011214559854193286,M,0.00011214559854193286,T,0.0033740179828180084,T,0.0004180042374999801,A,7.446753728839329e-05,T,0.002934349044956976,L,0.0004021917408974569,L,0.0003249318995973479,A,0.0007079610680775282,A,0.0007079610680775282,A,0.0007079610680775282,N,0.0013883139543204148,K,0.00013174013907017913,0.0013327350085622545,0.17145291924029293
622,W,W,0.0006623184341787146,W,0.0004785034697561525,W,0.0005877618305330832,M,0.0003373648323847248,I,0.00014368992528113905,W,0.0010169779520262565,W,0.0004902565575322167,W,0.00047465481015593884,I,0.00041165706224155523,I,0.00036288842330611766,M,0.0003373648323847248,I,0.00014368992528113905,M,0.00033230524208373557,I,0.00014368992528113905,I,0.00014368992528113883,I,0.001027328799180384,W,0.0005298738477345945,W,0.0005834281179994908,W,0.0009338734648201293,W,0.0005834281179994908,W,0.0006337000914739142,W,0.00048568280584827356,W,0.0006964643348439815,W,0.0009244647893968815,W,0.0005995092864379943,W,0.0005995092864379943,W,0.0005341047077399131,W,0.0004417577707624439,W,0.00020670876870470547,W,0.0004570697485037208,L,0.0006920105598706385,I,3.729009610553682e-05,S,0.0004890039200549672,S,0.0004890039200549672,S,0.0004890039200549672,W,0.0003904725722213653,W,0.0004903859407016638,0.0004967807571528594,0.06390956228286257
623,K,K,3.412501549968088e-05,K,0.0004757948205907818,K,0.0003521773422598282,K,0.0005623192317598194,K,0.0007207677501807502,M,5.116801315930004e-05,K,2.8696797445068256e-05,K,0.0004561205015026631,K,0.000182815446164653,K,0.0003915569269766769,K,0.0005623192317598194,K,0.0006946107497708474,K,0.0005623192317598194,K,0.0007207677501807502,K,0.0007207677501807502,R,0.0007721230673411076,K,3.125354801334563e-05,K,0.000235057830996754,K,4.4732383406975044e-05,K,0.0002330746248530952,K,0.00011327138857708265,K,0.0002560016393321783,K,0.00022092077892935599,K,5.2898262282585435e-05,D,0.003099448407150158,D,0.003099448407150158,M,0.0004482045051505866,K,0.00043448776749273517,K,0.00041047163669014964,K,0.00011389979345659692,K,0.00041559037569720276,K,0.0008204856806582376,K,0.00037770830813907994,K,0.0002758576258954555,K,0.00037770830813907994,R,0.00025155685208668013,R,0.001909606672075886,0.0005543279573704242,0.07131286106920658
624,K,K,0.0004890070235398028,K,0.0005874231171797618,G,0.0006919965232994539,E,0.003192579816719024,G,0.002605566344196877,D,0.00025546247013300216,R,0.00494002714152398,E,0.0008382537237301067,E,0.0022785963999378167,E,0.00246981240135393,E,0.003192579816719024,G,0.002605566344196877,E,0.003192579816719024,G,0.002605566344196877,G,0.0025964359595739487,G,0.0020634642759249297,M,0.000770974313089134,D,0.0015640535375430233,D,0.0026347553781534065,D,0.0015640535375430233,D,0.0011491539843836562,K,0.0003228902851178912,D,0.003303913550727839,D,0.0025579897912247395,D,0.007416440286603623,D,0.007416440286603623,K,0.0008178145131901066,K,0.00021334600837220392,E,0.0003657220502173565,E,0.0008725847513727435,E,0.0009799166607137237,E,0.0007381516788689066,Q,0.00020273673658842458,Q,0.00020273673658842458,Q,0.00020273673658842458,C,0.0016279206822865015,V,0.0012441994594059086,0.0019127959049764082,0.24607625650419296
625,M,M,0.00046983969968174066,L,0.00042488087967640847,M,0.002176775742558033,F,0.0020165408480601345,L,0.00058735184394435,I,0.0020635065156526734,L,0.0009297309223638081,M,0.002281812056945556,L,0.00017921261601485484,L,0.00018037705720853886,F,0.003045963664994652,L,0.00058735184394435,F,0.0020149068407764566,L,0.00058735184394435,L,0.00058735184394435,L,0.0003626380920915902,I,0.0024269786546921774,L,0.0019263346229390571,I,0.003290654772775839,L,0.0020562176893951147,I,0.003530034392348483,L,0.00042248218256046475,I,0.0028906094328307206,I,0.0019507600994005056,M,0.000837411783818772,M,0.000837411783818772,M,0.0004563096090639966,M,0.0002987631669632757,M,0.0016696450754442262,L,0.001075829614109349,L,0.0003913341705650766,L,0.0011753981952434208,M,0.001143283786513947,M,0.0011511597523779277,M,0.001143283786513947,M,0.0007580756094051279,L,0.00047888259422385407,0.0013082825158596185,0.16830716916271998
626,N,N,0.0,N,0.0,N,0.0,N,0.0,N,0.0,N,0.0,N,0.0,N,0.0,N,0.0,N,0.0,N,0.0,N,0.0,N,0.0,N,0.0,N,0.0,N,0.0,N,0.0,N,0.0,N,0.0,N,0.0,N,0.0,N,0.0,N,0.0,N,0.0,N,0.0,N,0.0,N,0.0,N,0.0,N,0.0,N,0.0,N,0.0,N,0.0,N,0.0,N,0.0,N,0.0,N,0.0,N,0.0,0.0,0.0
627,K,K,0.0008646963468272682,E,0.003329210541141696,K,0.0006836112033451271,W,0.001120434882203224,W,0.0001262653208209586,R,0.0005031112845456725,T,0.0006377430176897832,T,0.0003473658671949097,W,0.00012573152185236134,W,0.00012573152185236134,W,0.0012663100317544544,W,0.0001262653208209586,W,0.001120434882203224,W,0.0001262653208209586,W,0.0001262653208209586,W,0.0007747405147208649,T,0.0001579361945322736,E,0.0009872932328332238,K,2.6772587421060715e-05,E,0.0009983372362990513,T,0.00021047668354490988,E,0.0033979881282973686,E,0.00012337473267571655,K,0.00022145331494073856,S,0.00331729512846384,S,0.00331729512846384,S,0.0016351436285475304,K,0.0011189722653606425,T,0.00029896499502187683,T,0.000758569043914992,W,0.00024434277429479705,W,0.0001829981326755424,T,0.0011820084717642273,T,0.0009816259010187118,T,0.0011820084717642273,G,0.001978544175486606,G,0.001370837662929033,0.0009485519132125673,0.12202875554886634
628,D,D,0.0035857466732468193,A,0.006750426162000197,-,,E,9.621893720212018e-05,E,2.056795373719017e-05,E,0.00023112036658814604,A,0.001921518935749317,A,0.0023345513829572976,E,6.685835207648294e-06,E,0.00012791460991630731,E,0.0001054744222878913,E,2.0567953737189967e-05,E,1.8408433778606416e-05,E,2.0567953737189967e-05,E,2.056795373719017e-05,E,2.95093465233424e-05,A,0.0056342915372982584,E,0.0005381442467064429,E,0.00040957713976356997,E,0.0005381253068379464,D,0.0011543880347519005,A,0.00698844173975599,E,0.0001524259720005389,Q,0.0004098627469362026,E,0.0001317328726075986,E,0.0001317328726075986,A,0.0029171036621078125,D,0.0024306676999707342,A,0.0023781930551812457,A,0.0010038658823566123,E,7.460485083341137e-05,E,9.95220325111241e-05,A,0.003306358188882286,A,0.003306358188882286,A,0.003306358188882286,D,0.002399068571375091,N,0.001027328799180384,0.001489666625273216,0.1916417667105935
629,R,-,,-,,-,,L,3.0689949353385283e-06,L,0.0007779509885321923,F,5.2001951566988677e-05,-,,-,,L,0.0006908412413851473,L,9.149142465156979e-05,L,1.2425592053776599e-05,L,0.0007779509885321923,L,0.00011980533063973752,L,0.0007779509885321923,L,0.0007779509885321923,L,0.00013500678905593256,Q,0.00024111575977349813,Y,0.0010673829276214102,F,5.795229536650646e-05,Y,0.0010673829276214102,Y,0.00020796410340174758,-,,F,0.00010082314708236703,F,5.2001951566988677e-05,-,,-,,R,0.0010968639413289603,R,4.2657075855155526e-05,-,,-,,L,1.4909368950686406e-05,L,2.3934832603890077e-05,-,,-,,-,,R,0.00027369792435295414,R,0.0023444855802101103,0.00045031737975637277,0.05793216869658239
630,A,S,0.0026051424956876185,H,0.002432166597993187,-,,L,0.00025823955495198406,L,0.00028411084012851565,F,0.0006218353840751229,M,0.003025761713518285,M,0.00029723158076213555,L,0.0003584626676386177,L,0.00036200585498839463,L,0.0002281860910216643,L,0.00027157021777834967,L,1.5364226399807156e-05,L,0.00027519172887723725,L,0.00031044441041535773,L,0.00034232073075181736,H,0.0018348724508425892,F,0.0036261284136256617,-,,F,0.003645595647101208,L,0.000149461674223885,H,0.002089984462847332,L,0.00026817181100548964,F,0.0028484576443991378,T,0.002568502871408199,T,0.002568502871408199,F,0.0031323595324803926,A,0.006818584588492475,M,0.00045764417070360424,M,0.0016510722848494563,L,6.598763037335446e-05,L,0.0005379799323692797,M,0.0028546836693414176,M,0.0028479694114072317,M,0.0028546836693414176,A,0.0017922799323916577,V,0.0003262544150197852,0.001560777462246282,0.20078999235959596
631,A,E,0.0008001710880409885,-,,-,,K,0.0007177374080349566,N,0.002535686457500693,-,,-,,-,,-,,-,,K,0.0007177374080349566,N,0.002535686457500693,K,0.00030259428288892864,N,0.002535686457500693,N,0.002535686457500693,-,,D,0.002219307993584261,K,0.0006493714652308843,-,,K,0.0006102666727683545,H,0.0004383999883106435,-,,-,,-,,K,0.00023046909134584323,K,0.00023046909134584323,G,0.0005196986098367967,A,0.002767829360082253,-,,-,,-,,K,0.0006386790613196754,-,,-,,-,,-,,-,,0.0012344398441663034,0.15880750002745841
632,-,-,,-,,-,,-,,-,,-,,-,,-,,-,,-,,-,,-,,-,,-,,-,,-,,-,,-,,-,,-,,-,,-,,-,,-,,T,0.0,T,0.0,-,,-,,-,,-,,-,,-,,-,,-,,-,,-,,-,,0.0,0.0
633,S,-,,N,0.0016069757040809813,C,0.0001251582197039224,-,,-,,-,,A,0.0019182014294000427,A,0.0006903756219968829,-,,-,,-,,-,,-,,-,,-,,-,,-,,V,0.0006923921714772249,-,,V,0.0009490635203522775,-,,N,0.00042878148031205607,-,,-,,A,3.87485781504487e-05,A,3.87485781504487e-05,N,0.0019321845295135773,S,0.0036905516781675783,A,6.712493001513333e-05,A,0.0005952894311876464,-,,-,,-,,-,,-,,-,,-,,0.0009825842978852478,0.12640693400396252
634,S,-,,-,,L,0.0001886183492534598,-,,-,,-,,E,0.0009189737277224348,D,0.0029517442389084677,-,,-,,-,,-,,-,,-,,-,,-,,-,,-,,F,2.2205709614911867e-05,-,,-,,-,,-,,-,,C,0.0021404218386956867,C,0.0021404218386956867,P,0.001104303770856688,S,0.0007327824799011038,D,0.002962068822627763,K,0.007734478660014859,-,,-,,A,0.0006052465445871809,A,0.0006052465445871809,A,0.0006052465445871809,-,,-,,0.0017470583900040468,0.2247545529494118
635,-,-,,-,,-,,-,,-,,-,,-,,-,,-,,-,,-,,-,,-,,-,,-,,-,,-,,-,,-,,-,,-,,-,,-,,-,,-,,-,,-,,-,,-,,-,,-,,-,,-,,-,,-,,-,,-,,,
636,-,-,,-,,-,,-,,-,,-,,-,,-,,-,,-,,-,,-,,-,,-,,-,,-,,-,,-,,-,,-,,-,,-,,-,,-,,-,,-,,-,,-,,-,,-,,-,,-,,-,,-,,-,,-,,-,,,
637,-,-,,-,,-,,-,,-,,-,,-,,-,,-,,-,,-,,-,,-,,-,,-,,-,,-,,-,,-,,-,,-,,-,,-,,-,,-,,-,,-,,-,,-,,-,,-,,-,,-,,-,,-,,-,,-,,,
638,-,-,,-,,-,,-,,-,,-,,-,,-,,-,,-,,-,,-,,-,,-,,-,,-,,-,,-,,-,,-,,-,,-,,-,,-,,-,,-,,-,,-,,-,,-,,-,,-,,-,,-,,-,,-,,-,,,
639,-,W,0.0031998312513945104,V,0.0041147520673158605,F,0.001450333435051629,-,,P,0.005381675686456454,C,0.0012507811276606243,A,0.00429574433256119,P,0.0026145279202534994,K,0.0038534374650715125,K,0.003816609702762735,-,,P,0.005381675686456454,-,,P,0.005294609920550294,P,0.004686361319132877,N,0.0023673117005527248,-,,-,,-,,-,,-,,V,0.0046571779376371105,R,0.0026124373444748918,R,0.001027328799180384,N,0.002665172048582811,N,0.002665172048582811,-,,-,,P,0.0016931946456858152,P,0.0025657521961108183,K,0.002059367765190562,-,,-,,I,0.0010363488796519583,-,,-,,-,,0.003122254694559887,0.40167000833233985
640,-,A,0.004353561912352616,A,0.005496920380741306,E,0.001560920438342191,P,0.00205423332816107,-,,P,0.003846903891809798,D,0.0008643502898570078,-,,P,0.002304360104568419,P,0.0009743459282612482,P,0.0019737520969292524,-,,P,0.0014584425158812415,-,,-,,P,5.78550403093532e-05,-,,D,0.0018821508736122012,R,0.0016991082309945373,D,0.002329694498522712,-,,A,0.0033659412397847354,-,,-,,S,9.5253989853573e-05,S,9.5253989853573e-05,-,,-,,-,,D,0.0030326084945944153,P,0.0010293650994779562,P,0.001148368749824544,I,0.0035620380952899955,-,,I,0.003559809105400316,A,0.00194107936163616,A,0.0049667818418496,0.0022355458124128256,0.2875971991214389
641,-,E,0.00037648994268486293,A,0.0023859722382848472,Q,0.001792137499822264,D,0.0003525593232492549,N,0.002911307878920752,D,0.00038924322038280136,D,0.0021485420051500334,E,0.0003931205277189498,D,0.000889984420815071,D,0.0008992566295649931,D,0.0003525593232492549,N,0.002911307878920752,D,0.00015539057059360908,N,0.002999542083667742,N,0.002914693533974589,N,0.0021673334259556284,N,0.0005493066003225301,M,0.0029540837089498083,P,0.0024617492131767606,M,0.002666968890566967,A,0.0008337171065660859,A,0.0023241276233663213,P,0.002198704511086549,P,0.0028255475189847487,S,0.0013076366061042714,S,0.0013076366061042714,-,,-,,D,0.0005451975519770929,D,0.0002857332963721378,D,0.0008553559461805154,D,3.415211784595304e-05,D,0.0009773774992655794,D,0.0009773774992655794,D,0.0009773774992655794,A,0.00399506656982678,A,0.0014831357864487917,0.0015314197901323354,0.1970132036103715
642,P,S,0.00029777427063339183,H,0.00037445876930528396,T,0.00010221387724367042,N,0.00039286651804661506,S,3.740902671129308e-05,V,0.0004233752609538043,C,0.000568479362570585,C,0.0003474119352631327,K,0.0061154428752265835,K,0.007161194373671237,N,0.0003928665180466148,S,3.740902671129308e-05,N,5.280483551443435e-05,S,3.740902671129308e-05,S,3.740902671129308e-05,S,0.0005810738073955101,S,0.0003320923854533792,I,0.0006965144632718604,T,0.000699597271544686,I,0.0006654820705693763,T,5.415418215343335e-05,H,0.0003508842939297428,T,0.00012589073842839886,T,0.0007101087819475825,S,0.00010240710097288713,S,0.00010240710097288713,P,0.00012195507389754179,P,0.0017770408284886751,C,0.00015002196941912702,C,0.0005013266844565534,C,0.0032332666886252656,C,0.002111329687870253,C,9.989742989248783e-05,C,9.989742989248783e-05,C,9.989742989248783e-05,S,7.406314787812875e-05,S,0.0001333152516082669,0.0007892202303211228,0.10153114575869723
643,F,P,0.000593243120178489,P,0.000487360631927215,P,0.0006449382203850482,N,0.0025609260159304456,S,0.005320837724630109,E,0.0005433792623916532,P,0.0017264451764836878,P,0.0001252079666647749,N,0.002158869743748501,N,0.0025035047132304497,N,0.0025675388869718517,S,0.005320837724630109,N,0.0026323239854968276,S,0.004732687536182377,S,0.005320837724630109,S,0.00262979518893628,L,0.0008540818303574757,I,0.00021172411609852402,E,5.727495722950707e-05,I,0.00021812532290137985,Q,0.0016627430984382063,P,0.0004037488124810934,A,0.0008589050385289244,E,0.0005042812621896515,-,,-,,Y,2.8019987001535505e-07,F,0.0004530718718899649,P,9.460004675098975e-05,P,0.0014964095451918589,N,0.002029621631346295,N,0.0038301515458784665,P,0.0007011182394660063,P,0.0007368743119372835,P,0.0007011182394660063,S,0.0017075196864360885,S,0.0021466393379090194,0.0016724863633367048,0.21516105417910955
644,-,F,0.00012839773686165032,F,0.0007817621610839982,F,0.0007340979943397225,V,0.006510562444064874,V,0.005281073389810681,V,0.004638366465618721,F,0.00040200525553690157,L,0.0004299568372642648,V,0.0036557608315881066,V,0.003776812758353071,V,0.006510562444064874,V,0.005281073389810681,V,0.0065036598266725995,V,0.005281073389810681,V,0.005281073389810681,V,0.002911630003398984,F,0.000865884109487282,I,0.0004781822000503144,V,0.002908673941984453,I,0.000346599469968124,V,0.0010016858902312739,F,0.0009077747570440277,A,0.00038047419164707045,V,0.0021921055425735045,R,0.002366304226485545,R,0.002366304226485545,L,0.0009468794166368299,-,,L,0.0009592968908837637,F,0.0005377175779103398,V,0.004054120574563147,V,0.002453468139936985,F,0.0004360653357056187,F,0.0004360653357056187,F,0.0004360653357056187,F,0.00044952499490334295,F,0.0004976917887786752,0.002309132007354932,0.2970638731845897
645,S,S,0.0003451616914430868,P,0.00029323327069099165,A,0.002541516856390278,P,0.0001298037012050902,P,9.319783533862508e-05,P,0.00017138239806238775,T,0.001953941318834066,S,0.00036234733211208556,P,4.278761213781694e-05,P,4.278761213781694e-05,P,0.0001298037012050902,P,9.319783533862508e-05,P,6.544604207194288e-05,P,9.319783533862508e-05,P,9.319783533862508e-05,P,9.425926676708689e-05,C,0.000817143560854991,P,0.00011015027811390442,P,0.00014801222723728532,P,0.00011015027811390442,P,0.00021988339845133682,P,0.00013684643314263478,P,0.0002843792657896298,P,8.293710709767431e-05,S,0.0003144097906011239,S,0.0003144097906011239,P,0.00026498844564044107,S,0.0003430731421072503,S,0.0002874710122695958,T,0.000901048294773091,P,0.00011862269479731519,P,8.628057961928816e-05,T,0.0025964092448525506,T,0.0025964092448525506,T,0.0025964092448525506,E,0.004065658242651807,E,0.0020809236550323757,0.0006762399479963423,0.08699652402464884
646,H,K,0.0007586700158820526,K,0.0029956581112110504,E,0.0006105043911339634,V,0.004597704699044389,I,0.0003810375872169792,K,0.001027328799180384,E,0.001027328799180384,E,0.001027328799180384,I,0.00038258709618643164,I,0.00038258709618643164,V,0.004597704699044389,I,0.0003782236133729173,V,0.005678452462195389,I,0.0003810375872169792,I,0.0003810375872169792,I,0.00022504440154209784,E,0.00016673113597358419,R,0.0022373377749126005,M,0.003064292337325078,R,0.0022579479642441656,T,0.006314674796951855,K,0.0011030080927585768,V,0.0013179484583728221,M,0.0043776523966655816,R,0.0002830701722696139,R,0.0002830701722696139,D,3.4773646960935935e-06,H,1.4863866989842015e-05,E,0.0001087087650173083,E,0.0006526539199051531,I,0.00024331318142222232,I,0.00044374973184037195,E,0.001270830032006556,E,0.0012694865165311271,E,0.001270830032006556,E,0.00031118968079431325,E,0.0013018815425392888,0.0014359176670400956,0.18472710195279246
647,I,T,0.002851342821640468,M,0.0040363283792188495,P,0.002704295389749338,S,3.219742654981524e-05,S,0.0008076238796391792,F,0.0010631433491387627,Q,0.00018281484397432494,D,0.001027328799180384,S,0.0011386700951493054,S,0.0011386700951493054,S,2.4500954453419954e-06,S,0.0008076238796391792,S,8.589680534807759e-05,S,0.0008076238796391792,S,0.0008076238796391792,S,0.0008481663011185525,K,0.005700825601227464,V,0.0003247634045041258,F,0.0011254950025205688,V,0.0003247634045041258,F,0.0007080460867105339,M,0.004191390638093014,P,0.0014622712117476112,F,0.0017914129213151336,G,0.0028580640994475895,G,0.0028580640994475895,V,0.0007312586344523508,I,0.0029337438749495776,D,0.0003862962694405854,Q,0.0002706002878642865,S,0.0002580271988754165,S,0.00012993883797565982,D,0.0015170235656218403,D,0.001513038992655231,D,0.0015170235656218403,M,0.002263687506791093,Y,0.0011927173977112837,0.0014162230411269231,0.18219343915826464
648,F,F,0.0008797291158627485,F,0.002508916431478256,F,0.0012036698067835034,S,0.0007753945800941269,S,0.0002985051718284973,V,0.00036391637999175577,A,2.9846113216236772e-05,L,0.0012992682374902667,S,5.393411521881324e-05,S,3.609079338481307e-05,S,0.0007753945800941271,S,0.0002985051718284973,S,0.0003807220817449482,S,0.0002985051718284973,S,0.0002985051718284973,S,5.0402398774305226e-05,F,0.0005661062728033564,L,0.00023217079429837482,V,0.0010395460752145068,L,0.0002413396129198953,V,0.0010088959029445517,F,0.0023738983493326172,V,0.001027328799180384,V,0.0008959059935257197,F,0.0015285404554116907,F,0.0015285404554116907,F,0.001642037323991356,F,0.003079343305876589,L,0.00104317462664149,V,0.001027328799180384,C,0.0003323201485709144,S,0.0002035366044942046,F,0.0018708054715811614,F,0.00176114364637916,F,0.0018708054715811614,L,0.0008885298217457678,F,0.0015058451802034015,0.0009518499576415204,0.12245304045283852
649,I,V,0.0005480493013844402,V,0.0009199225784686931,V,0.0021998867596685944,K,0.00042013774440295237,K,0.0004247920307381716,L,3.403193740650321e-05,V,0.001682833952492132,V,0.00015220291754479496,K,0.0004064279823931541,K,0.0004069619530038908,K,0.00046020511099262556,K,0.0004247920307381716,K,0.0004714898819197993,K,0.0004325806622785212,K,0.0004247920307381716,K,0.000220501497012531,M,5.349265206675102e-05,L,7.48207035436151e-05,L,0.0007208255345743851,L,6.682698845179149e-05,L,9.309156673447213e-06,V,0.00010014480859573123,L,7.277143833153316e-05,L,0.0007336506327238624,K,0.00129107455610208,K,0.00129107455610208,I,0.00010292722338829506,I,6.39317650017758e-05,V,0.00032065874910423717,V,0.0016982187333737045,K,0.0001524424392185882,K,0.0009010692780554618,A,0.0014555331220844072,A,0.0014550403082701842,A,0.0014555331220844072,K,0.00028658321437117476,Q,0.0007095985041141413,0.0006120306988490487,0.07873616983735465
650,E,T,0.0006932306934891524,K,0.0012856299504943075,G,0.0002817377698507277,K,0.000701806688196651,K,0.00109581302462114,E,0.0004893905334383855,E,0.0002966787509640122,D,0.00025853502248444156,K,0.0006632985964949587,K,0.0006632985964949587,K,0.0007018066881966505,K,0.0010958130246211395,K,0.0007185048394970771,K,0.0010958130246211395,K,0.00109581302462114,K,8.026025696338057e-06,G,0.0005525469794421142,M,0.0009069192425839446,E,0.0003298035087299584,M,0.0009087872516030065,E,0.0005235334225472828,K,0.0012258640879276542,N,0.0014491013298164625,E,0.00033952665102437746,E,0.0001536805115691876,E,0.0001536805115691876,G,9.777151659366724e-05,E,0.0005246840152695465,D,0.001027328799180384,E,0.002132045285335857,K,0.0008289232305445844,K,0.0002650198111291484,V,0.000791383123875987,V,0.000791383123875987,V,0.000791383123875987,T,0.0016754360414078832,N,0.0034891927082838616,0.0008135997440531968,0.10466750728005636
651,I,A,0.0015029392182729605,C,0.0013791219624923277,F,0.0012679468700792819,H,0.00067214983288292,H,0.0017878092432335169,R,1.4361069732193683e-06,A,0.000497759584271115,A,0.0009979715840465573,H,0.00176162858278372,H,0.0019391483167002948,H,0.0006858834143799318,H,0.0018191213913457656,H,0.0015413827269934548,H,0.0018191213913457656,H,0.0017878092432335169,H,0.001612912922467721,C,0.0014982652213627245,C,0.0008201887734876687,R,0.000711727964713821,C,0.0012066227789642656,P,0.00023320340366068381,S,0.001027328799180384,R,0.002301998956695449,R,0.00015892584896802625,A,0.001968409341447572,A,0.001968409341447572,I,0.0005470142095092427,I,0.001101700150766504,A,0.0008795334389766215,A,0.0006757121982219201,A,0.0007837476983808066,H,0.0004825504431006292,A,0.0010460881593577591,A,0.0010460881593577591,A,0.0010460881593577591,V,0.001027328799180384,V,0.0015884444046776612,0.0011673923957383047,0.15018201882771517
652,A,A,0.0006514381440228597,A,0.0014186026210844557,N,0.0003832741017710235,A,3.050600321881156e-05,V,0.0010639191399290982,V,5.414461225852403e-05,A,0.00018863187882636317,A,0.00023170176666241542,A,0.0001614317011619973,A,0.0001614317011619973,A,3.050600321881156e-05,V,0.0010639191399290982,A,3.367986531345092e-05,V,0.0010639191399290982,V,0.0010639191399290982,V,0.001321659674419851,A,0.00010932778456563223,I,0.0003691689255194778,V,0.0009472191236422618,I,0.0003687250265559842,A,0.0003096500521766322,A,0.001305109760183083,V,9.57968635606175e-05,V,0.0009687062359901385,A,3.2069228516907654e-05,A,3.2069228516907654e-05,A,0.0008486700586915323,A,0.00010612333337575648,A,0.00020662482716717664,T,0.004655086122577455,A,3.3343179311291356e-05,A,4.356857164860745e-05,A,0.0008401978252715806,A,0.0008411376851845616,A,0.0008401978252715806,A,0.0008261918790227145,A,0.002150908232826589,0.0006716912541192822,0.08641134629693707
653,L,K,0.0022288760721697934,M,0.0020077834167141328,V,0.003662345863554256,F,2.452764360771712e-05,F,0.00018953180257260305,L,0.0010860602312065307,A,0.0004796366895479062,A,0.000796544598657115,F,6.197343731869318e-05,F,0.00029453472216875676,F,2.452764360771712e-05,F,0.00018876044981318328,F,0.00014994783452439836,F,0.00018953180257260305,F,0.00018941903723586695,F,0.00024876283524719967,V,0.007657053893558429,I,5.575933142665043e-05,L,0.0011291727116670243,I,5.575933142665043e-05,L,0.0006852100186784854,M,0.002836290369126367,L,0.0011668403135477801,L,0.0010887177753280055,M,0.004049924320775863,M,0.004049924320775863,M,0.003759667298051916,L,0.002024336376300841,A,0.00024178840443649934,A,0.00036106784818115657,F,0.00021863242345811126,F,0.00012856851671440764,A,0.0004560586056421913,A,0.00045157959482137333,A,0.0004560586056421913,V,0.0054907513489804854,I,0.00016442063751360156,0.001306766111528983,0.16811208765922098
654,N,N,3.356677456431272e-05,N,1.0723113289273874e-05,N,1.0913377533380479e-05,D,2.6063621404817627e-06,D,4.140718257765676e-06,N,4.329110692407307e-06,N,6.568746599169323e-06,N,0.0001416036781805647,N,4.140718257765676e-06,N,4.140718257765676e-06,D,2.6063621404817627e-06,D,4.140718257765676e-06,D,1.9506267354181278e-06,D,4.140718257765676e-06,D,4.140718257765676e-06,D,1.762841062582193e-06,N,4.329110692407307e-06,N,4.329110692407307e-06,N,4.329110692407307e-06,N,4.329110692407307e-06,N,1.2378120365129202e-05,N,6.365236683041719e-06,N,1.0589741262640651e-05,N,4.329110692407307e-06,N,3.3250676263125833e-06,N,3.3250676263125833e-06,N,1.9862704406751643e-06,N,7.010426313265258e-06,N,0.0001416036781805647,N,1.5657099370731986e-05,D,1.3157664224874204e-06,D,1.3114167349432455e-06,N,0.000141623350735231,N,0.000141623350735231,N,0.000141623350735231,D,4.259644999833284e-06,N,7.010426313265258e-06,2.4435915418691867e-05,0.0031436174527772983
655,L,F,0.0006881896997034219,L,0.0002957379096011048,T,0.0013383484111521588,I,0.00016455686646151975,V,0.004091124472661563,F,0.0009821274515784161,F,0.0013689646474699128,L,0.0017673323732175844,I,0.001027328799180384,I,0.001027328799180384,I,0.0001966761211570341,V,0.004091124472661563,I,0.000261814021423251,V,0.004092701839727543,V,0.004091124472661564,I,0.001027328799180384,I,0.0021131331229364333,L,0.001964154614003299,L,0.0006963785125726385,L,0.0018963228832321246,L,0.0017031987661138513,L,0.00012000713500672363,L,0.0011888060528885533,L,0.001019098403214801,L,0.0012403310658128204,L,0.0012403310658128204,L,0.0017100921578990884,L,0.0009993947928521988,L,0.0010541264867110335,L,0.0032820587513678516,I,6.475272023194939e-05,I,0.0004451650747700675,L,0.0013701155071055863,L,0.0013686676368088644,L,0.0013701155071055863,I,0.00022688385093352011,L,0.0014301700802200389,0.0014328409012058824,0.18433128396894305
656,A,G,0.00033527252632455974,A,0.0006209134342471768,V,0.0005664143910118375,T,0.00308513993471238,S,0.003344322154072149,T,0.001337600563960288,G,0.001027328799180384,G,0.0001730089174296772,S,0.0005841113652237707,S,0.0005810188521194058,T,0.00308513993471238,S,0.003344322154072149,T,0.0016609170866705492,S,0.003344322154072149,S,0.003344322154072149,S,0.0010218803562411687,A,0.00016271878951403893,T,0.002111946389941811,T,0.0011854129017631798,T,0.002111946389941811,S,0.00045935167639477904,A,0.0006828496987164247,T,0.0006395741273160056,T,0.0009972299506153743,A,0.0009180322726766918,A,0.0009180322726766918,V,0.002128384413920572,A,0.0017780294550690215,G,0.00026914114369980404,G,0.001027328799180384,C,0.0002253083003968606,C,0.0005144052457655957,G,4.409349599651468e-05,G,4.409349599651468e-05,G,4.409349599651468e-05,A,0.0007789302571722241,P,0.0017810739828080233,0.00125075706307246,0.16090666812717053
657,R,-,,-,,-,,R,0.0006976890069511134,R,0.001115468368383331,R,0.0006614794958799029,-,,-,,R,0.0005873175198140092,R,0.0005873175198140092,R,0.0006653445570667168,R,0.001115468368383331,R,0.0006653445570667168,R,0.001115468368383331,R,0.001115468368383331,R,0.0005122614582761844,R,0.00031247347117955627,R,0.002186212236771056,R,0.0019920364777353122,R,0.002186212236771056,R,0.0020261230268516146,-,,R,0.0019395443098131758,R,0.0021095215590404225,-,,-,,R,0.0021746805798702794,R,0.0033452317551332777,-,,-,,R,0.0006297207944635441,R,0.00021526323621980252,-,,-,,-,,R,0.0007047409969695549,R,0.0011198643993540372,0.001240843861190611,0.15963136028972205
658,-,-,,-,,-,,-,,-,,-,,-,,-,,-,,-,,-,,-,,-,,-,,-,,-,,-,,-,,-,,-,,-,,-,,-,,-,,-,,-,,-,,-,,-,,-,,-,,-,,-,,-,,-,,-,,-,,,
659,-,R,0.00018542948132125488,R,0.00021431411493496634,R,0.00013900232821170762,-,,-,,-,,R,0.00011172558040973623,R,0.0002146869587465183,-,,-,,-,,-,,-,,-,,-,,-,,-,,-,,-,,-,,-,,R,0.0002158112819926992,-,,-,,R,0.00016205198655167225,R,0.00016205198655167225,-,,-,,R,0.00010009367599123782,R,7.350002000947864e-05,-,,-,,R,0.00021426737406292527,R,0.00021426737406292527,R,0.00021426737406292527,-,,-,,0.00017088227206997844,0.021983563277457943
660,-,-,,-,,-,,-,,-,,-,,-,,-,,-,,-,,-,,-,,-,,-,,-,,-,,-,,-,,-,,-,,-,,-,,-,,-,,-,,-,,-,,-,,-,,-,,-,,-,,-,,-,,-,,-,,-,,,
661,-,-,,-,,-,,-,,-,,-,,-,,-,,-,,-,,-,,-,,-,,-,,-,,-,,-,,-,,-,,-,,-,,-,,-,,-,,-,,-,,-,,-,,-,,-,,-,,-,,-,,-,,-,,-,,-,,,
662,-,-,,-,,-,,-,,-,,-,,-,,-,,-,,-,,-,,-,,-,,-,,-,,-,,-,,-,,-,,-,,-,,-,,-,,-,,-,,-,,-,,-,,-,,-,,-,,-,,-,,-,,-,,-,,-,,,
663,-,-,,-,,-,,-,,-,,-,,-,,-,,-,,-,,-,,-,,-,,-,,-,,-,,-,,-,,-,,-,,-,,-,,-,,-,,-,,-,,-,,-,,-,,-,,-,,-,,-,,-,,-,,-,,-,,,
664,-,-,,-,,-,,-,,-,,-,,-,,-,,-,,-,,-,,-,,-,,-,,-,,-,,-,,-,,-,,-,,-,,-,,-,,-,,-,,-,,-,,-,,-,,-,,-,,-,,-,,-,,-,,-,,-,,,
665,-,-,,-,,-,,-,,-,,-,,-,,-,,-,,-,,-,,-,,-,,-,,-,,-,,-,,-,,-,,-,,-,,-,,-,,-,,-,,-,,-,,-,,-,,-,,-,,-,,-,,-,,-,,-,,-,,,
666,M,V,9.327894247573832e-05,M,0.0002306099946822366,G,2.8573587525010202e-05,V,0.00022494647454539458,A,0.00010730969607363266,V,0.001536145690806097,A,0.001017056527894192,A,0.001745577222079372,G,0.0004067842963218413,G,7.385281469709596e-05,A,7.436611850143184e-06,A,0.00010730969607363266,A,7.436611850143184e-06,A,0.00010730969607363266,A,0.00010730969607363266,A,9.309279986567808e-05,T,0.0007666302107868412,V,0.00011661049226534442,A,0.000355045865141115,V,5.177528169462464e-05,L,0.0021374581561524365,M,0.00025785935084124634,V,0.00048453090955367267,V,0.00030739348840520234,M,0.0011866597802494344,M,0.0011866597802494344,M,0.0001389592810956072,M,0.001027328799180384,A,0.0020231422379587134,A,0.000530045321707939,I,0.00015187843795863272,A,6.11316310936738e-05,V,0.0009491062884811932,V,0.0009491062884811932,V,0.0009491062884811932,A,1.7049335183193198e-06,A,0.0007960066476214736,0.0005492478332379768,0.0706593162106898
667,A,A,5.801704211530571e-05,A,5.513600522068143e-05,S,0.0021032907562908297,V,0.006002769074199593,L,0.004629251008704131,I,0.001558573307868966,A,0.0005514207469958143,S,0.0006786691172505942,L,0.001479453927268277,L,0.001479453927268277,V,0.006002769074199593,L,0.004629251008704131,V,0.006002769074199593,L,0.004629251008704131,L,0.004629251008704131,F,0.0001304612573493382,G,0.0008380135167839623,A,0.000892001800761916,A,0.0027973034479777453,A,0.000998112311856388,V,0.0020091840012230948,A,5.7742827239697e-05,V,0.0003550719218008764,A,0.0028839607497721923,S,0.0006608809833724751,S,0.0006608809833724751,S,0.0005057821182786819,A,0.0018791568389038248,S,0.0005080052831837574,A,0.0007162391000182425,F,0.00048052951740651037,V,0.00777318353322648,A,0.0005803992143887427,A,0.00015325279765201054,A,0.0005803992143887427,S,0.00235315138158655,A,0.00043860839893605677,0.0019659904672209142,0.25291959964888083
668,Q,L,0.0017276404083477676,Q,0.00021006039482514822,Q,0.00041755888791007267,H,0.0033481492593020966,H,0.003218062696300233,N,0.0006105297090507466,Q,0.0005988885467609285,Q,0.0002576247131841236,H,0.0008043898506399368,H,0.0010130651666658615,H,0.0035068233698121007,H,0.003270060102133018,H,0.002731660162715199,H,0.003218062696300233,H,0.003218062696300233,H,0.0019020400028449866,Q,0.0007455688734975809,E,0.004535728606984299,D,0.0026218914254933297,E,0.005477808358672,D,0.002247122068525623,Q,0.00039085824625996517,D,0.0064899665808792325,D,0.005328009483189249,Q,0.00029484721723976393,Q,0.00029484721723976393,Q,0.0006851674074510281,Q,0.0012303974624005161,Q,0.00020915653022759745,Q,0.0002987090720716417,H,0.0023897664973386665,H,0.0028869197487561686,N,0.0022113694421901637,N,0.0023131678819880847,N,0.0023131678819880847,Q,0.002064195190650223,Q,0.0005012530829039588,0.002042772890244314,0.26279746020565187
669,C,V,0.0012018466113639188,C,0.0029688673872472044,F,0.0006473590908040693,H,0.00029276674690202837,Y,4.4877487688135925e-05,T,0.0005647982207267985,F,0.0002978539862045489,F,0.0005617143326478363,H,0.000579953585103872,H,0.0005887051521424161,H,0.0003068006622822399,Y,4.4877487688135925e-05,H,1.2511416472014416e-05,Y,4.4877487688135925e-05,Y,5.28868602852651e-05,Y,0.0001020371420868651,T,0.00019775588804616504,F,0.002118935940251687,T,0.0009233882817269301,F,0.002013653313148677,I,0.00021629023238695476,C,0.002877359195485521,L,4.6673080994871975e-05,T,0.001027328799180384,C,0.0018692516711285234,C,0.0018692516711285234,C,0.0034068542296236477,C,0.0034139679566862263,F,4.9817258452357187e-05,F,0.0020111642040951004,H,9.470662371768371e-05,H,0.00029912459255642705,L,0.0010303996079541339,L,0.0010303996079541339,L,0.0010303996079541339,F,0.0003006731125414056,F,0.0014109432455521815,0.0009608397777810581,0.1236095576122637
670,L,M,4.3055219214203146e-05,M,0.0009568777075377601,F,0.004857785159658507,G,0.00777318353322648,G,0.007219679923589635,L,0.0030836754327326727,I,0.00777318353322648,I,0.0055006230613881876,F,0.007189436978055519,F,0.006665061908263828,G,0.00777318353322648,G,0.007226788303233134,G,0.00777318353322648,G,0.007219679923589635,G,0.007219679923589635,G,0.00564450412116445,I,0.005718763840320543,I,0.007134732945103591,L,0.002542877194569592,I,0.007389964645288476,-,,M,0.001027328799180384,L,0.0014571010744451125,L,0.002076510629900597,M,0.0012301039330206826,M,0.0012301039330206826,M,0.00028723869226925103,L,0.0037381949168931697,I,0.004180664514937139,I,0.006018606196055014,G,0.00777318353322648,G,0.00777318353322648,A,0.00777318353322648,A,0.00777318353322648,A,0.00777318353322648,F,0.00772323165557942,F,0.00777318353322648,0.005342058499024045,0.6872420387592049
671,Y,Y,0.0,Y,0.0,Y,0.0,Y,0.0,Y,0.0,Y,0.0,Y,0.0,Y,0.0,Y,0.0,Y,0.0,Y,0.0,Y,0.0,Y,0.0,Y,0.0,Y,0.0,Y,0.0,Y,0.0,Y,0.0,Y,0.0,Y,0.0,-,,Y,0.0,Y,0.0,Y,0.0,Y,0.0,Y,0.0,Y,0.0,Y,0.0,Y,0.0,Y,0.0,Y,0.0,Y,0.0,Y,0.0,Y,0.0,Y,0.0,Y,0.0,Y,0.0,0.0,0.0
672,-,-,,-,,-,,-,,-,,-,,-,,-,,-,,-,,-,,-,,-,,-,,-,,-,,-,,-,,-,,-,,-,,-,,-,,-,,-,,-,,-,,-,,-,,-,,-,,-,,-,,-,,-,,-,,-,,,
673,Q,Q,0.00023482766881507313,Q,0.000679034208835977,Q,0.000609453411895503,K,0.00020703695195497138,K,0.00015225411324566534,K,0.0010986311714011536,R,0.0015916064032203664,L,2.550760478358799e-05,K,0.00028773338009166586,K,0.0002652239874929187,K,0.00018177741386765512,K,0.00015225411324566534,K,0.00017571613285055895,K,0.00015225411324566534,K,0.00015225411324566534,K,0.00012217451521890542,Q,0.00019694694085092495,K,0.0015113031960712982,K,0.0013354982576687208,K,0.0014962012184884174,L,0.001164410001350472,Q,0.0006636343595230383,K,6.212496714393303e-05,K,0.0010198396112474169,Q,8.071725837761252e-05,Q,8.071725837761252e-05,L,0.0010641489443621419,Q,0.0008926470274737644,L,9.27516417242115e-05,R,0.0018281622497074554,K,0.00014928244462826255,K,0.00015278285559112205,V,0.0005056830037974688,V,0.0005056830037974688,V,0.0005056830037974688,H,0.001124345470164819,G,0.001027328799180384,0.0005823684004522975,0.07492019170304719
674,H,Y,0.0003510906354073813,H,0.0013717301836422048,H,0.0005334778298670377,Y,0.0004034986874434328,Y,6.720893493738707e-05,E,0.0005852398001686976,E,0.0014699352058697602,E,0.0007279874721881365,Y,3.429421030499562e-05,Y,3.979888363076536e-05,Y,0.0004034986874434328,Y,6.720893493738707e-05,Y,0.0004179816423202248,Y,6.720893493738707e-05,Y,6.720893493738707e-05,Y,3.898826569277603e-05,H,0.0002065191953154697,D,0.00039129759758246504,E,0.0001913072851930586,D,0.00024741704928585165,Q,0.00011245712423561286,H,0.0013840554665866805,R,0.0005007331582067583,E,0.00017849406277144314,Y,0.00045685358754799725,Y,0.00045685358754799725,Y,4.030279911669789e-05,H,0.0018858383705982764,E,0.0010043445076377423,E,0.0003470819793828369,Y,0.00040657200228024295,Y,0.00010813785209395584,E,0.0014932574817900937,E,0.0014932574817900937,E,0.0014932574817900937,N,0.0002135274651300272,K,0.000238327572845927,0.0005269256852015599,0.06778762947629058
675,G,G,0.00020820408704856538,G,5.273800848831012e-05,G,0.00016568723164616576,R,9.135804846627931e-07,R,1.4442577814884925e-05,K,0.0002541205377255471,G,0.0007809450768319757,G,1.899768482474102e-05,R,1.2373908063713409e-05,R,1.2373908063713409e-05,R,9.135804846627931e-07,R,1.4442577814884925e-05,R,9.135804846627931e-07,R,1.4442577814884925e-05,R,1.4442577814884925e-05,R,1.4834979188563864e-06,G,0.00023780804142093997,E,6.906542123734881e-05,K,0.0002335131480318773,E,6.906542123734881e-05,E,1.0993947881634314e-06,G,7.13125026947743e-05,G,3.355114267198409e-05,K,4.5576999185211565e-05,G,0.00025463151887421243,G,0.00025463151887421243,G,0.0006709244423974999,G,3.4269362273839115e-05,G,1.899768482474102e-05,G,4.3894594117554887e-05,R,6.214465924306479e-06,R,5.9672238903821095e-06,G,2.3719693517816808e-05,G,2.3719693517816808e-05,G,2.3719693517816808e-05,G,7.616717364097815e-05,G,5.9678355613903024e-05,0.00010337736447507688,0.01329923113653373
676,D,D,0.00018058829271339096,D,0.00021595014980363346,D,0.0001807405044672996,D,0.0001950471665312055,D,0.00019189090947293325,D,0.00020601936855678735,D,8.089172329737243e-05,D,0.00014419167638611354,D,0.00034597240828521,D,0.00032642214538372355,D,0.0001950471665312055,D,0.00019189090947293325,D,0.00020308463475213925,D,0.00019189090947293325,D,0.00019189090947293325,D,0.0003374801588894834,D,0.0002173371903924946,D,0.0002319200934066123,D,0.00019958202466030002,D,0.00023082615210876282,D,0.00017263308766368206,D,9.591179566941108e-05,D,0.00021226017279107383,D,0.00020748454328366344,D,0.00019707407921692462,D,0.00019707407921692462,D,0.000172302943475416,D,6.799694557077269e-05,D,6.562877747500675e-05,D,7.381096007483662e-05,D,0.00015545122199577723,D,0.00020505434936062052,D,0.00015388517142346096,D,0.00015388517142346096,D,0.00015388517142346096,D,5.070229007541379e-05,D,0.00017598815718222174,0.0001829646867940431,0.02353793474860852
677,G,G,0.00013092500718706157,G,6.349410334385669e-05,G,7.667211548255082e-07,G,0.0005528713408680432,G,0.0005509900022991651,E,0.00013212537041783196,G,0.00013131921057160076,G,9.327900892854397e-05,G,0.00014277265791239573,G,0.000143123024344373,G,0.0005528713408680432,G,0.0005509900022991651,G,0.0005528713408680432,G,0.0005509900022991651,G,0.0005509900022991651,G,0.00016993924073244098,G,6.961341556890203e-05,A,0.0020392266270144103,A,0.00191056940049225,A,0.002024641962950767,D,0.00010511558395833774,G,7.575500710636007e-05,A,0.0025171305934125004,T,0.001114650261344089,G,0.00013722860402123416,G,0.00013722860402123416,G,5.122460957936105e-05,G,8.750612538877109e-05,G,9.131438745579112e-05,G,0.0001493214338885936,G,5.938991587705101e-05,G,0.000190636271315603,G,0.0005273252411627488,G,0.0005273252411627488,G,0.0005273252411627488,K,0.00036500869071766644,G,1.033958065973977e-05,0.00047535662634201706,0.06115340314687087
678,H,H,7.770422445166425e-07,H,0.00018657641450844532,Y,0.00777318353322648,Y,0.00777318353322648,Y,0.00777318353322648,Y,0.007437688479904905,H,0.0011422699539668751,H,0.0004223863096271686,Y,0.00777318353322648,Y,0.00777318353322648,Y,0.00777318353322648,Y,0.00777318353322648,Y,0.00777318353322648,Y,0.00777318353322648,Y,0.00777318353322648,Y,0.00777318353322648,H,0.00028126173956806547,Y,0.00586537161119209,Y,0.00777318353322648,Y,0.0057460897174656965,F,0.001027328799180384,H,0.0004758681675384257,F,0.001027328799180384,Y,0.00777318353322648,H,0.001027328799180384,H,0.001027328799180384,H,0.001027328799180384,H,0.00027680937480841514,H,0.00025122604314261845,H,0.0027789883479442004,Y,0.005690106156415739,Y,0.00777318353322648,F,0.000726306959595439,F,0.0007658248750239429,F,0.000726306959595439,Y,0.003982765180124038,Y,0.00777318353322648,0.004283541089917978,0.5510665059699128
679,G,G,9.18348482560875e-05,G,0.0010183286079171454,A,0.0036725477689705183,S,0.00043297288147996964,S,0.0009208963100203107,T,0.0019143643975308275,-,,G,0.0007205419208332671,T,0.0003849855583959648,T,0.0001491131184263262,S,0.00043297288147996964,S,0.000923377059385895,S,0.00042735477218422505,S,0.0009208963100203107,S,0.0009208963100203107,S,0.0002592331174999221,G,0.002899723865054693,T,0.0027365103473404404,T,0.003213724897612667,T,0.0016565036461804446,T,0.0008953329271192229,G,0.001140188669572336,T,0.001315167981179344,T,0.001969013540410162,G,0.0005028560799645676,G,0.0005028560799645676,G,0.0007175002675153133,G,0.0005506749278374793,G,0.0004676576694640465,-,,G,0.004066710636108728,S,0.00045987987099844183,-,,-,,-,,G,0.0025884256044284935,A,0.001027328799180384,0.0012468866147610123,0.16040874494101345
680,L,L,0.0006558589424597843,H,0.001303713665708153,V,0.0005861313634515762,V,0.002545873209947084,V,0.0014505287055024412,N,0.0017172499099250033,-,,-,,V,0.0015999703324569442,V,0.001737539996037953,V,0.002545873209947084,V,0.0014505287055024412,V,0.0016249636948119216,V,0.0014688219354278003,V,0.0014545389189119834,V,0.0013600414054782827,I,0.0019473114463368735,F,0.0011864682131291185,N,0.0017062049900898144,F,0.0011154710298431434,D,3.4244019997469385e-05,G,0.0008297229994278242,H,0.0016936629022417547,N,0.0019615170896318235,C,0.00777318353322648,C,0.00777318353322648,-,,L,0.0014029019911291764,-,,-,,D,0.0003614433612592171,V,0.0023776264888654736,G,0.0003473243397725913,G,0.0002013027176108298,G,0.0003473243397725913,K,0.0006818419330924398,N,0.0006923769251802284,0.0016854608077938058,0.21683018297320553
681,-,-,,-,,-,,-,,-,,-,,-,,-,,-,,-,,-,,-,,-,,-,,-,,-,,-,,-,,-,,-,,-,,-,,-,,-,,-,,-,,-,,-,,-,,-,,-,,-,,-,,-,,-,,-,,-,,,
682,-,-,,-,,-,,-,,-,,-,,-,,-,,-,,-,,-,,-,,-,,-,,-,,-,,-,,-,,-,,-,,-,,-,,-,,-,,-,,-,,-,,-,,-,,-,,-,,-,,-,,-,,-,,-,,-,,,
683,-,-,,-,,-,,-,,-,,-,,-,,-,,-,,-,,-,,-,,-,,-,,-,,-,,-,,-,,-,,-,,-,,-,,-,,-,,-,,-,,-,,-,,-,,-,,-,,-,,-,,-,,-,,-,,-,,,
684,G,H,0.0005197895682926899,G,0.0011430507978564975,-,,A,0.0012522938361253224,S,0.000102232916476938,S,0.00032643802940414423,-,,V,0.000833524535803049,A,0.0010414947554992587,A,0.0011010991844408078,A,0.0012522938361253224,S,0.000102232916476938,A,0.0012486321958008813,S,0.000102232916476938,S,0.000102232916476938,A,0.0005821987435551772,Q,0.0004181798123592116,S,0.00010357924500152577,A,0.00017333916566002425,S,0.00013597883237134584,S,0.00032680769766801627,Q,0.00016765503159658514,V,0.0013945195016169054,A,0.00015162922328966282,P,0.0003269917272456679,P,0.0003269917272456679,V,0.00297857541099099,G,0.0015687699863491627,V,0.0008358363291945905,-,,A,0.000953546070250002,A,0.0004837492725087397,I,1.711350805120402e-05,V,0.0001654469541239232,V,0.00017305419137503885,A,0.0003324713759303478,A,0.0008946970127397301,0.0006364317418935073,0.08187530104918779
685,-,-,,D,0.0015547911672046618,-,,-,,-,,-,,-,,-,,-,,-,,-,,-,,-,,-,,-,,-,,-,,-,,-,,-,,-,,-,,-,,-,,-,,-,,-,,-,,-,,-,,-,,-,,-,,-,,-,,-,,-,,0.0015547911672046618,0.20001987095232032
686,-,S,0.000640252882239657,L,0.0009961554904807444,T,0.0005933167887484343,-,,-,,-,,G,0.0015362269423174115,Q,0.00033594106206515393,-,,-,,-,,-,,-,,-,,-,,-,,-,,-,,-,,-,,-,,-,,-,,-,,E,0.0010035618204345842,E,0.0010035618204345842,-,,-,,Q,0.00034081655089702995,G,0.000808612186726669,-,,-,,Q,0.0005673520999821552,Q,0.0004058168381045736,Q,0.0004058168381045736,-,,-,,0.0007197859433779641,0.0925986039440904
687,N,N,0.0019660402947345914,N,0.0027403603620770513,E,0.002684863015268959,N,0.0035956062515902698,N,0.004413239067481716,K,0.002612162809376831,H,0.004905111696334731,H,0.0015415945795186903,N,0.003708337390437932,N,0.003967079024607275,N,0.0036064119175363268,N,0.004413625960849108,N,0.002481542807561294,N,0.004403620070838018,N,0.004413239067481716,N,0.0019244963674238836,N,0.0026016532273215338,K,0.0025535312075642314,K,0.0026915012213469245,K,0.004056369999134238,Q,0.0020180891536435703,N,0.0019916388610018926,G,0.00533583701906482,K,0.0036783947562014185,K,0.0025231181997937033,K,0.0025231181997937033,Q,0.00275094917927382,N,0.004017769337447682,H,0.001121048126254902,H,0.004468518058680225,T,0.0015955467161728203,T,0.0005582064959945027,H,0.0030205509546405215,H,0.0031542693194246295,H,0.0030205509546405215,D,0.003823208952166993,D,0.002506364411542426,0.003064528784708742,0.3942437190128615
688,R,P,0.002964207486420767,S,0.0002509305217770719,S,0.0006775137163339665,N,0.0017539355446744924,I,0.0036466847784038833,G,0.0028362546313547006,F,0.0028577558337188093,S,2.127647531970343e-05,S,0.0019857359881082608,S,0.0020133177317225763,N,0.0017571263487546626,I,0.0036516219407741884,N,0.0016988323331421943,I,0.0036466847784038833,I,0.0036466847784038833,I,0.0040640648738988734,Y,3.1127282213930626e-05,N,0.001973390849389238,G,0.0026851342966557486,N,0.0021409322577350953,N,0.0014091765164760278,S,0.0002653494755762224,K,0.002115177053281518,G,0.0016683509629421727,A,5.799903764822577e-05,A,5.799903764822577e-05,E,0.0007667149864057371,R,0.0023406593279631702,S,3.288555636751363e-05,F,0.004252320528189966,I,0.00275325050084246,N,0.0035277622513277163,S,0.00027540389093361895,S,0.00027540389093361895,S,0.00027540389093361895,G,0.0015324692759847392,G,0.002169562667648529,0.0018399757107651082,0.23670812645811468
689,E,E,0.0015714923568227654,E,0.0013436648238032548,W,0.0025517706972951297,E,0.002372931079275523,E,0.0014019173598169724,K,0.0011556474293943479,Q,0.00017872139026378994,E,0.003244161493452994,E,0.0012378857782020809,E,0.001507850177555883,E,0.002225934383308484,E,0.0014019173598169724,E,0.0026395603436983783,E,0.0014019173598169724,E,0.0014019173598169724,E,0.0007943719495729722,K,0.0025264326950933426,N,0.0008107104840751727,K,0.0014723951732441415,N,0.0003876677148579159,F,0.0012435083890629524,E,0.0009702433982629928,L,0.0026653479973398303,K,0.001630496043865251,K,0.0002933600186138165,K,0.0002933600186138165,N,0.0018279555400212081,E,0.0018519199403997486,E,0.001775704439504313,Q,0.0019309878413737757,E,0.0017885410324570642,E,0.0016260551179718553,N,0.003708746237502186,N,0.003702330751474141,N,0.003708746237502186,E,0.0016830550561226063,E,0.003823141429381708,0.0017879018080717171,0.23000895327240498
690,T,A,0.00034204273801239173,T,0.0015711784507316511,T,0.002069795734152586,I,0.0004207395899363598,T,0.0008545156826720871,F,0.0035576915755871907,I,0.0007600826673916926,I,0.001328068910476678,T,0.0002895060440475002,T,0.0013349949742546253,I,0.0004207395899363598,T,0.0008545156826720871,I,0.0004349533882297544,T,0.0008545156826720871,T,0.0008545156826720871,T,0.0006813267983746468,I,0.00043015246248232815,L,0.0005499395667319087,L,0.0006664158143809285,L,0.0005499395667319087,L,2.846880135806137e-05,T,0.001561177091974412,M,0.0018640553247828936,L,0.0010539174924580276,T,0.004828014026487591,T,0.004828014026487591,T,0.0007291469000193764,T,0.001228362148703741,I,0.0004355697741466884,I,0.00032801489310831404,T,0.0006478052592444383,I,0.0009927346439409781,I,1.0263484499411436e-05,I,1.0263484499411436e-05,I,1.0263484499411436e-05,T,0.00131196455230379,T,0.0014736625108720406,0.0010856034730144062,0.13966008500558275
691,K,K,0.00033292933812052527,T,0.004047757579645132,K,3.883747772222275e-05,K,0.00038949259154617805,K,0.00036147493139864015,K,0.0007293709476169435,H,0.0031815357679215077,H,0.0005667535454814541,R,0.00539111961755464,R,0.005680673109550629,K,0.0003945130392907482,K,0.00036147493139864026,K,0.00023475802304650536,K,0.00036147493139864015,K,0.0003411742716554921,K,0.0005297452397747991,Q,0.007640252999137099,K,0.0009789956119870414,K,0.0009712690590907183,K,0.0009793531826709045,K,0.0008136034149011543,Q,0.004877966153214934,K,0.0012511464105653663,K,0.0011577080730340054,I,0.0016133597974864018,I,0.0016133597974864018,K,0.0004921594352017072,K,0.0007928187171133295,H,0.0015761145843895626,H,0.003290081579604336,K,0.00036223586999239207,K,0.00023543718134454557,Y,0.00777318353322648,Y,0.00777318353322648,Y,0.00777318353322648,M,0.0037229620671184105,Q,0.0030546907001095976,0.002207733799385136,0.2840192554245215
692,D,D,0.004540069651115908,N,0.00036141972128091925,D,0.0011765873990547946,N,0.003426404347854502,S,0.0015704837829394992,N,0.0004071023157052167,Q,0.00010193899078326354,N,0.0012879802700349584,N,0.001551065402849767,N,0.0018412705340797666,N,0.003095569830348833,S,0.0015729205013510627,N,0.002842320735868572,S,0.0015720611500054792,S,0.0015704837829394992,S,0.0036810643192364844,N,0.0005429895231848043,D,0.0047192394695338025,N,0.0005744766252231064,D,0.004788262074082738,D,0.0041119769678237845,N,0.0008744736660344775,D,0.0012415545733437466,N,0.00019456001883184378,D,0.0020356226843112773,D,0.0020356226843112773,D,0.003830540848836941,D,0.0031078743997052702,N,0.0014766691356679846,Q,0.0002752559803082338,N,0.0026790826893597548,D,0.00742342794225569,E,0.00777318353322648,E,0.00777318353322648,E,0.00777318353322648,T,0.00023279661040151317,K,0.0009427927562343103,0.0025677165401237437,0.3303301059531191
693,R,R,0.0003129888792471649,H,0.004737314923879355,L,0.0008774671692416441,L,0.002025184968833286,L,0.0022246884095578,M,0.003180464664621788,H,0.0066749333894146915,Q,0.00116805215815176,L,0.0018993059143632453,L,0.002205582412905079,L,0.0020639893760702782,L,0.002215625383925111,L,0.002146647775768771,L,0.0022246884095578,L,0.0022246884095578,L,0.0006710501636722451,R,0.0010775781936602905,V,0.002527041765403146,M,0.002987903702230205,V,0.0024965778554506546,T,0.00021559317312661413,R,0.001027328799180384,C,0.0046219754306393536,M,0.0032035463545383603,R,0.0010815235200127154,R,0.0010815235200127154,R,0.000725635591780314,R,0.001027328799180384,Q,0.0009480794186964594,H,0.0065143930314967,L,0.00039057052817559877,L,0.0009610505681906682,H,0.00777318353322648,H,0.00777318353322648,H,0.00777318353322648,Q,0.00377226606585921,Q,0.002271602665340047,0.0026244254592275957,0.3376255620376757
694,I,I,0.0017835557160068806,I,0.0007927004256738117,S,0.001256224113708017,V,0.00011159046752423109,V,0.0007674218200122119,I,0.0014370004719272082,V,0.00029287530728851864,M,0.0015034089784581955,V,0.0007037665315952472,V,4.997157712668979e-05,V,0.00011159046752423109,V,0.0007674218200122119,V,0.00011113476008231668,V,0.0007674218200122119,V,0.0007674218200122119,V,0.0004999731126446597,I,0.0003775568091554033,I,0.0013047060302796415,I,0.001414162647760635,I,0.0012891090901831488,I,0.0015795775054272911,I,0.0008682918483058754,I,0.0006387182406511443,I,0.0013858658280187608,V,0.00062250366499361,V,0.00062250366499361,V,0.0008318000294289509,I,0.00014198050459093996,M,0.0012799491577035816,M,0.005637188511655008,V,7.634473780036957e-05,V,0.00013347810266534413,I,0.0010869127441089743,I,0.0010869127441089743,I,0.0010869127441089743,V,0.0006962761018572794,V,0.0005555239091450906,0.0009308041574743634,0.11974555257773604
695,L,L,0.002343069049712245,M,0.001239807255445202,L,0.001364288477323941,I,0.0012075518043123531,M,0.0033400888263879136,I,0.0009678543545708776,E,0.003225625214072708,G,0.0006470778159195625,I,0.002906977684848265,I,0.002719574565314495,I,0.0011861945991818725,M,0.0033400888263879136,I,0.0012644400698063995,M,0.0033400888263879136,M,0.003341262228811667,K,0.00777318353322648,S,0.0003776711785422208,S,0.00013256038173537827,N,0.0006577739320442754,S,0.00011962529771859646,T,0.00018186324267819193,M,0.0014699216174838734,A,0.0026134812175880196,N,0.0006351166243149331,Q,0.00024879239477527775,Q,0.00024879239477527775,L,0.0019098604110569808,L,0.0021812890846409035,G,0.0007955290416759856,G,0.0067077662784948925,K,0.0026237716296504715,M,0.0014261703457119055,G,0.001992845752755118,G,0.0020307998987614327,G,0.001992032023421776,M,0.002077497903629312,M,0.001590870235501733,0.0019519244329369286,0.25111004064080383
696,S,A,0.0006686523070609096,A,0.0028607419738604376,S,0.0030342860404297283,T,0.00777318353322648,R,0.0010507801581980103,S,0.004632163962482634,N,0.0011419632262204642,G,0.0002016501018930105,K,0.0009451755962333798,K,0.0009464287741971217,T,0.00777318353322648,R,0.0010507801581980103,T,0.0075154972825260844,R,0.0010480666587307438,R,0.0010507801581980103,R,4.8370155738973556e-05,K,0.00036247675875568266,D,0.001726312090374469,S,0.005403479632137226,D,0.0018393857103741762,L,0.00029729564011348467,A,0.0013944426542685572,A,0.0009435558266904945,S,0.0038068830008202215,S,0.0020144452115558736,S,0.0020144452115558736,S,0.0035930825676651216,S,0.003826410763450825,G,0.00036871745624520813,N,0.00011872924612121746,R,0.00032559907302566634,I,0.0008802281277272756,S,0.0023720744063100495,S,0.0023759643279817407,S,0.0023720744063100495,S,0.0018979569740193577,S,0.003365642012031297,0.002244348776160928,0.2887296776883573
697,L,S,7.109990651676562e-06,L,5.12109403386862e-05,V,6.653169051648346e-06,T,4.826721484041352e-06,T,7.311270411237369e-06,L,0.00035133615638297715,L,0.0001573649693043167,L,8.727126062156006e-05,T,3.167062983426781e-05,T,3.167062983426781e-05,T,4.826721484041352e-06,T,7.311270411237369e-06,T,6.8561145434568695e-06,T,1.2051108410490585e-05,T,7.311270411237369e-06,T,3.167062983426781e-05,L,0.00015866713654361195,I,0.00014558779988594158,I,0.0015871809723706058,I,0.00014558779988594158,L,0.00014558779988594158,L,8.094450895754855e-05,M,0.0003475835759165399,I,0.0015871809723706058,L,0.0003134321793718837,L,0.0003134321793718837,L,8.201122005392536e-05,L,8.201122005392536e-05,L,8.727126062156006e-05,L,0.0001573649693043167,T,1.2051108410490585e-05,T,4.826721484041352e-06,L,8.201122005392536e-05,L,8.201122005392536e-05,L,8.201122005392536e-05,L,8.150598884038501e-05,L,0.00013357991534836648,0.00017617010383374872,0.02266382918667872
698,L,L,0.0003172305673226199,L,0.0027609190718192,L,0.001162852909005982,V,0.004374238642083047,L,0.0016647739475271844,L,0.00097717927683112,F,0.0050532331916306305,I,0.0020433144364458487,V,0.0008563791375841364,V,0.0014725950645200323,V,0.004389609890989146,L,0.0016647739475271844,V,0.004374238642083047,L,0.0016647739475271844,L,0.0016647739475271844,V,0.0023572467123556605,F,0.0041857709898615505,L,0.0011522060795573347,L,0.0006332983761135534,L,0.0011892114214939844,F,0.001049204061192507,L,0.0017270925118805635,F,0.004255789610929284,L,0.0009970297054702204,L,0.0013575861601738673,L,0.0013575861601738673,F,0.0022258429413477385,L,0.000673991978319718,I,0.0018942249933204232,F,0.0043668628695889,V,0.0020502412065039797,V,0.0020930815953374756,M,0.0015426597542202818,M,0.0015477817194723864,M,0.0015477817194723864,L,0.0017961469321718666,L,0.0019458829691122045,0.002064524515905224,0.2655957507088842
699,I,F,0.0012673469610536975,F,6.245863540727105e-05,I,7.321461933256345e-05,L,0.0008317670040466663,L,0.0003860351318594332,V,8.788141379681746e-05,F,0.0004292749287536549,F,0.0004326301213517554,L,2.2337803939385122e-05,L,0.0003016809192581529,L,0.0008317670040466663,L,0.0003860351318594332,L,0.000884791765523013,L,0.0003860351318594332,L,0.0003860351318594332,I,0.0001971530844777228,F,0.0005739756102708514,V,0.0024013977633354252,I,4.1887631847659555e-05,V,0.002401397763335425,V,0.0007581315423399609,F,0.0004163043711609086,I,0.0003864867428900903,I,0.0005029802495757824,V,0.00010974944694049055,V,0.00010974944694049055,I,1.4048420110293367e-06,I,0.00047568489107733576,F,0.0004127478471618246,F,0.00038894329379024744,L,0.00016523303511761835,L,0.00011116025784502582,F,0.0003645328630579766,F,0.0003645328630579766,F,0.0003645328630579766,I,0.0004787119955397424,I,0.0005535638701376591,0.0004959338913220701,0.06380061517937924
700,Q,S,0.0002671830148491905,E,0.0003241171086352328,H,0.0013558177081766018,E,2.967000375858846e-05,E,0.00011466259493001212,E,0.00019377773370302595,H,1.0354847301090861e-05,E,4.346615769852736e-05,E,0.0006052989467766919,E,0.0005979945973171812,E,2.3434319934956284e-05,E,0.00011466259493001212,E,6.301083424015837e-05,E,0.00011466259493001212,E,0.00011466259493001212,D,0.004088393032281537,E,0.0002574023060314401,D,0.000552611334269867,E,0.0001562888330159258,D,0.0005564033111176385,D,0.0002464891526538193,E,0.00029207129904414776,D,0.0002946839459572095,E,0.00011808125164608942,D,0.00026878668322763313,D,0.00026878668322763313,D,0.00048319146355681284,Q,0.0002763731923854828,E,0.00012023195817748903,H,7.007574803196063e-05,E,6.195027424871915e-05,E,7.664495791229864e-05,K,1.9103195920523643e-05,K,1.9103195920523643e-05,K,1.9103195920523643e-05,N,0.0004099900412953098,E,4.810455200787737e-06,0.00034144192332850453,0.043925622220163815
701,P,P,4.2862830589824414e-05,S,0.0024076105547559744,P,7.387629514162812e-06,P,0.00024556561864973306,S,0.003041342423416561,S,0.0024708059406566537,P,9.285927295890784e-05,P,0.0001819081922855809,P,0.0003055060913459674,P,0.0003055060913459674,P,0.00024556561864973306,S,0.003041342423416561,P,0.00026962508797057636,S,0.003041342423416561,S,0.003041342423416561,P,0.00019528918167165875,P,0.00010382710314048124,P,3.908778938806521e-05,S,0.002478704590756688,P,3.908778938806521e-05,S,0.0016544555548871024,S,0.0024269148143002076,P,0.00015797144747899065,S,0.002468176776319087,P,0.00010421252739206555,P,0.00010421252739206555,P,0.00018876745925818894,P,0.0004539177045904157,P,2.959018795275808e-05,P,0.00014243380091244349,P,0.00027786740414741535,P,9.852954601724602e-06,P,0.0007681904284141494,P,0.0007681904284141494,P,0.0007681904284141494,P,0.00015547414509979612,P,4.2009687840436244e-05,0.0008680269555175521,0.11166942756557466
702,I,V,6.641132681327886e-05,I,0.0005477093028822259,I,0.0004076996081117247,V,0.0001771128502598165,V,0.0006962857883442441,V,6.091093864373746e-05,Y,0.0011517170137549638,Y,8.007510211148288e-05,V,8.136676008274583e-05,V,0.00014575907735552417,V,0.0001771128502598165,V,0.0006962857883442441,V,0.00015730574729136957,V,0.0006962857883442441,V,0.0006962857883442441,V,0.00028570291687866293,I,0.00011921847011732197,I,6.138325157632073e-05,V,5.368755228987406e-05,I,3.056915957137267e-05,V,0.00030814480129663424,I,0.0006347451439006614,V,0.00016126393568102233,V,0.0004087773621419933,I,0.0005207504145520053,I,0.0005207504145520053,I,0.0004752736990412844,I,0.0004005595496124878,Y,0.00024277890775411675,Y,0.0005830015505062218,V,0.0007434639925068026,V,0.00033578029929102907,Y,0.00037566115973308007,Y,0.00037566115973308007,Y,0.00037566115973308007,I,6.733798516766053e-05,V,0.00019061686968061927,0.0003543003644935405,0.04557982749012464
703,P,P,0.0007007099059299438,P,0.00027659757542160333,P,0.0003709328826917728,P,0.00034070640718052267,P,0.000739717047141865,E,0.00015226997996857494,V,0.0003667530360108751,V,0.00041508404232541447,P,0.0015332208311512649,P,0.001768437386582929,P,0.00034070640718052267,P,0.000739717047141865,P,0.00034943187132151183,P,0.000739717047141865,P,0.0008141640767387609,T,0.00026434017609605967,T,0.001369288568191704,I,0.00021554295506083791,K,0.00013549886993785652,I,0.00015220179550725773,N,4.7648979174636686e-05,P,0.00023970281180932905,P,0.0022544689923606337,K,0.00017183106497358527,-,,-,,P,0.00023296157357209328,P,0.0007307143645523342,V,0.00040564431094557965,V,0.0002824645565910648,P,0.0004960223235266292,P,0.00048436465295977787,A,0.003018712673837736,A,0.0030744421546811825,A,0.003018712673837736,I,0.00014051775442480824,Q,0.0023170416538890373,0.0008200082414245477,0.10549194392740396
704,-,P,0.0005574617763502379,P,0.0021174233089245537,L,0.0006159557020467114,-,,-,,-,,-,,-,,-,,-,,-,,-,,-,,-,,-,,-,,-,,-,,-,,-,,-,,P,0.0001150201034474898,-,,-,,-,,-,,-,,-,,-,,-,,-,,-,,-,,-,,-,,-,,-,,0.0008514652226922481,0.10953880338122203
705,L,A,0.0015769834271223248,A,0.0021700257372433414,N,0.0008018918224360888,L,0.00013726394584545352,F,0.003784852689188863,I,0.00024254813472050264,-,,-,,M,0.0008792574226580139,M,0.0008476511647274837,L,0.00013726394584545344,F,0.003784852689188863,L,0.0005050698857266739,F,0.003784852689188863,F,0.003784852689188863,L,0.00020319856470884737,I,0.0006138759142326986,-,,I,0.00015660419767926268,-,,S,0.001027328799180384,A,0.0012816012582210147,L,0.00010398200106531036,I,0.00020309569276870458,-,,-,,-,,L,0.0005275614256496877,-,,-,,L,0.00025892754686722755,L,0.00039715215405165236,-,,-,,-,,-,,-,,0.0011830736433698077,0.1521993708643001
706,N,-,,-,,E,0.0005665225939239264,-,,-,,-,,-,,-,,-,,-,,-,,-,,-,,-,,-,,-,,-,,-,,-,,-,,T,6.973894911097166e-05,-,,-,,-,,-,,-,,-,,N,0.0004388133100510724,-,,-,,-,,-,,-,,-,,-,,-,,-,,0.00035835828436199015,0.04610186840825092
707,K,-,,-,,E,0.0017211777544401765,-,,-,,-,,-,,-,,-,,-,,-,,-,,-,,-,,-,,-,,-,,-,,-,,-,,S,1.8891423115035053e-07,-,,-,,-,,-,,-,,-,,K,2.294302508865863e-05,-,,-,,-,,-,,-,,-,,-,,-,,-,,0.0005814365645866619,0.0748003134238772
708,D,-,,-,,D,5.1079295000952455e-05,-,,-,,-,,-,,-,,-,,-,,-,,-,,-,,-,,-,,-,,-,,-,,-,,-,,C,0.00032266558337669274,-,,-,,-,,-,,-,,-,,D,0.00016208223534015602,-,,-,,-,,-,,-,,-,,-,,-,,-,,0.00017860903790593375,0.022977591760501893
709,-,-,,-,,-,,-,,-,,-,,-,,-,,-,,-,,-,,-,,-,,-,,-,,-,,-,,-,,-,,-,,G,0.001602257390012192,-,,-,,-,,-,,-,,-,,-,,-,,-,,-,,-,,-,,-,,-,,-,,-,,0.001602257390012192,0.20612627801252104
710,-,-,,-,,-,,-,,-,,-,,-,,-,,-,,-,,-,,-,,-,,-,,-,,-,,-,,-,,-,,-,,-,,-,,-,,-,,-,,-,,-,,-,,-,,-,,-,,-,,-,,-,,-,,-,,-,,,
711,-,-,,-,,-,,-,,-,,-,,-,,-,,-,,-,,-,,-,,-,,-,,-,,-,,-,,-,,-,,-,,-,,-,,-,,-,,-,,-,,-,,-,,-,,-,,-,,-,,-,,-,,-,,-,,-,,,
712,-,-,,-,,-,,-,,-,,-,,-,,-,,-,,-,,-,,-,,-,,-,,-,,-,,-,,-,,-,,-,,-,,-,,-,,-,,-,,-,,-,,-,,-,,-,,-,,-,,-,,-,,-,,-,,-,,,
713,-,-,,-,,-,,-,,-,,-,,-,,-,,-,,-,,-,,-,,-,,-,,-,,-,,-,,-,,-,,-,,-,,-,,-,,-,,-,,-,,-,,-,,-,,-,,-,,-,,-,,-,,-,,-,,-,,,
714,-,-,,-,,-,,-,,-,,-,,-,,-,,-,,-,,-,,-,,-,,-,,-,,-,,-,,-,,-,,-,,-,,-,,-,,-,,-,,-,,-,,-,,-,,-,,-,,-,,-,,-,,-,,-,,-,,,
