MSA_Column,Q93X23_Residue,A0A1D6LTV0_AA,A0A1D6LTV0_SHAP,E2E2N7_AA,E2E2N7_SHAP,G8H5M8_AA,G8H5M8_SHAP,G8H5M9_AA,G8H5M9_SHAP,I7GPX8_AA,I7GPX8_SHAP,Q1EG72_AA,Q1EG72_SHAP,Q5GJ60_AA,Q5GJ60_SHAP,R4JND9_AA,R4JND9_SHAP,R4JQT5_AA,R4JQT5_SHAP,R4YXW8_AA,R4YXW8_SHAP,R9QMR4_AA,R9QMR4_SHAP,R9QMR5_AA,R9QMR5_SHAP,R9QMW3_AA,R9QMW3_SHAP,T1RR71_AA,T1RR71_SHAP,T1RRI8_AA,T1RRI8_SHAP,Mean_Abs_SHAP,Scaled_Attention_Weight
1,-,-,,-,,-,,-,,-,,-,,-,,-,,-,,-,,-,,-,,-,,-,,-,,,
2,-,-,,-,,-,,-,,-,,-,,-,,-,,-,,-,,-,,-,,-,,-,,-,,,
3,-,-,,-,,-,,-,,-,,-,,-,,-,,-,,-,,-,,-,,-,,-,,-,,,
4,-,-,,-,,-,,-,,-,,-,,-,,-,,-,,-,,-,,-,,-,,-,,-,,,
5,-,-,,-,,-,,-,,-,,-,,-,,-,,-,,-,,-,,-,,-,,-,,-,,,
6,-,-,,-,,-,,-,,-,,-,,-,,-,,-,,-,,-,,-,,-,,-,,-,,,
7,T,-,,-,,-,,V,0.0016425449635113928,C,0.002809198161537877,-,,-,,-,,-,,-,,-,,-,,-,,K,0.0016425449635113928,-,,0.002031429362853554,0.22120645292042376
8,S,-,,-,,S,0.00013162583364178008,N,0.00024824554728719334,D,0.00027726283005336005,-,,-,,V,0.0022488332056887833,V,0.001216739967135614,-,,-,,-,,-,,P,0.0022888265733522727,P,0.0019521439889164732,0.0011948111351536394,0.13010540162021622
9,P,-,,-,,A,0.004753106900483912,T,0.0016425449635113928,E,0.006428925537380981,-,,-,,E,0.004594576992854838,E,0.00598118641120487,-,,-,,-,,-,,L,0.0015992607105090653,L,0.0015992607105090653,0.0037998374609220184,0.4137719882240888
10,D,-,,-,,D,0.0010030758798573094,T,0.00017203522693240038,S,0.0007136683589334219,-,,-,,E,0.0011143553587498964,E,0.001168857437469486,-,,-,,-,,-,,D,0.0015652877259485468,D,0.0015397145006683056,0.0010395706412227666,0.1132009501832117
11,I,A,0.0006242968163414875,-,,K,0.0014867563500442543,I,0.00109822361523387,V,0.00011782793604010984,-,,-,,E,0.0003242797360390768,E,0.00010393669484653117,-,,-,,-,,-,,E,0.00023313476094376486,E,3.6074637224285e-05,0.0005030663183391724,0.05477990911149754
12,L,S,0.0006099513152608808,-,,S,0.0018980656840291816,T,0.002117058498803768,A,0.00040998266402540734,-,,-,,T,0.004051400710821288,T,0.003816365087433322,-,,-,,-,,-,,T,0.004578583176085876,T,0.004670508465561754,0.0027689894502526844,0.301520862927798
13,R,R,0.0005061052086638934,R,0.001437862245307396,R,0.0015578801451352126,R,0.0014804606725522162,R,0.0002778093208848548,K,0.0015695404008555574,K,0.0015353833148642202,R,0.000133324996147903,R,0.00028692003594054055,-,,-,,-,,-,,R,0.002012621005337429,R,0.0015478642817186483,0.0011223428752188973,0.1222141861920009
14,R,N,0.0031332605342419464,K,0.002008008694048423,P,0.002807138715680679,P,0.0028148250753797545,R,0.0005169800369212922,M,0.0040617841849684136,M,0.004085573856897753,R,0.002054653225899892,R,0.0010996497095203384,-,,-,,-,,-,,R,0.001758313929724417,R,0.001758313929724417,0.002372591081182484,0.2583562426023896
15,S,T,0.0008719781740818127,S,0.0019554375770908733,L,0.0016618319593889068,L,0.001509616190391802,S,0.00019328705798672818,S,0.0013438623306846888,S,0.001345524230198041,S,0.0013431424058120828,S,0.0013431424058120828,-,,-,,-,,-,,S,0.001281420057400497,S,0.0012684496967947665,0.0012834265532402076,0.1397549137654255
16,A,S,0.0014546550709094762,A,0.00017094506055094166,A,0.0014230475082735842,A,3.160388800911876e-05,A,6.924733239390997e-05,P,7.408286407951558e-05,P,6.821657468828997e-05,G,6.449657643382141e-05,G,6.449657643382141e-05,-,,-,,-,,-,,A,0.0020864779069886086,A,0.0021956415430720625,0.0007002646274393773,0.07625323192331629
17,N,S,0.001117561700434767,K,0.0009174729501040466,N,0.0011358029773620186,N,0.0008663034676344681,N,0.0017754293426204147,S,0.0003779564960683659,S,0.0004984336780029078,N,0.0008194516766543161,N,0.0008194516766543161,-,,-,,-,,-,,N,0.0015981237097897716,N,0.0016041617370404022,0.0010481954011241632,0.1141401177368392
18,Y,F,0.0072870366363174755,F,0.007156992257682343,F,0.004914553562330651,Y,0.0005768771281908567,Y,0.00041909499122472216,F,0.007401447649373961,F,0.007425501001867195,Y,0.00010641564083775388,Y,4.1038097499026074e-05,-,,-,,-,,-,,Y,5.687975975719915e-05,Y,0.00013791405616944433,0.0032294318892046032,0.35165937158433813
19,Q,E,0.0009107352737540267,H,0.0005412182842711384,S,0.005599316988176914,H,0.00012040100874608273,E,0.000886946776646617,H,6.950552060266192e-06,H,8.267725646379567e-05,Q,0.002547865387908358,Q,0.002547865387908358,-,,-,,-,,-,,Q,0.000875614077911459,Q,0.000875614077911459,0.001363200461068952,0.14844165597220807
20,P,P,0.0001068362344390879,P,0.00036673177195624943,P,7.033283983066762e-05,S,5.707204082797571e-05,P,9.738354430736609e-05,P,4.9787438715741385e-05,P,0.00010292774195039417,A,0.00019283096200181925,A,0.00019283096200181925,-,,-,,-,,-,,P,0.00014681513003792336,P,0.00014681513003792336,0.0001391239814642698,0.015149491790670985
21,S,S,2.394047298075442e-05,S,0.00022253048136491188,T,4.387704609051331e-05,S,0.0006897683031687442,P,1.3869320283780805e-05,T,1.3546076105745358e-05,T,3.3028831151714513e-05,S,5.609841382724926e-06,S,5.609841382724926e-06,-,,-,,-,,-,,S,0.0006986939740013708,S,0.0006950456376089208,0.0002223199841383551,0.0242088728280904
22,I,I,0.0007985085097070796,I,0.0033421408459865347,V,2.4581608913223094e-05,V,0.00038857303322386194,I,0.0024774556004815065,L,0.0034342397507152525,L,0.0034342397507152525,I,0.0003972800735326612,I,0.0003972800735326612,-,,-,,-,,-,,A,0.0009396255091030315,A,0.00018557096312957265,0.0014381359744582397,0.15660153562036408
23,W,W,0.0,W,0.0,W,0.0,W,0.0,W,0.0,W,0.0,W,0.0,W,0.0,W,0.0,-,,-,,-,,-,,W,0.0,W,0.0,0.0,0.0
24,N,G,9.564852088421235e-05,G,0.0009250176709804175,G,0.0011725682910107517,G,0.0013155568055445877,T,0.0008264151514023123,G,9.46097149111817e-05,G,9.642348052766006e-05,D,0.0022716498927390495,D,0.0018130118696769407,-,,-,,-,,-,,D,0.00029816367528489045,D,0.00022554838688830061,0.0008304194054409368,0.09042604900415599
25,H,D,0.008431079533655343,D,0.00822545231909373,Y,0.0005930596963348967,N,0.0002001892627758308,Y,0.00038239738875287183,D,0.007870249676261007,D,0.0078027860858409254,N,7.915161709066279e-05,N,8.554617948479043e-05,-,,-,,-,,-,,F,0.0005206555406363616,F,0.00028803385132495024,0.0031344182864773973,0.3413131481700265
26,D,F,0.0016425449635113928,F,0.0016425449635113928,H,0.0016425449635113928,Y,0.0016425449635113928,D,0.0015146005268987773,F,0.0016425449635113928,F,0.0016425449635113928,A,0.009183409145773588,A,0.009183409145773588,-,,-,,-,,-,,N,0.0015574846040148154,N,0.001559778933794536,0.002986722921574878,0.3252303010967812
27,Y,F,0.007995803557814029,F,0.006729907844838918,F,0.00827354899280523,F,0.008484380793724435,Y,0.00017004450010865008,F,0.009183409145773588,F,0.008381659982101297,F,0.009183409145773588,F,0.009183409145773588,-,,-,,-,,-,,F,0.006971713046852564,F,0.005225640289100084,0.007252993313151452,0.7897931147377272
28,I,L,0.0013734896610408825,L,0.0010009874937008387,L,0.000799371740809294,L,0.0009832137878075578,V,0.0001391003122588714,L,0.0010184817553573551,L,0.0008363141373334868,I,0.0004390365276380989,I,0.00043015714493976816,-,,-,,-,,-,,I,0.0001644192432978005,I,0.00015072387175968813,0.000666845061449422,0.07261410777459688
29,E,T,0.0015286198965173989,S,0.0035732784678218586,S,0.003101728724226812,S,0.0033177115677266236,Q,0.00042432762133840196,S,0.004878047006449723,S,0.004878047006449723,Q,0.0006302018483221662,Q,0.0006027093628115798,-,,-,,-,,-,,Q,0.0006284158097541987,Q,0.0006390491539051477,0.0022001942241203303,0.23958360007654775
30,S,Y,0.009183409145773588,Y,0.009183409145773588,Y,0.009183409145773588,Y,0.008234923627565848,S,0.0005198585812511123,Y,0.009183409145773588,Y,0.009183409145773588,S,0.0010438010236762968,S,0.0010547731171587896,-,,-,,-,,-,,S,0.0002647114017308795,S,0.0003536335072025738,0.005217158817041222,0.568106977945361
31,L,S,0.0006198283065344195,N,0.001236958884524818,T,0.00012664517262124173,T,0.000665859860476747,L,0.0006684529015143435,E,0.009183409145773588,E,0.009183409145773588,F,0.009183409145773588,F,0.009183409145773588,-,,-,,-,,-,,L,0.000561692903109218,L,0.0008084802707498681,0.0037655958984204544,0.4100433552123142
32,R,S,0.0005551196391496824,S,0.000309516527437208,P,0.0021213832061578917,P,0.00291453406110005,R,0.00046268261166043385,-,,A,0.0006605171734977931,N,0.001072687525852001,N,0.0010796752801109644,-,,-,,-,,-,,H,0.0001339902778915944,H,0.00030605176989855756,0.0009616158072756175,0.10471229061139836
33,I,P,0.0017622202992759722,D,0.0007283110415592788,E,0.00022209127406595962,Q,0.0012090045633057496,N,0.0015879559405339756,-,,-,,-,,-,,-,,-,,-,,-,,N,0.0019777815116712397,N,0.0012573056373338383,0.001249238609678002,0.13603211942842924
34,E,L,0.006411345062732276,N,0.0049882880849863726,-,,L,0.0012290126599702306,P,0.007026722708079455,-,,-,,T,0.006738603446153222,T,0.006621467157541384,-,,-,,-,,-,,Q,0.007578970444785513,Q,0.008607440485749775,0.006150231256249778,0.6697111234644547
35,Y,A,0.004448391360314057,T,0.00035778119737902555,-,,T,0.0004714275925796585,Y,0.00039334909482140667,A,0.004324733614986933,-,,N,7.431015198267608e-05,N,5.9828641524543066e-05,-,,-,,-,,-,,-,,-,,0.001447117379084043,0.1575795389395276
36,-,T,0.0023189689033130834,Q,0.0009938024367473787,-,,E,0.0010495775693393596,-,,P,0.0006320426410358327,P,0.0008077155387827803,K,0.002763807571751895,K,0.0026375538296923872,-,,-,,-,,-,,Y,0.0003732899677252089,Y,4.45250608630356e-05,0.001291253724361218,0.1406072302632277
37,V,S,0.0024838365294270965,I,0.004100358309615475,I,0.006162694631405232,T,0.007165408607524842,-,,T,0.008630071299547477,T,0.0072845348244024955,-,,-,,-,,-,,-,,-,,-,,-,,0.005971150700320436,0.6502106794477838
38,-,S,9.149655372483548e-05,S,6.0280859048543724e-05,-,,-,,-,,E,0.0029915152778057213,E,0.0029915152778057213,-,,-,,-,,-,,-,,-,,-,,-,,0.0015337019920962055,0.1670079126118485
39,-,A,0.003836193184050003,-,,-,,-,,-,,A,0.00611920973838565,A,0.006129295411973988,Y,0.0008112382921310719,Y,0.0015010780496376346,-,,-,,-,,-,,-,,-,,0.0036794029352356693,0.40065762908200747
40,-,Q,0.0016261490439365312,-,,-,,-,,A,0.003041102120433024,Q,0.0028765370419386095,Q,0.0028765370419386095,R,0.001753132876331311,R,0.0019573429024829564,-,,-,,-,,-,,K,0.0024135047527807634,K,0.0017025483458668056,0.0022808567657135763,0.24836710741166074
41,G,K,0.0037032997523622304,-,,S,4.225516468066843e-05,S,0.00028843174236292695,G,0.0006873134644173159,E,0.0007066891716879428,E,0.0007028531837824038,D,0.002233931952135352,D,0.002242468222581734,-,,-,,-,,-,,E,0.001634318594705748,E,0.0016399493914394194,0.0013881510640155739,0.15115857760235288
42,E,A,0.0008156046539021793,E,6.805514975184878e-05,S,0.0009872225826597887,S,0.0004076554971016449,G,0.00037973273192538616,A,0.0023335881923967536,A,0.0023850838757680302,E,0.0007439991423441758,E,0.0007439991423441758,-,,-,,-,,-,,D,0.0036227890586036753,D,0.004503298456404,0.0015446389530183325,0.16819886041222615
43,T,R,0.000678331074564605,A,0.0008439482781548866,Q,0.00038300053354609265,Q,0.0027587319492560843,S,0.0006447734900785877,E,0.0008518328248010517,Q,0.0012964870313981797,K,0.0010524389807658287,K,0.0015006151678897152,-,,-,,-,,-,,K,0.0011834293262512723,K,0.0017869602447813052,0.001180049900135237,0.12849802087695533
44,C,M,0.0005848515365310281,E,0.00020312761484316726,E,0.0003500634608558361,E,0.0008018535899047967,Y,0.0003924247754075651,M,0.0006122609162107778,M,0.00024248408444684926,H,0.0006586590101978556,H,0.0006586590101978556,-,,-,,-,,-,,Y,0.0016425449635113928,Y,0.0007110997448799899,0.0006234571551806468,0.06788951088687754
45,T,V,0.001683815209769707,E,0.0016208267153410656,K,0.0004884421535551113,K,0.0002949545716522214,A,0.0029460471776489696,R,8.853208326652364e-05,R,0.00034487665121277374,L,0.0006648664378560358,L,0.0006648664378560358,-,,L,0.0016425449635113928,-,,-,,V,0.002586218416111377,V,0.001798468276060306,0.00123537159115346,0.13452211172819256
46,R,H,0.00278307097837539,E,0.004797033512129768,H,0.002341875216523555,R,0.0016425449635113928,K,0.0010319258873632507,Q,0.0016425449635113928,E,0.0030290838209927275,N,0.000738765415227451,N,0.0006228798917357128,-,,E,0.009183409145773588,-,,-,,T,0.0015881998542740037,T,0.0009749701305924138,0.0025313586483342206,0.2756447641777138
47,Q,R,8.209454762692534e-05,E,0.0015099837970224711,E,0.0016406880253767772,E,0.00028798797286119446,R,0.00018152378858295895,R,3.580900421271882e-05,K,0.0016425449635113928,R,0.002151791975452121,R,0.0022712911624147456,-,,R,0.0011417304136810702,-,,-,,R,0.00028332497815290617,R,0.0002038313167774827,0.0009527168288060638,0.10374326284313767
48,I,A,0.00027093586219790236,V,0.00012903285710507822,V,0.0002995583884741468,L,0.000940993743538265,I,0.0017110055043368247,A,0.0009602023265678148,A,0.0009737974171912281,K,0.00048202891059645134,K,0.0010754892965228256,-,,A,0.0016425449635113928,-,,-,,H,0.0005914684343242206,H,0.00021227431906779295,0.0007741110019528286,0.08429451303594504
49,N,E,0.0005182683877631822,A,0.000484140840328193,D,0.0011399491209220444,E,0.000915336526888598,E,1.384961936009939e-05,E,0.0006115608685183758,A,0.0014072619725009577,E,0.001562707648710266,E,0.0016833677425354277,-,,D,0.0016425449635113928,-,,-,,T,0.0017451295249538835,T,0.00254490295292376,0.0011890850140763483,0.12948187271211717
50,V,Q,0.0031103377404618584,K,0.0015820086440470746,E,0.0016425449635113928,E,0.00017048300264861833,K,0.0011832919538376499,V,0.00479474321127119,V,0.0049962971362309365,E,0.00031558477323364816,E,8.602626984313016e-07,-,,T,0.00519561926197003,R,0.006938850901879026,T,0.003729696796160966,E,0.0001040506491447609,E,0.00042023927843364754,0.002441757755394945,0.265887941682169
51,L,L,0.0005291014032639806,Q,0.0005849824999976346,L,0.0010879909113698702,L,0.0010785234262950935,L,8.064701283251819e-05,L,0.00015643559742362315,L,0.0001492590565571101,L,9.721943739552055e-05,L,0.00011409790216994567,-,,L,0.0002335658920282786,L,7.509171867897617e-05,L,0.0002335658920282786,L,6.137843112006588e-05,L,6.137843112006588e-05,0.0003245169723057829,0.035337309615039086
52,K,K,8.602999010754063e-05,K,0.00012725310229917485,K,0.00016756374298133937,K,8.358294415989213e-05,K,0.00014458401493374818,R,0.0003576529785866378,K,2.82283876826169e-05,I,0.00010610124108716978,I,0.00010610124108716978,-,,V,0.004026963917056927,I,0.0001357201844278868,V,0.002832169836324995,T,0.0004830478791574445,T,0.0004830478791574445,0.0006548605242178562,0.07130908727062846
53,E,K,0.0016425449635113928,E,0.00023094996963389015,E,4.383453478795779e-05,E,0.00012468888912563162,G,0.00032617949776297305,E,0.0014777066675220013,E,0.0015785892961122415,A,0.009183409145773588,A,0.009183409145773588,-,,E,0.0014744161178635391,S,0.007544347699433368,E,0.0009679862046784622,A,0.009183409145773588,A,0.009183409145773588,0.0037246343159661297,0.4055829656332246
54,Q,Q,2.217894808441877e-05,A,0.0008302834433121753,I,0.00010597422376909451,K,0.00012321812339168605,D,0.0013254644636440226,E,1.713744200953441e-05,E,3.640059775087025e-05,Q,0.00034316666476075426,Q,1.7643811054029137e-05,R,0.001635239708373201,A,0.0033001445244234314,E,0.000357836170091521,A,0.0025338831331847794,Q,0.0016102716533607537,Q,0.0016102716533607537,0.0009246076373714018,0.10068239612267815
55,V,V,0.00027231287773676026,V,0.0013680612689782707,F,0.00565531960815475,V,0.0001116295292736362,V,0.0005618541062431936,V,0.000451815277558736,V,0.00048541478316933026,V,0.0004396176413221279,V,0.0004396176413221279,-,,I,0.004305150735721715,V,0.00016653107040348662,I,0.004255615453643624,V,0.0003984802925302331,V,0.0003984802925302331,0.0013792786127563015,0.1501924384356845
56,R,A,9.25714281867455e-05,R,0.0016100774677063362,R,0.00027422555047602534,R,0.0009965328940315424,R,0.00011540174490810433,R,0.001129062402057732,R,0.0013728378485191614,K,0.00015134943148707107,K,0.00015134943148707107,S,0.0016633819683501262,K,0.00022369879384523416,K,0.0002527323113006892,K,0.0002221271420702661,K,0.0002828599123030998,K,0.00027577383209510185,0.000587598810588287,0.06398482320247195
57,M,K,0.0001223308918875842,E,0.001243152436845604,K,0.0007535698763644755,Q,0.0014135619175896742,V,0.007208188736598377,N,0.0004338512733583522,N,2.4434212716966678e-05,V,0.008449114510917143,V,0.009183409145773588,A,0.0016425449635113928,D,0.00035942297850698527,E,0.0002663981035073017,D,0.0002932881858199735,M,0.0007955622275574357,M,0.001125731996300671,0.002220970763817035,0.24184599951524274
58,M,L,0.0011573642613400693,L,0.0013711590763340672,M,0.0014289565831760778,M,0.0011444239267550946,M,0.002085775475197176,M,0.0029609008668360186,M,0.002976688743246032,L,0.00042164692986472945,L,0.00046472529801218484,M,0.00045688344396614016,R,0.0014133432891380595,M,0.0015287238541148648,R,0.0010318815148875821,L,0.0007281612915228863,L,0.0012065214334127047,0.0013584770658535792,0.14792731591173644
59,L,I,0.0004816213919923532,L,0.00020310751219618822,L,0.0003083585786922716,L,3.919857012022491e-05,L,0.0001464442999768909,I,2.6537578999406065e-05,I,2.5552627649813598e-05,L,2.034963099582782e-05,L,1.213053634451473e-05,L,3.7227850647788924e-05,F,3.916696779665063e-05,F,0.0006081889847815392,F,0.00020228352668312725,L,2.2471890942697682e-05,L,2.2471890942697682e-05,0.00014634078925079952,0.015935344590211235
60,H,A,0.007629351902395289,A,0.007565205159384795,V,0.00036381675870140025,V,0.000489579377875407,Q,0.00012609723380641518,K,0.0001906199774225568,K,0.00015806091409560405,N,0.0003196317855852961,N,0.0006906199423368424,D,0.0039508828958947795,N,0.0003820200443077021,T,6.814546824634445e-05,N,0.0008644628305291348,E,0.0005798463230641477,E,0.0006963600141353921,0.0016049800418520734,0.17476952364588064
61,K,A,0.00045948540401858636,Q,5.033357082300973e-05,-,,E,0.0009423869389509709,K,6.0703380519028035e-05,G,0.00022103093056694193,G,0.000215295076862926,-,,-,,-,,S,0.0009837875014088954,E,0.0012196464437518868,S,0.0010913317813075094,-,,-,,0.0005826667809121948,0.06344776451350327
62,V,S,0.00369649494704927,V,0.0035258182401543795,E,0.00021575683436471832,T,0.003557178575418244,L,0.0002053713356871702,S,0.0035747314496907662,S,0.003578045010984577,-,,-,,-,,M,0.00030471190178367436,I,0.00021569186370744612,M,0.00011621492732145809,-,,-,,0.0018990015086161704,0.20678611596981214
63,-,-,,-,,-,,-,,V,0.0006445305893199399,-,,-,,-,,-,,-,,G,0.004772458381736737,-,,G,0.004772458381736737,-,,-,,0.0033964824509311376,0.3698498451954823
64,-,-,,-,,-,,-,,D,0.00033481684117470334,-,,-,,-,,-,,-,,V,0.0025927494354461094,-,,V,0.00265823643359904,-,,-,,0.0018619342367399508,0.20274978574779662
65,-,-,,-,,-,,-,,L,0.0003348102273727982,-,,-,,-,,-,,-,,D,0.003964168130656267,E,0.0006298422921370928,D,0.003988916091766307,-,,-,,0.002229434185483116,0.2427675986220381
66,-,-,,-,,-,,-,,-,,-,,-,,-,,-,,-,,-,,-,,-,,-,,-,,,
67,-,-,,-,,-,,-,,-,,-,,-,,-,,-,,-,,-,,-,,-,,-,,-,,,
68,-,-,,-,,-,,P,0.00027730194565710235,-,,-,,-,,-,,-,,-,,D,0.0014957905980030133,D,0.0019469664173290006,D,0.000979106183550996,-,,-,,0.0011747912861350281,0.12792539976025064
69,-,-,,-,,-,,D,0.0,-,,-,,-,,-,,-,,-,,G,0.0,G,0.0,G,0.0,-,,-,,0.0,0.0
70,-,-,,-,,-,,N,0.0003021314676276797,-,,-,,-,,-,,-,,-,,E,0.0004294649080958241,L,0.0012089939970929165,E,0.00045309971180344517,-,,-,,0.0005984225211549663,0.06516343894253844
71,-,-,,-,,-,,-,,-,,-,,-,,-,,-,,-,,R,0.0044874964058160445,S,0.0025704318131792364,R,0.004053025897547226,-,,-,,0.0037036513721808357,0.40329809043576587
72,-,-,,-,,-,,-,,-,,-,,-,,-,,-,,Q,0.0007123460612343461,M,0.0005500742221694531,I,0.0010980299919391176,M,0.0005691750827447657,E,6.336204988442518e-05,E,8.038459083011153e-05,0.0005122286664670366,0.055777615734650766
73,-,-,,-,,-,,-,,-,,-,,-,,-,,-,,-,,S,0.0008224040345345994,T,0.00011155555175561908,S,0.0008224040345345994,-,,-,,0.0005854545402749393,0.06375132927017399
74,-,-,,-,,-,,-,,-,,-,,-,,-,,-,,-,,-,,-,,-,,-,,-,,,
75,-,G,0.0016425449635113928,P,0.002645585615857312,T,0.006666760055400218,-,,-,,-,,H,0.002484730710043871,T,0.00570263185563008,T,0.005083379100895724,-,,P,0.0030018346361075383,P,0.003798568230765674,P,0.0024060781104744237,-,,-,,0.00371467925318736,0.4044989387080657
76,-,A,0.004714775172749122,E,0.005233056711874978,C,0.003802112186361889,-,,-,,-,,D,0.006615178540090891,K,0.0005741232679891021,K,0.00013878262200618522,E,0.0018310995895043098,L,0.0007774374904483481,L,0.00023916404953051466,L,0.0010250548236851323,E,0.0035227353233446375,E,0.0030117418075045334,0.0026237717987574703,0.28570781907990994
77,V,C,2.4518354960472187e-05,G,0.0008392976717961173,D,0.0012901985483354363,-,,-,,H,9.928527588288569e-05,V,0.00045264855814853677,M,0.0008679236652237808,M,0.0008625231391811728,M,0.0007999394615381656,T,0.0005456768350657097,N,0.0032234258101914385,T,0.00030728054435365373,T,0.0010256228150614874,T,0.0007534381533789239,0.0008532137563936756,0.0929081719925703
78,N,S,0.0007203099831170331,S,0.0001554935829191505,N,0.0004864431807096998,-,,D,0.00205235862898757,D,0.00026924590008118774,-,,E,0.0003265454879238943,E,0.00032609326143523903,N,0.0013094140688659692,D,0.00017970708305783278,D,0.00010430585369766863,D,0.0001773368703356912,D,0.0014587439375316345,D,0.001460946434092765,0.0006943803286734874,0.07561247872671087
79,P,L,0.0007828970025063057,T,0.009183409145773588,S,0.0008810276407734791,S,0.0008034115046048592,P,0.0003622809411861709,V,0.009183409145773588,-,,A,0.0007859450413042478,A,0.0005898341750886338,V,0.009183409145773588,L,0.00037697682948917863,L,0.00036500381131480204,L,0.00036511272852283246,A,0.0011218054756459035,A,0.0009867918623549879,0.0024979510321508683,0.27200694126760994
80,L,Y,0.009183409145773588,-,,T,0.007785822116711365,T,0.00896480430712814,L,0.0008583382179610292,P,0.008520426535225688,P,0.0068480021428992495,V,0.009183409145773588,V,0.009183409145773588,V,0.00869522497304817,Y,0.009183409145773588,L,0.001371177844639502,Y,0.009183409145773588,V,0.009183409145773588,V,0.009183409145773588,0.007666261439859162,0.8347947170999507
81,E,H,0.0011954825866625576,Y,0.0010178259154272073,Q,0.0019103492249973476,Q,0.001196952284702967,H,0.0016962020272188632,E,0.001645422016784738,E,0.0016906499014451967,K,0.0032694442886352214,K,0.003708630188704407,N,0.0025533110634661086,Q,0.0009029026120307078,S,0.0015600314103627602,Q,0.0009264936970385004,Q,0.001986696933738878,Q,0.0012191286985550767,0.001765301523318036,0.19222725409446312
82,Q,R,0.0016425449635113928,K,0.0005251001964580457,K,0.0011249061506233354,K,0.0008766473116939174,Q,0.0007992641498281011,I,0.0004555917619763239,I,0.00021434230454040316,Q,0.00013493146054568793,Q,4.2820735796904105e-05,L,0.0005380550780739169,R,0.00043059126190740876,R,0.0003033889560623269,R,0.0007156300854087653,Q,0.0009104943460131684,Q,0.0007126631877053603,0.0006284647966763374,0.06843480309984568
83,L,I,2.149093766351172e-05,M,0.00436505683132977,L,0.0009251156975985434,L,0.0007578539845828723,L,0.00032950506682576726,V,0.0033354559116442494,V,0.003397067547199527,L,0.00016278741048104974,L,4.6759058073517536e-05,L,0.0002648410367641201,L,0.00011701395899450623,L,0.0006733163248439525,L,0.00011701395899450623,L,0.000463280853863341,L,0.00011998101215628066,0.0010064359727343676,0.1095928490997869
84,E,H,0.0011863575409516158,E,0.0011655740121406422,V,0.0015501956580460535,V,0.0014551198257350447,E,0.001105405280705907,D,0.0011631524115558879,D,0.0006832485170682207,E,0.001905961334777085,E,0.0018921121456820348,E,0.0008041637088305202,W,0.0035981209010543234,S,0.0009209211430287739,W,0.003747419492055954,D,0.0015272494877376854,D,0.001512234001783159,0.0016144823640768604,0.17580425073621833
85,L,L,0.0006742972740242342,L,0.00014236637639565396,L,1.4481545158571273e-06,L,0.00012391920782847587,F,0.00046762640443331877,L,1.9047313511485106e-05,L,2.491254300125954e-06,L,0.0008922884770084143,L,0.0008922884770084143,L,0.0012888525006611974,M,0.0006473355857684884,M,0.0007627180584029634,M,0.0006203381697550732,L,0.0008905356347071637,L,0.0009050095282628661,0.0005553708277722489,0.06047545295614353
86,I,V,0.00011399634594009608,I,0.0003153503696158565,I,0.0007039142270792894,I,0.0001350854298534571,I,0.0009655805897640469,I,5.070596798050185e-06,I,4.722491067532998e-06,I,0.0006361762492659283,I,4.742491564687084e-05,I,3.990313268845754e-05,V,5.693962743410823e-05,V,0.000670098547456589,V,0.0008472568677063346,I,0.001268013964626479,I,0.0009359810649401346,0.0004497009613255487,0.04896884742770186
87,E,D,4.048575508338074e-05,D,0.00011916401892461302,D,0.0001461666651696688,D,0.0007385477805689906,D,0.00039126167212613974,I,0.0013326033825284368,I,0.0010902791529957634,D,0.0009029966553600602,D,0.0009029966553600602,D,0.00022411523924897961,D,0.000426359318393204,D,0.0007000918298567901,D,0.0004212884345377201,E,0.0014319693020497532,E,0.0014319693020497532,0.0006866863442835542,0.07477466520149358
88,I,A,0.0016425449635113928,L,0.00047399047116279545,T,0.0040872421338241805,T,0.0007248659039275995,T,0.0023110414508140777,T,0.001065714800640553,T,0.0009706976120277411,D,0.0007172730860583997,D,0.0011191325159461256,N,0.001201375545906028,S,0.0014974459213456218,S,0.002766738322530562,S,0.0026956923774645123,D,0.0010458265946605813,D,0.0006013250344856755,0.0015280604489537229,0.16639359356617262
89,L,L,0.0007631227423753235,I,0.001069743580273788,I,0.001847977596775894,I,0.0005072121877604184,L,0.001138779097518232,L,0.0005095842945801615,L,0.0008260061111464207,L,0.0012310980400408475,L,0.0011814606822432455,L,0.0008203870195092236,V,0.0013750382400497915,I,0.0007765977733370765,V,0.0011575587433401298,L,0.0002638346216421756,L,0.0002638346216421756,0.0009154823568156603,0.09968872586244139
90,Q,E,0.0002520367536688148,Q,0.00011371679773460153,Q,0.0014973284734433791,Q,0.0014165694288230828,Q,0.0015104008878404295,Q,0.00017273629606012666,Q,0.00025733865133788485,R,0.001293483206593514,R,0.0020857031266900794,Q,0.00024598882584810837,E,0.00011022804471776752,E,0.0004921356113082878,E,0.0006951313413496723,K,0.00012892600216269528,K,0.0006452151155883195,0.0007277959042111175,0.07925116834700385
91,R,R,0.0012773160654983334,R,0.0010211435919945545,R,0.0005014795514695753,R,0.0005932091543416669,R,0.0005730019675180013,R,0.0004522887781209542,R,0.000447219263333251,N,1.3607307759936151e-05,N,3.677650950154158e-05,R,1.3051685411915468e-05,R,3.0449626056043103e-05,R,4.755503089495699e-05,R,9.79805388096534e-06,N,0.0015848541684549346,N,0.000765817839911295,0.0004911712396098617,0.05348462992481499
92,L,L,0.0,L,0.0,L,0.0,L,0.0,L,0.0,L,0.0,L,0.0,L,0.0,L,0.0,L,0.0,L,0.0,L,0.0,L,0.0,L,0.0,L,0.0,0.0,0.0
93,G,C,0.0,G,0.0,G,0.0,G,0.0,G,0.0,N,0.0,N,0.0,G,0.0,G,0.0,G,0.0,G,0.0,G,0.0,G,0.0,G,0.0,G,0.0,0.0,0.0
94,L,L,0.0020484062439811877,V,0.008753399682806947,V,0.00297532076305184,V,0.004885233923374019,V,0.0031095220545427934,L,0.0023680668446660483,L,0.0025570952805259524,L,0.001314019560352046,L,0.001373281986134779,L,0.002644497678580872,I,0.0016425449635113928,V,0.009183409145773588,I,0.0013830887681935628,I,0.0016425449635113928,I,0.0005380875161944992,0.0030945679583467274,0.3369737653223169
95,S,D,0.00012545771634680435,N,3.1450424090414796e-05,A,0.00010978383332566026,A,3.428548453150056e-05,S,0.0008794951890253882,D,5.035127108817407e-05,D,4.7879481593079496e-05,T,0.00393428008583294,T,0.002295707881769035,S,0.00036579124699508256,D,8.408432022517719e-05,D,0.00021086528872558863,D,0.00010237150615500864,N,0.00020436637524784312,N,0.00020436637524784312,0.0005787024320133026,0.06301607854199053
96,Y,Y,3.477457428972219e-05,Y,3.878528141748112e-05,Y,3.878528141748112e-05,Y,0.0003399974722397463,Y,0.00011483311462881886,Y,0.0012174195846312798,Y,9.774133683656969e-05,Y,2.9709982452589452e-05,Y,2.9709982452589452e-05,Y,2.3714161722760868e-05,R,1.3900037810703383e-05,R,1.4748338906782234e-05,R,1.3900037810703383e-05,Y,0.00011483311462881886,Y,0.00011483311462881886,0.00014917902772499102,0.016244406119447108
97,H,L,0.0014808738080748448,H,0.00031812271541522565,H,9.291509535654124e-05,H,8.478781988729026e-05,H,0.00043382825812650274,H,0.00011088993813305834,H,0.00023110479370497332,Y,0.0014833498576585348,Y,0.0015527460273503137,H,0.00014334527770259325,H,0.0003230067066643829,H,3.315057980710254e-05,H,5.113121995812779e-05,L,0.0019686935528868206,L,0.0014759990151114676,0.0006522629777225186,0.07102623517789194
98,F,F,0.0,F,0.0,F,0.0,F,0.0,Y,0.0,Y,0.0,Y,0.0,F,0.0,F,0.0,F,0.0,F,0.0,F,0.0,F,0.0,F,0.0,F,0.0,0.0,0.0
99,E,E,0.0048134315306418325,E,0.003183216601099133,D,0.004560130454795495,E,0.0041667940863514335,Q,0.0023296741377142006,E,0.005671826908603494,E,0.004891042867356507,Q,0.00374720854719358,Q,0.004812870428689688,E,0.006533145867579577,Q,0.005447678342279683,K,0.0007294197290372456,Q,0.005774038515113632,K,0.0025683505730502093,K,0.002008203210765578,0.004082468786684753,0.4445482850520274
100,E,D,0.00027476490852464813,K,0.0009615733318467962,N,8.154930000449134e-05,N,0.0010418593455249292,E,0.000169552115819522,D,0.0009587807256293922,D,0.00034310210643682146,D,0.0005317579986756472,D,0.0010320006200912266,D,0.0006701803019281164,N,0.00013186675816964505,M,0.002371716184100304,N,0.0007592658372906684,D,0.00021510743520188904,D,0.00010932550588911988,0.0006434934983422144,0.07007130882743742
101,E,E,3.682000874067658e-05,E,0.0002304298727335057,E,0.0006740858568704715,H,0.0018575500705065111,G,7.61753806312177e-05,E,8.084094631816146e-05,E,8.370347519236513e-05,E,0.00027802260150675494,E,7.707547787423683e-06,K,0.0003780808425855013,E,0.0001321824184538562,E,0.00010407796060156952,E,0.0001321824184538562,K,0.002067948805712937,K,0.002067948805712937,0.000547183800787183,0.05958395102531279
102,I,I,2.6382193739683763e-05,I,2.1225298538995822e-05,I,1.575221845801443e-05,I,3.249668688015546e-05,I,0.000145033494404144,I,4.0696215430293455e-05,I,3.9377863755918135e-05,F,0.0005491139298626005,F,0.0007067875707008402,I,0.00011376150949700315,I,2.8155011799047078e-05,I,2.0178209725895856e-05,I,2.6907963553109065e-05,I,7.254030482424357e-05,I,7.254030482424357e-05,0.00012739658506627922,0.013872471872268699
103,K,N,0.00028340669376378084,H,0.0001900976584876033,E,0.0003888403802032002,K,0.00016112477727280784,K,4.846295438902337e-05,N,0.0002848891076868073,N,0.0002848891076868073,K,3.979658562817012e-07,K,0.00016096967998060116,R,0.000156150544828596,K,0.00011785979095927843,K,0.00024851331040395006,K,0.00010812755537544713,Q,3.6963631734259216e-05,Q,0.0007062696145661841,0.0002117975182129752,0.02306306022643554
104,R,D,0.0018888133581048934,D,0.0024450769696350502,T,0.0013180318104996128,I,0.001373797678635316,G,0.0024218728147853046,E,0.0032089560744545413,E,0.002386117378578929,K,0.0019514889956521045,K,0.0025400201725991906,S,0.0038518963353423247,S,0.003620574123193777,S,0.0020891089169364115,S,0.003455967151247731,Q,0.0033324732595341336,Q,0.0039446950203310925,0.0026552593373020275,0.28913656085159156
105,I,M,0.0014470999205982826,S,0.000876918255809831,S,0.0007012117188542814,S,0.0010679840847365508,I,0.0008492048603012802,K,0.001285990456137614,K,0.00021825649683256853,I,0.0005871521881956797,I,0.0006109939643898986,I,0.0010856925623877534,A,0.00151677177391425,A,1.9962727246569e-05,A,0.0013376745178706002,I,0.0002189460629764562,I,0.0002189460629764562,0.0008028537102152049,0.08742436468538443
106,L,V,8.828770812495347e-06,L,0.0002910134566566933,I,7.728351693631634e-05,I,0.00017075439106210822,L,2.961940705145555e-05,L,8.828770812495347e-06,L,8.828770812495347e-06,L,0.0003147619584655588,L,9.03205397324283e-05,L,8.828770812495347e-06,L,7.64049424927826e-06,L,8.418892349489453e-06,L,7.64049424927826e-06,L,8.828770812495347e-06,L,8.828770812495347e-06,7.002838504183858e-05,0.0076255325152388784
107,D,T,0.0017709774770134157,N,0.00016039454625753864,Q,0.0003863112159298371,Q,0.0002223166593924853,D,0.0015171711262213566,A,2.3699476033481132e-05,T,0.0003516953246846534,T,0.0007721652917806549,T,0.00029261492130650907,S,0.0013691784151464523,D,4.242623944841483e-05,D,4.190398547770635e-05,D,2.8729940357482083e-05,N,0.0001494325269817136,N,0.0001494325269817136,0.00048522997820089436,0.052837673950768944
108,G,Q,0.0003717692212745207,Y,0.0039083617756735835,N,0.0012220044243117765,N,1.779700119468405e-05,T,0.0004699074633814204,V,0.002363913801979328,V,0.0020853580107015584,C,0.005142520763566724,C,0.005300145988437744,G,0.0009591422947714922,Y,0.0021350402793744376,Y,0.0007562778547375612,Y,0.0022000058530625382,H,0.00014294859936604432,H,9.777693813219941e-05,0.0018115313513310408,0.19726131359014407
109,V,I,0.001346289055259902,I,0.001416793950747244,I,0.0014779018361748052,I,0.0011009891623650978,V,0.001802400684395467,V,0.00034326675338657736,V,0.0006040776191560051,I,0.002317364727801983,I,0.0019145730560227185,I,0.0013840528157205334,V,0.00013999355059353684,V,0.000516587286619017,V,0.0007802829916519365,I,0.0022165712900005306,I,0.0023898946750945944,0.0013167359636659967,0.1433820428519172
110,Y,H,0.0003321332684518157,H,0.0020812192558959048,F,0.0009502985025422128,F,0.0015016990531351382,Y,0.0003084282456946975,-,,Y,9.633227847759321e-05,Y,0.0005104446182028381,Y,0.0005104446182028381,Y,0.0002870105428899353,F,0.007102907095341025,H,0.002860809573907997,F,0.008603688009594636,Y,0.0004962500599698757,Y,0.0004962500599698757,0.0018669939415911704,0.2033007472448729
111,-,-,,-,,-,,-,,-,,-,,-,,-,,-,,-,,S,0.0021814851609309005,-,,R,0.004743280302942814,-,,-,,0.0034623827319368574,0.3770258601110378
112,-,-,,-,,-,,-,,-,,-,,-,,-,,-,,-,,-,,-,,Y,0.0023365392025251714,-,,-,,0.0023365392025251714,0.25443048060213014
113,-,-,,-,,-,,-,,-,,-,,-,,-,,-,,-,,-,,-,,F,0.0018518266641348639,-,,-,,0.0018518266641348639,0.20164915171912126
114,-,-,,-,,-,,-,,-,,-,,-,,-,,-,,-,,-,,-,,A,0.009183409145773588,-,,-,,0.009183409145773588,1.0
115,N,-,,-,,D,0.0010172792839138688,D,0.00021326961333049282,N,0.0008747462519031008,-,,-,,N,9.662243874863426e-05,N,9.716969583637961e-05,N,0.0017536093283021074,-,,-,,S,0.007635780367333037,N,0.0025191790311545237,N,0.001289314286650861,0.0017218855885747784,0.18749960512945554
116,N,-,,-,,A,0.003349443428244286,E,0.0033422278566396105,N,0.0011015017868743274,-,,-,,D,0.0015663284213811798,D,0.0004944791698870041,T,0.0017209391573028213,-,,R,0.0017179692594871364,S,0.00353296874955791,Q,0.0033504950529141242,Q,0.0028100606112154234,0.0022986413493503825,0.2503037067022402
117,D,-,,-,,S,0.0016425449635113928,F,0.0022876700082229773,-,,-,,-,,-,,-,,-,,Y,0.00024312406968242953,Y,0.00018882511045905558,Y,0.00032202512026547096,-,,-,,0.0009368378544282652,0.10201416919983568
118,H,-,,-,,K,0.002333516922847855,E,0.0018454162897318562,-,,-,,-,,H,0.003518791929905891,H,0.003525963569124746,-,,W,0.00012418612667533318,W,0.00016227358600651908,W,0.0015555178345276676,H,0.0015006667972433608,H,0.0019026991130373845,0.0018298924632334016,0.1992606922098815
119,G,-,,-,,Q,0.0025301883701455787,K,0.001532126877073988,-,,-,,-,,K,0.0011510795694679565,K,0.0025399937628484935,-,,K,0.0030854846914268575,S,0.003909494887917913,K,0.0025691649622433827,R,0.002053586368923565,R,0.002915178945928147,0.0024762553817750978,0.26964445800770254
120,G,-,,-,,N,0.0007749671286107393,N,0.0007749671286107393,-,,-,,-,,C,0.0005288168243033526,C,0.0002551716210872511,-,,E,0.00018636574073071388,E,3.194097244447812e-06,E,0.0001778089576956668,C,0.00047336497116765914,C,0.00010236948896830223,0.00036411399537987477,0.039649109562699625
121,-,-,,-,,-,,-,,-,,-,,-,,-,,-,,-,,-,,-,,-,,-,,-,,,
122,D,-,,-,,-,,-,,-,,-,,-,,F,0.0011043198400151018,F,0.0009019851748370017,-,,K,0.0008216966255666109,K,0.0012958653887290856,K,0.0007656846660588476,F,0.0010664678184504537,F,0.0010447642469026937,0.0010001119657942566,0.10890421519055705
123,T,-,,-,,D,7.347398415335738e-05,-,,-,,-,,-,,K,5.544867649678626e-05,K,4.23324067739915e-05,-,,G,0.0007383789869296733,G,4.902753854112481e-05,G,0.000737520721208421,Q,0.00011022202039911876,Q,0.0003907400707924353,0.0002746430506618635,0.029906437391854685
124,W,-,,-,,N,0.0001864648043722536,-,,-,,-,,-,,-,,-,,-,,I,0.0004512141718180673,I,0.00016630774518214213,I,0.00014269644064475134,N,0.00047238403277075796,N,0.00021896555317023783,0.00027300545799303504,0.029728116613281716
125,K,-,,-,,D,4.485881221101195e-05,-,,-,,-,,-,,-,,-,,I,0.001572051724923632,G,4.530763217642725e-05,G,4.617741559451826e-05,G,4.530763217642725e-05,N,0.00011766533653198593,N,0.0006770145706898326,0.00036405473204340505,0.03964265625810119
126,A,-,,-,,-,,-,,-,,-,,-,,-,,-,,K,0.0009112475847886411,R,0.0028854515561776884,C,0.0025384276597504515,R,0.0028854515561776884,-,,-,,0.0023051445892236172,0.25101185764814765
127,-,-,,-,,-,,-,,-,,-,,-,,-,,-,,-,,-,,-,,-,,-,,-,,,
128,-,-,,-,,-,,-,,-,,-,,-,,-,,-,,-,,-,,-,,-,,-,,-,,,
129,-,-,,E,0.00041540236459153745,-,,-,,-,,Y,0.0016425449635113928,-,,-,,-,,-,,G,0.00032687693892097973,G,0.000598462527617193,G,0.00038604614109918336,-,,-,,0.0006738665871480573,0.07337869591252895
130,-,N,0.0005878023239177542,N,0.0005990366820948968,-,,K,0.003573146025465121,-,,N,0.0009950367463949857,K,0.0009531525880168827,-,,-,,M,0.0022339301795450636,R,0.003403818944119985,R,0.002053529708591721,R,0.0033388061726229478,-,,-,,0.001970917707863262,0.21461721639292558
131,-,V,0.009183409145773588,S,0.009183409145773588,-,,N,0.0012978804486084737,Y,0.009183409145773588,S,0.009183409145773588,S,0.009183409145773588,-,,-,,R,0.009183409145773588,-,,E,0.0013961310967903142,-,,-,,-,,0.00722430830250504,0.7866695458984129
132,-,D,0.0003289236308410399,Q,0.0008681654276365846,-,,K,0.0005428841863789827,M,0.00042482045718195615,N,0.0019195923938758197,N,0.0006134028262158244,N,0.0013465333218995795,N,0.0004567854699177203,N,0.0015460071079881187,Q,0.00034780653575652946,-,,Q,0.00034780653575652946,Q,0.0027985931881409245,Q,0.0027933980745998214,0.001102670704322264,0.12007204370609338
133,-,V,0.00397775689463894,H,0.0025388744251640836,-,,D,0.00028867851013587945,Q,0.0017832417605064918,Y,0.004092544337814272,Y,0.0024273699651471805,E,0.0008313424457823585,E,0.0007903545558970267,P,0.0018781068464243714,S,0.0006216262242384771,S,0.0013963398436703247,S,0.0006216262242384771,V,0.002071795107014026,V,0.001370443116008219,0.0017635785897628666,0.19203964037413113
134,E,S,0.0005444781313120793,N,0.0015206213674642246,-,,N,0.0005487762890212608,K,0.0008169835538115013,D,0.007457248632371224,D,0.006131456197366953,Q,0.0016425449635113928,Q,0.0016425449635113928,E,0.002130270966589471,A,0.009183409145773588,G,0.007437590069445802,A,0.009183409145773588,E,0.002389802922059396,E,0.0029570443430113028,0.0038275843350730845,0.41679340148256655
135,-,G,0.0007870350311707446,D,0.0019937746469882744,-,,D,0.001431257791775603,Q,0.0020297701760752305,G,0.0021456097107914415,G,0.0018995332816273988,V,0.0023217825530795957,V,0.004306015467670176,-,,V,0.0009576293897071032,V,0.0012422626409997921,V,0.0002245640798921602,G,0.0025369764490565513,G,0.001057433254374201,0.001764126497939098,0.19209930320386398
136,-,C,0.0003106893088290017,D,0.00036742462350555566,D,0.0014885316031865979,D,0.0010399542224313943,E,0.0005765079608478695,G,0.00023352975399693805,G,0.00023649695785345488,G,0.00026081451777268654,G,0.00010894883880209949,-,,T,0.0012028849923529617,T,0.0030258336897312477,T,0.0006579221133820872,N,0.0012299104216816992,N,0.0012735520211217583,0.0008580715018210965,0.09343714171942348
137,N,D,0.00034561039652768075,E,0.0006705872737168302,N,0.001954395357861056,D,0.00021697295430770164,S,0.001291347251337131,N,0.0033040298867604563,N,0.0033184827960315755,D,0.0004960817979545939,D,0.000512385248037743,G,0.004358529285449871,D,4.902794420120552e-05,D,2.3107501004405443e-05,D,0.0003977784557462977,D,0.0002581749797139264,D,0.00018039042898000684,0.0011584601038420322,0.12614706428224226
138,L,L,1.2760481413115503e-05,V,0.0014765899098072982,L,7.706518365802386e-05,L,3.48559914373698e-05,L,1.907832403501006e-05,L,2.151981137808048e-05,L,2.151981137808048e-05,L,3.664303998659703e-05,L,3.664303998659703e-05,L,1.7553460254308318e-05,L,1.521187964308633e-05,L,2.4589173871796014e-05,L,1.521187964308633e-05,L,7.706518365802386e-05,L,7.706518365802386e-05,0.00013089149025389976,0.014253039168372346
139,Y,Q,3.3497656884697984e-05,R,0.0010990354250973587,H,0.0012000858227092714,C,0.004846698660068765,Y,0.000661504855156711,D,0.006200972191722497,D,0.004714405924872964,Y,0.0006963950688899938,Y,0.0006916713195623394,Y,0.00043336805650745356,N,0.00016276921922851072,N,6.120094601206608e-06,N,0.0001762813256278355,Y,0.0007232774836368702,Y,0.0006594144302705129,0.0014870331689891328,0.16192605005228358
140,A,T,0.00013392065898092098,T,0.00019907021094865045,I,0.0005509510645803529,V,0.000251513606400172,A,5.789848343229117e-05,L,5.412552461868411e-05,L,6.071035060992546e-05,F,0.0003035604178751733,F,0.0006126304244783753,A,0.0003548784192578335,S,0.0008517917343447516,S,0.0006554503024979238,S,0.001054669907632252,F,3.158628387450766e-05,F,3.158628387450766e-05,0.00034695624489375473,0.03778076740198729
141,T,V,0.004165269047103949,T,0.0016513653047923473,V,0.0033522012657484115,V,0.004344943936300526,V,0.00511341452252318,V,0.002128819556064188,V,0.003148442361088561,T,0.0007228561091129049,T,0.0011182225904461177,T,0.0006099339110916349,T,0.0006883487064662312,T,0.0002273273633989822,T,0.0005868900884644214,T,0.0007414571668050142,T,0.0009853851971313842,0.0019723251417691906,0.21477047471819322
142,A,A,0.00020228632538774787,A,5.5558801608035944e-05,S,0.0002623535670600359,A,0.00020228632538774781,A,8.343365340174555e-06,S,5.024626837838276e-05,S,8.351375790829291e-05,S,5.024626837838295e-05,S,5.024626837838295e-05,A,0.00020228632538774781,A,6.3364414792101245e-06,A,6.336441479209877e-06,A,6.3364414792101245e-06,A,6.33644147920984e-06,A,6.33644147920984e-06,7.993663204073209e-05,0.008704461575418399
143,L,M,0.0,L,0.0,L,0.0,L,0.0,L,0.0,R,0.0,R,0.0,L,0.0,L,0.0,L,0.0,L,0.0,L,0.0,L,0.0,L,0.0,L,0.0,0.0,0.0
144,K,W,0.0004659988691352913,R,0.0012121855266439177,R,0.000456399773791807,R,0.0005679555540410374,G,0.00013718327048973378,R,0.00016841367756575547,R,0.00017858503802005828,G,0.00047157837734108227,G,0.00043005798452975825,E,1.0418795829890056e-05,G,0.00047857164496479626,G,0.0006621507883829185,G,0.00028587041706509944,G,3.171190429964345e-05,G,1.2091389355115538e-05,0.00037127820076372694,0.0404292343801972
145,F,F,5.715865982817144e-05,F,1.8518875240792217e-05,F,3.4262494527778555e-05,F,3.4262494527778555e-05,F,3.444596217201714e-05,F,3.00675704201057e-05,F,3.202813030694452e-05,F,8.310639053741624e-05,F,8.311033729254393e-05,F,4.969897443198059e-05,L,0.00030975152082150705,L,1.3397686407608782e-05,L,7.152460160524617e-05,F,5.560538654611504e-05,F,5.560538654611504e-05,6.416963141414139e-05,0.006987560980409297
146,R,Y,0.004535334129848642,R,0.00027865713359533686,R,0.0002830875951894732,R,0.00018746231004189434,R,0.00027956028485903955,Y,0.00444461595326414,Y,0.004581967566285173,R,0.0001659031028046704,R,0.00018654880064233303,R,0.00028028303577938904,R,0.00017802383492197707,R,0.00016550886179291207,R,0.00017587731237525154,R,0.00016154476544136173,R,0.00017321117438197015,0.0010718390574149042,0.11671472330166066
147,L,L,0.0006545204961208233,L,2.8938965961980163e-05,L,0.0006545204961208233,L,3.557816665248798e-05,L,3.557816665248798e-05,L,0.0006545204961208233,L,0.0006545204961208233,L,6.271742261110833e-06,L,6.271742261110833e-06,L,3.557816665248798e-05,T,3.776040272610667e-05,T,3.941380640220507e-05,T,3.776040272610667e-05,L,2.046091102944949e-05,L,2.046091102944949e-05,0.0001948103579225517,0.021213293977238052
148,L,L,2.822347658667661e-06,L,4.842790055444237e-06,V,2.704532382585916e-06,V,2.107614043525693e-06,F,6.539839952300246e-05,L,3.0139171160032017e-06,L,4.175331641632132e-06,L,5.417449706987542e-06,L,5.417449706987542e-06,R,4.2534700535871214e-06,L,0.0001362188621164682,L,5.094218776422457e-06,L,0.00014751231935444624,L,5.096113951624203e-06,L,5.096113951624203e-06,2.661139533593392e-05,0.0028977686732144657
149,R,R,0.0,R,0.0,R,0.0,R,0.0,R,0.0,R,0.0,R,0.0,R,0.0,R,0.0,R,0.0,R,0.0,R,0.0,R,0.0,R,0.0,R,0.0,0.0,0.0
150,Q,N,0.001890398275219864,Q,0.00023147124783434812,Q,0.0002168007041967414,G,0.0005157529447359456,Q,6.097867378370567e-07,K,0.000455051514663543,K,0.0004510403965588455,L,0.0015858432457599302,L,0.0015858432457599302,Q,0.00021666687700544498,L,0.00012030051073779091,L,0.00014089398918479902,L,0.00012030051073779091,Q,0.00026579969463851516,Q,0.0003122538851586268,0.0005406017885953301,0.05886722240227392
151,H,H,0.00015247351844202653,Q,0.0001938282829060488,Q,0.0006643844569807749,Q,0.00016949690443612272,H,0.00011093028064888473,C,0.00017071689284603865,C,2.2079997287006567e-05,H,0.00013884160260856736,H,0.00014482191673155203,H,0.00011401451773898353,H,0.0001376825757623502,H,0.00015334804515708392,H,0.0001395097146620541,H,0.0001378199814122883,H,0.00014176429308019196,0.0001727808653799983,0.018814457968424063
152,G,G,5.3110828463718104e-05,G,2.581260946190131e-05,G,0.0001718910612436725,R,0.0004905858929716464,G,2.581260946190131e-05,G,0.0001718910612436725,G,0.0001718910612436725,G,3.315111986147368e-05,G,3.315111986147368e-05,G,5.4387018783715814e-05,G,7.617166873969738e-05,G,5.269507847995417e-05,G,7.617166873969738e-05,G,5.3110828463718104e-05,G,5.3110828463718104e-05,0.00010286296369890889,0.011200956209845963
153,Y,Y,0.0001460037992871707,Y,0.00010148195095244476,H,0.0005722210383284084,H,0.00012375440129874338,Y,0.00016666188286076233,Y,0.00014853428332415442,Y,0.00014853428332415442,F,0.001045967032581102,F,0.001045967032581102,F,0.0015507345941371087,Y,0.00013809388881759368,Y,0.00013809388881759368,Y,0.00013809388881759368,F,0.0008952903776600901,F,0.0009446137977772833,0.0004869364093710203,0.05302349069300908
154,S,R,0.0033649058486325562,R,0.002498678807576443,Y,0.002181826973324022,Y,0.00234962992532002,H,8.860542875191881e-05,H,0.0009500107113668811,D,0.0016425449635113928,D,0.0010816378797578977,D,0.0008963761651608776,Y,0.005653106053235788,P,0.0015765804745353077,P,0.00021353611924389455,P,0.001614322844182642,E,0.0014708085049430879,E,0.0014708085049430879,0.001803558613632388,0.19639314605321995
155,V,V,0.00010592490811633607,V,0.00013376188867483696,M,0.0028768409039260697,M,0.0029733464409336745,I,0.001693527471236799,V,7.970447457963446e-05,V,7.970447457963446e-05,V,0.00016394785682936582,V,0.00016394785682936582,V,0.00019641684381994804,V,5.769690598602519e-05,V,7.738294874552577e-05,V,5.769690598602519e-05,V,0.00010540650192618841,V,0.00010540650192618841,0.0005913808589397078,0.06439665809857494
156,S,S,0.00017781968245571527,P,0.0009748461733124917,S,0.00026467479303177903,S,0.00025878934968020693,P,0.000605596951476954,S,0.0014158627503292275,S,0.0014029513666546853,S,2.0792434320166298e-05,S,2.0792434320166298e-05,P,0.0022253658031123297,-,,S,0.0006369721488004519,-,,S,0.00030953053390580425,S,0.00030953053390580425,0.0006633480734850601,0.07223331368072039
157,Q,S,3.115176266549602e-05,-,,-,,-,,-,,-,,S,3.001034778101536e-05,-,,-,,-,,S,1.935414957532351e-05,-,,S,1.935414957532351e-05,-,,-,,2.49676023992896e-05,0.002718772734935833
158,-,D,0.0030326292667616213,C,0.0010693112171539895,S,0.0009390214611490796,S,0.0009165584329209048,A,0.005942370753484227,S,7.053218971934497e-05,-,,E,0.002126530569963049,E,0.0022362900192539567,Q,0.0004946932029137505,S,0.0007743234618552902,S,0.001083466514705598,S,0.0008190064871333059,Q,0.00022851569840312796,Q,3.86951514683048e-05,0.0014122817447775394,0.1537862162471007
159,-,-,,-,,-,,-,,-,,-,,-,,-,,-,,-,,-,,-,,-,,-,,-,,,
160,E,V,0.0006785177237898216,D,0.0016425449635113928,D,0.0016425449635113928,D,0.0016425449635113928,D,0.0016425449635113928,D,0.0016425449635113928,D,0.0016425449635113928,D,0.0016425449635113928,E,0.009183409145773588,E,0.0007228297158926053,D,0.0016425449635113928,S,0.0032775689589306274,D,0.0015269982032439012,E,0.0009325720721745272,E,0.0009430373700097699,0.0020270195265270656,0.22072625692169512
161,V,V,0.0,V,0.0,V,0.0,V,0.0,I,0.0,V,0.0,V,0.0,V,0.0,V,0.0,I,0.0,V,0.0,V,0.0,V,0.0,V,0.0,V,0.0,0.0,0.0
162,F,F,8.119477436192225e-06,F,9.071824833997648e-05,F,1.2023650927369817e-05,F,1.2023650927369817e-05,F,9.071824833997648e-05,F,1.715670249854743e-05,F,1.715670249854743e-05,F,1.2023650927369817e-05,F,1.2023650927369817e-05,F,0.0003612566166939097,L,0.0002199196729580487,L,2.4646386322469123e-05,L,0.0002199196729580487,F,1.2023650927369817e-05,F,1.2023650927369817e-05,7.47835755739957e-05,0.008143334832077343
163,N,A,0.0016425449635113928,R,0.0070737883753588925,K,0.0006129947692014826,T,0.008116800092215895,S,0.004558673213367842,L,0.0023719675394600933,L,0.0025061180881490643,S,0.009064846715967832,S,0.007745813124930083,E,0.0006755456481506426,E,3.979405109882929e-05,E,0.0009112964383326474,E,0.0008387803098228489,D,0.0010376718669360544,D,0.0008181439820078251,0.0032009852785674286,0.34856176260431504
164,S,K,6.54396732781193e-05,K,0.00014095464953482007,Q,0.000676221082994711,R,0.001963393414413576,S,0.003857914797158388,N,0.0016210853282060782,K,0.00027650807783893686,F,8.801660439038808e-05,F,0.00027792776351574257,S,0.0016887989338010456,N,0.00264993138632178,Q,0.006906289972441785,N,0.0026213572150357526,R,0.0017770812555013818,R,0.0017739033986368849,0.0017589882368712923,0.19153978756144371
165,F,F,7.976901368997443e-06,F,4.6303107977668406e-05,F,7.976901368997443e-06,F,7.976901368997443e-06,F,7.976901368997443e-06,F,7.976901368997443e-06,F,7.976901368997443e-06,F,7.976901368997443e-06,F,7.976901368997443e-06,F,0.0005983536946352067,F,7.976901368997443e-06,F,7.976901368997443e-06,F,7.976901368997443e-06,F,7.976901368997443e-06,F,7.976901368997443e-06,4.9890434693989475e-05,0.005432670362612579
166,K,R,0.009183409145773588,T,0.009183409145773588,T,0.009183409145773588,T,0.009183409145773588,R,0.009183409145773588,K,0.0016425449635113928,K,0.0014205264482640015,K,0.0016425449635113928,K,0.0016425449635113928,K,0.0016425449635113928,K,0.0011684396410859353,K,0.0008123067649736714,K,0.0016425449635113928,T,0.009183409145773588,T,0.009183409145773588,0.005059857446153046,0.5509781134473036
167,-,-,,-,,-,,-,,-,,-,,-,,-,,-,,-,,-,,-,,-,,-,,-,,,
168,D,D,0.0003107264311194825,D,0.0002367751915592018,N,8.326798591540987e-05,N,0.00015972034700452458,D,0.0009564136016671725,D,0.00027791367076690065,D,0.0002137342032331339,N,0.00014578051465345297,N,0.00014578051465345297,D,0.0019493048112127907,D,0.0006183291287534442,D,0.00035200874890112314,D,0.0006154020791473543,N,0.00031673734233058384,N,0.00024397438291835842,0.0004417245969224258,0.04810028497159113
169,-,-,,-,,-,,-,,-,,-,,-,,-,,-,,-,,-,,-,,-,,-,,-,,,
170,-,-,,-,,-,,-,,-,,-,,-,,E,0.0013197471013415049,E,0.001013033910530836,E,0.002291714140528345,-,,-,,-,,E,0.0009373137257122581,E,0.0009337314594524063,0.0012991080675130698,0.14146250557843745
171,E,E,0.0005503915481769189,G,0.00024232017806515097,Q,0.0010153094449846854,D,0.004215839113744695,D,0.007130484242010253,Q,0.000795790343838597,Q,0.0007914043609699417,D,0.007119980746305761,D,0.00523702840366201,-,,H,0.0014990484735798505,E,0.002749478155547482,H,0.0019765660508820125,E,0.001205682149690523,E,0.0014097708985660053,0.002567078150715992,0.2795343330529294
172,R,Q,0.000248525761142579,E,9.07413343017349e-05,D,0.00019960621716013245,D,0.0002377448371080841,K,0.00107902344612295,Y,1.9972040368790414e-06,L,0.0005939312321291104,G,1.5415258323829972e-05,G,1.086571054828394e-05,N,0.0002764853372045035,N,9.787078264771062e-05,K,0.0019048153830732288,N,0.0005125934043767888,G,3.3534299633530865e-05,G,3.3534299633530865e-05,0.00035577896716285843,0.038741491478314016
173,G,G,0.0005125955023642404,G,0.0001193137092326561,G,4.3615509756346436e-05,G,0.00019868216155962364,G,0.00033685376962114684,G,0.00013206879462495348,G,0.0001304838296016336,S,0.0005281776427140422,S,0.0002819717154401174,G,4.301781846374285e-07,G,1.0917009943754427e-05,G,0.00018972428676578557,G,9.340037845006453e-06,T,0.0016855084060378612,T,0.0015315435884947271,0.0003807484094791021,0.04146046456552914
174,S,G,7.255887642803848e-06,N,0.0003715906019511321,K,0.0004521636069789129,K,7.828205565115127e-05,N,0.0015730573123911764,N,0.0003025473436462865,N,0.0002864266325841096,D,0.0015581918389413944,D,0.0015724258922428693,D,0.0026439122642363407,Q,6.219929520999658e-05,Q,3.4775095630535505e-05,Q,7.842602457948192e-05,D,0.0003378496161365492,D,0.0004963846197962251,0.0006570325391745976,0.0715456023732732
175,F,-,,F,1.899532485839347e-05,F,0.00044473893293187696,F,9.194171572893314e-05,L,9.997824074555535e-05,F,2.1436041254092742e-05,F,2.1436041254092742e-05,F,0.00023863119609137756,F,0.00024514257011871976,F,4.533810245843936e-05,F,0.0004721588580918651,F,3.935335354496419e-05,F,0.0004721588580918651,F,0.00019063543852378955,F,0.00019063543852378955,0.0001851842937298396,0.0201650923736819
176,-,-,,-,,-,,-,,-,,-,,-,,-,,-,,-,,-,,-,,-,,-,,-,,,
177,K,-,,A,0.0004370308330965468,K,0.0005876535549269127,K,0.000636191752019187,K,0.000470187581473615,I,0.0006254548642035633,V,0.0008220986176006099,K,0.0005914721298419237,K,0.000718953240538988,N,0.0005307753120053273,T,0.002880678471936855,A,0.0005033910217764826,T,0.002307071990006477,N,0.0002933375478565159,N,0.0005873555709781529,0.0008565466063043684,0.09327109276173005
178,A,-,,T,0.0015018333909027721,E,0.0004831137309547036,E,0.00038334828400725184,S,0.002139187136798353,-,,-,,A,0.000297813440761278,A,0.000297813440761278,H,0.0015902568822884335,C,0.00015935223254817015,T,0.0033222835761218816,C,0.0003013833452466607,P,0.0030585799892055314,P,0.0034299998789141545,0.0014137471107092056,0.15394578290784788
179,C,F,0.0009394573852568993,A,0.0006100663999765167,T,0.00016649141433990633,T,0.0011816629176695035,C,0.0005757367133890834,-,,E,0.0004900432785793501,S,0.0004931383846225982,S,0.0005020494345593554,S,6.776134750167242e-06,-,,S,0.0008786452074894841,-,,-,,-,,0.0005844067270632865,0.06363723076982188
180,L,A,8.887980411479031e-05,L,0.0006384417294764132,L,0.0016826588130723849,L,0.000439063316722874,L,0.0007397965358481208,-,,A,0.0016425449635113928,-,,-,,L,0.0008178405638566656,-,,S,0.004466918909570357,-,,S,0.001839424623930466,S,0.0030564579919176737,0.0015412027252021136,0.16782468261379924
181,C,A,0.0003121123081519181,T,0.00039590293994579275,T,0.0003580427624914877,T,0.0005579813749993245,G,0.0008952243029140319,E,0.0002941205592205647,-,,L,0.00034504536164469573,L,0.00031108605045423706,C,0.0016280965850324497,S,0.0024297451675804275,I,0.0021904501784270813,S,0.002547797374824234,L,0.0004900459233330351,L,2.2797233774051792e-05,0.0009127462944852379,0.09939079050020377
182,E,N,0.00192643789080118,N,0.0003386396413545287,N,0.0009487513464438591,K,0.0010971107584462042,-,,V,0.0003028787273267358,-,,G,0.0012820004629469995,G,0.0008144275481777849,-,,G,0.003408856592043749,Q,0.0008603862271177084,G,0.005370369603166447,I,0.0021281704503368602,I,0.0019152546170812573,0.0016994403221036094,0.18505549465644033
183,-,-,,-,,-,,-,,-,,-,,-,,-,,-,,-,,I,0.00036324588978412414,T,0.0005369699280219104,I,0.0004330974401610394,-,,-,,0.0004444377526556913,0.0483957259881241
184,-,-,,-,,-,,-,,-,,-,,-,,-,,-,,-,,-,,D,0.0013131183719567636,-,,-,,-,,0.0013131183719567636,0.14298811597227926
185,-,-,,-,,-,,-,,-,,-,,-,,-,,-,,-,,-,,-,,-,,-,,-,,,
186,-,-,,-,,-,,-,,-,,-,,-,,-,,-,,-,,-,,-,,-,,-,,-,,,
187,-,-,,-,,-,,-,,-,,-,,-,,-,,-,,-,,-,,-,,-,,-,,-,,,
188,-,-,,-,,-,,-,,-,,-,,-,,-,,-,,-,,-,,-,,-,,-,,-,,,
189,-,-,,-,,-,,-,,-,,-,,-,,-,,-,,-,,-,,-,,-,,-,,-,,,
190,-,-,,-,,-,,-,,-,,-,,-,,-,,-,,-,,-,,-,,-,,-,,-,,,
191,-,-,,-,,-,,-,,-,,-,,-,,-,,-,,-,,-,,-,,-,,-,,-,,,
192,-,-,,-,,-,,-,,-,,-,,-,,-,,-,,-,,-,,-,,-,,-,,-,,,
193,-,-,,-,,-,,-,,-,,-,,-,,-,,-,,-,,-,,-,,-,,-,,-,,,
194,-,-,,-,,-,,-,,-,,-,,-,,-,,-,,-,,-,,-,,-,,-,,-,,,
195,-,-,,-,,-,,-,,-,,-,,-,,-,,-,,-,,-,,-,,-,,-,,-,,,
196,-,-,,-,,-,,-,,-,,-,,-,,-,,-,,-,,-,,-,,-,,-,,-,,,
197,-,-,,-,,-,,-,,-,,-,,-,,-,,-,,-,,-,,-,,-,,-,,-,,,
198,-,-,,-,,-,,-,,-,,-,,-,,-,,-,,-,,-,,-,,-,,-,,-,,,
199,-,-,,-,,-,,-,,-,,-,,-,,-,,-,,-,,-,,-,,-,,-,,-,,,
200,-,-,,-,,-,,-,,-,,-,,-,,-,,-,,-,,-,,-,,-,,-,,-,,,
201,-,-,,-,,-,,-,,-,,-,,-,,-,,-,,-,,Q,0.0023295077511346794,-,,Q,0.00242349420782255,-,,-,,0.0023765009794786147,0.25878199933761353
202,-,-,,-,,-,,-,,-,,-,,-,,-,,-,,-,,T,0.00041747574627694155,-,,T,0.00040583851632103925,-,,-,,0.0004116571312989904,0.044826177813110324
203,-,-,,-,,-,,-,,-,,-,,-,,-,,-,,-,,E,0.001453088185712966,P,0.000745860739117926,E,0.0015961617150595327,-,,-,,0.001265036879963475,0.13775242503985283
204,-,-,,-,,-,,-,,D,5.799715992850197e-05,-,,-,,E,0.0019307390964585567,E,0.0019332921030282163,E,0.002907809290721558,G,0.0015676994761249442,G,0.001725533548318892,G,0.002267157269392553,D,0.0027466873173380853,D,0.002209876208950369,0.0019274212744735198,0.20988080176745283
205,D,N,0.0001709470751949198,D,9.260472970080013e-05,D,0.00010262653011786648,D,7.742199615357315e-05,D,0.0005903663004535962,D,6.683575629126462e-05,D,8.877262514461256e-05,N,0.000751619930904025,N,0.000751619930904025,D,0.0005104345637367801,E,0.0005916122837895776,E,1.9967130027039388e-05,E,0.0006850943071534504,D,0.0006052659788114245,D,0.0008188793941467373,0.0003949379021686461,0.04300558712996093
206,T,P,0.0003200576927436107,V,0.00010208991155177335,V,0.0003609945419116572,V,0.000443119969562972,C,0.0019018036014133424,T,0.00020731787688376422,T,0.0001545584713699859,T,0.0010067984435635255,T,0.0023095804674105602,L,0.00012340196526036576,I,0.000894719858490722,I,0.0021303544551381534,I,0.0010082557424651534,T,0.0001389554665729461,T,8.14587225299918e-05,0.0007455644791245684,0.08118602441531138
207,K,R,0.0004102030491498545,E,0.0005992335343894887,Q,0.0016221259803133135,S,0.007783445631687104,R,0.0019104272574409513,R,0.0006685238420028313,R,0.0005807659044100546,K,0.0015357073443304067,K,0.0007938887980428481,K,0.0006448838081679225,R,8.754806359642971e-05,R,0.00035597720431490256,R,2.0059253875189028e-05,K,0.0001533057100356604,K,0.0001533057100356604,0.0011546267394528414,0.1257296414789737
208,G,D,0.0002707426884350469,G,0.0002166436509131321,G,0.00031284466000872785,G,0.0009389037769469268,G,0.00018497383653890616,S,0.0005685541681325574,S,0.0006783024034198042,D,0.002435715702275264,D,0.0019805849800392885,G,1.0247036975536826e-05,G,0.0008618061280816275,T,0.0046659243867811845,G,0.0009460953584084874,G,0.0009607762319107449,G,0.0005373192832549923,0.0010379622861414817,0.11302581314469425
209,M,L,0.0012052544450349275,L,0.0020221034040052584,L,0.0014598364147286043,L,0.0022083450519508508,I,0.0006818904180556625,L,0.00234513888941197,L,0.002360652872935441,V,0.0035767005134013583,V,0.003681056832502145,L,0.0007272951533785874,V,0.00019226558232304282,I,0.002478743924501797,V,0.00019952783746107004,L,0.0013508505564822865,L,0.0011370240574689312,0.0017084457302427958,0.18603611176673546
210,L,L,0.00012027360853327372,L,6.027150176498184e-05,L,4.1178233575173706e-05,L,6.713640742309181e-05,L,0.0003388172976296039,L,2.5384921077903554e-05,L,2.5384921077903554e-05,L,0.000551243029036257,L,0.0005600017706868433,L,6.385477662304234e-05,L,0.0005586756544626536,F,0.0003195762290567257,L,0.0005547756013206527,L,4.6377177532250694e-05,L,4.6377177532250694e-05,0.0002252885538221739,0.024532126386403764
211,S,N,7.185762529476774e-06,E,0.0005349907772658534,S,1.6582053001202228e-05,N,7.331480805237729e-05,A,0.0005349907772658534,S,1.59470831915416e-05,S,1.59470831915416e-05,Q,3.939119115686689e-05,Q,3.939119115686689e-05,Y,1.8711300264864e-05,N,9.57158479202626e-06,N,1.59470831915416e-05,N,9.57158479202626e-06,Q,1.1106469313602503e-05,Q,1.1106469313602503e-05,9.025034789861623e-05,0.009827542959920443
212,L,L,3.889656333342436e-05,L,6.512930943721542e-06,L,0.00017308121142932333,L,0.0001776249632791746,L,9.520115325457207e-06,L,9.642128369333357e-06,L,6.152810097485287e-06,L,5.257699018319783e-06,L,5.257699018319783e-06,L,3.7983812923539613e-06,L,4.437663385310517e-06,L,4.7484510347812155e-06,L,4.437663385310517e-06,L,9.520115325457207e-06,L,9.520115325457207e-06,3.1227234037548657e-05,0.0034003966873152043
213,Y,Y,0.0002283662412616759,Y,0.0002663129143971049,Y,0.00010074730464660779,Y,0.00024098453871839663,Y,0.00016912677737053323,Y,0.0002960870607236128,Y,0.0002866254586537696,Y,0.00013960326044444422,Y,0.00013960326044444422,Y,7.612957548906558e-05,F,0.002841688974445987,F,0.002607344272041541,F,0.0003790002443225199,Y,0.00020405934455838785,Y,0.0002172283956912131,0.0005461938415472869,0.05947615236098433
214,E,N,0.00105240441783484,E,0.0009235211520000162,E,0.001491593355149596,E,0.0014929576711335828,E,0.0015530364242486439,N,0.0010578997272295072,N,0.0010972638126679017,E,0.0014097345147532532,E,0.0014097345147532532,E,0.0014369405267628498,R,0.0014884969082370246,R,0.0010218410853530587,R,0.0007964790041661715,E,0.0008775953466885717,E,0.001347959645523944,0.0012304972071001475,0.13399133018770595
215,A,A,0.0001035518567930474,A,0.0001320078739581912,A,0.000110881234385378,A,0.00010722914255532632,A,0.00010155019311825326,A,0.00011646888444837897,A,0.00011646888444837897,A,0.00011552830013146875,A,0.00011552830013146875,A,8.541293830175078e-05,A,0.00011960828263814943,A,7.603429279308655e-05,A,0.00011960828263814943,A,0.00011341826967117968,A,0.00011341826967117968,0.00010978100037889247,0.011954275219177855
216,S,A,4.738245388119968e-05,S,0.0001079574669698667,S,4.2644208493079694e-05,T,4.2644208493079694e-05,A,0.0009023053068248791,A,2.8450034334001595e-05,A,1.0585870723630092e-05,S,1.2625244035445655e-05,S,1.2625244035445655e-05,S,3.0281628459707693e-05,S,2.067615659161165e-05,S,2.067615659161165e-05,S,2.067615659161165e-05,S,2.65360112205454e-05,S,2.65360112205454e-05,9.017347723108412e-05,0.009819172357422842
217,F,C,0.001301159203940088,H,0.0008026307208132993,H,0.0008255600670920712,H,0.0007750388909850133,H,0.0011775977361104491,Y,0.0006509045597909504,F,0.0013583823961909654,F,0.0002949968404032919,F,0.0002368927419503744,Y,0.0006258853003239103,L,0.0013056950907681048,L,0.0005210945980125343,L,0.0013056950907681048,F,0.0002968564349768673,F,0.0002968564349768673,0.0007850164071401926,0.08548202466852682
218,F,L,0.004889236176222554,L,0.002960798937941437,L,0.0038025973486888235,L,0.002843915073587487,L,0.0035756219250205916,L,0.0031879061943184527,L,0.0032545898344071966,P,0.00888222524441934,L,0.0009387833556917686,L,0.0007116993516297716,I,0.0011180355115395157,V,0.002695527407538389,I,0.0009677256976655296,L,0.003687115136282715,L,0.0030015539366060936,0.003101155408770644,0.33769108612544674
219,L,R,4.1179080963979885e-05,A,0.00039536885593701186,R,0.0004780681882506667,R,0.00013668477883243705,L,0.001364774236799189,R,0.0003550646699095806,R,0.00025966199265809267,I,0.003843321076487091,V,0.0011301829134426468,E,0.0008940658829738344,A,0.0007770454068788729,A,0.0016691978658053713,A,0.0006533749421970761,L,0.002264220805334078,L,0.0012702695669743892,0.001035498684229621,0.1127575465486236
220,-,-,,-,,-,,-,,V,0.00011336602729729824,-,,-,,-,,-,,-,,-,,F,0.00048217704319951794,-,,-,,-,,0.0002977715352484081,0.03242494486760936
221,-,-,,-,,-,,-,,-,,-,,-,,-,,-,,-,,-,,-,,-,,-,,-,,,
222,I,T,0.000791147049127307,T,0.00017697963653993403,V,0.0016425449635113928,V,0.0016425449635113928,E,0.0034260902230405775,I,0.00069555525531512,I,0.000915490470144078,R,0.0004247974367089094,R,0.00045085569335110315,K,0.0002614718997446812,F,0.0006237559025212879,-,,F,0.002597426976172979,R,0.00042792755036714437,R,0.00042792755036714437,0.0010360368264587894,0.11281614594462416
223,E,H,0.0003312812443978184,R,0.00035891474283217305,R,0.002961459951691004,H,0.0003534998530624825,E,0.0012563304345526273,H,0.0003286349953445257,H,0.00017671939989516745,V,0.00447172942702204,V,0.005230931024369371,E,0.00016623500246616799,P,0.0018489409433957412,P,0.001346798532854159,P,0.0018324010378622383,E,0.0016425449635113928,E,0.0014001694418783138,0.0015804393996756815,0.1720972434733604
224,-,-,,-,,-,,-,,-,,-,,-,,-,,-,,-,,-,,-,,-,,-,,-,,,
225,-,-,,-,,-,,-,,-,,-,,-,,-,,-,,-,,-,,-,,-,,-,,-,,,
226,-,-,,-,,-,,-,,-,,-,,-,,-,,-,,-,,-,,-,,-,,-,,-,,,
227,G,G,1.1122024105879215e-05,G,7.100287974009847e-05,D,0.0004345778559454432,G,0.00017912955305232278,E,0.00013147736257227056,G,2.0154037903382632e-06,G,1.3294849422108577e-05,G,7.178793870393158e-06,G,8.254650783160802e-06,N,0.0003975377594788054,G,0.00038833079670375824,N,0.001818570091798375,G,0.0003857843133274917,G,0.00017763841547836152,G,0.00016439700100856716,0.00027935411673849164,0.03041943490746644
228,-,-,,-,,-,,-,,-,,-,,-,,-,,-,,-,,-,,-,,-,,-,,-,,,
229,E,E,0.0,E,0.0,E,0.0,E,0.0,R,0.0,E,0.0,E,0.0,E,0.0,E,0.0,E,0.0,E,0.0,E,0.0,E,0.0,E,0.0,E,0.0,0.0,0.0
230,N,T,0.0011851106588124378,E,0.0006886131536063735,E,0.0005731787848846943,E,0.0016973789268755742,D,0.0008164234410611229,T,0.0009598675457775549,T,0.0009806296145196739,V,0.002335186193465296,V,0.002352418040643635,S,0.002666581295602564,K,0.0004512411624048844,K,0.00020366957547326842,K,0.0004512411624048844,D,0.00025755623279070396,D,0.00025755623279070396,0.0010584434680742246,0.11525605047896012
231,I,I,0.0003701673610449128,I,0.0005121158385811837,I,0.0004034828552168818,I,0.0003628713818632359,I,0.00014228344897594555,V,0.00019873067446091796,V,0.00011219176506517573,T,0.0008504787525209243,T,0.0008161126342211028,N,0.00040432161727746614,V,0.00010490500446201789,V,0.0007367919694341325,V,0.00012904281823687054,T,0.0005294725936382637,T,0.0005294725936382637,0.00041349608724248647,0.045026425446021506
232,-,-,,-,,-,,-,,-,,-,,-,,L,0.0,L,0.0,L,0.0,-,,-,,-,,-,,-,,0.0,0.0
233,L,L,6.0896986784723853e-05,L,0.00012276335413992584,L,0.00015716868874552154,L,6.131094722561375e-05,F,0.0010802119188922823,L,3.588814201202532e-05,L,3.8134234090726036e-05,-,,-,,-,,M,6.13974070013655e-05,M,0.00010394899676956293,M,0.0010215597994732914,L,4.6171080440126425e-05,L,4.6171080440126425e-05,0.00023630188633460764,0.025731390443750304
234,E,D,0.0023395067303967694,D,0.0002925264262131787,E,2.3228098040732307e-06,E,9.740705590781122e-06,Y,0.0003882856224403247,D,0.0002909288315022326,D,0.0002909288315022326,E,0.00020197102671818692,E,5.2978326864074334e-05,E,0.00012890245408123487,E,0.0005591280225034417,E,9.285414793371461e-05,E,0.0005591280225034417,E,0.00017779063236128328,E,0.000189583317379125,0.000371771727186273,0.040482975470756494
235,E,E,0.0008036255069441242,R,0.0009371001062660083,E,0.0007478606331852987,D,0.0026046884576361616,E,7.843033361377313e-05,E,0.0017002233154284469,E,0.0016961308019422118,Q,0.0016200032651897233,Q,8.622246779813572e-06,M,0.001971635678815743,E,0.0005608912212937044,D,0.001094623075495847,E,0.0005383747988614932,L,0.001345477224681246,L,0.0010300791463649186,0.0011158510541665677,0.12150727866460219
236,A,A,1.8934058985153223e-05,A,0.0003498514567436444,A,9.729358919025877e-05,A,4.082113826201547e-05,I,0.0002169255994615255,A,2.1383693251701476e-05,A,2.1383693251701476e-05,A,0.00017177418544143808,A,0.00017177418544143808,A,4.890344824833454e-05,A,2.9683495898067246e-05,A,0.000759599458295027,A,2.9683495898067246e-05,A,0.00021355183123458255,A,6.925497389002318e-05,0.00015072122023286524,0.016412338581498414
237,R,A,0.0015289477663422099,M,0.00044028313639863953,L,0.0011948212804852299,L,0.00031607168137756344,V,0.00038567099953579177,I,0.001135041986735116,I,0.0011653983812335569,R,0.0010990068181784569,R,0.001222501018525857,R,0.001927002241373972,E,0.0008283594905039962,Q,0.0004970337065707793,E,2.796063934836983e-05,R,0.0004667187844374411,R,0.0005190051183361819,0.0008502548699588774,0.0925859728628321
238,D,S,0.0062424617101511535,E,0.0016425449635113928,T,0.0052102707592431375,S,0.007089336357786179,N,0.0003632379404633088,S,0.0059169794824372795,S,0.005959707266706849,V,0.005636202716741635,V,0.0043830071541642365,E,0.0006145441068942985,I,0.0007165468275810639,I,0.00022879936217544704,I,0.000637270535768207,Q,0.00019249409349726056,Q,6.963833674328137e-05,0.0029935361075909823,0.32597220270520944
239,F,F,0.00034517003013171554,F,0.000199766070867896,F,0.00128509263164454,F,0.000506220892580583,F,0.0009920874632345239,F,0.000489821886682581,F,0.0004814705180859527,F,0.0012478545163107067,F,0.0012577321630114055,F,0.0007683744649114607,F,0.0005238565042815131,F,0.00026941085318328724,F,0.0003940693721470604,F,0.00032932359346291294,F,0.00044511399840026846,0.0006356909972624272,0.06922167870033173
240,S,T,0.0001059146386689379,S,7.662094339501424e-05,T,5.7231809793500656e-05,T,6.94948198563198e-05,T,0.00034634599340483335,T,4.310800762276576e-05,T,4.249030356161812e-05,S,0.0005125116744069754,S,0.0005317021348163311,T,7.102331559079079e-05,S,0.0004077827304921321,S,0.0003958585136040895,S,0.0005145157959577824,S,0.0005532806590212952,S,0.0005532806590212952,0.00028541079994757877,0.03107895939482684
241,T,S,0.0006562135473016321,S,0.0016405865879681877,T,0.0008753277561565417,V,0.0003836320401266317,T,0.0009588005508349453,T,0.0016128217152180456,M,0.001743537283185603,T,0.0009438192383070511,T,0.0009866622712990435,A,0.0012643807748527478,T,0.002976004025298871,T,0.0016838863134576076,T,0.0025979130743814046,T,0.0008553671403166718,T,0.0005224848208192929,0.0013134291426349517,0.14302195642011892
242,K,K,9.42318065515806e-05,S,0.00023576078990284892,T,0.0013684296364430088,T,0.0012918984633573422,A,0.0015327805748926553,R,6.792261586319993e-05,R,7.925103149658043e-05,K,6.50000206781135e-05,K,6.50000206781135e-05,K,0.0005012022372681581,M,0.0002984938295422085,I,0.001803962533603063,M,0.0002603038733067408,K,1.7145196477034545e-05,K,1.6193412203022162e-05,0.0005131717361509114,0.05588030850036608
243,H,C,0.002377698113196424,H,0.0023609479202389436,H,0.00122777199649176,H,0.002732900656087369,Y,0.0018019642703324145,C,0.000748923427340663,V,0.0008644061841349841,I,0.003952144030357964,I,0.00601813966557155,H,0.004987272274135919,Y,0.0024252801970665473,Y,0.0030756346272933967,Y,0.003923389255027777,L,0.004159727157501222,L,0.0040953000905142355,0.002983433324352745,0.32487209020037927
244,L,L,0.0,L,0.0,L,0.0,L,0.0,L,0.0,L,0.0,L,0.0,L,0.0,L,0.0,L,0.0,L,0.0,L,0.0,L,0.0,L,0.0,L,0.0,0.0,0.0
245,E,K,0.0016404599843972004,Q,0.00027585511223397123,E,0.0010851398183977137,K,0.00025971051355642256,K,0.0010944040457925184,Q,0.0005936255442886063,Q,0.0016425449635113928,E,0.0018016558038975975,E,0.002130886515240414,K,0.0007809721170232212,K,0.00012829942129208231,K,0.000825342962421374,K,0.00019532517739324735,Q,0.0002460296445729624,Q,0.0004909113826729705,0.0008794108671127795,0.09576082837575677
246,E,S,0.0013475891194758643,A,0.0006161846180183978,S,0.0006337419322594217,S,0.00026122178217552494,E,0.0001712955885730158,D,0.0007420493069558604,D,0.0010047815393192346,K,0.0011682044910430985,K,0.0011332065537446663,K,0.0012529307592399964,H,0.001518124819777019,E,0.0009612699216959032,H,0.0032183297097809734,K,0.0016166551451939689,K,0.001813913475232477,0.001163966584165695,0.12674667606434356
247,Y,L,0.0008179852916118938,L,0.0013526998657182833,I,0.002143757409754578,M,0.0011281939909763747,Y,0.0003197026761644412,R,0.00043108770459335466,R,0.00011281940378454477,K,0.0005812222992115843,K,0.0009076342176829702,I,0.0002536282672670542,A,0.00163316287564618,Y,0.00032993657960045115,A,0.002309972106156227,K,0.000786285157872519,K,0.00025667049832763303,0.0008909838896245391,0.09702103820938764
248,-,-,,-,,-,,-,,-,,-,,-,,-,,-,,-,,-,,-,,-,,-,,-,,,
249,-,-,,-,,-,,-,,-,,-,,-,,-,,-,,-,,-,,-,,-,,-,,-,,,
250,-,-,,-,,-,,-,,-,,-,,-,,-,,-,,-,,-,,-,,-,,-,,-,,,
251,V,-,,L,0.00036046573372245077,V,0.002626866213856258,S,0.0024087882405556247,V,0.004519429908706702,L,0.0002960321396040429,L,3.6199984875798967e-06,V,0.004235977899783003,V,0.003139188791159375,-,,L,0.0002920636071586237,L,0.0003803029930208819,L,0.00032695713446910963,-,,-,,0.001689972060047605,0.18402447644678538
252,K,A,8.213114765976316e-05,N,3.5039908936930714e-05,S,0.0006587086606805688,P,0.00020116489917011368,-,,E,0.0004208026029924901,-,,D,8.221446129605907e-05,D,8.221446129605907e-05,-,,Q,0.00013469156613531597,-,,Q,0.0012936160013782055,-,,-,,0.0003322870788383896,0.03618341223436785
253,-,-,,-,,-,,-,,-,,-,,-,,-,,-,,-,,-,,-,,-,,-,,-,,,
254,-,-,,-,,-,,-,,-,,-,,-,,-,,-,,-,,K,4.0438946373757797e-07,-,,K,8.154741531078172e-05,-,,-,,4.097590238725965e-05,0.004461948905556242
255,-,-,,-,,-,,-,,-,,-,,-,,-,,-,,L,0.002639861724987984,I,0.0024587977414888486,-,,I,0.0035047447432148423,V,0.0029427950214720266,V,0.003162415855510045,0.0029417230173347493,0.32033017048887524
256,-,-,,-,,-,,-,,-,,-,,-,,-,,-,,K,0.0003626198317463103,-,,-,,-,,D,0.0012892375880608205,D,0.0013754694839646056,0.0010091089679239121,0.10988391695346895
257,-,-,,-,,-,,-,,-,,-,,-,,-,,-,,-,,-,,-,,-,,-,,-,,,
258,-,-,,-,,-,,-,,-,,-,,-,,-,,-,,-,,-,,-,,-,,-,,-,,,
259,-,-,,-,,-,,-,,-,,-,,-,,-,,-,,-,,-,,-,,-,,-,,-,,,
260,-,-,,-,,-,,-,,-,,-,,-,,-,,-,,-,,-,,-,,-,,-,,-,,,
261,-,-,,-,,-,,-,,-,,-,,-,,-,,-,,-,,-,,-,,-,,-,,-,,,
262,-,-,,-,,-,,-,,-,,-,,-,,-,,-,,-,,-,,-,,-,,-,,-,,,
263,-,-,,-,,-,,-,,-,,-,,-,,-,,-,,-,,-,,-,,-,,-,,-,,,
264,-,-,,-,,-,,-,,-,,-,,-,,-,,-,,-,,-,,E,0.0017829969217204138,-,,E,0.0014667576453976246,E,0.0010446492906755927,0.001431467952597877,0.15587544123052285
265,-,-,,-,,-,,-,,-,,-,,-,,E,6.49381784532067e-05,E,6.49381784532067e-05,-,,-,,K,0.0019397290277043007,-,,D,0.0003690851870828945,D,0.00036613346920395784,0.0005609648081795133,0.06108459279936166
266,-,-,,-,,-,,-,,-,,-,,-,,-,,-,,-,,-,,-,,-,,-,,-,,,
267,Q,P,0.00046659431946792507,Q,0.0004365276650722295,N,0.0002359592636877153,K,0.0011777469109158765,-,,-,,E,0.0016425449635113928,-,,-,,E,0.0002882811957036731,-,,-,,-,,G,0.0017767631794543164,G,0.001809486448291569,0.0009792379932630872,0.10663120609340973
268,N,Y,0.0008634182450959262,H,4.833638472009058e-05,-,,L,0.00011672420142620573,K,2.0115221280221187e-05,-,,H,3.816684142150611e-06,G,7.948006497419586e-05,G,3.922417256842109e-05,K,0.0008276947128006181,-,,-,,-,,D,5.613646506249712e-05,D,0.00010118247685618755,0.00021561286289265144,0.023478520827081014
269,K,T,0.002271167298715531,L,0.0033756214732035866,L,0.003640107141215176,-,,H,0.0032299030888082825,-,,L,0.002562904809439623,I,0.0018917412344433685,I,0.002640347960535981,R,0.00509296587924746,-,,-,,-,,R,0.007090239479729589,R,0.007306716483069322,0.003910171484840792,0.4257864832952958
270,E,Y,0.0007105663320424459,V,0.0006179634989334947,S,0.0007739210388611104,-,,D,0.0010801104053081985,H,0.00022387403045688015,-,,-,,-,,I,0.000582969212274668,-,,I,3.8606206340137714e-05,-,,E,0.0023097321945306296,E,0.0023097321945306296,0.0009608305681420216,0.1046267843335955
271,-,-,,-,,-,,-,,-,,-,,-,,-,,-,,-,,-,,-,,-,,-,,-,,,
272,K,M,0.0014911839405390773,G,0.0023839992862205615,N,0.0002798434012874672,-,,N,0.0001682668613554757,L,0.002324333118283995,E,0.001513384600329718,N,0.0024381860468984905,N,0.002541629907513716,D,0.0017549422420746728,A,0.004067614853911081,P,0.0015246649546970577,A,0.003662943025374694,V,0.003372570009462378,V,0.0027755809757166257,0.0021642245159760724,0.23566678578968656
273,-,E,0.0025467098756896387,S,0.0010350308654842675,-,,D,0.0004294828221581846,D,0.0002423079720567544,E,0.001647460594830479,-,,D,0.0005405324872130592,D,0.0020917027660731996,Q,0.002332532298732028,V,0.0005800993009818503,L,0.00016952001160625295,V,0.0005490757562916972,G,0.0008470836610211371,G,0.002050944163184202,0.0011586525057940577,0.12616801532002914
274,-,A,0.0005206031735666214,V,0.0012151719723048882,-,,N,0.0006492243174070595,E,0.0006155388266572428,S,7.162880071033868e-05,S,0.00012339264655369394,E,0.002900752156806934,E,0.002703765685402357,E,0.004694236209932027,S,0.0007106459695271423,S,0.002056978360843,S,0.000696206354322779,D,0.0018942978003973069,D,0.002304889832383697,0.0015112380076296491,0.16456176389844887
275,-,-,,-,,-,,-,,-,,-,,-,,-,,-,,-,,-,,-,,-,,-,,-,,,
276,-,-,,-,,-,,-,,-,,-,,-,,-,,-,,-,,-,,-,,-,,-,,-,,,
277,N,S,2.6220769248553826e-05,S,5.700323270891069e-05,N,0.0004144717806283234,S,0.0002788676637851276,Y,0.00037780359783468824,P,0.00022043818754909205,P,0.00012958706621707543,K,0.0002560659348901174,K,0.0002433825309572749,-,,S,0.00027068736945695936,S,0.00027043355194259064,S,0.00024221845268022386,N,3.446941591331657e-05,N,3.446941591331657e-05,0.00020400849783754074,0.022214898040498397
278,L,L,2.2586348502949857e-05,L,0.0006341113423335902,N,0.0012655860470691194,L,0.0006341113423335902,L,1.2006982855171204e-05,I,2.2586348502949857e-05,L,2.2586348502949857e-05,L,2.2586348502949857e-05,L,2.2586348502949857e-05,L,2.2586348502949857e-05,L,1.2006982855171204e-05,L,1.2006982855171204e-05,L,1.2006982855171204e-05,L,2.2586348502949857e-05,L,2.2586348502949857e-05,0.00018416849674537217,0.020054480185077096
279,A,A,0.0003921101655864528,S,0.0016425449635113928,K,0.0014205104285731592,K,0.0016722710324091803,S,0.0010711397570200177,A,0.0019935169750777094,A,0.0021053516370802233,L,0.0024059039099767424,L,0.0017297168463697066,E,0.0005950438084809491,S,0.0002491230382356301,S,0.00012849955300971386,S,0.0008910822285353471,L,0.0003991541320095921,L,0.0003991541320095921,0.001139674840525694,0.12410149895697482
280,T,S,0.0016425449635113928,K,0.0016425449635113928,V,0.0008505793957510012,A,0.009183409145773588,A,0.009183409145773588,E,0.001024620794241223,E,0.0024485132749806553,A,0.009183409145773588,A,0.009183409145773588,A,0.009183409145773588,Q,0.0016425449635113928,R,0.0016425449635113928,Q,0.0016425449635113928,V,7.668919765519726e-05,V,0.0012806279710648027,0.003987386745341185,0.43419460921832836
281,L,E,0.00010437308862280979,R,0.0014157681362528564,E,0.00011585748940254639,Q,0.0005894041816616794,L,3.791673245327889e-05,E,0.0009495663801978394,E,0.0009068003201225306,W,0.0005809031330325664,W,0.0005823087821832698,L,0.0002211858676226745,E,0.00027781188595454176,Q,0.0016667308559952145,E,0.00028037380632642863,W,0.0012549327485366214,W,0.0021127002604628404,0.0007397755779218467,0.08055565925234945
282,V,I,0.000399764852868485,V,0.0011335352116571189,V,0.00024647607444671076,V,0.001095609524806829,V,0.001122884592678389,V,0.0011425408916470722,V,0.0017730395502472667,I,0.0008540132732476253,I,0.0008305255340080231,V,0.0016357896652848597,I,0.0002548273381888062,I,0.00019508986248398448,I,0.00016283869298231373,I,0.0008275252856932168,I,0.0008275252856932168,0.0008334657090622611,0.09075776716818076
283,N,K,0.0007238735709294582,D,0.0014129692924044295,S,0.0005784526394279933,S,0.0009616570849925543,N,0.0003756832884941463,S,0.0007745827000889754,S,0.0009835367927714996,Q,0.002214769055553644,Q,0.0018253828272975637,Q,0.0013818958492115203,E,0.00010161278079823945,E,0.0013896228248045305,E,0.0002592551968953112,R,0.001283582250033975,R,0.0020085823234579055,0.0010850305651441162,0.11815117326482963
284,H,R,9.225105226638513e-05,E,0.00033650259315087,E,0.0002869673724846437,E,0.00020074110261744405,H,0.00025989188253535496,S,0.0009097201635313601,S,0.0009097201635313601,H,0.00011667089792527068,H,0.00011667089792527068,H,0.00010439612412089823,Y,5.57169678698109e-05,Y,0.0007967524019006236,Y,5.57169678698109e-05,H,0.00015775316181755375,H,0.00015775316181755375,0.00030381499409094727,0.03308302932694334
285,S,A,0.0029314991976416797,A,0.0017101404116888932,A,0.0037443837149646556,A,0.0014534141836320563,S,0.00015962293879969943,A,0.0033395694424524316,A,0.0034627640671588866,S,0.0006126707057087986,S,0.0006027456085883243,A,0.002356854733224865,L,0.002351610481295573,V,0.0004271792735308293,L,0.0034182421365624846,S,0.0005267175286908713,S,4.4450300127433387e-05,0.0018094576482711657,0.19703550386883492
286,L,L,0.00017665724307768552,L,0.0003971789723889363,L,0.0004008756920034116,L,0.00027890469430321183,L,6.628569915542407e-05,L,6.894948632257769e-05,L,6.894948632257769e-05,L,0.0005563676146568209,L,0.0005444475198641411,L,0.00017187010170336905,L,0.00044748750431660404,M,0.00019873561941959977,L,0.000542163926095213,L,0.00024135669526434506,L,0.00024135669526434506,0.0002934391300105508,0.031953180496765536
287,E,E,4.767755720127949e-05,K,0.0002299047623183893,T,0.0002763479250753388,F,4.2293498239016217e-05,E,0.0002315762988718381,D,0.0013062306987007462,D,0.0012407691218611473,A,0.00035517506414107445,A,0.00035517506414107445,E,0.0001384913804721163,E,0.0005948937939660105,E,4.228685791531236e-05,E,0.0006027142003060251,E,0.0004313820385808568,E,5.055017994571262e-05,0.00039636456278239595,0.043160939090339
288,F,I,0.00032408909458449465,M,0.0004797494245382405,Q,0.00040390129330365927,Q,2.3610540155536415e-05,I,0.0020460637835433898,T,0.0010221057434976583,T,0.0012129154436766373,L,0.0010564846912089147,L,0.001006896703727468,L,0.0008880766794283555,Y,0.0005629376444480381,Y,0.0002063184457970725,Y,0.0005936691832500201,L,0.000825984697139092,L,0.000828797126889059,0.0007654400330125091,0.08335031368658793
289,P,P,4.342681755543137e-05,P,4.9039927061055475e-05,P,5.0541118527140254e-05,P,4.836202529173966e-05,P,0.00013506369845375768,P,8.076053870358351e-05,P,5.448757668755916e-05,P,3.4943294078440325e-05,P,3.4943294078440325e-05,P,5.3410780434082985e-05,G,0.00025030490510515437,G,0.00023913393795993145,G,0.000227678466782545,P,4.8981593959757406e-05,P,4.8981593959757406e-05,9.333730457589177e-05,0.01016368791744923
290,L,L,0.0007805129718053465,I,0.0004088074859916856,I,0.00041394266563884855,I,0.0011303813061613439,L,0.0007826366485531889,L,0.0010666598440655243,L,0.0011305090381756523,L,0.00041597681862100305,L,0.00041597681862100305,L,0.0014512014915337168,W,0.00022090513086157773,W,0.0002180288369050077,W,0.00022090513086157773,L,0.0012016668990564006,L,0.0014290956956329393,0.0007524804521656542,0.08193911871082894
291,H,P,0.0,R,0.0,R,0.0,H,0.0,H,0.0,F,0.0,F,0.0,H,0.0,H,0.0,H,0.0,H,0.0,H,0.0,H,0.0,H,0.0,H,0.0,0.0,0.0
292,W,R,0.0002814171477388184,K,4.619653847330909e-05,M,7.599379468413964e-05,T,7.397846383199153e-05,W,8.962887981421656e-06,R,7.367521288604747e-05,R,7.367521288604747e-05,W,9.418551213764422e-06,W,9.418551213764422e-06,W,9.418551213764422e-06,T,9.041556619720061e-06,T,6.981045570777e-06,T,9.041556619720061e-06,W,9.418551213764422e-06,W,9.418551213764422e-06,4.707041155738762e-05,0.005125592338336628
293,R,S,0.00047956539470805606,T,0.0005698686143794133,T,0.0013849267297613476,N,0.0013616444336592716,R,1.961202812342435e-06,R,0.00012495877816746866,R,0.00012697644545754991,R,2.5632889093241434e-05,R,2.7331693263730907e-05,R,0.0002169292929212745,N,0.00012600347442015886,N,0.001276929228658039,N,0.00015340997053536973,R,0.00020780055953981597,R,0.0002077272209705336,0.0004194443952231743,0.04567414873551747
294,M,V,0.007222333524418369,L,0.0010343859939410582,L,0.0011516702965331247,I,0.00148899600163587,V,0.009183409145773588,V,0.009183409145773588,V,0.009183409145773588,I,0.00048613641203201703,I,0.0002747459888763694,M,0.0009854275774155256,P,0.009183409145773588,L,0.0016425449635113928,P,0.009183409145773588,I,0.00023592965106857423,I,6.820518508421716e-05,0.0040338280882256305,0.4392517009962569
295,P,R,0.0006022518616450666,T,2.8536194031504052e-05,P,0.00016577045799124465,P,0.00015665058872698303,L,0.0003923083897739993,G,0.0001646796674772539,G,0.0001638697403734124,Q,8.036702492473243e-05,Q,8.036702492473243e-05,M,0.000379984043654151,P,2.609443074644654e-05,P,0.0004293732652810693,P,2.609443074644654e-05,H,6.202589893909987e-05,H,0.00019894553946047858,0.00019715457057977476,0.021468560035845703
296,R,I,0.0013917688506979587,R,1.2538661594411512e-05,R,1.6807428967247964e-05,R,1.2341834184924025e-05,R,3.1554600153481785e-05,T,7.688348045642893e-05,T,3.1554600153481785e-05,R,2.0989610647539182e-05,R,2.0989610647539182e-05,R,7.688348045642893e-05,R,1.2922041640332403e-05,R,1.2922041640332403e-05,R,1.2922041640332403e-05,R,2.16083344128477e-05,R,2.16083344128477e-05,0.0001182863301137423,0.012880437780361811
297,L,Y,0.0017553640677869776,L,0.0001272173485378673,M,0.00028556581352239755,V,0.0016425449635113928,L,0.0003374506043860458,L,0.0002609208236056368,L,0.0002529836055939507,L,0.00022153458177724594,L,0.00022153458177724594,L,2.3411073678053713e-05,L,9.770403662618628e-05,L,0.00045407727633260913,L,9.770403662618628e-05,I,0.004745706852402425,I,0.003934901950440465,0.0009639081077736458,0.10496190384997255
298,E,G,0.0003009083419321619,G,0.0003203013230924014,G,3.5708119002729455e-05,V,0.00012241835860127216,E,1.1147134143016655e-05,E,0.00033738795899321023,E,0.0003346260576276462,E,9.302515145700148e-05,E,0.00041750100529974494,E,3.111554573978113e-05,E,8.661051266682567e-06,E,1.1592345889260424e-05,E,8.661051266682567e-06,E,2.6668168572706734e-05,E,2.6668168572706734e-05,0.0001390926520971336,0.015146080272503939
299,A,A,0.0,A,0.0,A,0.0,A,0.0,A,0.0,M,0.0,M,0.0,A,0.0,A,0.0,A,0.0,A,0.0,A,0.0,A,0.0,A,0.0,A,0.0,0.0,0.0
300,-,-,,-,,-,,-,,-,,-,,-,,R,3.852285150389136e-05,R,3.852285150389136e-05,R,0.0007733991048483159,-,,-,,-,,R,0.0007237540868272351,R,0.0007237540868272351,0.00045959059630211376,0.05004574978711775
301,R,K,0.0002500743146325064,R,9.551790968656616e-05,R,4.8073095646812775e-05,R,0.0002523747702137105,R,6.932163457873842e-05,K,0.00019024004065721896,K,0.0001877546547366802,W,0.00018628264299050198,W,0.0002126616595864985,W,9.118933975494601e-06,R,2.7167566826913452e-05,R,0.0002473630136810248,R,2.7167566826913452e-05,-,,-,,0.00013870136954150617,0.015103472723453651
302,W,S,0.0016425449635113928,K,0.003505391874429225,K,0.005756253951192384,K,0.006790822678524876,W,0.000960412038407964,D,0.003792416679483642,D,0.003680112722640332,-,,-,,F,0.003665680462315813,M,0.004923028215182535,H,0.005695373251056895,M,0.004261950390512111,W,0.0007162736116090133,W,0.00021454440819703037,0.0035080619420817857,0.3819999617131591
303,F,R,0.0006419135554394791,F,0.00011028015269131113,Y,0.0010773767194939426,Y,0.00037770240257033937,F,0.0011551508918724782,Y,0.000463244349608008,Y,0.000463244349608008,F,0.00014028077715820916,F,0.00037571269849488964,I,1.7916032207666936e-05,Y,0.00012756108397126074,Y,0.00017831321254045153,Y,0.00011761672103908825,F,0.001099092217082227,F,0.0011126472974960075,0.0004972034974182244,0.054141494680877714
304,I,I,3.061523010526379e-06,I,5.15935682702864e-05,I,0.00015144898814434967,I,0.0001415870907691935,I,0.00017091453349052415,I,0.00012422287652525893,I,0.00010993483688713162,L,0.00010983326230516949,L,0.00029824423932270914,-,,M,0.003489063235112565,M,0.0029298017265185035,M,0.003777142373896017,L,0.0008125527530949058,L,0.0005970285862406671,0.0009118878281134148,0.09929731036029099
305,N,A,0.0010446923120063984,S,0.00016589518474754316,S,0.00015491721448355664,R,0.00020959841682689166,G,0.002290165242196915,P,0.000562297610466901,P,0.0013574677147596668,D,4.809002192987485e-06,D,4.809002192987485e-06,D,0.00011996895783852592,E,0.00014792403396258257,D,5.5587420856734785e-05,E,7.66687236585246e-05,D,1.2869753222706271e-05,D,1.2869753222706271e-05,0.0004147026895090419,0.04515781480779362
306,I,E,0.0013236374644986213,L,0.0014632988762347922,I,0.0019776927356628554,I,0.0011960176433078512,A,8.468721695071062e-05,I,0.0016405417988886364,I,0.0016566526139122357,A,0.00017023537484478542,A,0.00015861916794912854,I,0.0024612013946182262,V,0.0009837800370487086,V,0.0008620224236618574,V,0.0003142377848051932,A,0.00018581667574044661,A,0.0001852301068666086,0.000977578087666044,0.10645045561494419
307,Y,Y,0.0003852728736051303,Y,0.00015549213073081807,Y,0.00021702492953311987,Y,0.0003894018286300774,Y,0.000529031891562918,Y,0.00024142884117192621,Y,0.00021875318295136597,Y,0.001345291679893565,Y,0.001345291679893565,Y,0.0005355183497715976,-,,F,0.0003374631896702203,-,,Y,0.00023441842758945358,Y,0.00023441842758945358,0.00047452364866101625,0.05167184006817368
308,R,G,0.0007036532503305484,Q,0.0003756446899990253,E,0.0026251356560411557,E,0.0037739967319689355,-,,E,0.0029835426677259197,E,0.0031173869293031333,-,,-,,-,,-,,G,0.0007134715048193695,-,,-,,-,,0.002041833061455441,0.2223393327079561
309,-,-,,-,,-,,-,,-,,-,,-,,-,,-,,-,,-,,-,,-,,-,,-,,,
310,-,-,,-,,-,,-,,-,,-,,-,,-,,-,,-,,-,,-,,-,,-,,-,,,
311,-,-,,-,,-,,-,,-,,-,,-,,-,,-,,-,,-,,-,,-,,-,,-,,,
312,-,-,,-,,-,,-,,-,,-,,-,,-,,-,,-,,-,,-,,-,,-,,-,,,
313,-,-,,-,,-,,-,,-,,-,,-,,-,,-,,-,,-,,-,,-,,-,,-,,,
314,-,-,,-,,-,,-,,-,,-,,-,,-,,-,,-,,-,,-,,-,,-,,-,,,
315,-,-,,-,,-,,-,,-,,-,,-,,-,,-,,-,,-,,D,0.008079471200201247,-,,-,,-,,0.008079471200201247,0.8797899638305458
316,-,-,,-,,-,,-,,-,,-,,-,,-,,-,,-,,-,,N,0.00023804469829904784,-,,-,,-,,0.00023804469829904784,0.025921168764281986
317,-,-,,-,,-,,-,,-,,-,,-,,-,,-,,-,,-,,-,,-,,-,,-,,,
318,-,-,,-,,-,,-,,-,,-,,-,,-,,-,,-,,-,,-,,-,,-,,-,,,
319,-,-,,-,,-,,-,,-,,-,,-,,-,,-,,-,,-,,-,,-,,-,,-,,,
320,-,-,,-,,-,,-,,-,,-,,-,,-,,-,,-,,-,,E,0.0028734008305733947,-,,-,,-,,0.0028734008305733947,0.3128904293560522
321,-,-,,-,,-,,-,,-,,-,,-,,-,,-,,-,,-,,M,0.003408169437439061,-,,-,,-,,0.003408169437439061,0.3711224647992056
322,-,-,,-,,-,,-,,-,,-,,-,,-,,-,,-,,-,,P,0.00046695257144530814,-,,-,,-,,0.00046695257144530814,0.050847410153800045
323,-,-,,-,,-,,-,,-,,-,,-,,A,0.0007962886525021653,A,0.0003109034797737581,E,0.00017915893129554628,F,0.002935800171302904,W,0.0014210052823758702,F,0.002916536643912106,A,0.00020544860442393877,A,0.00020544860442393877,0.0011213237962512785,0.12210321662161126
324,-,-,,-,,-,,-,,-,,-,,-,,-,,-,,-,,-,,-,,-,,-,,-,,,
325,-,-,,-,,-,,-,,-,,-,,-,,-,,-,,-,,-,,-,,-,,-,,-,,,
326,-,-,,-,,-,,-,,-,,-,,-,,-,,-,,-,,-,,-,,-,,-,,-,,,
327,-,-,,-,,-,,-,,E,0.0010334204591404173,-,,-,,A,0.002981592337947591,A,0.0026754269445601374,A,0.0002718137498600095,P,0.0033399728596503917,M,0.004630151581790805,P,0.0039005551966100733,T,0.0021395666874369943,T,0.0018683139417380395,0.00253786819541494,0.2763536019282038
328,H,N,0.0009798181158650028,E,0.000255489407090013,N,0.00044755947694705644,N,0.0008237745043990581,R,5.456846108185509e-05,K,0.0012959660233289078,K,0.001335724649743364,-,,-,,-,,Q,0.0022058551564490807,-,,Q,0.0028427572986202544,-,,-,,0.0011379458992805103,0.12391323104712358
329,N,Q,0.0005786704899215294,D,0.009183409145773588,N,0.0008709781945240001,I,0.0006986715332340324,A,0.009183409145773588,D,0.009183409145773588,D,0.009183409145773588,R,0.0016425449635113928,R,0.0009804259451268223,R,0.0009322362664732616,D,0.009183409145773588,S,0.0009468866226482169,D,0.009183409145773588,R,0.0006724594060320456,R,0.0005927092527284595,0.004201069169922753,0.4574629207124219
330,Q,T,0.0010527820618758182,E,0.0012722485367454622,D,2.3497078767466435e-05,E,0.0015616137964668097,P,0.0006999385134877698,A,0.00011930288501445929,A,0.0009634157370891976,K,0.0004916064405503528,K,0.0002792415151670256,S,0.0011914252784498802,T,0.0004311872972061775,Y,0.0001430696309803921,T,0.0004339261475207276,H,0.0014840345781885894,H,0.0014840345781885894,0.0007754216050465812,0.08443722725818524
331,D,E,0.00029346099346549346,S,0.0004018321407390349,A,0.0006971723994776867,S,0.0005057596694922544,N,0.00047647727358432365,K,0.0010322720125697355,K,0.000328953468838644,D,0.0002759017721232473,D,0.0002759017721232473,D,0.0003303035814125914,I,9.301798214099625e-05,V,0.006322321317159443,I,2.5271469706073186e-05,D,0.0003643390461376626,D,0.00036033925695200947,0.0007855549437281629,0.08554066700705512
332,V,A,0.0002918920464034009,R,0.0008239307862144017,H,0.00125011547238313,H,0.0004946088337594289,T,0.0008076025744851947,Q,0.0015236605358890226,Q,0.001564457372853395,M,0.0007346693622259164,M,0.0007168443403159724,R,0.0028774305254828884,Y,0.003002742908765176,N,0.003019144893226122,Y,0.0039791025295949365,M,0.0006692454560241496,M,0.00047474723445933706,0.0014820129914721648,0.16137939276659807
333,N,N,0.0011172322256298285,N,0.0005789386474260839,N,0.0019835966279557254,D,0.0011382563917425829,H,0.0025993384835349474,N,0.0018728631529100702,N,0.0017484933325663916,N,0.0017693913641410484,N,0.0021869366817488436,N,0.002409607203958667,E,0.004930492189310601,T,0.0004781759940957373,E,0.005074510477026317,N,0.0011396162425275616,N,0.0011396162425275616,0.0020111376838067977,0.21899685093877896
334,P,E,0.00048149080315704895,E,0.0016573965913656808,H,0.0017724085965692385,D,0.0017724085965692385,P,9.474963439569907e-05,K,0.000536824440592212,K,0.000536824440592212,P,0.00023582912763837744,P,0.00014004776017014842,P,0.00023143401109405773,Q,8.520699535516785e-05,E,0.0002668642338876678,Q,8.520699535516785e-05,P,0.00015925837383861985,P,0.00046197190534773546,0.0005678615003952182,0.06183558756679821
335,I,L,0.0018443723025160143,L,0.0007470878621987813,L,0.0008180189839719038,L,0.0010448144743648636,I,0.0006754344482664616,S,0.0008725263380364378,S,0.000774076607807832,L,0.0008596629491719544,L,0.000930597219495499,I,0.0002580956339120832,K,0.0008199522558483285,K,0.0006426158886712048,K,0.0009223504265700713,I,0.0005352765219428327,I,0.0005746323642867073,0.000821300951804065,0.08943312214092587
336,L,V,0.001294897892001094,L,0.00016531518645824492,L,3.9362445111844586e-05,L,0.00016562998131411033,L,0.00030886065237592194,I,0.00016586544151728504,I,0.00016794413074218447,I,5.093074644459953e-05,I,5.093074644459953e-05,L,0.0001382521164791616,L,0.00010237747963168777,L,0.00010756445423264088,L,9.595102387198012e-05,I,0.00010294451990638346,I,0.00010294451990638346,0.00020398475576254146,0.022212312717921304
337,L,L,5.283736635616259e-05,L,4.738899701737002e-06,L,5.577948856460774e-06,L,9.281605019655183e-05,L,2.6787361952091156e-05,L,5.485515197787786e-05,L,0.00011041348823094355,F,6.553627531532169e-05,F,0.00016473582210840246,L,0.0011004161652075444,V,0.003904078644524314,L,0.0003712199386483118,V,0.004051172981451842,F,0.0003691664141170857,F,0.0003691664141170857,0.0007162345948507822,0.07799223398212739
338,E,E,4.095819243526744e-07,N,0.00017277380367607242,K,0.0008120347015177286,K,0.0008137846358741193,E,3.7082552057359316e-06,E,6.593539866400916e-05,E,6.593539866400916e-05,E,0.00040990847366236514,E,0.00040990847366236514,E,2.9231036242725765e-05,E,1.3974195209466073e-05,E,0.00024174205576515072,E,1.3974195209466073e-05,E,2.355752876740786e-05,E,2.355752876740786e-05,0.00020669568418749213,0.022507511198346004
339,F,L,0.00021997988196942092,F,0.0006979476888609661,F,0.0016432195491232063,F,0.00023969393075123913,F,0.002030417720958296,F,0.0009545007038180483,F,0.0009169099521305018,L,0.00023799305559241374,L,0.00023799305559241374,L,0.0001945576121155379,L,0.00015424558612780518,L,0.00018681522661962593,L,0.00015470948700000087,L,0.00010582106353466893,L,0.00022358607771919348,0.0005465593727942226,0.05951595579793607
340,A,A,4.672790037165867e-05,A,2.5084696971795957e-05,A,0.0001388758393462,A,5.9577753585430774e-05,A,2.2145854806277057e-05,A,3.328996932106448e-05,A,0.00013252551729962144,G,7.443391242948133e-05,G,0.00014238388561549085,A,0.0006089224453048507,A,1.8163729546223748e-05,A,1.8163729546223748e-05,A,1.8163729546223748e-05,A,0.0005866662024634074,A,0.0005709447040145499,0.0001664046580112333,0.01812013984891618
341,E,K,1.4656841167685995e-05,K,3.854520213645141e-05,K,3.3532002490812823e-05,K,2.3994057281370268e-05,K,4.4775688497537496e-05,K,4.1361054761787606e-05,K,4.1361054761787606e-05,K,9.313857335032082e-05,K,0.00035963539193108516,K,4.469956958393807e-05,K,2.8012569782201044e-05,K,0.0005560424879126728,K,6.736622207846115e-05,K,3.318652776553265e-05,K,3.318652776553265e-05,9.689958475114516e-05,0.010551591812256404
342,L,L,7.38725241912507e-06,L,1.5114179960214287e-05,L,8.78942383164997e-06,L,6.783319424879726e-06,L,1.203304354220073e-05,L,7.62114311287794e-05,L,0.0005508403948321747,I,2.488320548925113e-05,I,2.488320548925113e-05,L,7.38725241912507e-06,V,4.343429558979225e-05,L,2.7146434743620163e-05,V,4.343429558979225e-05,L,9.85762457835365e-06,L,9.85762457835365e-06,5.786953224110421e-05,0.00630153043630176
343,D,N,6.869877041846708e-05,D,3.117518504712716e-05,D,3.485832202413872e-05,D,4.929979259997683e-05,D,4.9702388989332796e-05,N,0.00010500524700028122,N,0.00010500524700028122,D,0.0009367306823893278,D,0.0009367306823893278,D,3.706204445334102e-05,E,0.00010373044096835409,E,4.765466948417598e-05,E,0.00010373044096835409,D,0.0002779553086058505,D,0.0002932887748835562,0.0002120418664814595,0.02308966780370947
344,F,Y,0.0,F,0.0,F,0.0,F,0.0,F,0.0,F,0.0,F,0.0,F,0.0,F,0.0,F,0.0,F,0.0,F,0.0,F,0.0,F,0.0,F,0.0,0.0,0.0
345,N,N,0.0,N,0.0,N,0.0,H,0.0,N,0.0,N,0.0,N,0.0,H,0.0,H,0.0,N,0.0,N,0.0,N,0.0,N,0.0,N,0.0,N,0.0,0.0,0.0
346,I,L,0.00047473524260861083,M,0.0004900106453075384,M,0.00031999553330254834,I,0.0002663165407864606,D,2.062410341866311e-05,L,5.264026153528507e-05,L,0.00012303545547109432,I,0.0002678226282553446,I,0.0002678226282553446,I,0.00031918668064268723,I,0.00044866743080929994,I,4.683282788625596e-05,I,0.00044866743080929994,I,0.00027097353011396676,I,0.00027097353011396676,0.0002725536312877577,0.029678916289294706
347,V,V,9.212564490277932e-05,V,4.0440270167667927e-05,L,1.1421943135570975e-05,L,4.140081910627434e-05,V,0.0009319044424224112,L,6.185451700669236e-05,L,6.185451700669236e-05,I,0.00260134254402002,I,0.00260134254402002,V,3.660792694988387e-05,F,0.0001663053571442706,F,2.803821852165626e-05,F,0.00016091691692739918,T,5.7436138966644124e-05,T,5.7436138966644124e-05,0.0004633618626176418,0.05045641060552022
348,Q,Q,0.0005696963971541613,Q,0.001822197193619014,Q,0.000337110579390551,Q,0.001045561793006212,Q,0.0005764707413494958,Q,0.00018692499434595612,Q,0.0005919705650260273,Q,9.506467551629642e-05,Q,9.506467551629642e-05,Q,9.940068521388818e-05,H,0.0004890905403432063,H,0.0003691509590975346,H,0.0004890905403432063,Q,0.0007650782183859797,Q,0.0007566865327254024,0.0005525706060688819,0.060170531149991
349,A,L,1.0515796310052808e-05,K,1.456874065307055e-05,K,2.2165039078824983e-05,K,1.456874065307055e-05,A,0.0015741240926578455,L,4.263159686471344e-05,L,4.263159686471344e-05,E,0.00018170209353994906,E,0.00018170209353994906,A,6.219731586503197e-05,S,4.176806946265355e-05,S,4.176806946265355e-05,S,4.176806946265355e-05,A,9.462766683652204e-05,A,9.462766683652204e-05,0.00016409110987254845,0.017868212911766747
350,A,Q,0.00021490156618537778,M,0.00039983573664465367,L,0.00013505635464463407,M,1.3718034686330336e-05,T,0.00027158778832843996,L,5.64276118966112e-05,R,0.0001098582500329385,T,0.0003166371538549505,T,0.00013770955977407062,I,0.00044339996675887237,L,0.0001266131374983837,I,0.0002771346728934888,L,0.00014780336407084246,T,0.0012056197561283377,T,0.0003398679450952415,0.0002797447265662116,0.030461969201813953
351,H,H,0.0019229353352707276,H,9.905736112100407e-05,H,0.00012599007766670752,H,1.7444011286053822e-05,H,1.0170453331448622e-05,Y,3.76695304277838e-05,Y,3.766953042778375e-05,Q,0.0009357431196562176,Q,0.0009151998254560126,H,0.00012133107628236319,Q,4.794959775579358e-05,Q,7.595420104599429e-05,Q,4.794959775579358e-05,Q,0.0009131139571486297,Q,0.0009131139571486297,0.00041475277545206297,0.04516326876745349
352,Q,Q,0.000664090696198828,Q,0.0008231444053345578,Q,0.0001715446782112242,Q,0.0004633949506760063,Q,0.00039699556661173277,S,0.0005230200733809058,S,0.0009007260229579501,L,0.0003403989199855467,L,0.0013614513542256072,Q,0.0006267502187609531,K,0.0008482554503597673,Q,0.0004477520952712659,K,0.0007309783704663357,Q,0.0005593274759529849,Q,0.0007814525461410963,0.000642618854968984,0.0699760671411152
353,A,E,0.00011447742528104723,R,0.004086261973109719,R,0.003938723925135342,R,0.004809872784931489,E,0.0010741860771983646,S,0.0031974048886324697,S,0.0017189483785321113,E,3.0334170185177174e-05,E,4.520204805579778e-05,N,0.0028592794783607427,R,0.0031442302071839883,R,0.0033380616932773715,R,0.0032597307565571127,E,0.000250913644271955,E,4.3164634598290795e-05,0.002127386139020732,0.23165538039866201
354,D,E,0.0001036031845951055,E,0.0001036031845951055,E,0.0001036031845951055,E,0.000698774245472913,D,0.00113314742509121,E,1.2172753248589104e-05,E,1.2172753248589104e-05,E,2.407796925659875e-05,E,5.2071900910979434e-05,D,3.127941964262826e-05,E,5.2071900910979434e-05,E,5.2071900910979434e-05,E,5.2071900910979434e-05,E,0.000698774245472913,E,0.000698774245472913,0.00025521801428903917,0.027791205884200015
355,L,L,0.0005230814433295831,L,0.00032844825307253717,L,0.00029665507480349814,L,0.0003253689209912357,L,0.00017907854011269849,L,0.0002526509798156482,L,0.0002526509798156482,V,0.005034396100787471,V,0.004426310619214877,L,7.722296853287596e-06,L,1.7338332830150995e-05,L,0.000155551972016122,L,5.265073644730876e-05,L,0.00013651027709579315,L,0.00013072588146602603,0.0008079426939101259,0.08797851441498275
356,K,K,0.000556338548448023,S,0.0015950308373133737,S,0.0026968355732777927,S,0.0049947326117445795,K,8.131854762290725e-05,K,0.0011400801928222425,K,0.001028982577288041,Q,0.003974993424328959,Q,0.003983724049184914,E,0.0003214074128971674,Q,0.002663333940941658,K,0.0002144984953222392,Q,0.0038057563602825395,R,0.005148064755159817,R,0.005148064755159817,0.002490210805452938,0.27116409232392624
357,Q,I,0.00031427003271000507,D,0.0005910018492709759,D,0.0011835994199641542,E,0.0005814550504904002,F,0.0022825602473837657,E,0.0007524940489979002,E,0.0007720329034309784,E,0.001393852860104306,E,0.0019035577883481228,C,0.0012879908024940694,S,0.00043530445008327395,H,0.0011449842841552986,S,0.00043457386747062853,D,0.00045242917021387095,D,0.00045242917021387095,0.0009321690630221081,0.10150577505861354
358,V,I,0.002215830894412239,A,0.001885103354795549,L,0.0006797403901115843,L,0.00018136991073296302,M,0.00044541620256649886,C,0.0012685237939839733,C,0.002044530858971872,V,0.0007411465084518909,V,0.0007411465084518909,T,0.0021708889833707127,L,0.00037601410484794633,I,0.001332113367231004,L,0.0005151863835781222,L,0.0016125976387913149,L,0.001480325842140406,0.0011793289828291977,0.12841951873307872
359,S,T,0.007463147667631464,T,0.009183409145773588,T,0.007883047085196637,T,0.00829155629650882,S,0.0013103798218761693,T,0.007649484607877349,T,0.008187753191314434,S,0.0016425449635113928,S,0.0013137332445711132,L,0.0009601341759634145,T,0.009162224512683696,S,0.00048195593279702284,T,0.009183409145773588,S,0.0014891355239631217,S,0.0016425449635113928,0.005056297351930214,0.5505904475852779
360,T,R,0.0002784679881747765,R,0.0006698217409936164,R,0.0004440694683636804,R,0.001020225443128066,R,0.0004243269375893686,T,0.0007218752847316522,T,0.0011887630881006251,R,0.0010525880237187955,R,0.001049404153126444,R,0.001375735905173317,R,0.00037125328261599847,R,0.0002714560462433631,R,0.00028845895783057,R,0.0006273230261788,R,0.0005353516538070954,0.0006879413999850778,0.07491133075582111
361,W,W,0.0,W,0.0,W,0.0,W,0.0,W,0.0,W,0.0,W,0.0,W,0.0,W,0.0,W,0.0,W,0.0,W,0.0,W,0.0,W,0.0,W,0.0,0.0,0.0
362,W,W,0.0,W,0.0,W,0.0,W,0.0,W,0.0,W,0.0,W,0.0,W,0.0,W,0.0,W,0.0,W,0.0,W,0.0,W,0.0,W,0.0,W,0.0,0.0,0.0
363,K,N,0.0008253739197837491,K,2.1046320577066468e-05,K,0.000685306349658232,K,4.898755861095251e-06,K,3.1910108651659553e-06,K,5.9561984776345974e-05,K,2.5728736480095654e-05,T,0.0024255231446317516,T,0.002666714475454134,S,0.00018923468512756125,K,0.0004964839044711836,K,0.0006225332616171382,K,0.0004964839044711836,N,0.00010093209037012531,N,0.00010093209037012531,0.0005815963089676637,0.0633311986578892
364,S,D,0.0005203749761707003,K,0.0019006564165879231,D,0.0010850751449105291,Y,0.005702392840379054,N,0.004639859423829702,E,0.00020023673094681172,E,9.579391941491972e-05,N,0.00830157138201001,N,0.008083742800488947,S,0.002484662800889142,H,0.0015444750421947657,D,0.0004772149866916233,H,0.001916113434942394,S,0.0067903337433982995,S,0.006194398976396886,0.0033291268412834465,0.36251535659996004
365,-,-,,-,,-,,-,,-,,-,,-,,S,0.0006152397799693999,S,0.0006543949499475195,T,4.8643749814871544e-05,-,,-,,-,,A,0.002834703009191813,A,0.002834703009191813,0.0013975368996230835,0.1521806202292818
366,T,L,0.0006113084918006031,L,0.00026366755275834233,L,0.002034636574869798,L,0.0006310316393084215,T,0.0011948861779240896,L,0.0020009909497876867,L,0.0018267928617332716,-,,-,,G,0.002624892930587876,Y,0.0021177754153623766,S,8.953500652023745e-05,Y,0.003627634324736295,-,,-,,0.0015475592659444544,0.16851685919457005
367,G,E,0.0012375085503661938,E,0.0012362097481988298,D,0.0017259731594598785,D,0.0038337000030015437,G,0.00013057958892372502,R,0.004451414070113554,R,0.004408832744685617,N,0.005420532286136568,N,0.0024470042234145195,L,0.006423779359958754,-,,G,0.001161699856542436,-,,G,0.001944201150643523,G,0.0019886964896881154,0.002800779325471789,0.30498252675160087
368,-,-,,-,,-,,-,,L,8.744214639326548e-05,-,,-,,-,,-,,-,,-,,-,,-,,-,,-,,8.744214639326548e-05,0.009521752216986687
369,L,L,0.0002366672602032329,V,0.00012939834286195562,F,0.0014369339818926699,Y,0.0011112587520026558,D,0.002440712495465422,V,7.86096073150243e-05,V,0.00010675117392350613,L,0.0003243548273094467,L,0.0006574380009839731,-,,G,0.000581117189523205,F,0.0025529590372619653,G,0.002192031532890064,L,0.0005255018435795911,L,0.00024338883633937482,0.0009012230629680062,0.09813600250869464
370,V,Q,0.0004517497239256116,A,0.000486935805440458,A,0.00018951159177744964,E,0.003022338856956019,R,0.00431382524406773,E,0.001019554671959943,E,0.0013508679945511146,A,0.0013920092627045754,A,0.0013920092627045754,A,0.00017444583960702175,F,0.000722800598368847,S,0.0015623978127626554,F,0.001055126977131715,V,0.008908181054081607,V,0.008955374291994165,0.002333141932535566,0.2540605450002552
371,E,T,7.957010204311823e-05,K,0.00017449098529956442,N,0.00010864876824757068,N,0.0011348511673820608,E,0.002983501701860604,S,0.00021717216831245887,S,9.309775325934844e-05,E,0.00039122869313205254,E,0.00039122869313205254,E,0.0016652333800454703,P,0.0003642276748794446,-,,P,0.000319347326012388,E,0.0016041173636370714,E,0.0015626704541514369,0.0007920990165281885,0.08625326433296619
372,N,R,0.0018109209698075825,R,0.0007129040120744924,K,9.53699627601833e-05,K,0.000780426650479687,K,0.0005406942472641632,N,0.0007740835676232046,N,0.00011545917266706547,K,0.0007383643457607722,K,0.0006550565898209192,K,0.0009033351225489663,Q,0.0009294580374179662,Q,0.0016820689329388227,Q,0.0013424825643332716,K,0.0011175968032694993,K,0.0011175968032694993,0.0008877211854690732,0.09666575575342003
373,L,L,2.7785106189235335e-05,M,0.0010353271826548612,Y,8.137936828176985e-06,Y,8.90304906283966e-06,M,0.0008543478842750688,L,0.00038552734517426437,L,0.0003996118489838336,L,0.00013362333558381375,L,0.00013362333558381375,L,4.433612723786024e-05,L,9.463742380652318e-06,M,0.0004957459224793697,L,9.463742380652318e-06,L,0.00042694960276098824,L,0.00042694960276098824,0.0002933197176224279,0.031940177440250524
374,S,S,0.0012109380070523177,P,0.00019896453178893612,P,2.6821071804705183e-05,P,0.00022958431504148974,N,0.0002170196873035945,S,0.0008126299348904448,S,0.0009404603943089968,P,0.0010543312327541848,P,0.0010543312327541848,S,0.0010589415712886066,S,0.0023106084529061245,N,0.002457976026724513,S,0.0026603987119270507,S,0.00020071206375285382,S,0.00020071206375285382,0.0009756286198700571,0.10623817412284886
375,F,F,8.798888700464279e-07,Y,0.00010103042833802552,Y,0.0016005192854868558,Y,5.0627140164791105e-05,F,2.101581586946109e-05,F,0.0002139719779043836,F,0.00021197335477627025,F,7.563567401580373e-05,F,0.00022171505322876286,F,0.00020256115208066428,F,0.00027472398434402084,F,0.0002998213394913721,F,0.0002994021298547603,F,0.00021006724085779902,F,4.3018350524025394e-05,0.0002551308543871362,0.02778171486615656
376,A,A,0.00010982560729666077,A,0.0004392499800765925,A,0.00033374016521468776,A,0.0014227640352965885,A,0.0012670954004935476,V,0.002554299237204722,V,0.0026192419273780064,V,0.0010161691882224631,V,0.0010161691882224631,A,0.00029477177398349116,T,0.005937341570603084,V,0.0022040819357168136,T,0.00585156822965949,A,0.00011437997810425349,A,0.00011437997810425349,0.001686338546371808,0.18362881579199802
377,R,R,0.0,R,0.0,R,0.0,R,0.0,R,0.0,R,0.0,R,0.0,R,0.0,R,0.0,R,0.0,R,0.0,R,0.0,R,0.0,R,0.0,R,0.0,0.0,0.0
378,D,D,1.1314671985535332e-05,D,5.126018619258853e-05,D,4.6745776414266105e-05,D,5.773118735103305e-05,D,0.00034575779716628375,D,8.450105710218264e-05,D,7.934473122755495e-05,D,0.00037475812945646816,D,0.00037475812945646816,D,5.861446366226742e-06,H,0.0007579802909570486,H,7.482327357613748e-05,H,0.0007736672060856963,D,0.00034190864332283064,D,0.00035485178520175794,0.0002490176207908052,0.02711603249272725
379,R,R,0.00018273346002224775,R,0.0001356170478257496,R,0.00011982609347741102,K,9.268869919008862e-05,R,7.514794116996333e-05,R,0.0012859128241350464,R,0.0008675520953731738,R,0.00012087929710550688,R,0.00012415341557797438,I,0.003939488342502849,I,0.004878321922939488,R,0.00012416973877861685,I,0.004750128231875497,R,0.00014699596895519727,R,0.00014699596895519727,0.0011327074031922673,0.12334280061055156
380,P,V,0.00434478305565814,V,0.0025586761435074513,L,0.0015663643619130388,L,0.000246210004568904,I,0.001014089113091559,I,0.0008645425977236483,I,0.0008544329251875584,I,0.000450333494437371,I,0.0007769200475853729,M,0.0020041622751426026,H,0.0008859160847754148,H,0.0009514739348223116,H,0.0007750820619798314,V,0.00523865775916454,V,0.00523865775916454,0.0018513534412481524,0.20159762152165323
381,V,V,0.0009420701685177086,V,0.0009951913245172406,V,0.0006342413831407152,V,0.0006070934213403184,V,0.00043394214674064366,V,0.0009185235175300622,V,0.0005723602889891286,V,0.000763928350649263,V,0.0007688444076952598,V,0.0011129610658979154,V,0.00018632453176433577,V,0.0007620711659078935,V,0.0004180679836112421,V,0.00020495077195041572,V,0.00020495077195041572,0.0006350347533468372,0.06915021897277598
382,E,E,0.00012175315719531357,E,0.00029845800906927526,E,0.0005011239267354947,E,0.0004988008452289012,Q,4.9487994119877464e-05,E,0.00030913280612857193,E,0.0002993869744216612,E,0.00038897869479843656,E,0.0001820880169067244,E,0.00017749590192319797,E,0.0002240984425832153,E,0.00017354902447371803,E,0.00024206286057100457,E,0.00023089094338803968,E,0.00017677955102246267,0.00025827247657105956,0.028123812461293026
383,N,C,0.00026651430808474237,C,0.0002022453045473484,C,0.000136100836366961,C,0.00026374602754188146,N,1.2799867012031755e-05,V,0.000934235553940037,V,0.000227696084647541,C,0.00034029522592796384,C,0.00034029522592796384,N,0.00031215902395307954,Y,0.00029353306978068254,Y,0.0014685815514237327,Y,0.00027132884013693755,S,0.00031664117796920577,S,0.00031664117796920577,0.00038018755168195433,0.041399391625377514
384,F,Y,0.0011303527165075899,F,0.00036551615847129845,Y,0.0021400239183800604,Y,0.0032592273614209153,V,0.0030969212535660604,Y,0.0025281686945111386,Y,0.0033590585654252434,Y,0.004587040654874659,Y,0.003744829209961091,F,0.00016885069377203327,Y,0.004587733374661208,Y,0.0036278502695962396,Y,0.0035801513277107216,Y,0.0042615799831838665,Y,0.002691548251477785,0.002875256828901328,0.31309253276868165
385,F,F,0.004100911878691161,F,0.00271834934179163,F,0.003268833640513264,F,0.003108684562947315,L,0.0002735679590985579,F,0.0033164137872379877,F,0.003999722081190071,F,0.002795883749080501,F,0.0022214936053296438,F,0.0030019435841128687,T,0.00011031813538872342,T,0.001909598038733809,T,0.0007939181720973176,F,0.002027664483014623,F,0.0024710576895975753,0.0024078907139216694,0.26220009102282404
386,W,W,5.939526250643714e-05,W,0.00014504572697592242,W,1.0669036004317328e-05,W,6.882911262735314e-05,W,6.16972284997515e-05,W,9.690945712956213e-05,W,0.00010627899802275874,W,6.040354464457245e-05,W,6.040354464457245e-05,W,8.311713279426794e-05,F,0.004008208653171163,L,0.00012884724798422438,F,0.004008208653171163,W,5.988916809732856e-05,W,5.988916809732856e-05,0.0006011861289580482,0.06546437378701869
387,T,M,0.0012685709378858477,I,0.0013456973145618324,I,0.0005900360414301678,A,0.0009410692699288576,S,0.0004994342328521353,M,0.0011128560697453494,M,0.0011916869375103994,A,0.0011682382978939296,A,0.00119791966930469,T,0.0006574783213492385,G,0.0034550930403864687,A,7.724836732785148e-05,G,0.00423501339295688,A,0.0005840431990875075,A,0.0010068294073843208,0.0012887476333070314,0.1403343369384933
388,V,V,0.0004628953801208419,V,0.0003580761417690939,L,0.0009753768803798048,T,0.0032848756180687815,L,0.00040556138576137806,S,0.0012467415651362251,S,0.00046345695622210866,L,0.0005957774051126772,L,0.0005957774051126772,V,0.0012740211784985256,-,,S,0.0006285691859826798,-,,I,0.0005544657466195377,I,0.0009259104916998346,0.0009055004108064742,0.09860177156793737
389,G,G,6.21849136358235e-05,G,8.813541243478638e-05,G,6.596523753026581e-06,G,0.0001070987056420795,-,,G,0.0007682711243195021,G,0.0006344566197098398,G,1.137940532858127e-05,G,1.2762000872320168e-05,G,0.00010183620086303861,S,0.0021519023539435917,-,,S,0.0002977741044490399,G,8.048279907884145e-06,G,8.048279907884145e-06,0.00032757645575133836,0.03567046295678729
390,-,-,,-,,-,,-,,G,0.002343972781935744,-,,-,,L,0.0008622792536426408,L,1.647918637779635e-05,T,0.0012279595642160767,C,0.0010833517519136184,C,0.0005176873179897836,C,0.0005259856935490755,T,0.0010698569103127665,T,0.0010623435128884176,0.0009677684414251019,0.10538226339076821
391,L,V,0.0035985112344757313,V,0.00554045308344618,V,0.004514202334495135,V,0.004565578818859722,I,0.001160536020615148,G,0.0009945320063237395,G,0.000954221610509405,-,,-,,-,,I,0.0006092735498620833,F,0.00099200120814338,I,0.0004177082522137888,-,,-,,0.0023347018118944312,0.2542304034192916
392,I,Y,0.0015051715678630426,Y,2.08567309306607e-05,Y,6.344796166222162e-06,Y,0.00010195660518435155,I,0.00039562479620948226,C,0.0005434027629549217,C,0.0005837810066943922,F,0.0012066168407933345,F,0.0011953804646715166,I,0.00021577159326678462,A,0.0021852987797899687,A,0.0003762645402710372,A,0.0021852987797899687,L,0.0009277863990975106,L,0.00071878140151072,0.0008112224710129276,0.08833565597872446
393,-,-,,-,,-,,-,,-,,-,,-,,-,,-,,-,,-,,-,,-,,-,,-,,,
394,F,F,0.00036261305814782,F,0.0007471107983967025,F,0.00034428328874847145,F,0.0002946916274968285,F,0.0003848316382813637,Y,0.0022473269533526035,Y,0.0024473929604551673,E,3.8755281636152975e-05,E,0.00045068183404930713,S,0.004112996519637216,T,0.004201979936004989,I,0.0007862462336101903,T,0.005326163565560351,E,0.00029411844018688955,E,0.00029411844018688955,0.0014888873717167294,0.16212795793835985
395,Q,E,0.00017811222577116838,E,0.00040437372125566167,E,8.6345396867533e-05,G,0.0009781227721567315,E,0.00014658104014313937,D,0.000122769305047027,D,0.00011522057322734954,P,0.0009684488112525291,P,0.00021789995200647145,D,0.0005959150327322474,D,0.0002652944306527697,D,0.0024814074170402935,D,0.001056890940717009,P,0.0012689643749390412,P,0.00019387438776474438,0.0006053480254382477,0.06591757111430045
396,P,P,1.707373513516439e-05,P,1.2272551677452524e-05,P,1.3951128138268394e-05,P,0.00012317315309556766,P,1.9881690397847874e-05,P,5.2506263548812455e-05,P,4.8239738465703995e-05,H,0.00015695186650686386,H,0.00025771303916422293,P,0.00019838495043777085,P,4.7125781408759774e-05,P,0.0004315609728505426,P,4.7125781408759774e-05,R,0.002327656766960815,R,0.0005985281050081155,0.00029014303494697785,0.03159426203726404
397,Q,S,0.000484004451589634,C,0.0006081121500876712,K,0.00042381468422031664,Q,1.7466384074573928e-05,Q,0.000935747594924071,Q,0.0004991656165778154,Q,0.0005818910958191158,E,0.002011666964695338,E,0.0017972389361738167,Q,0.0007920623258436997,K,0.00046278378485701166,E,0.002665307003260387,K,0.0003212761233562988,Q,0.0004090467514808787,Q,0.0004227213480582444,0.000828820347667925,0.09025192436834494
398,F,Y,0.0015642786600726314,Y,0.0001366440621507284,Y,0.0003387221303933944,Y,0.0015817128025520095,F,5.0585626819813174e-05,Y,0.00019124637334756438,Y,0.00019124637334756438,Y,0.00013121412275186075,Y,0.00013121412275186075,H,5.285145812437532e-05,Q,0.00022256463088055935,H,0.00014144505722732853,Q,0.0008493800192156782,Y,8.212144644291287e-05,Y,8.212144644291287e-05,0.000383156555501413,0.041722692457598964
399,G,S,0.00036695215955495245,A,0.00015771156148316944,S,0.0016425449635113928,K,0.0008223329198386603,A,0.00011045587231358942,S,0.0003122471709460391,S,0.0002944984278391491,G,0.001240071624559454,G,0.0012414535373919148,G,0.0014476775040920661,S,0.0003393582682940883,S,0.0004231810420432089,S,0.0003393582682940883,G,0.0009995300479404385,G,0.0009658151132734978,0.0007135458987583808,0.07769945642537017
400,Y,R,0.0007470474616727148,T,0.00018669541861258984,R,0.0002640852200723035,R,0.0009076208083035688,Y,0.00045260378275889025,H,0.0025230113487806015,H,0.0025304661001519643,Y,0.00034236868666522133,Y,0.000332939803216817,N,0.0013741105965910756,A,0.0007202978909565786,A,6.818672165203894e-05,A,0.0004936118754717258,Y,4.8847470043518405e-05,Y,4.8847470043518405e-05,0.0007360493769995421,0.08014990569578277
401,C,A,0.006862776454969501,A,0.00844479951764321,A,0.006120225436673946,A,0.008155924281776946,C,0.0003981058252139812,S,0.000842486506199045,S,0.0012135158014227666,Q,0.0015765457347011141,Q,0.0010121904524899284,A,0.008810028884833569,F,0.0008186901837802348,F,0.0003407570347810986,F,0.0003583298746164631,Q,0.002952626427593585,Q,0.0004887716390538148,0.0032263849370499473,0.3513275828002069
402,R,R,0.0,R,0.0,R,0.0,R,0.0,R,0.0,R,0.0,R,0.0,R,0.0,R,0.0,R,0.0,R,0.0,R,0.0,R,0.0,R,0.0,R,0.0,0.0,0.0
403,R,V,0.0008759759400538774,R,0.00015813999424492758,K,0.0005992841941819361,K,0.0049250384308163605,R,0.002519423000415517,I,7.164165751585296e-05,I,1.601657059539796e-05,K,0.0001280963826901677,K,8.286179062170185e-05,R,7.508663945617304e-05,L,0.00013565706744045092,V,0.0015395742281464062,L,0.00013565706744045092,K,0.00011933242665074785,K,0.0005053524074876332,0.00079247585318384,0.08629429883874393
404,M,I,0.0003331231251784163,I,3.7671882799586754e-05,M,0.0011723041688686685,T,0.0031010352160624386,M,0.0004926912535371331,I,0.0021593625268958652,I,0.0008879163890451594,M,0.0029574051748497104,M,0.0028851960727262036,L,0.0010337935224885564,C,0.005821880435089214,S,0.0007491400839446304,C,0.005311565514970481,L,0.0031115484970914956,L,0.0027696652789307367,0.002188286609498553,0.2382869558311743
405,F,L,3.222447368127819e-05,L,5.836172602723996e-05,M,1.2685134840028538e-05,L,4.503472097953721e-06,S,0.0008052145071442824,L,0.0010577267151271716,L,0.0011985070009557103,A,0.0004791761444912718,A,0.0003166733788690936,L,0.00040993136882950675,F,0.00016526031057602461,F,0.0002726932576851351,F,0.0002223550545522288,V,0.0009497894288132713,V,0.0002479208704137273,0.0004155348562735949,0.045248431130266414
406,T,S,0.00013968953115056518,S,0.00019524786740363087,T,0.00013968953115056518,T,0.00013968953115056518,V,0.00018254881911721588,T,0.00013968953115056518,T,0.00019524786740363087,A,8.622810564849703e-06,A,8.622810564849703e-06,T,0.00020239108206473934,A,0.00014986456832953793,A,1.2493276670662919e-05,A,0.00015515046874645962,A,1.1268445624519495e-05,A,1.1268445624519495e-05,0.0001127656391144584,0.012279278569043796
407,K,K,0.0004749771774310714,K,0.0006414960647719444,K,0.0006635276865947147,K,0.0005306937423542739,K,0.0007459401325102881,K,0.000618683879380821,K,0.0005472577751568805,I,0.0004926960381141668,I,0.0005707951334871474,K,0.0004402718092485599,K,0.0006148731897457983,K,0.00046921753197529543,K,0.000551347494294151,K,0.0006702808022111051,K,0.0005956086563511931,0.0005751778075751608,0.06263227505657533
408,V,V,0.00031347994525217647,A,0.0009595613644838324,V,0.0016425449635113928,L,0.002037152708808391,A,0.0032983370779344563,I,0.0023720135702979812,I,0.0025778557526199924,I,0.0021658623854551215,I,0.0018145071615490729,V,9.115331326368616e-05,M,0.0008983139080667712,M,0.0007696767522338138,M,0.0009402969836841324,I,0.0004496891774279166,I,0.0007849697552333337,0.0014076943213214713,0.15328668242657184
409,F,L,0.0005411527353244557,I,0.0008414443776517247,I,0.00025328474395744355,I,0.00041381431870317857,Y,0.0010275951712121485,V,0.0017840997892958007,V,0.001842722696202131,I,0.0005053446868862135,I,0.00033512737330504053,A,4.140534280724045e-05,S,0.003166544333582644,C,0.00018385298816026165,S,0.0028580370097179585,I,0.0005085462346949034,I,0.00035450663416200767,0.0009771652290442101,0.10640549860439613
410,A,A,0.0003614568505950498,N,0.00029421663793212393,Q,0.004723221229246392,V,0.0021096056464875858,A,0.00043037308597377384,A,0.0019829619873785774,A,0.001467249400956164,T,0.005255934504394081,T,0.00644959091647484,A,2.330175511679933e-05,Y,0.009183409145773588,H,0.0007853934394233048,Y,0.009183409145773588,A,0.001502797044545828,A,0.002071976582561817,0.003054993158175567,0.33266438527151365
411,L,I,0.0010424739850391808,M,0.00023136794888579943,M,0.0010173583580469425,I,0.00016127958845336547,F,0.0013145547971769613,F,0.0017022639265146442,F,0.0016968920583565774,F,0.0013026438565683128,F,0.0009307381318778013,L,0.0004032555805548444,F,0.0002587262213536747,L,0.0002773500386913503,F,0.0006043549230157505,L,0.0005159064422234432,L,0.001240743452598129,0.0008466606206237851,0.09219458778153616
412,I,V,0.0016425449635113928,A,0.0025973066185229284,A,0.0029817053146527573,I,0.0008538041085558468,I,0.0005062582311682669,I,0.0007093446710614611,I,0.000765250669991202,V,0.0007580215325607166,V,0.0002730165666527685,V,9.937881989530175e-05,V,0.0021399913338444173,G,0.004988857922600713,V,0.0020996421331776413,I,0.00046051367941086233,I,0.0001509839466310962,0.001401774700815825,0.15264208297426815
413,T,S,6.8838713356720564e-06,S,4.61001145315704e-05,S,4.0024401740805887e-05,T,3.760119467638918e-05,T,2.6415944803910252e-05,T,1.440008823749454e-05,T,1.6222824850826996e-05,T,0.0005399605510636227,T,0.0005399605510636227,T,4.7142255034491115e-05,T,5.944427233106319e-05,T,2.3906223176003056e-05,T,5.944427233106319e-05,S,1.1792931549467235e-05,S,0.0001164863728305326,0.00010571905797043567,0.011511962092976112
414,T,L,0.0017787349779631386,I,0.002221612849904198,F,0.0027400635415880956,I,0.001999334821128053,L,0.0027109542485436932,I,0.0034001204586224312,I,0.0034078113569214765,I,0.002599810582755581,I,0.002605308308028478,A,0.0031017535349902804,V,0.0003103341553902647,V,0.00010239499980213088,V,0.00023824622555233843,V,0.0007870697528641788,V,0.00035865964903356083,0.00189081396420586,0.20589455769549975
415,I,L,0.001131856123693122,V,0.002993691449994023,F,0.0016425449635113928,T,0.0011136631540095187,I,0.00034108983415511254,L,0.0011914112594032622,L,0.0014238048357393856,I,0.00016682130371672378,I,0.00016682130371672378,I,0.0013844154737614365,L,6.468691684971708e-05,L,0.00031190979001159913,L,0.00011465654257071878,V,0.002682756375189795,V,0.002529650959410913,0.001150652019048896,0.1252968261332941
416,D,D,0.0,D,0.0,D,0.0,D,0.0,D,0.0,D,0.0,D,0.0,D,0.0,D,0.0,D,0.0,D,0.0,D,0.0,D,0.0,D,0.0,D,0.0,0.0,0.0
417,D,D,0.0,D,0.0,D,0.0,D,0.0,D,0.0,D,0.0,D,0.0,D,0.0,D,0.0,D,0.0,D,0.0,D,0.0,D,0.0,D,0.0,D,0.0,0.0,0.0
418,V,T,0.001876867819683741,T,0.0013968671748337473,T,0.0009961935413659003,L,0.00016107457482783535,V,0.002397526164779083,T,0.0025488968916727163,T,0.0024788397856072776,V,0.002344990875238687,V,0.0024035891365600127,V,0.001808671793191227,I,0.00019695669537148888,I,0.0016425449635113928,I,0.0001499628279025381,V,0.0017781129873166354,V,0.0018168784010994192,0.0015998649088641132,0.17421252646686303
419,Y,Y,0.00027407829399787636,-,,F,3.5573086680155146e-05,Y,2.0809842622480976e-05,Y,6.744559267868391e-05,L,0.001674056766094914,L,0.001677370327388725,Y,0.00031719598736451674,Y,0.00031719598736451674,Y,6.292163772354896e-06,Y,5.482510041966654e-05,Y,2.8839360852182712e-05,Y,5.482510041966654e-05,Y,0.00010132611258001958,Y,0.00031385334072975057,0.0003531205044975363,0.038452006100593954
420,D,D,0.0,Y,0.0,D,0.0,D,0.0,D,0.0,D,0.0,D,0.0,D,0.0,D,0.0,D,0.0,D,0.0,D,0.0,D,0.0,D,0.0,D,0.0,0.0,0.0
421,V,V,0.0010100920957192103,E,0.00040949679556184185,A,1.3455748461048192e-05,A,1.3455748461048192e-05,V,1.3137734222883113e-05,S,3.3190846203918865e-05,S,3.3190846203918865e-05,V,8.365320143362197e-06,V,8.365320143362197e-06,Q,3.8201020028593464e-05,T,1.3777702334592853e-05,T,0.00010805217899699042,T,1.3777702334592853e-05,I,1.5486900011591943e-05,I,1.5486900011591943e-05,0.00011650219058923648,0.01268615921820857
422,Y,Y,0.00018214415754662372,Y,0.001406431953524384,Y,0.0003418247632840914,Y,0.00037867113423575594,Y,0.0013288272064757437,H,0.0013627909857654636,H,0.0013622942022325734,Y,0.00047864368419240456,Y,0.0010529921201999372,Y,0.0002884377263494622,Y,0.0019102258863815443,F,0.00024238780228064241,Y,0.0021319439027781945,Y,0.0012906008681941483,Y,0.0012906008681941483,0.001003254484109008,0.10924641036719226
423,G,G,0.0001670533231565782,A,0.003946432308742707,A,0.002583328594160732,A,0.004096534533344829,G,0.00012976021954097113,A,0.0038834428813788384,A,0.003869293106014167,G,0.00031590006438633945,G,0.00031590006438633945,G,0.0002931099744192979,G,0.00022746562259492193,G,0.00019487006944585037,G,0.00023521134531674632,G,0.00020142542946247283,G,0.00020142542946247283,0.0013774101977208847,0.14998898294265806
424,T,T,0.0,T,0.0,T,0.0,T,0.0,T,0.0,N,0.0,T,0.0,T,0.0,T,0.0,T,0.0,T,0.0,T,0.0,T,0.0,T,0.0,T,0.0,0.0,0.0
425,L,S,3.153388075916182e-05,L,8.009845798495675e-06,F,6.8144968038616715e-06,Y,4.205336507010553e-05,L,1.4209520647900673e-05,S,2.7906918499225252e-05,S,2.7906918499225252e-05,L,6.307219422965155e-06,L,6.307219422965155e-06,E,3.2790758578398226e-06,M,0.0003328022273537883,M,2.7708312587521043e-05,M,0.00032364646805523945,L,3.1869570014605486e-05,L,0.00012044637850439787,6.738676115315322e-05,0.007337880745971787
426,D,Q,0.00017603782732860448,D,0.0001026506584574619,D,4.0631666207343975e-05,D,0.0003008797295522218,D,0.00030352921384446874,Y,0.0011212762943708825,C,0.0005570985424301491,D,0.00038367981255655367,D,0.00038367981255655367,D,0.0005197060854739622,E,0.0001247519104769414,E,0.001427451565085314,E,0.0010778907727020668,D,0.0009000415954224964,D,0.0009000415954224964,0.0005546231387925011,0.06039403559055748
427,E,E,0.0,E,0.0,E,0.0,E,0.0,E,0.0,E,0.0,E,0.0,E,0.0,E,0.0,E,0.0,E,0.0,E,0.0,E,0.0,E,0.0,E,0.0,0.0,0.0
428,L,C,0.001939841060972017,L,2.5314029152659557e-05,L,4.700286091834801e-05,L,5.170463210460937e-05,L,4.334375519082419e-05,S,4.120778764673156e-05,S,2.2841157736374093e-05,L,2.7961907978370037e-05,L,2.7961907978370037e-05,L,4.26391470562253e-05,L,0.00017485732433301522,L,4.4754081031666185e-05,L,0.0001955218150058068,L,8.040943893806785e-05,L,3.545420606223051e-05,0.0001867210074736877,0.020332428242034815
429,E,E,0.0007012216726238618,Q,0.0008349838235425375,E,0.0008847422734412988,V,0.00032662485691082764,E,0.0008704658229670011,M,7.218018675402143e-05,M,5.519658217473038e-05,Q,0.0016556306292297596,Q,0.0012209229655813095,E,0.00017896421751199267,E,0.0003129496858221637,Q,0.000299367781222031,E,0.0003447892867975321,K,0.0014905878324675452,K,0.0007021955388473047,0.0006633882103929277,0.07223768426981542
430,L,L,1.893503102849885e-05,I,9.342270223652033e-05,P,1.9528462656928664e-05,P,2.533180138067935e-05,L,2.0740993179506933e-05,Q,7.242995609236258e-05,Q,7.242995609236258e-05,L,9.826905342968718e-05,L,9.826905342968718e-05,L,1.6497052471839036e-05,L,0.000215691248100957,L,0.0001803437797657233,L,0.000215691248100957,L,0.00023544913418714524,L,0.00023544913418714524,0.00010789857375600003,0.011749293976045638
431,F,F,0.0004868828179237877,L,6.171816043030026e-05,F,0.0001543989517110224,Y,0.00017915437520600992,F,1.5885717642957624e-05,L,0.0008633179634660869,L,0.00019863403332902365,F,0.0001300487732795622,F,0.0001362660377201075,F,9.536732589604727e-07,F,6.149465729143488e-06,F,2.0640998199212136e-05,F,8.543019763085983e-06,F,1.6813373140562526e-05,F,1.6813373140562526e-05,0.00015308138226269232,0.016669341399554633
432,T,T,0.0,T,0.0,N,0.0,T,0.0,T,0.0,A,0.0,A,0.0,T,0.0,T,0.0,T,0.0,T,0.0,T,0.0,T,0.0,T,0.0,T,0.0,0.0,0.0
433,D,K,0.0006234681758629622,D,0.002098160565109588,D,0.002045093012762196,D,0.003952327587258108,D,0.0007580488796042215,E,0.0006471077365761922,E,0.0006071902829589432,D,0.0010191132905509872,D,0.0008476087554635358,S,0.0014418947437796544,A,0.0007314673125463,A,0.0004500664919446987,A,0.0007290737585123575,D,0.0016765312595224836,D,0.0016765312595224836,0.0012869122074649806,0.1401344737054699
434,V,C,2.0975139889600417e-05,A,0.00020679743676661348,A,6.511575842274987e-05,A,0.0001519368512114231,A,8.336804809987574e-07,A,0.0002320658767650837,A,0.00025260535464377174,A,6.241139387471969e-05,A,7.184318252231186e-05,V,0.0010987932692224237,A,0.0001458077899009664,A,0.0007556874693563161,A,0.00031468147207716754,V,0.001469533889747048,V,0.00362848076895145,0.0005651712889221762,0.06154264499717741
435,V,I,0.000291776080128171,I,0.0016425449635113928,I,0.0003393450303233865,V,0.0007603961861397739,V,0.0020483861143188345,V,0.0002726717387409778,I,0.0002557228766310556,I,0.00033784096499803765,I,0.00033784096499803765,V,0.0006457394502691011,I,0.00019531192808360158,V,0.003068534490165493,I,0.00024019227695065847,M,0.0019557928441810927,M,0.001954077849557019,0.000956411583933109,0.10414559220344345
436,E,E,3.9193039063972125e-05,Q,0.00019626202063509308,Q,0.0002058937110307209,E,0.00022676512648006636,D,0.002731811355245419,E,0.0007542244829192561,E,0.0007576952236346199,R,0.0008573569535777591,R,0.0008573569535777591,E,3.8606089377628436e-05,K,0.0007646887185379064,K,1.946711202781313e-05,K,0.0007592099027579216,R,0.0007119866025595876,R,0.0007493824597252099,0.0006446599834100487,0.07019832974628336
437,R,S,0.00012725845513427954,R,7.029739001807644e-05,R,1.8580881326158417e-05,R,0.0007747278486685288,R,5.30429609765287e-06,R,1.0802193773987759e-05,R,1.2076442896741418e-05,K,0.0006886847024910664,K,0.0007299291614853405,R,0.000274475996870457,R,0.00010734889924397818,R,1.735457387797044e-05,R,0.00010734889924397818,R,0.00018714879911782353,R,0.00018714879911782353,0.00022123248929092418,0.0240904533141421
438,W,W,0.0,W,0.0,W,0.0,C,0.0,W,0.0,W,0.0,W,0.0,W,0.0,W,0.0,W,0.0,W,0.0,W,0.0,W,0.0,W,0.0,W,0.0,0.0,0.0
439,D,D,0.00021881205179259794,D,0.00022063026514412574,D,0.00024304253641345446,E,5.678021592513773e-05,D,0.0002561930498056271,D,0.000267977967972111,D,0.00027015398292442043,D,0.0002427630263982411,D,0.0002427630263982411,D,0.000270825777116488,D,0.00015348745598486586,D,6.494851765616553e-05,D,0.0003473841400694978,D,0.00022120560115941831,D,0.00022120560115941831,0.000219878214394654,0.023942983580977323
440,I,P,0.0016425449635113928,V,0.0005397934145380708,I,0.0005712666389651271,I,0.00048623845612641805,A,0.009183409145773588,E,0.007058694821480442,E,0.003963675385674555,L,0.0006326157041865618,F,0.009183409145773588,V,0.0008735910372741423,P,0.00047912043085126805,P,1.687963412722992e-05,P,0.0005028988992566034,A,0.009183409145773588,A,0.009183409145773588,0.0035667303979390773,0.388388488558257
441,N,A,0.0001711308851393503,N,0.0013414238401757567,N,0.0005055170490329206,S,0.0003579669402233494,T,0.002184932352187595,S,0.0021194224903644063,S,0.0011671563033307884,E,0.0020837722613845956,E,0.002621106980386418,N,0.004438691042473136,S,0.0018678706902090184,S,0.0017066816937398224,S,0.0018760154301876713,E,0.002142033888217719,E,0.0012015283786444356,0.001719016681713132,0.1871872040574673
442,A,A,2.5159695982108663e-05,E,0.00011530585062850541,A,6.21469121171841e-05,A,0.00023701948271475433,-,,A,0.00034792612993969873,A,0.00034792612993969873,-,,-,,-,,-,,-,,-,,-,,-,,0.00018924736688699165,0.020607528629396587
443,-,T,0.000939411213915138,T,0.004320464708949974,-,,-,,A,0.0008762133040271515,-,,V,0.002334945664939921,S,0.0018277063195204998,S,0.0026155000177029318,S,0.004660276666793879,V,0.006296326066004503,A,0.0006267459365714109,V,0.004571759167125774,S,0.0025664436895911744,S,0.0018119582530425902,0.002787312584015412,0.30351610603108065
444,M,G,0.0037057684439733996,L,0.0006391537531629707,I,6.127546401431537e-06,M,0.0006098929974996278,I,0.00015851313448554224,V,0.0006034910688937354,-,,I,0.0005470183420223751,I,0.0004167297893939252,I,0.0008957319295247013,V,0.00041677423885702733,T,0.001637612290494844,V,0.00041677423885702733,F,0.005871447426947715,F,0.008327805481382046,0.0017323457629925979,0.1886386346828359
445,D,G,0.0007835354189804113,E,0.0001179562447677098,D,0.0003146136369536968,H,0.0002220165406959867,E,0.001182963834303839,S,0.00012159531600832196,S,0.00011118958484948973,S,0.0008245078352955489,S,0.0006039103124122427,D,9.566402870897646e-06,D,0.00043425012860912195,D,9.561981660551274e-05,D,0.000477995370844573,D,1.9123217572417436e-05,D,0.00030000999090175405,0.0003745902434447683,0.040789889408027
446,Q,R,0.003906444191800317,D,0.0017474712006467267,S,0.0039074707429831825,S,0.004144203159012354,K,0.0014028363133832883,L,0.005561987499891797,L,0.004436152259887494,T,0.005404142790573475,T,0.005981743969608103,Q,0.002450697158808336,C,0.003455596802098358,S,0.006423904019576045,C,0.0062183926006888135,Q,0.004542764438052505,Q,0.003878055886705824,0.004230790868914441,0.46069937664288285
447,L,L,3.817544175173811e-05,S,0.001859744619246313,V,0.0023425165478513435,I,0.0007667123827298008,L,0.00018802801256038773,L,0.00022477910645014084,L,0.00020972230922003708,L,0.00010383109184772089,L,9.54728866746356e-05,L,0.00010566937686517952,L,5.209534361355017e-05,L,0.0002054093084965281,L,5.923478261606633e-05,L,0.00016893023676098335,L,0.0002974042351443025,0.0004478483787885819,0.04876711596746094
448,P,P,0.0,P,0.0,P,0.0,S,0.0,P,0.0,P,0.0,P,0.0,P,0.0,P,0.0,P,0.0,P,0.0,P,0.0,P,0.0,P,0.0,P,0.0,0.0,0.0
449,D,G,0.0004945948771261037,P,0.00018921007486711794,P,0.0002215156883268838,P,0.00018402915688401313,D,0.0007742989355219113,E,9.46165068190147e-05,E,2.7193388811023154e-05,Y,0.002417273287751952,Y,0.002417273287751952,D,0.0005028585350178832,E,0.00010706662938378681,E,4.0680081385423645e-05,E,9.484352783245843e-05,Y,0.00010953253163392289,Y,0.00010953253163392289,0.0005189679360498246,0.05651146843312164
450,Y,N,0.0,H,0.0,Y,0.0,Y,0.0,Y,0.0,Y,0.0,Y,0.0,Y,0.0,Y,0.0,Y,0.0,Y,0.0,Y,0.0,Y,0.0,Y,0.0,Y,0.0,0.0,0.0
451,M,M,5.5423179687986896e-05,V,0.001363699584738254,L,0.00011142184108006657,M,6.344436484756824e-05,M,1.55029067696294e-05,M,9.868188392204476e-05,M,9.868188392204476e-05,M,0.0003365639758061617,M,0.0003270502241061996,M,0.00026004533170190843,M,7.515915362798866e-05,M,5.6668628908133816e-05,M,0.0002477202816696839,M,0.0002136857176064278,M,0.00023116688109572008,0.0002369943892993212,0.025806798492517494
452,K,K,0.0005740054802578591,Q,0.00016121906954024315,R,3.347101176256863e-05,R,4.4965661716919636e-05,K,1.661723073264681e-05,K,0.00011115594274664959,K,3.328345225847221e-05,Q,1.1862728798463076e-05,Q,1.1862728798463076e-05,K,9.211882931379423e-05,K,1.376728961377932e-05,K,0.0005740054802578591,K,1.376728961377932e-05,K,5.8687202380956175e-06,K,5.8687202380956175e-06,0.00011358930905917922,0.01236896965561592
453,I,F,5.5330739579327454e-05,M,0.0005761092151231499,H,0.0007882588210348923,P,0.0006202552106067022,P,0.004018046923002666,D,0.0004292702305035232,D,0.0004507104421814914,V,0.0035883951016773344,V,0.003050278928783641,I,0.003990553989208399,G,0.0002995172417041882,R,0.007803851082405325,G,0.0003580303372824718,I,0.0005419785563419286,I,0.0004132380006997559,0.001798921654675653,0.1958882182118127
454,C,I,0.0005624287140116291,C,0.00174556963288427,A,7.929145967596572e-05,L,0.0012015367807655978,I,0.0008371828012579232,F,9.967597878640696e-05,F,0.0010981483517454697,C,0.0011884089680523238,C,0.001583170863241525,C,0.0003967279690178737,V,0.0012335222196775595,V,0.001069992855339819,V,0.002165181085391759,C,0.0009570171536990277,C,0.0014309366977471346,0.0010432527687529523,0.11360190449894969
455,F,F,4.794940371975996e-05,Y,0.0006486096799061352,Y,0.0001526177340439868,Y,5.307816045259049e-05,F,6.052985255231773e-06,Y,4.5989976453197334e-05,Y,4.5989976453197334e-05,Y,0.0006308933938750843,Y,0.0006308933938750843,F,0.0008640956066600648,Y,4.36474854849513e-05,Y,4.36474854849513e-05,Y,4.36474854849513e-05,Y,0.0006509763903048803,Y,0.00022043160709674786,0.00027523471763672095,0.029970865205694357
456,L,A,0.00019609647878524112,K,0.00026018425867078895,Q,0.00011511406617017723,Q,0.0006568424833417844,R,0.0010601385257120646,M,8.902203810029212e-05,M,0.00017426922326148944,L,0.00020970920685141738,L,0.00020970920685141738,L,0.0003496019676087491,M,0.0004924421332843831,T,0.004386937184006044,M,0.0015704945966296914,L,0.0003149571543063606,L,0.0003149571543063606,0.0006933650451924173,0.07550192245452982
457,T,K,1.5355892928392615e-05,A,0.00029079249726806093,A,0.00029181013587192334,V,0.0003459276741118537,T,0.0016545439426425054,Y,0.0003139922165536359,Y,0.0003122542568595129,A,0.0008905116251118468,A,0.00014092912630188885,A,0.0017832716817942024,A,0.0010522942438209244,V,0.001804926584634366,A,0.0003611181613933749,I,0.0012066391389762316,I,0.0006612340427553471,0.000741706748068271,0.08076594827636763
458,L,I,0.0003122054767504061,L,0.00016454333571088134,L,0.0001371653710112471,F,7.466656913765554e-07,L,4.1217708222104106e-05,L,0.0003840721677180042,L,0.00039084373952723983,L,1.7274992316313122e-05,L,1.7274992316313122e-05,L,0.00017511261089804921,V,0.0004027640227188704,L,4.082243330364319e-05,V,0.00026090048423346745,I,0.00048500176828918334,I,0.0015815927054048321,0.0002941025649407954,0.032025423268454506
459,H,L,0.0018916884270834833,I,0.0013620362652381837,L,0.0013929082191104674,L,0.0026217975689263712,Y,0.00043455671861948456,L,0.0023788112814063455,L,0.0023869344463033045,Y,0.0009195319996477369,Y,0.0009195319996477369,F,5.457187125579792e-05,Y,0.0006119836677737502,Y,0.00046569736497067586,Y,0.0005121839528078203,N,0.0021288185771411016,N,0.0021854922646671665,0.001351102974973295,0.1471243362379322
460,N,D,0.0001973695543977264,Q,4.2021426832568133e-05,D,0.00022324644426518955,D,0.0005247826632189918,T,0.0010154935031848923,K,8.707676615848802e-05,K,8.707676615848802e-05,T,0.0029178599330569872,T,0.0029178599330569872,N,7.872024705034105e-05,D,0.00026359627169113476,E,6.955072625112812e-05,D,0.0002616092072718397,N,0.00027624818672905023,N,0.0002605615306025421,0.0006148715439950903,0.06695460631611606
461,S,T,0.0001418482598351326,A,0.000649820083641763,I,0.0016425449635113928,Y,0.0004071797498529756,S,0.00045621856582749,T,0.000208344760917205,T,0.0002076542405945163,Y,0.0022743883118913695,Y,0.0009458108110799964,F,0.0006968406459125632,T,0.0012863766172339917,T,0.001188615028928282,T,0.0012819261503818327,F,5.2629960800014744e-05,F,0.001076755360147619,0.0008344635673704097,0.09086642597803112
462,V,C,0.009183409145773588,Y,0.000902383902226503,Y,0.0016425449635113928,F,0.009183409145773588,I,0.005005405660394022,F,0.009183409145773588,F,0.009183409145773588,A,0.009183409145773588,A,0.009183409145773588,V,0.0010321130644483831,V,0.0010672556466376337,V,0.0005686164264999659,V,0.0013670649245019627,I,0.003087957319545035,I,0.0029254508844387887,0.004846616511123014,0.5277578766436141
463,N,Q,0.00039322508772880694,A,0.0030309991915554047,S,0.00040870845288527434,D,0.003013352452861437,N,0.00034700911622430726,S,0.00028127520855154316,S,0.0004271146678297997,S,0.00010266098113172228,S,0.00010266098113172228,N,0.00021650705731748887,N,5.47724823734418e-06,N,4.8287445073923436e-05,N,1.2604217731009993e-05,F,0.0035238141579585058,F,0.003490058407166887,0.0010269169782256783,0.11182306722098827
464,E,S,9.51502752322484e-05,E,4.5240545944904824e-05,E,3.060663882856939e-05,E,2.4547883108989948e-05,D,0.0005431002572433622,S,0.00028903763971066613,S,0.0003788556108343296,E,0.0001845706477115031,E,5.3294818791583696e-05,E,7.182030432646132e-05,E,0.00038048949140933214,E,2.7122155736281004e-05,E,0.00038048949140933214,E,0.000519741881340864,E,0.00040305634173115113,0.0002284749322239719,0.02487909757664682
465,M,F,0.0004092624049929016,I,0.0001812249426670922,M,0.0005663361722363603,M,0.00024743949843120594,M,0.00011518248664263043,F,0.00018827465043781685,F,0.00041928070181303814,L,0.0001367337778512955,L,4.314480856593966e-05,M,7.325655324948276e-05,M,4.2443438200104485e-05,M,0.000326961879104021,M,4.2443438200104485e-05,L,0.0003045094813875518,L,0.00029612689655017375,0.00022617474202198126,0.02462862521224724
466,A,E,7.982416184714764e-05,E,2.8765948576647857e-05,E,0.00046197783111169777,E,6.566372937557462e-05,A,2.7155809318928616e-05,-,,E,3.148253467842299e-05,A,0.0005338753663376514,A,0.0005338753663376514,A,1.8788187295742545e-05,A,3.882124855869652e-05,A,0.00037330641597955306,A,3.882124855869652e-05,A,0.00046428530539910985,A,0.00046428530539910985,0.0002257806041981879,0.024585706747270127
467,L,-,,D,0.0016425449635113928,Q,0.002559316134140563,K,0.004410500012052076,L,0.0006070541602162176,-,,-,,-,,-,,-,,K,0.0003505734930650888,Q,0.0021063694286218484,K,0.00027512976705224105,-,,-,,0.0017073554226656326,0.18591738596895643
468,D,-,,E,0.00040583688658215016,E,0.0005472952211183443,E,0.0005119198922555456,-,,-,,-,,-,,-,,-,,-,,V,0.001933943212072173,-,,-,,-,,0.0008497488030070532,0.0925308662086701
469,T,-,,V,0.0018108690465990836,L,0.0014862840845972867,L,0.002036239106134577,-,,E,0.0017951251401462382,-,,Y,0.0003934231026027551,Y,0.000410037650668942,Y,0.00034278382339880025,-,,-,,-,,Y,0.001401463863390233,Y,0.0005120821151254731,0.0011320342147403766,0.12326949575815908
470,-,D,0.00021492308664732067,V,0.004278687383159184,-,,-,,-,,N,0.004694339304010064,N,0.004694339304010064,-,,-,,-,,-,,-,,-,,-,,-,,0.0034705722694566583,0.37791763541907464
471,-,E,0.002388090700557983,E,0.00014642612547378898,-,,-,,D,0.0023182384849591087,E,0.00206931852296033,E,0.001910414250519768,D,0.0011016627310791642,D,0.0011016627310791642,D,0.0034607301871775525,E,0.0024852886198109938,-,,E,0.0032986144091271706,D,0.0018224216738559269,D,0.0021362266073919156,0.0020199245869994054,0.21995367460340373
472,-,L,0.0007909169504253387,N,0.001292134184040563,-,,-,,A,6.04255764602666e-07,L,0.0007097465876538118,L,0.0007039124352400035,I,3.053869723493384e-05,I,1.3051937504876874e-05,A,0.00017553348982356717,A,0.00044796120969049617,A,1.0265343103143394e-05,A,0.0004265099520302464,I,0.0003857094628647343,I,0.001129849066717697,0.000470517967084155,0.051235653297740526
473,M,A,0.002325327727505459,F,0.003126694745492518,A,0.003806537674843528,T,0.0016425449635113928,R,0.0020067919874679116,G,0.0019993982126824154,G,0.0020126257652221145,L,4.491840002057649e-05,L,9.992525728990843e-05,L,0.0002037294531605514,E,0.000805116460954451,K,0.0017786591108494528,E,0.00030955317780108593,L,0.0005264718725639021,L,0.0004034986954841996,0.001406119566989965,0.15311520424167238
474,K,-,,G,0.0019565281708659914,K,4.1732912727888074e-05,K,4.1732912727888074e-05,K,1.2740017034108543e-05,-,,P,4.1732912727888074e-05,K,1.2740017034108543e-05,K,1.2740017034108543e-05,K,2.650258494808171e-05,K,2.292376752278077e-05,K,4.1732912727888074e-05,K,2.292376752278077e-05,K,1.8283864445777947e-05,K,1.8283864445777947e-05,0.00017466136321269763,0.019019229181690193
475,E,P,3.3110273929413684e-05,G,0.0001739613407139013,E,8.688913060867442e-05,D,8.577808789987635e-05,D,2.3278150556398e-05,P,6.371392198206305e-05,-,,D,0.00047734004961054623,D,0.0004304780415838347,E,4.0118046805018016e-05,V,0.0020893046604906224,S,0.00041970333458060384,V,0.004130171976380934,D,0.0007744755258890458,D,5.840967940063405e-05,0.0006347665871736833,0.06912101781567875
476,Q,D,0.008264860031704761,E,0.009183409145773588,F,0.009183409145773588,G,0.004985964628900345,R,0.000797143575040496,D,0.009183409145773588,D,0.009183409145773588,Q,0.0012108421260429716,Q,0.0012687577595632941,E,0.007583436074592035,Q,0.0009409116406146259,Q,0.0010320407814339134,Q,0.0009051766198768188,K,0.001589011724338225,K,0.0016425449635113928,0.004463621767247549,0.4860528041813109
477,R,E,0.002366531703026108,E,0.00047672253406037113,K,4.264055115413769e-05,K,0.00010224138107027813,G,0.0002145552867552055,K,6.0310651788987735e-05,K,5.2612778622716016e-05,G,0.00015908222969056223,G,0.0001651728001321978,G,4.867598493706331e-05,G,0.0004847232491559492,G,0.0011336003341183727,G,0.00048282679553321754,G,7.51569503552567e-05,G,0.00024141842350500312,0.00040708477692702846,0.04432828489563465
478,F,K,0.003048706314593374,L,9.710160004823632e-05,S,0.0005388514520513155,A,0.0016425449635113928,V,0.001082314669471841,S,0.0013473333491696127,S,0.0013609319976083147,F,0.0008162593361969105,F,0.0007497808690765881,V,0.001279602671686433,R,0.0012605791728317408,R,0.0011402331863441966,R,0.0012702881409528421,F,0.0014018797857726925,F,0.0013506412142239095,0.0012258032482359601,0.1334801955110649
479,-,-,,-,,-,,-,,-,,-,,-,,-,,-,,-,,-,,-,,-,,-,,-,,,
480,H,Y,0.0031618443112566563,Y,0.0019707797935246954,D,0.0015258075879183075,H,0.0026724792268456622,D,0.00012310897345194595,Y,0.0022765938131399694,Y,0.0022038357703719727,N,0.0019472147011831585,N,0.0013924453848661294,N,0.0019041150511012943,D,0.000930100750341122,D,0.0003880660375761253,D,0.000930100750341122,N,0.0013564828523222388,N,0.0010493722381521254,0.001588823149492835,0.17301016695134916
481,I,R,0.0004717578575263558,R,0.001037361508019819,R,0.0011373241192140495,Y,0.00040827066508039475,T,0.0015925929753581964,R,0.0003583300453717311,R,0.0003683169107606965,S,0.0005679320240512014,S,0.0005711875548684951,I,5.9124563330670426e-05,T,0.00033379498459681537,T,0.00030818444609793987,T,0.00032066915935100585,S,0.0005702941367388106,S,0.0005702941367388106,0.0005783623391403328,0.06297904514104201
482,I,M,0.0006768490023213603,V,0.004291166919222528,V,0.0035335286102876006,V,0.0021480912640105755,R,0.003311906864703963,V,0.0035425637274031116,V,0.0035289854242509097,I,1.0708820246407071e-05,I,4.941177894934927e-06,I,0.0001999461381665268,L,0.0002886516948043501,I,0.0002874531314217242,L,0.00019823949269337444,L,0.00025926973901535923,L,0.00025926973901535923,0.0015027714496972057,0.16363982327726465
483,K,H,0.0011571283986489935,Q,0.004493301159847005,Y,0.007033449330783029,Y,0.009183409145773588,P,0.0008131579104367623,F,0.0016052170413733452,F,0.001350218951793879,S,0.008949307031863888,S,0.009010099196664848,P,0.0007160562322642507,N,0.00018488766708460693,N,0.0002198127152933897,N,0.0006133809126756621,S,0.00866495920784953,S,0.006806109765288291,0.004053366311176071,0.4413792576193256
484,Y,Y,0.0008496816508661978,Y,0.001226843889439908,Y,0.0014876466496798074,Y,0.0012786003348773337,F,0.0012422392563651002,Y,0.0015127123312898183,Y,0.0015758199964068425,Y,0.0005854000051597852,Y,0.0005741046367935742,Y,0.0016174486583769515,Y,0.0007190666685097042,Y,0.0013981265191692729,Y,0.0009578548269685862,Y,0.0007936536343809552,Y,0.0007936536343809552,0.0011075235128443193,0.12060047584333392
485,L,L,5.785096392107032e-05,A,0.0003552026931459779,A,0.00028809713787383167,A,0.00022735611204982348,L,5.070025705085092e-05,L,5.3334158218119495e-05,L,5.7106123505400404e-05,L,0.000444065086967841,L,0.000444065086967841,L,0.00018232748312652607,V,0.0016163448833735328,A,0.00038207437535747567,V,0.0017215948572771032,L,3.597589975048364e-05,L,3.597589975048364e-05,0.0003968047345557574,0.04320887028521166
486,K,K,9.011277925159463e-05,I,0.00014800596987352388,K,0.00014035887759457775,K,0.00041632054687699315,H,0.0022630866580970084,K,0.00018763958780874457,K,0.00017670522990803546,Q,0.0003812906929601792,Q,0.0003812906929601792,R,1.7430379947272023e-05,R,0.00020505807300374922,R,7.645682348621832e-05,R,0.00017777346668460824,Q,0.0012407641019920835,Q,0.0012407641019920835,0.0004762038654957901,0.05185480227840549
487,K,T,6.471553456875648e-05,E,0.0003599061728248554,Y,0.0006390319604976962,I,0.002033920448699276,K,0.0009947381763451917,E,0.00027594999937498267,E,0.0002878124607528416,R,0.00016402951312665634,R,0.00048693252397709645,K,5.5557398985326416e-05,Q,0.0002206492968552362,H,0.0023495998356615694,Q,0.00022388545796808072,R,0.0006592425566113262,R,0.0006592425566113262,0.000631680926190681,0.06878501394892057
488,A,F,0.00043408758186481365,H,3.4316004880398455e-05,E,0.0005562836650798285,E,0.0005113225985698873,A,0.0010337371433890748,A,0.0016783602752025986,A,0.0017227051669823769,S,0.0009070002911889973,S,0.0009208127758015876,A,0.00015822533359962726,A,0.000514714491984292,A,0.0017621411833055483,A,0.0009730019750876275,S,0.0006472823941816988,S,0.0006472823941816988,0.0008334182183533371,0.09075259580881191
489,W,I,0.0007799295512098626,V,0.0010816762157832799,M,6.386833663788743e-05,T,0.0003778533539586981,W,0.00015706124641879193,V,0.0008142371283094996,V,0.0008120862797604612,W,6.591702354088803e-05,W,6.591702354088803e-05,W,0.00011201555963499341,W,6.991282594427634e-05,W,4.197098536481273e-05,W,6.73921189411088e-05,W,7.147810141443223e-05,W,7.147810141443223e-05,0.00031018625679162095,0.03377680901153965
490,V,I,0.0008369924812998461,K,0.0009954814281616698,K,0.0005980953274237682,N,0.0005476088868166637,S,0.0007847884427954155,K,0.0007520193242523481,K,0.0007263678580342851,L,0.0019283201701800123,L,0.0019435868756455085,A,0.0007786764664733279,E,8.144157149259338e-05,E,0.00020707399957027112,E,7.219538677946986e-05,L,0.0017583170185950202,L,0.0017770152690516903,0.0009191987004381259,0.1000934060376872
491,D,D,0.00022258121926723633,Q,0.0014358665173397108,K,0.0003067847044976915,K,0.0019222202253335267,T,0.0007916463793875383,E,0.00098641589038711,E,0.0009765167075682335,S,0.0009016621361919314,S,0.001446326459739639,D,0.00025457688934706405,L,0.0014457646141140114,A,0.000289117537380867,L,0.0015749313969878123,D,0.00023071679620147962,D,0.00023071679620147962,0.0008677229513296889,0.09448810758138056
492,L,L,0.0007667996552601447,S,0.0016213254359666984,L,0.00039925058280875636,W,0.000473229163043897,L,0.0006699741410648307,L,0.0012824059941542224,L,0.0021688188716838643,L,0.002358513497827747,L,0.0017948495251027567,L,0.0007991737285816984,Y,0.0021100698475814772,Y,0.0004200011876852761,Y,0.002315239686953421,V,0.0005360579432676932,V,0.0013527375049803452,0.0012712297843975218,0.1384267829319758
493,C,V,0.0014177933080658117,A,0.0007692890745185526,V,0.003213323071754225,I,0.00042316030708425566,F,0.0007644714773041785,V,0.00440735608311149,V,0.004378229138277027,V,0.003951441528901277,V,0.003927070924504686,C,0.0007579789655520337,I,0.0001103773424830826,L,0.0005287219789263447,I,0.0002956650213193348,V,0.004397730821961847,V,0.004346822320573008,0.0022459620909558104,0.24456735568505655
494,R,R,0.00014711071551573482,V,0.0005046396460945579,R,0.00042426240444286755,K,0.0008054355816423525,N,0.0003447326776750414,R,0.0003233854732767609,R,0.00027812073613817106,E,0.0016499152383818213,E,0.0012316102731943655,K,0.0008129772801482788,D,0.0004812334546205584,D,0.0004911920676163863,D,0.00044911207249084074,E,0.0004544866212279413,E,0.000497472370939763,0.0005930457742270294,0.06457795409234952
495,Y,A,0.0005361863728063064,A,0.0010183216668059611,A,4.714421313101125e-05,S,0.0008071158530706424,Y,0.0038299069175645466,E,0.0005324640021888397,E,0.0006532307624921468,G,0.0006770151836737633,G,0.0004833540637094558,A,0.000455652763899902,A,0.0007547449497103363,S,0.00027760067593280633,A,0.0007682499860405802,G,0.0007506660880780305,G,0.0006952763879593674,0.0008191286591375797,0.0891965767979053
496,Y,Y,6.331125723608927e-05,F,0.00042729579211042305,Y,0.00037223650130436387,Y,0.0002944181006842051,Y,0.0008279391960293013,Y,6.302576661238338e-05,Y,6.916336230042819e-05,F,0.0009601516482789621,F,0.00016979302480215383,Y,0.000901595843240109,Y,0.0005886773980370625,Y,0.0003863412019190256,Y,0.00041656337872192475,Y,0.000586594024001514,Y,0.0007858380284800756,0.00046086296825053474,0.05018430094260085
497,L,N,0.002285528086484162,F,0.0029713244013151925,F,0.002775466630030265,L,0.0007556788421712324,L,0.0007676798159240169,T,0.001955707560307579,T,0.0019691470365260366,F,0.0007305848144753143,F,0.0007305848144753143,L,0.0004985477293253133,M,0.0006644805653913824,M,0.0005007058555675712,M,0.0006557726808043901,F,0.0029532969400378364,F,0.002537163353723308,0.0015167779417705946,0.16516501853439147
498,V,E,0.00011981102888003543,E,0.0002875893549617855,K,8.075104560637442e-05,K,0.00033148743996339747,M,0.0008055888703831788,K,4.4256218707538426e-05,K,0.00029109780558248997,Q,0.0009240080968910541,Q,0.00048425121492048993,Q,0.000779306640156626,P,0.0008123014508338551,K,0.0003296462793249492,P,0.0007233983702030055,T,0.0005658839940656673,T,0.0004118904039137352,0.00046608454762627876,0.05075288928412619
499,E,E,0.0,E,0.0,E,0.0,E,0.0,E,0.0,E,0.0,E,0.0,E,0.0,E,0.0,E,0.0,E,0.0,E,0.0,E,0.0,E,0.0,E,0.0,0.0,0.0
500,A,V,0.0011914584042257345,A,3.428016872337143e-05,A,0.00023609516778942135,A,0.00033026095197710855,A,3.837745155464807e-07,I,0.0001891030571806088,I,0.00021240918046005818,A,7.405499641199173e-06,A,7.255689514707589e-05,A,0.00034301240042961857,A,8.931346564332148e-06,A,3.495091855758947e-07,A,8.931346564332148e-06,A,6.183567360571795e-06,A,6.183567360571795e-06,0.00017650298914167507,0.019219767554721847
501,K,K,0.000141812781961509,K,0.00016285968564951818,Q,0.0004203258995995167,E,0.0004754165795184649,K,1.6542452223611814e-05,K,2.3984444565241593e-05,K,8.134623843903687e-05,K,0.0012758824360618796,K,0.0012758824360618796,K,9.334089660594713e-06,K,0.0001656291446462904,E,0.002821271937138926,K,0.00017999942304939163,K,0.00032613028622216917,K,0.00032613028622216917,0.0005135032080680133,0.05591640314798989
502,W,W,0.0,W,0.0,W,0.0,W,0.0,W,0.0,W,0.0,W,0.0,W,0.0,W,0.0,W,0.0,W,0.0,W,0.0,W,0.0,W,0.0,W,0.0,0.0,0.0
503,Y,R,0.0015331923547875247,I,0.002650922070818098,L,0.0010511480411699843,L,0.0020550028375400115,F,0.0024267874984065904,R,0.0027454761694783317,R,0.0025452689776072224,Y,0.0015518003978712076,Y,0.0015518003978712076,F,0.001339743771839507,I,0.0019213322603736703,I,0.0031211397500884685,I,0.0027070776241901687,Y,0.0018151729699808368,Y,0.0019764478547044644,0.0020661541984484865,0.22498771051700092
504,S,E,0.0008401113109636484,Y,0.0016268652228338509,N,0.0018469228327338233,K,0.0004972295294047594,S,0.0011237958832221598,D,0.0008010556361869658,D,5.81891278495794e-05,Y,0.0022145007645510226,Y,0.0021550199610887396,F,0.0009055884943731626,S,0.004783975062203517,S,0.003281179577517754,S,0.004637884684132516,Y,0.0044786225068459955,Y,0.004313233873456531,0.0022376116311576015,0.24365805722457665
505,N,-,,-,,D,0.0023801478990846986,N,0.0015062187204354838,N,0.001044775237126566,-,,E,0.0026622611534450748,A,0.0013906159068589458,A,0.0018578374603341352,S,0.0005827595261070869,S,0.00028586399550758416,-,,S,0.000432891932140454,S,4.461963533983351e-06,S,4.461963533983351e-06,0.0011047541598279995,0.12029891539096157
506,-,Q,0.00036527287325415506,N,0.0009196472599108144,D,0.0011430971125853963,-,,G,0.0025735851798243323,E,0.000737831340522386,-,,-,,-,,-,,-,,T,0.00037097298824017097,-,,-,,-,,0.0010184011257228758,0.1108957588143143
507,K,G,3.1237531672194856e-05,N,7.500597195581499e-05,N,0.002102210674901356,D,0.0002773504330265995,-,,D,0.00015786319393644975,D,0.00015786319393644975,-,,-,,-,,-,,G,1.2179337523620093e-05,-,,-,,-,,0.0004019586195646406,0.043770087250183234
508,Y,Y,0.0058942667044546634,S,0.002005502987304518,H,0.0007207078873736509,I,0.00023933956263230216,-,,Y,0.004923412278001277,Y,0.0063852827922861195,G,0.0009643523850437346,G,0.0010284745747547069,G,0.0008259872525010058,G,7.586054342863665e-05,-,,G,0.00048213074601178267,G,0.0010579892416468055,G,0.0012437421546109923,0.0019882345469269384,0.2165028820306856
509,R,V,0.001874553224818548,I,0.0026820871728670545,I,0.003441554802324283,I,0.00252433867362044,Y,0.0012651750335349679,V,0.0038484668580659356,V,0.003698920760291673,Y,0.0002531355579521699,Y,0.00020601287462924877,H,0.00619955723366781,Y,0.0007705013467479579,C,0.0037735528822714,Y,0.0004858029661548924,Y,0.0006000203911189291,Y,0.0003321324431061759,0.002130387481411432,0.2319822026433271
510,-,P,0.001787223930120878,-,,-,,-,,M,0.002324389357145085,P,0.0017947281295962487,P,0.0017672281795082763,T,4.901747131318279e-05,T,0.0003988643703894457,I,0.0024201579484564267,L,0.0004030414169516665,L,0.00037546911026190314,L,0.0007887652440805176,T,0.00042973203943653585,T,0.0004345395188649579,0.001081096393010427,0.11772277330232772
511,P,A,0.004437111672014194,P,0.00027258356669609203,P,0.00040549390496684895,P,0.0004158732958117638,P,0.00042510143764713375,K,0.00441934233391672,K,0.00441934233391672,P,0.00031358489873234364,P,0.00031358489873234364,P,0.0004084446828694381,P,0.0004230930975717062,P,0.0002918710322077678,P,0.0004230930975717062,P,0.000279220700554604,P,0.0003905340465404856,0.0011758849999833245,0.1280444964737843
512,S,T,0.0014338643259035246,T,4.454103406254558e-06,K,6.48892672057691e-05,K,0.000398293956891787,T,0.00013458391937653204,T,3.946076773727796e-05,T,5.8830389779865154e-05,T,0.0004827994734124362,T,0.0004891416183305339,T,0.00011709579867251666,T,0.00010701062064483889,T,4.7024527188014e-05,T,0.00010701062064483889,N,0.0006756029373501401,N,0.0006756029373501401,0.00032237768425963126,0.03510435821189528
513,L,V,0.0025532728352098944,V,0.002432434007499086,Y,0.0030954381902628743,C,0.001197129449863623,Y,0.0024052651304055724,L,0.0006081714420922324,L,0.0006081714420922324,L,0.00021983477189440812,L,0.00029369137730916384,L,3.95224092686811e-05,F,3.0237239666080664e-05,F,0.00017769427814103957,F,5.9760726533773705e-05,L,0.00037816612973974004,L,0.00037816612973974004,0.0009651303706478761,0.10509499852699593
514,Q,E,1.0946254645510766e-05,E,2.9732750609862103e-05,E,0.0005587796757534183,E,0.000514070638755698,K,0.0006529080217457663,K,0.0005616062660799275,K,0.0005616062660799275,A,0.0003091167194913575,A,0.00030828585458825676,Q,0.0012635623131621255,Q,0.0001054296288226952,E,0.00015965353285825814,Q,0.0001054296288226952,E,1.466262505787502e-05,E,1.466262505787502e-05,0.00034469685343541654,0.037534737695320244
515,E,E,0.0,E,0.0,E,0.0,E,0.0,E,0.0,E,0.0,E,0.0,E,0.0,E,0.0,Q,0.0,E,0.0,E,0.0,E,0.0,E,0.0,E,0.0,0.0,0.0
516,Y,H,0.0017585730135352426,Y,0.00030712782971947116,H,0.003975658614987982,Y,0.00021201438681058034,Y,0.0002948806176177573,H,0.003991327324816968,H,0.003968651666596407,Y,9.084731790469139e-05,Y,6.008298454598953e-06,Y,0.00030859788578087787,Y,0.00019738996000669197,Y,0.00031473446705114065,Y,0.00018427055590744982,Y,0.0001224143169840253,Y,4.634586959380333e-05,0.0010519228083845126,0.114546002653996
517,I,L,0.00011686907954147593,M,0.00226834054481441,M,0.0003149693544379303,K,0.0008400422502325368,M,0.0015275377283106443,L,0.0005812864881521921,L,4.8209532431421826e-05,L,0.001941188432608812,L,0.0017551908649958135,L,0.001596478272346154,L,0.0005126363772314126,Y,0.0033709125427725103,L,0.00038728711811362483,L,0.0011248612964099647,L,0.0008909683887063588,0.0011517852180736841,0.12542022246757475
518,E,Q,0.001669257324857213,K,0.0008916684760215417,E,0.0014184859234910195,R,0.0001073004738986365,D,0.003906239130640279,K,0.0014338648841515631,K,0.0013919856836688378,E,0.0018371293619342233,E,0.0016873020509435524,N,0.001192259906360234,D,0.001957377676491151,E,0.0010316597021783423,D,0.0036092710770470734,K,0.00019741065626535764,K,0.0003847841515061714,0.001514399765297013,0.16490605408711143
519,N,V,1.43985805727589e-05,V,4.190103387750528e-05,N,4.190103387750528e-05,N,1.4448096438247361e-05,I,1.829020427854638e-05,V,7.818123859911304e-06,V,4.425864975738618e-06,N,4.190103387750528e-05,N,1.5685918811690238e-05,N,4.190103387750528e-05,N,4.823202125170068e-06,N,7.513083278603831e-06,N,4.823202125170068e-06,N,4.294869618676708e-05,N,0.00024961137709284204,3.682603235036446e-05,0.004010061162015485
520,A,S,0.0010689495031917912,A,0.0005174924610953239,A,0.0003106740619960164,A,0.0003025267537957897,A,0.0004475383832598371,S,0.0012769302159891486,S,0.0011619076773404322,A,0.000997858342227208,A,0.00043704337210031255,A,0.0004988449106441565,S,5.031018167200811e-05,G,0.0013872377732165905,S,0.0008767080147322454,A,0.0010530417538383277,A,0.001095828392617029,0.0007655261198477477,0.08335968785623149
521,W,A,0.0013529438043800319,F,0.001896539114132831,M,0.0013014084556922038,T,0.0015036276665201297,W,9.228366018159156e-05,L,0.0009135198112888463,L,0.00029858062944318383,K,0.0030043838548612983,K,0.0030121059580047963,W,0.0005838151033638544,K,0.0011495008292607839,K,0.0014882880888213463,K,0.0010799188083717162,K,0.0031898215319825776,K,0.0031213836412870817,0.0015992080638394849,0.17414100128332805
522,I,R,0.00010414075334223851,V,8.388699857561527e-05,V,0.0005084106088213003,I,0.0009740989947865324,F,7.597862840678755e-05,I,2.2789933354906778e-05,I,2.874882358069087e-05,V,0.0004897941303056205,V,0.0004897941303056205,T,0.0005171625131152234,I,0.0008728810351887571,I,0.0016035267671821681,I,0.0012118146335787737,I,1.0442798941983432e-05,I,1.882722556610349e-06,0.0004663568981361886,0.05078254608211773
523,S,S,0.00026974490452488797,T,0.0011539882918131707,S,0.00027898040463776206,T,0.002183169487513633,S,0.00019953881308447437,S,6.723110563450285e-05,S,4.681663281564313e-05,S,0.00011467634270090284,S,0.00012781051259176608,S,0.00044886185298710694,S,0.00020370618360608195,S,6.24662285899811e-05,S,0.00030324077142058125,T,0.00698472577391043,T,0.0068337073192964925,0.001285244308341828,0.13995285279577535
524,I,G,0.00010446703898007156,C,0.001124048345984404,A,0.00028480589811574807,V,0.008284538622804448,V,0.002583311570923061,I,0.0005343780184562613,I,0.0007684184207296629,I,0.0006318070897138724,I,0.0009261448622332457,I,0.0017525329426145541,F,0.0003991885043204744,F,2.6076102237672198e-05,F,0.0006498177871162336,V,0.0051691443628451685,V,0.004109511360562013,0.0018232127285091261,0.19853332238259358
525,G,G,0.00034981682987792476,G,4.393054721079493e-05,G,0.0007521294217315443,S,0.002802250249563575,G,5.2412539935672126e-05,G,0.0012610373034597428,G,0.0012868453756302261,S,0.004312722469703561,S,0.004178101371510131,S,0.002939084850442544,G,0.0001980310785899169,G,0.00043481855836419257,G,0.0005401848284144113,T,0.0018286613033154347,T,0.001878765096222742,0.0015239194549314945,0.16594267234982518
526,A,C,0.0004640248536566561,Y,0.0006159498458248643,Y,0.0005776872524023493,S,0.000986537558231258,G,0.0015572456501784105,G,0.0008011094519431632,G,0.0013066992826288142,S,0.0011621284652276684,S,0.0016015006173205038,A,0.0010445392377940441,T,0.007138808421769343,Y,0.0036768642567434114,T,0.008179273806422869,C,0.0009789100743956849,C,0.0007453638014400854,0.0020557761717319416,0.22385762619299787
527,P,H,0.0011515063580042435,M,0.0010229420417331907,M,0.0010848382862468817,Q,0.0007117215406992813,P,0.0004190580132144769,T,0.0016425449635113928,T,0.0016425449635113928,P,0.0007053320985272637,P,0.0008044893043314127,P,0.0010482280048915668,R,0.0008799813701137748,R,0.001800909498088109,R,0.0008836003488012055,P,0.0005626562714725771,P,0.00032226267422683145,0.00097884104915824,0.10658798204681154
528,T,L,0.00017461496565857415,M,2.8014938894196916e-05,M,0.0016151376580455182,M,0.0010851201217333209,V,0.00038474086924405283,L,0.0006033807543529942,L,0.0006431989322861828,T,0.002786632455794453,T,0.002774600056231169,L,0.001176222704186515,I,0.00022484879699813124,I,0.000648217168500816,I,0.00043639421024776093,M,0.0010741031899332456,M,0.0023247115913199237,0.0010653292275617902,0.11600585475951257
529,I,L,0.001400249384258535,L,0.0015200840111591575,G,0.004525763024485069,I,0.0014417861093736612,M,0.00015199254935573312,V,0.00013625920962788998,V,6.618596941563058e-06,I,0.0033567201317851827,I,0.0028420058464385073,V,0.007647441964144145,T,0.00021478935201576496,C,0.003001854152222286,T,0.00015895308659144512,I,0.0009667694075435191,I,0.0012406164981315626,0.0019074602216049349,0.20770720233920875
530,L,S,0.0008087215528501319,S,0.0003746796447921929,A,0.002225626362088268,L,0.00015372302510755477,I,0.0009030380989745069,L,0.0006240896102738643,L,0.0006554435774932093,I,0.0016161040664058003,I,0.0015982790444958562,V,0.0016425449635113928,I,0.0020599383828386994,M,0.001929895189307962,I,0.0008667970165679069,L,0.0008767264967268039,L,0.0008767264967268039,0.0011474889018773969,0.12495238790547596
531,V,C,0.00010372674698453676,T,0.001651150957510717,T,0.0002649548236415798,I,0.0002769473419390307,V,4.393274278697177e-06,C,0.00016681201142111762,C,0.00013965451780259533,S,0.0012446962514945476,S,0.0011459355199185217,V,0.0011369047815582884,L,0.0001051661379766563,L,0.00040683114144401315,L,0.00041638071909519533,S,0.001334988940443661,S,0.0005150170610909296,0.0005942373484400058,0.06470770701896553
532,H,T,0.0013207760998873999,T,0.0012066773123466082,T,0.0018884922298217023,T,0.0007396991202450199,H,0.0013883655801218762,S,0.002020044527576409,S,0.0020189738544691433,Q,0.0017593379879376986,Q,0.0010713217321978096,H,8.899025176632505e-05,Q,0.00026060335773861525,Q,0.0007371927202683464,Q,0.00041579094491437453,Q,0.0022839332301285886,Q,0.0015706306666105842,0.0012513886410687,0.13626624069609458
533,A,S,0.0007592546532476304,S,0.0002387099755767253,C,0.0007055289723127469,C,0.0026824866150542983,S,0.0016952791896492681,A,0.00140721928838599,A,0.0015648187117205917,V,0.0018096021617444546,V,0.0018096021617444546,A,0.0009451204132876136,-,,P,8.811467090160495e-05,-,,I,0.0018575553483377895,I,0.0012968657427341987,0.001296935223438259,0.14122590019144882
534,Y,F,0.0014053783813905154,L,0.0023454370048638434,L,0.0026969005213219824,L,0.002429055029341691,-,,F,0.0010587585537262926,F,0.00034038127352990224,Y,0.0034852372763357615,Y,0.0020601629290468394,Y,0.004205964500004019,P,0.0052494747242373485,-,,P,0.0056728572512880545,Y,0.003850926870006995,Y,0.002784561425645456,0.002891161210826054,0.3148243930911683
535,-,V,0.009183409145773588,V,0.009183409145773588,-,,-,,Y,0.009183409145773588,V,0.009183409145773588,V,0.009183409145773588,F,0.001593129605963481,F,0.001700991901753638,F,4.969262923354728e-05,I,0.00011982227413642659,I,0.000303321363018621,I,0.0002874872271630893,F,0.001654981208184888,F,0.0017801840867008446,0.004108204309617113,0.4473506782073193
536,F,G,0.0003267852298710785,G,0.0009994643351241568,V,3.896269579176822e-05,I,0.00042266283913021337,C,0.000389892875206423,-,,G,0.0021123599067299163,T,0.0015757970732096333,T,0.0016132566131801516,C,0.0008376771412698892,L,0.00017959167725000753,L,1.1811595258980432e-06,L,0.0001804101429061499,T,0.0017032889606628963,T,0.0022376026961235746,0.0009013523818558397,0.09815008430400408
537,F,-,,V,0.00035513777730176066,G,0.0024030254204303347,V,0.0007850875746787994,A,0.00025915260348430627,G,0.0015024216355141,-,,L,1.3037895171140614e-05,L,5.941435566535645e-05,V,0.0004144978466777208,T,0.0006254747584612364,S,0.001061700243366878,T,0.0005863908128470276,I,0.002235387114532955,I,0.0006985703697437157,0.0008460998775288717,0.09213352733154288
538,-,-,,-,,-,,-,,-,,-,,-,,P,8.290469118343959e-05,P,6.126048456708542e-05,D,6.180214853693576e-05,-,,-,,-,,A,0.0002835772546530329,A,2.525681710528753e-05,0.00010296027920915622,0.01121155309262692
539,V,M,0.003727009551186428,G,0.001545430926916138,V,0.0011821683706273874,A,0.002157823532049122,I,0.000754681527872727,M,0.003950075060478541,M,0.003325321857732093,N,0.002542807895496978,N,0.002894850603207418,Y,0.0018662660611068992,L,4.17410632167315e-05,M,0.000806180290988769,L,0.00046058918222033877,S,0.0007445783645700381,S,0.001689190501107152,0.0018459143192517842,0.2010053445240775
540,T,G,0.0014542196369804047,S,0.00020475476190775786,D,0.0009686993973129849,G,0.001943747371090133,A,0.000566153473089106,G,0.0004126752645121048,G,0.0004472576966585021,S,0.002265487774556419,S,0.0018761169874587813,P,0.0015631535225851254,G,0.00108776837422112,D,0.0005349125712102908,G,0.0034527648518120537,S,0.0005489212757554631,S,0.0009485087603347622,0.0012183427812990008,0.1326678101737098
541,N,D,0.009183409145773588,D,0.009183409145773588,E,0.009183409145773588,E,0.009183409145773588,N,0.001077930516298784,D,0.009183409145773588,D,0.009183409145773588,-,,-,,I,0.0025278880678059924,E,0.009183409145773588,I,0.001397543746715324,E,0.009183409145773588,-,,-,,0.007133694136091711,0.7768023860044173
542,P,V,0.0004432840662730955,R,0.0007119886941812663,F,0.0004884917413840396,F,0.00035758820304621417,P,0.00038696509999584246,V,0.0006070794435705673,V,0.0005442613526203737,-,,-,,-,,P,0.0005073288643668464,P,0.0009266656341218638,P,0.000515687935923329,-,,-,,0.0005489341035483438,0.05977454503385332
543,I,A,0.0011440737153076536,V,0.00028181496330250143,I,0.0009350010156545408,I,0.0015910986743605648,A,0.002123979005437426,V,0.00013417465462490873,V,0.00016697932386915268,N,0.007016483025369071,T,0.0016425449635113928,N,0.0018228883690906395,L,0.0023673143850933623,F,0.001783432291419277,L,0.001973046981122755,I,0.0010381967700919858,I,0.0010894396848529662,0.0016740311882072131,0.18228864266356248
544,T,D,7.746953120022052e-05,S,0.00037264739217725214,S,0.0001411775230908494,S,1.324355804668858e-05,T,0.001166504132343264,T,0.0008427124100285083,T,0.0002056098611493202,E,0.00036595194673328616,E,0.00021023068357067128,K,0.0011456384774433408,P,0.00012773041363614568,P,0.00018769044368589235,P,0.00013250790410291127,E,0.0003884762819739285,E,0.0005224112736598736,0.0003933334555228102,0.04283087568888632
545,K,Q,0.0007720899471250685,K,0.0011188157822586966,Q,0.0007834588134361191,K,0.0009599350093250148,K,0.0021790465828989527,K,0.0013583469101275556,K,0.0013714747317227697,G,0.004230253905452568,R,0.0016425449635113928,D,0.0014419480017886285,H,0.0001533094018525914,H,8.992524104525017e-05,H,0.00016294692659309974,K,0.001562822617950848,K,0.0016054233064890443,0.0012954894761051734,0.14106846983958968
546,E,E,8.690182061721945e-05,A,0.0002792830056987036,E,0.0007253761512001399,E,0.00012252533344609204,E,0.0006878162239816404,K,0.0002986753558689902,K,0.0002966841219375138,T,0.0005881058037771478,T,0.00016495809904553646,H,0.0002839079327296109,E,0.0015655781231414055,H,2.124178716255872e-06,E,0.00164859352215354,P,0.00017766788523512411,P,2.708880846284878e-05,0.00046368575773411794,0.05049168019999595
547,A,A,0.000282692258921435,D,0.0002396921793443398,T,0.0006692256660336441,T,0.00030970297328399726,N,0.00046558540531807584,I,1.1351050737010032e-05,I,1.6799134794759962e-05,V,0.000780825500825075,V,0.002375545871043585,V,0.0012830450402656099,I,1.660788266460971e-05,I,0.0003188996418265912,I,1.660788266460971e-05,E,0.0018234841601951284,E,0.0018234841601951284,0.0006955699205409067,0.07574201579170886
548,L,F,0.00027996375692002784,F,0.0005836893105747472,F,0.0011366862662338165,F,0.00033848945296432087,M,0.0006091206344673783,M,0.001836426049176475,M,0.0009673526543938906,V,0.0014112151687967834,V,0.0013978778303746675,E,0.0016169769104028,L,2.4842250463209218e-05,L,0.0007976059268561366,L,2.8119064657895784e-05,L,0.0029314219154999784,L,0.002691281805798648,0.001110071266505385,0.12087790589361522
549,D,E,0.00020440865049076325,D,0.0011079609720728776,E,0.0011298272431602484,E,0.0012250351469287788,E,0.0021027776445486828,E,2.8346624669855803e-05,K,0.0005656004226586958,E,0.002093576744693353,E,0.0007530162728655551,Y,0.0005617287697413338,Q,0.0016704470594767781,Q,0.0008642635153355978,Q,0.0016651082755599316,E,0.0002755220489923433,E,0.0005067582708733221,0.0009836251774712078,0.10710893545714385
550,C,W,0.009183409145773588,W,0.006154268914806431,W,0.00745159869063007,W,0.009183409145773588,-,,W,0.009183409145773588,W,0.009183409145773588,N,0.0032833538505080678,N,0.003677407417378518,L,0.001135316102415772,-,,E,0.00013376393461761156,-,,S,0.00410427990137713,S,0.004975034294633236,0.0056373883074551,0.6138666172844486
551,-,V,0.002646750284990427,I,0.0011589894775823305,I,0.0027530175070535202,M,0.0022906938213616743,-,,V,0.002435786079085944,V,0.0011307923812966807,-,,-,,-,,-,,I,0.0015192164875398784,-,,-,,-,,0.001990749434130065,0.21677673318587276
552,-,-,,-,,-,,-,,F,0.00027679144390151513,-,,-,,-,,-,,-,,E,0.002080690352972526,D,0.0015845209096044708,E,0.002080690352972526,-,,-,,0.0015056732648627595,0.16395580780103916
553,L,R,0.0004384018122012262,V,0.00027871672309776144,-,,I,0.00019099495662940738,F,0.00024375301406557144,M,0.00036136931341401875,M,0.00039841047016007524,V,0.001882199911090787,V,0.0009416671717982268,E,0.002778984357311414,I,0.000428006615762872,-,,I,0.00033378893813143236,M,0.00037608873340199116,M,0.0013813816049969671,0.000771827970927827,0.08404590916904096
554,E,-,,-,,I,0.0034188985770516062,N,0.0020298614786509774,Q,0.0038439573631458886,-,,-,,Y,0.003309299082009199,Y,0.003909825484621153,-,,D,0.0012552386517499332,-,,D,0.0013927197702021793,Y,0.0017252042845894,Y,0.0013807537090461967,0.002473973155674059,0.26939594179059717
555,E,G,0.0002783401232267636,N,6.0679632418907044e-05,N,0.00020833879146012234,-,,E,0.0023512868733660433,S,0.0001436376242975378,S,7.379767517016126e-05,G,0.00040412466607685275,G,2.6993666596153073e-05,K,0.00024004811475755985,F,0.0002656021913263362,Y,0.000994252308537952,F,0.00026552656065402893,K,0.0001921233245373365,K,9.15435324863465e-05,0.0003997353632080072,0.04352799236784244
556,Y,V,0.0009038001805179654,E,0.004024317633615185,E,0.00644599431979766,E,0.005675557017639339,Y,0.001704641960755859,D,0.009183409145773588,D,0.009183409145773588,Y,0.0015134608146361605,Y,0.0015223785305518121,C,0.0089468985671774,P,0.0005428029346162762,P,0.0005559092742100137,P,0.00042022303513964315,Y,0.0003019674497784885,Y,0.00043829622892300714,0.003424204415927066,0.37286854604566566
557,P,P,0.0008461984494955715,P,0.0008075841960154316,P,0.00042455886037873604,S,0.0009561099956361239,Y,0.00046505686444302263,A,0.0015294791979967772,A,0.0038891652977581887,H,7.95341073560867e-05,H,7.95341073560867e-05,H,0.00035821469583519907,A,0.005292564726575701,S,0.0013439234241136506,A,0.006021708107210849,H,0.0006972038873907965,H,0.0006972038873907965,0.001565869320330201,0.17051067805803355
558,N,K,0.0013239781860247524,L,0.0020010895518298953,L,0.0017693523717887273,L,0.001019624280825722,D,0.00018695903777822805,E,0.0009173546955897325,E,0.0002788747781797263,N,0.0011068333290488153,N,0.001084661493996454,K,0.00040254913380020023,K,0.001004949729640758,R,0.0002716321252797878,K,0.0010251489856508073,D,0.0001773494721496981,D,0.00019250911412574872,0.0008508577523806036,0.09265162194937024
559,I,I,0.005646178012034283,I,0.003614016268468365,I,0.0023829160280973817,I,0.0026553684399136562,I,0.0036064591446520744,L,9.769017730186779e-05,L,0.0008720059618246175,M,0.0066861508669844825,I,0.0016425449635113928,I,0.0023259567978263936,F,0.0017362048827888237,F,0.0020002129984762643,F,0.00010942772354759733,I,0.0019572077920130193,I,0.00330068144592126,0.002575534766890765,0.28045519109600864
560,I,V,0.002382740687852869,V,0.0012898342644811892,V,0.00032982333755969155,A,1.4890690910573087e-05,I,0.0001556917150674279,V,0.0008104745776439877,V,0.0007865374566500752,L,0.0006942320628106344,L,0.0007024511574619475,I,0.00010123218829923548,N,0.0003384904921071171,S,0.004008285518959581,N,0.0003384904921071171,L,2.0693488760841085e-05,L,0.00024935717809837325,0.0008148816872513774,0.0887341154375556
561,R,K,0.0016564838609520436,R,0.001995624377423212,R,0.0037783324841078212,P,0.0032746599578589034,R,0.004652823084312606,K,0.0025657247419879187,K,0.0027625438105816674,Y,0.00669535444399954,Y,0.006682118542322375,R,0.004824492536734382,D,0.00372483200959383,S,0.007562738806505177,D,0.003627232386202354,Y,0.004403666263972091,Y,0.004418144186491154,0.004174984766203005,0.4546225372224026
562,W,A,0.0010027377368980708,A,0.0023344710466996032,A,0.0019910104278121283,A,0.0007134259232714516,L,0.0018490632063478416,S,0.0024988493807005015,S,0.0008196599742683383,L,0.0023572527756790386,L,0.002359292617279791,C,0.0009471980320538674,L,0.0011973659132519258,L,0.0011822267410002984,L,0.000897217195108228,L,0.0021658607034977986,L,0.0017556703846604825,0.001604753470568624,0.17474485184047014
563,S,L,7.50471410081532e-05,S,0.00019841260693930082,S,0.0002927505134218584,S,0.00027911655039674434,W,0.0017857437326621757,F,0.00039632918477855466,F,0.00039632918477855466,S,0.0006000552415113887,S,0.0006378409036447146,S,7.175223381846174e-07,I,0.0007066007395217156,A,0.0024072191748791176,I,0.0007066007395217156,S,1.9119308099452463e-05,S,1.9119308099452463e-05,0.0005680667901067389,0.06185794197878857
564,S,C,0.0018591941670518409,C,0.0005611243081471992,S,6.295859715655684e-05,S,0.0005630820719760296,S,2.2501976119822904e-05,G,0.0009440627006977169,G,0.0009430226315087838,G,0.00018490433525271969,G,0.00017449376172873191,S,0.00018436311065616584,S,2.1154451825470973e-05,A,0.003093710766017199,S,0.00015225001106418192,G,4.074329921900229e-05,G,4.074329921900229e-05,0.0005898872991760283,0.06423402135442347
565,I,I,0.00038363818711963316,V,0.0026834358487279513,L,5.134323490300002e-05,L,0.0006397326713163057,T,0.002279569105410783,I,0.0016811280382392616,I,0.0018374967030591073,M,0.00018431424197067032,M,0.00016517730046695575,M,0.0002908166772741141,V,0.0057937113390472104,G,0.0021022540403741784,V,0.006922156865434152,L,0.00029246288137409345,L,0.00040722325108972926,0.0017142973590538097,0.18667330746586283
566,I,I,0.00047483662284110813,I,9.681758584610847e-05,I,0.0001594304095390877,I,0.0005215367892426606,I,0.00010899337787319704,F,0.0005174616699088849,F,0.0005174388180907854,I,0.0008175585265636033,I,0.0008028896959549972,I,0.0005608764570436784,I,0.0002994469134351222,I,0.00010166366178219143,I,0.0009068492579800007,L,0.0005415270474595741,L,0.0005407859050021961,0.00046454084923754633,0.050584792843661824
567,A,L,4.061379430714606e-05,C,0.00034042205626685207,A,0.00036101197370555277,N,0.0008061352193032854,L,0.00033967785037809545,V,0.0003946195134302025,V,0.0003946195134302025,L,0.0006435460480229501,L,0.000969442742844465,I,0.0006092352045443141,L,6.433246520289372e-06,L,1.5506595072506994e-05,L,4.398027869949517e-06,L,0.0006433105657811318,L,0.0003784813521564907,0.00039649691357556235,0.0431753510359537
568,R,R,0.0,R,0.0,R,0.0,R,0.0,R,0.0,R,0.0,R,0.0,R,0.0,R,0.0,R,0.0,R,0.0,R,0.0,R,0.0,R,0.0,R,0.0,0.0,0.0
569,L,L,0.0,L,0.0,A,0.0,L,0.0,F,0.0,L,0.0,L,0.0,L,0.0,L,0.0,L,0.0,L,0.0,L,0.0,L,0.0,L,0.0,L,0.0,0.0,0.0
570,A,S,0.0002530326617192746,M,0.0009200868064360116,M,0.0018220615400627769,K,0.00048400304057410733,K,0.0012131035980944608,S,0.00039170501015852973,S,0.00040974310340246526,A,0.0007430967028166852,A,0.0007612584891403313,A,0.0001502468251103179,K,0.0005958185263207165,K,0.0007260011817605391,K,0.0009716999951918939,P,0.0005184239805927612,P,0.00034054213403031245,0.0006867215730274121,0.07477850133068033
571,D,D,0.000606914052267332,D,7.025748465077969e-05,D,0.001371179179121891,D,0.00025438752026051193,D,0.0014549703355475514,N,0.0026703909234081437,N,0.0016166706553239947,D,0.00040724132702031504,D,0.00040724132702031504,N,0.004531133886940544,G,0.0010349304513448752,G,0.0006129827493277588,G,0.0009792407271841331,D,0.00156133094983942,D,0.0016755306913969995,0.001283626817376971,0.13977672093241375
572,D,D,0.0,D,0.0,D,0.0,D,0.0,D,0.0,D,0.0,D,0.0,D,0.0,D,0.0,D,0.0,D,0.0,D,0.0,D,0.0,D,0.0,D,0.0,0.0,0.0
573,-,-,,-,,-,,-,,-,,-,,-,,L,2.2538787434351217e-05,L,0.00012989686387724383,L,1.0427696667862606e-05,-,,-,,-,,L,2.7981214554450984e-06,L,4.428660314530121e-06,3.401802594988657e-05,0.003704291664446034
574,-,-,,-,,-,,-,,-,,-,,-,,-,,-,,G,0.0,-,,-,,-,,-,,-,,0.0,0.0
575,L,L,0.0009800900746955027,L,0.0008011338226412752,I,0.000899502274248176,I,0.0009380731856543228,M,0.0009250949873484031,I,0.0006362967135523494,I,0.0005170715495428435,-,,-,,T,0.0016041439158313115,T,0.001714506415494913,T,0.0006160980064310291,T,0.0019484541566173992,-,,-,,0.0010527695547325022,0.11463820657680383
576,G,K,0.002103021827036755,V,0.0045345948055399736,A,0.00015431251491898788,I,0.0037572755754488314,G,0.0001777458369345259,V,0.004411844291591923,V,0.0031069816244073457,G,0.0002300495440447826,G,0.0004996375889185736,S,0.005623837377076817,R,0.0020140410396382335,R,0.0018766965447673258,R,0.0019804665541138483,G,0.002335689391273957,G,0.0018440164624442857,0.0023100140652104113,0.251542104739342
577,T,S,0.0020484477689454257,G,0.0005114945566782164,G,0.0007967478355593549,G,0.0013556003053342557,T,0.0009714853914289505,S,0.0007096518587869747,S,0.0005952268361416076,T,0.00010370395170918687,T,0.00010370395170918687,P,0.0004997004243201955,C,6.264967525760613e-05,C,0.0008574951441267604,C,0.00013597447806577379,T,0.00046419703669823686,T,0.00046419703669823686,0.0006453517500973313,0.0702736576203116
578,S,Y,0.00041937256768917637,D,0.0001347082699696405,H,0.00010550903280275728,H,0.00010841981455370379,S,0.0008021245405866049,T,0.00018872321083247202,T,0.00021771246463084726,T,0.0004221542480124695,T,0.0004221542480124695,E,8.412008098343445e-05,Y,0.0003434630938164405,Y,0.002837429325010685,Y,0.00018525197424742185,A,0.00011819910897848804,A,4.5022399692296855e-05,0.00042895762532126053,0.04671006360624546
579,T,E,0.0014851402958485737,E,0.0004950732358396759,E,0.0005161917723373186,E,0.0022460583911169093,S,0.00020461249463388882,K,0.0008239983732937622,K,0.0008989758907928142,Q,6.607279274422571e-06,Q,6.607279274422571e-06,S,0.0002246885926382817,K,0.002491289546613119,Q,8.864637848978777e-05,K,0.002513082389314687,L,0.0016043875556364228,L,0.0024114136896090568,0.001067784877647543,0.1162732554651517
580,D,R,0.006602460998345829,Y,0.004587183946965693,V,0.007062747584730968,H,0.0039311911171400005,D,0.0010366441450421777,R,0.005122776554281198,R,0.00396837534607123,F,0.002497793100533012,F,0.0025562275604111167,E,0.000102573832353702,A,0.00025325380265496603,A,0.0002069651568824749,A,0.0005473499055855007,H,0.004365632894996315,H,0.0041491760337451925,0.0031326901319826245,0.3411249659310191
581,E,E,0.0002985842993202847,E,0.0013082896911904966,E,0.0001802817899462738,E,0.00034432324227362255,E,0.0008969813271473925,E,2.8141048447036503e-05,E,0.0011030181998325347,E,0.00028036854652254664,E,0.00028036854652254664,V,0.00013169828731429987,D,0.0016357266018289193,D,0.0025542442485995175,D,0.0025490596908009687,E,0.00013422236417405105,E,0.00013422236417405105,0.0007906353498729694,0.08609388270986898
582,L,K,0.00040755394933294283,-,,Q,0.000488192669174398,Q,0.0008521926372252484,L,6.827414785873521e-05,Q,0.0019533709075698472,Q,0.0019501292577930834,L,2.3097901741846445e-05,L,2.3097901741846445e-05,L,0.00046777050765548476,R,0.00016952743089206464,S,0.0003837584288873211,R,0.00016952743089206464,L,1.3427453824831427e-05,L,1.3427453824831427e-05,0.0004988105770296104,0.05431649283089759
583,K,M,0.00523582535098845,-,,Q,0.0036012207312488623,Q,0.0024772330796684543,K,0.005081901114049199,R,0.005577912346658958,R,0.004947525986434037,K,0.004421665177118272,K,0.004270142859667005,K,0.0016308915479579117,A,0.0010491832873907394,A,0.003787844734580704,A,0.0021871833263149127,K,0.0040550162082147135,K,0.0038286050530082693,0.003725153628807178,0.4056395146590608
584,R,S,5.958415389362331e-06,-,,R,0.00010892220450541419,R,0.00010937914987047589,R,2.592565350000661e-05,E,0.000730833225786287,E,0.0007030095586534354,R,4.069053436762143e-05,R,3.126165091921707e-05,S,0.0007041812501097958,R,2.973159521448865e-05,R,0.00018366489936639548,R,2.973159521448865e-05,R,5.2767936611553375e-05,R,5.2767936611553375e-05,0.0002006304004371497,0.021847050180649346
585,G,S,0.0033874397067615515,-,,E,9.321704186177683e-05,E,0.00016106202673764835,G,0.00038658612158421065,K,0.0032892546050578343,K,0.00314582429545102,G,0.00028519243208864305,G,0.00028519243208864305,A,0.0016429211505671912,G,0.0003116722408062778,G,0.0005074995401417051,G,0.00033111254017490903,G,0.0006734863294931409,G,0.0006672069754789752,0.0010834048170209663,0.11797414226279722
586,D,H,3.665390257009594e-05,E,0.00013592059775294213,H,0.00013359825853138553,H,0.00013912284418592991,D,0.0001343558309725479,H,0.00011987514311755905,H,0.00011987514311755905,D,0.0009921235202149457,D,0.00018559399199097925,D,0.0016425449635113928,E,0.0006096334564542956,E,5.504029367773974e-06,E,0.0005715484405859205,D,0.00013007868290385423,D,0.00013007868290385423,0.0003391004992120691,0.036925339362466586
587,V,V,0.0016425449635113928,K,0.0017196589600197718,G,0.002467466642381759,G,0.005035028349519623,N,0.0016425449635113928,C,0.003300827410116935,C,0.003442454233993043,V,0.0016425449635113928,V,0.0016425449635113928,V,0.0016425449635113928,E,0.002005259511752666,E,0.0015980508332715283,E,0.0020765351442735705,A,0.009183409145773588,V,0.0016425449635113928,0.0027122640008113894,0.29534391398205695
588,P,A,0.00020395846853373242,P,4.3205647148596596e-05,A,0.0004974292395928541,A,0.00012160074745677176,P,2.368856230846439e-05,V,0.0007816023365161956,V,0.0007664121085426525,Q,0.0003588682326777927,Q,0.0003468165480483134,P,4.401294481746659e-05,A,0.00021357165553462037,A,0.00020869590742170007,A,0.00021155144298234962,P,0.0008858691563273166,P,0.0005487745707629453,0.0003504038379114515,0.038156182780195
589,K,S,5.2648376841079305e-05,S,5.1340380635401175e-05,S,6.71685532740854e-05,S,0.0003292316286667461,K,2.1686492090601684e-05,S,0.00017705027546440082,S,8.349414002947778e-05,K,0.00038062058313810646,K,0.00038062058313810646,K,1.8256906697814837e-05,S,0.0001247628236289138,S,5.776826080276651e-05,S,0.0001247628236289138,K,0.00038062058313810646,K,0.00038062058313810646,0.00017537686628750845,0.019097141758975297
590,A,T,0.00017112174541638638,S,0.0011070049285306957,L,2.845348356637575e-05,F,0.0003810902281209275,S,0.00015922392291471937,T,0.001460056692053756,T,0.0006351750086323742,A,4.10763569731183e-05,A,0.00045019300972237047,S,0.0014344243937958307,S,0.0010594684951788405,C,0.00017408786243983977,S,0.0009445599021753171,A,7.758269682419484e-05,A,7.758269682419484e-05,0.0005467400948779295,0.05953563499123325
591,I,M,0.0,V,0.0,I,0.0,I,0.0,I,0.0,V,0.0,V,0.0,I,0.0,I,0.0,I,0.0,V,0.0,I,0.0,V,0.0,M,0.0,M,0.0,0.0,0.0
592,Q,E,0.0007396369160131569,L,0.0021505100807694185,E,0.0005522513674243764,E,2.9978061357235702e-05,Q,0.0012755952722107301,Q,0.0016606866601374644,Q,0.0016606866601374644,Q,0.0010866429902413387,Q,0.0009237381552739343,Q,0.0011327331509270878,S,0.00011996017075157332,S,0.00036131650767601866,S,0.0003352085513879105,Q,0.00104156813033241,Q,0.0008811913530818357,0.0009301136018481304,0.10128195173316323
593,C,S,0.001540386010555276,C,0.002076064302169834,C,0.0033342250315553917,C,0.0031085774248282494,C,0.0019157337766822304,C,0.0025566129718701336,C,0.002334281657451024,C,0.005832899290196672,C,0.00533111100767925,C,0.004139898835921416,C,0.003233640986615992,C,0.0032540583572949534,C,0.0037197669187172475,C,0.005676571726854278,C,0.005218932289881052,0.0035515173725515336,0.3867319114477244
594,Y,C,0.0,Y,0.0,Y,0.0,Y,0.0,Y,0.0,Y,0.0,Y,0.0,Y,0.0,Y,0.0,Y,0.0,Y,0.0,Y,0.0,Y,0.0,Y,0.0,Y,0.0,0.0,0.0
595,M,M,1.8897109852850756e-05,M,8.806070919705411e-06,M,4.3910514913441466e-05,V,1.0290098951569865e-05,M,8.827483748603858e-06,M,1.6649563900746287e-05,M,1.6649563900746287e-05,M,2.787722349304026e-05,M,2.787722349304026e-05,V,5.470290744794113e-05,M,0.0003450693398344019,M,4.771832718194807e-06,M,1.3811702318690785e-05,M,1.008192089062469e-05,M,1.008192089062469e-05,4.122029848494817e-05,0.004488561691048981
596,N,K,0.000897159220167575,K,0.00026745860108090606,K,0.00023509502900984655,K,0.00015518306014075252,H,0.0001016615335396229,K,0.0008428647212019012,K,0.0008400827837282656,K,0.0015271381169971632,K,0.0009703385675031605,K,0.0011541649424195298,K,0.00013211462409132085,K,0.0003411007327025851,K,0.0001271845993002901,K,0.0004944964474741319,K,0.0004944964474741319,0.0005720359617887455,0.06229015311291116
597,E,E,0.001476939507451694,Q,0.007896275885696635,D,0.0008206783305159244,E,0.001086185396439437,E,0.0018586186759749369,Q,0.005339110006754856,Q,0.004501297074490831,D,0.0006116094518554726,D,0.0009868312846727663,E,9.511349306226492e-05,D,0.0004897977287027793,E,0.002199158271831067,D,0.0004982179432780197,E,0.0016224889483278276,E,0.0015760950718259187,0.0020705611380586954,0.22546759108643377
598,T,-,,-,,-,,-,,-,,-,,-,,-,,-,,-,,N,0.0009403835427653744,N,0.0003793512418898868,N,0.0009403835427653744,-,,-,,0.0007533727758068785,0.08203628563730035
599,-,H,0.0016934952394477,Y,0.00019576779692849215,Y,0.0003060686449979155,Y,0.0007998412326481342,S,0.001764553463906571,H,0.002442073689903249,H,0.0023789085997395635,N,0.004042386888186223,N,0.004279512574527037,T,0.0022787576853259607,A,0.006101954432847047,P,0.0009829402208991033,A,0.006183040995647116,K,0.0026620353386892066,K,0.001994098447737008,0.002540362350095355,0.27662519547705083
600,G,Q,3.18350613523876e-05,V,2.6670493801505342e-05,G,3.1382418219761426e-05,R,1.6175145885835547e-05,G,0.0001183254623412829,E,9.239997388307249e-05,E,9.239997388307249e-05,N,1.3017501191370164e-05,N,1.3017501191370164e-05,G,4.7205576270115644e-05,G,3.861158879384291e-05,G,4.7205576270115644e-05,G,3.861158879384291e-05,N,9.680806441786544e-05,N,0.0006297119414020028,8.889185784649624e-05,0.009679614229907886
601,A,V,0.0003750288951090221,V,0.0008540900896535769,V,0.00018621474228356402,A,0.00025926427643941795,V,0.00012483238043101808,L,0.0002644652894615999,I,0.0010028414780611863,A,5.426954378259217e-05,A,5.426954378259217e-05,A,1.3273889707463837e-05,I,5.948814990697844e-05,L,0.00013877932591918303,L,0.0023046135991116215,V,0.0009873714776026258,V,0.00019167658178017967,0.0004580319508688415,0.049876025732735446
602,S,P,4.490856024311783e-05,S,1.930399900341003e-05,S,6.941697745612838e-05,S,7.444427557033364e-05,S,2.1111406041371284e-05,T,4.30639224619563e-05,T,2.733325984747604e-05,T,4.0121844814960864e-05,T,4.0121844814960864e-05,C,2.902805056097923e-05,T,2.733325984747604e-05,T,3.8270102971812566e-05,T,2.733325984747604e-05,P,0.001032104956288191,P,0.0002595058272110147,0.00011956010313204431,0.013019141501178631
603,E,L,0.003652433223380911,K,0.0031622945318214904,K,0.0032172171590981184,K,0.003408976163924316,E,0.00044771057865144526,M,0.0047188612380293935,M,0.0047188612380293935,E,5.9723308269570214e-05,E,5.9723308269570214e-05,E,6.649504805418478e-05,E,0.00028570236446984475,E,0.0003501188636110478,E,0.0002922801621499312,E,3.9031918381869873e-05,E,4.5183042014075505e-05,0.0016349741432103442,0.1780356420211111
604,E,E,0.0004419420078475303,D,2.350077535942886e-05,Q,6.975138847285754e-05,Q,4.9335020739036195e-05,K,4.91921960968755e-05,D,0.00010657169863590791,D,0.000640535537050391,-,,-,,-,,E,1.991110674213575e-05,E,4.18077243490069e-05,E,1.991110674213575e-05,-,,-,,0.00014624585620353058,0.01592500713864374
605,-,-,,-,,-,,-,,-,,-,,-,,-,,-,,-,,-,,-,,-,,-,,-,,,
606,-,-,,-,,-,,-,,-,,-,,-,,K,0.0042833838668744125,K,0.004265122718118411,E,0.0002893459441874541,-,,-,,-,,K,0.0065913459289998425,K,0.004250478654608058,0.003935935422557635,0.4285919705939533
607,-,-,,-,,-,,-,,-,,-,,-,,-,,-,,-,,-,,-,,-,,-,,-,,,
608,-,-,,-,,-,,-,,-,,-,,-,,-,,-,,-,,-,,-,,-,,-,,-,,,
609,G,V,0.0013685381476583225,E,0.0008453406520824908,E,0.0004516730829158038,E,0.00024059986881136089,E,0.0009901868450843013,E,0.0011772875032812987,E,0.0011735187303058689,E,0.0009525620108568287,E,0.0010354831604099367,K,0.0020262617272320794,D,0.0009688104032470657,D,0.0008493591891626298,D,0.00017365300279762494,E,0.0006860987193887912,E,0.00024109146222794413,0.0008786976336974898,0.09568316294628845
610,A,A,0.0,A,0.0,A,0.0,A,0.0,A,0.0,A,0.0,A,0.0,G,0.0,G,0.0,A,0.0,A,0.0,V,0.0,A,0.0,A,0.0,A,0.0,0.0,0.0
611,R,R,0.0015850758726129904,R,0.0020398880269721633,Y,0.002258033256107224,Y,0.001934355256448535,R,0.002914228769156796,C,0.0016425449635113928,C,0.0016425449635113928,Q,0.004103237031115604,Q,0.003753585664850032,R,0.0018587288558147026,V,0.009183409145773588,V,0.005148287961511854,I,0.0016425449635113928,R,0.002294475677181278,R,0.0023242988230641167,0.0029550159487428717,0.3217776646816217
612,E,V,0.00038536362051446365,A,0.0016425449635113928,V,0.001507417665902094,V,0.00044790360399431017,Q,0.000356746542725389,E,0.00014426448024952836,E,0.00013904544762598887,E,9.238571284515356e-05,E,9.238571284515356e-05,E,0.00028141535706878397,H,0.00046522603965835126,N,0.0004194010645621377,H,0.0004293804508151019,E,0.0001845936369669743,E,0.00018028218522327325,0.0004512237656338731,0.049134668669481685
613,Y,K,0.0010171341296165213,R,0.0017885596073275907,K,0.00016936283853031677,E,0.0007903943410063139,H,0.0002292450564066989,Q,0.0010168814980329,Q,0.0024432055824853086,H,0.00016855548052519743,H,0.00016855548052519743,Y,0.005147520918540937,C,0.0016425449635113928,H,0.00015300848852362457,R,0.007313229342979384,H,0.0008732185730779232,H,0.0008281767084743938,0.0015833062006375802,0.17240941522966485
614,I,I,2.67400664082518e-05,L,0.0012588521874941523,F,0.000631551936871758,A,0.00010760080153658782,L,4.1209668218777374e-05,I,4.112589303546411e-05,I,2.923141809856507e-05,V,1.4093854139581802e-05,V,1.4093854139581802e-05,L,0.00012734827931552996,I,0.000153588854571636,I,0.0006797348562004487,I,8.065654766792842e-05,V,3.9775591606632814e-05,V,0.00011420156095545076,0.00022398702468402314,0.024390400245545743
615,K,Q,0.0001504306497628529,E,0.0002479401553463868,Q,0.00010794406932627456,R,0.00011542074181894995,G,0.00064989836065335,K,0.0017199849428036602,K,0.0020413150242639313,K,0.0010048102318493928,K,0.0010048102318493928,R,0.0002227187847446922,N,2.424849316272755e-05,H,0.0015857284120893785,N,2.424849316272755e-05,R,0.00022486701414459564,R,0.00022486701414459564,0.0006232821746081939,0.06787045689835593
616,Y,E,0.000262490526668805,Q,0.0006588640559002595,K,0.0005223054900815051,R,0.001039062709666664,N,0.000972461384301404,E,0.00012455563271204827,E,0.0001335049899077764,Y,0.002385437380432756,Y,0.003028488959103208,F,0.00014899480585096035,D,0.0016425449635113928,G,0.0014507596021045416,A,0.0020285169859883974,F,6.829007510436997e-05,F,0.0002727717629234335,0.0009826032882838348,0.10699765987624009
617,L,T,0.0007233784382482965,Q,0.0018223578830723738,E,0.0008754603115577692,Q,0.00010667505669131906,L,0.0010818180378248724,L,3.1934455119833635e-05,L,0.0008509570297682947,L,6.438658663868657e-05,L,8.219269369995099e-05,L,0.000908753367499512,M,0.00027598126800299985,M,0.00013687946585812032,M,0.00027598126800299985,L,0.00013511014233634857,L,9.746443068608647e-05,0.0004979553623338309,0.05422336677256738
618,I,I,0.0007219373483699405,V,0.0015892537069342474,V,0.0005594044934643521,I,0.00023471792800745228,I,6.383255866440129e-05,T,0.0009400146577601372,T,0.0011711741421922667,L,0.0022712938467101336,L,0.0019286019990444768,I,0.00028765336738091965,V,0.0011678131652241555,V,0.0024402448371551905,V,0.0011678131652241555,I,0.001002332713137627,I,0.0006345487328420447,0.0010787091108074335,0.11746281731375105
619,S,D,0.0012195701793569482,K,0.0004999739965744148,T,0.0016425449635113928,A,0.005215982970392355,T,0.0006394849124808894,E,0.0010492905467855004,E,0.0010483163584014993,R,0.0032539280251105813,L,2.1757869667982555e-05,I,8.097904240737365e-05,N,0.0016425449635113928,D,0.005053516792002369,H,0.0026714404496113293,R,0.0006496680481255361,R,0.0010294865702460685,0.0017145657125457086,0.18670252902047715
620,A,E,0.00046189656745777554,D,0.000537460604723932,N,0.00023652514863845752,N,0.0002444215288298823,E,2.9149180389594085e-05,D,9.345818861450382e-05,D,0.0003954328857298427,E,0.00044644753037485877,E,0.0004480647631962853,E,2.322887709697229e-05,N,0.00023141862327044448,D,0.0008265578558975548,N,0.00023141862327044448,E,0.0006939939820915268,E,0.0004771277998094318,0.0003584401439594338,0.03903127240327695
621,T,T,0.0003473242325404886,A,2.886006493761629e-05,G,0.0010911326640065516,A,0.0003483919019609029,T,0.000648651043775477,S,0.00020367448152576516,S,0.00020195313074885168,A,0.0008533570606701644,A,0.000516439882538752,A,0.00047981134975086403,L,8.21942996251406e-05,L,0.00026352123659274893,L,0.0008885972676893692,A,0.0014395121110380913,A,0.0008544900980251669,0.0005498607216950634,0.059875446358406206
622,W,W,0.0005972809816728353,W,0.0005911008775664107,W,0.0009785201796638796,W,0.0001881289739080001,W,9.178624141820287e-05,W,0.0005444251912356292,W,0.0005444251912356292,W,0.0004192126005580336,W,0.0004192126005580336,W,0.0008788055762605085,L,0.000953954744532021,I,0.0004168459997981722,L,0.0006386027400467704,S,0.00017840528182235289,S,0.00045744225062610577,0.0005265432953935056,0.05733636463707301
623,K,K,0.00036449226578283417,K,9.916725802028424e-05,M,3.6369777496723365e-05,K,4.33172309861375e-05,M,0.00025646637981934493,K,9.72643396724837e-05,K,9.918251923512609e-05,K,0.0004963785364523329,K,0.0004485961338669586,K,9.47958047513173e-05,K,0.0002448156867714737,K,0.0001261919679073026,K,0.00026643232284715975,K,0.00010282621684833492,K,0.00010643800975107163,0.0001921822966805923,0.020927119072010305
624,K,D,0.000864162455008453,D,0.0021288151513010247,D,0.0008994570350277183,D,0.00035873351738930796,K,0.00044888265053195914,F,0.0004163979560623341,F,0.0004370530285793726,E,0.0021788560951001208,E,0.002603749740152281,Q,0.00030475157748873085,E,0.0011307391031078827,E,0.0010464293242616071,E,0.0016639423044193418,Q,0.0009306267324807668,Q,0.0009339064393166391,0.0010897668740151693,0.11866691951939272
625,M,F,0.00029864462334911943,M,0.0015576410010688406,I,0.0009130911278863768,I,0.000402208985113574,V,0.0009346325273792149,M,0.0006846624852252006,M,0.0015413359262793672,M,0.0027686298511890354,M,0.0020233255486736077,M,0.0033136265231595292,L,0.00029751255708716686,L,0.0013469559172340452,L,0.0001802354771937354,M,0.0015710364962290386,M,0.0014788418731554625,0.0012874920613482209,0.14019761516786539
626,N,N,0.0,N,0.0,N,0.0,N,0.0,N,0.0,I,0.0,I,0.0,N,0.0,N,0.0,N,0.0,N,0.0,N,0.0,N,0.0,N,0.0,N,0.0,0.0,0.0
627,K,E,5.224914957546899e-05,E,6.192004257468945e-05,K,7.939233037120243e-05,T,5.008187830829635e-05,K,6.150175134125108e-05,E,0.0007580630613870175,E,0.000770369027966605,T,0.0001452526842039012,T,0.0005322061441433347,E,0.0007312376532064726,W,0.00016378804408892346,W,0.00035559679382851997,W,0.00016378804408892346,T,0.00015199552029476694,T,0.0005941023084917827,0.00031143629559141035,0.0339129282652881
628,D,E,0.0003146023468168385,E,0.0006713639636605046,E,0.00021264368945206932,D,0.00034742998059636063,N,0.004778765961168176,Q,0.0033751248266671724,Q,0.0018753314018676419,A,0.00035490195459411786,A,0.0002065034532088672,A,0.000323302223088446,E,6.471351113309145e-05,E,0.00029707683731651654,E,5.5963489295066804e-05,V,0.006030079416995877,V,0.005923518825114173,0.0016554214587316614,0.1802621915733248
629,R,W,0.0001667451603079689,C,8.853130891856198e-05,F,0.0003002011989207416,Y,6.915585457195354e-05,R,0.00012653045529687203,G,0.0022598323710457347,G,0.0022598323710457347,-,,-,,-,,L,7.067215995846954e-05,L,0.0001153114121572076,L,7.067215995846954e-05,-,,-,,0.0005527484452181713,0.06018989641472727
630,A,L,0.0008520912567255249,-,,F,0.00012958572666202603,L,0.0007779501828108869,A,0.0016360637784659446,L,0.0007488606511718865,-,,M,0.0006980232871559048,M,0.0006916435891991606,Q,0.0017010888937824674,L,0.0011387833350491746,L,0.0011709045989080973,L,0.0005128185515638872,S,0.001458289496773554,S,0.0014836663502271771,0.0009999822844996686,0.10889009393204298
631,A,N,7.316043682978793e-05,-,,-,,H,0.00026868847404365253,E,3.2178479659699576e-05,A,2.2013632304610063e-05,-,,-,,-,,-,,-,,K,0.0002861684069430088,-,,-,,-,,0.00013644188595615176,0.014857432984889429
632,-,-,,-,,-,,-,,-,,-,,-,,-,,-,,-,,-,,-,,-,,-,,-,,,
633,S,L,2.2995511772222672e-05,-,,-,,-,,N,0.00016742893310959676,-,,-,,A,0.0008861505086885496,A,0.0008861505086885496,T,3.978411720891244e-05,-,,-,,-,,-,,-,,0.00040050191589356617,0.04361146384051572
634,S,N,0.0011106870950032953,I,0.00012623171064973348,-,,-,,-,,-,,L,0.00025592707081097826,D,0.0003991827044634298,D,6.185688362249813e-06,-,,-,,-,,-,,A,2.3044130774711486e-05,A,0.0007099245381821031,0.0003758832768923572,0.040930690435952884
635,-,-,,-,,-,,-,,-,,-,,-,,-,,-,,-,,-,,-,,-,,-,,-,,,
636,-,-,,-,,-,,-,,-,,-,,-,,-,,-,,-,,-,,-,,-,,-,,-,,,
637,-,-,,-,,-,,-,,-,,-,,-,,-,,-,,-,,-,,-,,-,,-,,-,,,
638,-,-,,-,,-,,-,,-,,-,,-,,-,,-,,-,,-,,-,,-,,-,,-,,,
639,-,-,,-,,C,0.0005492715432217754,-,,-,,-,,-,,P,0.0011399069907102692,P,0.0011399069907102692,-,,K,0.0027087306770748163,-,,K,0.0033089759006910734,-,,-,,0.0017693584204816406,0.19266901783374635
640,-,T,0.0016425449635113928,E,0.0006877950405175575,L,0.0004839046183518654,-,,-,,-,,A,0.00029497779577007525,-,,-,,V,0.0005050714595605743,P,0.0002393772639990857,P,0.0003076849651240644,P,7.262177171823757e-05,A,0.0028241488231862395,A,0.001872070971223601,0.0008930197672962694,0.09724272904766061
641,-,N,0.000547156734316673,P,0.0003227423400208777,D,0.00020652126963540055,A,0.0001136952244026252,-,,L,0.0001532763311425587,L,0.00016491987648423632,D,0.0007927400262210533,D,0.0010220254950502718,D,0.00012231264680067838,D,0.0005350933434135742,D,0.0003960286450737326,D,0.0008031902265341368,D,0.0005312567706877637,D,0.0002033024087715447,0.00042244723846822336,0.04600113441124891
642,P,S,3.7957386148421455e-05,R,4.5121832883044194e-05,V,0.00031176580666014236,T,9.595142683302226e-05,P,0.000732372073085216,K,0.0011759709389179284,K,0.0012273680632085295,C,0.0001407991429467996,C,0.0001407991429467996,S,0.00011029967142092703,S,0.001209969196948283,C,0.0001389535098141911,C,0.003025421135578021,C,0.00010802132554763732,C,0.00010802132554763732,0.00057391946523244,0.06249525161323894
643,F,H,0.00017844309734033656,P,2.854415226139421e-05,Q,2.654850346318107e-05,Q,0.000398926377044756,H,0.0007525561292930868,E,0.001711212926595092,E,0.0016880243551592126,P,0.0008095794742423401,P,0.0004587641244105841,P,0.0010140452862330935,N,0.001643536138753445,N,0.0034225729930820667,N,0.00156988431810534,P,0.000557522276098289,P,0.000557522276098289,0.0009878454952120337,0.10756849439368195
644,-,L,0.0019224936299931821,A,0.0010032434674654331,V,0.001941046481058935,V,0.0020116462100900206,L,0.000994551632231133,Y,0.002587141954402314,Y,0.002551580600593946,L,0.0002111926247812633,L,0.0010715723529881461,F,0.0007712413397032015,V,0.0050772823346136,V,0.0032378997922555513,V,0.005296893277023429,F,0.0008984364163219586,F,0.000540525114012319,0.0020077831485022955,0.21863156880321755
645,S,P,0.0003075640961489107,S,0.00031942088717743606,P,0.0005780730658513324,P,0.00020169846378356666,S,0.00019319540634854163,P,0.0006197526851941743,P,0.0006197526851941743,S,0.0004502182602129867,S,0.0010375651844289787,S,0.002346309530897651,P,7.839398098884345e-05,P,9.639064916705757e-05,P,7.83945337499098e-05,P,0.0009362831109485144,P,0.0003500690107157925,0.000547538770053858,0.05962260434686695
646,H,R,0.00021140157973188444,M,0.00046270352903746105,K,0.0009677688701583377,T,0.00041986490059477756,D,0.00564245266607457,I,1.4892604963415711e-05,I,0.00010565507848873113,E,0.0002765360962816502,E,0.0002972501314346051,S,0.001458335034980801,I,6.88090999766652e-05,I,0.00030054111858779034,I,4.472058111026238e-05,D,0.0025025839845196265,D,0.003771066093770712,0.001102972091314086,0.12010486234534141
647,I,E,0.002429461357756256,Q,0.0001713832751776765,F,0.003829219539644109,F,0.0016449373913598082,V,0.002542470294928887,I,0.003535289058622174,I,0.0036193268073285638,D,0.0010442161263055825,D,0.0010442161263055825,T,0.001415820311495046,S,0.0005049573486399423,S,0.0006384941129762746,S,0.00021964193201784695,D,0.00283778503703007,D,0.002845661006930523,0.0018881919817678894,0.2056090447235358
648,F,L,2.053422838075604e-06,I,0.00015450196984234118,V,0.003300726230944254,V,0.0033367167224095016,Y,0.003211074305140267,V,0.003354607539507691,V,0.003431458465605106,L,0.0014228976647875367,L,0.000514835735850932,F,0.0007549606387393464,C,0.0018428793654403505,S,0.00012551529089522033,C,0.0019796212497433076,F,0.00027302034935074973,F,0.00010759538178842783,0.001587497622192207,0.17286582760203048
649,I,L,0.0008992464900999327,L,0.0017807433061034909,L,0.0019461222609831273,L,0.0018696531476309476,M,0.0008603107969335377,P,7.441140073772006e-05,P,0.00044577599990355696,V,0.001328924819642537,V,0.001334911887966972,K,0.0018959447566793566,R,0.0016425449635113928,K,0.0013264051558771717,K,0.004381118585590037,V,0.00046127425668214664,V,0.0005673208923564358,0.0013876472480465574,0.15110371606226256
650,E,E,0.00020571742368959842,T,0.0009407465438242373,E,0.0017198091842113602,E,0.0007923183812217004,G,0.0002648490964847692,R,0.001171526561345783,R,0.0010876542675648622,D,0.003992145962924117,D,0.0033803986698893117,G,0.0002798329961032799,K,0.0001902618614707336,K,0.0003149031901358238,K,0.0001902618614707336,A,0.002900065533079819,A,0.001898462171374663,0.0012885969136527196,0.1403179247704281
651,I,R,0.001425878444388511,R,0.0005745788281026306,R,0.0009196763847178047,P,0.0003558268867978815,I,0.002060815741409007,T,0.001224510920544592,T,0.0009598956703092414,A,0.0004947766516914541,A,0.00046689254174929457,F,0.0007049014502633708,A,0.001217210407553916,H,0.0004808305258783309,A,0.001714342416626533,A,0.0008488387625523738,A,0.0006231892538795374,0.0009381443257642984,0.10215643350661922
652,A,I,4.61418922728773e-05,V,0.0005903813472628415,V,0.0006082926305775711,A,0.0004641097040086738,A,3.263137032267912e-05,V,0.0001424730405279305,V,0.00015115109551300097,A,0.00043254746878163897,A,0.0004704937659152853,A,0.0006172202328134956,A,0.0004042545299768689,A,5.887058043627548e-06,A,0.00039338220610211997,A,7.520751312567998e-05,A,7.520751312567998e-05,0.000300625424557998,0.03273571064797354
653,L,F,0.0016115456588827004,L,0.00020558891235853002,L,0.0002894205251044236,L,0.00018471044470159622,I,0.0013530088461726918,L,8.940581484147577e-06,L,8.940581484147577e-06,A,0.001412130053842583,A,0.001514934132146071,V,0.00032795631217580833,F,0.00022083707697733996,F,0.0003186156771911312,F,0.0002972853554751834,A,0.0008395877514578293,A,0.001159519803886318,0.0006502014475560333,0.07080175098756988
654,N,N,0.00018239021320460514,N,2.2748592644693286e-05,N,1.352310724361857e-05,N,8.121812197848364e-06,N,9.688344842806338e-06,E,1.4164718835624748e-05,E,8.441093856449759e-06,N,0.0001907183654813262,N,0.0001907183654813262,N,1.679489455944599e-05,D,4.879200920680023e-06,D,4.064585573460208e-06,D,4.879200920680023e-06,N,4.4023491115981435e-05,N,0.00018239021320460514,5.9836413338876765e-05,0.006515708098055811
655,L,L,0.0010757685112002644,L,0.00021907263942659187,F,0.0022080004882234607,L,0.0005063162970094359,M,0.000904922876158912,F,0.0012130644763095138,F,0.0011453446348939269,L,0.00037264522439325756,L,0.00046530490369473275,V,0.0005132511647892798,I,0.000883022922987417,I,0.0018753137382817677,I,0.0017058434063654652,L,0.0018195935051683204,L,0.0018594224976950244,0.0011177924857731579,0.12171868507977684
656,A,T,0.00020168548982570363,G,7.511323873333892e-05,T,0.0013748011137338556,S,0.002169706615357329,A,6.838544799768787e-05,A,9.317417337039706e-05,A,1.7381394506283437e-05,G,1.788738660141286e-05,G,8.606982600152074e-06,A,0.0006050388415625841,C,1.0811010818740237e-05,C,0.0013395445991661262,C,1.0811010818740237e-05,G,0.0005983916350592641,G,0.0014827312424296089,0.0005382713455054149,0.05861345573970637
657,R,R,0.0001588624147658671,R,0.00019673076157061015,R,9.96547073164927e-05,R,0.0014712315259945963,R,0.0016248434843319204,R,0.00010528831024158076,R,0.00010528831024158076,-,,-,,-,,R,0.00018069651038338084,R,0.0001334410545660873,R,0.0006491180210755983,-,,-,,0.0004725155100487715,0.051453169792204434
658,-,-,,-,,-,,-,,-,,-,,-,,-,,-,,-,,-,,-,,-,,-,,-,,,
659,-,-,,-,,-,,-,,-,,-,,-,,R,8.752663174668243e-05,R,5.570619172043301e-05,R,5.392591921796106e-05,-,,-,,-,,R,9.232612388868747e-05,R,9.232612388868747e-05,7.636219809249029e-05,0.008315234231683328
660,-,-,,-,,-,,-,,-,,-,,-,,-,,-,,-,,-,,-,,-,,-,,-,,,
661,-,-,,-,,-,,-,,-,,-,,-,,-,,-,,-,,-,,-,,-,,-,,-,,,
662,-,-,,-,,-,,-,,-,,-,,-,,-,,-,,-,,-,,-,,-,,-,,-,,,
663,-,-,,-,,-,,-,,-,,-,,-,,-,,-,,-,,-,,-,,-,,-,,-,,,
664,-,-,,-,,-,,-,,-,,-,,-,,-,,-,,-,,-,,-,,-,,-,,-,,,
665,-,-,,-,,-,,-,,-,,-,,-,,-,,-,,-,,-,,-,,-,,-,,-,,,
666,M,T,0.0005934463534227644,V,0.000812486075419522,V,0.002041113250636887,L,0.0014507080317844503,M,0.0005906195744527663,T,0.000178718313863556,T,0.00025031701601347506,A,0.0015783623452550427,A,0.0015783623452550427,M,0.00020076614357155862,I,0.0001303043121752636,A,0.00024127378471765502,I,0.0001303043121752636,V,0.0012802165508204709,V,0.0006262093558470789,0.0007788805176940533,0.0848138752537789
667,A,M,0.0006720060902028133,I,0.0006668357333979952,I,0.000945063919137671,V,0.0003883739472768382,A,0.0010403736293312163,V,0.0017717991650666198,V,0.002810299938247394,S,0.002214947823374278,S,0.0006957437161201927,G,0.0006992364968297385,F,0.0015262287891696588,F,0.0032679147873686185,F,0.001871119681693112,A,0.00023270331966500777,A,0.0002766908191705581,0.0012719558570701143,0.13850584645414574
668,Q,V,0.000452572493465562,H,0.0008517862118628018,N,0.0010344361128872442,D,6.646744516009825e-05,L,0.0010919963633262014,D,0.002126140551965118,D,0.0020381549049182587,Q,0.0013888418622929823,Q,0.0009058819898094184,Q,0.0006880670444299781,H,0.0012922602435371832,H,0.0009707312367420942,H,0.00209887082127531,N,0.0010417910534507764,N,0.001427361852849767,0.0011650240125315196,0.12686182157828502
669,C,Y,0.004805793949493795,L,0.0012260564809761963,T,0.0008127384715241486,I,0.002073253223929084,C,0.00018362466650302688,Y,0.0025390201602121984,Y,0.0026162040592567076,F,5.002724342551884e-05,F,0.00024090552568920432,C,0.001344306117931985,H,0.0013748411369801697,H,0.0029681976387672475,H,0.0018443311750250277,F,0.0005016524793390713,F,0.0006590029873853462,0.0015493303544292481,0.16870971660260667
670,L,I,8.788618683344797e-05,L,0.0016101610588521245,L,0.00026310318448888597,-,,M,0.0024536037307728046,M,0.0017948827160112594,M,0.00188573429323852,I,0.005482377741050562,I,0.004789129441202328,M,0.0022715785951134713,G,0.004151201635630152,G,0.003145964526522676,G,0.004277032595510707,V,0.004222552227291317,V,0.0016364026157926555,0.002719400753450779,0.2961210494146728
671,Y,Y,0.0,Y,0.0,Y,0.0,-,,Y,0.0,Y,0.0,Y,0.0,Y,0.0,Y,0.0,Y,0.0,Y,0.0,Y,0.0,Y,0.0,Y,0.0,Y,0.0,0.0,0.0
672,-,-,,-,,-,,-,,-,,-,,-,,-,,-,,-,,-,,-,,-,,-,,-,,,
673,Q,Q,0.0007894890290631705,R,0.00037303651116593915,K,6.92205095509368e-05,L,8.473683638118815e-05,Q,0.0011434848759659128,K,0.00010259951039243261,K,0.00010906875148266323,L,0.00010524668208826159,L,0.00011776096804016671,Q,0.00028252511894683176,K,9.921365625135425e-06,K,0.00010626897403005962,K,9.921365625135425e-06,V,9.50389278978959e-05,V,9.50389278978959e-05,0.00023289055694357508,0.025359923885211688
674,H,Q,1.342211596828669e-05,E,3.2874777139309404e-05,E,5.8547308085531784e-05,Q,4.2079590829925e-05,F,0.001119274468549905,E,3.972043229033668e-05,E,3.5669383052713084e-05,E,6.754707289064547e-05,E,0.00033496241362253017,H,0.0017785771583417945,Y,0.00031475101373986325,Y,2.2410486209399623e-05,Y,7.832987581799143e-05,D,0.0006688925824820949,D,0.0006688925824820949,0.00035173008410016143,0.03830060041069123
675,G,D,1.2760481413115504e-05,G,0.00021464749588604882,K,6.605064387134923e-06,E,3.842437775294184e-06,G,2.4383918736499613e-06,A,2.151981137808026e-05,A,2.151981137808026e-05,G,3.996419239381022e-06,G,3.996419239381022e-06,G,2.278428697689973e-06,R,2.0229991084294013e-06,R,2.9014313659154372e-06,R,2.0229991084294217e-06,G,6.6050643871349164e-06,G,6.6050643871349164e-06,2.0917487974993336e-05,0.002277747581857445
676,D,D,2.59198516956578e-05,D,0.0001710989162515526,D,5.7321606206477515e-05,D,2.475764559729155e-05,D,2.6944005392468564e-05,D,2.3634240974533965e-05,D,2.847906126408841e-05,D,0.00015807250659315313,D,0.00015807250659315313,D,0.0001429906718889086,D,4.702388325094192e-05,D,0.00015033919976633744,D,0.00014953602173798375,D,0.0001621994134032171,D,6.582521862182194e-05,9.281431661583916e-05,0.010106738700469901
677,G,A,4.5453638067901995e-05,S,0.0016236129689309264,E,0.0008960123893436431,D,0.00019889417169604366,G,0.00015177339296470002,K,0.00016222581625674557,K,0.00017109374346238108,G,0.00024146764156939357,G,0.00024146764156939357,G,4.536851370788555e-05,G,0.00012203192177048938,G,0.00015384030858497935,G,0.00012203192177048938,G,0.0003467644198267468,G,0.0002769402819466281,0.00031993191809788984,0.034838033786737
678,H,Y,0.003985319018874105,Y,0.0026157203419490916,Y,0.005865103142335505,F,0.0006362889662494494,H,0.0029310842617450176,Y,0.0041697573447943585,Y,0.004320139652776542,H,0.0017138818236357523,H,0.0016846695106084509,H,0.00016247442683224911,Y,0.006177290839122973,Y,0.006897045426724525,Y,0.007515504223296528,F,0.0006871821113213778,F,0.00031812816517792406,0.00331197261702959,0.36064739841781246
679,G,T,0.002784144673486043,T,0.0015856276498006413,T,0.002841478067920506,T,0.0028047582653654888,A,0.0014188758617584255,T,0.0013767640366238595,T,0.0013289868916874937,G,2.478183699644857e-05,G,0.00019862141257586196,A,0.0014572820717896134,G,0.00045988927958731234,S,0.00010775418669680401,G,0.00019819726461810353,-,,-,,0.0012759354999158925,0.1389391978144747
680,L,N,0.00038825505934750163,D,0.0009541656359049355,N,0.0008436412373184305,D,0.0025461815339428073,V,0.00037694987206139094,V,0.0012522612493896302,V,0.00020387146614725776,-,,-,,H,0.0014024852995749044,D,0.0022189932700287097,V,0.00015976164850150818,D,0.00233640614976286,G,0.0015012424569413594,G,0.0014163080835208055,0.0012000402278801619,0.1306748081057074
681,-,-,,-,,-,,-,,-,,-,,-,,-,,-,,-,,-,,-,,-,,-,,-,,,
682,-,-,,-,,-,,-,,-,,-,,-,,-,,-,,-,,-,,-,,-,,-,,-,,,
683,-,-,,-,,-,,-,,-,,-,,-,,-,,-,,-,,-,,-,,-,,-,,-,,,
684,G,C,0.0002479960151592381,P,1.787110640668476e-05,S,0.00029513996105395444,S,0.00020702409304455097,-,,S,0.0019248059908380532,S,0.0019020138832348853,V,0.0018008321914762596,V,0.0017939297246252106,-,,A,0.0005640182216785008,A,0.000139532053650715,A,0.0001929201720871153,D,0.0003896903613374739,D,0.00013783299711934944,0.0007395082132086148,0.08052654536784448
685,-,-,,-,,-,,-,,-,,-,,-,,-,,-,,-,,-,,-,,-,,-,,-,,,
686,-,-,,-,,-,,-,,-,,-,,-,,Q,0.0003568483514789867,Q,0.0003568483514789867,Q,0.00010765465767843382,-,,-,,-,,Q,7.969394670580558e-05,Q,0.0008885771959869249,0.00035792450066582756,0.038975122961885295
687,N,H,0.0016918625087862143,-,,K,9.917502430594723e-05,Q,0.0013314158389557313,E,0.0014163651247459741,H,0.0006522648571604028,H,0.0009739271958054043,H,0.0015319825827516537,H,0.0015569074880513786,N,0.0009083741304561648,T,0.001573031927810714,T,0.0018123285641194777,T,0.0016853937887480143,H,0.002287413144545875,H,0.0016794440674498484,0.0013714204459780571,0.1493367467580616
688,R,-,,N,0.0007764812491717244,G,0.0016425449635113928,N,0.0015503143791759202,A,0.0007090500022889382,-,,T,6.413701419398717e-05,S,0.0006152372476116084,S,0.00042386639747764375,S,0.0003314062757816092,I,0.0029088521231169103,N,0.0002337183715636041,I,0.0037697371260335083,S,0.0003814572789222318,S,0.0003708726382680301,0.0010598211590090085,0.1154060700319295
689,E,V,0.0004977836713311814,R,0.0021885031916800157,K,0.0008433186550873171,F,0.0008339050920176661,H,0.005628096952047202,T,0.0016425449635113928,-,,E,0.0012439038728843336,E,0.001189086509096317,E,0.0007435092876623876,E,0.0003359018253869408,E,0.001168474091107306,E,0.00035318967778462786,K,0.0014995776703071008,K,0.0024025221403113266,0.0014693084000153653,0.159995964101368
690,T,I,0.0012989430694785636,S,0.0009092165455678975,F,0.0008143442048006463,L,0.0008172308897872689,S,0.00017567227883425295,I,0.0010819480909535634,I,0.0015393410016583333,I,0.0015734169687914546,I,0.0014390096527401944,P,0.0012050742308869235,V,0.0006225990859565072,I,0.0004743488379244864,T,0.0015533263075559038,M,0.0015286504405971864,M,0.0015597958150472423,0.0011061944947053615,0.12045575636956753
691,K,K,0.00019778189977133864,K,0.0004709819789073086,K,0.0013336160187937915,K,0.0013191672960130671,K,0.0008187173177144711,K,0.0003181891700583908,K,0.00029975317471961073,H,0.00048094399412369033,H,0.0004303882317992939,R,0.0023106088629885426,K,0.0003714725574275543,K,0.0002077636330167374,K,0.0006615503073488519,L,0.001401299248863365,L,0.002171224590380754,0.0008528972187951179,0.09287370357310504
692,D,D,0.004176553882915167,E,0.0005882709439223455,N,0.0008671446936605059,D,0.0005467894470549035,D,0.0025424814699004463,D,0.005377489106039568,D,0.0050744403362144395,N,0.0020757775284157174,N,0.002421747691182975,D,0.0032931484439356535,N,0.0011174562243048626,D,0.007834021996897908,N,0.002620793554495538,Q,0.001093989747579237,Q,0.0010445966198977003,0.0027116467790944646,0.2952767034606561
693,R,T,0.004391115929942657,W,0.002952646807802603,M,0.0006999751892006321,T,0.003301981293009598,R,0.001194372541414028,M,0.0028571621342551455,M,0.0031235879564064507,Q,0.003314783402052334,Q,0.0033667192536064694,R,0.0038245647414326843,L,0.00295395911607113,L,0.00042137484998105957,L,0.00280610233856533,Q,0.0027361802322813933,Q,0.0022262366254690675,0.0026780508274327056,0.2916183723193042
694,I,I,0.00035245230365758606,V,0.0002926094129193853,I,0.0006733595703772587,I,0.0013100410213112053,V,0.0002819108008509739,L,0.001272573162241155,L,0.0017896295593186186,M,0.0016476938217919882,M,0.0015888558679090377,I,0.0016103795528391728,V,0.0004524814234805133,V,0.00019680374834393815,V,0.000513247329859605,I,0.0015591604177619994,I,0.001534518963962426,0.0010050477971083242,0.10944168784757564
695,L,N,0.000903223062800162,K,0.00102592826757088,I,0.00027488154751793435,T,0.00022839407260284554,L,0.0002069316343635787,T,0.000990592020794073,T,0.0008634034933141308,G,6.285267939693072e-05,G,6.285267939693072e-05,L,0.0002072189788255448,K,0.00066677762372817,M,5.7973536340223226e-05,K,0.0006868282004855876,A,0.0008024318444771884,A,0.0008256426287890078,0.0005243954846935458,0.05710248518491463
696,S,S,0.00034407297974089134,M,0.0028425964641718986,T,0.0011049300862545236,L,0.000560376059518246,S,0.0011958096850190304,S,0.0005897453304227811,S,0.0004491100830726986,G,0.00016372568198034,G,0.0001632931392814844,S,0.00139768541190306,R,0.00015515133958215612,I,0.0007181383309127753,R,0.0001768751275133894,A,0.003923433177953839,A,0.00356279265139341,0.001156515703248035,0.12593533456802256
697,L,L,0.0,V,0.0,L,0.0,L,0.0,L,0.0,L,0.0,L,0.0,L,0.0,L,0.0,L,0.0,T,0.0,T,0.0,T,0.0,L,0.0,L,0.0,0.0,0.0
698,L,F,0.0011084181549968484,F,0.0020131803809730095,L,0.0019479465598636102,F,0.00050375417342879,L,0.0006916220073667283,Y,0.006061749033857063,Y,0.004604937201545754,I,0.0013930734310463936,I,0.00027014835277411727,L,0.002703633783618445,V,0.004948081715389023,V,0.005304572527637465,V,0.005596284437694997,M,0.001132236403354814,M,0.0006631425802267197,0.0025961853829182518,0.2827038784516178
699,I,V,0.0021636751697936014,V,0.002077965248457024,V,0.002232737073530407,V,0.0026274716182551625,I,0.0005294976214564683,V,0.0020147836089739204,V,0.0020147836089739204,F,0.0002024406517360119,F,0.00020984682232393054,F,0.00036823360084628227,L,0.000333484234148192,L,0.0006298847591526333,L,0.000333484234148192,F,0.000250102461466301,F,7.059371760781646e-05,0.001070598962057991,0.11657968680952269
700,Q,E,0.0003917514056952434,D,0.00040561311035016307,E,0.00032307619995752417,D,0.00037332958957701643,N,0.00018021427909621767,K,0.001062484912775778,K,0.000485971933313821,E,0.0005204863502844857,E,0.0005204863502844857,E,0.00013811600484608447,E,0.0009804987363232248,E,0.00010397038729123152,E,0.0009496803104573241,E,0.0012192271537583594,E,0.001057627047711238,0.0005808355847814798,0.06324836186230398
701,P,P,0.0007225848887709755,P,0.0007272601121705437,S,8.437237898340687e-05,S,9.233748596710971e-05,P,1.9549609893185663e-05,P,0.000724167636469761,P,0.0007245827989928238,P,6.560664699243776e-05,P,6.560664699243776e-05,P,0.00027876288883659666,P,0.0001607494553323834,P,5.933368452017345e-05,P,6.2922566176101e-05,P,2.526182030524619e-05,P,2.526182030524619e-05,0.0002558906960472286,0.02786445556169032
702,I,V,0.0009831176825683009,I,5.67371511874321e-05,V,0.0013855922074484245,V,0.0007689604568952416,I,0.00025378115959395216,V,0.0007618995367753283,V,0.00042058807379130917,Y,0.0005485914359419405,Y,0.0005485914359419405,I,0.0007120320258361147,V,0.0006567933316971347,V,0.0002745497715415415,V,0.0007311329656237261,Y,0.00023114242921085326,Y,0.0005256617872051578,0.0005906114300838932,0.064312873433904
703,P,S,0.0016425449635113928,-,,E,0.0003094388154706238,N,0.000351337949692967,P,0.0009738322515476673,L,0.00045784044704856656,L,0.0004520065024851854,V,6.673476857568765e-05,V,2.434763701740096e-05,S,0.00010741565638292311,P,0.00015734530493094026,P,0.00023696769463017763,P,0.00011651953619306568,D,0.0015712313304608971,D,0.0016860841731256631,0.0005824033593623684,0.06341908000803859
704,-,-,,-,,-,,-,,-,,-,,-,,-,,-,,S,0.003856548559753536,-,,-,,-,,-,,-,,0.003856548559753536,0.4199473745028998
705,L,I,1.7941448146953632e-05,-,,I,0.0008431899814827056,S,0.001697151789253967,C,0.0003134153019847276,M,0.0006897367790648313,M,0.0006215179266564768,-,,-,,F,0.00025879590368968345,L,0.0005693539745372159,L,0.0001100149922103282,L,0.0005693539745372159,-,,-,,0.0005690472071564103,0.061964701574719526
706,N,T,2.5000762452517442e-06,-,,-,,T,1.4774386525889222e-06,P,1.4724243276993506e-06,-,,-,,-,,-,,A,1.9217935851426958e-05,-,,-,,-,,-,,-,,6.166968769241744e-06,0.0006715337051142845
707,K,-,,-,,-,,S,1.3425354417341556e-06,-,,-,,-,,-,,-,,-,,-,,-,,-,,-,,-,,1.3425354417341556e-06,0.00014619140021132791
708,D,-,,-,,-,,C,0.0011546875770599265,-,,-,,-,,-,,-,,-,,-,,-,,-,,-,,-,,0.0011546875770599265,0.1257362662090842
709,-,-,,-,,-,,G,0.001186542788417968,-,,-,,-,,-,,-,,-,,-,,-,,-,,-,,-,,0.001186542788417968,0.12920504461723148
710,-,-,,-,,-,,-,,-,,-,,-,,-,,-,,-,,-,,-,,-,,-,,-,,,
711,-,-,,-,,-,,-,,-,,-,,-,,-,,-,,-,,-,,-,,-,,-,,-,,,
712,-,-,,-,,-,,-,,-,,-,,-,,-,,-,,-,,-,,-,,-,,-,,-,,,
713,-,-,,-,,-,,-,,-,,-,,-,,-,,-,,-,,-,,-,,-,,-,,-,,,
714,-,-,,-,,-,,-,,-,,-,,-,,-,,-,,-,,-,,-,,-,,-,,-,,,
