MSA_Column,Q93X23_Residue,A0A1C9J6A7_AA,A0A1C9J6A7_SHAP,A7IZZ1_AA,A7IZZ1_SHAP,B3TPQ7_AA,B3TPQ7_SHAP,E2E2P1_AA,E2E2P1_SHAP,F6M8I0_AA,F6M8I0_SHAP,Q20HU7_AA,Q20HU7_SHAP,Q2XSC6_AA,Q2XSC6_SHAP,Q5SBP0_AA,Q5SBP0_SHAP,Q6PWU2_AA,Q6PWU2_SHAP,Q84KL4_AA,Q84KL4_SHAP,Q8L5K3_AA,Q8L5K3_SHAP,Q9M7D0_AA,Q9M7D0_SHAP,Q9M7D1_AA,Q9M7D1_SHAP,Mean_Abs_SHAP,Scaled_Attention_Weight
1,-,-,,-,,-,,-,,-,,-,,-,,-,,-,,-,,-,,-,,-,,,
2,-,-,,-,,-,,-,,-,,-,,-,,-,,-,,-,,-,,-,,-,,,
3,-,-,,-,,-,,-,,-,,-,,-,,-,,-,,-,,-,,-,,-,,,
4,-,-,,-,,-,,-,,-,,-,,-,,-,,-,,-,,-,,-,,-,,,
5,-,-,,-,,-,,-,,-,,-,,-,,-,,-,,-,,-,,-,,-,,,
6,-,-,,-,,-,,-,,-,,-,,-,,-,,-,,-,,-,,-,,-,,,
7,T,-,,-,,-,,K,0.0,-,,-,,K,0.0,-,,C,0.0,-,,-,,-,,-,,0.0,0.0
8,S,-,,-,,E,0.0001878336097804366,P,0.0005247898692610965,-,,-,,S,0.0019195806895434212,-,,E,0.0010749066335905822,-,,-,,-,,-,,0.0009267777005438841,0.11727342808131058
9,P,-,,-,,L,0.0016240944311947429,A,0.002702609674169212,-,,-,,V,0.0019638418085562376,-,,E,0.001568501799561379,-,,-,,-,,-,,0.001964761928370393,0.24861880747499918
10,D,-,,-,,M,5.6188241550213965e-05,E,0.000513575238485728,S,0.0014554124708958678,-,,D,0.00011600338492185572,-,,I,5.21507404415094e-05,-,,-,,-,,-,,0.0004386660152590349,0.05550831376500042
11,I,-,,-,,T,0.00025508676751689495,I,1.4425358552721329e-05,E,0.00036062053111845203,-,,E,0.0012586950238605654,-,,I,1.8852555957072183e-05,-,,-,,-,,-,,0.0003815360474011412,0.04827915064105122
12,L,-,,-,,A,0.000167619883020055,T,0.004112580409933658,N,0.0006480593783562478,-,,T,0.003380406121511436,-,,V,0.0026149419155639337,-,,-,,-,,-,,0.002184721541677066,0.27645225434880166
13,R,-,,-,,R,0.0,R,0.0,R,0.0,-,,R,0.0,-,,R,0.0,-,,-,,-,,-,,0.0,0.0
14,R,-,,-,,R,2.9555423375927626e-05,R,0.0009651897737342779,R,8.745522063480861e-05,-,,R,0.000907384405226239,-,,R,4.398204315331972e-05,-,,-,,-,,-,,0.0004067133732249146,0.051465061682654016
15,S,-,,-,,S,0.0005410911899701725,S,0.0005725441187702522,A,0.001550694097587678,-,,S,0.0006707775640500669,-,,T,0.00020679751375532227,-,,-,,-,,-,,0.0007083808968266984,0.08963773740933512
16,A,-,,-,,A,0.0006427241710413954,A,0.0004858155996242648,S,0.002539379730044537,-,,G,0.0001350004149441111,-,,A,0.001144368002384846,-,,-,,-,,-,,0.000989457583607831,0.12520487135441796
17,N,-,,-,,N,0.00011598856012748033,N,0.00034779862249476414,N,5.396774016576774e-05,-,,N,0.00027511647947635716,-,,N,0.0003088381732135741,-,,-,,-,,-,,0.00022034191509558875,0.02788182292053023
18,Y,-,,-,,Y,0.00045302279166520786,Y,0.0004381363772163661,Y,0.0003333964205078298,-,,Y,0.00042009898349257545,-,,Y,0.00018127600433382924,-,,-,,-,,-,,0.0003651861154431617,0.04621024828347055
19,Q,-,,-,,H,9.306098504157746e-05,E,5.117386579548079e-05,K,0.0004032594129374815,-,,N,0.00027316447480037355,-,,H,3.6265745732647487e-06,-,,-,,-,,-,,0.00016485706262963563,0.02086083088387519
20,P,P,0.0,-,,P,0.0,P,0.0,P,0.0,-,,P,0.0,-,,P,0.0,-,,P,0.0,-,,-,,0.0,0.0
21,S,S,0.00022803530147410438,P,0.0006290934478669565,N,0.00024065657429867617,S,7.015338575438681e-06,S,0.0002557958762353117,-,,T,5.832647360484303e-05,-,,T,0.0002605624187132702,-,,S,8.003656322832424e-06,-,,-,,0.00021093613588642912,0.02669162599306128
22,I,I,0.0001539259469540418,I,1.6045058155670773e-05,I,0.00020338861830917365,L,7.295646108518613e-05,S,0.0026721108581048915,-,,A,0.00019578279554095435,-,,I,0.00024763097925467744,-,,I,0.0001562381408763985,-,,-,,0.0004647598572851243,0.05881019975601621
23,W,W,0.00021853102437004596,W,0.00021853102437004596,W,0.00021853102437004596,W,0.00021853102437004596,W,2.8082663470241223e-05,-,,W,1.777359857654618e-05,-,,W,0.00021853102437004596,-,,W,0.00021853102437004596,-,,-,,0.00016963030103338291,0.021464831207068442
24,N,D,0.0001256395273393199,S,0.0002758004029403673,D,0.0009764967432733611,D,0.0007587970138318479,D,0.0010565904614707473,-,,D,0.00011286269207859493,-,,D,0.000996019544125802,-,,D,0.0001256395273393199,-,,-,,0.0005534807390499201,0.0700368422840445
25,H,H,0.00019193082971135533,F,0.0003598799233139969,Y,0.0019859584121494976,F,0.0002675967540396384,Y,0.0004894365300850522,-,,F,0.001467433922808676,-,,Y,0.002829302934512127,-,,H,0.0003131880650509513,-,,-,,0.0009880909214589118,0.12503193543338895
26,D,D,0.0054088738623873,D,0.005396006109485095,D,0.00547474637402815,D,0.0037077306755131877,E,0.0035521419230680187,-,,N,0.0008281689123754537,-,,D,0.004332449025515305,-,,D,0.00540924588239332,-,,-,,0.004263670345595729,0.5395201431186798
27,Y,F,0.001298013754823015,F,0.0013996553719890165,S,0.005655019999108453,Y,0.004418772320993786,F,9.616108865856334e-05,-,,Y,0.0025278833463054395,-,,Y,0.004490353372378168,-,,F,0.0012840716783223964,-,,-,,0.0026462413665723546,0.3348524639796481
28,I,L,3.9210859780481794e-05,V,6.134284457064128e-05,V,1.8865553701177088e-05,L,0.0006442918576895627,L,0.0006797632005162003,-,,I,0.0006442918576895627,-,,V,4.103307801194187e-05,-,,L,3.9210859780481794e-05,-,,-,,0.00027100126396750615,0.03429220105445633
29,E,Q,0.0024205337705723497,Q,0.0014142833790124615,Q,0.0018550318270243956,Q,0.0007617634235402146,Q,0.002076148008229136,-,,Q,0.0005666014084157205,-,,Q,0.0006826545564792907,-,,Q,0.0025337413203576657,-,,-,,0.0015388447117039047,0.1947237126232168
30,S,S,0.0019106606304057732,S,0.0013672613854008144,S,0.0026267664521865746,S,0.0033828365841558667,S,0.002120934111478325,-,,S,0.0006636299061305053,-,,S,0.0024431507634923282,-,,S,0.0016558867938957424,-,,-,,0.0020213908283932412,0.25578456602773075
31,L,L,0.0028647326528041524,-,,-,,L,0.002044723818200418,L,0.0028797010697854293,-,,L,0.0030566420904841614,L,0.002605047890588971,-,,-,,L,0.002712531808433519,-,,-,,0.002693896555049442,0.34088269897050866
32,R,N,0.0003181671344291693,-,,-,,N,3.113273686550185e-05,A,0.0018489525204304783,-,,D,5.539676650750555e-05,N,3.870644538276343e-05,-,,-,,N,0.0003220108093237195,-,,-,,0.00043572773548985626,0.05513650708364488
33,I,S,0.0014833071432026532,L,0.0012896086022946174,L,5.519489527770144e-05,G,0.001638491077387996,T,0.0050587768584391905,-,,N,0.0024540666060085398,N,0.0014642506713528395,L,0.0014770092767633705,-,,S,0.0012847859713009339,-,,-,,0.0018006101224475382,0.2278472189969706
34,E,N,0.007902708360339824,P,0.007902708360339824,T,0.007902708360339824,H,0.0013062097783265074,S,0.007902708360339824,-,,Q,0.007902708360339824,Y,0.007902708360339824,R,0.007902708360339824,-,,N,0.007902708360339824,-,,-,,0.007169764073449454,0.9072540383030341
35,Y,-,,I,0.00042859857822590236,S,0.0003002319627290402,Q,0.00013475114784870063,H,0.0008286865666806398,-,,-,,-,,S,0.0013062097783265074,-,,-,,-,,-,,0.000599695606762158,0.07588482067385448
36,-,Y,0.00047883345926162603,Q,0.001714254178434298,D,0.00017098725729316875,H,0.00027709172628188287,N,0.0013400714624290187,-,,-,,H,7.918621728647802e-05,D,0.0009374569766841654,-,,Y,0.0004794703420706092,-,,-,,0.0006846689524676559,0.08663725412210638
37,V,T,0.0017674458938488442,-,,-,,-,,-,,-,,-,,-,,-,,-,,T,0.00043907525612596623,-,,-,,0.0011032605749874051,0.13960537636997702
38,-,-,,-,,-,,-,,-,,-,,-,,-,,-,,-,,-,,-,,-,,,
39,-,-,,Y,0.002631955834466698,Y,0.002783664112754418,Y,0.0014358988184965892,T,0.0015990783184852346,-,,Y,0.005874375277109968,H,0.004344937145948797,Y,0.0030864654661974904,-,,-,,-,,-,,0.003108053567637028,0.39328967056850606
40,-,-,,K,0.00278719357039721,K,0.002744533170948387,K,0.0017681817985615161,A,0.007902708360339824,-,,K,0.0016258661819677793,K,0.0023230358003736257,V,0.0007830996854835549,-,,-,,-,,-,,0.0028478026525816996,0.36035780680880924
41,G,D,0.006309213720888812,G,0.0006870861496384867,A,0.006622559279786052,K,0.00016016625931748832,Q,0.0016656953696149938,-,,K,0.00021552727016319647,E,0.0006113484000355968,G,0.00044778113612899215,-,,D,0.006136043709250204,-,,-,,0.002539491254980425,0.32134442259377827
42,E,E,0.0006386099524103535,E,0.0013888746258526646,Y,0.0020449004130287576,E,0.0013005895644532786,E,0.00095660785187151,-,,E,0.0012714667095273986,E,0.0010611684916723085,E,0.0010482004616721686,-,,E,0.0006793044870915447,-,,-,,0.001154413617508887,0.14607822595382303
43,T,T,0.002880928862873451,S,0.00015960762589467756,T,0.0077950306889138996,E,0.004009947243831595,K,0.00041643015945438,-,,R,3.135287886384163e-05,R,0.0018924048723395475,T,0.007902708360339824,-,,A,0.0008036946712288786,-,,-,,0.0028769005959711214,0.36403982847310995
44,C,Y,0.0007978628228973542,Y,0.0010753865729731952,Y,0.0016057277916061612,Q,0.0009336539657881832,H,9.483900391624506e-05,-,,Y,0.002588126356864688,Y,0.0023218295141321705,Y,0.0022364011449370405,-,,Y,0.0007978628228973542,-,,-,,0.0013835211106680437,0.17506923545493852
45,T,K,0.0027550758393668864,T,0.0010326901912583826,L,0.0013207379412740973,L,0.0007763452930543729,M,0.0018642756621214949,-,,S,1.9450647685682104e-05,L,0.0011897553181411434,T,0.001207350263483373,-,,K,0.0024066882536489765,-,,-,,0.0013969299344482678,0.1767659732274618
46,R,R,0.002408326633731774,S,0.0015863803839396642,E,0.0003531942986194183,K,0.00015963909794279314,K,0.0003161161599655037,-,,T,0.0028341574803298817,R,0.002509956689571657,R,0.0026215736103541052,-,,R,0.0024032606128379336,-,,-,,0.0016880672185880811,0.21360616406645339
47,Q,R,1.5515813474076392e-05,R,0.00038217204900884555,R,8.01673171812855e-05,R,0.00014112152658615274,M,0.0001297278329628534,-,,R,0.0003419173246410684,R,1.6646966698716e-05,R,7.35486086759271e-05,-,,R,1.5515813474076392e-05,-,,-,,0.00013292591696700015,0.016820298928668074
48,I,A,0.001164383859923381,L,9.027739668891841e-05,V,0.0006676331572429865,E,0.0007305340615053009,A,0.0006812009435738255,-,,H,0.00021215656006611633,Q,0.00017992485091914594,L,0.0010066716088226353,-,,A,0.0011529889566807695,-,,-,,0.0006539745994914533,0.08275322454937864
49,N,E,0.0009892489901271793,N,0.0013062097783265074,E,0.0007678912533287073,E,0.00013783749174951023,E,0.001620558615475418,-,,A,0.0029336274922224224,A,0.0031831452660547204,D,0.0006875692840885905,-,,E,0.0009889283167859282,-,,-,,0.0014016684986843313,0.17736558591971857
50,V,E,0.0030089084040746585,K,0.0010722578213168312,K,0.0018263206411087921,E,0.001685282412573986,K,0.000480863918395344,-,,E,0.0020627468129279197,D,0.0041889020585068265,K,0.001902665380743166,-,,E,0.003469881356817078,-,,-,,0.0021886476451627337,0.2769490591537684
51,L,L,9.238929348770286e-05,L,4.1541574694167825e-05,L,9.896547706598067e-05,L,4.182945322111828e-05,L,8.391704388136166e-05,-,,L,7.91261027751258e-05,L,8.1762580124837e-05,L,5.733786307921565e-05,L,0.0004563598068693803,L,6.31818785989316e-05,-,,-,,0.00010964110737978214,0.01387386480437796
52,K,K,5.319363819017974e-06,E,0.0006885946547273831,K,2.877683825074382e-05,I,4.3171800729060095e-05,K,1.952912997514806e-05,-,,T,5.516960477817017e-05,I,4.692701683315052e-05,K,5.413047319332376e-06,I,0.00016805092687208445,R,1.4948400850117195e-05,I,8.575742481897913e-05,-,,0.00010560529172483518,0.013363177142512452
53,E,G,0.0010754578119653252,K,0.000643426212002937,E,0.0013062097783265074,V,0.007902708360339824,E,0.00016888203390276086,-,,V,0.007902708360339824,E,0.000563252784799026,R,0.007902708360339824,D,0.00014209452154472773,G,0.0015180914589045897,V,0.007902708360339824,-,,0.0033662043675277424,0.4259557880714951
54,Q,K,0.0016640766699129751,D,0.0035534026851111768,D,0.006516840177570153,Q,0.0005741062760111315,E,0.0017461965151706813,-,,Q,5.8712201172000746e-05,K,0.000933271058101231,D,0.003915261400560629,E,0.0008554199468966291,K,0.0018849520964312866,E,0.00019163035702464637,-,,0.001990351762178413,0.2518569168219724
55,V,V,0.0006752160624038218,V,8.478750228987134e-05,V,0.00043746459604100717,V,5.0469435439511536e-05,V,0.000736915318885346,-,,V,0.00043769428816577464,V,2.1083645509779565e-05,V,0.0005189260369325138,V,0.00013765009106338135,V,0.0006752160624038218,V,0.00026111963401790787,-,,0.000366958424832067,0.04643451435885804
56,R,K,0.00036552592778349696,K,0.0004466813837628647,R,0.0015633451539903212,K,0.0004336832758756527,K,0.0004437900225742244,K,0.00010768834133983283,K,0.0001614936590871499,K,0.0003670156967556094,K,0.00014892114597597934,R,0.0019200713616933248,K,0.0003662627083339911,K,0.00022535543632200096,K,0.00010281357723515614,0.0005117421300561235,0.06475528473558881
57,M,T,0.001293747782352318,R,0.0003020485854944633,R,0.0007474924400605431,M,0.0020441287005077834,S,0.0003101053857157683,K,6.7141830466714e-05,K,0.000156219838559124,M,0.00013357764496125268,P,0.0006693831922396117,D,0.001850162450725093,I,0.000479604307909568,G,0.0012179714845479367,E,0.0004626649870765778,0.0007487883562012887,0.09475085275310478
58,M,A,0.004031338225039831,M,2.6268525271009577e-05,T,0.0002407313969985945,L,0.00023598694763747775,M,0.00016956631090597228,M,0.0007481047639574303,L,0.0003764889819745156,I,0.002507416259904809,M,0.00047414432574736855,I,0.0037076140345077813,A,0.004000166884743047,I,0.0023841233454198244,M,0.0007481047639574303,0.0015115426743126995,0.19126894292322105
59,L,I,8.053309008782221e-06,L,1.217218382155023e-05,L,0.0001916325314357084,L,7.410829689789904e-06,I,5.808712182147031e-06,F,2.320272281650372e-05,L,5.642449107085679e-06,L,4.093160640900949e-06,L,7.962669567313558e-06,F,2.320272281650372e-05,I,1.897794571240401e-05,F,0.0001916325314357084,F,2.320272281650372e-05,4.023034546545396e-05,0.005090703545046931
60,H,K,0.0011786563553994034,I,0.0013559390568709973,Q,0.0016156575616542701,G,0.000484339215243931,-,,R,0.0048971963567677685,E,0.0006347529662045289,K,0.0008759813259657103,G,0.00027268420350240507,S,0.004298690598549506,K,0.0011786563553994034,T,0.003650817876597569,N,0.0006390111297497273,0.0017568652501587683,0.22231179110388194
61,K,D,0.0014051729050691699,-,,-,,-,,-,,S,0.0016041093994427764,-,,-,,-,,S,0.00021135712277196763,D,0.0007515548840962028,S,0.0015549343071538182,S,0.0016027461276953933,0.001188312457704888,0.15036774780510684
62,V,-,,-,,-,,-,,-,,M,0.0012700243928580085,-,,-,,-,,M,0.0010416793264135555,-,,I,0.0011020793178873624,M,0.0021506677884989833,0.0013911127064144776,0.17602986760790176
63,-,-,,-,,-,,-,,-,,S,0.0011009221946480245,-,,-,,-,,S,0.0012302403382594396,-,,S,0.0009495163813492477,P,0.0009840463931645189,0.0010661813268553078,0.1349134092061397
64,-,-,,-,,-,,-,,-,,K,0.0006843873389371034,-,,-,,-,,L,0.00041709147546504697,-,,A,0.0018110341260893603,S,0.00017229903825522036,0.0007712029946866828,0.09758717638588403
65,-,-,,-,,-,,-,,-,,E,0.0001959533173014275,-,,-,,-,,-,,-,,E,3.1897896818964655e-05,E,0.0001959533173014275,0.00014126817714060655,0.017875919330336
66,-,-,,-,,-,,-,,-,,D,1.0842021724855044e-19,-,,-,,-,,-,,-,,-,,D,1.0842021724855044e-19,1.0842021724855044e-19,1.3719374713694771e-17
67,-,-,,-,,-,,-,,-,,-,,-,,-,,-,,-,,-,,-,,-,,,
68,-,-,,-,,-,,-,,-,,-,,-,,-,,-,,-,,-,,D,0.0011739063696024298,-,,0.0011739063696024298,0.14854481730513344
69,-,-,,-,,-,,-,,-,,E,9.439595157935552e-05,-,,-,,-,,-,,-,,G,2.144357453564115e-05,G,0.0003936831556699283,0.00016984089392830832,0.021491479399728855
70,-,-,,-,,-,,-,,-,,E,0.002384043987309799,-,,-,,-,,E,0.004418828382836753,-,,E,0.0013443304316765438,E,0.0020527180116509964,0.0025499802033685233,0.32267168255452006
71,-,-,,-,,-,,-,,-,,L,0.0005353856876992462,-,,-,,-,,D,0.002113555182457154,-,,L,5.588667463925593e-05,S,0.0011942775396525304,0.0009747762711120468,0.1233471142632588
72,-,-,,G,0.0012655001008873624,E,0.001027996773281078,-,,-,,I,0.0011757282873779485,-,,E,0.0027599347853927703,K,0.001093626736700006,G,0.0013841546807625536,-,,I,0.0013364688902640814,M,0.0005696251120790553,0.001326629420843107,0.16787022377048225
73,-,-,,-,,-,,-,,K,0.0016210862467419438,T,0.0009549507050695937,-,,-,,-,,E,0.0013628000520568893,-,,T,0.0008016730850022714,S,6.847860373373777e-05,0.0009617977385208874,0.1217048250632305
74,-,-,,-,,-,,-,,-,,-,,-,,-,,-,,-,,-,,-,,-,,,
75,-,-,,-,,A,0.003845730456118776,T,0.002740872192361407,G,0.0030079925827629864,P,0.004307064324146798,E,0.00307346401413127,E,0.005791405952714812,-,,-,,-,,P,0.002675156214768862,P,0.004519289338782517,0.003745121884473429,0.4739035927566971
76,-,V,0.005893121698837277,V,0.004949668729396273,-,,K,0.0022690004525870054,Q,0.002017873232065006,L,0.0018608819070387525,E,0.00030534688830125944,K,0.0007615093695805004,V,0.006207160753410193,F,0.00044571112681421993,V,0.005793164269414695,L,0.0021754102104326613,L,0.0018487307976374856,0.002877298286292944,0.3640901517678197
77,V,T,0.0007121247579491785,E,0.00017431517543335708,V,0.00038075783660347276,M,0.0009948293422380571,M,0.0005153344783761684,N,0.001680574268849093,M,0.00028345383889745153,M,0.0006971591381737755,K,0.001297746881538604,S,0.0006587274016530073,I,0.0010400351236902214,N,0.0010878574931510428,N,0.0011865925785610396,0.0008238083319318822,0.10424379774232967
78,N,E,0.0001961994628528761,N,0.00041893613862660766,G,0.0006241780329845396,E,0.0013903509457778816,E,0.000287439753564853,D,1.262701747659505e-05,E,0.00040709347478278186,E,0.00030325781313723764,K,0.001118937977518389,D,0.0001356728109155624,E,0.00034158318056475576,D,0.0008798683610627217,D,0.00011344228977727672,0.00047919901992631367,0.060637315471642646
79,P,P,0.0007877641153807651,S,0.0016047665881365751,L,0.0008179323643969133,A,0.00010644668806057091,P,0.0020027849745369148,L,0.0004316225605338845,A,0.0002632115434914792,A,0.0002835548218163374,P,0.00035742827655095956,L,0.0008167991477834901,P,0.0008938450289418644,L,0.0006206480798608252,L,0.00038190121193637137,0.0007206696462636118,0.09119274220978874
80,L,L,0.005635560067231375,L,0.004595139700753272,L,0.0051897407133384855,V,0.00022007289657472384,V,0.001378034704698971,I,0.005470927498441366,V,0.00018723352143559718,L,0.007217933685491059,L,0.003909844679544753,I,0.0046362822289932075,L,0.006255185973390541,I,0.004010983962721454,I,0.006448740406196131,0.004242744618370072,0.5368722246745836
81,E,D,0.007902708360339824,A,0.007902708360339824,D,0.007902708360339824,K,0.0013062097783265074,A,0.007902708360339824,Q,0.0013062097783265074,Q,0.0013056314349828993,Q,0.0013062097783265074,D,0.007902708360339824,Q,0.0013062097783265074,D,0.007902708360339824,Q,0.0013062097783265074,E,0.00017975806955521746,0.004264052966016124,0.5395685594846835
82,Q,Q,0.0012841122483535877,Q,0.0009148867303088571,Q,0.0012496213937986222,Q,0.0010356545326161415,K,0.00021414124584009703,R,0.0022472569422197007,K,0.001571343754439634,Q,0.001470836371444208,Q,0.0017619748146628742,R,0.0019310492033392359,Q,0.0011416401053323541,R,0.001904214553328149,R,0.0025076184153178813,0.0014795654085385647,0.1872225749799708
83,L,L,0.00029403818075130405,L,0.00021008141790356888,L,0.0002535072769024066,L,4.002926801410783e-05,L,0.0002701258313977379,L,4.5794433792186575e-05,L,0.0002542108655426033,L,0.00026361195114553063,L,0.0002244163768529808,L,0.0005268580044383443,L,0.0002921070841893257,L,7.271483932525583e-05,L,4.5794433792186575e-05,0.0002148684587728876,0.0271892177941447
84,E,E,0.001266312154298314,E,0.0011254889741045076,E,0.0005169210841153607,E,1.7087000308389647e-05,E,0.000597823676176002,W,0.0031811118589239813,E,0.0011487883578091681,E,0.0012973612136846818,E,5.306841641188596e-05,W,0.0011280108037611937,E,0.0012675276867862438,L,0.0007999776857260876,W,0.0031009186604078805,0.0011923382748087459,0.15087717026134498
85,L,L,0.00021816221125418173,L,0.0011757971199755008,L,0.00025046570731122365,L,0.00027040074950872306,L,0.0006840276079031777,M,0.0016012285707885984,L,0.00030020694973789176,L,0.0022363894357854725,L,0.00027985911593939787,M,0.0008212313469577555,L,0.00040768964643984553,M,0.0008746009794763244,M,0.0016033105075728517,0.000824874611434688,0.1043787235746123
86,I,I,0.0012631526652986812,I,0.001128601014460983,V,0.0013062097783265074,I,0.001174249713890323,I,0.0020713755132247343,V,0.0005402247379852554,I,0.001174249713890323,I,0.0004174182159701943,I,0.001157539729274384,V,0.0005206934869768223,I,0.0012631526652986812,V,0.0005909225396986405,V,0.00031588071702003725,0.0009941284993319666,0.1257959238785851
87,E,D,0.00019287333503790316,D,3.150797966497073e-05,D,0.00018131995481836754,D,6.167242191342315e-05,N,0.00023836420340291392,D,0.00019571600512930396,E,0.0003090767705487328,D,0.0003613946771694552,D,0.00037871749549796084,D,3.760525807855944e-05,D,0.00019287333503790316,D,0.00016896077281359842,D,0.00019571600512930396,0.00019583063186479974,0.024780192174063582
88,I,N,0.00022667805038182118,T,0.000556028506145554,C,0.004653258748782439,D,0.00022491884167709814,I,0.0006300544625510741,S,0.0005812246867725585,D,9.775431408412408e-05,D,0.0019960495077216427,V,0.0007220335689369108,N,0.0013787570587844044,N,0.0006549321240200504,N,0.0015760539360110033,S,0.0005683335345302629,0.0010666213338768418,0.1349690872093597
89,L,L,0.0013062097783265074,I,0.0010062586278496179,I,0.0010515246352717817,L,0.0011755754068584119,V,0.00576065841489478,V,0.0023007419049775784,L,0.0012692586287907236,L,0.0013062097783265074,L,0.0013062097783265074,V,0.00022846173543810783,L,0.0013062097783265074,V,0.0008633397735631534,V,0.0023228602141283014,0.0016310398811598833,0.20638998768388653
90,Q,Q,0.000897815113600584,Q,0.0006705389726835044,H,0.0011338517121279182,K,0.0002253769155064436,Q,0.0007986018708483693,E,0.0008470920334067384,K,0.0009600802199781647,R,0.0016016217068129922,Q,0.0004665970541147826,E,0.000657155066084723,Q,4.773102485185685e-06,E,0.0012712097319136082,E,0.0008470920334067384,0.0007986004256130577,0.1010540170786104
91,R,R,0.0010380835930758228,R,0.0010380835930758228,R,0.0010380835930758228,N,0.00017977925493324452,R,0.0010127415398080092,R,0.00016859918778912988,N,0.0005829060120424476,N,0.0005829060120424476,R,0.001005797109119573,R,0.00010902610801316004,R,0.0010380835930758228,R,0.0001118283682888826,R,0.00016280030535602543,0.0006206706361304779,0.07853897775670776
92,L,L,0.0,L,0.0,L,0.0,L,0.0,L,0.0,L,0.0,L,0.0,L,0.0,L,0.0,L,0.0,L,0.0,L,0.0,L,0.0,0.0,0.0
93,G,G,0.0,G,0.0,G,0.0,G,0.0,G,0.0,G,0.0,G,0.0,G,0.0,G,0.0,G,0.0,G,0.0,G,0.0,G,0.0,0.0,0.0
94,L,L,0.0017026930765523095,I,0.004470465972583175,V,0.0007681475902925195,L,0.0008409216238026308,L,0.0009262333139417079,I,0.0012421593732960638,I,0.0032033801477137323,L,0.0009982234774278287,I,0.002739688499452953,I,0.003250687363921162,L,0.0013022832463896105,I,0.0015904478082457499,I,0.002388911825014398,0.0019557110245102954,0.2474735160828076
95,S,A,1.2029288284148631e-05,S,4.29324630717084e-05,G,8.639826726078559e-05,S,8.693160546473652e-05,K,8.668007100544725e-05,D,3.2502610050241654e-05,S,0.00031204359373723404,S,0.0001519191329549712,Y,0.0019597027864020396,D,1.4101953478736716e-05,A,1.2029288284148631e-05,D,4.5761242708262685e-05,D,8.36831414176195e-05,0.00022513195724000622,0.028487949570535
96,Y,Y,0.0,Y,1.3552527156068805e-20,Y,1.3552527156068805e-20,Y,2.710505431213761e-20,Y,1.3552527156068805e-20,R,1.3552527156068805e-20,Y,2.710505431213761e-20,Y,1.3552527156068805e-20,Y,2.710505431213761e-20,R,1.3552527156068805e-20,H,1.0842021724855044e-19,R,2.710505431213761e-20,R,1.3552527156068805e-20,2.39775480453525e-20,3.0340924847594204e-18
97,H,H,6.172582155876002e-05,R,0.00014423156580914109,H,2.8958532182277755e-05,F,2.8303367422999425e-05,R,0.00046995522986703777,H,6.51514808697041e-05,P,0.00016221478211917058,C,0.00030672334062865995,H,0.0003334504273995377,H,9.032497336733126e-05,R,8.396997125528316e-05,H,0.00017527787413512124,H,6.438348430818684e-05,0.000154974680840247,0.019610325191550274
98,F,F,0.0,F,0.0,F,0.0,F,0.0,F,0.0,F,0.0,F,0.0,F,0.0,F,0.0,F,0.0,F,0.0,F,0.0,F,0.0,0.0,0.0
99,E,E,0.0031041195361522275,E,0.0025888648672534017,D,0.004591857002711849,R,0.0046966115501411035,E,0.003520780892178275,K,0.003920284906336421,K,0.0013062097783265074,D,0.0017843180688830384,K,0.0023515475594295026,K,0.0015547485388201089,E,0.00262115359663785,K,0.0037261073221158715,K,0.0029515608765129106,0.00297832034580762,0.37687337176131724
100,E,P,0.0005150338801080787,N,0.0005245501162165505,K,0.0009088993859258321,D,0.0010904605028313008,S,0.0016704582826635836,N,0.0013015462149226836,D,0.0011812898650040793,D,0.0006807108644154269,D,4.5762386352596935e-05,N,0.00042878346089192875,T,0.00037713903371943027,N,0.000540933145535607,K,0.0010390095069402231,0.00079265974196364,0.10030228952160837
101,E,E,1.5187441183217821e-05,E,5.479067485240232e-05,E,7.649133929008681e-05,E,5.20538179933737e-05,E,0.0003938323251035288,E,3.904461156138394e-05,N,0.0001905748578271974,Q,0.0017132178747034927,E,5.965454830044733e-05,E,1.4694652691794944e-05,E,1.5212359557735202e-05,E,3.904461156138394e-05,E,3.904461156138394e-05,0.00020791105586057143,0.0263088357029578
102,I,I,0.0,I,0.0,I,0.0,I,0.0,I,0.0,I,0.0,I,0.0,I,0.0,I,0.0,I,0.0,I,0.0,I,0.0,I,0.0,0.0,0.0
103,K,R,1.4967440157889121e-05,I,1.8304246636662946e-05,K,4.266183886823782e-05,K,1.5012643053212394e-05,K,2.432209025656981e-05,K,0.00015436138346614888,Q,1.1264151776407966e-05,N,1.4967440157889121e-05,K,8.147868277478024e-05,K,6.263295995508137e-05,R,1.4967440157889121e-05,K,0.0009683071648468421,K,0.00015436138346614888,0.00012135452812105843,0.015356068146217164
104,R,N,0.003123969399100268,S,0.0006697618668424254,E,0.003666814872423941,K,0.004297410695942116,E,0.003208760571601893,S,0.0017242577568974584,Q,0.0020905959609312176,H,0.001180713403358515,R,0.000799032432761808,S,0.003781018837851393,N,0.0028441341223801922,A,0.003624433679614996,S,0.00025241084691625734,0.0024048703420478826,0.3043096407450459
105,I,I,5.456038109701311e-05,I,0.00042329568542803846,I,1.3539035108406844e-05,I,5.696570927934922e-05,E,0.00017169207002844982,A,0.00011848579904544507,I,1.2744127696354533e-05,I,4.430201116758443e-06,I,1.2952056147071141e-05,A,0.0007950634798246011,I,5.4092612785640125e-05,A,0.00011716609374523135,A,0.00011848579904544507,0.00015026715771906187,0.01901464040773488
106,L,L,0.0,L,0.0,L,0.0,L,0.0,L,0.0,L,0.0,L,0.0,L,0.0,L,0.0,L,0.0,L,0.0,L,0.0,L,0.0,0.0,0.0
107,D,R,3.7516269806479484e-05,K,0.0013599920042270464,K,0.001363391933697109,T,0.0005486097522483756,L,0.0030462152788296145,D,0.0006025654886177825,N,0.0012394693927641038,T,1.3226366824133547e-05,N,0.0010947783397889995,D,2.620991976559116e-06,N,0.00019748633995009195,D,4.173784173009616e-05,D,0.000608685488905237,0.0007812534991819716,0.09885895613999059
108,G,N,2.3969652784106243e-05,E,0.0009185489828555806,T,0.0010326639500418205,S,0.00043200679800014125,S,0.0014167689180925635,Y,0.0001662849184530285,Q,0.0018446729242384326,T,0.0016429001044554344,G,0.0002627293121036902,Y,0.0002590589827271913,N,0.00014253152870957362,Y,0.00012875985695277658,Y,9.033124405770325e-05,0.000643171321036311,0.08138618960862856
109,V,I,0.0014287396243191195,K,0.00256546169718965,I,0.0018046645500809295,I,0.002491972829291273,L,0.0028823763263797525,V,0.0002326732548555123,I,0.0013662834426210314,I,0.002925215437792841,I,0.0016441901431086382,V,0.0004766436565786707,I,0.001015316976381074,V,9.676660984459663e-05,V,0.00025421070555835365,0.001475731942615496,0.18673749243000512
110,Y,H,0.0029415606240313554,-,,S,0.0003084164557369411,Y,4.9172368346279255e-05,-,,-,,Y,0.00021581960592692055,Y,0.00033786158345895445,Y,0.0002849209178142405,Y,0.000515845307975173,Y,0.0008019560587784366,-,,-,,0.0006819441152585376,0.08629245622689452
111,-,-,,-,,-,,-,,-,,-,,-,,-,,-,,-,,-,,-,,-,,,
112,-,-,,-,,-,,-,,-,,-,,-,,-,,-,,-,,-,,-,,-,,,
113,-,-,,-,,-,,-,,-,,-,,-,,-,,-,,-,,-,,-,,-,,,
114,-,-,,-,,-,,-,,-,,-,,-,,-,,-,,-,,-,,-,,-,,,
115,N,N,0.001246167769271456,F,0.0004888575869648624,T,0.0031639185892451487,N,0.0025696410113430464,-,,Y,0.007902708360339824,N,0.00344316999322844,N,0.00448487676603406,N,0.0018650436348363847,-,,N,0.0011778674734360675,Y,0.007902708360339824,Y,0.007902708360339824,0.0038316061732162673,0.4848472192704711
116,N,H,0.0010466544903164619,-,,E,0.0006244066645990266,N,0.002145404476088769,-,,S,0.0021847253043251248,E,0.0013062097783265074,Q,0.004064236323115122,Q,0.003955922220280499,S,0.000675326395950061,N,0.0008984683714631068,S,0.00011354509897101873,S,0.0012226692007994546,0.00165796075674865,0.20979652558978606
117,D,N,0.00022867439437290673,-,,-,,-,,-,,Y,1.9906788745815537e-05,-,,-,,-,,Y,0.000273663452201724,N,0.00022867439437290673,Y,1.9906788745815537e-05,Y,1.8773757224806873e-05,0.00013159992927732923,0.01665250990885235
118,H,-,,-,,-,,S,0.00025462334441253066,-,,W,0.0007032536002825834,H,0.0020167825199922224,H,0.002066864617679969,-,,W,0.0006414644001927195,-,,W,0.0015585022326672108,W,0.0018877224633875485,0.0013041733112306836,0.1650286524270273
119,G,-,,-,,-,,F,0.002980403090931046,-,,N,0.0016992708465637136,K,0.003509058637750063,S,0.0013256529157415248,-,,S,0.00035139313653002223,-,,N,0.002659149742962906,N,0.003934631226857695,0.002351365656762424,0.2975392168794792
120,G,-,,-,,-,,E,0.0002982964113209481,-,,E,0.001106989215148719,-,,C,0.00014668056332813818,-,,E,0.002303850165671147,-,,E,0.000502222784594461,E,0.001106989215148719,0.000910838059202022,0.11525644344578283
121,-,-,,-,,-,,-,,-,,-,,-,,-,,-,,-,,-,,-,,-,,,
122,D,-,,-,,-,,-,,-,,K,0.0010689215761203947,-,,F,0.0015833146376076843,-,,K,0.0014810672832006842,-,,K,0.0008955896598643167,K,0.0014268478380652547,0.0012911481989716668,0.16338046908720116
123,T,-,,-,,-,,N,0.0005583755634102079,-,,G,0.0006173614914570377,-,,H,0.00014887232096717773,-,,G,0.0003442220882994133,-,,G,0.0010865208937750723,G,0.0006049258732311966,0.0005600463718566842,0.0708676502181591
124,W,-,,-,,-,,-,,Y,0.0008732384322330043,I,2.9462957607013146e-05,-,,Y,0.003100849844553859,-,,I,0.0003303312094125409,-,,I,6.7609603688518496e-06,I,0.0001249140850486691,0.0007442595815373229,0.09417778660192379
125,K,-,,-,,P,0.0005608264374503883,-,,K,8.751941497813745e-05,G,0.00014152376324202119,C,0.002883395876011142,H,0.0008632352705601795,Y,0.00020105028971607931,G,0.00029521318608926515,-,,G,0.0009512972478103804,G,0.0001519746073221112,0.0006817817881310783,0.08627191553121683
126,A,-,,-,,N,0.0007627280138918466,-,,D,0.0006496361054030266,C,0.0005203678829248462,C,0.00175825460641264,-,,N,2.836106748290083e-05,C,0.0004605207649656481,-,,S,0.0007814766652684418,C,0.000518124414029352,0.0006849336900473378,0.08667075372345957
127,-,-,,-,,-,,-,,-,,-,,-,,-,,-,,-,,-,,-,,-,,,
128,-,-,,-,,-,,-,,-,,-,,-,,-,,-,,-,,-,,-,,-,,,
129,-,K,0.0006907446023141456,-,,N,0.0002318453753871251,-,,G,0.00037314009145127087,G,0.00042583759137961534,H,0.0005788120012179355,E,0.0008663555199374093,R,0.000955809655771847,G,0.00035708946757259484,K,0.0005653192371991467,G,0.0008937749788404276,G,0.0003919622364865003,0.0005755173415961834,0.07282532966602295
130,-,D,0.007902708360339824,-,,M,0.001722270946832048,-,,T,0.0013062097783265074,-,,N,0.0007442329716918742,A,0.007902708360339824,H,0.0029112550425758753,T,0.0013062097783265074,D,0.007902708360339824,S,0.0013062097783265074,-,,0.0036671681530109773,0.4640394135528096
131,-,Y,0.0053448282086462785,-,,-,,-,,D,0.0005996645489479926,R,0.006384731691730968,S,0.007902708360339824,A,0.00046371172475862725,E,0.0005103370014314701,K,1.9366440015014053e-05,Y,0.007902708360339824,-,,R,0.005091976189088573,0.003802225836144285,0.48112946382103183
132,-,N,0.00018192835514045994,-,,G,0.0009742133246725402,N,0.00034221334449627196,A,0.0003327966455361724,D,0.0012939705778464573,E,0.0007284421435505644,T,0.0015487443937242998,E,0.0008600578039457599,S,0.00022764662375565395,N,0.0001777021542253977,D,0.0023929793150394506,D,0.0011269769678460275,0.000848972637481588,0.10742806121281202
133,-,W,0.007902708360339824,-,,L,0.0030327904273006983,N,0.003349568667792386,W,0.005518860728056974,S,0.003320462762853402,V,0.007902708360339824,S,0.003778927329488536,W,0.006092130646993098,I,0.001098703171936246,W,0.007902708360339824,S,0.00208340482290415,S,0.003006724983962109,0.004582474885192255,0.5798613179488765
134,E,R,0.0002969890841647594,-,,I,0.0008648041321316769,K,0.001100240982669233,W,0.0007978845481619687,V,0.00020546184368039556,E,0.0008252060505039276,E,0.0007630450883270775,Q,0.0010204358296295167,I,0.006517030731133333,R,0.0004461594169203475,G,0.0046059616451530035,V,0.0012331144079357152,0.0015563611467009127,0.19694022298881694
135,-,K,0.000996962606944117,-,,D,0.0006601265835096534,V,0.0005314817884237693,V,0.0009535989185637056,V,0.0005125083597874626,E,0.0007340154756558726,E,0.002103806570456136,K,0.0006076162141345908,-,,K,0.0009884998111416973,V,0.0005347424905043756,F,0.0006156118413855405,0.0008399064236824475,0.10628083251781933
136,-,E,0.0016422938403101,Y,0.0025490169242790906,G,5.615159773398926e-06,G,0.0003697593898618768,D,0.00044336883188685603,A,0.0024964423276741684,K,0.0007233065506306584,A,0.003463614812277576,D,0.00100239864794305,T,0.0007926389858153893,E,0.0012164012246079676,A,0.005879410686505381,P,0.0007060688293686707,0.0016377181700718605,0.20723505099730608
137,N,N,0.0009244300133379035,D,0.0005804917230032274,D,0.0006434564155231376,D,0.0009644226992583946,N,0.0008456959280638515,D,0.0009231608005050772,D,0.00040609274155055337,N,0.0022778919684268467,D,0.0004671707216227359,N,0.004276791207367002,N,0.0009897978544516975,D,0.00017417795877175128,D,0.0014836903007965244,0.0011505592563599,0.14559049934501506
138,L,L,8.58779646774829e-05,L,0.00037876802507445486,L,5.755190059661543e-05,L,0.0001044378882521612,L,4.9089927478297306e-05,L,0.00038284151789730125,L,3.935676614735477e-05,L,0.00012950597479406678,L,7.970379527156207e-05,L,0.0001905531022948901,L,8.58779646774829e-05,L,0.0003761961007205835,V,0.00372854253295357,0.0004375618046796787,0.055368588176125375
139,Y,Y,0.0023264823523188555,Y,0.00299807973398607,Y,0.00286739812537418,Y,0.0015254747241772015,H,0.0013062097783265074,N,0.00017379810184077764,Y,0.0003584227345796971,Y,0.0014906519305826122,Y,0.0018884470127522278,N,2.0523719577285988e-05,Y,0.0023032211880790994,N,0.00025708879782851575,N,0.0005406576027009115,0.0013889581386249184,0.1757572309760893
140,A,A,0.0015325315015880588,A,0.0024308974487517454,A,0.00044897620262599386,F,0.0009402392498340385,A,0.0017634242869554993,S,2.1217440863776824e-05,F,0.0006382392239745377,F,0.0006707401723612481,A,0.0005879742081116061,S,0.00010345183669566927,A,0.0015325315015880588,S,3.076814522514219e-05,S,4.824385157166646e-05,0.000826864236165157,0.10463048849364359
141,T,T,0.0027795249920450843,T,0.0018867685960281852,M,0.002084465350969993,T,0.0018753325060282295,T,0.002742890618810729,T,0.0013180038618118804,T,0.002002969334940185,T,0.001610974035000447,T,0.0006294866384549631,T,0.0006698036713155995,T,0.0024671919353626637,T,0.00195197267843681,T,0.0012903236683548627,0.0017930544528892028,0.22689113290422624
142,A,S,0.0005324777268200636,A,0.00016247391232564976,A,3.220880796962056e-05,A,3.0971404850482605e-05,A,3.318274891120413e-05,A,0.0003276583587758349,A,0.0004242783814056697,A,3.9376417199765874e-05,A,0.00016247391232564976,A,0.0001539628909355836,S,0.0005324777268200636,A,0.0003276583587758349,A,0.0004180370232816872,0.00024440289772285467,0.030926473125264756
143,L,L,0.0,L,0.0,L,0.0,L,0.0,L,0.0,L,0.0,L,0.0,L,0.0,L,0.0,L,0.0,L,0.0,L,0.0,S,0.0,0.0,0.0
144,K,E,0.0007782151050917672,Q,0.0011124166703213884,Y,0.0011308536161692222,G,0.00019202825420689047,R,0.0006539577116155123,G,0.00018765535768617547,R,0.0022127223305659868,G,0.00017459451419420162,E,0.00015520461175107234,G,0.00012949669762111397,E,0.00014971226909538633,G,0.0002444840599596349,G,0.00019616956200245735,0.0005628854430985237,0.07122690316188249
145,F,F,0.0,F,0.0,F,0.0,F,0.0,F,0.0,F,0.0,F,0.0,F,0.0,F,0.0,F,0.0,F,0.0,F,0.0,F,0.0,0.0,0.0
146,R,R,1.1055137119670653e-05,R,1.3161420826825288e-05,R,1.0824911998122177e-05,R,1.1814567074760888e-05,R,9.131152047372656e-05,R,1.970249358288209e-05,R,9.067872568660052e-05,R,2.4231992796959747e-05,R,9.522071327145956e-06,R,1.2179083774717377e-05,R,1.07832694940297e-05,R,0.00013226781004233075,R,0.00010604633391008436,4.1813795239065856e-05,0.005291071533008947
147,L,L,1.7376849399342777e-05,L,7.906980238625379e-07,L,2.5705845003713078e-05,L,0.0008373210931204826,L,1.776779533360332e-06,T,9.59209601888947e-06,L,0.0001525329070415202,L,0.00017238745283370887,L,2.7234254751619157e-06,T,0.0008630175538137194,L,1.3797399708825639e-05,I,4.193608531086482e-06,T,1.0581434119045906e-05,0.0001624459340479015,0.02055572933238247
148,L,L,0.00013357145565979348,L,0.00018510681674827748,L,1.732943281849113e-05,L,1.6142784118957013e-05,L,1.8098743989957483e-05,L,1.7792570116259942e-05,L,1.2376631716107994e-05,L,1.732943281849113e-05,L,0.0001373376080626425,L,0.00018510681674827748,L,0.00013357145565979348,L,2.9534887377201876e-05,L,1.7792570116259942e-05,7.085316968850085e-05,0.00896568194823959
149,R,R,0.0,R,0.0,R,0.0,R,0.0,R,0.0,R,0.0,R,0.0,R,0.0,R,0.0,R,0.0,R,0.0,R,0.0,R,0.0,0.0,0.0
150,Q,Q,2.0731089040324703e-05,Q,7.82115546961519e-05,Q,0.0004255818367753749,Q,7.780594253323652e-05,E,5.9056318983071976e-05,L,0.00010602777124788833,Q,0.0004255818367753749,E,0.00022788456213967596,Q,4.9580642966583854e-05,L,5.213809133889493e-05,Q,2.0731089040324703e-05,L,0.00010602777124788833,L,0.00010602777124788833,0.0001350297136948215,0.017086511046323756
151,H,H,0.00016056816059846,Y,0.0019072714352583384,H,3.078117230446597e-05,H,7.703826649999242e-05,N,0.0001099180273582501,H,3.40330383978168e-05,Q,0.0018850989250628722,H,0.00012248252744106908,H,0.00021273349607099344,H,6.78237921317126e-05,H,4.974647568240769e-05,H,3.8705686968583096e-05,H,3.40330383978168e-05,0.00036386415709021376,0.04604296913147979
152,G,G,0.0,G,0.0,G,0.0,G,0.0,G,0.0,G,0.0,G,0.0,G,0.0,G,0.0,G,0.0,G,0.0,G,0.0,G,0.0,0.0,0.0
153,Y,Y,0.0011720355628867117,F,0.00027312536934431006,Y,0.0004541053194323094,F,0.00033899296961447506,I,0.0013957478376321272,Y,0.0013506511123379742,F,0.00037974771637171016,F,0.00042389822631357934,Y,0.0013495718692695781,Y,0.0003037064873032432,Y,0.0011720355628867117,Y,0.00012569867996733384,Y,0.0013506511123379742,0.0007761513712075414,0.09821333849325628
154,S,P,0.0006085630670386427,E,0.0020379688842376304,E,0.001547259630023713,N,0.0013502057599997263,F,0.0005925952201827668,N,0.0006398362006987417,E,0.0001223171417942552,K,0.0009839881892731578,D,0.0013189009494162392,P,0.0003376174906101108,P,0.00024987749820296805,S,0.0025025398452593753,S,0.00042613190907739827,0.0009782924450626711,0.1237920470369735
155,V,V,0.001722403531599674,V,0.0007634280688111585,V,0.0017201081754460025,V,0.0007670256710845758,V,0.0012927803281277792,V,0.00039896357347809277,V,0.0015028062784880126,V,0.0018878104611361102,V,0.0016583766810922195,V,0.0002741966879027646,V,0.002182168237913308,V,0.000270104706461327,V,0.000497854160640983,0.0011490789663216928,0.145403185076196
156,S,S,0.00010304296806212011,P,0.00010004750378637862,P,0.00010004750378637862,S,6.900888532569742e-05,P,0.00010290806943615684,-,,S,0.0001014045569544534,S,0.00016971251971669658,P,0.00010335263836256815,S,0.00019119089283772055,S,0.00010304296806212011,-,,-,,0.00011437585063302904,0.014472993993683297
157,Q,-,,-,,-,,-,,-,,S,0.0,-,,-,,-,,-,,-,,S,0.0,S,0.0,0.0,0.0
158,-,Q,0.0022730198059376875,Q,0.0013207270823507487,Q,0.0020012595426829468,Q,0.0005439465323595118,Q,0.0007783200395538026,S,0.0020702601610028664,Q,0.002070109483867419,Q,0.0036860605899464356,Q,0.001595704262736771,A,0.000995267293002189,Q,0.0022730198059376875,S,0.002638547685941161,S,0.002783188018204873,0.0019253407925787767,0.24363050042960022
159,-,-,,-,,-,,-,,-,,-,,-,,-,,-,,-,,-,,-,,-,,,
160,E,E,0.002624185251453421,E,0.0017949155414729836,G,0.0043555041610408044,R,0.004543202096693599,D,0.0005291278198085214,E,0.0028843165259110977,E,0.000898156467713794,E,0.0019657448567096127,D,0.00109854455226484,D,0.0007093764260956962,E,0.002971626711118478,D,0.0002090387803862357,E,0.0035547133930228926,0.0021644963525916908,0.2738929812283514
161,V,V,0.00017392911200886035,I,0.0004972978841525745,V,0.00017392911200886035,I,0.0006501252947890808,V,5.2779418383265814e-05,V,0.00017392911200886035,V,0.00017392911200886035,V,0.00017392911200886035,V,0.00017392911200886035,V,2.1805745617978423e-05,V,0.00017392911200886035,V,5.2779418383265814e-05,V,0.00017392911200886035,0.00020509389672284983,0.025952355492722574
162,F,F,2.8143171665360635e-05,F,1.285537817967833e-05,F,2.743100074091958e-05,F,8.66135802458648e-06,F,6.33678680994076e-05,L,6.422502214362923e-05,F,5.357111348447977e-06,F,8.595114356880304e-06,F,0.0004774015503466575,L,6.422502214362923e-05,F,2.8143171665360635e-05,L,3.087290655005335e-05,L,6.422502214362923e-05,6.796182287755694e-05,0.008599814111656593
163,N,S,0.0006326391444210434,N,7.133667794207042e-05,N,5.6070377549848024e-05,D,4.852044570934414e-05,E,0.0007961535507706823,K,0.0003076273387156069,D,4.4864305069007636e-05,D,0.00029333271053896663,S,0.001351590647049983,K,0.0002953152474017845,N,6.912137183472113e-05,E,3.45228617520663e-05,K,0.0002991308586561657,0.00033078657980086846,0.04185736898263121
164,S,G,0.0007447370823819532,N,0.0009577341973081385,R,0.006258449821932761,C,0.0013062097783265074,T,0.0038036962581597554,V,0.003942703403969157,H,8.148924780393584e-05,R,0.007247332481502393,R,0.005447375171648157,H,0.0011037947395141439,G,0.001139322455906698,H,0.003532905290682777,V,0.005202646724214166,0.0031360305117961954,0.39682984222656337
165,F,F,0.0003523858656123708,F,0.0009450851205303763,F,0.0011887088994448063,F,0.00029687596001244963,F,0.003253949656577858,F,0.0011104733081508716,F,0.00021034709984392804,F,0.0002896460826171491,F,0.00113033055791734,F,0.0002346017156701601,F,0.0003523858656123708,F,0.00024174496860755038,F,0.0011228597320549476,0.0008253380640501676,0.104437368357432
166,K,K,0.002376967195562896,K,0.001205783339369669,M,0.003991926984888622,K,0.00166281111548564,-,,E,0.0010856576162316025,K,0.001176785013867387,K,0.0009086939147762374,K,0.0014781681346375843,R,0.003697256304090736,K,0.0020232774288457536,K,0.000175776185620904,Q,0.0021468872113762725,0.0018274992037294422,0.23124973368634574
167,-,-,,-,,-,,-,,-,,-,,-,,-,,-,,-,,-,,-,,-,,,
168,D,D,8.352416608434975e-05,N,0.00040483708889200694,D,8.117914637111822e-05,N,0.00011420221315773669,K,0.0006386613111878547,D,0.00017835716294494573,N,0.00011315714566230837,N,0.00120091818592567,D,6.108922406536442e-05,N,0.0014971084745650292,D,7.656218415042641e-05,E,5.252275938184168e-05,D,7.996597058184277e-05,0.00035246807945926885,0.044600922036823386
169,-,-,,-,,-,,-,,-,,-,,-,,-,,-,,-,,-,,E,0.004409444256200871,-,,0.004409444256200871,0.557966212992233
170,-,-,,H,0.00017781431804244935,-,,E,0.00035690142530470217,D,0.0027391177542096905,-,,E,0.00014204332078696663,E,0.00011364141482706099,D,0.00042136706112784483,-,,-,,K,0.0054161748974439995,-,,0.001338151455963245,0.1693282093869023
171,E,D,0.003688329752698989,K,0.002430104520248019,D,0.00094741278986712,K,0.001852675595672375,K,0.0019696228150039067,Q,0.0006004028608584043,K,0.002016960674680247,K,0.0012353614053605489,-,,Q,0.00013435078684654418,D,0.0030683056967392413,E,0.0004761837601165462,Q,0.0002872335869906181,0.0015589120204235467,0.19726300773631383
172,R,K,0.00010670827599994998,T,0.00028273332024049695,S,0.00024829268071937974,G,0.0029241560832816023,S,0.0003239045186863767,N,0.00023037066389755426,G,0.00042527521642358096,G,0.0018315431713156049,T,0.00023417098370935062,I,0.0017926855369375877,Q,0.0009245724072592848,K,0.0011154445719233552,N,0.00021505778361837985,0.0008196088626163464,0.10371240152674728
173,G,V,0.002919843337219957,G,0.00010498873931002945,S,0.0002303640876407447,I,0.0003805865996436304,G,0.0008385359564277793,G,0.00024572989793877746,T,0.0062766791823062685,T,0.004660156691971633,G,1.8441588472961965e-05,G,0.00012153603574486529,G,0.0008861421218585963,G,5.339047318782835e-05,G,0.00024572989793877746,0.0013063172776662962,0.1652999475752036
174,S,G,0.0007748610910715169,E,0.0006876180575715549,S,0.00044374580573485986,H,0.0005168991764114893,K,0.0006490162374599484,Q,0.00013645141297533028,D,0.0013691191082650259,D,0.0007646873820311617,S,0.0010620163348408981,Q,5.349987910867931e-05,G,0.0007594948355523011,Q,7.04739219544893e-05,Q,0.0007196971181069731,0.0006159677200834022,0.07794387594696903
175,F,F,0.00013490901681662226,F,5.295947476225111e-05,F,0.0001384432878415058,F,3.597880840461495e-05,F,2.5394783585914153e-05,F,9.736828000086141e-05,F,0.00013421072172851024,F,1.3894052944550563e-05,F,3.6190470263786724e-05,-,,F,0.00013490901681662226,F,1.1955479436839333e-05,F,9.973760807002964e-05,7.632925005600904e-05,0.009658619118360938
176,-,-,,-,,-,,-,,-,,-,,-,,-,,-,,-,,-,,-,,-,,,
177,K,-,,K,1.684987385068905e-05,K,0.000422557713800027,D,2.3764203273593817e-05,K,0.00046649273149048883,A,0.0009102740433598422,K,0.0004413290658363795,R,0.001323345875203032,K,0.0006792434716810961,F,9.65334858106174e-05,-,,V,0.0005787136257325821,A,0.0009046983374268885,0.0005330729479513851,0.06745446290624124
178,A,-,,A,0.0010955959358740653,A,0.00024232682306847412,E,0.0009348400971364273,-,,C,0.0010646465609618358,P,0.0021002607766960613,P,3.397874908145251e-05,A,0.0006959327725320002,V,0.0010202762270009377,-,,C,0.0003764144191659547,F,0.00029362955227064084,0.000785790191378785,0.09943302416704584
179,C,-,,N,0.0006138438652445468,S,0.00011209184279825459,T,0.0006281098421078671,S,0.0007012553451383528,-,,-,,-,,C,0.0016598486549931196,S,0.00020899818129194736,-,,-,,-,,0.0006540246219290148,0.0827595543334578
180,L,I,0.004102480567257593,I,0.0022871643656499825,L,0.0015346289286146577,L,0.003032068643866514,Q,0.0010196900091178078,-,,N,0.004184079524687624,D,0.0062837885610160515,L,0.0032753707781952596,C,0.004502467406267762,I,0.004055053575070317,-,,-,,0.0034276792359743567,0.433734750123939
181,C,C,0.00043876196862491684,S,0.0001448777752024018,C,0.0024907558709479413,I,0.001230499258159705,L,0.000530120981897386,S,0.002634336889302603,L,0.0009271360198394268,L,0.00013926095481776236,C,0.0020918004796470235,P,0.005641005841650766,C,0.0014550454156550899,S,0.006421292461324255,S,0.0016924631618042037,0.001987489006067191,0.25149466682099947
182,E,D,0.0025697108176691266,N,0.00021584886863946633,-,,G,0.0003287933116121895,C,0.003983154397453599,P,0.0009750475683089385,A,0.007259246639121097,V,0.0026421728490839645,-,,S,0.0007135018514978755,D,0.0026896832353892446,A,0.00648887209758897,P,0.0006205741677834877,0.0025896914367407233,0.3276966982278167
183,-,-,,-,,-,,-,,-,,S,0.00024827711480413027,-,,-,,-,,-,,-,,I,0.0002211446467561737,S,0.000596253227339681,0.00035522499629999494,0.04494977925323818
184,-,-,,-,,-,,-,,-,,-,,-,,-,,-,,-,,-,,-,,-,,,
185,-,-,,-,,-,,-,,-,,-,,-,,-,,-,,-,,-,,-,,-,,,
186,-,-,,-,,-,,-,,-,,-,,-,,-,,-,,-,,-,,-,,-,,,
187,-,-,,-,,-,,-,,-,,-,,-,,-,,-,,-,,-,,-,,-,,,
188,-,-,,-,,-,,-,,-,,-,,-,,-,,-,,-,,-,,-,,-,,,
189,-,-,,-,,-,,-,,-,,-,,-,,-,,-,,-,,-,,-,,-,,,
190,-,-,,-,,-,,-,,-,,-,,-,,-,,-,,-,,-,,-,,-,,,
191,-,-,,-,,-,,-,,-,,-,,-,,-,,-,,-,,-,,-,,-,,,
192,-,-,,-,,-,,-,,-,,-,,-,,-,,-,,-,,-,,-,,-,,,
193,-,-,,-,,-,,-,,-,,-,,-,,-,,-,,-,,-,,-,,-,,,
194,-,-,,-,,-,,-,,-,,-,,-,,-,,-,,-,,-,,-,,-,,,
195,-,-,,-,,-,,-,,-,,-,,-,,-,,-,,-,,-,,-,,-,,,
196,-,-,,-,,-,,-,,-,,-,,-,,-,,-,,-,,-,,-,,-,,,
197,-,-,,-,,-,,-,,-,,-,,-,,-,,-,,-,,-,,-,,-,,,
198,-,-,,-,,-,,-,,-,,-,,-,,-,,-,,-,,-,,-,,-,,,
199,-,-,,-,,-,,-,,-,,-,,-,,-,,-,,-,,-,,-,,-,,,
200,-,-,,-,,-,,-,,-,,-,,-,,-,,-,,-,,-,,-,,-,,,
201,-,-,,-,,-,,-,,-,,K,0.007902708360339824,-,,-,,-,,E,0.0004197583535448451,-,,Q,0.007902708360339824,T,0.007902708360339824,0.0060319708586410795,0.7632789397762489
202,-,-,,-,,-,,-,,-,,T,0.0010554680016588633,-,,-,,-,,T,0.0011824422305517104,-,,T,0.0010574437149672628,K,0.0010721574097521808,0.0010918778392325044,0.1381650175416005
203,-,-,,-,,-,,-,,-,,E,0.0012633285502589879,-,,-,,-,,E,0.0010363431746015306,-,,E,0.0011962851506136499,E,0.0012072498994677864,0.0011758016937354887,0.14878464953057285
204,-,-,,-,,N,0.0009760355942426632,E,0.0009114560764423643,K,0.00014175860508084168,G,0.0011108308167772098,D,0.0006327494670979757,D,0.0005719416868727955,E,0.0016361574283329959,E,0.0019850114032717294,-,,E,0.00021443247354593196,R,0.0017652054139639304,0.0009945578965628436,0.12585025933059696
205,D,D,5.073126561030889e-05,D,9.45479170308736e-05,D,0.0001011080784232926,D,0.0001616060624756076,D,0.0007030874610996496,E,0.001091950505110876,D,5.4376209283571595e-05,D,0.0006967018781168315,D,5.3603235337627574e-05,D,0.0006973248882416077,D,5.073126561030889e-05,E,0.0002692144407135757,D,0.0006615252713905336,0.0003605006521880512,0.045617354930778356
206,T,F,0.0029781474792724347,I,0.0002556778536319143,V,0.00043346002567835884,I,0.002260346528606825,V,0.0013062097783265074,I,0.000767678881807275,T,0.0007922844079904982,T,0.0011342986152556534,M,0.0002267016246688103,I,0.002639779881257066,F,0.0033658016069641724,I,0.0015819053558920166,I,0.0007869138706904173,0.0014253235315416883,0.18035886768829187
207,K,K,0.0003188447845710431,M,0.0003498352956339218,K,0.00024404925849285384,K,0.00015805844316530562,R,0.00040600235743538357,R,0.00011604084531538164,K,0.00017056383757113613,Q,0.001413072778496193,K,0.0003282855671429024,R,2.936918035896713e-05,K,0.0003188447845710431,K,0.002987895895664838,R,2.8888556668226175e-05,0.000528442429622092,0.06686852222386307
208,G,G,0.0006943953259053728,G,0.001439976890521266,G,0.0007673353139097916,A,0.0016498042985580719,G,0.0004283679334613847,S,0.0013062097783265074,G,0.0004533063131060213,G,0.0011721235624938661,G,0.0002857337307512429,I,0.0050227558166198675,G,0.000378294262471973,S,0.0005117202447484439,T,0.0007742951461312899,0.0011449475859234691,0.14488040475711486
209,M,I,0.0010853846952664716,A,0.007902708360339824,M,0.0003892497336213128,T,0.0024780857352746594,L,0.0009961154555210247,A,0.007902708360339824,L,0.0005750212815737821,L,0.00017579378804267006,M,0.00020962121040271877,M,0.0006350185655064737,I,0.0011955482272041076,V,0.0026231893760209095,V,1.3026989957549712e-05,0.0020139593676208713,0.25484419717777224
210,L,L,5.098732548044831e-05,L,5.098732548044831e-05,L,5.098732548044831e-05,L,5.256656841504672e-05,L,5.098732548044831e-05,L,0.00033005154214142506,L,5.341429896839977e-05,L,5.135503972940133e-05,L,5.5449475993107665e-05,V,0.0020501478618219437,L,5.098732548044831e-05,L,0.00033005154214142506,L,0.00010518326116156183,0.00025255047829035024,0.031957458984288055
211,S,S,5.1761840729085967e-05,G,5.036866472187994e-05,S,0.0009793185531313912,Q,0.0004322147256776512,S,5.113874068284581e-05,N,3.91267524016857e-05,Q,0.0001653039227012765,Q,0.00014304949878695252,C,0.0007457322380424699,N,3.513155957701185e-05,S,4.4491763255441486e-05,N,9.138298724619799e-05,N,3.91267524016857e-05,0.00022062676918119814,0.027917868042356936
212,L,L,0.0,L,0.0,L,0.0,L,0.0,L,0.0,L,0.0,L,0.0,L,0.0,L,0.0,L,0.0,L,0.0,L,0.0,L,0.0,0.0,0.0
213,Y,H,0.00014728570087412662,Y,3.04271680387159e-05,Y,0.00018199466374370685,Y,3.794189414609808e-05,Y,0.00022465831192170602,Y,0.00020740799829153855,Y,0.00026046419727849613,Y,0.0001851978842811207,Y,1.9525133340970434e-05,Y,0.0008385668451558006,H,0.00014728570087412662,F,0.00033418465333925884,Y,0.00020740799829153855,0.00021710370381363109,0.027472063236342867
214,E,E,0.0015013814343129322,E,0.0010641819225493633,E,0.0003397249693028817,E,0.0015072057980985815,E,0.0014987911175957306,R,0.0013062097783265074,E,0.0004462372981192832,E,0.001544498273137419,E,0.00016000198021932842,R,0.0005727541679000849,E,0.0015543938948940435,R,0.0013062097783265074,R,0.0003251623984909293,0.0010097502162518149,0.1277726787083909
215,A,A,0.00013323740071511585,A,0.00011558906257867615,A,0.00011293910288297507,A,2.3022452252617765e-05,A,0.00011446056015830838,A,0.00011381660110133728,A,0.00010430359929100837,A,0.00010430359929100836,A,0.00011381660110133727,A,2.3761544891373834e-05,A,0.00012830354032543158,A,8.563572688846998e-05,A,0.00011381660110133728,9.900049173684594e-05,0.012527413036483208
216,S,S,0.0,S,0.0,S,0.0,S,0.0,S,0.0,S,0.0,S,0.0,S,0.0,S,0.0,S,0.0,S,0.0,S,0.0,S,0.0,0.0,0.0
217,F,Y,0.0008920760013608476,F,1.3443582816393928e-05,Y,9.453298400245058e-05,F,2.2717349762232787e-05,Y,9.205360290174516e-05,L,0.0002749194078144228,F,4.102447048824777e-06,F,2.666073467523234e-05,Y,0.00041607573279462393,L,0.00015905446611649815,Y,0.0008920760013608476,L,0.0001002168693394297,F,0.0002749194078144228,0.00025098835290830555,0.03175978936131623
218,F,Y,0.004967268737286819,H,0.0015034867024555666,L,0.0014906786706446503,H,0.0005474264252274552,L,0.0008783644882501963,I,0.004915027671163627,L,0.0017164324208793422,L,0.0011314363859615754,L,0.0004630028502801376,I,0.0007306911679936768,Y,0.005098223851800984,I,0.0033931702700287104,I,0.0047526328339046655,0.002429834036605954,0.30746851912190126
219,L,S,0.001688025399105133,G,0.004072029895945966,A,0.0017883694957590594,L,0.0020980820637984173,G,0.002043051345916622,-,,L,0.0022310108790417112,L,0.0029989060892645675,C,0.0028731032080779213,A,0.00040668033501487796,S,0.0016743977107928612,A,0.00045771730240521606,-,,0.002030124884102032,0.25688976380430856
220,-,-,,-,,-,,-,,-,,A,0.0028710554372530384,-,,-,,-,,F,0.001876956574639027,-,,-,,A,0.001327653954058401,0.0020252219886501555,0.25626935682124413
221,-,-,,-,,-,,-,,-,,-,,-,,-,,-,,-,,-,,-,,-,,,
222,I,L,0.0001315369170368694,K,0.00029049040816384053,L,0.00012509995957201144,R,0.0004822746233091434,W,0.0003393658080615726,F,0.0017984298389275076,R,0.00012150838928438723,R,4.3831857253501266e-05,V,9.638681444529407e-05,P,0.0008577204689818673,L,0.0001033698540053434,F,0.003173791561708707,F,0.0017828256200188254,0.0007189717015976054,0.09097788616441983
223,E,E,0.0029499467881214498,K,0.0003703532082876943,E,0.0018726474151810738,E,0.0022739946880457407,E,0.00025724034207328495,P,0.00016164571571850906,E,0.00027230127487096336,E,0.0010939831418339443,Q,0.0013062097783265074,V,0.005062511122631574,E,0.0027482872526956247,P,0.00034157762036195,P,4.327116509932523e-05,0.0014426130394805876,0.18254666295423735
224,-,-,,-,,-,,-,,-,,-,,-,,-,,-,,A,0.007902708360339824,-,,-,,-,,0.007902708360339824,1.0
225,-,-,,-,,-,,-,,-,,-,,-,,-,,-,,F,0.007902708360339824,-,,-,,-,,0.007902708360339824,1.0
226,-,-,,-,,-,,-,,-,,-,,-,,-,,-,,P,0.0075532008154543095,-,,-,,-,,0.0075532008154543095,0.9557737007429583
227,G,G,3.208574430697803e-05,G,0.00024365099985790357,G,0.00023316659967869256,G,0.00027063471024553086,G,8.372027316079156e-05,G,0.0002162566607259166,A,0.00023237439288030658,G,0.0002333815513795247,G,0.00023509968097724918,G,2.398114382664219e-05,G,3.3058899697763563e-05,G,2.680850751802771e-05,G,0.0002798587078704049,0.0001649290670865948,0.0208699422484449
228,-,-,,-,,-,,-,,-,,-,,-,,-,,-,,-,,-,,-,,-,,,
229,E,E,0.0,E,0.0,E,0.0,E,0.0,E,0.0,E,0.0,E,0.0,E,0.0,E,0.0,E,0.0,E,0.0,E,0.0,E,0.0,0.0,0.0
230,N,S,0.0024306711104694558,S,0.002418713093536367,T,0.002388433625124231,N,0.00038448323252077924,D,0.0002387888085183943,K,0.00013387236199070444,D,0.0002095276732311518,D,0.0006742017286025037,S,0.00158521560461033,K,0.00017013064730078803,S,0.002502993635203873,K,0.00010131180382193467,K,0.00012543627841207235,0.001027983046410968,0.1300798409276948
231,I,I,0.0,I,0.0,T,0.0,T,0.0,L,0.0,V,0.0,T,0.0,T,0.0,T,0.0,V,0.0,I,0.0,V,0.0,V,0.0,0.0,0.0
232,-,-,,L,0.00019021298534397554,L,5.061952268555041e-05,L,0.001138502682121799,-,,-,,-,,-,,M,8.228179167254463e-05,-,,-,,-,,-,,0.0003654042454559674,0.04623785021471483
233,L,M,0.00047597538095733773,-,,-,,-,,L,9.023703515695318e-05,M,0.0016387997338488597,L,0.00037043478235498787,L,0.00031907625530119344,-,,M,0.00040133611900626965,M,0.000496353449625938,M,0.002582216064643278,M,0.0016960181367439728,0.0008967163286265322,0.11346949523365336
234,E,E,0.000384998137352126,E,3.329651153754676e-05,D,0.0002470216657026485,E,7.276953024369042e-05,D,0.00010263102829157802,E,7.276953024369042e-05,E,0.000384998137352126,E,8.839462051986808e-05,E,8.839462051986808e-05,E,0.000384998137352126,E,0.000384998137352126,E,0.00012065419920355765,E,3.8773975140059375e-05,0.00018497678698546237,0.023406758613765698
235,E,E,0.001165733731725458,E,0.0009819175400935238,E,0.00036341189511103174,L,0.0009098688657013263,E,0.0007514404545949719,D,0.0004977380530905446,L,0.0005116821790196918,F,0.0010318248350613675,Q,0.0010002325882979008,E,0.00019148955661326696,E,0.0011563645366965659,E,0.0009122480955572793,E,9.203493387201393e-05,0.0007358451742642265,0.09311303678585761
236,A,A,0.00025094787054872074,A,0.0005159998682224741,A,6.239541303311359e-05,A,0.00010173754014868895,A,0.00023088963866735258,A,0.00020486503124171363,A,0.0001067090387532944,A,0.0002630240144744306,A,0.0004760697354371711,A,0.00023379523583409452,A,0.00024914502608289814,A,0.00021005212089331352,A,0.00019704213103784952,0.00023866712802885507,0.030200675154181213
237,R,W,0.0045243310502352,R,0.0021133127596131376,K,0.0013062097783265074,R,0.000249629841903014,K,0.0001867387676525642,E,0.0002498574527968948,R,0.0002082701602792241,R,3.01547297551814e-05,R,6.86825159501385e-05,E,0.0012953308454327335,W,0.004556670641271707,E,0.0009283153841496359,E,0.0002454281830727198,0.0012279178546491275,0.15537937105353664
238,D,Q,0.0025376392303104373,I,0.0005609253925301418,A,0.0004645305671533643,Q,0.0011289997069051322,K,0.0007155153526938286,I,0.0003955564484602739,Q,0.0013367828541354168,Q,0.0008710182290172895,D,0.0008003118444257256,S,0.004842344567807189,Q,0.0024619169944435576,I,0.0010904012299119534,I,0.0004076286832250721,0.0013548900846937983,0.17144629700538977
239,F,F,0.0004061220923123776,F,0.00043919611924383897,F,0.0006718062201908608,I,0.0020698489842482753,F,0.00047467550046298483,F,0.00028904457384634833,F,0.00021753536468706265,F,0.0003643478067202061,F,0.0002945911312298534,F,0.0003474509601503527,F,0.00041193305483179374,F,9.964710813644426e-05,F,0.0008068743344110407,0.0005302364038824184,0.06709552974818594
240,S,T,0.00015578574254929305,T,7.756216044966508e-05,T,6.548151240865052e-05,S,0.00012139176664900859,S,0.00033888446138474374,S,0.0001293186012700529,S,2.3739657746352173e-05,A,0.00163741421511928,A,0.0001302377444376774,S,0.0006686504616300466,T,0.00024859540861848215,S,0.00017131297085614246,S,0.0004872155617572542,0.00032735309729820374,0.041422899893540706
241,T,S,0.0013310227186511614,T,0.0005676099844397568,Y,0.0010067299328068893,T,0.0015509725830720744,T,0.0004279938604172944,S,0.0017044078726449387,T,0.0006586864219892683,T,0.0005479741431742763,H,0.0017973111690926,E,0.0016827159842336078,S,0.0013108607388386474,K,0.0035727963128619005,S,0.0027756099059717027,0.0014565147406303165,0.18430576888550207
242,K,K,2.4467954684961864e-05,K,3.387099246785086e-05,R,0.0022856720374280592,K,0.00013412385212606002,T,0.0018800851339851516,R,0.0012675017864949645,K,0.00032010850694815353,K,0.00030718016074441154,R,0.004468438898456507,K,0.00028108846749300717,K,4.7445677979318544e-05,I,0.0004566358239072358,R,0.0012645167925243997,0.0009823950834800062,0.1243111903774926
243,H,H,0.006107883060311032,C,0.0020415710729029504,H,0.00559143248573407,Y,0.0026466713147477974,N,0.0031083020086999174,Y,0.003220579627413844,L,0.0018907045335339356,F,0.004707582922536212,H,0.0029898653017590322,Y,0.0012514881542270138,H,0.006794436170908221,Y,0.0013062097783265074,Y,0.0018713308819391992,0.0033483121010030566,0.4236917203988882
244,L,L,0.0,L,0.0,L,0.0,L,0.0,L,0.0,L,0.0,L,0.0,L,0.0,L,0.0,L,0.0,L,0.0,L,0.0,L,0.0,0.0,0.0
245,E,K,0.00013913740354374769,K,0.0001955370961415735,R,4.614698033455839e-05,Q,0.0009702552398849809,N,0.0013747004101388096,K,0.0002527538623517203,Q,0.0011280170089704388,Q,0.0012478830048912864,G,0.0001269528843162189,K,0.0001618795742929489,K,0.00014273678730499976,K,0.000232336106879521,K,0.00018255094470556558,0.00047699133105818235,0.06035795695713505
246,E,E,9.234640637135374e-05,K,0.0002676285706856129,G,0.0007516689738156897,K,0.0007981902172933212,N,7.337243091274818e-05,E,0.0004488916450243134,K,0.0010604683887402353,K,2.1944043298042894e-05,K,0.0009315072849217202,E,0.0014526510001345969,E,0.00011665755800013585,E,0.000507559138461832,E,0.0004985660857808423,0.0005401116725723419,0.0683451353567496
247,Y,M,0.0009173171355484793,Y,0.0004305596146670624,-,,M,0.0013396681190017692,-,,A,0.0011889716195435734,K,0.0007962081506069094,K,0.0013363674833967614,G,0.00043775165071924027,T,0.002152083550966609,V,0.0008528961965233435,A,0.0007913617650716602,A,0.002021394745399791,0.0011149618210404726,0.1410860391401978
248,-,-,,-,,-,,-,,-,,-,,-,,-,,-,,-,,-,,-,,-,,,
249,-,-,,-,,-,,-,,-,,-,,-,,-,,-,,-,,-,,-,,-,,,
250,-,-,,-,,-,,-,,-,,-,,-,,-,,-,,-,,-,,-,,-,,,
251,V,M,0.003426589356602903,K,8.161667405606304e-06,-,,V,0.0006526606489768477,-,,V,0.00651385791045543,-,,-,,-,,L,1.344053740340355e-05,M,0.002114342629717748,L,7.544189869103778e-05,V,0.00481421186446554,0.0022023383142148146,0.2786814613161445
252,K,I,6.192924139801804e-05,L,0.00026093967872223094,-,,D,4.589727354270122e-06,-,,Q,0.001321995357361066,-,,-,,-,,Q,0.0015671910754212924,I,6.192924139801804e-05,Q,0.0013062097783265074,Q,0.001396150681217805,0.000747616847649901,0.09460261135307198
253,-,-,,M,0.0,-,,-,,-,,-,,-,,-,,-,,-,,-,,-,,-,,0.0,0.0
254,-,-,,S,0.0001259675949171904,-,,-,,-,,-,,-,,-,,-,,K,0.00025754371354087395,-,,N,0.0005324262691378647,-,,0.00030531252586530965,0.03863391029302528
255,-,-,,S,0.006332264531641045,L,0.003195619255707926,-,,-,,-,,V,0.0034051357616145263,V,0.0053207082456375706,L,0.0028255789740817944,I,0.0010100390651646685,-,,I,0.001974040017773126,-,,0.0034376265502315227,0.4349934722991222
256,-,-,,S,0.0001741933110620041,K,0.00032139784571543904,-,,-,,-,,D,0.004642310692622281,E,0.0048747106321836604,E,0.0038489908286058407,P,0.007539548881219007,-,,-,,-,,0.003566858698568039,0.4513463658191558
257,-,-,,-,,-,,-,,-,,-,,-,,-,,-,,-,,-,,-,,-,,,
258,-,-,,-,,-,,-,,-,,-,,-,,-,,-,,-,,-,,-,,-,,,
259,-,-,,-,,-,,-,,-,,-,,-,,-,,-,,-,,-,,-,,-,,,
260,-,-,,-,,-,,-,,-,,-,,-,,-,,-,,-,,-,,-,,-,,,
261,-,-,,-,,-,,-,,-,,-,,-,,-,,-,,-,,-,,-,,-,,,
262,-,-,,-,,-,,-,,-,,-,,-,,-,,-,,-,,-,,-,,-,,,
263,-,-,,-,,-,,-,,-,,-,,-,,-,,-,,-,,-,,-,,-,,,
264,-,-,,-,,-,,-,,-,,-,,E,0.002427425253342132,E,0.001984246354867264,-,,-,,-,,-,,-,,0.002205835804104698,0.27912402982941975
265,-,-,,-,,-,,E,0.0003628897391093657,V,0.0005061711115633704,-,,N,0.00047063505560732176,-,,-,,-,,-,,-,,-,,0.0004465653020933526,0.05650788080887119
266,-,-,,-,,-,,-,,-,,-,,-,,-,,-,,-,,-,,-,,-,,,
267,Q,-,,N,0.0002216123581579539,-,,G,0.00018185184077888956,K,0.00016652198063758843,-,,G,4.611548321301453e-05,-,,Q,0.0016222420632808882,-,,S,0.0003044778933781068,-,,-,,0.00042380360324107357,0.05362764054004008
268,N,-,,N,3.1442233793253394e-05,G,0.00036947662775838416,R,0.0020448175710429126,E,0.00035823170223051926,-,,D,0.0014363378687328714,K,0.0008579416475172437,-,,-,,K,0.00011724408406624839,-,,-,,0.0007450702478773476,0.09428036742650452
269,K,-,,N,0.003725072818304455,N,0.005601611960913724,I,0.0009030929803150853,S,0.0027651164016840326,K,0.003234889452396067,D,0.0046680186963245695,M,0.002025195297401285,N,0.0013660379362805599,-,,N,0.0012744874638494197,-,,K,0.0030096860595903363,0.0028573209067059534,0.36156223618798533
270,E,-,,N,0.0032139994650347975,I,0.0009979853162311136,-,,I,0.001038210492928522,I,0.0006692244203559036,K,0.002529630145186758,I,0.0024442753901168872,I,0.002310959562968976,-,,M,0.0017953733067649562,-,,I,0.0006863436982234131,0.0017428890886457033,0.22054326304036323
271,-,-,,-,,-,,-,,-,,-,,-,,-,,-,,-,,E,0.0,-,,-,,0.0,0.0
272,K,-,,M,0.0003408630567165376,D,0.00337359951276423,N,0.0007882321393390346,S,0.0012795170970186804,P,0.0013062097783265074,I,0.004297850570015146,E,0.0036642329981516155,D,0.0033849799316522113,-,,E,0.004055691826103896,A,0.007428479360740665,P,0.0013062097783265074,0.0028387150953777304,0.3592078773429092
273,-,D,0.00019160950342173616,T,0.003246245975516671,S,0.0021587820403839936,D,0.00010307998892800582,S,0.0020151889198342207,D,0.0001517750278051179,E,0.0004030681938052458,E,0.001075245846428079,Q,0.0004910208299206784,D,0.0005795828962352271,D,0.0002561248422253994,V,0.0019673285270315273,V,0.0005344115442606683,0.0010133433950612746,0.12822735559201376
274,-,V,0.00015515405391573848,L,0.0002812024482782557,N,0.00012125421600128815,E,5.353757325734073e-05,N,0.0005224165565681316,C,0.00397208876903176,D,0.0018670082256565914,E,0.0016255910615106497,N,0.00010306026658603922,C,0.0045950225225745035,V,0.0001612146634957943,S,0.00036075936773635536,S,0.0003396438173927591,0.001089073349385016,0.13781014048937837
275,-,-,,-,,-,,-,,-,,-,,-,,-,,-,,-,,-,,-,,-,,,
276,-,-,,-,,-,,-,,-,,-,,-,,-,,-,,-,,-,,-,,-,,,
277,N,F,5.211908698017938e-05,-,,-,,N,2.4913623787051374e-05,T,4.765061067710703e-05,S,2.8077388391594008e-05,N,5.213613084445136e-05,N,5.8003914336315916e-05,-,,S,0.0010754837819166585,F,5.030733679174886e-05,S,0.00021405552547277775,S,2.9959755596492186e-05,0.00016327071547943766,0.020660096265075492
278,L,V,0.0016564266457961023,I,0.0003208747905316297,L,0.00011911890166199989,L,8.888106796818417e-05,L,5.5594295950822046e-05,L,4.231703386230412e-05,L,3.947266290053385e-05,L,3.551200991684713e-05,L,4.415481204805049e-05,L,9.210738374759809e-05,V,0.0016564266457961023,L,7.715416429903103e-05,L,0.0001267723082040424,0.0003349855940525575,0.04238870761493631
279,A,A,0.002612656187071632,S,0.001174291637930181,K,0.0013062097783265074,S,0.000863727213506863,G,0.0008389442606524405,S,0.0008981009098282338,L,0.0012621745929272828,L,0.00017449386871057492,A,0.000997003556864568,S,0.0007183007154617559,A,0.002612656187071632,S,0.001068354977386682,S,0.0010666590662700341,0.001199505611692953,0.15178411716579823
280,T,E,0.0009936687071817423,L,0.0007767055213930526,G,0.002938242473951051,S,0.001551147199748416,R,0.0015426368828340786,Q,0.0015307422326450984,L,0.0021571235340223584,S,0.0023675293531558983,I,0.0031791093680025246,R,0.0018853559923648494,E,0.0012833795674336685,R,0.002290397880761388,Q,0.0015611367800056105,0.0018505519610384409,0.23416680417128102
281,L,Q,9.087547007014992e-05,L,0.0009489001491211069,L,0.0022859844259858846,W,0.0006177730683222513,L,0.0014667850613166488,E,0.0003556449773241639,W,0.0022044975114921517,W,0.00043874457807739723,E,0.001680107431568409,E,0.0011246097278933085,Q,1.866154090169498e-05,E,0.0013475291040699392,E,0.001149266562689836,0.0010561061237563802,0.13363850411796882
282,V,A,0.0020751278686796607,V,0.0006824842363780833,V,0.0006859169184614246,I,1.9836156861651155e-05,V,0.00012955834878730491,I,0.0015158200793550089,I,6.186029039276388e-05,T,0.0020723972112223657,V,0.00064873140348434,I,0.00017489459561191337,A,0.0014501687310138744,I,0.00011721905269825128,I,0.0025604462802333093,0.0009380354748599964,0.11869797442704315
283,N,K,0.001500208568512437,N,0.00018818000185564715,E,0.002735925671292732,R,8.620755711651694e-05,K,0.00027145000477759646,A,0.00021532550613939276,R,0.0027424065104483236,L,0.0016218396670543492,K,2.2769152611819434e-05,G,0.0005799280936721919,K,0.00161963635929019,E,0.0003824230073039155,D,0.0002485583398075592,0.0009396044953755902,0.1188965165526096
284,H,R,0.00012259703954956602,H,0.00010805064492313375,H,0.00018974562257920348,H,9.389408548235223e-05,H,7.251906119063603e-05,Y,0.0012044528197452627,R,3.8886739934685334e-06,H,0.00020334206199949136,H,0.00015286278685135558,D,0.00012363260007339916,R,0.00012259703954956602,Y,0.0024603248814889255,Y,0.0012044528197452627,0.000466335395167048,0.059009566581930045
285,S,A,2.607289691463639e-05,A,0.0013562640051005981,A,1.1087410083282e-05,S,0.0005639155870858246,A,1.952330860190901e-05,A,0.0004003667015256485,S,0.000850771352761461,S,0.00020015661212793222,A,4.892081896457882e-05,V,0.00016553879074419713,A,5.199473856548555e-05,V,6.335822391859086e-06,T,0.0011777166162123343,0.0003752818970061343,0.04748775734778562
286,L,L,0.0001932723807784097,L,0.00020414487184289022,L,0.000234855755389469,L,0.00020744837812073752,L,0.00016331450267481243,L,0.00041347480357620617,L,0.0001688207300161597,L,5.315881566484167e-05,L,8.397914781565258e-05,L,0.00033517141044022217,L,0.00018868510433895343,L,0.00042644483993879294,L,0.00024837853873654257,0.00022470379071797616,0.028433769851063273
287,E,E,0.0005948361192471389,E,1.1280779856244781e-05,E,8.531316483060908e-05,D,0.0003747478032592327,N,0.0009055297182444017,E,0.00015856627804545242,E,3.65310589572103e-05,E,5.696199454193634e-05,E,3.2762046487433615e-05,E,2.62933510311246e-05,E,0.00013401798455912374,E,6.899924217485322e-05,E,7.313888765908784e-05,0.00019684449453029608,0.024908485237563744
288,F,L,0.0018722022318650795,M,8.145618180410878e-05,L,0.0014076884377919618,L,0.0013782639114478447,L,0.001297688969522815,Y,0.0013062097783265074,L,0.001465514356720753,L,0.0014072453424697907,L,0.001464707035799193,H,0.0019834674337262117,L,0.0018557246114744705,D,0.0032339905955983783,Y,0.0013062097783265074,0.0015431052819133554,0.19526284047852685
289,P,P,6.556127494391605e-05,P,0.00011996855050698365,P,0.00014970284674146791,P,0.00023138792440894717,P,4.391548900387888e-05,G,0.0007188678153399619,P,0.00012035526451525502,P,0.00012767316344140353,P,3.476719584964591e-05,G,0.0007598658006039878,P,0.0001435790074359142,G,0.0007248947234830878,G,0.0007160069777677416,0.00030434969492632247,0.03851207472791456
290,L,L,0.00020277085333679693,L,0.0004683623900535703,L,0.0007798206558575496,L,0.00011251721308867705,L,0.00018553590777906694,W,0.0005977249889188431,L,0.00048085708573085325,L,0.0005964833039803817,L,0.00014753282855935104,W,0.0005484884954061724,L,0.00020277085333679693,W,0.0005977249889188431,W,0.0001431120983845911,0.00038951551256549954,0.049288863362376444
291,H,H,0.0,Q,0.0,H,0.0,H,0.0,H,0.0,H,0.0,H,0.0,H,0.0,H,0.0,H,0.0,H,0.0,Q,0.0,H,0.0,0.0,0.0
292,W,W,0.0,W,0.0,W,0.0,W,0.0,W,0.0,T,0.0,W,0.0,W,0.0,W,0.0,T,0.0,W,0.0,T,0.0,T,0.0,0.0,0.0
293,R,K,0.004328364365479441,R,0.0007416289413481667,R,0.0007162567445288188,R,0.00025711835433000335,S,0.0004866226219607018,N,0.000983181978861979,R,0.0008670650778228745,R,9.186126207692927e-06,R,0.0007564540325472282,N,0.0012535905904544318,K,0.004475531476662615,N,0.00022247889032388034,N,0.0001629482571125364,0.0011738790352031055,0.14854135844039013
294,M,A,0.0007959317854845032,I,0.0015832533046972344,V,0.0005488701824793185,I,0.0010966630397067393,A,0.0015494274585431001,M,0.002813907874467856,V,0.005967325789480716,I,0.0007494147315525356,M,0.0027339683646030667,L,0.00038516445056719755,V,0.0004088937395034539,M,0.0026963553803684595,M,0.002796047987547016,0.0018557864683847076,0.23482917295772598
295,P,P,0.0001421933289401478,T,1.919506352921596e-05,L,0.0011033429603288841,Q,0.00020970212888750324,A,4.10113301366418e-05,P,3.937989852606376e-05,Q,0.0011628612275620014,Q,0.0002532188285573002,P,0.0006401717597783988,P,3.6343559806076394e-05,P,0.0001421933289401478,P,3.392822755023186e-05,P,4.849822333089143e-05,0.0002978492204518081,0.03768951185729955
296,R,M,2.518081902517936e-05,R,3.457324406456252e-06,R,0.00035724425857561795,R,3.457324406456252e-06,R,7.374757805747796e-06,R,1.1767568141852643e-05,R,8.158029630176944e-06,R,8.158029630176944e-06,R,2.0092595915868968e-05,R,4.521975437347605e-06,M,2.518081902517936e-05,R,6.085202289044903e-06,R,1.1767568141852643e-05,3.788048249468904e-05,0.00479335447639626
297,L,L,0.000233384848303476,S,0.0032596521647985078,L,0.0002357068848240924,L,9.523762631433446e-05,Y,0.0021250381849791397,L,0.00011596737056765757,L,0.00017863411920613083,L,9.761615351520361e-05,L,0.00012504232650233996,L,0.00016136873595529443,L,0.0002252954092489685,L,0.000196718091801336,L,0.00011596737056765757,0.0005512022528141646,0.06974852514872032
298,E,E,0.0,E,0.0,E,0.0,E,0.0,E,0.0,E,0.0,E,0.0,E,0.0,E,0.0,E,0.0,E,0.0,E,0.0,E,0.0,0.0,0.0
299,A,A,0.00013310967914206357,A,0.00013310967914206357,A,3.4907268171429375e-05,A,0.00013310967914206357,A,0.00012993475539157476,A,1.942712959193009e-05,A,0.00013310967914206357,A,4.248336455286586e-05,A,0.00013310967914206357,A,1.942712959193009e-05,A,0.00013310967914206357,T,0.0003138228626388698,T,0.0003138228626388698,0.00012865257287921928,0.01627955468088248
300,-,-,,K,2.438490546383313e-05,R,2.3806855344022466e-05,R,4.126873291302543e-05,R,0.00017501172398920125,-,,R,0.0009644263791097206,K,3.9630664852363917e-05,R,1.6909215304061238e-05,-,,-,,-,,-,,0.00018363406813946113,0.023236852451880775
301,R,R,0.0006234397509787071,W,0.001002993502148327,W,0.0010496563619920433,W,0.00187580386971732,-,,R,0.00014182776975684005,-,,-,,W,0.00187580386971732,R,0.00014182776975684005,R,0.0006234397509787071,R,0.00014182776975684005,R,0.00014182776975684005,0.0007618448184559786,0.0964030030868074
302,W,W,0.002146064630794487,F,0.0009659214516818196,Y,0.0013188819917679582,-,,W,0.0017117360984043267,N,0.0019956599821903884,G,0.001598462818009485,W,0.0017381354147866955,F,0.001234146888356159,N,0.0011220001783147208,W,0.0019918832213227725,N,0.0021951436375737114,N,0.0011921341818222422,0.0016008475412520639,0.20256948229116048
303,F,F,0.001227233265778451,I,9.259595860191286e-05,-,,F,0.001227233265778451,F,0.00010987575289277897,Y,0.0001344520909001627,F,0.001227233265778451,F,0.00034285000718626147,I,7.030014022310116e-05,Y,0.0010001353845794348,F,0.001227233265778451,Y,0.0005270796817311589,Y,0.00027412605112193803,0.0006216956775292127,0.07866868536478286
304,I,I,0.0011307560473216008,E,0.0031337508478246363,I,2.587499899153937e-05,L,0.0004920470057757997,I,0.0006160161605101288,M,0.0003752228460406717,L,0.00010579579919994452,L,0.0006762423439274056,-,,I,5.452480742100099e-05,I,0.00045102409781302614,I,0.00038394527772200664,L,0.003409470926435418,0.0009045559299152649,0.11446150973441316
305,N,H,0.0004013464915179359,E,0.00036706477317002286,D,0.0008183371799557223,D,0.0008169663771217106,D,0.0008183371799557223,D,0.00010935445951705141,D,5.050893346852561e-05,D,0.0008172760576325521,D,0.00019488633220358944,D,9.938457851864286e-05,H,0.0004013464915179359,D,0.00014159020137232946,D,0.00010935445951705141,0.0003958271934975994,0.05008753650635521
306,I,V,0.0012453343046042512,I,0.00043994722165981685,T,0.0018870662148924742,A,0.0003301503393963742,E,0.0007889690193850294,V,0.0012787031843483057,A,0.0006420627886220577,A,0.00025655774175482697,V,0.0018555437317646112,V,0.0020029950601882576,I,0.0013062097783265074,V,0.0020742360807918074,V,0.0020529339669387078,0.0012431314948210025,0.15730448830172278
307,Y,Y,0.00042354559319473964,Y,0.0010389505688463622,Y,0.0005962573683848307,Y,0.00019641089156613727,Y,6.542620847742001e-05,F,0.00011275444882877964,Y,0.00011685958621247006,Y,0.00013561027717921836,Y,0.00010279490793850792,F,0.0002727922312517459,Y,0.00040659540607277495,L,0.0002087518008402688,F,0.00021096599806318572,0.0002990550220658801,0.03784209266366252
308,R,E,1.7031937418988435e-05,-,,-,,-,,-,,G,0.000881791953113948,-,,-,,-,,G,0.00025320554791026046,E,1.534272871398909e-05,-,,G,0.0020061832291047277,0.0006347110792523827,0.08031563994411273
309,-,-,,-,,-,,-,,-,,H,0.006930206659442795,-,,-,,-,,Q,0.007181271606950726,-,,-,,H,0.006959556311145031,0.007023678192512851,0.8887684920478107
310,-,-,,-,,-,,-,,-,,-,,-,,-,,-,,D,0.0024727557449885887,-,,-,,-,,0.0024727557449885887,0.31289978476217717
311,-,-,,-,,-,,-,,-,,-,,-,,-,,-,,T,0.0040730243602795915,-,,-,,-,,0.0040730243602795915,0.5153960104007239
312,-,-,,-,,-,,-,,-,,-,,-,,-,,-,,-,,-,,-,,-,,,
313,-,-,,-,,-,,-,,-,,-,,-,,-,,-,,-,,-,,-,,-,,,
314,-,-,,-,,-,,-,,-,,P,0.007902708360339824,-,,-,,-,,-,,-,,-,,P,0.007902708360339824,0.007902708360339824,1.0
315,-,-,,-,,-,,-,,-,,S,0.000969028881818026,-,,-,,-,,-,,-,,G,0.0022202541651097562,T,0.00025708836137665824,0.0011487904694348135,0.14536667899831426
316,-,-,,-,,-,,-,,-,,S,0.002029184780415781,-,,-,,-,,-,,-,,E,0.00026745974124338,S,0.0020870165266422052,0.0014612203494337886,0.18490121143366536
317,-,-,,-,,-,,-,,-,,P,0.007157476205925056,-,,-,,-,,-,,-,,-,,P,0.007359593011848654,0.007258534608886855,0.9184869639520307
318,-,-,,-,,-,,-,,-,,W,0.0,-,,-,,-,,-,,-,,-,,W,0.0,0.0,0.0
319,-,-,,-,,-,,-,,-,,L,0.002699332762656637,-,,-,,-,,-,,-,,-,,L,0.002699332762656637,0.002699332762656637,0.34157059068551576
320,-,-,,-,,-,,-,,-,,K,0.004540078252863918,-,,-,,-,,-,,-,,N,0.0014228919315145802,K,0.005312285804845901,0.0037584186630747994,0.4755861524558631
321,-,-,,-,,-,,-,,-,,K,0.005740778254871565,-,,-,,-,,-,,-,,D,0.003793694606696119,K,0.006171986302866038,0.005235486388144574,0.6624926733243948
322,-,-,,-,,-,,-,,-,,N,0.0016926724797824307,-,,-,,-,,K,0.00037791092176773784,-,,R,0.00423818513151386,K,0.0016538496189594403,0.001990654538005867,0.25189522974124623
323,-,-,,E,7.030882102952454e-05,E,0.0007494809081624031,A,1.3768184136839112e-05,-,,K,0.0021448383031999695,V,0.001737952776634852,A,0.00038551411876913103,E,0.0007381063033412591,N,0.0009178939690234807,-,,D,0.0014867016783707016,R,0.0013062097783265074,0.0009550774840994668,0.12085445148052985
324,-,-,,-,,-,,-,,-,,-,,-,,-,,-,,-,,-,,-,,-,,,
325,-,-,,-,,-,,-,,-,,-,,-,,-,,-,,-,,-,,-,,-,,,
326,-,-,,-,,-,,-,,-,,-,,-,,-,,-,,-,,-,,-,,-,,,
327,-,-,,R,0.0009603244618600606,R,0.00047865355079105534,A,0.007902708360339824,E,0.001443019223695816,-,,R,0.0016091184104805678,S,0.0012797194044893243,K,0.0023877307613994936,M,0.002334192884573934,-,,E,0.007902708360339824,-,,0.0029220194908855437,0.36974912367383556
328,H,K,0.000700474305774935,-,,-,,-,,K,2.887966951355939e-05,T,0.002647869276494624,-,,-,,-,,E,0.0007429770984342002,R,0.00256670413682107,T,0.0026521739470263873,T,0.0026509878366503567,0.0017128666101021617,0.21674425171733236
329,N,R,0.0010444634139266703,K,1.216862298206851e-05,M,0.0008831632651547284,R,0.00048464977231966615,E,0.0004955881489448351,Q,0.002665732515940178,R,0.0012060583426901454,R,0.0005406394660194883,R,0.0008825863402223513,P,0.0022404613685617944,R,0.001661094524695635,L,0.000651631346344721,Q,0.0013449552910226048,0.001085630186063453,0.1373744464001415
330,Q,E,0.0009870938616470257,Q,0.0004667006750557371,E,0.002218408407876865,E,0.0017716385378552908,E,0.002719730547673627,Y,0.0011803922347750936,P,0.00016907608758421193,P,0.00020645142153234922,Q,0.0011040228763526025,N,6.589821235524791e-05,E,0.0010608592664456955,Y,0.0011928453351117759,Y,0.0012248166542532764,0.0011052257014245231,0.13985404130198692
331,D,D,2.9647202211873198e-05,D,3.620799001345991e-05,D,8.808749616857778e-06,D,2.8437743957006638e-05,N,0.0024154635661172833,M,0.00014272450223903465,D,1.2538056332157923e-05,D,6.613083770513596e-06,D,0.00010691670362752066,R,0.00014002853918735635,D,2.9647202211873198e-05,M,0.00018882963337675543,L,0.00021397417441102807,0.0002584490113132862,0.032703852847503115
332,V,K,0.0017360522387545301,M,0.001242049709288027,M,0.0018341321001408553,K,0.001884651168413072,V,0.0013062097783265074,D,0.0029937813300684457,M,0.0007220654756965408,M,0.0010590667509664169,M,0.000698247896236799,K,0.0021797048616305826,K,0.0017291218790007627,N,0.0003117393636554945,D,0.003384596810395777,0.0016216476432749083,0.20520150426064515
333,N,N,0.0016041641747323527,N,0.0015131891424282817,N,0.00013176672474621921,N,0.0030036960248760055,N,0.0019746285477722915,G,0.0009450365095853059,N,0.0017979265490081595,N,0.0018452618152171743,N,0.0007540881890901922,T,0.0002139968524366252,N,0.0015241671809005195,M,0.0022010750742678213,S,0.0020852850288106913,0.0015072524472208955,0.19072606231872666
334,P,H,0.0005084701496262784,P,0.0001168789967626263,P,7.813411723722773e-05,P,0.0005668139716239862,P,0.0006177832422598298,E,9.172663359302276e-05,P,0.00010752222648719959,P,0.0003817557326877617,P,0.000257768423945738,E,7.041084323553313e-05,H,0.0005084701496262784,E,0.00033804708455171666,E,5.459368559286545e-05,0.0002844904044023126,0.035999102007869016
335,I,L,0.0007542673886448885,T,0.00017663900446649003,L,0.0007626543257415407,L,0.0007527689591849246,N,0.0005784597118776887,K,0.0007319813153606157,I,0.00029260302742514576,I,0.0008724003946837526,I,0.0003247413845372219,K,0.0005759675363912751,L,0.0007495175292628678,K,0.00046889008552477543,K,0.0008479713452349223,0.0006068355391027776,0.07678829983758671
336,L,L,0.0008050560392560398,L,2.144002047829129e-06,L,0.000606419275281801,I,0.00011108083169835506,L,9.287524490602778e-05,L,0.0007603382371128609,V,0.0008256985453972648,I,0.00012206439465864739,L,0.0001175442387852551,L,0.00040472187447419117,L,0.0008050560392560398,L,0.0002916243015670091,L,0.0007603382371128609,0.0004388431739657063,0.05553073123235382
337,L,L,0.00028195839785561874,L,0.0002583098897728099,L,0.0003507653155512468,F,3.04961754409504e-05,L,0.00023788655318202195,L,3.2014903661557295e-05,F,4.7472559459985855e-05,F,4.7472559459985855e-05,L,3.6194029780455296e-05,L,0.00017792432690599716,L,0.00028195839785561874,L,0.0001706523966734323,L,3.2014903661557295e-05,0.00015270156994317213,0.019322688245654283
338,E,E,3.2919806179318683e-05,E,3.369927078296783e-05,E,3.7996291265383374e-05,E,0.0007636475468926774,K,0.0007392722355542053,E,4.879596712120415e-05,E,2.551755904195498e-05,E,3.0919643528539424e-05,E,3.3126579685951084e-05,E,5.0288004295818886e-05,E,3.2919806179318683e-05,E,4.879596712120415e-05,E,4.879596712120415e-05,0.0001482072803669037,0.018753985799436823
339,F,L,0.00031123616037689357,F,0.0013062097783265074,L,9.075252754380351e-05,L,0.0003145177141378598,Y,0.00031076902652301395,L,2.7771955824042347e-05,L,9.183761317996933e-05,L,0.00030749121155352043,F,0.00024936830718942367,L,0.0002280414989928872,L,0.00030917779792495473,I,2.1550089148520572e-05,L,2.8442525144878703e-05,0.00027670509275894427,0.035013957258957444
340,A,A,0.0,A,0.0,A,0.0,A,0.0,A,0.0,A,0.0,A,0.0,A,0.0,A,0.0,A,0.0,A,0.0,A,0.0,A,0.0,0.0,0.0
341,E,K,0.0,K,0.0,K,0.0,K,0.0,K,0.0,K,0.0,K,0.0,K,0.0,K,0.0,K,0.0,K,0.0,K,0.0,K,0.0,0.0,0.0
342,L,L,0.0010328368714095067,L,0.0008424313894805533,L,0.0013062097783265074,L,0.0006423825726877406,F,0.004379953713479227,L,0.0006113451590886923,L,0.0006437952252946704,L,0.0006956940409609255,L,0.0008712146593889562,L,0.0006584730589197297,M,0.0010517983710792906,L,0.0008486468882326634,L,0.0004188863808785937,0.0010772052391713122,0.1363083629123056
343,D,E,0.000469205381105252,D,1.4780105624267891e-05,D,0.0003471659524031699,D,9.49451380071076e-06,D,0.0002927496113704879,E,0.00039468360997306327,D,0.0008005499110702707,E,0.0007183012571028142,D,0.00034948597937780186,E,0.0001879617175687862,E,0.000469205381105252,E,0.00046550472683188515,E,0.00039468360997306327,0.00037798244286975575,0.04782948144292929
344,F,F,0.0,F,0.0,F,0.0,F,0.0,F,0.0,F,0.0,F,0.0,F,0.0,F,0.0,F,0.0,F,0.0,F,0.0,F,0.0,0.0,0.0
345,N,N,0.0,N,0.0,N,0.0,N,0.0,N,0.0,N,0.0,N,0.0,N,0.0,N,0.0,N,0.0,N,0.0,N,0.0,N,0.0,0.0,0.0
346,I,T,0.0002050673678616165,M,4.2997059498183177e-05,I,0.00023406226884405444,I,6.650008203505724e-05,I,0.0006317795646578299,I,1.750333084740806e-05,I,2.5092528943846896e-05,I,4.3112199732315495e-05,M,4.474591508110561e-05,I,2.513269385486073e-05,T,0.00020088359332270835,I,2.513269385486073e-05,I,2.469205022238221e-05,0.00012205394990432532,0.01544457220727767
347,V,L,5.304310493222615e-05,L,0.0015323635808101414,V,9.654180880352839e-05,I,7.527384764760422e-06,V,0.0001316217154833173,F,8.863478621220945e-05,T,0.0009352536356746064,A,8.558756753837546e-05,V,9.654180880352839e-05,F,8.442569342101587e-05,L,5.304310493222615e-05,F,6.31996578738437e-05,F,9.54194927671758e-05,0.0002556310263089965,0.032347268133023216
348,Q,Q,8.67675026694797e-05,Q,3.6155335319723978e-06,Q,0.0002730476926276703,Q,0.0005090240161844397,Q,0.0002524558634367617,H,0.0009871456281826515,Q,6.132432300765357e-05,Q,3.2720849667533365e-05,Q,2.4559537759256812e-05,Q,8.83742285941681e-05,Q,7.196240868698538e-05,H,0.0029421270662298086,H,0.0017334487898049411,0.0005435825723371787,0.06878433918492775
349,A,A,0.0,S,0.0,N,0.0,A,0.0,S,0.0,S,0.0,A,0.0,A,0.0,A,0.0,S,0.0,A,0.0,S,0.0,S,0.0,0.0,0.0
350,A,I,7.147833838673501e-06,T,0.00010629743716514232,V,0.0013730045416295888,T,0.00021462434431857215,I,3.9573188396095405e-05,L,6.469478111231199e-05,T,0.00031070562364160156,L,0.0003858777648981255,T,0.00010278387300030004,I,0.0010214444310511395,I,7.147833838673501e-06,L,0.00033682646637403415,L,2.170603402872554e-05,0.00030706416563792185,0.038855560857963614
351,H,Y,0.00012345870933088682,Y,0.0015092817635016802,Y,0.0012120720377421768,Q,0.0002002546443295592,H,3.7574420214876353e-05,Q,0.00021552691064958467,Q,0.0007944613048203175,Q,0.002086178645040286,H,0.0002598902288689154,Q,0.0006492828759511323,Y,0.00012345870933088682,Q,0.0002187037991714709,Q,0.0002253445299996885,0.0005888837368424201,0.07451669857865001
352,Q,Q,0.0011420960207108718,Q,0.0002432948767003568,Q,0.0006725064947591421,Q,0.0009326264213752042,Q,0.000987507979084384,Q,0.001102273317105856,Q,0.0006141520325119999,Q,0.0002917242480882563,Q,0.0007528351497624997,K,0.0015846582680594501,Q,0.0007863320130701485,Q,0.0009042630506268268,Q,0.0010767050173796403,0.0008531519145565104,0.10795690232453727
353,A,E,0.002084921656212231,E,0.0031858541108383794,G,0.0019026653844632566,E,0.0025386153228326,R,0.0038665060419390152,E,0.002446703970855361,E,0.0013208102053062275,E,0.0004952892677895169,E,0.0031072186395879465,T,0.0011372732611434689,E,0.0021037644152535153,R,0.00037563421211544003,K,0.004790185010770724,0.002258110884546745,0.2857388608542356
354,D,E,0.00013724196910458895,E,0.000991718486805841,Q,6.969699983206022e-05,E,2.307340246847607e-06,E,2.1314346803526414e-05,E,2.807344870568744e-05,E,1.4404597262740031e-06,E,1.7274541085548062e-05,D,0.0008865803900393225,E,1.0177338368354848e-05,E,1.2596530274672289e-05,E,1.2596530274672289e-05,E,2.1600992050841415e-05,0.000170201490255249,0.021537108861237313
355,L,L,6.287080811655456e-05,L,6.075160886234409e-05,V,0.0018991288430363908,L,4.9430201782643545e-05,L,0.00020085288855095103,L,6.196490459064484e-05,L,0.00023983538123179416,L,5.3595090404041584e-05,L,5.102357583867623e-05,L,5.72455765040891e-05,L,6.287080811655456e-05,L,2.9878886056944444e-05,L,6.196490459064484e-05,0.00022241642136017493,0.028144328655272662
356,K,K,0.0011584045883409188,K,0.0006337590371947514,R,0.00047411677533018706,K,0.0007599149045942297,G,0.004554060524290242,Q,0.0006445612562199128,K,0.0008460927847216697,K,0.0014185701992880104,R,0.0004268638227090955,E,0.003675879397161921,K,0.0006339417588816265,K,0.0019468449422671923,Q,0.000639335564478155,0.0013701804273444549,0.17338112010064557
357,Q,D,0.0006305028922158951,V,0.0022562880137668375,K,0.0004895541259236674,E,0.0006687142751735521,N,0.0010567159757554332,Y,0.0017390681334785046,D,0.00047908988276810843,D,0.0004929259616389686,H,0.0013062097783265074,S,0.00019732175384745153,E,0.0006709568043115628,D,0.0005924592380443816,Y,0.002345032384088445,0.0009942184014876396,0.12580729999821066
358,V,I,0.002924323975589182,L,0.0014824254215462288,M,0.002053748692707311,V,0.001237424246893225,L,0.0014069365092216806,I,0.001876778333972221,L,0.0027662114781314114,L,0.0019102135282760761,M,0.0014531090723298526,L,0.0017212882652912849,I,0.002337305312235023,L,0.002030420503269043,L,0.0018658754425333395,0.0019281585216919905,0.24398705276390562
359,S,S,0.0016703709098119393,S,0.0022241396545702183,S,0.004537310419693348,S,0.0016439106361748317,A,0.0008487645204746561,S,0.0025182895566067515,S,0.0028017944611062233,S,0.00128947309358957,S,0.0011899633149474542,L,0.0007494395965671425,S,0.0014362303951166544,S,0.0031031300610341998,S,0.00290169903014412,0.002070347357679778,0.2619794712493669
360,T,G,0.007902708360339824,R,0.0008560310626948475,G,0.007848824559711864,R,0.0002215163408776919,R,0.00046092956751073296,R,0.0005500573309227335,R,0.00048733627533207067,R,0.0007269437158854301,S,0.001024036087703514,R,0.00045779771385314215,G,0.007902708360339824,R,0.0004234005824387056,R,0.0006744376919928146,0.0022720559730463994,0.2875034569729078
361,W,W,0.0,W,0.0,W,0.0,W,0.0,W,0.0,W,0.0,W,0.0,W,0.0,W,0.0,W,0.0,W,0.0,W,0.0,W,0.0,0.0,0.0
362,W,W,0.0,W,0.0,W,0.0,W,0.0,W,0.0,W,0.0,W,0.0,W,0.0,W,0.0,W,0.0,W,0.0,W,0.0,W,0.0,0.0,0.0
363,K,K,0.00027007663606428784,K,0.00046238671957370516,K,0.00016804107413401123,N,0.000256884684747859,V,0.004371011314866406,K,0.00011348856969160478,N,0.00015262369396476546,N,1.0119318331177352e-05,S,2.0640511046674358e-05,N,0.0014170263286605277,K,0.00027007663606428784,K,7.950735204424357e-05,I,7.733476865882653e-05,0.0005899398159883367,0.07465033366902189
364,S,D,0.002774319839726659,D,0.0019498983146727718,D,0.0009217069470080935,D,0.00196506932384382,E,0.0003046846798369302,D,0.0022318326150620074,S,0.00032200063708202566,D,0.0026949356151245345,S,0.0013872870198003034,D,0.0005126208370958655,D,0.002906350101906679,D,0.0022732836284188795,H,0.0003288551508187709,0.0015825265161844107,0.20025115998540538
365,-,-,,S,5.95329713284624e-05,L,0.0005367579834442076,S,0.0007687685706342276,-,,-,,T,0.0010764133647967143,T,0.0010821743062908284,T,0.0005980638840524603,-,,-,,-,,-,,0.0006869518467578166,0.08692612904777332
366,T,T,0.002428612777755803,K,0.0035052973887538274,G,0.0011334253679598388,-,,T,0.0037860604045415816,S,0.0037439806305475803,-,,-,,R,0.0043086434918033325,S,0.0021026211334082908,T,0.002428612777755803,S,0.0027654511238500773,S,0.002535022310687811,0.002873772740706395,0.3636440331176311
367,G,G,0.0005808785222741936,L,0.004635500158899058,-,,C,0.0028935047174112553,G,0.0007255122165127979,-,,G,0.0018081617064259604,G,0.0015722058047149487,L,0.004672501283076258,G,0.002166524815530382,G,0.0002822996316423115,-,,-,,0.0021485654284985737,0.27187709966386553
368,-,-,,-,,-,,-,,-,,-,,-,,-,,-,,-,,-,,-,,-,,,
369,L,L,0.0005352439941047212,-,,L,0.00017357837451516283,L,0.00021190647054357696,L,1.6570097103173767e-06,G,0.0022104953170429334,L,0.0003768371063939813,I,0.0020146087688728744,-,,-,,L,0.0005352439941047212,G,0.0009174281722332834,G,0.0005928728487813784,0.0007569872056302952,0.0957883261173191
370,V,G,0.0023980448267252965,G,0.0008171062693925256,G,0.0015593850814114778,A,0.001968865156110719,D,0.001895052001170472,L,0.0022305338935766886,A,0.0013370144934631808,A,0.0016481025872881051,G,0.0012043683507453374,S,7.177190710037459e-05,G,0.002460282170899858,F,0.0027780098718925106,L,0.0018887076141280467,0.0017120957095311225,0.2166467028093013
371,E,E,0.0004258459362396956,E,0.0017416489384509055,Q,0.00018730257451392602,E,0.0024604728701808814,-,,P,4.338802209042004e-06,E,0.0015749191212514912,E,0.002274974029268376,E,0.0017803647361054283,P,0.00022112129423527513,E,0.0006555496762165349,S,0.00045017358388385874,P,0.0008179925290543112,0.0010495586743008102,0.13280999708505986
372,N,K,0.0017604574230663372,K,0.0006716284606208584,K,0.0016326871281711858,K,0.0017318880577977458,K,0.0024606667951375715,K,0.002980261423919349,K,0.001530006480025962,K,0.001334715938865512,K,0.0011629387039024336,Q,0.0005724761038453125,K,0.0017449820952517795,H,0.002438086618217199,E,0.0010436152949485702,0.0016203392710592167,0.2050359442834786
373,L,L,0.0,L,0.0,L,0.0,L,0.0,L,0.0,L,0.0,L,0.0,L,0.0,L,0.0,I,0.0,L,0.0,L,0.0,L,0.0,0.0,0.0
374,S,S,0.00022450718520777258,P,4.69008356993138e-06,G,0.00021276172307018964,P,4.894473932759449e-05,S,0.0013047031523464188,A,0.0003801488489700044,P,1.518077423441461e-05,P,2.5368214308181503e-05,N,1.5961450832434917e-05,T,0.00038300393558771313,S,0.00023158530620723725,T,0.00038307920603352985,T,0.0004244130285240084,0.0002811036652476485,0.03557054777048116
375,F,F,0.0002929525431717079,F,0.00026148980983123604,F,0.0002871725902942167,F,8.160854840018732e-05,F,0.0002294988722541151,F,6.96513213014789e-05,F,0.00025650869949336353,F,0.0002647221305565392,F,6.88841303536783e-05,F,0.0002372327255888707,F,0.0002929525431717079,F,0.0002316736082715984,F,0.0002372327255888707,0.0002162754037136593,0.027367251055226752
376,A,A,0.002485679382774864,V,0.0006746388181349954,A,0.0030524243385358953,V,0.0002440216235645639,V,0.00015978104395045884,S,0.000991297717648521,A,0.003609398264963532,A,0.0028483374069158164,A,0.002522214245690459,T,0.0009687429421765919,A,0.002490779087148588,S,0.0005206507511422941,G,0.0004721381045514584,0.0016184695174767721,0.20479934772731212
377,R,R,0.0,R,0.0,R,0.0,R,0.0,R,0.0,R,0.0,R,0.0,R,0.0,R,0.0,R,0.0,R,0.0,R,0.0,R,0.0,0.0,0.0
378,D,N,0.003184722719347767,D,0.0006705935677390556,D,0.0010234489999831962,D,0.00025360513510368243,N,0.0035204146785342352,H,0.0006469297367650765,D,0.0002177378332018714,D,0.0006962140943286091,D,0.00027751907114806845,H,0.00039754957375624415,N,0.003184722719347767,H,0.0022489207052289557,H,0.0006469297367650765,0.0013053314285576623,0.1651751993162926
379,R,R,0.0003042495755889675,R,0.00012735132406841758,R,0.00012836532256572207,R,6.20072925814448e-05,T,3.087396525785568e-05,R,0.00017092802419766046,R,0.0003042495755889675,R,7.65182699958489e-05,R,9.692819546366464e-05,R,0.0003098273693776222,R,0.00030641424529220535,R,0.00012562111149028523,R,0.00014465974851542144,0.00016830723230646795,0.02129741154958053
380,P,L,0.0017300926262682167,L,0.0019236972609264515,L,0.0015172082399916393,I,0.005573463847703115,L,0.0012680467821719291,H,0.002336302840594031,V,0.003044793347797318,I,0.0009373852283765146,L,0.0009656210342196014,H,0.0011400253951929762,L,0.0017490980165246626,H,0.001449015628365827,H,0.0022896959786771975,0.0019941881712930366,0.2523423718001514
381,V,V,0.00029568651049213866,V,0.0003745027504531909,M,0.0027311414951246425,V,6.266298794256591e-05,M,0.0020669216246946252,V,0.0002985633448376355,V,0.0002704458127641136,V,0.0002509413012927338,M,0.0025510800467042133,V,0.00024082985844338595,V,0.0002942009621876226,V,7.260876212934029e-05,V,0.0003002373317197491,0.0007546017529835353,0.09548647357031997
382,E,A,0.007902708360339824,E,0.0011162009113871761,E,0.0006215654588505557,K,0.0073422911494849755,Q,0.0015355338334363659,E,0.0007753583085298481,E,0.0005835783027565354,E,0.0005633381580014729,E,0.0005876436049481619,E,0.0005321657285100626,A,0.007902708360339824,E,0.000718373943105908,E,0.0007753648743634684,0.0023812946918503218,0.3013264039706919
383,N,S,0.0004659724359378335,C,0.00024331960603405988,G,0.0012553735748715295,C,0.0007777029214208096,N,5.01554467404349e-05,Y,0.00012575701743639689,S,0.0005468194964840095,S,0.002124490106430159,N,0.0005551878443622828,Y,0.00017534609597821146,S,0.00013716128885478158,F,0.0024591379198809697,Y,0.00011725792469950262,0.0006948985907023832,0.08793170126203441
384,F,F,0.007902708360339824,F,0.007902708360339824,F,0.007902708360339824,C,0.007902708360339824,F,0.007902708360339824,Y,0.00013094273637256494,Y,0.0013062097783265074,H,0.007902708360339824,F,0.007902708360339824,Y,0.0013062097783265074,F,0.007902708360339824,Y,0.0010524991155067527,Y,0.0005837690311153261,0.005200099794028173,0.6580148927328712
385,F,L,0.0028141170389943664,L,0.00022709543422096351,L,0.0015978781967353661,F,0.0006497717561307733,M,0.000599799074406376,T,0.0016532018913078394,F,0.002421298639123287,Y,0.003140097459261838,L,0.0009083598772972867,T,0.0018559926607663129,L,0.0026936719207511363,A,0.00023060824718289436,T,0.0030364598988020662,0.0016791040073061926,0.212471969196392
386,W,W,1.6753938781992724e-06,W,1.5416926213503076e-06,W,1.97250758010658e-06,W,2.4138024679036116e-06,W,1.7748968922192391e-06,L,1.9318980474096346e-05,W,1.0949614461898036e-06,W,8.173834102578017e-07,W,3.2211846229962345e-06,L,2.5644534923402023e-06,W,1.0949614461898036e-06,L,0.00010429025773212852,L,0.00010429025773212852,1.8928517984315866e-05,0.002395193789424101
387,T,S,0.0016668834921596965,Q,0.0002529493427612834,T,0.001848884242191181,A,0.00032700471153568756,G,0.0010210816850461956,G,0.000980685697198998,A,0.00022609528424806838,A,0.0004505896601351613,T,0.001799762544320053,A,0.00033692985257944994,S,0.0016550685482636207,A,0.0001845043274744269,S,0.0018386012496238863,0.0009683877413490544,0.12253871675297567
388,V,M,1.412247206295556e-05,V,0.0007949190852162237,I,0.00023540113080991045,V,0.0005215617515255049,C,0.0019422641341218826,-,,M,0.0016191083734172793,I,0.000569595046999913,V,0.00016781771491366544,-,,M,1.3022809904607811e-05,-,,-,,0.0006530902798857713,0.082641323721794
389,G,G,0.0007122063277215013,G,0.0006543009233325368,G,0.000672032760243031,G,0.0005292616847498126,A,0.0007165728243332635,S,0.00018146101393523432,G,0.0003381078726307382,G,0.0005732587187644949,G,0.0002037004697846062,S,0.00016041198617754214,G,0.0007012104371294421,S,0.0010451063466294268,S,0.00017612992776487856,0.0005125970225535777,0.06486346188935353
390,-,-,,V,0.007902708360339824,V,0.0076154082558738505,L,0.00014046484343145735,M,0.0001478550710417497,C,9.005485020052314e-05,T,0.004498573082341926,T,0.0025750351040168657,V,0.004785729609482102,C,0.0010827740291629892,-,,C,0.0004098043004146724,C,4.548649241808323e-05,0.0026630812726112767,0.3369833671170376
391,L,I,0.0009506326714226659,-,,-,,-,,-,,I,0.0003779784072147708,-,,-,,-,,I,0.000553408395338196,I,0.0007898483850323128,I,0.0002644945025448442,I,0.00042057098627461476,0.0005594888913045675,0.07079710724394099
392,I,A,9.481770258383589e-05,R,0.0006894954960336155,K,0.0005161430692661222,F,0.0006066214207392982,V,6.561016938015045e-05,A,0.00036775348073534716,F,0.0018429300330281527,L,0.0004216780007699088,I,0.00039982816500910026,A,0.00011559674477961166,A,0.0003265572541674527,E,0.0006912953176729735,A,0.00015741373970421172,0.00048428773798998316,0.061281236243059124
393,-,-,,-,,-,,-,,-,,-,,-,,-,,-,,-,,-,,-,,-,,,
394,F,F,0.00047464180436577894,F,0.000325146940853292,F,0.001781639137436731,E,0.0002556612998781859,F,0.0004408398929449955,T,0.00407062623421518,E,6.997092715638604e-05,E,0.0004112659632342936,F,0.0011393320572858285,F,0.0003467188880270958,F,0.00047464180436577894,T,0.0056239977734129495,T,0.003941516927467116,0.0014889230500495084,0.1884066806161987
395,Q,E,0.0001525213581096869,E,9.288012371432853e-05,E,0.0007343303071768162,L,0.00023159873987023725,E,6.917668540860027e-05,D,0.002120293103767284,P,3.3824949249492866e-05,P,3.308687256330398e-05,E,0.00016842675571255493,E,0.00033058988825266885,E,0.0001525213581096869,D,0.0007817225785605003,E,0.0013271855984786807,0.00047908910145952625,0.06062340651008473
396,P,P,3.437898050424449e-05,P,1.111843000788608e-05,P,0.0005199282882983407,L,0.0005119608010573067,P,3.795862911423936e-05,P,0.0002086940752961217,H,0.0007332894787490931,Y,0.0013357810381152662,P,8.250505671560286e-06,P,3.520690047751315e-05,P,3.437898050424449e-05,R,0.000227615822899869,P,0.000538850035902088,0.00032595476666136714,0.04124595667697786
397,Q,Q,0.0006305394581726113,Q,0.0016626123252830483,Q,0.0011510497533913496,E,0.0005005863105438089,Q,0.00030540528079081917,K,7.015766201080589e-05,Q,0.0015081405701669107,Q,0.0014160264462188743,Q,0.0005814733964129138,Q,0.0012005416725816404,Q,0.0006305394581726113,K,0.0002471226026179333,K,4.1791356404154026e-05,0.0007650758686744217,0.09681185661791558
398,F,F,0.00015829672968964455,F,0.0013062097783265074,F,0.00019274945394935053,F,0.00022756715116357767,Y,2.1156156581015656e-06,H,0.00024119575672799825,Y,7.870382784665796e-05,Y,0.0011198857074097672,Y,0.0014614951137319285,H,0.0003495761688542762,F,0.0002705208493241415,H,0.0004312129290190313,H,0.00024119575672799825,0.0004677480644945369,0.05918832420059385
399,G,A,0.00044810227943381693,S,0.0013062097783265074,A,0.0014758101783021193,G,0.0010533912561776692,G,0.00019123801967031414,R,1.8705961259565464e-05,G,0.0003516591938887509,R,0.00024934459615168436,G,0.0007096294814149546,S,0.00016626255280368754,A,0.0004202076649188313,S,0.00047372577271952393,S,0.0005410897811548699,0.000569644347401715,0.07208216745799535
400,Y,Y,0.00014172141248522255,Y,0.0001587218291431436,Q,0.0003299128805531415,Y,0.0005783285872454378,K,0.002500854777950699,A,0.0007826926899196994,Y,0.00036444327287640706,Y,5.9699314040395236e-05,Y,4.957974303860866e-05,G,0.0023889194864990214,Y,0.00014172141248522255,G,0.003978449493050743,A,0.0007642307926292697,0.0009414827455320777,0.11913418825588461
401,C,C,7.744562222111427e-05,F,0.000961645932534643,C,0.0006687304020393046,Q,0.0027363180567736263,V,0.00017371466538105488,F,0.0014634859122094296,Q,0.002734481970029557,Q,0.0011041954256459981,C,0.0008322604131363643,F,0.0008057129094737356,C,0.00025937597364207273,F,0.0013267182463829066,F,0.001136923586776811,0.0010985391627882015,0.13900793407754747
402,R,R,0.0,R,0.0,R,0.0,R,0.0,R,0.0,R,0.0,R,0.0,R,0.0,R,0.0,R,0.0,R,0.0,R,0.0,R,0.0,0.0,0.0
403,R,R,0.0005288920533426087,I,1.8362844559447742e-05,E,2.1117917634274456e-05,K,0.0006363867643696241,D,0.0008136558269346388,L,3.183316029940669e-05,E,0.0011193376884015783,S,8.379898527875892e-05,R,6.098618638369995e-05,L,2.2078695577239014e-05,R,0.0005756370103074879,L,0.00030503025184194625,L,1.773089884027878e-05,0.00032575756029007614,0.041221002400254114
404,M,V,0.0006815498666969119,M,0.0029914030385741934,V,8.621504192356374e-06,I,0.002335770469944424,A,0.00048363927739577595,G,0.0006824023064863903,L,0.003505453346417423,L,0.0019410998922350282,M,0.001207820588159844,G,0.0009037871090055483,V,0.000101076539413105,G,0.0017364824318387788,G,0.0007337258311962495,0.0013317563231966176,0.16851897633982166
405,F,L,0.0006288886367709851,D,0.00073633177341174,L,0.0009294039088689538,T,0.0002893774500064532,A,9.727322899442353e-06,F,0.0002171716742059158,V,0.00030150449465807103,I,7.28718206566122e-05,S,0.00019370762101563024,F,0.00016630484781036397,L,0.0005844088439915485,F,0.0008549801019328585,F,0.0007351504192938776,0.00043998683965557327,0.05567544942739775
406,T,T,0.0,T,0.0,T,0.0,A,0.0,V,0.0,V,0.0,A,0.0,A,0.0,T,0.0,A,0.0,T,0.0,A,0.0,A,0.0,0.0,0.0
407,K,I,0.0007693913660366576,K,0.0006280170782823101,K,0.0006682374083560702,I,0.000577270581026269,K,0.0005294582340725799,K,0.00046482836976534137,K,0.000681756258930027,K,0.0008251989666449632,K,0.0005335554590930921,K,0.0005775396985602583,I,0.0007598316981314222,K,0.0005816496202067094,K,0.0006043179884583328,0.000630850209812618,0.07982708978336775
408,V,S,0.0028152829225248375,L,0.0008092418381251026,I,0.0010742566136610504,I,0.001702367666393524,Q,0.002075514832071883,T,0.0011327063191746848,I,0.002179562458071351,I,0.002055371970290298,V,0.00026992853228057965,A,0.003418112090593614,S,0.0028601065246555996,M,0.004306687432860517,T,0.0009309590662402184,0.001971546020534097,0.24947725901520154
409,F,I,0.00035178965177769445,Y,0.0035451089937049585,N,0.00044190039792399346,I,6.195925485929439e-05,A,0.00031052227189659257,C,0.0004697765656006783,I,7.365716944038423e-05,I,0.00048618558027922076,N,2.8402929388091843e-05,C,0.0005405618487403896,I,0.0006094459079964644,C,0.0005973204833895799,C,1.3784470767064927e-05,0.0005792627327511084,0.07329926733196561
410,A,A,0.001221292702886758,V,0.0035129502902446082,Q,0.004773924278091687,H,0.0028900126446955872,S,0.001768648604160716,H,0.0017875777557803075,A,0.0025522151676638967,A,0.002362403552800056,T,0.0013062097783265074,H,0.0013964586401399512,A,0.0011647907957772268,H,0.0027617317668179923,H,0.0027103630600131563,0.0023237368490306503,0.2940430980209837
411,L,L,3.955286484288756e-05,L,0.0005967593593647062,L,2.334811223127112e-05,L,4.090487819432108e-05,L,0.0006354770062234646,L,2.170381276067428e-06,L,9.84900356536196e-05,L,2.554413666995156e-05,L,0.0005335534494517589,I,0.001632190768010575,L,2.4368172570017854e-05,L,4.445856937350562e-05,L,5.8362580479207366e-05,0.00028886002418010415,0.03655202887528585
412,I,I,0.0007775152525160813,L,8.527526175385568e-05,I,0.0011267053256323336,I,0.002270251348867305,I,0.0006194428850070032,N,0.0009370796083342682,A,0.0005385429232033882,T,0.0012698255810432372,I,0.0008059864612391328,L,0.003956065855008055,I,0.0007574691801566274,I,0.0007525679402696437,I,0.0014845167853810225,0.0011831726468009196,0.14971736180202935
413,T,T,7.076888691852044e-05,T,0.00039478401429491185,T,0.00018250536922827996,T,4.925724031008739e-05,A,0.0005931194060280531,T,2.5563158342613377e-05,T,0.0005114063652533081,T,0.0003953746049155044,T,4.975697619243646e-05,T,2.8066036681966457e-05,T,7.076888691852044e-05,T,3.453604940010309e-05,T,2.5563158342613377e-05,0.00018703616560207065,0.023667350112617332
414,T,V,0.0007411260694124859,I,6.38867271813903e-05,T,0.0009929792207096855,A,0.002782618571638801,M,0.0010049117298247191,V,0.000930058856280992,V,0.0007677702413800428,V,0.0009013975311422169,I,0.00023118198323016982,V,0.0010155212385313628,V,0.0007519789157722301,V,0.00018837660360897525,V,0.0009510951421950872,0.0008709925254544737,0.11021443355110984
415,I,I,0.00023154095446877541,I,0.0008965488477582755,I,0.00087794010538073,I,0.00011254957192509971,V,0.0017438890678588969,L,0.0002762726932922914,V,0.0023308234796125074,V,0.0027573310306493472,I,0.0003060069091137411,L,0.00026568387718112354,I,0.000397093080103145,L,0.00028482480641779483,L,0.0002762726932922914,0.00082744439361954,0.10470390097806408
416,D,D,0.0,D,0.0,D,0.0,D,0.0,D,0.0,D,0.0,D,0.0,D,0.0,D,0.0,D,0.0,D,0.0,D,0.0,D,0.0,0.0,0.0
417,D,D,0.0,D,0.0,D,0.0,D,0.0,D,0.0,D,0.0,D,0.0,D,0.0,D,0.0,D,0.0,D,0.0,D,0.0,D,0.0,0.0,0.0
418,V,I,0.0022441913271428185,M,0.0014182420480384952,V,0.0008438059643191149,V,0.00026829862505421806,V,0.0009846165988563168,I,0.0005668654263670592,V,6.566926726773217e-05,V,0.00031547765607838155,V,0.0015049164687278049,M,0.001645254975387303,I,0.0008618914170860723,I,0.0030325594551704705,I,0.0003273676863435933,0.0010830120704491831,0.13704315293783823
419,Y,Y,0.00013276613532462028,H,0.002066332614230522,Y,0.00013276613532462028,Y,0.00013276613532462028,Y,4.915094572927977e-05,Y,7.659035080788107e-05,Y,0.00013276613532462028,Y,0.00013276613532462028,Y,0.00045655320665929645,Y,4.9579561958947964e-05,Y,0.00013276613532462028,Y,7.25896822922437e-05,Y,7.659035080788107e-05,0.00028030642495644413,0.035469665863310525
420,D,D,0.0,D,0.0,D,0.0,D,0.0,D,0.0,D,0.0,D,0.0,D,0.0,D,0.0,D,0.0,D,0.0,D,0.0,D,0.0,0.0,0.0
421,V,V,0.0003148184172004839,I,0.0004223783453280627,V,0.000616721955461144,V,0.00026706084393669587,V,0.0003077241513622425,T,4.570621765187409e-05,V,0.00026958645574593013,V,0.0017764944799008749,V,0.0006124303158159208,L,4.143348178090909e-06,V,0.0003148184172004839,T,7.568522035561751e-06,T,0.0003491664025326121,0.00040835522094999826,0.05167281928298802
422,Y,Y,3.708613213347524e-05,Y,0.0001190037468516409,Y,0.0001764115914862138,Y,0.00017105114869346235,Y,0.0008247798793057353,F,0.0009033703653601723,Y,9.42284943997999e-05,Y,0.0008835088736993008,Y,4.465075751902562e-05,F,0.000942622185218846,Y,6.759156248230932e-05,F,0.000942622185218846,F,0.0009033703653601723,0.0004700228682868462,0.0594761753635857
423,G,G,0.00017986571494723312,G,0.00015970440495701854,G,0.00017986571494723312,G,0.0001804409395979986,G,6.458058084488637e-05,G,0.000461272522089181,G,7.967729138178197e-05,G,8.951550491496228e-05,G,0.00010795796097183268,G,0.00010081901337935571,G,0.00017986571494723312,G,0.00025608879518391087,G,0.0013569955281436258,0.000261280745100481,0.03306217731780826
424,T,T,0.00025606124032882046,T,8.625014364620892e-05,S,0.00025606124032882046,T,7.684277468643338e-05,S,0.00025606124032882046,T,0.00025606124032882046,T,0.00025606124032882046,T,7.684277468643338e-05,T,0.00025606124032882046,T,4.1337203724504417e-05,T,0.00025606124032882046,T,0.00025606124032882046,T,0.00025606124032882046,0.00019890954305407414,0.025169794200215284
425,L,L,3.4825993672084386e-05,L,1.0620521792933309e-05,L,1.7074336790840133e-05,L,1.5418880264413577e-05,L,3.4825993672084386e-05,M,4.8534080864955445e-05,L,0.00010417459199453694,L,2.9648262470120675e-05,M,1.7074336790840133e-05,V,0.0007610473806199887,L,3.4825993672084386e-05,M,1.7074336790840133e-05,M,4.8534080864955445e-05,9.028298386620595e-05,0.011424309205094303
426,D,D,0.00023391645137648705,E,5.034866831692986e-05,E,5.09464985573967e-05,D,0.00023128889259900002,E,3.323299265668279e-05,D,6.356406083954647e-05,E,0.0010168625126849922,D,0.0002939123619596979,D,1.000196073070761e-06,D,0.0011764577581254347,D,0.0002325583315492309,E,3.308811443665953e-05,D,5.846372157247546e-05,0.00026735696621135415,0.033831055635698236
427,E,E,0.0,E,0.0,E,0.0,E,0.0,E,0.0,E,0.0,E,0.0,E,0.0,E,0.0,E,0.0,E,0.0,E,0.0,E,0.0,0.0,0.0
428,L,L,0.00019664698594329378,L,0.000175733383462647,L,0.00025844668637375597,L,0.00015853217539667347,L,0.00017287057797836107,I,0.005259143846371265,L,0.000391009324167338,L,0.00024640734895503514,L,0.0003882247869450851,L,0.0002650062065006507,L,0.00019664698594329378,L,0.00017681816685280645,I,0.005259143846371265,0.0010111254093278055,0.12794669412352275
429,E,E,0.00057312353398851,Q,8.114544523646695e-05,E,0.00035357261710125537,Q,0.00021369543157378668,E,0.00024122076070639078,E,0.001823403508278302,E,0.001050947254127807,Q,0.00020076442055185298,E,0.0006110652948246832,K,0.00017230499303228143,E,0.00057312353398851,E,0.0006319365570182388,E,0.0018175993484687689,0.0006418386691459117,0.08121755730820264
430,L,I,0.0004894152186527969,L,0.00011416547229585542,L,0.0003171480747080191,L,0.00029225719772148234,I,0.0004432333810041287,L,0.00028632094689212825,L,0.00020111897387182272,L,0.0002791816812736347,L,0.00014283609363210427,L,0.00026195069498253853,I,0.0004927210205697491,L,0.0002439504884639997,L,0.00028632094689212825,0.0002962015531507991,0.03748101785424639
431,F,F,9.197896692036194e-05,F,0.00014642780160757172,F,9.471731430624059e-05,L,0.005867477911565051,F,0.0001429854682030338,F,6.040383843680983e-05,F,0.00011401293142363153,F,0.0001418876933233159,F,9.42373962208186e-05,F,0.00046213871106116927,F,0.0001224461009621859,F,8.79712445128265e-05,F,5.9871865827343086e-05,0.00057588901879772,0.07287236128918166
432,T,T,0.0,T,0.0,T,0.0,T,0.0,T,0.0,T,0.0,T,0.0,T,0.0,T,0.0,T,0.0,T,0.0,T,0.0,N,0.0,0.0,0.0
433,D,D,0.00048502567764784033,N,5.684077818469791e-05,K,0.00010997238008592912,N,1.706526490232165e-05,D,0.00046683082833833445,E,0.00041744465223515314,D,0.000262018987625719,D,0.0004205678880148839,D,0.00047986992821686715,A,9.196982959077334e-05,D,0.0007211000410411594,A,0.00022098192987712528,E,0.00017966290787796896,0.00030225777643375177,0.03824736566904696
434,V,A,0.0016669197396412666,A,0.0014885586978079445,A,0.0033097491171447755,A,0.0038500120134135974,I,0.0013062097783265074,A,0.0014435095688301526,A,0.0038432631931135004,A,0.0012554738038925415,V,0.0013062097783265074,A,0.001026585395947346,A,0.0017428950425163613,A,0.0029850478429500455,A,0.0018815265765212712,0.002085073888340909,0.26384295019729775
435,V,V,4.5726947029433046e-05,L,7.43426455555866e-06,V,0.0007021929281548454,I,0.00029664659962500445,V,2.0467150490852302e-05,V,0.00027646834947466615,I,1.0839886196800563e-05,I,1.523747316127749e-05,V,3.502438686437458e-05,I,4.498570661747566e-05,V,5.913136247193206e-05,F,0.00011130431558602588,V,0.001210252817606376,0.00021813170675650943,0.0276021455949476
436,E,A,0.0011789462766950962,Q,0.0009228427020841401,D,0.001193012222250553,R,0.00034656833618919384,D,0.00017990158685797543,R,0.00012237543945592156,R,0.0014515052049031366,R,0.00031157294951497286,D,0.0017349635301711014,K,7.698348181529589e-05,E,0.0013062097783265074,K,0.00051268245731631,R,0.00027386719817037915,0.000739340858750045,0.09355537684529366
437,R,R,3.0428514559796516e-05,R,5.399497969476705e-05,R,0.0003571261488608428,R,1.4916667308559363e-05,R,1.7175559612251545e-05,R,1.9488604047681266e-05,R,0.0003372047280997819,R,4.965621850702687e-05,R,0.00034972039034366546,R,6.772443977351707e-05,R,1.5501980961060597e-05,R,6.4518586608341e-05,R,1.8846314252518544e-05,0.00010740793327921615,0.013591281416665806
438,W,W,0.0,W,0.0,W,0.0,W,0.0,W,0.0,W,0.0,W,0.0,W,0.0,W,0.0,W,0.0,W,0.0,W,0.0,W,0.0,0.0,0.0
439,D,D,0.00036276255151378216,D,0.0002711271223552743,D,0.00016679374695284608,D,0.0011052226292792107,D,0.00034216632453407824,-,,D,0.0008359190520582805,D,0.00019662892064755273,D,0.0006393478883014819,D,0.0009391077284546566,D,0.00036276255151378216,D,0.0006088402186477163,-,,0.0005300617031144239,0.06707342330568185
440,I,I,0.0008008397687805622,L,0.0020797650491173594,T,0.00098417002252501,T,0.0031858322921664677,I,0.001117070348373451,D,0.001246017420604463,R,0.001982293169688517,I,0.00173057593900198,I,0.0012258235237781832,P,0.00023727688706504704,I,0.001092761580479759,P,0.000824595224889543,N,0.0013429938551101435,0.0013730780831984987,0.1737477862765842
441,N,N,0.0010407751531599447,K,0.003031188798409087,N,0.001958920763652962,L,0.0019221275511002002,T,0.0004227209748501409,P,0.0021031836203536424,E,0.0005176344696586234,E,0.0021104195754473275,N,0.0027616087926959276,S,0.0002904195992925588,N,0.0010407751531599447,S,0.0007230277545108739,P,0.001031351012744467,0.0014580117860796696,0.18449520336556793
442,A,Y,0.0029660869237797785,-,,-,,-,,-,,S,0.0029880758573434542,-,,-,,-,,-,,Y,0.0029215364531409815,-,,S,0.0029880758573434542,0.0029659437729019173,0.37530725387598374
443,-,A,0.0025764883788072395,E,0.002112401133943678,A,0.0014418009676616115,S,0.001331256424832217,G,0.0015037993558627396,E,0.0021997368693370107,S,0.000766889937656406,S,0.0003320932406885033,A,0.0017841468946073076,A,0.0011118742163399849,A,0.0023819950548333185,A,0.001493926036955034,E,0.0021702172336401965,0.0016312789034742497,0.20642023330392814
444,M,L,0.001742615402400841,L,0.0017579699182723237,M,0.0013635805316007076,I,0.0020292347800144254,I,0.002374729741675495,T,0.0019300229363076612,I,0.003008486448551241,I,0.0023146242747107064,M,0.0017328449283465007,T,0.000796011009333007,L,0.0018360116333108346,T,0.0019533825050512734,K,0.0008684167402504666,0.0018236869884481139,0.23076734016914852
445,D,K,0.00023349273646262514,D,0.0013654377263782784,E,6.836956866175596e-05,D,0.001348736380865147,D,0.001408416895277675,E,0.00014560712233305245,D,0.0017452104320370406,N,0.0012619378490048676,D,0.0013610091326745517,D,0.00019141991861692788,K,0.00023349273646262514,D,0.0003144687806023746,E,0.0001872746499645939,0.0007588364561031934,0.09602232823261654
446,Q,H,0.003946451387287097,K,0.006228178218544987,E,0.002135011902617333,Q,0.005455601598321166,K,0.005673047949899297,S,0.0054858821396162535,Q,0.0046759066187363665,Q,0.004627461745115943,P,0.005466305945261081,C,0.0016458760608637527,H,0.004366237903524673,L,0.0054501668678660084,R,0.006440078078849495,0.00473816972434642,0.5995627711792055
447,L,L,3.0546360678508715e-05,L,4.793822293042455e-05,L,0.0003037695040674018,L,1.557772488657687e-05,L,0.000276209250693894,L,2.766711457748294e-05,L,0.00028419158359510886,L,4.5932318534872124e-05,L,0.0002962146273379933,L,6.684394528646398e-05,L,1.824701929413155e-05,L,6.495973972467889e-05,L,2.7141952005771107e-05,0.0001157876433548699,0.014651640687635211
448,P,P,1.6600197858410072e-06,P,1.6600197858410072e-06,P,1.3430464683409646e-05,P,1.6600197858410072e-06,P,1.6600197858410072e-06,P,1.6600197858410072e-06,P,1.6600197858410072e-06,P,0.00016428206650435904,P,1.6600197858410072e-06,P,1.6600197858410072e-06,P,1.6600197858410072e-06,P,2.5466553459483667e-06,P,1.6600197858410072e-06,1.514302956862516e-05,0.001916182260327521
449,D,G,2.1106158829399188e-05,D,0.00011084078864881023,E,0.00014230247858800025,Y,0.00021547203892729045,R,0.0005996670123525777,D,0.0002373007562656933,Y,0.0016129894782867514,S,0.001736120696122744,E,0.0008167785087640809,Q,0.0017128091590522592,G,0.000126582086228012,E,0.0012986741638589914,E,0.00011615073652025495,0.0006728303124957588,0.08513920567692902
450,Y,Y,4.008980457443121e-05,Y,2.1015663030155364e-05,Y,4.781732439098734e-05,Y,2.061618706369867e-05,N,0.0012515680893737174,Y,0.00011513932121297283,Y,2.061618706369867e-05,Y,3.4703488848674495e-05,Y,3.4703488848674495e-05,Y,0.00010553304252623478,Y,4.008980457443121e-05,Y,0.00011513932121297283,Y,0.00011513932121297283,0.00015093623414874017,0.019099304601220255
451,M,M,0.0003995683820282319,M,8.984423945427583e-05,M,0.00042301245936332544,M,7.289044731167186e-05,I,0.00030715566185009235,M,4.842664854251975e-05,M,0.0010382031663908717,M,0.000412885050453567,M,0.000619935688631052,M,4.503790621018425e-05,M,0.0003995683820282319,M,4.478708981102389e-05,M,4.385352737921431e-05,0.0003034745114964817,0.03840132998194457
452,K,K,0.0,K,0.0,K,0.0,Q,0.0,S,0.0,K,0.0,Q,0.0,Q,0.0,K,0.0,K,0.0,K,0.0,K,0.0,K,0.0,0.0,0.0
453,I,M,0.00027045350491780926,T,0.0009144303426334006,I,8.004762286670892e-07,L,0.00023850373080834978,M,0.00028096453868239614,G,6.349512058371679e-05,L,2.852051484353121e-05,L,8.793229430164903e-05,L,0.0007670287625939607,G,0.0006253166656469959,M,0.0002539943846255489,G,0.0002837304074964441,E,0.0023863061962794696,0.00047703668766476456,0.060363696332108044
454,C,C,0.0005639624512844125,A,0.0040141876746314625,C,0.0028050007683744706,C,0.0009604510636586208,I,0.0009901551237036783,V,0.0013062097783265074,C,0.001910990658002684,C,0.001962516803798613,C,0.0013155586494312034,I,0.0017619379631935558,C,0.00015379988965727898,L,0.000787872536850555,I,0.0023604498617223173,0.0016071610171257966,0.20336838256507384
455,F,F,0.0017762029850798538,F,0.0017762029850798538,F,0.001772278492422574,Y,0.00040134604220788054,L,0.0009624118314064341,Y,0.00019359799543197792,F,0.0007452157470926011,Y,0.00040134604220788054,F,0.0017671849494536153,Y,0.00019359799543197792,F,0.0017762029850798538,Y,0.00019359799543197792,Y,0.0002105518398582957,0.000936133683552675,0.11845732385250522
456,L,L,8.952500333271333e-05,Y,6.799605779033048e-05,L,7.888423470906985e-05,M,0.00037930124043631145,L,6.174442431061701e-05,M,0.0010152759345379793,L,7.883848085491531e-05,L,0.0007212498215434438,L,6.5298146392133e-05,M,0.0003601191085739806,L,0.0001342320778479439,M,0.0007382340305712646,M,0.0006130557334522747,0.0003387503303348444,0.04286509319195955
457,T,A,0.0037127674224573712,F,0.0010855980864828715,A,0.0034559460913883384,T,0.00018964681723051847,T,0.00020511346944389542,V,0.001069964703258577,T,0.0008869020337601013,A,0.0015731671009254597,A,0.0023511429672223266,M,0.0006637121147598669,A,0.0036302639071015565,V,0.001229953075956121,A,0.003206679168249978,0.0017892966890951526,0.2264156296181745
458,L,L,9.090316128503622e-05,T,0.0007679663989036644,L,8.368579004427795e-05,L,0.00020101359540643249,M,0.0021713072887950546,L,7.35034759159387e-05,V,0.002085580021159934,I,0.0001330083743433155,L,9.149957273132622e-05,V,0.00026863123147437035,L,9.090316128503622e-05,V,0.0026658901486308227,L,0.00011789338532102508,0.0006801373542535565,0.08606383068200558
459,H,Y,0.0016982068723044132,Y,0.00011423036464222819,Y,0.0011226974445228681,H,0.0038826027778489243,F,0.00043437898374134177,Y,0.0018405199257866636,N,0.0036088392350158145,Y,0.0015747486241940423,Y,0.00032466384162175465,Y,0.0010525926296404001,Y,0.0016927210009348766,Y,0.00013043550305143762,Y,0.0015334913137769006,0.0014623175782370512,0.18504005355629374
460,N,N,0.0002398413789347704,N,0.00021214846402072202,N,0.00038108905893882337,N,0.0003986777099663615,N,7.593893658934115e-05,E,0.0008414049985330038,N,6.788693342574126e-05,N,0.00019354359604633706,N,0.00020015417614144252,N,0.0004858287890623138,N,0.0003810265715804418,E,5.277173248346087e-05,E,0.0008430505565153615,0.00033641253094139395,0.0425692706350773
461,S,F,0.0019374936055101487,F,0.0001532336753011663,T,0.0010393358774923906,Y,0.0023669919035040855,T,0.0006532644219119213,A,0.0002707318031289239,F,9.149416275065623e-06,F,0.0027200186636931636,S,0.0005367917935245784,T,1.939926440391442e-05,F,0.0020578591365460687,T,0.00011977696891842146,A,0.00028803715943910015,0.000936314129972996,0.11848015734351781
462,V,V,0.0012423594594757742,T,0.0023922171181207804,V,0.0011287387969489526,V,0.0013934502854978017,A,0.0004382898852219732,L,0.0010975995286385543,V,0.0008867307167151411,V,0.0010175639407062121,T,0.001104026060756719,V,7.457304363661714e-05,V,0.001263177971531576,V,0.00022149003184516756,L,0.0017995107580876224,0.001081517507475607,0.13685403258751924
463,N,N,0.00010393083580128922,N,4.28864794775954e-05,N,3.0360979291335368e-05,S,4.2387126283532296e-05,N,0.0007036330011479723,T,0.0038340275064662295,F,0.0005771155077919657,S,0.00017994037129659868,N,8.381828749754308e-05,N,0.0005211126524637154,N,8.311055835237826e-05,N,0.0001703053750563319,T,0.0060946970486839645,0.000959025056123881,0.12135397289071187
464,E,E,0.0006784814689384262,E,0.0006616857681176538,E,0.0007658151262816452,D,0.00010805726034731285,Q,0.00043758235838707365,E,0.0007391214432898377,E,0.001791222129598026,E,0.001197432977029554,E,0.001580286764828655,E,0.0004971180193192962,E,0.0011108169928802493,E,0.0012349547790192815,D,0.00025380867126206997,0.0008504910584076215,0.10762020052212197
465,M,F,0.0005897977562673331,L,0.0005155635217108884,I,0.0008439701206993431,L,0.0003824253147508135,I,0.0008522730380998541,M,0.0009850712839980747,L,0.0003757180239782919,L,0.00015379354609660538,M,0.0013062097783265074,M,0.00021083879340568813,F,0.0005897977562673331,I,0.0014021945455920412,M,0.0007184733674915688,0.0006866251420526418,0.08688478819470397
466,A,A,0.0005450600187081596,A,0.0003570426296045071,A,0.0005668353430088363,G,5.007372735729415e-05,G,0.0002475085689947322,A,0.00010734493417858819,A,0.0005237903192536848,A,9.708563316908084e-05,A,0.0017468619410491682,S,0.0002813088464785038,A,0.000530275929820367,A,0.0005873500966305673,A,0.00027229600527487987,0.0004548333841175668,0.057554114789326295
467,L,Y,4.227986847114932e-05,-,,-,,-,,-,,Q,0.00012101620690978525,-,,-,,-,,A,0.0027588999237207913,Y,8.223528375928076e-06,R,0.0009034534814729106,R,5.6263981398581514e-05,0.0006483561650581909,0.08204227405277942
468,D,Y,0.003364979770640048,-,,-,,-,,-,,-,,-,,-,,-,,E,0.0002107600472408012,Y,0.0033730692096945567,-,,-,,0.0023162696758584687,0.29309821016334037
469,T,V,0.00033293302598024453,F,5.6147506091284165e-05,Y,4.122960758598448e-05,Y,8.101603819042485e-05,Y,0.00014642638068635162,-,,H,5.5436057586920776e-05,Y,6.747949205848065e-05,Y,0.00028995642075960935,-,,V,0.00033369371509040695,-,,-,,0.00015603536044774525,0.01974454241925683
470,-,-,,-,,-,,-,,-,,-,,-,,-,,-,,-,,-,,-,,-,,,
471,-,-,,D,0.0006773788895523513,D,0.0022797931367220473,D,0.0037443076426499624,D,0.00044353720910010196,E,0.0005156228078827564,D,0.004246638920331045,D,0.002667918544195763,D,0.0006979136288089911,-,,-,,E,0.00013423825985992732,E,0.0017984271142753264,0.0017205776153378272,0.21771999381536594
472,-,-,,V,0.00021786118982231885,T,0.0003861598111619271,I,0.0004858666450201033,L,0.000948527960466352,A,0.00018216068671219696,V,0.002207400030066854,I,0.0008213476949082798,A,0.00018523817225198931,A,9.741447527741913e-05,-,,A,0.0001369005525544887,A,0.0001014534003048037,0.0005245755107769757,0.06637920657803681
473,M,L,0.0009542019236205911,L,4.326128282854309e-07,L,0.0009996198952910264,L,0.00031561656261753113,L,0.00022522006739558753,E,0.0017999243585850053,L,0.0009426529282114737,F,0.0010384930754617776,L,0.0007511884832061456,Q,0.0007064643380413347,L,0.0009542019236205911,D,0.0014688205761761945,E,0.0004061388309611843,0.0008125365827705175,0.10281748303509174
474,K,K,2.4068890041945555e-05,Q,2.4068890041945555e-05,K,1.0503377841921424e-05,K,2.4068890041945555e-05,R,9.212575153985853e-05,K,6.985137593000126e-06,K,2.4068890041945555e-05,R,4.7841793438488486e-05,K,2.4068890041945555e-05,K,6.985137593000126e-06,K,2.4068890041945555e-05,K,5.242491419452387e-06,K,5.242491419452387e-06,2.456457854591129e-05,0.003108374676862679
475,E,Q,0.0011126667694323531,E,0.0011651155848181657,E,0.0014391105763328078,D,0.0004650976513199525,D,0.0006623598787141285,T,0.0027921320523981953,D,0.00010570355926433756,D,7.19550322199901e-05,E,0.0010246060140923397,A,0.0014678564333749668,Q,0.0011194197645263803,S,0.00020320671436985848,T,0.0029381510094726834,0.0011205677723335507,0.14179541003400575
476,Q,Q,0.0013231353591946894,H,9.060856727511968e-05,Q,0.0013267254059802147,R,0.0005950638982544537,R,0.00046136238401532376,Q,0.0014432407175042105,K,0.0005806606011976214,K,0.0008890403644959739,H,0.0010350337857132272,Q,0.000401415518130058,Q,0.0013231353591946894,Q,0.000592002149615829,Q,0.0014560694762511856,0.0008859610451401997,0.1121085335233227
477,R,D,0.0015207901384912206,G,0.00018957454639754648,G,0.00020303651675420957,G,0.00011076821536901274,G,0.00021341997705468066,G,0.0004802731644638195,S,0.0015218986215254904,G,0.0002314600424860741,G,0.0003440741019484273,G,0.0014670359040051132,D,0.0015105637607403836,G,0.00020556662211209723,G,0.0002948327331789235,0.0006379457188097691,0.0807249476662121
478,F,F,0.0014626406650082384,F,0.0011717919837303367,V,0.001378531127784344,I,0.002251141010470174,F,0.0013945654446936274,R,6.426625669660933e-06,F,0.0001947026887316922,F,0.0015102168580323951,L,0.00328659242176149,R,0.0011756742457171426,F,0.0015504808157840346,R,0.0012244912654893968,R,0.0010661631597643146,0.0013594937163566806,0.1720288354786537
479,-,-,,-,,-,,-,,-,,-,,-,,-,,-,,-,,-,,-,,-,,,
480,H,D,0.00307437904408616,V,0.0003547820422632455,D,0.0037978481376110375,N,0.0003389289129757352,N,0.0003610286407698736,D,0.0010635188739743298,N,0.0004429555298421735,N,0.0008133644959633193,H,0.0012538925336333109,D,0.0010911266881098642,D,0.0030480385787803868,E,0.0016631404104931256,D,0.0003095143260791028,0.0013548090934293589,0.1714360484601131
481,I,M,0.0005193621902990002,H,0.006129674133039009,V,0.0005403716380604387,T,0.0008337317292810114,G,0.005166779788899021,T,0.0003210190558976538,C,0.005043247761698793,S,0.00033385999609051144,I,0.003771906192976606,T,0.0005076573748346147,L,0.0001591785694186979,T,0.0004019696953003404,T,0.00032668303594693437,0.0018504185509032795,0.2341499225999161
482,I,L,0.0006651652437338261,I,0.0012783965502103274,I,0.0005825856925668808,I,0.00016749898230997625,I,0.0018767930585048339,L,0.00015052117024623885,L,2.4952845913523952e-05,L,0.0011816941023283655,V,0.001450885529616125,L,7.083476075755369e-06,L,0.0004883285305513248,L,0.0002624936606712483,L,0.00022222445463942185,0.0006429710228744498,0.08136084410013601
483,K,L,0.00020914043436101888,E,0.00027409205828722745,P,0.0002764507485697166,P,0.0008873182039732437,P,0.00014180122909791584,N,0.0001351305815698552,P,0.0013699049773688667,P,0.0013816627131701183,S,0.0019205375003657184,N,0.0001509897409713096,L,0.00022054233170942317,N,0.0005921466456992028,N,0.00045405912791863677,0.0006164443302355579,0.07800418566996825
484,Y,S,0.0074745027185267356,Y,0.0009173441984099832,Y,0.0004976041761858431,H,0.0014873927892758503,H,0.006212665389311726,Y,0.0008497388137026537,H,0.00609144673940282,Y,0.0009868937075872227,Y,0.0011183044119424809,Y,0.0008608482258386941,S,0.005950262635137992,D,0.004893558786647576,Y,0.0011681497800512292,0.0029622086440016008,0.374834614784421
485,L,I,0.000563372754291387,F,0.0027086789011656802,L,0.0004789486573923725,I,0.0024586336431217594,I,0.0026842249239490746,A,0.003749210472618632,L,0.0003541271001607702,L,0.0003800604194763718,L,0.0003252683365606164,A,0.0010132295816176467,I,0.0003640538871640124,A,0.002449846518300691,A,0.003749210472618632,0.0016368358206490495,0.20712339947448902
486,K,K,0.0007836640859669145,K,0.0004002883173944592,Q,0.0014533694322299228,H,0.0016491623889692405,A,0.0026325259513490084,R,0.0018504043948262441,Q,0.001041199799567454,H,0.0024314538977946477,R,0.001439182472131816,R,0.0001427954413507026,K,0.00029279980069461895,R,0.0018857518274679808,R,0.0018713637550634601,0.0013749201203697285,0.17398087562864406
487,K,H,0.00016917480618684606,K,0.0009904509779124833,K,0.0002226095407209197,Q,0.001010489958718307,Q,0.00017869023859430573,K,0.0008102358354454698,R,8.97057503749498e-05,K,0.0019427961021486796,K,0.0012917531219860088,Q,0.0011137865197226374,N,0.00019722699494740962,R,0.0010581689869730297,K,0.0007296853897851872,0.000754213401808941,0.09543733204100033
488,A,A,0.0005383943175230018,L,0.0011137997797862182,S,0.00013371368477815452,T,0.0006399194562730317,A,0.0004954526016784353,A,0.0005919623454349928,S,0.000392501327510245,S,0.00018981557561163287,A,0.0016738169957238062,A,0.0012421099470012642,A,0.0005383943175230018,A,0.0009574081227403836,A,0.0006030986159888937,0.0007007990067363894,0.08867833339939353
489,W,W,7.425350806787896e-05,M,2.780942524416553e-05,W,2.512003477426559e-05,W,2.7216325575804606e-05,W,2.512003477426559e-05,W,2.512003477426559e-05,W,0.00021624495590878684,W,2.7216325575804606e-05,W,0.0010607652320653268,W,4.5677057247356205e-05,W,7.425350806787896e-05,W,0.00011081757056849537,W,2.512003477426559e-05,0.0001357487728783508,0.01717750000235533
490,V,L,0.0007814778696984145,V,0.002495430529263096,A,0.00016793912864394953,V,0.0030599914654566994,A,0.00036173336447363025,E,0.00021293027213046495,L,0.0012394632297559338,L,6.588417147252243e-05,S,0.0021994286049613157,E,0.0002339250692925743,L,0.0007524304234922219,E,0.00018188798477252832,E,0.00021293027213046495,0.0009204194142726013,0.11646885754911275
491,D,G,0.0028388270157455016,E,0.0007017124911758369,D,3.77034987909134e-05,S,0.0021183070477574246,T,0.0003629363901080547,I,0.0018067796702435437,D,0.00012906618205073592,D,0.00010303015017239228,D,0.0002483882636699019,D,0.0026417440551449165,G,0.0022969559865024846,A,0.00044331915595551577,V,0.0014701840025057409,0.0011691503007556126,0.14794298959873778
492,L,L,0.0009719574699369244,L,0.00013689029146668214,L,0.0024841684639015974,L,0.0008362342093114376,L,0.001247975075499449,Y,0.001080549421427609,L,0.0002593490864557905,L,0.00045084183948357716,L,0.000767731190582872,C,0.007009754684250205,L,0.0010090858371925296,Y,0.0010721171904965509,Y,0.0010240539294710188,0.0014115929761135569,0.17862141834788106
493,C,I,0.001352960878872984,C,0.00030839384968551776,C,0.0013414887725843182,V,0.0006823078285220724,C,0.0003151452194509121,L,0.0012572807374984138,A,0.0009093110001129162,V,0.0013062097783265074,C,0.0013413765781027896,L,0.00018641145510771536,I,0.0010029963409240992,L,0.0009426851101491128,L,0.0010029963409240992,0.0009191972223278042,0.11631420272837677
494,R,Q,0.00046401626878414065,K,0.0006152081465966866,K,0.0021688259015034115,E,0.0003933542262607357,K,0.0010332816653914104,D,0.00048616051482082564,E,0.0005327343684660203,E,0.00046645408208521616,K,0.00027196975559915404,D,0.00058717321840545,Q,0.0004672742153275547,D,0.0008892069567625367,D,0.0004887713376271632,0.0006818792813561773,0.08628425221639532
495,Y,A,8.080131549797731e-05,H,0.00027013080197604687,A,2.0763401165954166e-05,A,0.00034858695888088974,K,3.112558574926687e-05,S,1.656451246942047e-05,A,8.015122296048976e-06,A,0.0006790257061846132,S,8.846253476131885e-05,S,0.00026439171600047283,A,8.080131549797731e-05,S,0.00016295782824796452,S,0.00016276751020766526,0.0001703380237642782,0.021554385660886705
496,Y,Y,0.0009763116659007342,H,0.00343819601972304,Y,0.0002510355402035134,Y,0.001672857331532373,Y,0.0010313356710374357,Y,0.0008745586458392996,Y,0.000605307118968329,Y,0.0007451904465536641,Y,0.0008774439781122914,H,0.006340912456284712,Y,0.0009614213447423851,Y,0.00018259572916681885,Y,0.00040510428917900446,0.0014124823259418153,0.17873395569428266
497,L,L,0.0005519923947551911,L,0.001789811800630213,L,0.0002689694055989163,L,0.0008812522484919466,L,0.00039406897446831374,I,0.0014738248511952136,L,0.0007320550950770267,F,0.0003053880752027972,L,0.0010294932844866665,M,5.101701738406697e-05,L,0.0005445947144437196,M,5.147034118044765e-05,T,0.00019171215508848112,0.000635819258307923,0.08045586769958726
498,V,V,0.002946119759249242,Q,0.0009407222117607549,V,0.002745181247938046,K,0.0004949484459910838,K,0.0010268020151100526,Q,0.00044962457540900785,V,0.005140909646015606,Q,0.000459867134035151,L,0.0012483758811253425,Q,1.1893324267809425e-05,V,0.0030848633671935587,K,4.048949857288038e-05,Q,0.0004528980063352916,0.0014648227010002944,0.1853570490278482
499,E,E,0.0,E,0.0,E,0.0,E,0.0,E,0.0,E,0.0,E,0.0,E,0.0,E,0.0,E,0.0,E,0.0,E,0.0,E,0.0,0.0,0.0
500,A,A,0.0,A,0.0,A,0.0,A,0.0,A,0.0,A,0.0,A,0.0,A,0.0,A,0.0,A,0.0,A,0.0,A,0.0,A,0.0,0.0,0.0
501,K,K,0.00034962362003918587,K,0.00010395094492099329,R,9.793427889525845e-05,K,0.00034962362003918587,K,0.0003453173877003921,-,,K,9.475030776447199e-05,K,0.00034962362003918587,K,3.0097806154753792e-05,K,2.0262164776339115e-05,K,0.00034962362003918587,E,0.0001353627682650548,-,,0.00020237910351218245,0.025608828553997147
502,W,W,0.0,W,0.0,W,0.0,W,0.0,W,0.0,K,0.0,W,0.0,W,0.0,W,0.0,W,0.0,W,0.0,W,0.0,K,0.0,0.0,0.0
503,Y,Y,0.0042370196017697944,F,0.0002907036411618096,Y,0.006660983374302588,Y,0.0042652025126325545,Y,0.003713034691076098,W,0.007902708360339824,Y,0.003933984569536555,Y,0.004258186999173945,Y,0.005570359517702992,I,0.0013062097783265074,Y,0.004239355852900109,I,0.0009341039178277017,W,0.007902708360339824,0.004247273936699254,0.5374453596205614
504,S,H,0.004105170970695894,Y,0.0011150370080055133,Y,0.0034191613860773008,E,0.00014990949027189046,H,0.002017902271175675,I,0.005432826534907904,H,0.0030471734577747164,H,0.0037782192563842756,Y,0.003754827642909343,A,0.00044278922986860626,H,0.0042277255655835625,S,0.0021657773479126425,I,0.004462405186284406,0.0029322250267578257,0.3710405209274023
505,N,-,,S,0.0007629685284394965,S,0.0013627068797812429,S,0.0015580525853514811,S,0.0026095735286622676,A,0.0006419731704185168,S,0.002140346709788526,S,0.00031297489374181535,S,0.00019471306467220529,T,0.0025360067219509065,-,,S,0.001677294009733083,A,4.9973215054977696e-05,0.0012587803006904109,0.15928467093732943
506,-,S,0.00027345184263275976,-,,-,,-,,-,,S,0.00040541697963016184,-,,-,,-,,G,0.0032522493707222116,S,0.000246340018986507,-,,S,0.00040541697963016184,0.0009165750383203604,0.11598239445608832
507,K,K,0.0005063622619074636,-,,-,,-,,-,,G,0.00013018812807014286,-,,-,,-,,-,,K,0.0005455258652034181,-,,G,0.0003161090828601839,0.0003745463345103021,0.047394680080816785
508,Y,Y,0.002569550519007629,G,0.00023837465432330386,G,0.00020009664556820916,G,0.0008922760454005843,G,0.00019229461976353975,-,,R,0.00407016245293092,G,0.0002497051943078908,R,0.003470839145811624,-,,Y,0.0032529013691515504,G,0.0005334593208512532,-,,0.0015669659967116503,0.1982821490130593
509,R,T,0.0007088578988339294,Y,0.0005670431845575788,Y,0.0005769464898708128,Y,0.0005359673048462446,Y,0.0007130638302684563,Y,0.0005573734282008343,Y,0.0011244022711316198,Y,0.0010288121985004889,Y,0.0008034724007003917,F,0.004755224203617302,T,0.0015037073863165805,Y,0.0005177363434369242,Y,0.0008417212936601159,0.0010949483256877906,0.13855355351120496
510,-,-,,K,0.0005380168361726718,T,0.0013062097783265074,T,0.000697663664276173,K,0.0005666228170916564,L,0.000790809171820989,T,0.0004603223182629221,T,0.0013062097783265074,T,0.0013062097783265074,L,0.0012717632501018463,-,,L,0.001448835712263715,L,0.0012513153031734412,0.0009949071280129943,0.12589445069313077
511,P,P,0.00015698899026149403,P,4.450327621613611e-05,P,2.1204174054520778e-05,P,5.1400197430043914e-05,P,0.00016096181121236358,P,0.00014056657194248064,P,5.519629287333037e-05,P,0.00018542363362156924,P,1.388833182909375e-05,P,0.00015335394328389946,P,0.00017014825708903448,P,0.00014044573138441706,P,0.00013954579763318512,0.00011027900067935142,0.013954583118971296
512,S,K,0.00015734974803409372,T,1.993357467649793e-05,T,9.81207351121214e-07,S,3.792364007374705e-05,T,0.0004888857067674679,T,5.261056423240327e-05,S,1.3705673302636028e-05,S,0.0005266542911504448,S,6.620829656491676e-05,T,4.950210696768608e-05,K,0.00015734974803409372,T,0.0001742397596212238,T,5.261056423240327e-05,0.00013830422161605657,0.017500863667213623
513,L,L,0.000539206304144159,L,5.0418280594969003e-05,L,0.0004786277796165884,L,0.00012983832484064837,L,0.0004776331957756517,F,5.5835247057483504e-05,L,6.513873480879313e-05,L,0.00040179806615767664,L,9.913016974631756e-05,F,6.75209614454319e-05,L,0.000539206304144159,F,4.573192702476804e-05,F,6.75209614454319e-05,0.00023212355821554444,0.029372659046924883
514,Q,E,8.090317261174787e-05,Q,0.001194857876403734,D,0.0005020528753589,E,9.28238786286205e-05,E,2.8099065429405264e-05,Q,0.003625655457104528,E,8.48978409470866e-05,E,0.00040597057942566204,Q,0.004795640833836005,E,0.00025759830720349414,E,8.090317261174787e-05,E,2.710287109010257e-05,E,0.00043721069928727744,0.0008933628176875625,0.11304514565803199
515,E,E,5.866512684235207e-05,E,2.74171597731821e-05,E,1.3891931278043062e-05,E,2.74171597731821e-05,E,1.8898767807542878e-05,E,8.235600758086983e-05,E,0.00016834920667829106,Q,0.0005317573210733669,E,1.8277895983047407e-05,E,8.235600758086983e-05,E,5.866512684235207e-05,E,1.9361600234911833e-05,E,8.235600758086983e-05,9.152071684837545e-05,0.011580930571559138
516,Y,Y,0.00017505407325807006,Y,0.00014892161272968643,Y,2.5632922138428104e-05,Y,0.00014554562269337564,Y,2.0382482724669298e-05,Y,0.00015828858151074665,Y,0.00015221116275711618,Y,0.00013434102697133397,Y,0.0001532435426993919,Y,0.00015369830517079368,Y,0.00014017287817647076,Y,0.0001539215094889608,Y,0.00015828858151074665,0.0001322847924484454,0.016739171739188034
517,I,L,0.0008277638421616115,V,0.0012308633452138024,L,0.0014260897120275558,L,0.0007806954865246391,L,0.0008051513218525057,F,0.0013896916133354987,L,0.0010671529723395676,L,0.00116257901153908,I,0.0031875872709910954,L,0.0010616986222395795,L,0.0012706392864060847,M,0.0023615183205829126,L,0.000626521447434658,0.0013229194040498917,0.16740076233725587
518,E,E,0.001245564269768261,E,0.0008757878443312825,N,0.0019122563080344259,N,0.0036811683550431714,E,0.0005977174178400725,E,0.0004437113552054927,N,0.003135038854330407,N,0.0030247375712795,S,0.0008242690870256567,E,0.0001792517452096284,E,0.0004440034716499298,E,3.304377818503284e-05,E,0.00038151407979308187,0.0012906203182843031,0.16331367164722313
519,N,N,3.109371129743738e-05,N,0.00015369824475129518,N,7.810623527091108e-05,N,5.4345773883648884e-05,N,5.8055398129349704e-05,N,4.0643375565220826e-05,I,0.00194311509167592,I,0.0020756476806943697,N,0.00010133485987199178,N,6.678320266744552e-05,N,4.255240366128994e-05,T,4.5389646949995646e-05,N,2.3760211754994788e-05,0.0003626558335518362,0.04589006920359664
520,A,G,0.0026165588770570352,G,0.0015994725416814421,A,0.00045803079853822036,A,0.00017927835077942444,G,0.0012895163961321495,G,2.246197218891878e-06,A,0.00024319240496361563,A,0.00031295521030346726,S,0.00188092166980037,G,0.00029430770171969526,G,0.0014817183495976984,S,0.0022887830585281714,A,0.00031073838703645585,0.0009967476879505104,0.12612735311766576
521,W,L,0.002393982678453755,W,0.0011430781100175485,W,0.0017862864764555887,G,0.003352108503670255,L,0.002396947659148612,K,0.0008588271413462587,R,0.0028550257769699603,Q,0.002272099602698298,W,0.0016846196127710314,K,0.0008861759996675114,L,0.002393982678453755,K,0.0006768718816746698,K,0.0007349382477904876,0.0018026880283936715,0.22811015492366649
522,I,V,9.466474393301822e-05,L,0.0005469182810035301,I,2.1656905161756282e-06,F,0.0024699243341812487,V,0.0007927497537485376,I,8.940687734634246e-05,V,4.9684808727578335e-05,I,0.0005756510471216622,I,3.362523128750777e-05,V,0.0008644172123818618,V,9.466474393301822e-05,V,0.0009032687727361875,V,1.3396512317000135e-05,0.0005023490776333591,0.06356669824163391
523,S,S,0.0011547584379333693,S,0.0020254648021360514,S,0.0009297320508503141,S,0.0013146936698923124,S,0.0009805768398009878,S,0.0007052354055775869,S,0.0016859821546663493,S,0.0011622012098802905,S,0.0017243970190289645,S,0.0009467824643652749,S,0.001136324308567389,S,0.0006323881095948222,S,0.0016812792492881244,0.0012369089016601416,0.15651708822606145
524,I,I,0.000727334651560542,V,0.004493490877749584,I,6.983718062492935e-05,I,0.00019075858295057466,I,0.0010387772491230447,S,0.0007900541758587655,V,0.0027438091907621884,V,0.0028706092633804317,I,0.00041336072349097686,S,0.0006706189239904802,I,0.0007643175132280458,F,0.00026637778675449845,S,0.0007817538135884955,0.0012170076871586585,0.1539988104921445
525,G,T,0.005345092216647633,G,0.00021278502376816268,A,0.003086136662355463,G,0.0003339926885697854,S,0.00044974794358896083,A,0.0003961734195969569,T,0.007902708360339824,A,0.0041678714336332206,S,0.000910349882665747,A,0.0029992975963447125,T,0.006184363713076741,G,0.0002584524763135302,G,0.0002238945820246751,0.0024977589229942623,0.31606365933094566
526,A,G,0.0035453128989632473,G,0.0021374099157315846,G,0.0026333093754613503,V,0.006279717785677561,F,0.0019794579921799636,Y,0.000337515778330582,C,0.0027466596131741567,S,0.0019664051292783893,G,0.003018135544474944,H,0.0007078831233786672,G,0.0025436258986663678,Y,0.004887575251124361,H,0.002165496743508868,0.002688346542303849,0.34018040647880465
527,P,P,0.000817953268989496,Q,0.0003535501817538442,P,0.0006734308097830178,I,0.0007900368096194815,V,0.0022026014767088475,R,0.0007090862949907372,P,0.0016508462899527479,P,0.00032216498514871087,P,0.00011962880691825612,R,0.0003482996891053386,P,0.000817953268989496,R,0.0008345734115936974,R,0.001003897922329465,0.000818771016606395,0.10360638141671055
528,T,L,0.0010525823646755493,V,0.0011842740399932003,V,0.0007471492306654805,P,0.0010256505861988086,L,0.001146122724346943,A,0.005668360894085944,T,0.00016038935182605336,A,0.0032306428143151857,V,0.000223708220241968,V,0.00020971075604651044,L,0.001879819847070165,I,0.0017309974714008612,A,0.003985251670505825,0.0017111276901055766,0.21652421069882385
529,I,I,0.0010019871804658066,I,0.0012025380584862826,I,0.0017525088904025766,I,0.002029010662201273,S,0.001675932503182906,A,0.0006314114203118276,I,0.0015388209900540509,I,0.0015385212475712239,I,0.0006662808072161623,S,0.0007388153892831015,I,0.0014108118827506075,F,0.0009231939160771859,A,0.0006313243824879203,0.0012108582561916094,0.15322066827979736
530,L,I,0.0008838424951382577,L,0.00010216480617321059,L,0.00027368249726351923,V,0.00038079407857419115,L,0.00039676118782879145,A,0.0018651772528282592,V,0.000547899035518168,L,0.0011151144201413314,L,4.779709806162904e-06,A,0.0016433160044870268,I,0.0008838424951382577,A,0.0023708141933024896,A,0.0017648039181527497,0.0009409993918732628,0.11907302521699016
531,V,T,0.002200845736182076,M,0.0024455094965172472,V,0.0020535730898322445,V,0.006776647672333184,V,0.0023545171507509378,L,5.659924901833306e-05,S,0.002077437207501287,S,0.0034398882001853105,V,0.003349382569799261,L,8.193525701301715e-05,T,0.002318761681218793,L,0.0005223797030157925,L,0.00017924229251919886,0.002142824561991283,0.27115065674764943
532,H,I,0.0010654713442514183,H,0.0010227120015994095,H,0.0011949189858534042,A,0.0006511848463708432,T,0.002874566394523932,T,0.005115228995666021,Q,0.00011543919563668277,Q,0.0002953591067799086,H,0.0013061745496980085,Q,0.0003698302649708119,I,0.00010080089644801614,Q,0.0008678341297692346,T,0.006669293167340043,0.0016652933753005948,0.21072438705418528
533,A,S,0.0005759108344482024,A,0.002098626081952676,A,0.0007686739520730327,L,1.2552476867480993e-05,A,0.0002996173005461923,-,,M,0.003430500234039375,I,0.00114606089110185,A,0.0006498270169899586,P,7.898463927180261e-05,S,0.0007428574262520213,-,,-,,0.0009803610853542592,0.12405381049796234
534,Y,Y,0.006682995027341514,Y,0.007902708360339824,Y,0.006620274245493987,E,0.00034017505965099466,Y,0.007902708360339824,P,0.007902708360339824,Y,0.005338567771049826,Y,0.007716205540817853,Y,0.006883582222047848,-,,Y,0.007902708360339824,P,0.007902708360339824,P,0.007902708360339824,0.00674983750237008,0.8541169931367467
535,-,-,,F,0.0013062097783265074,V,0.004897237679505891,L,0.006039851615006346,L,0.003175267066771914,I,0.0008346367227511821,F,0.0009040112759840299,F,0.0013062097783265074,F,0.0007090550435858007,M,0.004546702078945605,-,,I,0.000148131048032584,L,0.006301401186961367,0.00274261029765434,0.3470468822332203
536,F,L,0.00030419840054368783,A,0.0008160048664953236,S,0.0006081603448031179,S,0.0004309919590719608,Q,0.0004368554846783451,L,3.579353312415177e-05,A,0.0017189182468370359,T,0.002013579514221991,L,0.0008565624071511973,L,0.00021639008370637197,L,0.00030291968135983023,L,4.359681049618844e-06,L,2.4407645937121376e-05,0.0005976262960753657,0.07562297238179586
537,F,S,0.0013394897074447854,F,0.0007770158338177901,M,0.0029869507936962497,I,0.0010160639775622668,T,0.0022871456381298237,T,0.0009436995322380993,L,0.00028269426451690794,M,0.0055513436077869165,V,0.0023948797112713447,T,0.000895170382401494,S,0.0014598376830695728,T,0.0016006583889854513,T,0.0009542097857559809,0.001729935331282822,0.2189041088703966
538,-,-,,T,0.0035388327655822218,I,0.0020084776955001738,P,0.0012827123673643302,E,0.001526053031077912,-,,P,0.005406982363629349,A,7.955458794250546e-05,A,0.00014798619381835027,-,,-,,-,,-,,0.0019986570007021203,0.2529078525448934
539,V,G,0.002953905191093477,N,0.0017284470879633403,Q,0.0035092439894492517,N,0.0007449717246062782,T,0.005611479805160247,L,0.0005461076983593479,I,0.0013062097783265074,G,0.0032927682384461406,N,0.0006741079574922828,M,0.0016579879280222082,G,0.002809516677791776,M,0.0025960505768863216,L,0.0004939687905416224,0.002148058880318369,0.27181300161581573
540,T,T,9.40002137189415e-05,P,0.0002165085734500159,M,0.00033971509963690456,S,0.0005038592550760277,L,0.0010277365486551792,D,0.0006656637005610573,P,0.0005597192331949997,S,0.0005719087837606453,P,0.001558853773122816,D,0.0008765357361642628,T,0.00012422802809541718,D,0.0017614522436534348,D,0.0002596871103592175,0.000658451407649917,0.08331971491626738
541,N,N,0.005410055247061488,V,0.007902708360339824,I,0.0025937576315347207,T,0.007123679990076929,E,0.0013062097783265074,V,0.007902708360339824,-,,-,,I,0.0029073068008665885,I,0.0008658468838726199,N,0.005719664073771494,V,0.007902708360339824,V,0.007902708360339824,0.0052306685315336035,0.661883027062469
542,P,P,0.0005436033338417697,-,,-,,I,0.0008277239921157414,N,0.0007459724909981148,P,0.0010684063437300555,-,,-,,-,,P,0.0001221534480800948,P,0.0007352852631938773,P,0.00046166072320067846,P,0.0011278206601431772,0.0007040782819129386,0.08909328926351302
543,I,I,0.0011523435028533925,T,0.002858697674026103,T,0.001963582360077891,H,2.34109477078147e-05,L,3.1915601224867264e-05,L,0.001368470528677417,I,0.00020058644932456618,I,0.000490539029175198,T,0.0007099315731800781,F,0.0001584793651728634,I,0.0011744177520942591,L,0.0016680588075185855,L,0.001359729605641865,0.0010123202458980694,0.12809788742533562
544,T,I,0.00254267415315917,K,0.0007908080189797394,K,0.002112356332782401,H,0.0011673852190015406,T,0.001534700076529978,P,0.0004148744961494282,E,0.001568707775761999,D,0.0020640642632867552,K,0.002140488295450321,P,0.00031470584178920554,I,0.002522769263564513,T,0.0009159866253829608,P,0.0013335432733232499,0.0014940818180893278,0.18905946543433888
545,K,K,0.00046454541002549816,E,0.00026047132621106035,E,0.00044400045999976566,R,0.0007902450356479649,Y,0.001961614895209904,E,0.0001840276566290091,K,4.019037797220741e-05,K,7.044845513243554e-05,E,0.00044497474220601046,P,0.0023435257165758767,K,0.00046454541002549816,H,0.0005197970187873533,D,0.0012220966485643682,0.0007084987040759192,0.0896526446087216
546,E,K,0.000156550368786249,A,0.0018792373877000446,A,0.003912467456129574,T,0.00520723770832607,E,0.00013366021852920967,Y,0.00013060142211295775,P,0.00026248510366298896,P,0.00043813181888434106,A,0.0038964544305295336,H,0.0001249571559636802,K,0.0005257361998238538,H,9.429614296608307e-05,D,0.0063721568035885285,0.0017795363243848553,0.22518056383246485
547,A,E,0.0006413543197171835,L,0.001324657825196886,L,0.004421517577062648,R,0.0017920955393576949,S,0.0019263041257201856,I,8.103252607224748e-05,V,0.0034228942636194306,V,0.004886341072411529,L,0.002768460680690065,I,0.000436338161926488,E,0.0005537502495826005,I,0.00035309392415062583,V,0.005450860137207434,0.0021583615694396167,0.27311669253435605
548,L,L,0.00044349277393157765,E,0.00039371361775046863,L,0.0008079614598226294,I,0.002488025178487996,A,0.0002403363877013367,L,0.00026376884963648405,I,0.0023471101785831404,I,0.0009041683907571709,Q,0.0012954530341613446,L,0.000338357265275348,L,0.0006846483161954081,L,0.0002631295560714818,L,0.0005024388149191958,0.00084404644794566,0.10680470662204283
549,D,E,0.0009161336837183702,C,0.006133466197050097,D,0.003932326690679163,D,0.004960209041734331,A,0.004858955881934299,K,0.0002828450750223087,E,0.0024076330793285617,E,0.0014847978081757645,S,0.0013062097783265074,K,0.0006926329460969887,E,0.0009828372674661997,Q,0.0012137804585311128,K,0.0005260348884507637,0.0022844509843472664,0.28907190803242966
550,C,F,0.003146647995889468,L,0.0014728875085271286,C,0.002538320607161511,-,,Y,0.0014643964903809337,-,,I,0.00306108511587563,S,0.0005284984632190025,L,0.00023485231775519842,E,0.001973000499383976,F,0.003180109459867168,E,0.0018618913486551415,-,,0.0019461689806715154,0.2462660763793931
551,-,L,0.0007560298394952313,-,,-,,-,,-,,-,,-,,-,,-,,-,,L,0.003621362922386708,-,,-,,0.0021886963809409697,0.2769552261253955
552,-,-,,-,,-,,-,,-,,G,0.0,-,,-,,-,,-,,-,,-,,G,0.0,0.0,0.0
553,L,E,0.006101633441390429,K,0.0009228399211237536,V,0.0016539088791269882,-,,V,0.0011414679587176454,I,0.0008071735063312042,M,0.00029100019792909805,M,1.0423069138196977e-05,E,0.005323903309965664,V,8.48216062079602e-06,E,0.006147269753536834,I,0.0005484574431224479,I,0.0007962993841026483,0.0019794049187588088,0.2504717153289575
554,E,S,0.0005185690733109566,D,0.001705923377884254,G,0.0002647744517035183,-,,N,0.00017474676620277086,D,1.316106204083367e-05,Y,0.00043209904566147457,Y,0.000718913136268904,-,,D,0.0007905868570847322,S,0.0005123856212115069,D,0.0014456384045073557,D,1.0132213890548736e-06,0.0005979828197513965,0.07566808649454991
555,E,-,,G,0.0005209413325980079,S,0.0009129039369545097,H,0.00027647254743833326,S,0.0013477755496590273,F,0.00037437070546737024,K,9.901730116527622e-05,K,0.0003345432737432888,R,0.0005245452024575924,F,0.0004009160906640633,-,,F,0.00023700487660691355,F,0.0002247047779358159,0.0004775632358809271,0.060430325162649866
556,Y,N,0.0009491094531579384,H,0.00012146911807480983,Y,0.00040668018262762264,R,0.0013640580750772246,V,0.0005953167992341264,P,0.0006815154983294438,Y,0.0007796507825765453,Y,0.0007942610916487705,Y,0.0005408150008380849,P,0.0006073036944922419,N,0.0011074709158593553,P,0.0008932595641548299,P,0.0006965821140891674,0.000733653253089243,0.09283567349785071
557,P,P,0.0009025306524557157,P,0.0009195446274672688,E,0.0009159683250804654,H,0.0008975944984749677,P,3.4849772351069864e-05,S,0.00021290098784499677,H,0.00022157748069809942,R,0.0016803259152723142,H,0.0009159683250804654,S,0.0003806305264522746,P,0.0009025306524557157,L,0.0001271984163810512,S,0.00037560361286507484,0.0006528633686830368,0.08261261062846094
558,N,D,5.196642553558337e-06,N,0.0005783540511128398,S,0.00011444755709022266,E,0.0024180967576226584,P,0.0014629337972242007,R,0.000926775035963283,D,0.00015082637926899315,H,0.00018031553322266224,N,5.2104350994639475e-05,N,0.00017628148681395232,D,1.6315144537415133e-05,R,0.0010014622618891012,R,0.00024352842753464993,0.0005635874942944752,0.0713157399459241
559,I,I,0.006955624423695169,I,0.004288689011751016,I,0.0051915864471640885,I,0.003183897810942916,L,0.00042306902585715885,F,0.0029879613031268716,I,0.0026243371557050144,I,0.005545815383974806,I,0.0029818691136372726,L,0.00022744180591962768,I,0.006997559279306431,F,0.0030179267189188153,F,0.0035361171436344846,0.0036893765095102823,0.4668496344905781
560,I,V,0.0018958990522574557,V,0.002899344321042108,M,0.0022246066508325195,L,9.746075253681103e-05,V,0.004759214773005897,N,0.001918969357907367,L,0.00012770025520404536,L,0.00026840196873653655,I,0.0013062097783265074,N,0.0008171480644574811,V,0.001758667839973084,N,0.0015767436546681424,N,0.0019027838698710074,0.0016579346414476123,0.20979322098839537
561,R,H,0.0053603221278681005,R,0.0003235376303360632,Q,0.0025644636852855084,H,0.007902708360339824,R,2.5760216367022383e-05,D,0.007902708360339824,Y,0.0006317180115699444,N,0.00503365561549962,R,0.0023219158400549543,D,0.004255010566545081,H,0.004694914108623669,D,0.006951043498079603,D,0.007618968928851929,0.0042759020730585495,0.5410679324214214
562,W,W,0.006982016111232962,H,0.0008162259868954179,W,0.005125834590389889,Q,0.0057740735822304455,Y,0.006212699414472184,L,0.0005038866534446535,L,0.0013062097783265074,L,0.0013062097783265074,W,0.004888386019703557,L,0.00029985825365199824,W,0.006117091774828077,L,0.0002992598228612873,L,0.00015585175854956933,0.0030605848865317736,0.3872830360147778
563,S,S,2.2024698616066193e-05,A,0.0008976127780631948,S,0.00017846321169225725,S,1.9032654726196097e-05,S,0.0009690622934463447,A,0.00020152305543302945,S,4.4227976457360744e-05,S,5.768373440878426e-05,S,0.0001639722125495252,A,0.0011876945044663543,S,1.684325481014358e-05,I,0.00019847367886689906,A,0.00032491471674135923,0.00032934836694442415,0.04167537911398541
564,S,S,0.002423738022355488,S,0.002291874926926868,S,0.0012318004489438534,G,0.0016486499574947706,G,0.000933530869782622,S,0.00255596839905636,G,0.0020983514527434352,G,0.0012449653064909986,S,0.0014958470074572943,C,0.0007317733740695343,S,0.002422461085099727,C,0.0001953208335831363,S,0.0034973051969265333,0.0017516605293023551,0.22165319146701146
565,I,K,0.0014034174716789098,I,0.00020100091264668984,M,0.0011727847160030163,L,0.0038972654955746373,L,0.001008809314331901,S,0.00042039129185872886,M,0.0005277143633149348,I,0.0017467019576036173,M,0.00045476341572387255,A,0.0008866643408001066,K,0.0010322557267328112,S,0.0006090471456577252,S,0.0015704550010830645,0.0011485593194623088,0.1453374295357294
566,I,I,0.00034155659033644566,I,0.0003042328792881358,I,0.0005242962520727051,V,0.003491071707934474,L,0.0007744928096950611,F,0.0014936624466635536,L,0.0009072587746922165,L,0.0009188295744788586,I,0.0003345030350740548,M,0.007902708360339824,I,0.0003450190145567381,I,0.00030459903747959323,F,0.002348647008799231,0.001537759807031607,0.19458642998252842
567,A,F,0.0002978062978930101,L,0.0003222699685254319,L,0.0003281641240333546,L,0.0006882047738761101,N,0.000376910198484537,L,4.0766624909786145e-05,L,0.00018109904557970347,L,0.00012308176124301354,L,0.00031901002976389,L,3.631489108792574e-05,F,0.0002919651062457196,L,6.799685945451521e-05,L,2.915962430230463e-05,0.000238673023492254,0.030201421159617593
568,R,R,0.0,R,0.0,R,0.0,R,0.0,R,0.0,R,0.0,R,0.0,R,0.0,R,0.0,R,0.0,R,0.0,R,0.0,R,0.0,0.0,0.0
569,L,L,0.0,L,0.0,L,0.0,L,0.0,L,0.0,L,0.0,L,0.0,L,0.0,L,0.0,L,0.0,L,0.0,L,0.0,L,0.0,0.0,0.0
570,A,Q,0.0018530041802402384,A,0.000520830430422876,A,0.0004723598914797788,A,0.0006017228375907121,Y,0.0015671672781851454,R,0.0009079915971646949,P,0.00025104368086474696,P,0.0002753361049769169,S,0.0004944274451150639,R,0.0015020353085591171,Q,0.0020841392766431386,K,0.00014517743132091724,R,0.0009685542159490262,0.0008956761291163362,0.11333786953487188
571,D,D,0.003605715456492703,D,0.00269836144886766,D,0.002290413598071839,D,0.0024753207817287144,N,0.001898357096750659,G,0.0015685695474814782,D,0.001182763151383674,D,0.002174774671544045,D,0.0014186174694081188,G,4.9385943478038035e-05,D,0.0036894922878931286,N,0.0007904700016083609,G,0.0015685695474814782,0.001954677769399223,0.24734276912063222
572,D,D,0.0,D,0.0,D,0.0,D,0.0,D,0.0,D,0.0,D,0.0,D,0.0,D,0.0,D,0.0,D,0.0,D,0.0,D,0.0,0.0,0.0
573,-,-,,L,4.829303875495929e-05,L,0.00024445992420007334,L,4.3948439435214786e-05,L,1.6476452963047278e-05,-,,L,0.0002422887008283153,L,2.0318796065792063e-05,L,0.00012899411412857446,-,,-,,-,,-,,0.0001063970666251395,0.013463367465146384
574,-,-,,G,0.0,A,0.0,-,,-,,-,,-,,-,,G,0.0,-,,-,,-,,-,,0.0,0.0
575,L,L,0.0007649726825291011,T,0.002963189371175913,T,0.0021794023240569458,-,,-,,T,0.0013580518776026378,-,,-,,T,0.002190367275527005,T,0.002021677507557888,L,0.000309517267707494,T,0.001972322949314978,T,0.002092124859073861,0.0017612917905050912,0.2228719206372629
576,G,G,0.002523751033063125,-,,S,0.0010151044900779118,G,0.0002322817650972685,G,0.0005188956738832209,R,0.0035418144349584017,G,0.0010219558037100577,G,0.0014962755131719013,S,0.003017886267861323,R,0.0027617591832062565,G,0.0018826668774146228,R,0.0020150325062579244,R,0.003251611451958152,0.0019399195833883472,0.24547528453965736
577,T,T,0.00025378534951839266,-,,-,,T,0.00010104106640610784,T,0.00010407120269095159,C,9.646061894298363e-05,T,0.00024589084149262305,T,9.635474661067679e-05,L,0.001210370335011829,C,0.0016642209623522054,T,0.00010661823833521875,C,0.00026540232659677743,C,0.00010605371738777033,0.0003863881277586851,0.048893127538122895
578,S,S,0.00038490101466586823,-,,-,,A,0.0010725266579222207,S,0.0003991459579237283,Y,0.0004919457829363685,A,0.0011398598657619934,A,0.0021051767947924548,-,,Y,0.0003982981892822385,S,0.0002912534210117383,Y,0.0002036505569056482,Y,0.0005133148188022348,0.0007000073060004494,0.08857815246143645
579,T,S,0.0009772032205390105,-,,T,0.0003191601923604141,Q,0.00013940606860328452,S,0.001801531107402928,K,0.0005427731178592386,S,0.0009440409830950913,S,0.0010357477099207045,-,,Q,0.0009756531366735076,S,0.0010519483888674405,K,0.00012379214788369402,K,0.0009315344354827603,0.0008038900462443703,0.10172335983936048
580,D,D,0.00037730697454570135,-,,D,0.00014792428454235053,H,0.0026497441156516288,A,0.0011697378962759026,A,0.001200050524570639,F,0.0010049111096199382,D,0.0005997065857445399,D,0.00011319802951657486,A,0.002872072580964103,D,0.0004631605997209708,A,0.0005770516686430036,A,0.00012786970386977834,0.000941894506138761,0.11918629198892247
581,E,E,0.0003580903910656697,-,,E,0.0003338973304165212,E,0.0002547910165471057,E,0.00043660903425258945,D,0.0005978076161228973,E,0.00040453701236064447,E,0.00013624363845866978,E,0.0003406770721486315,D,4.6135282851653643e-05,E,0.00021575656310034294,D,0.0013479609176713756,D,0.0011897743370829442,0.0004718566843399205,0.05970822442442128
582,L,I,5.438039904307847e-05,-,,L,4.113958729582757e-05,M,0.001320525018480792,I,4.3074801613150805e-05,R,3.598603799063887e-06,L,3.456530815755965e-05,L,0.00018836986338574633,L,4.3395836343436306e-05,R,0.0001291773276084353,I,7.368358149351308e-05,R,2.7042061687482755e-05,R,1.4323548095027204e-05,0.00016443966141692614,0.0208080133947718
583,K,Q,0.0029200498644303212,-,,E,0.003340568823358915,E,0.004766326860301638,A,0.0011489064545477563,A,0.003354228894240522,K,0.0021429461361327966,G,0.004028916061359733,K,0.00022849472301848987,A,0.004317482711940056,Q,0.002767727275057241,A,0.00306002180196634,D,0.0056015262846277405,0.003139766324248463,0.39730256781403617
584,R,R,0.00010802154217866865,-,,R,0.00013018458332745918,K,0.004185774514433185,R,0.00012021059287579611,R,0.00011629895302972196,R,0.0001008776847999557,R,0.00010007637170560761,R,0.00015489378250588265,R,0.00011076778322587435,R,0.00010802154217866865,R,0.00011629895302972196,R,0.00011629895302972196,0.00045564377136002196,0.057656660297208395
585,G,G,0.00026097116142269393,-,,G,9.329032950047889e-05,G,7.709371728747651e-05,G,0.00022219670263454153,G,4.425100615818889e-05,G,0.000304758604092762,G,0.00024927547517749325,G,0.00023272978994213323,G,0.00025805664497941005,G,0.0002623051819452299,G,0.0002965551313314279,G,4.425100615818889e-05,0.00019547789588583543,0.02473555735231886
586,D,D,0.0,-,,D,0.0,D,0.0,D,0.0,E,0.0,D,0.0,D,0.0,D,0.0,E,0.0,D,0.0,E,0.0,E,0.0,0.0,0.0
587,V,V,8.127577421364503e-05,V,3.8182061436155745e-05,V,5.9531990980538334e-05,V,1.0545101826147627e-05,T,0.0007012911810735172,E,0.0002422811505224471,V,0.0008049679933439824,L,0.0006604222601888112,V,0.0007224867280812211,E,0.0010268680570000661,V,8.127577421364503e-05,E,0.001122964834246707,E,0.0010268680570000661,0.0005060739203174577,0.06403803572674116
588,P,P,0.00012177565130446508,P,7.419304211113667e-05,P,0.00011674237979731098,P,0.00010591814066799411,L,7.698773199129282e-05,A,0.0001675453060947854,Q,0.00010591814066799411,A,6.538923363288271e-05,P,9.469046132410926e-05,T,0.0013708792029290923,P,0.00010371086414512744,A,8.28125130273379e-05,A,0.0001675453060947854,0.00020416215182987032,0.02583445352158879
589,K,K,0.0002818911377528434,K,0.0004594254973162353,K,0.00186591663500523,K,0.001366631234523524,K,0.0005763810030536362,S,0.00015051060520089582,K,0.000729515403423001,K,0.0007427090198332101,K,0.0021654845677647624,S,0.00010554889433236472,K,0.0005888408164388046,S,0.00018024685206422946,S,0.00034510447216645556,0.0007352466260673226,0.09303729715716175
590,A,S,3.45589713099351e-06,S,2.5105210295005515e-06,S,0.0001585763635552192,A,0.00012653717843640286,S,0.0005410795547678187,C,0.00015732463185937109,A,1.0000997222901057e-05,A,0.0001534344866316092,S,7.873926621850286e-07,C,0.00039213863166586175,S,1.9569083390717036e-06,C,5.122039859411907e-06,S,0.0001939832995245837,0.00013437753097576388,0.017003984564348207
591,I,I,0.0006831130249635323,I,0.00016095792068398354,I,0.0006825834190451121,I,0.00013747996952975311,I,7.18295152367917e-05,I,0.00013000362480314635,V,0.0007548326486648696,M,0.00026775397314393975,I,0.0006825834190451121,I,0.0001631346252490484,I,0.0004616193407142278,I,0.0009299550646786031,I,0.00010322655555587246,0.00040223639240876866,0.05089854946785258
592,Q,Q,0.0011696477380406024,Q,0.0011912716318752843,Q,0.0014411412010029204,Q,0.001153237531510793,Q,0.0015459208980944026,S,0.00041514136597543036,Q,0.001045647731940323,Q,0.0008514705322434633,Q,0.0006358004236837531,S,0.0017929976143158087,Q,0.0016308573048889063,S,0.0014804054583266173,S,0.00037273089959663703,0.001132790025499611,0.14334200046968454
593,C,C,0.006049921470295103,C,0.0042045155278127595,C,0.004190635047392793,C,0.0060216155473540615,C,0.0053753505905077825,C,0.0048033939372786865,C,0.005449243766439546,C,0.005818764653192668,C,0.0037911451455690144,C,0.003010423855066787,C,0.006255581243430751,C,0.004740631858925153,C,0.004857078131827242,0.004966792367314796,0.6284924282719222
594,Y,Y,1.779132534063524e-05,Y,0.000509821402864791,Y,7.730685435110884e-06,Y,5.282906849677649e-06,Y,2.423304603844527e-05,Y,9.783160832736385e-06,Y,7.730685435110884e-06,Y,1.779132534063524e-05,Y,6.559088755355622e-05,Y,7.730685435110884e-06,Y,1.779132534063524e-05,Y,7.730685435110884e-06,Y,5.282906849677649e-06,5.4176232980864104e-05,0.006855400770291677
595,M,M,1.2104938811499924e-05,M,2.1628117449868414e-05,M,5.290983254421076e-05,M,4.984040433023394e-06,M,0.0003708547625742234,M,6.855068203388162e-06,M,3.8594023357865475e-06,M,3.7761248807787254e-06,M,1.2145825991150069e-05,M,6.855068203388162e-06,M,1.2104938811499924e-05,M,4.72841420071457e-06,M,2.1628117449868414e-05,4.111035783764618e-05,0.005202059340056224
596,N,H,4.293341995545808e-05,H,0.0007423630613390643,H,0.0007423630613390643,K,0.00013194003596292035,T,0.0002452421849452827,K,3.2194672301406295e-05,K,9.948064542946174e-05,K,3.906739382707268e-05,Y,0.0001806173905625701,K,2.2435158101001076e-05,H,2.311788877738954e-05,K,3.2194672301406295e-05,K,3.2194672301406295e-05,0.0001820110967033464,0.023031483436334196
597,E,E,0.0014090622998763297,D,4.159747593069539e-05,E,0.00048114568038202913,D,0.00012263348912788563,-,,D,9.626837582583286e-06,E,0.00020608760897733187,E,0.00035370924623984894,E,0.0007863873515851207,D,0.00020319218445054334,E,0.0014084696871702663,E,0.0031549554292270117,D,9.943137151616495e-05,0.0006896915551721511,0.08727280872889173
598,T,-,,-,,-,,-,,Q,0.00018258309008827492,N,0.00025097775492446424,-,,-,,-,,N,0.0012283943565402277,-,,N,0.00031445831777954215,N,0.00024157049800200656,0.0004435968034669031,0.05613225026664504
599,-,T,0.004078099957374717,T,0.0031179908279332564,N,0.0006125525442976413,T,0.0027575891764138253,T,0.003495256049900287,P,0.0009883534595102657,R,0.002188397092393149,R,0.002495319508405769,T,0.004505105061425774,P,0.0005211401935366485,T,0.0038665856673293334,P,0.0018399391639550835,P,0.001010518228356596,0.002421295917756334,0.3063881149793836
600,G,G,0.0,G,0.0,T,0.0,N,0.0,G,0.0,G,0.0,N,0.0,N,0.0,G,0.0,G,0.0,G,0.0,G,0.0,G,0.0,0.0,0.0
601,A,A,0.0007171633176298434,A,0.0003662793089458257,A,0.0005233622504443326,A,0.0003209070748219969,A,0.0002603217018899807,S,0.00029597101173118847,V,0.0023360879685464116,V,0.003846265005642969,A,0.0013062097783265074,A,0.00017941067957292004,A,0.0007171633176298434,S,0.0005099782140788059,L,0.0002477393086212177,0.0008943737644524495,0.113173069746685
602,S,S,2.9000615364392773e-05,S,0.0005654439792828495,S,7.486795200005012e-06,S,1.4452188041607435e-05,T,1.4452188041607435e-05,T,2.153842535275216e-05,P,2.5336486310932766e-05,S,2.70158956622482e-05,S,1.4707802207776003e-05,T,1.0039006571436234e-05,S,1.7412188229392036e-05,T,9.544357341635917e-06,T,7.436088046526201e-06,5.875892428101242e-05,0.007435289473150409
603,E,E,0.001140012085499103,E,0.000640002542835478,E,0.0006653382092383397,E,0.0005305076681034783,E,0.0009506569012955743,E,0.0002798473017032613,E,0.0011037538912498255,E,0.001003707804621456,E,0.0010114097746202156,E,0.00037723339048699884,E,0.0011400120854991032,E,0.00036296477266405195,E,0.0004714673358140144,0.0007443779818177615,0.09419276884282651
604,E,E,0.0,-,,-,,-,,-,,E,0.0,-,,-,,-,,E,0.0,E,0.0,E,0.0,E,0.0,0.0,0.0
605,-,-,,-,,-,,-,,-,,D,0.003368131491547334,-,,-,,-,,-,,-,,-,,D,0.003368131491547334,0.003368131491547334,0.4261996442195042
606,-,-,,D,0.0010853734197811438,V,0.004871016452823082,E,0.0007611817573999627,E,0.00034231506987594747,-,,N,0.007902708360339824,E,0.0006602210593539774,E,0.0004035411589097674,-,,-,,-,,-,,0.0022894796112119574,0.28970822492980214
607,-,-,,-,,-,,-,,-,,-,,-,,-,,-,,-,,-,,-,,-,,,
608,-,-,,-,,-,,-,,-,,-,,-,,-,,-,,-,,-,,-,,-,,,
609,G,V,0.0028720906708323314,E,0.00013221346822307314,V,0.0014815908030547274,E,0.0002248618093338624,A,0.0011905920968856146,-,,E,7.62788997425682e-05,E,0.00020491805324506955,D,0.0010796481466162084,D,0.0007857671956666189,V,0.0029483123175409387,D,1.6178833119059783e-05,-,,0.001001132026750916,0.12668214251397053
610,A,A,0.0,A,0.0,A,0.0,A,0.0,A,0.0,A,0.0,A,0.0,A,0.0,A,0.0,A,0.0,A,0.0,A,0.0,A,0.0,0.0,0.0
611,R,R,0.0008188683574048602,R,9.542612085471873e-05,R,0.0007217933609896561,R,0.0007679491765072659,R,0.0007651526017951165,L,0.00017876023198931787,R,0.0007203727245731953,R,0.0009153490217141039,R,0.0007312967417360706,L,0.0006374035985252219,R,0.0007833792647906398,I,0.0040578870131500275,L,0.0001847080389921592,0.0008752574040786427,0.11075410658846657
612,E,E,0.00013911158721526543,E,0.0006741935706276628,E,0.0012623974976917539,E,0.00021148524765052042,E,0.0008162636716724198,N,0.0001773678663499001,E,0.00015210084801589132,D,0.0004224652565909192,K,0.00015976862263117182,N,0.0010193609114577972,Q,5.069047042196273e-05,N,0.00037502811748763064,N,0.0008225935223492006,0.00048329439924323813,0.06115554025360187
613,Y,H,0.0005478573778388592,H,8.072774524651439e-05,Q,0.0016471789936134084,H,0.00010881726606806173,H,0.0002493197476130594,H,0.0001410469258313457,H,0.0010527677503422825,H,0.0002532216132708695,H,0.0005014589735136231,H,0.0014611715627739202,H,0.0005478573778388592,H,0.00015853559208045206,H,0.00013084654816183661,0.0005292928826302379,0.06697613760954704
614,I,I,6.322096974300779e-05,I,1.4677730346802033e-05,M,0.0001959215788801633,V,0.0002547872899667764,I,1.1745251094339243e-05,I,9.227192192241571e-05,V,0.0019185872152084568,V,0.0003417245280797181,T,0.0012187625115586958,L,0.0008573850718745852,I,6.322096974300779e-05,I,0.00010926379532207227,I,9.245600978118954e-05,0.00040261729565547913,0.05094674854459215
615,K,K,0.00010034406425627875,K,7.366145972028111e-05,R,0.00014496343848499556,R,0.0014234431471634994,K,0.000557536482663458,N,0.0008703226397637809,K,0.0006571169669136537,R,7.787873475868388e-05,S,0.0012486788536033907,N,0.0006203885713167804,K,1.8706840457222e-05,N,0.0007544354360203211,N,0.000862880572419625,0.0005700274775032285,0.0721306483184857
616,Y,D,0.006150451611720333,Y,0.0012736577730342617,A,0.007902708360339824,F,0.0003477464028094629,G,0.0012820261445013836,S,0.0007077003752131541,F,0.00039812524705736717,F,0.0007006949634987996,Y,0.0003883533859139637,V,0.0002707630873587147,D,0.006286517136264844,A,0.004132464179794009,A,0.003515575468523092,0.0025659064720022474,0.3246869750223088
617,L,M,0.004661794645201266,L,0.00024025160119299838,R,0.0056577461229670774,M,0.004842434287050721,L,0.0005068432056246783,M,0.0024597749399496776,L,0.0005326880299670742,L,0.0009875070686480498,L,0.0013062097783265074,M,0.0012476258232837379,M,0.005915410881984307,M,0.0010708433995739845,M,0.0024594090907830604,0.00245296452881178,0.3103954260949471
618,I,M,0.0018979073489618621,I,0.00017029563881007506,I,0.0008014117131535214,I,0.0003249850200712659,V,0.0018136859151404708,I,0.0007757669926253699,I,0.00037334767319882904,N,0.0021197674403343214,I,4.226169815776583e-06,I,0.0001595163806637885,M,0.0019252296831345573,V,0.003496672736355535,I,2.9202846012343957e-05,0.0010686165814059784,0.13522156363113302
619,S,R,0.00015874989830547178,S,8.562309823047164e-05,S,0.0003908285028690532,G,0.0007693247266952635,H,0.0008988011720867128,N,0.0005282353097838488,R,0.0003827176919039559,R,0.00018991940672585805,G,0.00015913353352544918,S,0.0017675578257363759,R,0.0001319201862217404,N,0.0005696026723382216,N,0.001257584603984742,0.0005607691252620896,0.0709591066369525
620,A,Q,0.0008507308437211734,E,0.0003094944994057494,D,0.0003680628041617723,E,6.038985737436708e-05,E,3.149665057288358e-05,E,5.630727007059166e-07,E,0.00017215757410110459,E,0.0003421919593944598,E,0.0002976707836570981,G,0.0006435582318156894,Q,0.0008507308437211734,N,0.0019707483676566612,D,0.0007007493234293527,0.000507580370131707,0.06422866022476889
621,T,M,0.0009031532910550938,S,0.0009724560511456798,I,0.00026211604313065,A,0.00017991011217003016,A,0.0003939682234952367,I,0.001014275352566128,A,0.0013062097783265074,V,0.0010049769994104859,T,0.0010153383013649915,V,8.883675717070327e-05,M,0.0008904475422255717,L,0.0009041603703743831,I,0.001014275352566128,0.0007653941673078145,0.09685213377593271
622,W,W,0.0005722663672059264,W,0.0003957922695119068,W,0.00043553488535178576,W,0.00046216068655142534,W,6.585415134732456e-06,I,0.0036892549345627053,S,4.708638053861837e-06,S,4.708638053861837e-06,W,0.00040716369538062216,I,0.0001902569182772964,W,0.0005722663672059264,I,0.0019489080050607943,I,0.0036892549345627053,0.00095222013499335,0.12049288567601951
623,K,K,0.0003151614676168894,K,0.0003584378825039529,K,0.0004912905700115579,K,0.0005517253523417799,K,8.412682353333811e-05,K,0.000589728473611164,K,0.0004129312580725484,K,0.00016544556817003263,K,0.0004011433850980487,K,0.00036466430009414816,K,0.0003151614676168894,K,0.00011453689877355972,K,0.000589728473611164,0.0003656986093119287,0.04627509869239352
624,K,K,0.00013768715445494994,E,0.0013062097783265074,K,0.0004606036504828172,G,0.000547345928116658,G,0.0007334109524338903,E,7.79913556806338e-06,Q,0.0001387681745467516,Q,0.00031915426490501723,K,0.00022452976345606362,E,0.0008310329914814833,K,0.00020179284651235444,E,0.0010360560448702382,E,0.0004961265637532137,0.0004954244037621545,0.06269045764721233
625,M,V,0.007902708360339824,M,0.0008693748786542047,M,0.000453933233113175,L,1.6389191894811898e-05,M,0.00042622603830069246,L,0.0007003448738475996,I,0.0005499861202051786,M,0.0013062097783265074,L,8.859906813948418e-05,L,0.0010282695156229571,V,0.007902708360339824,V,0.007902708360339824,L,0.000897290152877299,0.0023111344563077982,0.2924484051450454
626,N,N,0.0,N,0.0,N,0.0,N,0.0,N,0.0,N,0.0,N,0.0,N,0.0,N,0.0,N,0.0,N,0.0,N,0.0,N,0.0,0.0,0.0
627,K,A,0.00034853738938059363,N,0.0002185372967953276,K,0.0011954994569051325,T,0.0003535255407886767,K,0.0007591085243529523,W,0.0012503736386973454,T,0.0003985883994630495,P,0.0018413077044539636,E,0.00018629088184267525,W,0.0010160956072086497,A,0.0008836891799882886,W,0.0001463072929526232,W,0.0012503736386973454,0.0007575565039635864,0.09586036450053319
628,D,Y,0.003926647042994286,E,0.0013632407450297136,D,0.00011383375590210509,A,0.0012438481888036755,-,,E,3.648157203890083e-05,A,0.0001724758332371816,A,5.711550338699752e-05,D,0.0007478367097897422,E,0.00013626212943261846,Y,0.004162577321673464,E,0.0005214630923368595,E,2.0521387381479693e-05,0.001041858606833919,0.1318356390402237
629,R,T,7.208103027964952e-05,-,,-,,-,,-,,L,0.001288083880177147,-,,-,,-,,L,2.2595830737764965e-06,T,0.00017941996319802936,L,3.849339692791527e-05,L,0.00016512929732748977,0.000290911191830668,0.03681158136755012
630,A,A,0.00490318639862308,D,0.005427458089695172,V,0.0010870832189970772,M,0.0026387985383143175,-,,L,0.00016592228042247302,M,0.0022037013130437808,R,0.0023783012416785723,G,0.005387283564939295,L,0.0004137143757200189,A,0.006119458622868087,L,7.624509196412434e-05,L,0.0002176088504555299,0.0025848967988934607,0.3270899900426425
631,A,D,0.0003415886824268776,-,,-,,-,,-,,-,,-,,-,,-,,K,0.00017292295883529558,D,0.00037383415164284766,-,,-,,0.0002961152643016736,0.03747009895844624
632,-,-,,-,,-,,-,,-,,-,,-,,-,,-,,-,,-,,-,,-,,,
633,S,K,0.00017296791644855192,G,8.540160655416183e-05,A,0.0006962237866063329,A,0.0008473747738439618,C,0.0006239579948701938,-,,-,,-,,A,0.00148553661976323,-,,K,8.50227047424993e-05,-,,-,,0.0005709264861184189,0.07224440787713296
634,S,D,0.00039081087638962136,-,,-,,K,0.006910220631014533,L,0.003157979172415425,-,,A,0.0012414156748537853,A,0.0011056736357130705,-,,-,,D,0.0004712132894431585,-,,-,,0.002212885546638266,0.28001609647443826
635,-,-,,-,,-,,-,,-,,-,,-,,-,,-,,-,,-,,-,,-,,,
636,-,-,,-,,-,,-,,-,,-,,-,,-,,-,,-,,-,,-,,-,,,
637,-,-,,-,,-,,-,,-,,-,,-,,-,,-,,-,,-,,-,,-,,,
638,-,-,,-,,-,,-,,-,,-,,-,,-,,-,,-,,-,,-,,-,,,
639,-,-,,-,,-,,A,0.004488592405332226,F,0.0021054457190676644,R,0.0013062097783265074,-,,A,0.0012530756413736044,-,,P,0.0012652868330508874,-,,R,0.0031999835879622344,K,0.0014451804024460675,0.00215196776679417,0.27230762779934264
640,-,-,,-,,L,9.01469726534197e-05,D,0.0006769610524663315,E,0.0009087152351689101,P,0.0018826540430765435,T,0.0024936459089665484,D,0.0009773073768751406,V,0.002709914251112974,N,0.0049078811848531825,-,,Q,0.004254901642538732,P,0.001986392206188361,0.002088851987390014,0.26432102668409635
641,-,-,,N,0.0005079747039706065,-,,D,1.8563783295755967e-05,Q,0.0005672338745543016,D,0.0016146948102882179,D,1.405086486250793e-05,D,0.0010124760772159643,E,6.434717692596257e-05,-,,-,,D,0.0013603049783748292,D,0.0011828154549321716,0.0007047179693800353,0.08917423461008649
642,P,S,0.00046356662718893257,S,0.00046111671068580005,S,6.79804591919671e-05,C,9.783180708925875e-05,T,3.904038467570365e-05,S,0.0005108597686698638,C,0.00010809033545738056,C,0.00010093908423222402,S,6.79804591919671e-05,S,3.299888519817595e-05,S,0.00046356662718893257,G,0.0002255506088611774,S,9.515171293499435e-05,0.0002103594977358752,0.026618658837465888
643,F,P,0.0018081563330195637,F,0.000804000665981945,P,0.0025377089093603345,P,0.0027345744964184806,P,0.0007821117442721655,N,0.001067005730136597,P,0.0009205465429544609,P,0.0016350960576318131,P,0.0020238633320406297,S,0.005873846024156485,P,0.0027035141843687093,T,0.0035822426119634047,N,0.0002578939004058847,0.002056196964054652,0.260188896046549
644,-,L,0.000701687578881984,F,0.002984140431247517,L,0.002942960686165116,F,0.004106132903019525,F,0.004808963728305124,I,0.006076105986119454,F,0.0023710220004456934,F,0.0018928488922321932,F,0.0034190021646248844,V,0.0006211757474292053,L,0.001294293217500664,A,0.004800792031365559,I,0.006417518256515577,0.003264357201834808,0.4130681600522125
645,S,T,0.00023269984053818073,S,7.213310217330997e-05,P,1.1385588675300211e-05,T,0.0009284796205311048,A,0.0010493436571034109,P,0.0002684842838684297,T,0.001631709136825095,T,0.0007274305526513627,P,0.00013021694052075194,P,0.00022162924427971008,T,0.00032311888950251386,H,0.003119886570900892,P,0.00022029837463341127,0.0006874473694002673,0.08698883193643583
646,H,R,0.0005020255885136518,N,0.00046624880807571853,Q,0.000683296746438117,E,0.002767018047552058,E,0.0011028734424798233,M,0.0005892218584316655,E,0.0020717553441137694,D,0.0013062097783265074,E,0.0010341270082827243,I,0.00030572526354056347,G,0.0030469094110334247,I,0.0009589816594308394,M,0.0006070863082538147,0.001187806097267129,0.15030367351377905
647,I,T,0.00035441662179434505,E,0.006109889938082953,P,0.002477905627956087,Q,0.0010322891385214261,P,0.0009031074156499765,P,0.0015239164623846977,D,0.00296109858684755,D,0.003974919208232066,T,0.0008048266829727989,S,0.000434325760996609,T,0.0003237961677842433,A,0.0017832680600549204,T,0.0013062097783265074,0.0018453822653541677,0.23351263658106378
648,F,T,0.00048682548777864005,F,0.0005144252079963751,F,5.234427907241612e-05,A,0.007159778655661582,F,0.0006561706142995561,A,0.005196717732511555,F,0.0005207230146893547,F,2.273518570704785e-05,F,0.00032326589600863956,S,0.0006766224658978932,T,0.0013062097783265074,C,0.004224683790633019,A,0.007902708360339824,0.002234093112994031,0.28269967853121725
649,I,A,0.00043015312171681703,V,0.000537696678005455,K,0.0012926186474305963,V,0.00321849961679334,V,0.0031387837123605217,R,0.002575130933893515,A,0.00020905500681283137,V,0.0011428129897774247,I,0.0013138974353784842,K,2.2852896305182978e-05,T,0.002606408526304848,K,0.000200396762234964,R,0.0025688316595850118,0.0014813183066614611,0.18744438477516626
650,E,E,8.705944600234445e-05,Q,0.00022692963801211483,A,0.00014621432882260614,E,0.001465780061678957,G,1.235853522150357e-05,K,0.0007828640033036782,V,4.5848410908194175e-05,V,0.0005825444175171896,G,0.0008362572298799649,K,0.00026165258279546794,E,8.705944600234445e-05,K,1.9390062024063405e-05,K,0.0007878298558517052,0.0004109067706169333,0.051995689563731275
651,I,F,0.0008387416684955376,V,0.002484632845238536,A,0.0024369399312462662,A,0.00226061377299734,F,0.002128379736099277,H,0.00036942907855043715,A,0.00136812578657136,A,0.0021843768645656526,I,0.00022575045887284146,I,0.0007863532145028581,F,0.0008387416684955376,H,0.00094361659505629,H,0.0003901603582453921,0.0013273739983797942,0.16796444179077816
652,A,L,0.0013163256185029692,C,0.0016931924237652924,A,0.0003719237453793379,A,0.00036535886213003076,N,0.0014311077118303425,A,0.00016441053848999005,A,0.00021988267692092756,A,0.0005982422939712284,A,0.00043590903326328715,N,0.00030754068300136247,L,0.0013163256185029692,A,0.0002056805871791598,A,0.00016441053848999005,0.0006607931024174528,0.08361603038949018
653,L,L,0.0001780094560380272,Q,0.005517546888442389,V,0.0027530576988071594,A,0.0001004877073298751,V,0.004213683768345836,F,0.0010450536292457217,A,0.0008517612025595358,A,0.0008454185226684316,M,5.7034402076493624e-05,F,0.000780213912520224,L,0.00013312358802578488,F,0.0007391629214485182,Y,0.004037724632628496,0.0016347906407797304,0.20686460466945955
654,N,N,4.5120250793442615e-05,N,3.301450698019495e-05,N,4.154287900302236e-05,N,0.00021353837893786732,N,0.00019664712585379683,D,3.6909471123319544e-05,N,8.677192595524983e-05,N,0.000214891755662718,N,4.124242410195687e-05,D,0.00018543517319114723,N,6.971780860487801e-05,D,3.49992545382326e-05,E,3.6909471123319544e-05,9.513387891301122e-05,0.012038136114252402
655,L,L,0.002269817335675467,L,0.0005085785196641914,L,0.0010326053446709105,L,0.0020247441128532083,T,0.0022282244236963146,I,0.00015511922201005618,L,0.0021506921961098,L,0.0013874132731320347,L,0.0019699274030952722,I,0.0001444890555909936,L,0.002269817335675467,I,0.00046624473651359034,I,0.00016813381772985697,0.0012904466751090125,0.16329169903133336
656,A,V,0.0012222824124166443,G,5.3014576462785104e-05,A,0.0006899626162646051,G,0.001125571682066807,V,0.0021597689734850524,T,0.0015877742071230877,G,0.0008702356840019853,G,0.0006887539258962162,A,0.0007544165967917599,T,0.003321676615005898,V,0.001208617218593422,L,0.0008202713218026859,T,0.0016496693595163653,0.001242462706879024,0.15721986061315277
657,R,R,0.0016576656878736777,-,,-,,-,,-,,R,4.124107016119226e-05,-,,-,,-,,R,0.0001403748530461186,R,0.0020435899208884794,K,3.786397560838016e-05,R,1.1257509182569258e-05,0.0006553321694600696,0.08292500995593993
658,-,-,,-,,-,,-,,-,,-,,-,,-,,-,,-,,-,,-,,-,,,
659,-,-,,R,1.933754187302087e-05,R,3.738681234836434e-05,R,1.9585807683034914e-05,R,6.494045524201094e-05,-,,R,0.0004497171489142663,R,0.00017728073257010078,R,1.3866665451189258e-05,-,,-,,-,,-,,0.0001117307377259982,0.01413828432372945
660,-,-,,-,,-,,-,,-,,-,,-,,-,,-,,-,,-,,-,,-,,,
661,-,-,,-,,-,,-,,-,,-,,-,,-,,-,,-,,-,,-,,-,,,
662,-,-,,-,,-,,-,,-,,-,,-,,-,,-,,-,,-,,-,,-,,,
663,-,-,,-,,-,,-,,-,,-,,-,,-,,-,,-,,-,,-,,-,,,
664,-,-,,-,,-,,-,,-,,-,,-,,-,,-,,-,,-,,-,,-,,,
665,-,-,,-,,-,,-,,-,,-,,-,,-,,-,,-,,-,,-,,-,,,
666,M,M,0.0009294612426856111,A,0.0005814073816454838,M,8.103882325724477e-05,A,0.001728314428874095,G,0.000163211010056251,A,7.791412963687345e-05,V,0.0006089549544101961,V,8.772948681773699e-05,M,0.00012278380832689962,A,4.545233544748718e-05,M,0.0005612420036934126,G,2.7791987487913697e-05,A,6.411427834158507e-05,0.00039072429774467614,0.04944182170577716
667,A,S,0.001889392931269512,S,0.002286273622811998,A,0.0009726289224926485,A,0.00042439610689012333,S,0.0002032895951848334,L,0.0027739502238637087,A,0.0001528438709132531,A,8.558390508642242e-05,A,0.00020875563698535403,F,0.0013326041739076752,S,0.001092313114980965,S,0.004491873570201674,F,0.0008423893627091629,0.0012889457720997948,0.16310177641989676
668,Q,H,0.0025843098108759674,Q,0.0006559288053870685,Q,0.00023582634226353475,Q,0.0003946413958189848,Q,0.0003870409225729947,H,0.0014582418351114068,N,0.0008036165827758647,D,0.0028352874644394154,Q,0.00038266774161469397,H,0.0016067262857276104,H,0.002707272210790602,L,0.0009812735510948542,H,0.0015978556352511002,0.0012792837372095462,0.16187915318116786
669,C,F,0.0004644430174644452,F,0.001523609205453309,C,0.0009476606271869725,F,0.0005412605020058769,F,0.0013291341045829031,H,0.00048216848152422137,F,0.000468335838352186,F,0.0010998635361168792,C,0.0007749645174597151,Y,0.00015272377654856027,F,0.00045631463160634663,H,0.0006647114606097077,Q,4.238023344361458e-05,0.0006882746101811337,0.08709351007248069
670,L,M,0.003905802804177474,I,0.0035219497635370703,M,0.0021905718316357512,I,0.0022915297905109857,F,0.002135115117726253,L,0.00426493496524672,V,0.0013140158866201015,M,0.002884832521511588,M,0.002377527429336374,G,0.00361710961903374,M,0.0019124165853006397,G,0.005152045764689581,L,0.005790886715358329,0.0031814414457449706,0.4025760917246054
671,Y,Y,0.0,Y,0.0,Y,0.0,Y,0.0,Y,0.0,Y,0.0,-,,Y,0.0,Y,0.0,Y,0.0,Y,0.0,Y,0.0,Y,0.0,0.0,0.0
672,-,-,,-,,-,,-,,-,,-,,Y,0.0,-,,-,,-,,-,,-,,-,,0.0,0.0
673,Q,L,0.00024054812342054444,Q,0.000788510422488642,Q,0.0010515834519227076,L,0.00012211900334236378,Q,0.0017447836024179482,K,8.002884409822946e-05,V,0.003912894294203673,V,0.0013828393890875806,Q,0.0020655996171864612,K,0.0003257256966350754,L,0.000291442036960684,K,5.234538313197791e-05,K,0.0002626220446853145,0.0009477724545831693,0.11993008110227343
674,H,H,0.0003867706380118306,Y,0.00031262327406875423,H,0.0003372387051437475,D,0.0031858540441425374,H,0.0011256702787862704,Y,0.00014839707305411374,D,0.0030154824543600378,E,0.00022530264057890348,H,0.0010929004369752496,Y,7.85723440474375e-05,H,0.0010526814485462578,Y,0.00043970214435473074,Y,9.34706177690089e-05,0.000884205084602991,0.11188633621359771
675,G,G,7.968110243695455e-06,G,2.2115013285661787e-05,G,8.352783615988039e-06,G,1.0499084822234952e-05,G,3.486943446876469e-06,R,9.093867802803866e-06,G,1.346743949671144e-05,G,0.000234120699664886,G,7.361287195856603e-06,R,9.093867802803866e-06,G,7.968110243695455e-06,R,9.093867802803866e-06,R,0.00022509211020185475,4.367024504814405e-05,0.005525984644366427
676,D,D,0.00018967194288449686,D,0.00018713093535251488,D,0.0001921736655006527,D,0.0001637261627573546,D,4.076802426921555e-05,D,4.142977306745934e-05,D,0.00021208472479079723,D,0.00016733205529737932,D,0.00019272947514526506,D,0.00014291538043340344,D,0.00018967194288449686,D,0.0001340029001507489,D,3.798676883772502e-05,0.00014550951933627,0.01841261409398802
677,G,G,0.00029945393856961795,G,0.00031697668705122495,G,8.63031907027998e-05,G,2.920291906389407e-05,G,0.00013521021758833838,G,0.0001661085600773076,G,0.00021442482605049494,G,0.00017498506360617494,G,0.0003174956443472329,G,0.00011575402383646422,G,0.0002999044842846605,G,0.00016402076796195495,G,0.00017216533996043887,0.0001916927433154311,0.024256588320714412
678,H,-,,H,0.005060704839401547,H,0.003436578592504404,H,0.0028371236598951446,Y,0.0005964234586831789,F,0.007902708360339824,F,0.002526204614932049,L,0.004839777290504312,H,0.003426970581412407,Y,0.0011717386353222792,H,0.0046504533589867645,F,0.007902708360339824,F,0.007902708360339824,0.004354508342721795,0.5510146830895513
679,G,-,,A,0.004727223386866445,G,0.0002448995463687879,-,,A,0.004733857735002133,S,3.5525611957481986e-05,-,,-,,G,0.0003454865075015964,S,6.630320120823254e-05,G,0.00050076254207315,S,0.00034798715492642413,S,0.00042956580562920806,0.001270179054614829,0.1607270566872102
680,L,H,0.001047870026890967,S,0.0006460990990081771,N,0.0016665452878976358,-,,V,0.0017590362123954652,V,0.0014961100127338274,G,0.001512719098569277,G,0.0032977246689930234,I,0.0015172630840521535,V,0.00152798950870708,V,0.0009604914114853032,V,0.0020596069695855666,V,0.000720248913409812,0.0015176420244773575,0.19204074796606785
681,-,-,,-,,-,,-,,-,,-,,-,,-,,-,,-,,-,,-,,-,,,
682,-,-,,-,,-,,-,,-,,-,,-,,-,,-,,-,,-,,-,,-,,,
683,-,-,,-,,-,,-,,-,,-,,-,,-,,-,,-,,-,,-,,-,,,
684,G,G,0.0006476407672962032,-,,-,,-,,-,,A,0.0007954521847668108,V,0.0013062097783265074,L,0.0010882978696228971,-,,S,0.00014034027787224654,Q,0.0005221292837602818,A,0.0022122508672553836,A,0.0005228397421037209,0.0009043950963755063,0.11444115803567582
685,-,-,,-,,-,,-,,-,,-,,-,,-,,-,,-,,-,,-,,-,,,
686,-,-,,Q,0.004042881966123756,P,0.0019230840371458205,G,0.00026474232141087653,T,0.0015834897286983044,-,,Q,0.0016392554694876949,Q,0.002416224826283521,E,0.00047288250383439206,-,,-,,-,,-,,0.0017632229789977664,0.22311629109921327
687,N,V,0.007902708360339824,N,0.00017820993624913074,H,0.0013062097783265074,N,0.001964407634217923,E,0.0013062097783265074,T,0.007902708360339824,H,0.0013062097783265074,Y,0.007902708360339824,Y,0.007902708360339824,S,0.00012058630496106427,N,0.0013062097783265074,N,0.0011885617152603224,T,0.007902708360339824,0.0037069343465918137,0.46907138383029134
688,R,T,0.0006146209557815774,N,0.00017773994611860574,R,6.128341972083306e-06,F,0.0005796438704545906,S,8.19504176982071e-05,K,0.0013535441246420817,S,0.00026989484963305083,P,0.0009386784086276536,G,0.0006883438964562763,V,0.0007936978173378476,Q,0.0010555688965673605,K,0.0014281598173715602,Q,0.0014121186756710564,0.0007230838475639963,0.09149823257971057
689,E,I,0.00031326930004701173,L,0.0016427130941444805,E,0.003278464291664141,Q,0.002462605545169947,W,0.0013062097783265074,E,0.002831575918629081,K,0.0011920761713185308,A,0.0038230973111867844,E,0.0026430055135794996,E,0.0016710106641297578,E,0.0020214835753137755,E,0.0017584104916565043,E,0.0025923840299754593,0.0021181773603954988,0.268031827041181
690,T,-,,S,0.0021872502221850737,S,0.001454495280734102,I,0.00020640375371529403,T,0.0003390629585987759,T,3.268796822415838e-05,I,0.0007032608146568661,I,0.00012934555367166117,T,0.0004027088620322662,T,0.0015056120520801123,T,5.591959370217092e-05,T,1.3760367415069977e-05,T,3.268796822415838e-05,0.0005885996162699758,0.07448074627477022
691,K,-,,K,0.0005734498448400991,K,0.0007530977842210105,R,0.003840397612563174,K,0.0008791332617491957,K,0.00016348205502357915,Y,0.002977564820626727,H,0.00041801538596981946,E,0.0017419208986556227,K,0.001036469320603446,I,0.0006243045671255229,K,0.0003859964112913249,K,0.0003212378553716568,0.001142922484836765,0.1446241506990925
692,D,D,0.003414744393657206,E,0.0027801245662566897,D,0.0021238429377292275,Q,0.0008009484262097641,D,0.0014575777346755453,S,0.0014244514233087628,E,0.004572195794508556,Q,4.054965329731941e-05,D,0.0020829205587454083,S,0.0022336217726102404,D,0.00345255696006451,N,0.00032227668112211946,S,0.0017889297742267236,0.0020380569751086213,0.2578934818519588
693,R,V,0.006315334207635658,R,0.0024934071619517923,H,0.0034636605858946986,H,0.0019562797590098736,L,0.0023860721918144774,L,0.002857455032980121,Q,0.002747394133898308,H,0.004312580881636904,R,0.0014781048972057032,L,0.002730285757814024,V,0.007504482023860593,W,0.005401370867502125,L,0.0028003240388691556,0.00357282704154411,0.45210159335684696
694,I,G,0.0034902475459784774,V,0.0003999139326404087,I,0.0009167298079580513,V,0.0009431810852727733,S,0.00015600591103900072,V,0.0007023038970923373,I,0.0005986210550756871,M,1.7596835053431566e-05,V,0.0007787874017998808,V,0.0005965943093698936,G,0.0034485516168726855,V,0.00032397860865877675,V,0.0006498338964961653,0.0010017189156390437,0.12675640678659295
695,L,F,0.0016200639890936298,L,0.00015401277817136312,L,0.0004274181030960871,E,2.6894365690828283e-05,L,5.1158369911777466e-05,S,0.0034393918093092064,G,0.0008138710225234897,A,0.001738593943620735,L,0.0002304584944535224,M,0.00021353771443800536,F,0.0025585941762999095,R,0.0028601036345257034,R,0.0029112135780428425,0.0013111778445520847,0.16591499834819956
696,S,T,0.00030520374221712726,G,0.0004673538666819189,S,0.0003559027003723187,K,0.0008954313365282629,S,0.00010943048469865736,R,0.0016439228142616862,T,0.003098933340001911,E,0.0008658421845079469,S,0.0005636736210624759,R,0.0017105037225699131,T,0.0006942060576152542,R,0.0012190240248799741,R,0.001379148586446319,0.0010237366524495203,0.12954250691917205
697,L,L,8.727126062156008e-05,L,7.574377074184271e-05,L,0.00012181041558141183,L,0.0001573649693043167,V,6.653169051648357e-06,M,0.00013496110585635006,L,8.727126062156008e-05,L,0.0001573649693043167,L,5.12109403386862e-05,T,0.00013941454487039105,L,8.727126062156008e-05,T,0.00013941454487039105,T,2.694827197043337e-05,9.790003721188217e-05,0.01238816273458842
698,L,L,0.00015253532646146098,I,0.0012502476399634398,V,0.006623353570391139,F,0.0006897017326996558,L,0.0009796160009790374,V,0.003310279913556233,M,0.0012256480891183754,L,0.00035107268886148897,L,0.0013062097783265074,L,0.0007409759336849885,L,0.0008174890770400977,V,0.0019176082444815241,V,0.0056268457593358695,0.0019224295196076783,0.2432621111586879
699,I,F,0.0005238543708362146,I,0.000600164066223934,V,0.00025046844460162033,F,0.0007328218205010038,I,6.647204272447954e-05,L,0.00018232129374255715,F,0.0005609189269714138,F,0.0009168035987986862,V,0.0013062097783265074,L,0.0001795994310076784,F,0.0005394975797229538,L,1.8186851343476684e-05,L,0.00018232129374255715,0.0004661261152725448,0.05898308453489494
700,Q,Q,0.002579731425064371,T,0.004205476068389874,E,0.00018137210073742351,H,0.00010376020413006789,H,0.00014318741220834414,E,8.473241590458292e-05,E,0.00013208549259279443,H,0.00011058314172971108,E,0.00021729961500789466,E,0.00010375047483818684,Q,0.002581211048540091,E,0.00011194445771016431,E,0.00011009846025518782,0.000820402485931438,0.10381282574574978
701,P,P,0.0,P,0.0,P,0.0,P,0.0,P,0.0,P,0.0,P,0.0,P,0.0,P,0.0,P,0.0,P,0.0,S,0.0,P,0.0,0.0,0.0
702,I,I,5.978079253340561e-05,I,0.00015280437381146725,I,0.0001641170451466714,Y,0.0005350642979890438,I,5.8880964028708836e-05,V,0.00012299121170362203,Y,0.0004221951333493062,Y,0.00013233566270002775,I,6.41504017810633e-05,V,4.503010185139067e-05,I,4.709197832903749e-05,V,0.00013076421410130175,V,0.00012329874978417538,0.00015834653285455553,0.020036995626616604
703,P,P,0.00015531811168992843,P,0.0006599584664022132,Q,0.0007632495398478475,V,0.0001953080065422387,P,8.535514949899418e-05,T,0.0012229208363018363,P,0.0007628604927205858,A,0.0005975019893341966,P,0.0012441754070096622,P,0.00023095472816617887,-,,P,0.0012290885648220994,P,0.0012154430449555864,0.000696844528107614,0.08817793803511295
704,-,-,,M,0.007902708360339824,L,0.007902708360339824,-,,L,0.007902708360339824,L,0.007902708360339824,-,,-,,S,0.007380586300844815,-,,-,,-,,L,0.007902708360339824,0.007815688017090655,0.9889885417402109
705,L,L,0.0002060448743702887,-,,M,0.0008259832614720118,-,,N,0.000214984488349381,-,,-,,-,,L,0.00013710963429036253,L,0.0010666289320884292,-,,-,,-,,0.0004901502381140946,0.0620230705429977
706,N,-,,-,,E,0.0015509746692435628,-,,E,0.0001319990120308267,-,,-,,-,,S,0.0008305672102417729,-,,-,,-,,-,,0.0008378469638387208,0.10602023074057773
707,K,-,,-,,S,1.8192785850584535e-05,-,,E,0.0017843965197621933,-,,-,,-,,S,1.7681407521719196e-05,-,,-,,-,,-,,0.0006067569043781656,0.07677834948626075
708,D,-,,-,,-,,-,,D,0.0,-,,-,,-,,E,0.0,-,,-,,-,,-,,0.0,0.0
709,-,-,,-,,-,,-,,-,,-,,-,,-,,-,,-,,-,,-,,-,,,
710,-,-,,-,,-,,-,,-,,-,,-,,-,,-,,-,,-,,-,,-,,,
711,-,-,,-,,-,,-,,-,,-,,-,,-,,-,,-,,-,,-,,-,,,
712,-,-,,-,,-,,-,,-,,-,,-,,-,,-,,-,,-,,-,,-,,,
713,-,-,,-,,-,,-,,-,,-,,-,,-,,-,,-,,-,,-,,-,,,
714,-,-,,-,,-,,-,,-,,-,,-,,-,,-,,-,,-,,-,,-,,,
