MSA_Column,Q93X23_Residue,A4FVP2_AA,A4FVP2_SHAP,C0KWV3_AA,C0KWV3_SHAP,C0KWV5_AA,C0KWV5_SHAP,C0PPR1_AA,C0PPR1_SHAP,F2XF99_AA,F2XF99_SHAP,G0Y7D1_AA,G0Y7D1_SHAP,H2ELN1_AA,H2ELN1_SHAP,Q5UB07_AA,Q5UB07_SHAP,Q672F7_AA,Q672F7_SHAP,Q84NC8_AA,Q84NC8_SHAP,Q84NC9_AA,Q84NC9_SHAP,Q84ND0_AA,Q84ND0_SHAP,Q9LRZ6_AA,Q9LRZ6_SHAP,Q9ZUH4_AA,Q9ZUH4_SHAP,R9QMW1_AA,R9QMW1_SHAP,Mean_Abs_SHAP,Scaled_Attention_Weight
1,-,-,,-,,-,,-,,-,,-,,-,,-,,-,,-,,-,,-,,-,,-,,-,,,
2,-,-,,-,,-,,-,,-,,-,,-,,-,,-,,-,,-,,-,,-,,-,,-,,,
3,-,-,,-,,-,,-,,-,,-,,-,,-,,-,,-,,-,,-,,-,,-,,-,,,
4,-,-,,-,,-,,-,,-,,-,,-,,-,,-,,-,,-,,-,,-,,-,,-,,,
5,-,-,,-,,-,,-,,-,,-,,-,,-,,-,,-,,-,,A,0.0,-,,-,,-,,0.0,0.0
6,-,-,,-,,-,,-,,-,,-,,-,,-,,-,,-,,-,,-,,-,,-,,-,,,
7,T,S,0.002352862214438268,-,,-,,-,,-,,-,,-,,-,,-,,-,,-,,-,,-,,-,,-,,0.002352862214438268,0.309081227776022
8,S,Q,0.0012598822079540098,Q,0.001206343151893928,E,0.00012498125438815662,-,,-,,A,0.001479457022839406,-,,-,,-,,-,,-,,-,,-,,-,,-,,0.001017665909268875,0.13368459350167283
9,P,P,0.0007349368875843519,I,0.0028157676236233555,I,0.0023782150249826222,-,,-,,L,0.001761986242274863,-,,-,,-,,-,,-,,-,,-,,-,,-,,0.0019227264446162982,0.25257690252011267
10,D,L,0.0004808617044147182,L,0.0007602484100335897,L,0.00020670926346022026,-,,-,,Q,0.00021679385176466998,-,,V,0.00017030549474270727,V,0.0007783283094292149,-,,-,,-,,-,,-,,-,,0.00043554117230752004,0.05721440017088097
11,I,V,0.00030985541075104135,T,0.002126705664993485,T,0.0021531258043587026,-,,-,,I,0.00020364815872973,-,,S,0.00040090813434682577,S,0.0021403062224610446,-,,-,,-,,-,,-,,-,,0.0012224248992734714,0.1605825391784061
12,L,S,0.0014299618502532545,A,0.009004366305512917,A,0.009004366305512917,-,,-,,A,0.007431442188128801,-,,Q,0.00020771742562112724,Q,0.00040820141062230294,-,,-,,-,,-,,-,,-,,0.004581009247608553,0.601779379181454
13,R,R,9.54385940541184e-05,R,7.761292269369075e-05,R,9.576264603361877e-05,-,,-,,R,0.00010182448650281687,R,9.419250480498045e-05,R,6.937024719918054e-05,R,6.317417397943886e-05,-,,-,,-,,-,,-,,-,,8.533936789540636e-05,0.011210514770002854
14,R,R,0.0006701423476148372,R,9.599636119959864e-05,R,9.599636119959864e-05,-,,-,,R,0.00010304968544373459,R,0.000669977700827679,K,0.0005726416067326496,K,0.0005001869295411954,-,,-,,-,,-,,-,,-,,0.000386855856079899,0.05081890568677683
15,S,S,0.0005001006797342424,S,0.00014131719795832103,S,0.00046635120482823835,-,,-,,S,1.8904874175401382e-05,S,0.0004823591948730275,S,0.0005001006797342424,S,4.3308986293271216e-05,-,,-,,-,,-,,-,,-,,0.0003074918310852492,0.04039333544468357
16,A,A,4.3561130707419414e-05,G,4.60395758330425e-05,G,4.60395758330425e-05,-,,-,,A,6.559270516238537e-05,G,0.0007498980110943371,A,0.0009183577925561962,A,0.0009183577925561962,-,,-,,-,,-,,-,,-,,0.0003982637976775171,0.05231749773086334
17,N,N,8.614793465732101e-05,N,0.00044260742601833435,N,0.00046254763072958694,-,,-,,N,0.00017180589944512496,N,0.00010336042047392837,N,0.00015892677293796736,N,0.0009197505810240837,-,,-,,-,,-,,-,,-,,0.0003350209521837638,0.04400966898793574
18,Y,Y,0.00017595419646028711,Y,0.0003972222495804908,Y,0.0004023273220045373,-,,-,,Y,0.0001999952886276714,Y,0.00014669994265275986,Y,0.00031976731166101643,Y,0.0002985373923349905,-,,-,,-,,-,,-,,-,,0.00027721481476025044,0.03641602758462282
19,Q,Q,5.605129455906851e-05,Q,0.0005217988749377071,Q,0.00033453719382505126,-,,-,,H,0.00021185742840502348,Q,0.0010428895004590756,Q,3.416983204593755e-05,Q,5.6452529014208105e-05,-,,-,,-,,-,,-,,-,,0.00032253666474943877,0.04236968392445374
20,P,P,0.0001749405056090473,P,0.0001749405056090473,P,6.8325440618522e-05,-,,-,,P,0.000324277790358825,P,0.00031666798190220247,P,0.000324277790358825,P,0.000324277790358825,-,,-,,-,,-,,-,,-,,0.0002439582578307563,0.03204731556047853
21,S,S,8.940710986970362e-05,S,0.00010300640946715549,S,0.00010300640946715549,-,,-,,S,0.0001229937850998478,T,0.0008348148471190797,N,0.002777098770980534,N,0.0014205364274001322,-,,-,,-,,-,,-,,-,,0.000778694822771944,0.10229241236833121
22,I,L,7.514740798793787e-05,L,7.928627624940791e-05,L,5.432346335363936e-05,-,,-,,I,0.00013098751166722158,M,3.064878759797507e-05,I,3.823771138858372e-05,I,4.9991497487438556e-05,-,,-,,-,,-,,-,,-,,6.551752224745773e-05,0.008606639221294857
23,W,W,0.0,W,0.0,W,0.0,-,,-,,W,0.0,W,0.0,W,0.0,W,0.0,-,,-,,-,,-,,-,,-,,0.0,0.0
24,N,Q,0.0020544195106289584,D,4.272450285244684e-05,D,2.4411136416017778e-05,-,,-,,D,0.00044609017351527605,D,0.0005435180536310757,N,0.0022017847794407884,N,0.0019454941377148607,-,,-,,-,,-,,-,,-,,0.0010369203277427747,0.136213929586679
25,H,H,0.0014755800100758312,F,0.00025733082478087034,F,0.00014200615676033602,-,,-,,P,0.0002976414355577435,F,4.210737858394327e-05,Y,0.0010320008763211423,Y,0.0006243416425165646,-,,-,,-,,-,,-,,-,,0.0005530011892280616,0.07264440963833328
26,D,E,0.0011925257471456,N,0.0025345931052588094,N,0.003241611372858079,-,,-,,Q,0.0023826938572275706,E,0.0007953122394375419,D,0.0014299618502532545,D,0.0014021746222606128,-,,-,,-,,-,,-,,-,,0.00185412468492021,0.24356510574580612
27,Y,Y,0.008893098587264668,Y,0.007438858067246459,Y,0.004983292443673727,-,,-,,Y,0.009004366305512917,Y,0.009004366305512917,I,0.009004366305512917,Y,0.006285940583325197,-,,-,,-,,-,,H,0.006285229146672665,-,,0.007612439718090183,1.0
28,I,L,0.00016456541261472546,L,0.0004038632631840709,L,0.0004038632631840709,-,,-,,I,0.0013787707898148603,I,0.000522745247950843,L,2.488937608167894e-05,L,2.7684301603293177e-06,-,,-,,-,,-,,L,0.0001664646841861116,-,,0.00038349130839708637,0.05037692547971954
29,E,L,0.00013016373639910864,Q,6.480004446581809e-05,Q,0.000441462820419122,-,,-,,E,1.238787847366596e-05,Q,5.18788815461414e-05,Q,0.00013708713872168557,Q,0.0001137208041325339,-,,-,,-,,-,,L,0.00014186255845209073,-,,0.00013667048282627078,0.01795357177035995
30,S,-,,S,0.004039236037554713,S,0.005367492385263614,-,,-,,S,0.0015110916398546467,S,0.001096664637073505,-,,S,0.0006932971420843282,-,,-,,-,,-,,-,,-,,0.0025415563683661613,0.33386883344723417
31,L,-,,L,0.0004085768371707894,L,0.000931028885715322,-,,-,,-,,-,,-,,-,,-,,-,,-,,-,,-,,-,,0.0006698028614430557,0.0879879363578194
32,R,S,0.00035871848545331085,N,0.00016098779480048608,N,0.00014434314404498559,-,,-,,-,,-,,S,0.0002723729780351544,-,,-,,-,,-,,-,,S,0.00013362715689577677,-,,0.00021400991184594275,0.02811318312805422
33,I,L,0.0007011848656543934,-,,-,,-,,-,,L,0.0005407928409400464,I,0.00040307674053913385,L,0.0014130563276348507,L,0.000842428994180442,-,,-,,-,,-,,V,0.0009944476078253108,-,,0.0008158312294623628,0.10717079670576878
34,E,G,0.002890830316617531,T,0.00298219496195794,T,0.004361106852610329,-,,-,,K,0.003156019028421069,H,0.002806872550440761,K,0.003162779067600627,K,0.0030037551541860696,-,,-,,-,,-,,E,0.002674198508708146,-,,0.003129719555067809,0.4111322612684014
35,Y,N,0.00013511307443841552,T,0.00011484228841239524,T,0.00010854245373397966,-,,-,,S,9.313916832284414e-06,N,0.00021656928211585336,H,0.0014299618502532545,L,0.00018933726379544066,-,,-,,-,,N,0.00022765962262036595,N,0.00013790475317373803,-,,0.0002854716117084142,0.03750067288283678
36,-,T,0.0007328254046687607,H,0.0008919725519441505,H,5.5593183589973506e-05,-,,-,,P,0.0001577674601602106,D,0.0017224027255800431,D,0.0018268503525173967,G,2.8158800580789234e-05,-,,A,0.00022778290462424728,-,,K,6.813294262222419e-05,K,1.185254792834901e-05,-,,0.0005723338874216146,0.07518402885497033
37,V,-,,-,,-,,-,,-,,-,,-,,-,,-,,-,,-,,-,,-,,-,,-,,,
38,-,-,,-,,-,,-,,-,,-,,-,,-,,-,,-,,-,,-,,-,,-,,-,,,
39,-,Y,0.0014749934954839015,Y,0.00021446967623217357,Y,0.0019424741236722096,-,,-,,Y,0.002095932695637495,Y,0.000568491351901972,Y,0.0020154812365908775,Y,0.0012437221335941905,-,,-,,-,,Y,0.0005005802406631565,F,0.0014720998680191812,-,,0.001280916091310573,0.1682661720481815
40,-,V,0.0007878292312853366,K,0.00040606530048148154,K,0.0005322578424947839,-,,-,,G,0.005925860467474196,A,0.008126335217499996,E,0.007002241374005127,A,0.008074727296378667,-,,-,,-,,V,0.00029121307820590455,A,0.0065365424070957705,-,,0.004187008023880141,0.550021829917437
41,G,K,0.00020386896181183613,E,0.0004751629916236535,E,0.00030537799517047295,-,,-,,D,0.0010430848891960225,G,0.0010813985122681146,D,0.00012479432054812446,D,2.76820831107206e-05,-,,E,0.0004233706517321587,E,0.0003206657252529099,N,0.0003193162840273978,K,0.00036602664764132076,-,,0.0004264317329438848,0.056017748413890685
42,E,E,0.0008522854568126021,V,0.009004366305512917,E,0.0014299618502532545,-,,P,0.0001404132584971341,E,0.0010898051540505036,D,0.00548539755307633,A,0.005458317569355473,A,0.004567933694012497,A,0.0025856108573268934,-,,L,0.0014299618502532545,E,0.0014299618502532545,D,0.004340364403204186,-,,0.003151198316884025,0.41395379583703307
43,T,D,0.005150258697100762,R,0.0001358822162311262,R,0.00020912395360530363,-,,C,0.006726903466524129,C,0.003199621084294082,K,0.002131362481585101,R,0.0008156096075446943,H,0.0008729948995470659,E,0.002133977909332452,L,0.0022256085333697277,-,,K,0.0024267607052778466,K,0.0034336229283622975,-,,0.0024551438735645487,0.3225173485091975
44,C,N,0.0013814664374789641,H,0.001519758864340828,H,0.0033478758945370514,-,,Y,0.0003071960611050711,F,0.0006055904291429456,Y,0.00046844366741799124,Y,0.0010602023016250245,Y,0.0005991065629162153,L,0.0016358787302751887,P,0.0008073273983723386,P,0.0009099645752034639,E,0.0014299618502532545,R,0.0006507577776283959,-,,0.0011325792730997486,0.14878006461033644
45,T,V,0.0054463914047710215,L,0.0017109864547244513,L,0.000977991948943529,-,,R,0.0054021980226435454,G,0.000912448134889041,M,0.0030133429339663734,V,0.004747878362553729,E,0.0014299618502532545,P,0.0043381843518966985,-,,M,0.004071819628109593,V,0.006275467760300242,V,0.00499298086133962,-,,0.003609970976199258,0.4742199754463121
46,R,E,0.0022627882041534996,K,0.0036100505961600944,K,0.0038888140716296414,-,,E,0.0007115157189548861,T,0.0005400663614292972,K,0.00374650087817748,D,0.0015448392532041565,D,0.0012540402573347083,M,0.0007022273615142766,M,0.000684895520366671,-,,I,0.0013861226939478823,R,0.001776659665811814,-,,0.0018423767152237005,0.24202184627426093
47,Q,R,8.418122395768761e-05,R,0.0003054802141203973,R,0.00032935842451332654,-,,R,0.00016028371856266534,R,0.0003523005905370459,R,8.033145773106635e-06,R,5.933829720059874e-05,M,0.0008735749266469106,D,0.00023407496897840285,D,0.00021054754182961148,D,0.0001879129505715049,T,3.189645993695107e-05,E,0.00041603926600818064,R,0.0023725813147122505,0.00040182878881061716,0.052785808977339053
48,I,V,0.001572303180915365,E,0.0022660384097166523,E,0.0011660647245061286,-,,A,0.0004907256945233575,L,0.0008937883378377951,F,0.0005432792675381236,S,0.0025426411596416692,A,0.00041337959317966404,Y,0.0011919188795172155,Y,0.0012099820225306267,Y,0.0012155152472744794,R,0.0003978950887124978,R,0.002630233840838365,A,0.00436227436130092,0.0014925742720023473,0.19607042252898207
49,N,T,0.00040195546961676877,A,2.44000467905908e-05,A,5.995019172046963e-05,-,,E,0.0016203376474508535,E,3.420622661963365e-05,N,2.804429785763721e-06,R,5.033785802943498e-06,K,8.322514092957677e-08,E,0.001261991975229811,E,0.0004962320993444796,E,0.0004962320993444796,H,0.00031359360121695093,D,0.000213732505563082,E,0.0007334314167329749,0.0004045703371685523,0.053145949544550396
50,V,L,0.0012714081189053158,E,0.00023593219299067867,E,0.0010129751867879837,-,,R,0.0018924823548969807,K,0.00038530329914031997,E,0.0003821670687813409,R,0.000908186150962431,K,0.00015846783512750748,G,0.0001107731825586305,G,0.0003174358788487391,G,0.00012722003694032996,V,0.001520796441862995,L,0.0009196206297792072,R,0.0037400073069877152,0.0009273411203264411,0.12181917422908585
51,L,L,1.4359132165770188e-05,L,9.571994328865556e-06,L,1.1386895997791131e-05,L,0.0005660911361633227,L,1.926932258944579e-05,L,8.840700175451154e-06,L,1.626829076563061e-05,L,9.915051227982203e-06,L,9.191459236261388e-06,K,7.165664390033394e-06,K,8.72273524813947e-06,K,9.45960516352699e-06,L,1.2171688216698817e-05,L,1.1901238841079484e-05,L,0.00018695013981525255,6.008433695501676e-05,0.007892914647617174
52,K,K,7.755155519054065e-06,I,4.848627259162829e-06,I,4.8687457105201075e-06,I,3.6252950840128284e-05,I,0.00015359713471090866,K,3.6585701234430975e-06,K,6.619498503816146e-06,Q,4.905766086731961e-06,Q,2.9319759271319983e-06,I,6.191192936996733e-06,I,8.606126776059025e-06,I,8.606126776059025e-06,K,6.060687262548877e-06,K,8.10693491493479e-06,I,0.00017400267135604094,2.9134144313569103e-05,0.0038271757008905825
53,E,Q,0.001820013221754361,E,0.003561247573105159,E,0.0027586842773228274,G,0.002992369720244927,G,0.002237404926027114,F,0.004031798327820998,E,0.0033547644155926693,E,0.0019961734462638717,E,0.0032426157509947286,Q,0.0026020660663038345,K,0.0028996030166397848,K,0.0030149465343524643,K,0.0015596056175963705,E,0.002097245665591297,D,0.002687171635559678,0.0027237140130113384,0.35779777756909015
54,Q,E,0.0016373263043638852,Q,0.0006801577505012028,Q,0.001485387553856686,E,0.0007004289644819002,E,0.00046755449473182925,E,0.0006615034954346995,E,0.0015598118743879977,E,0.0006917851066691914,E,0.0016938612890801568,G,0.0023668494746842085,E,0.0024070047323226577,E,0.0024018290067489186,K,0.0007902771811163045,K,0.0010568016119223123,E,0.00029465478578891087,0.0012596822417393907,0.1654768101146187
55,V,V,0.00010724882213246489,V,8.310265288259203e-05,V,8.310265288259203e-05,V,3.318408186077001e-05,V,0.0005069962582051608,A,0.0019876902757791203,M,0.00037969142384431374,V,0.0002580480533233892,V,0.00010718888678686676,T,0.002351777982522212,T,0.002351777982522212,T,0.002351777982522212,V,0.000255981501573067,V,0.00026685077276464823,V,0.0002527008712128828,0.0007584746800543002,0.09963621495114934
56,R,S,0.0028970536381052177,K,0.0007239475623266223,K,0.0007238020637959668,K,1.8707087838723487e-05,K,0.0007368465109410051,K,0.0007125945616603129,K,5.3037030447899655e-05,K,0.00010082892084094965,R,0.003361361482372859,R,0.0028338563113640075,R,0.0026221520183695116,R,0.0028256540196358987,K,0.000698455964118508,R,0.002903090509129897,R,0.0022523455123618042,0.0015642488795539456,0.20548588067458431
57,M,K,5.9051493284776024e-05,M,0.00019250238561974322,M,0.0002165369610437705,E,0.0027092669543727177,E,0.0016406685271238286,R,0.0014659509908607575,K,0.00013178225295100885,R,2.217768875912649e-05,R,0.0003108903185877559,H,4.733709551457097e-06,H,1.018455843996426e-05,H,3.945443651304604e-05,K,0.0004021154501915221,K,2.2809626806730168e-05,D,0.005933307069555213,0.0008774288282440944,0.1152624993744088
58,M,M,2.171315407978398e-05,L,0.0005358214946837648,L,0.0004872208641271174,I,0.0011400474985179048,M,0.00044681972969952833,L,0.0005332347119430373,M,0.0004181832876373701,M,0.0009237902507763942,I,0.0007461774280360915,L,0.0005137967083991133,L,0.00042929432377071986,L,0.0004334664551492736,M,0.0014153524635820934,M,0.0009857100518992884,I,0.0032127655002049875,0.0008162262615004311,0.10722268966685582
59,L,L,0.0001915591312715866,L,6.490384947678873e-05,L,6.490384947678873e-05,I,0.00023085012888032715,F,0.0002319138688166626,L,0.00023085012888032715,I,1.7523328689158188e-05,I,0.00023798145658472287,I,0.0002294158118295247,L,1.1974418701266369e-05,L,1.1974418701266369e-05,L,1.1974418701266369e-05,L,3.1848027018021884e-05,L,2.505643839843575e-05,F,0.00019782460060442506,0.0001193702584020379,0.015680946296148225
60,H,N,0.0010645004744598069,E,0.0007002951787088667,D,0.0038979684990783276,N,0.0008633950310356605,N,0.0018020625347045756,E,0.00164725022983273,M,0.0008167888156001882,K,0.0030132708578885347,K,0.0017562123600217091,H,0.002659314603256974,H,0.002667070729981934,H,0.0026046828303923934,E,0.0011408558131318933,N,0.0006354405371936483,S,0.0034058817243301453,0.0019116660146411592,0.2511239609685553
61,K,-,,-,,-,,S,1.8194959891706907e-05,S,0.001095074909644779,-,,-,,-,,-,,-,,-,,-,,-,,-,,S,0.00032486748119470014,0.0004793791169103953,0.06297312486707776
62,V,-,,-,,-,,I,1.3100183874451974e-05,V,0.002854730550903058,-,,-,,-,,-,,-,,-,,-,,-,,-,,M,0.0018043138645307427,0.001557381533102751,0.20458375905451093
63,-,-,,-,,-,,S,3.3125937366961034e-05,-,,-,,-,,-,,-,,-,,-,,-,,-,,-,,S,0.0005759068436521477,0.00030451639050955434,0.040002469876497325
64,-,-,,-,,-,,V,7.881812146507091e-05,-,,-,,-,,-,,-,,-,,-,,-,,-,,-,,L,0.0032573559603045425,0.0016680870408848068,0.21912646965476376
65,-,-,,-,,-,,E,0.0010196453701609666,R,0.0015879542191726819,-,,-,,-,,-,,-,,-,,-,,-,,-,,-,,0.0013037997946668241,0.1712722652592542
66,-,-,,-,,-,,-,,-,,-,,-,,-,,-,,-,,-,,-,,-,,-,,-,,,
67,-,-,,-,,-,,-,,-,,-,,-,,-,,-,,-,,-,,-,,-,,-,,-,,,
68,-,-,,-,,-,,D,0.00013315672239389844,-,,-,,-,,-,,-,,-,,-,,-,,-,,-,,-,,0.00013315672239389844,0.017491990390080217
69,-,-,,-,,-,,G,0.00020410889937479634,-,,-,,-,,-,,-,,-,,-,,-,,-,,-,,-,,0.00020410889937479634,0.026812547216597652
70,-,-,,-,,-,,E,0.0016566550577390168,-,,-,,-,,-,,-,,-,,-,,-,,-,,-,,E,0.0005053067657829376,0.001080980911760977,0.14200190107149707
71,-,-,,-,,-,,L,0.0006787606502917376,-,,-,,-,,-,,-,,-,,-,,-,,E,0.000544450656331807,-,,D,0.004862007505674866,0.002028406270766137,0.26645941982907756
72,-,E,0.0013903679517373328,-,,-,,I,0.0001825555960158835,L,0.0008202511519857977,-,,A,0.0042838181234257445,D,0.0030205370995834016,D,0.004276813244486811,L,0.0020724883172481587,L,0.0016491427998686515,L,0.0020303267224982286,V,0.00106993120543583,D,0.0021443003413002056,G,0.0003547216410015896,0.0019412711828823029,0.255013012223804
73,-,-,,-,,-,,T,0.0003129026754391217,S,0.00037070089186804736,-,,-,,-,,-,,K,0.00015602692603454999,K,0.00015602692603454999,K,0.00015602692603454999,-,,-,,E,0.004683289526654668,0.0009724956453442479,0.12775085010305062
74,-,-,,-,,-,,-,,-,,-,,-,,-,,-,,-,,-,,-,,-,,-,,-,,,
75,-,T,0.0014299618502532545,E,0.009004366305512917,E,0.009004366305512917,P,0.0014299618502532545,P,0.0014299618502532545,A,0.009004366305512917,E,0.009004366305512917,E,0.009004366305512917,D,0.009004366305512917,D,0.008877404911850443,G,0.006221217440465802,G,0.006180510431677032,E,0.009004366305512917,E,0.009004366305512917,-,,0.006971710627061171,0.9158313083903463
76,-,-,,E,0.002558963311501899,E,0.0021524693275791324,L,0.0005008776430442609,L,0.0008625970917597514,T,0.0019371364566808454,G,0.0005798343766673027,N,0.00522674967424765,K,0.0012647993480913082,E,0.0018912226284807526,E,0.0023056160167393112,E,0.001226694549931028,T,0.007237527822744017,Q,0.0061321292890652995,F,0.0033458842872040708,0.002658750130266902,0.3492638666088422
77,V,E,0.00042776899360961015,M,5.515044140244775e-05,M,6.14354317039806e-05,N,0.000819144811545452,N,4.526255222277525e-05,I,0.0017271661344905194,S,0.0005624223699295705,V,2.98228220785645e-06,A,0.00011576187137256791,N,1.3827964284868492e-05,N,5.900594374497285e-05,N,5.900594374497285e-05,K,0.001446477038230515,K,0.001970040304629565,S,0.0031824407149059425,0.0007031928532017078,0.09237417690555133
78,N,G,0.001223200340622899,E,0.0014299618502532545,G,0.005525208518944715,D,0.0005725863629269381,D,0.0006203956927922562,E,0.0013433246486812876,Q,0.002264726799099577,-,,E,8.434366378653954e-05,D,0.0004183381541638169,D,0.0004926738942319203,D,0.0004114965600545876,S,0.0030055650535472486,T,0.0025336524764361297,D,0.0011273906481882184,0.001503776047409242,0.1975419317719748
79,P,L,0.0011819802874714338,A,0.0011392841128650803,A,0.0009503961994214425,L,0.0007337728768424848,L,0.000977661693236288,P,0.00038718784826607673,E,0.0002235939416663367,-,,I,0.001216504899356869,P,0.00028671659465537416,P,0.00011668802481063374,P,8.189436587208258e-05,R,8.267523906693738e-05,Y,0.0011728953690787658,L,0.0005242978840388131,0.0006482535240463298,0.08515713070355378
80,L,L,0.002635862611918724,V,0.0034126124508833556,V,0.0036372570651045603,I,0.002337749495890076,L,0.0030463398000039705,L,0.0034997872377899144,L,0.0007600234463111938,-,,W,0.005197508854695069,I,0.004787293180162596,I,0.004319510918866503,I,0.004319510918866503,L,0.003378191946884014,L,0.002538215674941436,I,0.0022881173613009116,0.0032969986402584875,0.43310669934416796
81,E,E,0.0017148973536342267,Q,0.0006374959788230254,Q,0.0006565437912144466,Q,0.000566729346952968,Q,0.0009620710204766927,S,0.002803079759857837,E,0.0012930418103812233,N,0.0018060164459544432,T,0.004660239431658381,E,0.003069175141781996,E,0.0018166235419238533,E,0.0020837030339110334,E,0.0007873190971237683,D,0.0025948177241192174,Q,0.0004297897541050427,0.0017254362154612104,0.2266600826225117
82,Q,Q,0.0008109452434095097,Q,0.0014299618502532545,K,0.005760916043667047,R,0.000238251866728757,G,0.0033645309663340233,W,0.009004366305512917,K,0.0002802461360168001,I,0.0014938732657061899,T,0.009004366305512917,S,0.009004366305512917,S,0.009004366305512917,S,0.009004366305512917,K,8.958398018889884e-05,Q,0.0014287813665526431,R,5.649218763314718e-05,0.0039983609622703245,0.525240410478211
83,L,L,0.00021599986109417662,L,0.0002000459224427399,L,5.1359432065897736e-05,L,7.326268228311781e-05,L,3.565287104796853e-05,L,0.00022977698398364075,L,0.00020341349763941988,L,2.8640900923176553e-05,L,3.021540620089567e-05,L,0.0002256939005112328,L,0.00021887396270747972,L,0.00021887396270747972,L,0.00023462367884383658,L,0.00021010564866303885,L,0.0002112304533979386,0.00015918461096746934,0.020911116128668108
84,E,E,0.002201493272773263,E,0.0007388101230779589,D,0.007449406279397977,S,0.000992053054709145,S,0.0016041197778620983,E,0.0017742528890616971,E,0.002120003403925523,E,0.0016076465278373959,E,0.0011522064086660453,I,0.0013176922912623867,I,0.0006552985620337072,I,0.0011452280212827964,E,0.001713415735813734,E,0.0019504209348380837,W,0.0018627664719862828,0.001885654250301873,0.247706953372755
85,L,L,7.703569008321298e-05,L,6.963314103047928e-05,L,6.323498699973167e-05,I,0.0014966984546352145,M,0.00017335918824614715,L,7.426836840770736e-05,L,0.00016239008491356153,L,0.0001181590406214262,L,0.00018816435778603482,F,0.0017426439790903592,F,0.0017426439790903592,F,0.0017426439790903592,L,0.0015438866594899082,F,0.000445859552229813,M,0.00034262510114996725,0.0006655497708576188,0.08742923366289627
86,I,I,0.000601861197118353,V,0.0033580297399025062,V,0.00335226527728135,V,0.0008830239035241876,V,0.00014109418042278227,V,0.00016662118070278156,I,3.3241518206251946e-05,I,0.0009672810199295988,I,0.0001456891917866606,V,0.0011473878864627246,V,0.0010870787672188028,V,0.001088012211103433,I,2.6706130764235064e-05,I,0.0006108177640270989,V,0.00015625893071626772,0.0009176912599444687,0.12055153064314841
87,E,D,1.187187918249417e-05,D,1.0777464795051685e-05,D,1.0777464795051685e-05,D,0.00015536021933533587,D,2.8613238314525986e-05,D,1.1394210766558489e-05,D,3.504890761371232e-05,D,4.801693052546343e-05,D,0.00014628298309806188,D,1.7939525654589886e-05,D,1.2494656988462723e-05,D,1.2494656988462723e-05,D,1.420452347278276e-05,D,1.4435817469501292e-05,D,0.00016193179410269157,4.610961820684977e-05,0.0060571406690124565
88,I,T,0.0002729741018927923,D,0.00047426636848233876,D,0.00018749685745313467,N,0.0005280712301312269,S,0.0003877034297853133,S,3.990812300009002e-06,N,0.001311742719554762,T,0.0002583425396024285,D,0.00040534535196636473,A,0.0010707841406234109,A,0.0010707841406234109,A,0.0010707841406234109,D,8.193790798726481e-05,D,0.0005800372784290521,N,0.0007450142990202122,0.0005632850212316753,0.07399533422814321
89,L,L,6.350550676017451e-05,L,0.00013017723031501688,L,9.929174199414516e-05,I,0.0005793449566126405,V,0.00018987050112445207,I,0.0014901151622367923,L,3.280573120434963e-05,V,5.5213679749338104e-05,V,3.3064832553527164e-05,T,0.0001222250018489891,T,0.0001222250018489891,T,0.0001222250018489891,L,6.732058022234008e-05,L,6.645374511195683e-05,V,0.00010868444765721344,0.0002188348747392609,0.02874700921692979
90,Q,Q,0.004195227218131048,K,0.0007986835328178973,K,0.0006565337319463843,E,0.00041514553573493136,E,0.0010797464445111197,Q,0.0020469600939530827,Q,0.002128112422038446,K,0.00015841937067251853,K,0.0003353726996176246,Q,0.00391887822051285,L,0.0016406031472862579,L,0.0016406031472862579,Q,0.0020962313686967117,Q,0.00242800673017165,E,0.0014299618502532545,0.0016645657009086688,0.2186638925958256
91,R,R,0.0002055039179335768,N,0.0009981787098537317,N,0.001073135421596119,R,0.00011763797541446404,R,0.00011214491312747662,R,0.00020218520588823272,R,0.00022926922191010904,Q,5.850176778974244e-05,R,0.00011230130684541296,R,0.00012522983446924384,R,8.433350545333005e-05,R,9.801553991675894e-05,K,0.0029451983865717074,K,0.0021873129813658387,R,0.00011709664985174055,0.0005777363558658323,0.07589371834274117
92,L,L,0.0,L,0.0,L,0.0,L,0.0,L,0.0,L,0.0,L,0.0,L,0.0,L,0.0,L,0.0,L,0.0,L,0.0,L,0.0,L,0.0,L,0.0,0.0,0.0
93,G,G,0.0,G,0.0,G,0.0,G,0.0,G,0.0,G,0.0,G,0.0,G,0.0,G,0.0,G,0.0,G,0.0,G,0.0,G,0.0,G,0.0,G,0.0,0.0,0.0
94,L,V,0.009004366305512917,L,1.971911443224307e-05,L,0.0009066752724485656,I,0.0012632537716256202,I,0.0006921059479746127,V,0.009004366305512917,V,0.009004366305512917,L,7.58665780574205e-05,L,0.0004076313842068527,V,0.009004366305512917,V,0.009004366305512917,V,0.009004366305512917,V,0.009004366305512917,V,0.009004366305512917,I,0.0006765701506826231,0.005071783510902085,0.6662494152629559
95,S,S,0.0007134708044025431,S,0.0008830550634504146,S,0.0004299825286846972,D,0.00016764685878279843,D,0.001056921508442523,A,0.000614148036652556,S,0.00025025913162824836,S,0.00024085828301182878,G,0.0010655531196346137,N,0.0007217593313931032,N,0.000721241818662508,N,0.000721241818662508,S,0.000492874418511992,S,0.0006982348536031039,D,0.00013532360390281338,0.00059417141196175,0.07805269190503572
96,Y,Y,3.4768905191870182e-06,Y,0.0003209442300466686,Y,1.4602592767657386e-05,R,4.1955045465892665e-06,R,4.1955045465892665e-06,Y,5.011582292596237e-06,Y,5.011582292596237e-06,Y,5.011582292596237e-06,Y,5.011582292596237e-06,H,2.065614693163421e-05,H,2.065614693163421e-05,H,2.065614693163421e-05,Y,3.4768905191870182e-06,Y,3.4768905191870182e-06,R,6.803101451587239e-06,2.9545758325462685e-05,0.003881246935230268
97,H,H,0.0006591061604739572,F,0.00017953516504486133,F,0.00017953516504486133,H,4.6725168321451555e-05,H,4.737536443973078e-05,H,0.0012138072317516534,H,0.0006489593732322661,H,0.0005690656776332001,H,0.00018673714379719775,H,0.0002180267388568054,H,0.00018508941201147636,H,0.00018508941201147636,H,0.00020240733622872505,H,0.00010559800030936641,H,7.15510280984176e-05,0.0003132405584836964,0.04114851086955899
98,F,F,0.0,F,0.0,F,0.0,F,0.0,F,0.0,F,0.0,F,0.0,F,0.0,F,0.0,F,0.0,F,0.0,F,0.0,F,0.0,F,0.0,F,0.0,0.0,0.0
99,E,E,0.0021256186797664863,E,0.003645343744383051,E,0.003435597796835272,K,0.0012180247069870245,K,0.0010373463898533009,E,0.0025625153827204344,K,0.0013878075704209388,E,0.0052399593240622586,E,0.0037725104676666807,Q,0.0015480008941406711,Q,0.0013340475188291772,Q,0.0013448128072386944,E,0.003967817723610182,E,0.001634618262138819,K,0.0014820714748479242,0.002382406182900061,0.312962239587726
100,E,Q,0.0034526464398740055,D,0.0006037066986993693,D,0.0012451772745378817,N,0.001054084074415007,N,0.0011596580912499657,D,0.00015819730734640885,H,0.0007394633853027897,E,0.0006845241389564148,K,0.0023465068766240415,K,0.0020911188367271965,K,0.0022041235050984857,K,0.002137657181225174,Q,0.004810653532638531,A,0.0012904935778594454,N,0.00048664654926736263,0.0016309771646548052,0.21425157046287738
101,E,E,3.2372335330884514e-05,Q,0.00042659919535989986,Q,3.8397788141555354e-05,E,2.8595395625478964e-05,E,3.917918296441131e-05,E,0.00041294951917347555,E,0.0005153841391543541,E,3.590461787360194e-05,E,6.855373048028201e-05,E,2.7178039308556596e-05,E,2.7178039308556596e-05,E,2.7178039308556596e-05,E,3.859768910261441e-05,E,2.2202464100667302e-05,E,2.328302636738641e-05,0.00011757021344001874,0.0154444853153484
102,I,I,0.0,I,0.0,I,0.0,I,0.0,I,0.0,I,0.0,I,0.0,I,0.0,I,0.0,I,0.0,I,0.0,I,0.0,I,0.0,I,0.0,I,0.0,0.0,0.0
103,K,K,6.954729755621909e-05,K,0.00033642180198921993,K,0.00033107499770010785,K,0.0006837975309184148,K,0.00031090143356728064,K,6.695127444951882e-05,M,3.394553073752706e-07,G,0.0003117572630671749,R,0.00025569181080638937,E,5.7522122520543186e-05,E,6.0962042106728345e-05,E,6.0962042106728345e-05,N,7.166325543887374e-06,D,0.00014854784527842355,K,0.0008037070457937746,0.00023369001924745237,0.030698439383646216
104,R,K,0.004676054708482575,Q,0.0018745098930927101,Q,0.0018485897142427393,S,0.0010413234623749827,S,0.002174625261271882,E,0.0028717057888454035,Q,0.002326942784613256,E,0.0031255418145126586,E,0.002639818511828029,E,0.003761947324679464,E,0.003581472997890202,E,0.003581472997890202,N,0.002190824365887883,N,0.002993095657335581,S,0.0018320749192044775,0.002701333346810137,0.35485776529575597
105,I,T,0.0003145499401721317,I,0.0003584282434590773,I,0.0003701387292486744,A,0.0008366679735216878,A,0.00012850189297014444,G,0.0010096537456549565,I,0.0004892855445386716,A,7.210119848101121e-05,V,4.013151121992578e-05,I,0.0005412146811111058,I,0.0005412146811111058,I,0.0005412146811111058,I,0.0031614247940612824,I,0.0018356567721397655,A,0.0012409506013605189,0.0007654089993440777,0.10054713438651759
106,L,L,0.0,L,0.0,L,0.0,L,0.0,L,0.0,L,0.0,L,0.0,L,0.0,L,0.0,L,0.0,L,0.0,L,0.0,L,0.0,L,0.0,L,0.0,0.0,0.0
107,D,T,0.0029447280884180495,T,0.0005628461238825228,T,0.0005628461238825228,D,0.00022435870612184402,D,0.00028061631378817434,D,0.00031048747098195604,S,8.717769502273763e-05,D,0.00016196023163147073,N,0.00011710273342678213,R,0.0005164065813085062,R,0.00040616239061302294,R,0.00040616239061302294,T,0.002999889030141879,T,0.004716337745364955,D,0.00019462521800646374,0.0009661137895469273,0.12691250444335958
108,G,N,0.0012156740294016555,F,0.006370178550412651,F,0.006101772396504518,Y,0.00047392115979541234,Y,0.0005229686112465427,G,0.002709590716137162,S,0.00010123655238749916,R,0.00035132320177468513,K,0.0018036934382833802,K,0.0020144373657729336,K,0.002084014044817206,K,0.002084014044817206,N,0.0024707139604380167,S,5.555791164164512e-05,Y,0.00023600002805590297,0.0019063397340990942,0.25042427982304716
109,V,V,0.008631008003747415,I,0.0014299618502532545,I,0.0014299618502532545,V,0.0041762552024463655,V,0.005806231365863251,V,0.009004366305512917,I,0.0014296303246492754,F,0.0031195398254589535,F,0.0014377964836407241,S,0.009004366305512917,S,0.009004366305512917,S,0.009004366305512917,F,0.0003504418853942993,S,0.006727545929624404,V,0.004046547494582849,0.004973492362531047,0.6533375037062102
110,Y,H,0.0001653627126573207,Y,0.00024456535684683764,Y,0.0008376000191712032,Y,0.0008061869976420585,Y,0.002123487032112797,Y,0.00017843594136245054,K,7.008320917608012e-05,L,0.00011402159336226354,L,0.0004888224215565661,Y,0.00012344518426920235,Y,0.0001365245513748972,Y,0.00013893071531392574,-,,Y,0.00026009451812062073,Y,0.0008346180189779831,0.00046586987656744335,0.06119849796121884
111,-,-,,-,,-,,-,,-,,-,,-,,-,,-,,-,,-,,-,,-,,-,,-,,,
112,-,-,,-,,-,,-,,-,,-,,-,,-,,-,,-,,-,,-,,-,,-,,-,,,
113,-,-,,-,,-,,-,,-,,-,,-,,-,,-,,-,,-,,-,,-,,-,,-,,,
114,-,-,,-,,-,,-,,-,,-,,-,,-,,-,,-,,-,,-,,-,,-,,-,,,
115,N,V,0.0005031308009309483,N,0.00025550172762411324,N,0.00023672864743150464,-,,-,,G,8.565952006965339e-05,-,,S,0.0008538435590418553,S,0.00028867155450456363,A,0.0002082044510145882,A,0.0002017749091934691,A,0.00029581166320197233,-,,K,0.0006780021044207185,-,,0.00036073289374333867,0.04738729068502098
116,N,K,0.0011835553217959948,E,0.005993600322661786,E,0.00431308943545092,S,7.515945204493153e-05,S,0.00012145922715594795,V,0.0022309350232091376,-,,-,,L,0.0002883924353781997,-,,-,,-,,-,,K,0.003166285398760306,S,0.0006635825438062622,0.0020040065733626096,0.2632541796817508
117,D,-,,-,,-,,Y,0.00045737142378505125,Y,0.000648725923427025,-,,-,,-,,-,,-,,-,,-,,-,,-,,Y,0.000859520534190702,0.0006552059604675928,0.08607043007651843
118,H,N,0.001021833621608526,H,0.0027802345978041694,H,0.0022387261627339864,W,0.0012357018316312366,W,0.0010281003912361272,-,,-,,-,,-,,-,,-,,-,,H,0.0029669366673038353,-,,W,0.0006483222398575128,0.0017028365017393418,0.22369129540595578
119,G,-,,K,0.0006147498606133883,E,0.009004366305512917,N,0.004829580299053552,S,0.0013222606205057208,-,,-,,-,,-,,-,,-,,-,,-,,-,,S,0.0014299618502532545,0.0034401837871877667,0.45191606299522113
120,G,V,9.763616129532944e-05,C,0.0003277975559955553,C,0.00031061575754887203,E,6.0856418681355917e-05,E,8.103924877767322e-05,-,,-,,-,,-,,-,,-,,-,,L,0.0004704385151562311,-,,E,0.001475920618430476,0.0004034720394122133,0.05300167283471596
121,-,-,,-,,-,,-,,-,,-,,-,,-,,-,,-,,-,,-,,-,,-,,-,,,
122,D,R,0.00048437286525667003,F,0.0008102494816448809,F,0.000587834474987963,K,0.0008204811610303409,K,0.0013406901411742694,-,,-,,-,,-,,-,,-,,-,,E,0.005663698687768331,D,0.007661286313140381,K,0.00038514128304111434,0.0022192193010054937,0.2915253694202328
123,T,A,0.0006428456031622175,H,0.0031467342650022133,R,0.002726143163530357,G,0.00042311032882500177,G,0.00048463929336184375,-,,-,,L,9.49829433083604e-05,-,,T,0.0045144258275059005,T,0.0045144258275059005,T,0.0045360153047433955,N,0.0036021385713684907,R,0.0023138921489954073,G,0.00045640727428260995,0.0022879800459659747,0.30055805112371853
124,W,H,0.0014081512566021812,S,0.00205797175130031,S,0.001807713381067033,I,7.919764880819174e-05,I,9.149303388775725e-05,-,,-,,E,0.0003840660217065707,-,,M,0.00014203560931942702,M,0.00014203560931942702,M,0.00014203560931942702,G,1.8162606814061943e-05,T,0.00015002475439652578,I,0.00020572644947408912,0.0005523844776679168,0.07256339598397497
125,K,K,9.586427210124624e-05,N,0.0015301672661857618,N,0.002381598561053736,G,2.5336049378796024e-06,G,9.572293427197534e-06,-,,-,,K,0.001005599659751979,N,0.0002484846097272426,K,0.0009312057979800261,K,0.0009141202922278951,K,0.00023332847144953077,K,0.0007890004559988363,-,,G,4.559359162564104e-05,0.0006822557397055811,0.08962379538904856
126,A,N,2.7207321632367548e-05,S,0.004489980926894973,-,,C,0.0005745620554649387,C,0.0005573958976154833,-,,-,,C,0.0003162049828622562,-,,S,0.0021269723057508053,S,0.002096240097008611,S,0.002096240097008611,N,2.8660955592267245e-05,-,,C,0.00029103525745021483,0.0012604499897280526,0.1655776645078348
127,-,-,,-,,-,,-,,-,,-,,-,,-,,-,,-,,-,,-,,-,,-,,-,,,
128,-,-,,-,,-,,-,,-,,-,,-,,-,,-,,-,,-,,-,,-,,-,,-,,,
129,-,R,0.006520314901034637,I,0.00019441009606738173,-,,G,0.0005092581599092144,G,0.0007587101898045766,-,,-,,S,0.0065556466879890685,T,0.005099549004989644,P,0.00355033852274164,P,0.00355033852274164,P,0.00355033852274164,I,0.0004533454090414155,-,,G,0.00030221783616644514,0.0028222243502933914,0.3707384826426493
130,-,I,0.00042632076711368713,I,0.0008588898464719567,-,,R,0.002002570985324698,R,0.0014270674575186193,-,,Q,0.0011344465308088373,G,0.00018390635476372768,C,0.0004005454674656379,S,0.0008432781570877287,I,0.0014299618502532545,I,0.0003303260951672188,W,0.0009436285871217606,N,3.482406091697474e-05,T,0.0014453023789001214,0.0008816206568395558,0.1158131544535551
131,-,D,0.002830383522648797,E,0.00439814988188738,V,0.0014299618502532545,E,0.0014233331980684919,E,0.001315502975978763,G,0.0012539534319428642,H,0.0006555418691714186,R,0.0010882758270500217,-,,I,0.001216494223605338,I,0.0020674719036879756,I,0.0020674719036879756,K,0.0009269014385906023,I,0.002259846617731876,K,0.0011523059889882604,0.001720399616663787,0.22599845520949527
132,-,R,0.0013507229933037831,A,0.009004366305512917,E,0.0014299618502532545,-,,-,,A,0.009004366305512917,S,0.0012211437812814645,N,0.0014299618502532545,V,0.0012350370783612641,C,0.009004366305512917,C,0.009004366305512917,C,0.009004366305512917,C,0.007039502815818393,-,,S,0.0009609629403114369,0.004974093736428953,0.6534165025449764
133,-,N,0.001581688396781876,E,0.003971630197722307,A,0.000610969650067914,S,0.0012110581497594742,S,0.0009985933684313376,H,0.004005862948045295,T,0.0015450478322495942,N,0.0003637042017891385,-,,-,,E,0.002692325822877814,-,,D,0.0016810065827209814,-,,I,0.0033620519434796573,0.002002176281265944,0.2630137453184657
134,E,R,0.0001765868367199166,E,0.0005220943711628681,K,0.001837574084231777,V,0.0014821539450294739,V,0.0015719376792904616,A,0.0007695491927974315,P,0.000126854807103695,F,9.46513928382859e-05,-,,K,0.0006056551195889768,-,,E,0.00045022630735780123,K,0.0005485408375576934,Q,0.00045370715552531634,-,,0.0007199609774336414,0.09457690360722698
135,-,W,0.005128532017612282,I,0.0033151712784112424,E,0.005106013430191929,I,0.00034740175201883994,V,0.0004541199874202025,G,0.000985733320914333,A,0.001423641624719064,G,0.00014494418659625642,H,0.0011694851533961945,Y,0.005623426466871639,Y,0.007066469924853292,Y,0.007066469924853292,E,0.0006395343487463058,E,0.00043102014713265106,I,4.507590153948163e-05,0.002596469297685133,0.341082411662964
136,-,G,0.0006332623745773015,R,0.0034539662544565935,R,0.0034583686088615465,T,0.00038765528197918305,T,0.00048380854097487076,D,0.0003496810401752904,D,0.00014266985840526102,R,0.002068658378545146,R,0.0038670198618877567,H,0.0014974091929256684,H,0.0007827413686271788,H,0.0007827413686271788,E,3.69820143868687e-05,S,0.002187544346796125,T,0.0023960290787409595,0.001501902504664462,0.1972958158335684
137,N,D,0.001170957421912982,D,0.0014249106321473424,D,0.0014299618502532545,D,0.0011970292223056876,D,0.0012567179850814722,D,0.0008051955936507505,S,0.009004366305512917,S,0.009004366305512917,S,0.009004366305512917,T,0.009004366305512917,T,0.009004366305512917,T,0.009004366305512917,D,0.0014299618502532545,D,0.0012527070894807416,N,0.006092521060601005,0.004672410702584267,0.6137862335357168
138,L,L,0.00014230707820922153,L,2.299852648786424e-05,L,2.299852648786424e-05,L,0.00046169339003198685,L,3.0037518815309477e-05,L,4.5316901247079717e-05,L,7.476664971854186e-05,L,0.00013644640574733062,L,0.00013317478596077854,L,0.0001365074056387286,L,0.00013920651029526493,L,0.00013920651029526493,L,3.910168308391367e-05,L,1.1906335586354843e-05,L,5.8869131850423695e-05,0.00010630249063039517,0.013964312962344804
139,Y,Y,4.7799029485470476e-05,Y,3.1843376509340435e-05,Y,4.046109857802591e-05,N,0.00018459472807930675,N,0.00017878615211709199,Y,1.1152511471629709e-05,Y,0.00039118570008621074,H,0.0016871315284338652,D,0.0013862864310672655,H,0.0020272411072639034,H,0.0020272411072639034,H,0.0020272411072639034,H,0.00036917817813183665,H,0.00016335135985518542,N,0.00010448167559543038,0.0007118650060801579,0.09351338499121165
140,A,A,0.0008153168599596981,F,0.0001887567059354007,F,0.00022279581003580373,S,0.0003228947528356338,S,0.0006406065406675081,T,0.0013934898955516178,A,0.000758797152065642,E,8.530616869961436e-05,K,0.00016935219653964613,D,0.000498997799193554,E,8.702611275767211e-06,E,8.702611275767211e-06,A,0.0005611119869212613,A,0.002648738091223404,S,0.0005095770212168709,0.0005888764135598127,0.07735712010440073
141,T,T,0.001277980354139616,T,0.0014625004841795854,T,0.0017020241386182268,T,0.0007082028239588945,S,0.0003759724579512341,A,0.003701869588641872,T,0.0013815292615128043,T,0.0013567358829408357,T,0.0013950236077706708,V,0.0015961791618783853,V,0.0016223419677460383,V,0.0016199419425076994,T,0.0012726915558437459,T,0.0020451637964989194,T,0.00045385755252723604,0.0014648009717810509,0.1924220126564814
142,A,A,0.00023994927438403818,A,0.00023079230948260578,A,0.00024997142623884135,A,0.00020106487403380357,A,0.00022468084754283574,A,0.0003758654856400588,A,0.0004170164491859074,A,9.466052135182246e-05,A,0.00038264684044209964,S,0.0005043744341378841,S,0.0004082302424932698,S,0.0004082302424932698,A,0.0003750907578977415,A,0.00025587918438124544,A,5.446858852054538e-05,0.0002948614318817312,0.038734156564947664
143,L,L,0.0,L,0.0,L,0.0,L,0.0,L,0.0,L,0.0,L,0.0,L,0.0,L,0.0,L,0.0,L,0.0,L,0.0,L,0.0,L,0.0,L,0.0,0.0,0.0
144,K,E,0.0023236946030265235,G,0.0001269793429847578,G,0.00014280261699638772,G,0.0003988037353987461,G,0.000451503008477694,Q,0.0005361787407388915,K,3.199751442345664e-05,R,0.000409739186059849,C,0.00021282685711249976,F,0.0010997194561288269,F,0.0010901246954701208,F,0.0010901246954701208,E,0.002141768053435115,E,0.002431818722930077,G,0.0005299274737561959,0.000867867246827284,0.1140064524602916
145,F,F,8.990474347651363e-05,F,1.9649466170648037e-05,F,1.9649466170648037e-05,L,0.00024341458535949876,F,0.0002996753576147417,F,2.2095834588909166e-05,F,8.848256654960526e-05,F,0.0002996753576147417,F,1.9649466170648037e-05,F,0.00029967535761474175,F,3.86699153735533e-05,F,0.0002996753576147417,F,0.0002996753576147417,F,0.0002996753576147417,F,3.86699153735533e-05,0.00015854920699480188,0.020827646965535365
146,R,R,0.00014860195720904732,R,0.00015840738127544292,R,0.00015459833795249914,R,0.00013067729236054614,R,4.716679294378048e-05,R,4.6814990472230806e-05,R,0.0001584073812754428,R,0.00014860195720904732,R,0.0001598836884542254,C,0.00012534935230411925,R,0.00012534935230411966,R,0.00012534935230411958,R,0.00013067729236054603,R,2.6632380972766218e-05,R,3.7959514354591945e-05,0.000114965134916835,0.01510227196198771
147,L,L,3.677773766563039e-05,L,7.947794330296139e-05,L,7.947794330296139e-05,T,6.742117737305083e-05,A,0.0015114543957311006,L,4.0373751309342594e-05,L,2.3819045679557613e-05,L,2.9992583486210635e-06,L,6.810711735501937e-05,L,3.885526210360944e-05,L,3.885526210360944e-05,L,3.885526210360944e-05,L,2.2422963651536466e-05,L,5.533392080711188e-05,T,0.0004494022793108873,0.0001702422213432406,0.02236368728657088
148,L,L,2.411332103311298e-05,L,2.399987109726707e-05,L,1.3565497242234117e-05,L,1.126314147926529e-05,L,1.126314147926529e-05,L,2.5383950257665504e-05,L,0.00047860512776442936,L,4.87215672217304e-05,L,4.018510353958726e-05,M,0.00015915158276135538,M,0.00015915158276135538,M,0.00015915158276135538,L,1.1795438456046482e-05,F,9.634587057409274e-05,L,1.2066959413755787e-05,8.498424918950121e-05,0.011163864981097303
149,R,R,0.0,R,0.0,R,0.0,R,0.0,R,0.0,R,0.0,R,0.0,R,0.0,R,0.0,R,0.0,R,0.0,R,0.0,R,0.0,R,0.0,R,0.0,0.0,0.0
150,Q,Q,0.0007469395219714029,Q,0.00012704497272462395,Q,0.00012433961269105967,L,9.220107152077736e-05,L,8.043507138141662e-05,Q,0.0001407435297400958,E,0.003527986571628826,E,0.0019064050827475507,E,0.0019819324159696225,Q,7.930322062889525e-05,Q,4.544050526284804e-05,Q,4.544050526284804e-05,Q,0.00013539869115738196,Q,8.852841545477883e-05,L,5.849940901281915e-05,0.000612042573143663,0.08040031787564852
151,H,H,0.000837137202665371,H,0.00017575963383090686,H,0.00018509460885020372,H,6.41007380729906e-05,H,7.422689695951349e-05,H,0.00047465538772499506,H,0.0011629496810752734,Y,0.0021469550068807116,Y,0.0017006186961688904,H,0.0007705019229490048,H,0.0007705019229490048,H,0.0007705019229490048,H,0.0007888228008749224,H,0.0007887849492522092,H,4.886176421414385e-05,0.0007172982090278098,0.09422711188414723
152,G,G,0.0,G,0.0,G,0.0,G,0.0,G,0.0,G,0.0,G,0.0,G,0.0,G,0.0,G,0.0,G,0.0,G,0.0,G,0.0,G,0.0,G,0.0,0.0,0.0
153,Y,F,0.0006820679035807061,F,9.921505198513624e-05,F,0.00011107767238705191,Y,3.218362537268604e-05,Y,1.6626075776270844e-05,Y,3.795530415132912e-05,F,7.15320593733533e-05,Y,0.00013746142825660522,S,0.0001320729495315953,R,3.9739735175070256e-05,R,3.9739735175070256e-05,R,3.9739735175070256e-05,F,2.9520035047286323e-05,F,0.0005482050551543349,Y,2.7821357276637098e-05,0.00013633051489454688,0.017908912246696863
154,S,S,0.00043962998588290665,Q,0.0019582474777852807,Q,0.0008908233249017372,P,0.0002058109102664834,P,0.00016677925262657004,G,0.0017598977210700913,H,0.0006770309543422758,D,0.0009765116355821381,D,0.0008691365935985284,Y,0.0002959664699653846,Y,0.0004711364494160569,Y,0.0004711364494160569,G,0.0009754272935505959,N,0.0024227221951323014,P,0.0006139778450331392,0.0008796156372379697,0.11554976719850447
155,V,I,5.7022188435409404e-05,I,0.0022788202462087617,V,0.00016981211363774638,V,8.029488978100442e-05,V,0.00011322083177140685,V,9.658753489970358e-05,I,0.0010357846911479048,I,0.0009107376344791987,V,0.00023170242855909926,V,0.00016473891098492028,V,0.00012405929592117148,V,0.00012405929592117148,V,0.00016484126747844346,V,0.00076196717681411,V,7.969377206775365e-05,0.0004262228185405204,0.05599030459678328
156,S,A,0.0005168493722433484,S,0.0006636181304392691,S,0.0007899472925367648,S,0.0007691341930304329,S,0.0009675923275420924,T,0.0010010423583607147,S,0.00012953030258629198,S,8.045343608721628e-05,S,0.00015894690909388376,S,0.000704766326318156,S,0.000877587356617223,S,0.000877587356617223,S,0.00029854193305424393,S,9.27104505031631e-05,S,8.429370118286927e-05,0.0005341734297475262,0.07017112115556301
157,Q,-,,-,,-,,-,,-,,-,,-,,-,,-,,-,,-,,-,,-,,-,,-,,,
158,-,Q,0.0006632460014101991,Q,0.0005630857567522793,Q,0.0005492199895216834,S,0.0007395206632457875,S,0.0006097613733877278,P,0.0017067134443780505,Q,0.0002452294919341873,P,0.0003528782817497769,A,0.004579447939752534,A,0.006498227325834362,A,0.006635678861650994,A,0.006635678861650994,E,0.0022637154878670887,E,0.004669522082636733,A,0.00237076336903542,0.0026055125953871874,0.3422703747913371
159,-,-,,-,,-,,-,,-,,-,,-,,-,,-,,-,,-,,-,,-,,-,,-,,,
160,E,D,0.002572395843832846,E,0.0007444378965394698,E,0.0008068659071556511,D,0.002177275413096134,D,0.002478409674030042,D,0.004763175457117424,E,0.0014299618502532545,D,0.002567052286936407,D,0.0016655530754258977,D,0.002859054940024398,D,0.002824723448665596,D,0.002824723448665596,D,0.003210349597973336,D,0.0029254339650436095,D,0.002977726448300119,0.0024551426168706522,0.3225171834249482
161,V,V,1.736505730902132e-05,V,0.00040530121995957367,V,0.00037570473934327956,V,0.0002161156180578218,-,,I,0.00011338488189099652,I,0.00013360955082392762,I,0.00041826954109661617,I,0.0014299618502532545,V,1.8867933588723155e-05,V,1.8867933588723155e-05,V,1.8867933588723155e-05,I,0.0002927649850366205,V,2.8413192361254577e-05,V,1.7769275594495994e-05,0.000250375979463788,0.03289037269730953
162,F,F,0.00016877434970982716,F,0.0007526159363623956,F,0.0011651524444937572,F,0.0011112252408755712,-,,F,0.0005537641561692281,-,,F,0.00025245873935283135,F,0.00017821756350026833,F,0.000556307039166601,F,0.0005559987353489076,F,0.0005559987353489076,F,0.00038081565158066676,F,0.00016693136472391062,L,0.0004101545261143715,0.0005237241909805574,0.06879846808323231
163,N,D,0.002604803618522382,D,0.0010673086728896588,D,0.0009873659839861318,E,0.001480995116051188,-,,N,0.000402201158589292,-,,E,0.0024525857237392298,E,0.0020452703446130504,N,0.0006247924279341403,N,0.0006247924279341403,N,0.0006247924279341403,D,0.0013354003335601875,D,0.001752864525803083,K,0.0003405358491930342,0.0012572083546730506,0.16515183058664146
164,S,G,0.00033718964017190843,C,0.0008432986877225563,C,0.0009166887418410664,Q,0.0065813769083629976,V,0.00639465723375816,K,0.00027267257488150477,-,,K,0.00027613876718953373,R,0.00018253311890395384,N,0.0030667827597163798,N,0.003029555270753584,N,0.003042415880173616,V,0.003564672120874856,V,0.0020700835517830506,H,0.0016519475793999696,0.002302143773966652,0.30241865410058266
165,F,N,0.0015509620268594063,F,5.2153734189833556e-05,F,5.2153734189833556e-05,F,8.587154738692612e-05,F,8.587154738692612e-05,F,0.0007717312961051335,-,,F,5.233000968684256e-05,F,0.0002459368559643624,F,8.587154738692612e-05,F,8.587154738692612e-05,F,8.587154738692612e-05,I,0.00010516854544981542,F,8.587154738692612e-05,F,8.587154738692612e-05,0.00024510978815383644,0.032198585109496254
166,K,I,0.002281123504038693,K,0.001253308934962115,K,0.0011552379850488224,K,0.0005316126477722243,K,0.0010321171018782616,L,0.0012911552891608008,-,,K,0.0006821362146750298,L,0.0011323996279556316,K,0.0018354548016568772,K,0.001508279100484158,K,0.001508279100484158,I,0.0006882876363499081,M,0.0017690006216152469,R,0.0008801825836781564,0.001253469653554292,0.1646607001137296
167,-,-,,-,,-,,-,,-,,-,,-,,-,,-,,-,,-,,-,,D,0.0,-,,-,,0.0,0.0
168,D,-,,N,4.853562168789079e-05,N,4.853562168789079e-05,E,0.00089849851809942,D,0.0012169454781943766,-,,-,,-,,D,0.0003514373467076854,-,,-,,-,,K,0.0009927057561802581,-,,N,4.57520462415412e-05,0.0005146300555427233,0.06760382671008319
169,-,-,,-,,-,,-,,-,,-,,-,,-,,-,,-,,-,,-,,-,,-,,-,,,
170,-,G,0.0016745496086518767,E,0.0007579357745352213,E,0.0007400417710242254,-,,-,,E,0.0009702236023239816,-,,D,0.0031807114198878867,-,,G,0.0014889541615709355,G,0.0014889541615709355,G,0.0014889541615709355,I,0.0010517041406343471,E,0.002142003866483796,-,,0.0014984032668254143,0.1968361421982249
171,E,-,,E,0.0006053731254982182,E,0.0002722486844325729,Q,0.0023374290646560082,Q,0.0019123341156005171,K,0.0008580009620035543,-,,H,0.0006666885463073786,Q,0.0023794145185945907,E,0.0014124970815044464,E,0.0014124970815044464,E,0.0014124970815044464,E,0.00023928202801338616,N,0.0013823422396447307,Q,0.0015546770882825817,0.0012650216628882212,0.16617821746187714
172,R,V,0.0015655655896296143,G,9.417307350705679e-05,G,0.0002542344617850166,N,0.0016169631212682237,N,0.0014032541436191674,E,0.00018267227933256098,F,0.00027813487943368904,N,0.0010157208269112932,N,0.0016169727826201188,S,0.0027209295311055354,S,0.0027209295311055354,S,0.0027209295311055354,S,0.0002878094553046061,C,0.0002781887568430702,I,0.0009458061073011031,0.0011801522713914751,0.1550294406387172
173,G,D,0.005128376814233187,S,0.0003886514191351965,S,1.8853654237026523e-05,G,0.0008027422271637961,G,0.0009078784129748928,R,0.0001896599696401503,D,0.003539749378722013,G,0.0012509764838121165,G,0.00029901919214059773,G,0.0004830103556807366,G,0.0014920922540700013,G,0.0014920922540700013,N,0.001289468920018426,G,0.0010445105372454645,G,0.00021163131150488904,0.0012359142123098995,0.16235454835496116
174,S,-,,D,0.0006484210665965173,D,9.322058086762053e-05,Q,0.0009957292930366595,Q,0.0005854666433542054,T,0.00036388046576205253,G,0.0006777880780674444,N,0.0004064669177489034,N,0.0011874818974496112,R,0.0004330642603573672,R,0.0004330642603573672,R,0.00041373799619055037,T,0.00041814348039485155,K,0.0006693535074071541,Q,0.00014747774053138185,0.0005338068705801204,0.0701229685026711
175,F,L,0.00011045985287859858,F,0.000115611641357999,F,8.780625672643347e-05,F,0.00012991989840074257,F,0.00013212378673585102,F,5.848252257489781e-05,L,0.0017946905399426683,F,6.763672012157789e-05,F,6.872943502441555e-05,F,9.774539427214067e-05,F,6.604467704514268e-05,F,6.604467704514268e-05,F,3.999646392622049e-05,F,4.7049531929048256e-05,-,,0.0002058815284272056,0.027045406735760318
176,-,-,,-,,-,,-,,-,,-,,-,,-,,-,,-,,-,,-,,-,,-,,-,,,
177,K,-,,K,6.503291357425072e-08,K,2.222962590509052e-05,A,0.00026574053216809273,A,0.0004762624193858672,K,1.6893216890880983e-05,S,0.0020407860702092795,K,0.0009269402989596822,K,0.0006054955726183799,K,0.0001543696600730236,K,0.00015035265587877593,K,0.0001588721890661332,K,7.206587195473444e-05,-,,F,0.0002853630870903562,0.0003981104794702978,0.05229735724858734
178,A,-,,A,0.0006435161940920619,A,0.0006535276302293139,C,2.338389444676451e-05,C,0.0006346836957094886,A,2.2599601367743463e-05,E,0.00067152864304544,A,0.0002878844210647715,T,0.0007142549140885608,E,0.0006384423597741451,E,0.000625850010082525,E,0.000625850010082525,-,,-,,V,0.0022499118452971693,0.000649286101606709,0.08529277415015152
179,C,-,,R,0.0033806738373449974,S,0.0014299618502532545,S,0.0013802134279424978,S,0.001167984168346458,C,0.0007003988323123283,T,0.00028037516734799757,-,,S,0.0025442542937621363,-,,-,,-,,-,,-,,S,0.0006137673455976807,0.0014372036153634188,0.18879671545352952
180,L,-,,L,0.0014299618502532545,L,0.0014299618502532545,A,0.009004366305512917,A,0.009004366305512917,T,0.0005080923912865273,H,0.0014299618502532545,C,0.009004366305512917,L,0.0013275616444824274,E,0.005557891964388887,E,0.005452070850133209,E,0.005439656477372637,-,,-,,C,0.008397920096421721,0.004832181490948661,0.6347743522310563
181,C,D,0.0019855414830879984,-,,-,,I,0.000302833535116554,N,0.001928159495431438,-,,T,0.0011650051841218217,L,0.00035460228594530886,V,0.0014381234327642178,L,0.0008032002917730596,L,0.000318664314906294,L,0.0008394619201326714,-,,D,0.0002514907498157948,P,0.006015209606438496,0.001400208390866696,0.18393687736393421
182,E,D,0.0014299618502532545,G,0.003142822061395938,G,0.002513232824080579,Q,0.0019556009630697824,T,0.0034591071700571705,S,0.0060186135452208155,-,,V,0.0017719857365993677,-,,K,0.002947376839870726,K,0.0031335142603880406,K,0.0031335142603880406,S,0.004454430464935526,R,0.004307310833103505,S,0.004660278990222703,0.003302134599968112,0.4337813791971223
183,-,-,,-,,-,,-,,Q,0.0012414047139482146,-,,-,,-,,-,,-,,-,,-,,-,,-,,-,,0.0012414047139482146,0.16307580222909923
184,-,-,,-,,-,,-,,-,,-,,-,,-,,-,,-,,-,,-,,-,,-,,-,,,
185,-,-,,-,,-,,-,,-,,-,,-,,-,,-,,-,,-,,-,,-,,-,,-,,,
186,-,-,,-,,-,,-,,-,,-,,-,,-,,-,,-,,-,,-,,-,,-,,-,,,
187,-,-,,-,,-,,-,,-,,-,,-,,-,,-,,-,,-,,-,,-,,-,,-,,,
188,-,-,,-,,-,,-,,-,,-,,-,,-,,-,,-,,-,,-,,-,,-,,-,,,
189,-,-,,-,,-,,-,,-,,-,,-,,-,,-,,-,,-,,-,,-,,-,,-,,,
190,-,-,,-,,-,,-,,-,,-,,-,,-,,-,,-,,-,,-,,-,,-,,-,,,
191,-,-,,-,,-,,-,,-,,-,,-,,-,,-,,-,,-,,-,,-,,-,,-,,,
192,-,-,,-,,-,,-,,-,,-,,-,,-,,-,,-,,-,,-,,-,,-,,-,,,
193,-,-,,-,,-,,-,,-,,-,,-,,-,,-,,-,,-,,-,,-,,-,,-,,,
194,-,-,,-,,-,,-,,-,,-,,-,,-,,-,,-,,-,,-,,-,,-,,-,,,
195,-,-,,-,,-,,-,,-,,-,,-,,-,,-,,-,,-,,-,,-,,-,,-,,,
196,-,-,,-,,-,,-,,-,,-,,-,,-,,-,,-,,-,,-,,-,,-,,-,,,
197,-,-,,-,,-,,-,,-,,-,,-,,-,,-,,-,,-,,-,,-,,-,,-,,,
198,-,-,,-,,-,,-,,-,,-,,-,,-,,-,,-,,-,,-,,-,,-,,-,,,
199,-,-,,-,,-,,-,,-,,-,,-,,-,,-,,-,,-,,-,,-,,-,,-,,,
200,-,-,,-,,-,,-,,-,,-,,-,,-,,-,,-,,-,,-,,-,,-,,-,,,
201,-,-,,-,,-,,-,,-,,-,,-,,-,,-,,-,,-,,-,,-,,-,,E,0.0005194524842383993,0.0005194524842383993,0.06823731989679652
202,-,-,,-,,-,,T,8.985676683158405e-05,T,0.0009542702852210948,-,,-,,-,,-,,-,,-,,-,,-,,-,,T,8.985676683158405e-05,0.00037799460629475424,0.049654857088258945
203,-,-,,-,,-,,E,0.0014299618502532545,E,0.00031645416993052514,-,,-,,-,,-,,-,,-,,-,,-,,-,,E,0.0014299618502532545,0.0010587926234790115,0.13908716031772303
204,-,K,0.0019587290270565274,D,0.0007056075358457192,D,5.563058199412976e-05,G,0.00014254014518760562,G,0.0017847948206398479,L,0.0021043415388144826,K,0.005733185692645478,Q,0.002106067154724571,N,0.0019192092401796434,R,0.0008920154497906988,R,0.001621429605621717,R,0.001621429605621717,D,0.0008230730349181198,D,0.0008983443614657422,E,0.0008168828731589629,0.0015455520445109975,0.20302979094049856
205,D,D,0.0006482209863586108,D,0.00078828554741895,D,0.0003779213738414574,E,0.0014486643966959355,E,2.113878390771634e-05,D,0.00024150037190208277,D,0.0007828997246285714,D,0.0007163088364801187,N,0.0007755092905263385,D,0.0007120143586323108,D,0.0007081064400710453,D,0.0007081064400710453,N,8.103436500724262e-05,D,0.0001105061149282629,D,0.001377899736962951,0.0006332077844955092,0.08318066322295542
206,T,I,0.001555971500865431,T,1.2156145728011742e-05,T,3.78963320948043e-05,I,0.0019583946795568527,M,0.0024489999978717612,A,0.0042252257574493576,T,2.6153648043016427e-05,I,0.00028180382625545984,V,0.0005234649960868635,T,0.0008733081856529845,T,0.0003709294449830797,T,0.0007695556160659815,I,0.0007597217280232285,I,0.0006580933293289902,I,0.0033292361696683533,0.001188727423844945,0.15615590636731821
207,K,K,6.086545510182457e-06,K,0.0004661889815199277,K,8.453534111303821e-05,K,2.6523550058419637e-05,R,1.46316376807551e-05,K,6.181858155127722e-06,K,8.787831833574294e-06,K,8.683272862273977e-06,K,7.291139133415947e-06,R,2.2196878477081378e-05,R,3.924460771052681e-05,R,3.924460771052681e-05,T,1.7585279160754075e-05,Y,2.658814917238164e-05,R,2.262510959584076e-05,5.309298597958843e-05,0.00697450330587425
208,G,G,0.0005404607495341817,G,8.600394973222967e-07,G,3.691973622918606e-06,K,0.0004532182423571552,G,0.0011685541101746318,G,0.0001314489225801013,G,4.330615118049083e-06,G,0.0005142047908742375,G,2.473233040947328e-05,G,0.00020106355252799284,G,0.00021474558699142174,G,0.00020106355252799284,S,0.0008019830778133373,G,0.00016758794045482336,S,0.0016539991821899554,0.0004054629777782397,0.053263210323320986
209,M,I,0.0018179032617230695,L,0.0012596717228780731,L,0.000689325049540654,V,0.0038667453110321146,V,0.0024962910648599693,L,0.0023350606301007094,M,0.0008921452059252016,M,0.0020793251734116357,M,0.001591919187432213,L,0.002389726708709216,L,0.002264572404349403,L,0.0022721575828594277,I,0.0014672703987888226,L,0.0013826697313640759,M,0.003922794707127232,0.002048505209340121,0.26909969539358825
210,L,L,0.00039059492935196146,L,0.0028155333234595546,V,0.000761988563428298,L,4.4810995712494105e-05,L,0.00025726237061093817,L,5.625174404432195e-05,L,0.00023441845381073567,L,0.0005392399080131593,L,8.413518907475659e-05,V,0.0022957163237254962,V,0.0023121945585945166,V,0.0023121945585945166,I,3.5188826633744395e-05,I,8.36028311169972e-05,V,0.0012376431092617577,0.0008973850456955499,0.11788402653133742
211,S,S,0.0008092209264470289,Q,4.158592575500316e-05,Q,0.0007866746510558305,N,0.00015710394587594684,N,0.00026440065764315784,S,0.00010586241902895322,Y,0.0009677645050755273,S,0.0008031017147689813,S,0.0001137810426864532,E,0.00011933622707742105,E,0.00015832629451534872,E,0.0001635020200890881,T,0.0005280590488099836,S,4.050054893922931e-05,N,9.432209228812572e-05,0.0003435694680037386,0.045132635623672784
212,L,L,0.0,L,0.0,L,0.0,L,0.0,L,0.0,L,0.0,L,0.0,L,0.0,L,0.0,L,0.0,L,0.0,L,0.0,L,0.0,L,0.0,L,0.0,0.0,0.0
213,Y,Y,0.00010594695948129994,Y,0.0006924212706387286,Y,0.0006924212706387286,F,0.00022468934725275132,F,0.0006566086750492712,Y,5.567717522403166e-05,Y,5.745188631853674e-06,Y,0.0006319366240240202,Y,0.0006565098513640151,Y,5.653654741911182e-05,Y,4.880741826498075e-05,Y,4.880741826498075e-05,Y,4.888202487289156e-05,Y,0.0002762119194653726,Y,0.0005226942527947567,0.0003149263962257863,0.04136996914108837
214,E,E,0.0004773018743526302,E,0.0013513496380319278,E,0.0012816658248637842,R,0.0002451747847464963,R,0.0014299618502532545,E,0.001594780346128924,E,0.0007317231394778507,D,0.0007494274895166391,E,0.0003316077350914145,E,0.000844912482274669,E,0.0008200883848969872,E,0.000805750756847579,E,0.0013397922623494183,E,0.0013423899042304302,R,9.452859834476493e-05,0.0008960303380937845,0.11770606681645837
215,A,A,9.841979784031391e-05,A,9.427413156029797e-05,A,9.427413156029797e-05,A,3.520613784532338e-05,A,9.501983747791249e-05,A,2.1705516005070205e-05,A,9.528165037668394e-05,A,0.00011246785580237159,A,0.00011569708042236557,A,9.091037864650812e-05,A,9.091037864650812e-05,A,9.091037864650812e-05,A,0.00011518261883497686,A,1.4867142336667983e-05,A,1.7663473608583473e-05,7.885270064069266e-05,0.010358400665335622
216,S,S,0.0,S,0.0,S,0.0,S,0.0,S,0.0,S,0.0,S,0.0,S,0.0,S,0.0,A,0.0,A,0.0,A,0.0,S,0.0,S,0.0,S,0.0,0.0,0.0
217,F,Y,0.00203953281056901,F,6.702648480076007e-05,F,2.968908755100424e-05,L,0.00023484397505106215,L,0.00027310565911115313,H,0.000576057269066841,F,4.394633674393677e-06,F,1.8794640538892716e-05,F,0.001815948762070974,Q,0.0019635926797113906,Q,0.0019635926797113906,Q,0.0019635926797113906,Y,0.0018368406544097778,Y,0.0025613579951468068,L,0.0001358601094347842,0.0010322820080373087,0.13560462168051016
218,F,L,0.002608144379764066,L,0.00284525034200098,L,0.0029080471826422355,I,0.0008812601360023083,V,0.004069452337684871,T,0.003418644918038268,L,0.0021076256425963625,L,0.001953893257801601,L,0.002576903541639728,L,0.002405320890887407,L,0.003089267499876916,L,0.0030811040164394387,L,0.0033960679668978743,L,0.0034353485031672014,I,0.0007353310412606107,0.002634110777113325,0.3460271443402869
219,L,S,0.0014945911548511583,L,0.0013862646591739653,L,0.0013945337907435807,A,1.718976460351983e-05,A,0.0002716355674431169,M,0.0014281577602578384,A,0.0005772818348526472,S,0.0013834836588138845,S,0.001819118988245486,S,0.0023883596359956277,S,0.0035731856614888763,S,0.0035789615066527114,S,0.0030639228277709743,S,0.003330161166017941,A,0.0003740580954902906,0.0017387270714934412,0.2284060217070139
220,-,-,,-,,-,,-,,-,,-,,-,,-,,-,,-,,-,,-,,-,,-,,F,0.0009982812237021204,0.0009982812237021204,0.1311381450193697
221,-,-,,-,,-,,-,,-,,-,,-,,-,,-,,-,,-,,-,,-,,-,,-,,,
222,I,T,0.0005126099617569389,R,0.00016336229975955953,R,0.00016336229975955953,F,0.0009516152151749013,F,0.0006529217335333206,I,0.0006122826972236367,T,0.003066159973551094,Y,0.0007782575235152521,Y,0.0028806212262654915,F,0.0004636001338648098,F,0.0004601591673626004,F,0.0004601591673626004,T,0.0004988452729031789,T,0.00048807550971115905,P,0.00030536899473713775,0.0008304934117654162,0.10909687859883262
223,E,R,0.00047791320503928286,E,0.0010324469247365233,E,0.0015392275880086231,P,0.0007520786866709976,P,0.0012544907654463994,H,0.00023362267313673728,E,0.0019552564083761236,E,7.818375896099824e-05,E,3.2316175372144765e-05,E,0.0013312631497861456,E,0.0012799985541948479,E,0.0012799985541948479,K,5.3441446790240065e-05,K,0.001168567197299494,-,,0.0008906289348581002,0.116996517258667
224,-,-,,-,,-,,-,,-,,-,,-,,-,,-,,-,,-,,-,,-,,-,,-,,,
225,-,-,,-,,-,,-,,-,,-,,-,,-,,-,,-,,-,,-,,-,,-,,-,,,
226,-,-,,-,,-,,-,,-,,-,,-,,-,,-,,-,,-,,-,,-,,-,,-,,,
227,G,I,0.0004802472183221664,G,0.0002638386318937512,G,0.0002339525912376529,G,0.0005076302894371134,G,0.0004961780000114889,G,0.0006061578696221991,G,4.6717995299665514e-05,G,6.446865220304039e-05,G,0.0002431674855335176,G,0.0003333756090819662,G,0.0004806421042399429,G,0.0004806421042399429,S,0.0005155816587279369,L,0.00038457748290742064,G,0.0002818306544972915,0.00036126722315033975,0.0474574822959616
228,-,-,,-,,-,,-,,-,,-,,-,,-,,-,,-,,-,,-,,-,,-,,-,,,
229,E,D,0.0,E,0.0,E,0.0,E,0.0,E,0.0,E,0.0,E,0.0,E,0.0,E,0.0,E,0.0,E,0.0,E,0.0,D,0.0,D,0.0,E,0.0,0.0,0.0
230,N,T,0.0009726827932424196,D,0.0025567785161409303,D,0.0006697393591212493,K,0.0010103074677412852,K,0.0004899431797896612,E,9.929904652183705e-05,S,0.0008983464100340274,Q,0.0011753505618822516,Q,0.0012868480366766996,R,0.001088259010136048,R,0.0011157476387234349,R,0.0011157476387234349,T,0.002125035492876381,K,0.00039317248736777446,E,0.005465023326736725,0.0013641520643809441,0.1792003766071443
231,I,K,1.6884235617568604e-05,T,0.00017194314937096992,T,0.00017194314937096992,V,0.00030333532516851186,V,0.00014018516215689428,V,0.00028092938300926294,-,,I,0.00022052744062569683,I,0.00022038326182588868,I,0.00021300785281989134,I,0.00021300785281989134,I,0.00021300785281989134,K,2.174816165209145e-05,N,0.00021300785281989134,V,0.0006526703184070984,0.0002180414998917513,0.02864278837881606
232,-,L,0.0,L,0.0,L,0.0,-,,-,,L,0.0,-,,-,,L,0.0,-,,-,,-,,L,0.0,L,0.0,-,,0.0,0.0
233,L,K,0.0,-,,-,,M,5.082197683525802e-21,M,5.082197683525802e-21,-,,-,,L,2.710505431213761e-20,-,,L,1.6940658945086007e-21,L,1.6940658945086007e-21,L,1.6940658945086007e-21,H,0.0,Q,1.0842021724855044e-19,M,5.082197683525802e-21,1.5585406229479125e-20,2.0473602165205993e-18
234,E,-,,E,4.338981922005077e-05,E,5.01855698379775e-05,E,0.0005776378251123882,E,0.00010819283061041504,E,5.531533799779529e-05,E,0.0008815675554780377,D,0.0008394802404109747,D,0.0006598485707099429,D,0.00039663498868755466,D,0.0003906086441344213,D,0.0003906086441344213,K,0.001223193427354937,I,8.656192058316704e-05,E,5.001498539933203e-05,0.00041094573997652956,0.05398344751419957
235,E,E,0.0013905585722580366,L,0.001135841599244852,L,0.001005701896968025,E,0.0007675182345269821,D,0.0006793692435374016,D,0.002927921872036041,L,0.002340107414647299,E,0.000574304366475393,K,0.0004368170390964625,E,0.0004288327433131389,E,0.0004379431986947951,E,0.0005517610073691009,V,0.0005030918017137851,F,0.0005659417514128126,E,0.0001588657860945562,0.0009269717684925788,0.12177065472055239
236,A,S,0.004941260394686617,A,0.00032887010586965103,A,0.00033230176820113233,A,0.0002958132477568039,A,0.00013715284949319733,A,0.0004185825706430348,E,0.004994943121546287,A,0.0006357817229863649,A,0.00035447424346009423,A,0.0003414712305233205,A,8.125038418310029e-05,A,8.125038418310029e-05,I,0.0051094418889672255,I,0.0052543400530410565,A,0.00028914568579059384,0.0015730719767554388,0.20664491739976534
237,R,I,0.0028277521625216526,R,0.0007301987663225708,R,3.917584009329849e-05,E,0.002735154976644604,E,0.0043244760990869225,K,0.003284165375422028,Q,0.0027202411921985322,N,0.0020145381412855815,N,0.0019581796397638703,E,0.0033739992802912008,E,0.002504738824471566,E,0.002504738824471566,R,0.0014299618502532545,R,0.0014299618502532545,E,0.0014186560843183523,0.002219729260493217,0.2915923597027978
238,D,Y,0.0014299618502532545,Q,0.0006173891664140248,Q,0.0006212992360116702,I,0.0006955588361905647,R,0.001149692096255897,E,0.0007325825546460747,A,0.005519165202252116,A,0.004977762647759679,A,0.004730467210308529,N,0.0009865726520302273,N,0.0019035189828250992,N,0.0018975510350832314,P,0.0015600992441149979,P,0.0020692102582075883,R,0.003090258083429208,0.0021320726037188107,0.2800774367581734
239,F,Y,0.009004366305512917,Y,0.009004366305512917,Y,0.00900221080432826,F,0.0007030877778675523,F,0.0009764057449800858,F,0.0003552366263335417,W,0.009004366305512917,F,0.0010765254996628216,F,0.0006882969712123597,F,0.0006735845699641284,F,0.0006742426764334192,F,0.0006742426764334192,F,0.0011175715901076161,F,0.0009085521248233014,F,0.0009600125512344033,0.002988204568661311,0.39254229646773414
240,S,T,0.0007854164529683464,A,0.001571585951515029,A,0.0002115327779578542,S,0.0007003581329537142,S,0.00030764398623349425,S,9.487596002285263e-05,T,0.0008241949104149226,T,0.00017488030791430522,T,0.0008208241692312685,S,0.000275757215407968,S,3.6484080547835896e-05,S,3.6484080547835896e-05,A,0.00026114129750552656,A,0.0001728445765444755,S,0.0005549412150769318,0.00045526434098949064,0.059805313125515014
241,T,T,3.309395502182272e-05,T,0.0006171771285548215,T,0.0004139656877634258,T,0.001435764873361258,A,0.00796609058876482,V,0.0006662667154303101,E,0.0009768867502922632,S,0.0006094283389327554,S,0.0005597142189123198,R,0.00403169907210452,R,0.00398517255509489,R,0.00398517255509489,T,0.00010499672765955613,T,0.0002584452826517591,E,0.0010695662499802193,0.0017808960466413088,0.23394550401616868
242,K,K,0.001547328844047715,K,0.0007015920868306914,K,0.0010132647237952415,I,0.004752526183644975,I,0.004324419254238694,K,3.624920712507468e-05,K,0.0011933392824926767,I,4.179414016708756e-05,F,0.0019272811938903297,Q,0.00013992800615528076,Q,0.0002231648761477508,Q,0.00013652852318222881,E,0.003009139014049819,Q,5.968402481293187e-05,K,0.00040421937301570756,0.0013006972489064135,0.1708647026544512
243,H,R,0.005413915261263623,F,0.005170608156176197,F,0.005470771140383245,Y,0.00037083914181238603,Y,0.001411673485871269,H,0.004386641705887207,H,0.0058156945155573795,H,0.0028784570949623757,H,0.0052715688596090115,I,0.0073623068619969485,I,0.0072822072079414815,I,0.007294695412084501,Q,0.0035686107774257673,Q,0.005437523316902594,Y,0.000643035133464471,0.0045185698714225635,0.5935770973246127
244,L,L,0.0,L,0.0,L,0.0,L,0.0,L,0.0,L,0.0,L,0.0,L,0.0,L,0.0,L,0.0,L,0.0,L,0.0,I,0.0,L,0.0,L,0.0,0.0,0.0
245,E,R,0.0009917788853439668,Q,0.001831820902825174,Q,0.0012751698263575664,K,0.0003860926985604729,K,0.00019136924260940174,N,0.0006299979581330488,R,0.00014587696577657492,K,9.426273525426363e-05,K,0.0001325720893336154,H,7.847899982459436e-05,H,8.764116306177717e-05,H,8.764116306177717e-05,R,0.00014017532390109413,R,0.0009552655143185429,K,0.00011208866760358089,0.00047601547573103,0.06253126374187608
246,E,K,0.00036482598326503796,K,0.0002330783948286104,K,0.00010773885237855141,E,0.0005569427958345154,E,0.00039911201937832893,Y,0.0006246909723862647,E,0.00024316661305035935,D,0.00040299048284387576,S,0.00020889419139628816,G,0.00025016701072070203,G,0.0004774170264520707,G,0.00047848313738178225,N,0.0007190121547861297,D,0.001301852871397982,E,0.001510418920414324,0.0005252527617676548,0.06899926714945873
247,Y,F,0.0017123815498804593,K,0.0004042961725338547,K,2.4344466085113575e-05,A,0.0016318332299558932,A,0.002383353152800179,L,0.00047610092781939865,-,,L,0.0006414964865020834,-,,N,0.0003676534126551643,N,0.000371476691441957,N,0.000371476691441957,F,0.0012289483642414591,F,0.00029793239620675257,T,0.0011400123413888533,0.0008501004525348557,0.11167253653446728
248,-,-,,-,,-,,-,,-,,-,,-,,-,,-,,-,,-,,-,,-,,-,,-,,,
249,-,-,,-,,-,,-,,-,,-,,-,,-,,-,,-,,-,,-,,-,,-,,-,,,
250,-,-,,-,,-,,-,,-,,-,,-,,-,,-,,-,,-,,-,,-,,-,,-,,,
251,V,-,,V,0.0011708569383369904,V,5.1719868155019205e-05,L,0.0011092984846104983,L,0.0007226629628634673,-,,-,,-,,-,,-,,-,,-,,-,,-,,L,0.001056360910452136,0.0008221798328836225,0.108004774202651
252,K,-,,D,0.001475824269703581,D,0.0024281812467389467,-,,K,0.0009086114140770258,-,,-,,-,,-,,-,,-,,-,,-,,-,,Q,0.0005768667430154788,0.0013473709183837582,0.17699593931520657
253,-,-,,-,,-,,-,,-,,-,,-,,-,,-,,-,,-,,-,,-,,-,,-,,,
254,-,V,0.004985103324981986,-,,-,,-,,T,0.005049886682032854,-,,Y,0.003627189827918798,-,,-,,-,,-,,-,,V,0.004939381153008839,V,0.001821825734769854,K,0.0001031896439186151,0.003421096061105158,0.44940862427787426
255,-,E,0.0023282899240405393,-,,-,,-,,-,,-,,L,0.00037170422810951374,-,,I,0.0007511114848190559,-,,-,,-,,D,0.002119205037165511,D,0.0032738317882971026,I,0.0015519904525798005,0.0017326888191685874,0.22761281314990645
256,-,V,0.003044567056646314,-,,-,,-,,-,,-,,K,4.931602269349068e-05,-,,H,7.02885122471475e-05,-,,-,,-,,-,,T,0.0010790609969308829,-,,0.0010608081471294587,0.13935192742591535
257,-,-,,-,,-,,-,,-,,-,,-,,-,,-,,-,,-,,-,,-,,-,,-,,,
258,-,-,,-,,-,,-,,-,,-,,-,,-,,-,,-,,-,,-,,-,,-,,-,,,
259,-,-,,-,,-,,-,,-,,-,,-,,-,,-,,-,,-,,-,,-,,-,,-,,,
260,-,-,,-,,-,,-,,-,,-,,-,,-,,-,,-,,-,,-,,-,,-,,-,,,
261,-,-,,-,,-,,-,,-,,-,,-,,-,,-,,-,,-,,-,,-,,-,,-,,,
262,-,-,,-,,-,,-,,-,,-,,-,,-,,-,,-,,-,,-,,-,,-,,-,,,
263,-,-,,-,,-,,-,,-,,-,,-,,-,,-,,-,,-,,-,,-,,-,,-,,,
264,-,N,0.002112180838807834,-,,-,,L,0.0032718441611858918,V,0.0059856142858359385,-,,-,,-,,-,,-,,-,,-,,-,,H,0.002156942552110744,-,,0.0033816454594851023,0.44422623819916346
265,-,K,0.0013561220664695692,H,0.002424021192778444,H,0.0026264307658751492,K,0.0024954551084119527,P,0.002751454865924007,-,,-,,-,,-,,-,,-,,-,,D,0.0003779209906013099,S,0.0014677567356774983,-,,0.0019284516751054187,0.2533289912986307
266,-,-,,-,,-,,-,,-,,-,,-,,-,,-,,-,,-,,-,,-,,-,,-,,,
267,Q,-,,E,0.0018828651094485555,E,0.0031483536351428996,-,,-,,M,0.00017993025062927799,N,0.00258657993958372,-,,E,0.0002601263878404704,L,0.0017089605877956117,L,0.0017089605877956117,L,0.0017089605877956117,E,0.00022511076858405566,N,0.00032371882690701895,-,,0.0013733566681522833,0.18040952953474848
268,N,N,0.0020781718602046633,L,0.0023555791105303423,L,0.0013438351846351082,-,,-,,G,4.883948615388937e-05,K,6.297561986830698e-05,S,0.0012522202115562875,E,0.00017306735462051384,A,0.0025469287366857414,A,0.0025521574071829365,A,0.0025375342723532065,S,0.0007923445172574483,E,0.000560058029059103,-,,0.001358642649175629,0.17847663817251044
269,K,E,0.008472896600048014,I,0.0005674815896021284,I,0.000692698530608969,-,,-,,N,0.0014299618502532545,N,0.000964325311532377,E,0.008505201640472384,D,0.006516933119800603,S,0.0014299618502532545,G,0.005767108725823931,G,0.005767108725823931,E,0.007868523407357459,D,0.009004366305512917,-,,0.004748880638090768,0.6238316248082123
270,E,T,0.0014299618502532545,-,,D,0.00016036921321485316,I,0.00020935098269162075,I,0.0005631374711356263,L,7.837139684805142e-05,I,1.4336999323444883e-05,G,0.0012293071699847832,I,0.00018984600090179255,M,0.0003642545882000766,M,5.2481895715609026e-05,M,6.871291866776109e-05,T,0.0014299618502532545,F,0.0003527390382712544,-,,0.0004725254904201064,0.06207280555499152
271,-,-,,-,,-,,-,,-,,-,,-,,-,,-,,-,,-,,-,,-,,-,,-,,,
272,K,K,0.0002400520534355502,D,0.007423983969378556,D,0.005913688473121263,P,0.00048400899255094206,C,0.004365091736148752,Q,0.00039135053142702933,D,0.003280596517636258,R,0.0014242869476358464,N,0.00017509056102263718,E,0.006514956705203191,E,0.005056401761009748,E,0.005129287808520066,Y,0.0036106182947360905,G,0.002365857818720679,P,0.0013135433057653173,0.0031792543650874614,0.417639348595732
273,-,S,0.0031967804813908774,D,0.0006677574852192947,D,0.0001902048471377216,V,0.00038108991020996196,S,0.0021035663430291024,N,0.0011970247891992074,Q,0.0016237695109084936,S,0.0035454359856586814,N,0.0031545135239216355,-,,-,,-,,N,0.0006565236317814456,S,0.00433399966085189,D,0.0014450684525887138,0.0018746445518247523,0.2462606761101637
274,-,Y,0.00025393897793626294,N,2.9345498132489814e-05,S,0.00687254077280148,C,0.006147493015915055,G,0.0019381472189554524,N,0.0005134906670647212,N,0.00040809419943694836,S,6.631122703423565e-05,I,0.00024890634093021,D,0.003248478455279207,D,0.002474683562027765,D,0.003187255004391548,I,0.001003959981150976,C,0.006193465960955262,C,0.004812964292136493,0.0024932716782765404,0.32752596678717016
275,-,-,,-,,-,,-,,-,,-,,-,,-,,-,,-,,-,,-,,-,,-,,-,,,
276,-,-,,-,,-,,-,,-,,-,,-,,-,,-,,-,,-,,-,,-,,-,,-,,,
277,N,T,0.001076123929683897,N,0.0006915272060684762,N,0.0006605708805161858,S,0.0016411455075231794,S,0.000834991702063534,-,,-,,I,0.00010239794363382256,-,,N,0.0003027279345900231,N,9.912375685408756e-05,N,7.00897806078724e-05,M,0.0002558700505354654,D,0.0007232094588964019,S,0.0004734272551997447,0.0005776004505143908,0.07587586528163666
278,L,L,0.00039703499550560655,L,6.49521610428617e-05,L,6.49521610428617e-05,L,3.65991682848553e-05,L,2.838848173252266e-05,L,6.104803252930392e-05,V,0.0007153983961457527,L,0.0008499390821741842,L,0.0008614330296549124,L,0.00042623635144881263,L,0.0004390355814521597,L,0.00042623635144881263,L,6.847244094454347e-05,M,0.00020368580148630598,L,3.013980553802492e-05,0.00031157012269543465,0.040929075859217665
279,A,R,0.001557414985297483,L,0.00033720919900753467,L,0.001145062028747467,S,0.0016328115720044354,S,0.00026009451144469735,R,0.0006855552641232751,A,0.0018858187195852163,I,0.0007947937445890914,L,0.0029646652332980666,R,0.0021224796391974164,R,0.002367997270461441,R,0.002367997270461441,R,0.002074961224548286,V,0.0033069130760332607,S,0.0001474888260191304,0.0015767508376545495,0.20712818702623847
280,T,R,0.0005147685661059572,S,0.002079619673748218,S,0.0019547059829746567,R,0.0005204350072303314,G,0.004763638210686694,E,0.003644477888905013,K,0.0030588408421830813,D,0.006407183421795097,E,0.002669983975017546,R,0.0015531318084431368,R,0.0023344389978162024,R,0.00133558927783544,E,0.005849254831391592,E,0.0037387085440244937,R,0.00033612427293174896,0.0027173934200726137,0.3569674796392813
281,L,M,8.427149618098898e-05,W,0.0019496639608482275,W,0.0013294845426776534,E,0.00013752657489068365,E,9.495421781969339e-05,Q,0.0008608057911228217,L,0.0010153874438131414,Q,0.00041873681982769684,Q,0.0009232410037403658,S,0.0016924055952003505,S,0.001643545337749571,S,0.0007602066583223766,M,0.0024535664051827276,I,0.0010219557174956108,E,0.00024650712831647537,0.0009754839128792257,0.12814340067102117
282,V,V,1.4706906586412506e-05,I,0.00021785428772221066,I,0.0009058578613651846,I,1.0166521051024146e-05,I,3.154032215360596e-05,V,6.438729877195229e-05,V,0.0005312561753389885,V,6.803971654290763e-05,V,4.790013655545539e-07,V,8.212102442709359e-06,V,1.8206735009298083e-05,V,1.8206735009298083e-05,A,0.0002467186503322127,V,2.3836450954015243e-05,I,9.203434457899383e-06,0.00014457814660688491,0.018992353563511283
283,N,I,0.0013779047259184522,L,0.001889911224980674,R,0.0012828689329177204,A,0.0015003050606568083,E,0.0004573084534256245,Q,9.522471684303068e-05,H,0.0016208438098520262,N,0.0005339938477210882,N,0.0005528930670965722,G,0.001109575992567514,G,0.0010135245002393248,G,0.0010135245002393248,I,0.0021580774795539642,V,0.0014299618502532545,G,0.0004785178942769423,0.001100962403769488,0.14462674839357528
284,H,H,0.00010640526514213867,H,3.279036692177472e-05,H,3.6117102843770805e-07,Y,0.00038549605797353963,Y,0.00018295966308987176,H,0.00014587563852127845,R,0.0004153303750379273,H,3.7737679955049555e-06,H,3.453858679760939e-05,N,0.0009639227895034796,N,0.00038562494515053357,N,0.00038562494515053357,H,1.4818429402883835e-05,Q,7.624661425030683e-05,D,0.0007977988820027139,0.00026210449986456894,0.03443107723292763
285,S,A,0.0015362887100056693,S,0.00017160855495437538,S,0.00017160855495437538,V,0.0003943537621000328,V,0.0003943537621000328,A,0.0016155771620550347,A,0.0015916792449143298,S,0.0010887728438896136,A,0.0013547238892156236,K,0.001494465285661582,K,0.001439808728092284,K,0.001356145255346836,A,0.0006373285096093019,A,0.0016425143715438394,V,0.0005487585675053451,0.0010291991467965516,0.13519964491157355
286,L,L,0.00022097030372194532,L,0.0001895948558876184,L,4.006300733130959e-05,L,0.00021861915697209404,L,0.00022470473000008495,L,2.7057419342551587e-05,L,3.230407353001299e-05,L,0.00022070096961898569,L,0.00021785441762948356,L,1.851969038309026e-05,L,1.851969038309026e-05,L,1.851969038309026e-05,L,3.4472849764671496e-05,L,0.00018808868130420242,L,0.00022955506804230936,0.00012663630695296935,0.01663544299103363
287,E,E,0.0005134095976192373,E,4.670946221610681e-05,E,3.427705137973927e-05,E,6.031442961864166e-05,E,5.3995934528787025e-05,E,5.774948950325528e-05,E,3.157832277242245e-05,E,3.7097413989945285e-05,E,4.952982482631282e-05,R,5.007996697345235e-05,R,5.007996697345235e-05,R,5.007996697345235e-05,E,5.243081865467128e-05,D,0.00022628802369895106,E,0.000689460416370291,0.00013353871240658123,0.01754217009945447
288,F,M,0.002864514288003978,I,0.0012101303950106464,I,0.0005047548947669762,Y,0.0025768280520059982,Y,0.0017595043050306763,M,0.001214728975483962,L,0.0006263890547043705,L,0.0004587210355950518,L,0.0003432551368110086,Y,0.0030011559005132396,Y,0.0029767701215111415,Y,0.0029767701215111415,I,0.0005599372787579315,M,0.000844691348586143,H,6.697845008429818e-05,0.0014656752905584376,0.19253686660735198
289,P,P,0.00013610351781762466,P,0.00012301080036739525,P,0.00012301080036739525,G,0.00011329506383393128,G,0.0008864997771604224,P,0.0003116605408929772,P,0.0002726594468148707,P,0.001090969573781368,P,0.00016278891880722814,P,0.0011041781859181558,P,0.00034589956039377245,P,0.00034589956039377245,P,6.859289672095199e-05,P,0.00016121021718614291,G,0.0004925478130542388,0.0003825551115673498,0.050253942984697375
290,L,Y,0.0028769673799298777,L,0.0002585483121506556,L,8.893074515997527e-05,W,0.00020796065985572066,W,0.0005145872920124467,L,0.00022490747274203597,L,0.0005085699127312317,L,5.021003629225301e-06,L,0.0002656888772944372,F,0.0001884417320198575,F,0.00020988394820918251,F,0.00020727425558527535,Y,0.002146903702356361,Y,0.0051924414679290955,W,0.0001077614975896128,0.0008669258839463327,0.11388279133247811
291,H,H,0.0,H,0.0,H,0.0,H,0.0,L,0.0,H,0.0,H,0.0,Y,0.0,H,0.0,H,0.0,H,0.0,H,0.0,H,0.0,Y,0.0,H,0.0,0.0,0.0
292,W,R,3.4948825882625693e-05,W,0.00013150905131771245,W,0.00014352555121629524,M,0.0024636825615181016,T,0.00010765050664302742,W,9.153388049510626e-05,W,0.00013737792978513115,R,7.44159560952906e-05,R,0.0001699275702799063,K,0.00025679483404410697,T,8.07376062412669e-05,T,8.07376062412669e-05,W,5.337031364541297e-05,W,6.538681354399577e-05,T,0.00011633739495541277,0.0002671957601269773,0.03509988519081655
293,R,R,0.0011341096259887312,R,0.0010316109674388468,R,0.00048163355610168806,N,0.0001036412831470209,N,0.00032683226501244747,R,0.0013307597814683789,R,0.0009739067886754535,R,0.0011564237174932599,R,0.0010697165442121643,S,0.0013494791374909006,S,0.0013422897619770919,S,0.0013422897619770919,R,0.0012880764275505243,Q,0.0012812797496360754,N,0.0001877192096121594,0.0009599845718521222,0.1261073463177406
294,M,V,0.0012726886154377167,I,0.0010794811408720575,I,0.0015161496196778486,L,0.0004038498179166095,F,0.0022210809049782398,M,0.000470591418649929,M,7.106592705606265e-05,V,0.0027830987848324125,I,7.691212533474211e-05,I,0.0015876570020639325,I,0.0018559449650330372,I,0.0017300151722957648,M,8.689813410510897e-07,M,0.00048715993185292856,L,0.0006017491253604528,0.0010772209021801856,0.14150797143526544
295,P,G,0.0005199257374823243,Q,3.8530386143569626e-05,Q,5.348441291417803e-05,P,2.8922022963973837e-05,P,1.9793881745908674e-05,P,0.0005199257374823243,L,0.0005414088154650594,Q,0.0005199257374823243,H,0.0005199257374823243,A,0.00028727056771057994,A,0.00028727056771057994,A,0.00028727056771057994,R,5.348441291417803e-05,R,5.348441291417803e-05,P,2.8922022963973837e-05,0.00025063633473907044,0.032924573989526494
296,R,R,4.851105652826533e-05,R,4.425796437305219e-05,R,0.0003461410797287121,R,0.00012560511693332903,R,0.00012560511693332903,R,0.0003914513381941209,R,0.0003954271321204824,S,0.0019645377381400818,R,0.0002819553889562462,R,0.0003846323567554616,R,0.0003846323567554616,R,0.0003846323567554616,R,7.562263559304047e-05,R,0.0003846323567554616,R,1.8706038557349845e-05,0.0003570900022053236,0.046908746135189194
297,L,L,0.0005333831892172809,L,0.00120529793505352,L,0.00030379599713603356,L,0.0001221274712978863,L,0.0008099859892124984,L,0.0006487653866624022,L,0.0004483100978517857,L,0.000945252907522224,L,0.00033013573646238056,F,0.0025435380682654963,F,0.0023484418751178507,F,0.0023837435939846234,L,0.0006323707087366185,L,0.0009474647634402752,L,0.0008575211776642738,0.00100400899317501,0.13189056732877444
298,E,E,2.4552198703387343e-05,E,0.0003133472396969349,E,0.00030455952446453634,E,5.27362989633138e-05,E,0.00020480319744839337,E,0.0003125774286359094,E,2.7206512920327566e-05,E,2.3221862650417892e-05,E,0.00013932278599418667,T,7.26900317670959e-05,T,8.130394746764116e-05,T,8.130394746764116e-05,E,0.00012889419165742363,S,5.037406041883288e-05,E,2.8539813049918684e-05,0.00012302886942039743,0.016161555818699217
299,A,A,0.0,A,0.0,A,0.0,A,0.0,A,0.0,A,0.0,A,0.0,A,0.0,A,0.0,G,0.0,G,0.0,G,0.0,T,0.0,T,0.0,A,0.0,0.0,0.0
300,-,R,0.0011009706581330309,R,0.0011009706581330309,R,0.00020837184248688334,-,,-,,K,2.147090527999206e-05,R,9.190699434496942e-05,R,5.3161341634958585e-05,R,3.547980714511144e-05,I,2.363212713036072e-05,-,,R,3.873915927421458e-05,R,5.3161341634958585e-05,R,0.00024864272147414327,-,,0.00027059159606105944,0.03554597554553059
301,R,W,3.0887275704585285e-05,W,4.682789748146932e-05,W,6.497762082139733e-05,R,0.0005074666748403049,R,1.1420180059666635e-05,H,0.00022544190779755493,W,3.072118580857372e-05,-,,W,2.438944132918138e-05,-,,-,,-,,W,4.600857957552014e-05,W,2.8469584778431897e-05,R,2.1212835164375448e-05,9.434756212373283e-05,0.012393866568102407
302,W,-,,-,,-,,N,0.002133178069328707,N,0.001341497085742115,Y,0.004162892411773658,F,0.0006828415293636725,W,0.000509306848455783,Y,0.0019790853630519693,N,0.0008850137621585713,R,0.0006761751233132194,N,0.0008662213157713686,-,,-,,N,0.0011746289195949488,0.0014410840428554013,0.1893064636598452
303,F,Y,6.108593803017228e-05,F,2.1821596756121765e-05,F,8.792979329506538e-05,Y,2.310282045030873e-05,Y,8.834069461690103e-06,-,,-,,F,9.444318815106182e-05,-,,Y,0.000705120625240319,N,0.0007051206252403188,Y,0.000705120625240319,Y,6.401998880453342e-05,Y,0.0008453536810420556,Y,5.240971522620921e-05,0.0002811968889115146,0.03693912849559636
304,I,I,0.00037904299947590173,L,8.275422897845408e-05,L,4.7541943413952364e-06,I,9.972460809535785e-05,I,0.0015687411430800374,I,0.0001989946248709932,I,0.00027518771618863263,I,0.0002711177273047236,T,0.0028761519053592814,D,0.0005289140489788416,Y,0.0002997520575449838,D,0.0005289140489788416,I,0.0003379367620352316,I,0.0003406714777887843,I,0.0004148415700175817,0.0005471666075359361,0.07187795605601326
305,N,E,2.289124495426163e-06,D,0.00042819639050603787,D,0.00042017171873443037,D,7.496003175820669e-06,D,6.343231269757859e-06,D,0.00038040796029072864,S,0.0007316901813115043,D,0.00042289714317793504,E,0.00042289714317793504,D,2.430641077709169e-05,D,2.430641077709169e-05,D,2.430641077709169e-05,D,0.00037165346722645826,D,0.00012433765127700105,D,3.895607869703582e-06,0.00022634632365626758,0.029733742668382482
306,I,V,4.7249098389241085e-05,A,3.505775679144735e-05,A,3.506165491810374e-05,V,5.259616403403876e-06,I,0.00029516692745251943,V,0.0008483630017588913,F,0.0007442970265561828,S,7.91098287260375e-05,S,0.0009471257802843543,D,1.5189903964737245e-05,D,3.251914411281262e-05,D,1.5189903964737245e-05,A,4.6564558147283684e-05,V,1.0208524108786994e-05,V,0.0007303062779385717,0.0002591112669011408,0.034037874386760585
307,Y,Y,9.045731610203763e-05,Y,0.00012479114480117473,Y,0.00012479114480117473,F,0.00020476747375903877,F,0.00022505343571203632,N,0.001682186642057118,Y,0.0001354141455529559,Y,0.0004785472409902852,Y,0.00017698658681728204,L,0.0001277259466329663,D,0.00022344717997132473,L,0.0001277259466329663,Y,9.307191006246029e-05,Y,8.5830809379371e-05,F,0.0013450182480137579,0.00034972101141906333,0.04594072654368444
308,R,-,,-,,-,,G,0.0007485581390615046,G,0.00023452267252526012,-,,-,,-,,-,,-,,-,,-,,-,,-,,G,0.0003896585132689785,0.0004575797749519144,0.060109477631004805
309,-,-,,-,,-,,-,,-,,-,,-,,-,,-,,-,,-,,-,,-,,-,,-,,,
310,-,-,,-,,-,,-,,-,,-,,-,,-,,-,,-,,-,,-,,-,,-,,-,,,
311,-,-,,-,,-,,-,,-,,-,,-,,-,,-,,-,,-,,-,,-,,-,,-,,,
312,-,-,,-,,-,,-,,-,,-,,-,,-,,-,,-,,-,,-,,-,,-,,-,,,
313,-,-,,-,,-,,-,,-,,-,,-,,-,,-,,-,,-,,-,,-,,-,,-,,,
314,-,-,,-,,-,,-,,-,,-,,-,,-,,-,,-,,-,,-,,-,,-,,-,,,
315,-,-,,-,,-,,Q,0.0001272215329987795,-,,-,,-,,-,,-,,-,,-,,-,,-,,-,,-,,0.0001272215329987795,0.016712320584483655
316,-,-,,-,,-,,D,0.004714858464944383,-,,-,,-,,-,,-,,-,,-,,-,,-,,-,,Q,0.0026039115717207875,0.0036593850183325853,0.4807111982294496
317,-,-,,-,,-,,-,,-,,-,,-,,-,,-,,-,,-,,-,,-,,-,,-,,,
318,-,-,,-,,-,,-,,-,,-,,-,,-,,-,,-,,-,,-,,-,,-,,-,,,
319,-,-,,-,,-,,-,,-,,-,,-,,-,,-,,-,,-,,-,,-,,-,,-,,,
320,-,-,,-,,-,,P,0.0015921287944161392,-,,-,,-,,-,,-,,-,,-,,-,,-,,-,,D,0.0009205375274655589,0.001256333160940849,0.16503686169826765
321,-,-,,-,,-,,I,0.003276092525383313,K,0.0033026573723372336,-,,-,,-,,-,,-,,-,,-,,-,,-,,T,0.006488692503554511,0.004355814133758352,0.5721968639577146
322,-,-,,-,,-,,Y,0.0007399633873336202,D,0.005108277538018181,-,,-,,-,,-,,-,,-,,-,,-,,-,,K,3.6520843952257874e-05,0.0019615872564346863,0.25768181149246744
323,-,G,0.0007449606528846134,A,0.0005813232184707553,A,0.0005291879531164628,L,0.004104649453272066,T,0.0031118770471961618,G,0.0006964609531430558,K,0.00018873496180951867,E,0.0006197678471737015,S,0.0009572347279104078,-,,L,0.0016630885290841715,-,,E,0.002197273467114958,G,6.292724636734073e-05,N,0.0022454162835451926,0.001361761718545262,0.17888637138356248
324,-,-,,-,,-,,-,,-,,-,,-,,-,,-,,-,,G,0.0,-,,-,,-,,-,,0.0,0.0
325,-,-,,-,,-,,-,,-,,-,,-,,-,,-,,-,,-,,G,0.0,-,,-,,-,,0.0,0.0
326,-,-,,-,,-,,-,,-,,-,,-,,-,,-,,-,,-,,-,,-,,-,,-,,,
327,-,E,0.0007226627990063739,S,0.0060586292743388314,T,0.0040135062847264326,T,0.004910537589672516,S,0.006077797811745718,R,0.0032469015492946275,K,0.003013294426950232,N,0.0020205165463326176,R,0.0030679921308848753,G,0.0009341319282933607,-,,-,,K,0.0027946229609665664,K,0.0032101473252237563,M,0.005263096354120516,0.003487218229350494,0.4580946921738477
328,H,R,0.0005316225700673737,-,,-,,L,0.0022838264946497574,-,,-,,-,,-,,-,,G,0.00026377584104981644,G,0.0001741866042399225,G,0.0001741866042399225,K,0.0006053103644055851,R,0.0014299618502532545,E,0.00037747209380025907,0.0007300428028382365,0.09590129181625762
329,N,H,0.0001079336677288729,R,0.0004288204055254316,R,0.0009410759917355058,-,,P,0.0008693974871132483,S,0.0003680673690310026,R,0.0012257052617993217,R,0.0008935515411968,R,0.00027258792794720814,M,0.00026559080159554776,M,0.00026240946736408435,M,0.000261886573448402,-,,Q,0.00031228953293715615,S,0.0006375325739689299,0.0005266806616455008,0.06918684168938616
330,Q,-,,R,0.006281014275771141,H,0.0014299618502532545,N,0.0003273111714642825,C,0.0009043343029865241,D,0.001489558986130402,Q,0.0004201403264206935,K,0.0002435068237700115,K,0.0007260225474573,Y,0.0015164974490712655,Y,0.0015212952035443263,Y,0.0015204516643952408,H,0.00013370613226520192,N,0.0005722941847945783,N,0.0008491999708917145,0.0012810924920868528,0.16828934474744905
331,D,D,4.3906145829774345e-05,D,0.0001841529595172528,D,0.0005183140220289498,M,0.0015989712642620819,L,0.0011393577721799735,E,7.10381434875075e-05,D,2.0117037337472724e-05,D,0.0005574104536926421,D,0.0004558367283678139,E,2.4769699504886397e-05,E,1.0604202148330881e-05,E,2.4769699504886397e-05,D,0.0002877598148211312,Y,0.0001436253191887156,R,0.0006163620550671327,0.00037979968779590346,0.049891979688633646
332,V,M,0.0005096286286686761,M,0.0007880670859508761,V,0.0033706261081454907,R,0.004886743726433232,Q,0.0036958512300298263,R,0.005315015883049761,M,0.0004440877546061518,A,0.0006821158355662933,A,0.0014285443237513767,W,0.005617793562599378,W,0.00593130347921818,W,0.00593130347921818,M,0.00022728449363471978,K,0.0001877729471617336,K,0.0010967872424916048,0.002674195052035032,0.3512927722343839
333,N,N,0.0011157336960020958,N,0.0002696692191124946,N,0.00012733698268819425,T,0.0019499485004999691,T,0.0029045086136641877,N,0.0017063396046951029,I,0.0033230261909936443,N,0.0005659620195119449,N,0.0013034390385482158,G,0.00015214361129980273,G,0.0009479723294547988,G,0.0008847120365631494,N,0.0005074839234411573,N,0.0005792951444212922,T,0.0007989088325656764,0.0011424319828974483,0.15007435529276847
334,P,P,2.671590674194723e-05,Q,4.937898810993098e-05,P,4.937898810993098e-05,Q,2.671590674194723e-05,E,3.284742547953114e-05,M,0.0004522685850901318,P,7.428204336939917e-09,K,7.952392748252564e-05,W,6.552935085893209e-06,K,4.488920872525782e-05,K,4.488920872525782e-05,K,4.488920872525782e-05,L,1.185744563324757e-05,L,2.8993274622727152e-05,E,6.427920748407345e-05,6.421250966413311e-05,0.008435207639350977
335,I,I,0.0004904791833213914,I,0.0007070919769145087,I,0.0003164245658752008,K,0.0006959571589298929,K,0.00027106428686770614,V,0.0025221622506278567,L,0.0006290557745728254,V,0.006438747154277381,V,0.006545407839715817,T,0.0037587693808984507,T,0.005138611174811385,T,0.005138611174811385,F,0.002050651143350865,V,0.0035914458232083214,K,0.0002816720934012124,0.00257174339877228,0.33783432040332556
336,L,L,0.0,I,0.0,I,0.0,L,0.0,L,0.0,L,0.0,L,0.0,L,0.0,L,0.0,L,0.0,L,0.0,L,0.0,L,0.0,V,0.0,L,0.0,0.0,0.0
337,L,L,2.3059523784401618e-05,L,0.00019969871471596685,L,0.00020138640694527705,I,0.0001624318530596975,L,0.00016270159442438012,L,1.900109631184742e-05,L,0.00016728061735225489,L,0.0001572615836074641,L,0.00016012478235952096,R,0.00021212710079687288,R,0.00021212710079687288,R,0.00021212710079687288,A,2.380827379873158e-05,V,0.00018551202158872032,L,0.00015111677477865402,0.00014998430300783568,0.019702527515773078
338,E,E,0.0,E,0.0,E,0.0,E,0.0,E,0.0,E,0.0,E,0.0,E,0.0,E,0.0,E,0.0,E,0.0,E,0.0,E,0.0,E,0.0,E,0.0,0.0,0.0
339,F,L,3.0892729151969084e-05,L,1.523210081122932e-05,L,1.523210081122932e-05,L,0.0012566307104741304,L,7.636048802147877e-05,L,0.0004884511639243817,L,2.3026431375579103e-05,A,0.0037138521463508187,A,0.0006874792001227331,L,8.109275829241796e-06,L,3.1356055815142573e-06,L,3.1356055815142573e-06,F,7.215665553797226e-06,F,5.456594052344623e-05,L,0.0002066345136822832,0.0004393302451863564,0.05771214767616919
340,A,A,0.0,A,0.0,A,0.0,A,0.0,A,0.0,A,0.0,A,0.0,A,0.0,A,0.0,A,0.0,A,0.0,A,0.0,A,0.0,A,0.0,A,0.0,0.0,0.0
341,E,K,3.717074762415708e-05,K,5.7440913530423764e-05,K,5.7440913530423764e-05,K,4.912597791893394e-05,K,4.912597791893394e-05,R,0.0014632387773707031,I,3.132949147497416e-05,K,5.95912799844658e-05,K,6.122398463444708e-05,L,5.944188025782794e-05,L,5.944188025782794e-05,L,5.944188025782794e-05,K,0.00012130449115554298,K,2.6398004240219616e-05,K,3.103552382630034e-05,0.000148183448265534,0.019465960159052716
342,L,L,4.08435251825603e-05,L,5.488785888415732e-05,L,5.488785888415732e-05,L,2.1345287389932408e-05,L,2.1345287389932408e-05,L,4.08435251825603e-05,L,4.08435251825603e-05,L,2.3254511411323877e-05,L,1.416409607174641e-05,M,0.0019117586197348788,M,0.0019117586197348788,M,0.0019117586197348788,I,4.08435251825603e-05,I,2.0866507122115646e-05,L,4.08435251825603e-05,0.00041001632615138696,0.05386135606131963
343,D,D,0.00035903224419199146,D,3.366007190343903e-05,D,3.0320413265515587e-05,E,0.00010157695237300594,E,9.995498337693877e-05,D,0.00010274712014995374,D,3.0316936914533497e-05,N,0.000630560430205227,D,3.137197229181582e-05,D,0.00010278310611296617,D,0.00010278310611296617,D,0.00010278310611296617,D,7.315799806102919e-05,D,0.0003176451493996319,E,2.419582816912543e-05,0.00014285929457607372,0.01876655840526175
344,F,F,0.0,F,0.0,F,0.0,F,0.0,F,0.0,F,0.0,F,0.0,F,0.0,F,0.0,L,0.0,L,0.0,L,0.0,F,0.0,F,0.0,F,0.0,0.0,0.0
345,N,N,0.0,N,0.0,N,0.0,N,0.0,N,0.0,N,0.0,N,0.0,N,0.0,N,0.0,Q,0.0,Q,0.0,Q,0.0,N,0.0,N,0.0,N,0.0,0.0,0.0
346,I,F,0.0015167488927391587,I,5.383072231943215e-05,I,5.383072231943215e-05,I,3.9030720596183124e-05,I,0.00024456911162167906,F,0.0020648254143126226,I,6.316046931567273e-05,I,6.24308222555966e-05,M,6.24308222555966e-05,V,6.316046931567273e-05,V,6.316046931567273e-05,V,0.00011342859854161593,I,4.661667073300084e-05,I,4.970442255341961e-05,I,9.531992535378423e-05,0.0003061498835699026,0.040217051944906546
347,V,V,0.0001480543463794523,I,3.002814667011324e-05,I,5.729549198357135e-05,F,0.0008118535655466872,F,0.0001362284178941883,V,0.0013752768591576365,V,1.6200799997928915e-05,V,9.161529820785213e-05,V,0.00021660319573148893,E,0.0009151439221694889,E,0.0008074957450672389,E,0.0008074957450672389,V,0.00040566821872950877,V,0.00036001402934219737,F,0.00013094407097088916,0.00042066119019436543,0.05525970723875911
348,Q,Q,7.194308498722396e-05,Q,4.1606177390872005e-05,Q,0.0004203205386202899,H,0.0008284377835004917,H,0.000913849403784456,Q,0.0010690686545457612,Q,0.000801422852882815,Q,0.0007720839995357977,Q,0.0010365572451133803,R,0.0008142802916750863,R,0.0010284115968149886,R,0.0010284115968149886,Q,0.0003682623820291448,Q,0.0009986534758957024,Q,0.0024214293068075786,0.0008409825593599051,0.11047477425159719
349,A,A,0.0014299618502532545,A,0.00011859961685341509,A,0.00011859961685341509,S,0.00010760376343680533,S,0.00010760376343680533,S,0.00040662481612959486,A,0.00022006466117637687,S,5.1546677392664894e-05,S,1.874441396131048e-05,S,0.00040662481612959486,S,0.00040662481612959486,S,0.00040662481612959486,T,5.1546677392664894e-05,A,0.00048519323967344155,S,5.156855132356048e-05,0.0002925021397514729,0.038424230678158484
350,A,I,3.6296624050512633e-06,T,0.00012403352341556595,T,0.00012403352341556595,L,0.00022329161369554997,L,0.00042026339294653825,K,0.0001918829415161608,A,0.002462992487663229,T,8.927157136711584e-05,T,7.171422806243966e-05,V,0.0005995335447568534,V,0.0007777548705776087,V,0.0007777548705776087,A,0.00024871416770816363,I,9.897446461449932e-05,I,0.0009565276550101061,0.00047802483451547047,0.06279522100904043
351,H,H,0.00017302385967452388,Q,0.00028661122865191477,Q,0.0005459175017231893,Q,5.1837167280283665e-05,Q,5.876746613996509e-05,H,7.444871395342144e-05,H,0.001292573547123376,L,0.0009823657532017978,L,0.0016174148401798302,Y,5.855209975888019e-05,Y,5.855209975888019e-05,Y,5.855209975888019e-05,H,0.001050036562180119,H,0.00106832412489908,Q,0.00010558855156053438,0.0004988377077229784,0.06552928183293744
352,Q,Q,0.0002685054470138724,Q,0.00024138153484566283,Q,0.0002474249753768431,Q,0.00026807081935287263,Q,0.00039333618927563026,Q,0.0001043101325974003,I,0.0013480759345044927,Q,1.8613003943845934e-05,Q,0.0002005644958824978,Q,0.000251905222885635,Q,0.00030135044903581106,Q,0.00024074528013107575,Q,3.211683145192125e-06,Q,0.00012244190749763868,E,0.009004366305512917,0.0008676202254000925,0.11397400275476494
353,A,D,0.0032564637646127405,E,0.00254230765844008,E,0.00225758757954913,E,0.006849795769651938,R,0.00125588494514995,E,0.004077229902171384,Q,0.0012651021124585504,Q,0.0012104838196776802,K,0.0008845564694911273,E,0.006532986639072373,E,0.006525257509918241,E,0.006521368079241321,E,0.002367950586381625,E,0.0030056518309855822,T,0.0014299618502532545,0.0033321725678036656,0.4377272847080942
354,D,E,7.2373032912111275e-06,E,0.0003530123667732379,E,0.000497717978730651,E,7.910132515777244e-05,E,0.0003628970321848629,E,4.0456616305772496e-07,D,0.00029820903599168946,D,9.940254113343603e-05,D,4.2515661709008234e-05,E,0.0005136876270600796,E,0.0005642902717101036,E,0.0005642902717101036,D,0.00026450324301071054,E,9.01284372731325e-05,E,9.092243772671171e-06,0.0002497659937114485,0.0328102425714985
355,L,L,0.00027913400849620607,L,0.00033253813464468365,L,0.00035714009163416156,L,0.0004831328078953859,L,0.00047949752693064105,L,0.0004794835753044951,L,9.7292485277728e-05,L,0.00010464398212639207,L,0.00047990174034648445,L,0.000476559333026564,L,0.000476559333026564,L,0.000476559333026564,V,0.00038551359514775793,L,7.24599501157282e-05,L,0.00010444230970740164,0.0003389905471137838,0.04453113057936045
356,K,K,0.0021426755408790726,K,0.0017239857236111605,K,0.0017204978027922284,K,0.0015222296719403304,K,0.002358728604504823,K,0.0013627406984580454,K,0.0010566076366766393,K,0.001368127915352105,Q,0.0014299618502532545,L,0.003276325775883455,L,0.00278468694313784,L,0.003259438586415537,K,0.0020157401679489033,K,0.0017069446395450117,E,0.0026272073457712527,0.002023726593544644,0.26584467903705894
357,Q,S,0.0006797770639082516,D,0.0001122349998740295,D,6.819288521961782e-05,H,0.00015785627463585098,Q,0.0008510166806270827,E,0.0006082833518202411,Y,0.0005074012885065347,E,0.00122555906723858,E,0.000771819585931145,Q,0.0005369816694267565,Q,3.841154081553078e-05,Q,3.406253000236056e-05,Y,0.00047510951268920905,N,0.0006157734253874366,S,0.0010903806631145261,0.0005181907026131435,0.06807156730341213
358,V,L,0.0004938608275925726,L,0.00021474471702873478,L,0.0005646947300972174,V,0.009004366305512917,V,0.009004366305512917,V,0.008668599930041711,V,0.005494856166989895,M,0.002457394257437823,M,0.0004029164599659039,V,0.007600301327709496,V,0.007556489224985465,V,0.0075371629608186495,V,0.007295597584748021,V,0.008621938078836046,L,0.0014299618502532545,0.005089816715168708,0.6686183278500426
359,S,S,0.0028716277150659004,S,0.0014526893491895387,S,0.0018323548657471398,S,0.0008985873813326059,S,0.001739654741023509,S,0.002457742193382482,A,6.389903809016055e-06,S,0.0024879181851729113,S,0.002021808736403582,S,0.001879700343678946,S,0.001994134423597469,S,0.001879700343678946,S,0.0030698083126758408,S,0.002129993728125605,L,0.001763045645216646,0.0018990103912066756,0.24946146853470275
360,T,S,0.00023818205420297257,R,1.4263178552930534e-05,R,1.4263178552930534e-05,R,0.00018350326901679642,R,0.00023661826444380723,R,0.0008417092653463552,R,0.00035209913070790086,R,0.00018099936820892423,R,0.00016747593835908764,K,0.0014984237998313492,K,0.001393431234422799,K,0.0026536236555242147,C,0.0013460981037573402,S,2.681493886888821e-05,R,7.561573401154223e-05,0.0006148747409205226,0.08077236256588487
361,W,W,0.0,W,0.0,W,0.0,W,0.0,W,0.0,W,0.0,W,0.0,W,0.0,W,0.0,W,0.0,W,0.0,W,0.0,W,0.0,W,0.0,W,0.0,0.0,0.0
362,W,W,0.0,W,0.0,W,0.0,W,0.0,W,0.0,W,0.0,W,0.0,W,0.0,W,0.0,W,0.0,W,0.0,W,0.0,W,0.0,W,0.0,W,0.0,0.0,0.0
363,K,S,0.00020054448664186817,K,0.00013919121592848057,N,0.00019505667919182223,K,0.00025493756322084274,K,0.00023985486296484155,R,0.0012700237909569,K,0.0001233712220705817,K,0.0002135406435931656,K,4.3314175021145924e-06,N,0.00022746361221943952,N,6.279834515838999e-05,N,6.279834515838999e-05,K,0.00010240693440827749,M,0.00020935099538689164,N,0.0010482712297790369,0.0002902627562787362,0.038130056463889825
364,S,K,0.0009810170672743322,S,0.0010903842069352743,S,0.0020439692368084753,D,0.002501834451382654,D,0.0027220782128607474,D,0.001509853110148861,E,0.0011532253724987449,G,0.0036170861615300322,G,0.003351972418220544,E,0.0030421401089108157,E,0.002999219225838764,E,0.0030003918730787103,E,0.001134199716471407,E,0.002026358581107823,D,0.00034408299981665807,0.002101187516192256,0.2760202502752172
365,-,T,0.0009650163382217606,S,0.0014287608799078047,T,0.0006176913984481138,-,,-,,L,0.0014383158842478647,T,7.17889748246831e-05,-,,M,0.000867296495195953,L,0.0006889134077252808,L,0.0006889134077252808,L,0.0006889134077252808,T,0.0007959999226791459,T,0.0006455950319976043,-,,0.0008088368316998885,0.10625198512610493
366,T,-,,-,,-,,S,0.0005913318848381524,S,0.0003147806755319239,-,,-,,M,0.0014299618502532545,G,0.002564999405443624,-,,-,,-,,-,,-,,S,5.690086380705802e-06,0.0009813527804895322,0.12891435818630495
367,G,G,0.004112290853379021,C,0.006149883456799225,C,0.005841830767842154,G,0.005825788552453335,G,0.004014927047155424,G,0.0033295893299137005,G,0.004912954534750395,G,0.004773321403831813,-,,G,0.005622538184872205,G,0.005491858804930097,G,0.005591831262067541,G,0.004315297945290431,G,0.00623380836050324,G,0.0021233132896439455,0.004881373842388037,0.6412364528533412
368,-,-,,-,,-,,-,,-,,-,,-,,-,,-,,-,,-,,-,,-,,-,,-,,,
369,L,L,0.00048128972385349036,L,0.0007285282297670378,L,0.0013375423087821638,F,0.0017670224179134695,F,0.003010131089885239,L,0.0008370497532022631,L,0.00044695381386604833,L,0.0009076021329110184,L,0.00045025693511233447,L,4.3199692159030846e-05,L,3.741083745469639e-05,L,3.741083745469639e-05,L,5.061629310128373e-05,L,5.032768042711237e-05,-,,0.000727524410420706,0.09557046589043179
370,V,T,0.002694224771551149,A,0.0014299618502532545,V,0.006240005631459653,S,0.003728471144102146,S,0.004793311373662324,A,0.0010246061897353415,A,0.0008538455713416477,A,0.0008742537628106318,A,0.0008534701894973851,Y,0.0089621416223182,Y,0.009004366305512917,Y,0.009002873276003498,G,0.0008838394789771148,G,0.0014299618502532545,S,0.0031421887241795303,0.003661168116110537,0.48094543296154396
371,E,K,0.0004959875175496605,E,0.0005716243895859,E,0.0004081546121387624,-,,-,,K,0.0005819185936821328,E,0.0002920535921900139,P,0.002495736735249113,P,0.0018215456370131503,K,0.0019457619243706224,K,0.0027776013734067007,K,0.0027776013734067007,S,0.003711508927684857,K,0.002458663288254285,P,0.0008142581366874417,0.0016271089308630264,0.2137434240689445
372,N,H,0.0004563825794114992,K,2.7255981819745858e-05,K,0.00010283544353260123,Q,0.003414200730303131,Q,0.0034564348340772513,K,6.249736867699461e-06,N,0.002950160630864172,R,0.0033594122643187435,K,3.4055823651966304e-05,K,0.0008717656249563314,K,0.0008576573706875761,K,0.0008576573706875761,Q,0.0038132017850590894,Q,0.0028108752101958056,Q,0.0013155485126590094,0.0016222462599394798,0.21310464450501695
373,L,L,1.301414531946292e-05,L,4.16792432649388e-05,L,1.4010295435684808e-05,M,0.0005316768426629123,L,2.9901846841150684e-05,L,3.833850913316898e-05,L,2.0379000438373255e-05,L,1.549327289509503e-05,L,2.6966530623569442e-05,L,4.016580990340751e-05,L,4.016580990340751e-05,L,4.016580990340751e-05,L,2.0971018023415134e-05,L,1.6652139580978705e-05,I,0.0001661891800432417,7.038463026481428e-05,0.009246001659304101
374,S,D,0.0007956747854909171,P,0.0017967142821542113,P,0.0012485449218878617,A,0.002519982298930734,T,0.002183785617982967,G,0.0007358388655296263,P,2.660474393619658e-05,S,0.0004289503508251802,S,0.00010988545692433204,T,0.0015370874440700805,N,0.0006477675736576765,N,0.0006421938681477905,H,3.8908023032154066e-05,Y,0.0015054151472046707,T,0.0004070140487707718,0.000974957828569678,0.12807429216848715
375,F,F,8.049047608613561e-05,F,2.955630463550782e-05,F,4.965723507541927e-05,Y,0.0033442765720779494,F,0.0004592703390343781,F,0.0002285270759094531,F,0.000153232191897607,F,7.2365825772809414e-06,F,0.0004750628792959533,L,0.0033957276345706476,L,0.003438309218520193,L,0.0033957276345706476,F,8.263312356798685e-05,F,8.445857041253639e-05,F,0.00025335846652349206,0.0010318349536503457,0.13554589485921256
376,A,V,0.0015675531569214406,V,0.0016272901091741463,V,0.002581639873241827,A,0.0012534839847674554,T,0.001673012654933441,S,0.00029629850428806846,A,0.0005126144964597405,G,0.00019676261507734443,S,0.001026721192866392,A,0.0003133451710098441,A,0.0003588155246350795,A,0.0003588155246350795,V,0.0036678619915927074,A,0.0014105965544022755,T,4.79723430155249e-05,0.001126185579801358,0.14794016392998074
377,R,R,0.0,R,0.0,R,0.0,R,0.0,R,0.0,R,0.0,R,0.0,R,0.0,R,0.0,R,0.0,R,0.0,R,0.0,R,0.0,R,0.0,R,0.0,0.0,0.0
378,D,D,7.496583760179986e-05,D,0.00041840740129884044,D,0.00041840740129884044,H,0.0003252488593745989,H,0.00032286543676041856,D,0.00044608126245159125,D,8.962319883954295e-05,D,0.001327061363353713,D,0.000502597445461811,N,0.001462196608790973,N,0.001462196608790973,N,0.001462196608790973,D,0.0012933714099391746,D,0.0010254258523389305,H,0.0002932540268045353,0.0007282599547931145,0.09566708989004921
379,R,R,1.8013769367051118e-05,R,0.00011050910144742763,R,3.487609962476832e-05,R,0.00010768742237405629,R,1.386233521686186e-05,R,1.82282904564034e-05,R,1.2704858675497741e-05,R,0.00010870164243107622,R,0.00010731700929049482,R,1.272679704357202e-05,R,9.444388357736106e-06,R,9.444388357736106e-06,R,0.00010000325021671035,R,1.7217693227947923e-05,R,0.0003139514874568722,6.631256890294747e-05,0.008711079674675446
380,P,I,0.0011320012991532864,L,0.001627927956311752,L,0.0018381031700001904,H,0.0021285212657923473,H,0.0026266369786199276,L,0.0025427693170473158,L,0.000986088294504651,L,0.001748341191458867,L,0.0016915704484650766,P,0.002438708313956097,P,0.002048539301019826,P,0.0022084885075472397,I,0.0015736218516531036,I,0.0014338633226373603,H,0.0016843034298634448,0.0018472989765353658,0.24266845386577568
381,V,T,0.0033393255101202245,V,7.356283870730357e-06,V,0.0007215117975637991,V,0.0002833021419767607,V,6.961688560265415e-06,V,0.0006581607786539925,V,0.00026194625621968565,M,0.006137854946472922,M,0.0036392618508338617,F,0.004746073849574103,F,0.0045866741381968956,F,0.0045866741381968956,V,0.0006928006328751141,V,0.0003704584416543665,V,2.6064232004713113e-05,0.0020042951124516224,0.26329208331050824
382,E,E,6.332556157267506e-05,E,0.00010471397892159405,E,0.00010644255830768545,E,0.0002287018464812707,E,0.00026514773649356587,E,0.00020977838765703216,E,0.00043389399544329954,E,0.00015073743970842512,E,0.00018119746160061122,E,0.00024277348993270132,E,0.00014430201179069276,E,0.00014430201179069276,E,0.00014452464197555465,E,0.0002439751433397455,E,0.0002256001335066332,0.0001926277599014786,0.02530433961187482
383,N,G,0.0011491019526165477,S,0.0007297880756270277,S,0.0007248061572348568,F,0.0025336616455839426,F,0.002650136139212256,N,0.0008650440163363187,N,0.001274751041471316,C,0.002278617069889746,C,0.00019402437656377693,F,0.00029678167493745714,F,0.0008304139151681375,F,0.0008356534017934628,N,0.0022268430121558085,N,0.001374354152186143,Y,0.0014299618502532545,0.0012929292320686704,0.1698442654325599
384,F,Y,0.0013923090731756762,Y,0.002080742007474757,Y,0.0015371637203833665,Y,0.002289033462752154,Y,0.0020537569342774504,Y,0.002671770806017996,F,0.0005053686642425053,F,0.004168029729811484,F,0.00041607243302314655,Y,0.003501191664723331,Y,0.0034457485233076314,Y,0.003435794864205484,Y,0.0017678647346190278,Y,0.0020555333963953983,Y,0.0014857718371924344,0.0021870767901067895,0.2873030028611492
385,F,F,0.00018607731083327127,F,0.004015273987257667,F,0.002919937126556939,T,0.0016429435037994071,T,0.0011498202179438459,L,0.0024157474900442706,F,0.0011875430397554779,F,0.002746249617418912,F,0.003310256415475184,M,0.0008239057725895847,T,0.0006251433678756598,T,0.0006251433678756596,F,0.0025470545844170508,F,0.0010336868031005887,T,0.0028112369332496533,0.0018693346358795444,0.2455631446824153
386,W,S,0.00020448684288506462,W,3.7494418370779105e-05,W,3.6345221169999326e-05,L,6.911637945129455e-06,L,8.111785364826216e-05,W,0.0008514473069404104,W,6.100119409991493e-05,W,0.00018898384331138466,W,5.708987886244283e-05,W,0.0001063761590013323,W,0.0001063761590013323,W,0.0001063761590013323,W,4.9093191502267595e-05,W,8.84337670117882e-05,L,1.0594659950775362e-05,0.00013280855284681438,0.01744625346998919
387,T,S,0.0015800685261520377,A,3.682181025242989e-05,A,2.923610431765332e-05,A,0.0008139753952151624,A,0.0008013163115596631,A,0.0029601496212050375,T,0.0023652290411898605,A,0.0006646106181022698,T,0.0001546994668504823,S,0.000887451247907896,S,0.000869626215016345,S,0.0008402033620096725,T,0.0012327533522124396,T,0.0003262341764295126,A,3.719404247077002e-05,0.0009066379527260823,0.11909952476491212
388,V,V,0.0006300401498098488,I,0.0031314715661314553,I,0.0031546593900996537,-,,-,,V,0.0012505040127888374,I,0.0006399008730420015,A,9.471450399292385e-05,V,0.0005265934755250746,M,0.0006052599039511258,M,0.0007068164452684278,M,0.0007068164452684278,V,0.0012826985018278912,I,0.0017511331310172506,-,,0.001206717366560243,0.15851913594699513
389,G,G,0.00024047664959029298,A,8.445587772132196e-05,A,4.901983666393393e-05,S,2.8527422951678265e-05,S,2.692727560589237e-05,G,1.1415582946966796e-05,G,5.600792713223558e-06,G,6.294492308567638e-06,G,1.9306036445129285e-05,V,0.0009281577629599436,V,0.0009281577629599436,V,0.0009281577629599436,G,2.7387299860500197e-05,G,0.00014402555870058806,S,4.4202871010383205e-05,0.00023147419902655399,0.030407360530748016
390,-,V,0.000503161933553534,L,0.0031017611928258635,L,0.0024866801956355137,C,0.00011273997471881363,C,0.00036139610716922363,I,0.0008750183443505311,V,0.002341810447138085,M,0.004306786837243134,M,0.0010009719367245298,I,0.0016256293356193207,I,0.0023711300415435667,I,0.0023711300415435667,M,0.0031372240896778195,Q,0.0045516840362018855,C,0.0005185960273179998,0.0019777147027508924,0.25980037622512214
391,L,-,,-,,-,,I,0.0003489286135400616,I,0.00035439165431339954,-,,-,,-,,-,,L,0.0004165404073820213,L,0.0004240764088863397,L,0.0004240764088863397,-,,-,,I,0.0003040527464095924,0.00037867770656962573,0.049744591825106606
392,I,M,6.351694534017262e-05,F,5.780692681736092e-05,F,0.000359658157631987,A,0.007140320384431372,A,0.00607636080087695,A,0.003264967570170403,N,0.00020274691453454332,T,7.036727320838289e-05,A,0.004739314969094327,T,0.0014299618502532545,A,0.005725804556566968,A,0.004511239715876965,I,0.00016875014331236952,I,0.0014214733147153798,A,0.00279833676804074,0.002535375086058078,0.33305683590938906
393,-,-,,-,,-,,-,,-,,-,,-,,P,0.0,-,,-,,-,,-,,-,,-,,-,,0.0,0.0
394,F,Y,0.0012215513732380763,E,0.00012419530110362737,E,0.00011677110378708038,I,0.00011247675534414124,I,0.00022163066279967761,P,0.0006410283423893192,F,0.0001876075815607781,F,0.0005239742276076157,F,0.00014512751428348846,D,0.0002614906926064007,D,0.00025771003380611174,D,0.00025771003380611174,Y,0.0014205201596654122,Q,0.00019151764773660845,F,0.00027790575809907527,0.0003974144791889017,0.05220592791618263
395,Q,E,3.847304755401159e-06,P,0.0004299468497281139,P,0.00044955546970286577,D,0.0015451556810133387,E,0.0004337998952561276,E,0.0002792423805750121,L,0.00042659310790185386,E,0.00022505032682222504,E,0.000662581363106877,Y,0.00462059296195521,Y,0.0047473771057392035,Y,0.004758883058117638,E,5.262585095286049e-05,E,0.0002486176478595228,E,0.0010872040425501555,0.0013314048697357604,0.17489857641457748
396,P,P,0.0007125907536942926,H,0.0004096417603617939,H,0.0004150634795957558,P,0.0001455350959275586,P,6.22958355344883e-05,P,0.00047578157979985016,P,0.0007274432555740874,P,0.0007528982157751229,P,9.625760918064698e-05,I,0.0007477059875430586,I,0.0007477059875430586,I,0.0007477059875430586,P,0.0007125907536942926,P,0.0004818470404146955,P,0.0001455350959275586,0.0004920398958739548,0.06463629455149213
397,Q,E,0.00033475694971040116,Q,0.00035002197160153935,Q,0.00035002197160153935,Q,0.0009919853660554727,K,0.0007862472949746908,K,0.0017994587348871575,Q,0.000769384094816803,Q,0.00028190162492082856,K,0.0004154136936276336,N,0.0003314498841878103,N,0.0003205389626922257,N,0.00031767119837495524,Q,0.0004238176461363024,Q,0.0007146242359138369,Q,0.0011740568432880474,0.000624090031519283,0.08198291935714078
398,F,F,3.39756639561129e-05,Y,2.5708946292609273e-05,Y,2.37948344916381e-05,H,1.303281629092078e-05,H,1.2009950007659265e-05,F,0.0013108384709570927,Y,5.434076635631597e-05,F,0.0001055402069080358,Y,2.875407760046335e-05,L,1.3181819901252192e-05,L,1.3181819901252192e-05,L,1.3181819901252192e-05,F,3.451019671213877e-05,Y,2.844057180670223e-05,H,0.0003045462437444212,0.0001343358803218578,0.017646889209857696
399,G,A,1.5512011141670082e-05,G,9.285226587789279e-05,G,0.0003246294512689463,S,0.0001946549699392395,S,8.279513974237672e-05,S,9.112880615333419e-05,G,0.0006863032747179984,S,0.0003249190596932364,S,0.00013529857253038273,S,6.198046811223856e-05,S,6.198046811223856e-05,S,6.198046811223856e-05,G,5.8443544882148e-05,G,3.740791269998714e-05,S,0.0001280877950512263,0.000157198280535677,0.020650183956414315
400,Y,Y,0.0008014832013820167,Y,4.1632022281759646e-05,Y,0.0005492165294800589,S,0.0014299618502532545,A,0.0023999799225067845,N,3.332881745856894e-05,Y,6.545224559126818e-05,N,0.0008855340268713161,D,0.00011982938024771296,E,0.0001994172737746062,E,2.3228096791854563e-05,E,0.00019323605426170792,Y,5.854351327630918e-05,Y,6.403272069733948e-05,G,0.0014494405950370526,0.0005542877499941074,0.07281341731703955
401,C,H,0.003445846254998817,H,0.000866835117874344,H,0.0020100312258784832,F,0.0005273312651024142,F,0.00040089293847554025,C,0.0014299618502532545,S,0.005347367876098688,I,0.003404958249349335,L,0.0023848695826869373,Q,0.0026434280568393507,Q,0.002600114934211114,Q,0.0025920473946964393,I,0.002039791866103208,V,0.0016840800736278238,F,0.0006076375447546703,0.0021323462820633616,0.2801133882211322
402,R,R,1.5468401536346272e-05,R,1.5468401536346272e-05,R,1.5468401536346272e-05,R,2.073343854044743e-05,R,0.000397167142962147,R,1.923077420167279e-05,R,5.065844247117576e-05,R,5.065844247117576e-05,R,1.5468401536346272e-05,R,1.5468401536346272e-05,R,1.5468401536346272e-05,R,1.5468401536346272e-05,R,1.5468401536346272e-05,R,1.5468401536346272e-05,R,5.944099921294571e-06,4.557386362633533e-05,0.005986761841677867
403,R,Q,0.0006037294747183569,K,1.859916804512711e-05,K,0.0004996314605608642,L,6.102975822450524e-06,L,2.6343151310616585e-05,K,0.0001187068431511973,R,0.0005241216484274888,K,6.195410559479499e-05,K,0.00014582031750517513,V,0.0006434676323273941,V,0.0006365241649107398,V,0.0006365241649107398,R,0.000517640641450771,Q,0.00022985262624657473,L,0.0003087062215292987,0.00033184830643410594,0.04359289777303621
404,M,M,0.0007340200293842426,I,0.0009234992619677247,I,0.0005126203714844128,G,0.003076678023406844,G,0.002829726294833027,G,0.004619933154398955,I,0.0001524489821158781,G,0.0023216033624205413,G,0.004027242481846711,E,0.004736462554574385,E,0.003938067769050242,E,0.003939444843983568,I,0.001950721563813046,T,0.0002009954506799747,G,0.0011978399097734322,0.0023440869369155326,0.3079284728317848
405,F,L,0.0009806683931324954,A,0.0001231028837822493,A,0.0001231028837822493,F,6.21014410172427e-05,F,6.21014410172427e-05,L,0.0001650367987546825,E,0.0006161292259455418,L,0.0001402014625915499,L,0.00013283085794408854,L,0.000593110136558944,L,0.000593110136558944,L,0.000593110136558944,V,0.000933731974569517,M,0.0001455303548569433,F,0.00010749411601080503,0.00035809081620542923,0.047040216995671326
406,T,T,1.511986847262597e-05,A,2.0566992456082833e-05,A,9.63930159328865e-06,T,0.0005916459793079771,A,1.561027831678335e-05,T,8.516686917015077e-05,T,0.0005692387780713979,T,0.0005188680043637272,T,0.0006367586984200597,T,0.00013598158894296972,T,0.00014579231753464336,T,0.00014579231753464336,A,0.0009046661383747806,T,0.00010457324465974916,A,0.0013031033799283307,0.00034683491714314736,0.045561597856588566
407,K,K,0.0009440174896515767,K,0.00045852528571672853,K,0.0004444638668351069,K,0.000617031027058527,K,0.0004613787487033932,K,0.0008207901934017397,K,0.0006063457391790734,K,0.0008026799743356094,K,0.0004918204698406235,K,0.0004956609926848481,K,0.0005340335147602833,K,0.0005359680457056839,I,0.0006063238473864113,K,0.0011837382900485814,K,0.00035018707587898757,0.0006235309707458114,0.08190947893670067
408,V,V,0.001425316960912147,I,0.00010860785235160157,I,0.00012891808309845466,I,0.0012991590275146948,L,0.0016992302128896089,L,0.0007035425524230219,V,0.00276317377680117,V,0.005242631147897713,V,0.003103465859193728,S,0.00019400430258765492,S,0.00020764767142375593,S,0.00016895765678550843,V,0.0014483408572997878,I,0.00013092211622496092,A,0.001934739424102947,0.0013705771667671175,0.18004440330871604
409,F,F,0.001503862894551372,I,0.0002927868832055671,I,0.00026706014175167074,T,0.004455909419937434,C,0.0003388340764526691,I,0.0010722350571576904,N,0.0011626364590262425,C,0.0010100165877066068,T,0.0028874336091249137,V,0.0012561123822620833,V,0.0028522974632811757,V,0.0028522974632811757,A,0.00042762463427282386,N,0.0008899996164084409,C,3.839147758074968e-05,0.0014204998777333742,0.1866024468289321
410,A,M,0.0020710674006123096,T,0.008711227166727835,T,0.007962681858278588,Y,0.009004366305512917,Y,0.009004366305512917,S,0.009004366305512917,A,0.000536650817258422,S,0.009004366305512917,S,0.009004366305512917,A,0.001850993249226954,A,0.001416413324775164,A,0.0014089907408728088,A,0.0011865435833912496,A,0.00031994807133981136,H,0.000896996795104811,0.0047588896356768355,0.6251464460687711
411,L,L,0.0007187102916816231,L,3.3429412487468676e-05,L,2.245451194584549e-05,L,0.0015322821033108263,L,5.213713249840906e-05,I,0.0002760380233124584,L,8.21946605817361e-05,L,0.0004933791857231537,L,5.623770614229667e-05,F,0.0016447966668055765,F,0.00024434523798036483,F,0.00023240916885386784,L,0.00023738311345579177,L,0.0002635840412328173,I,0.0014724256229182216,0.0004907871252620305,0.06447172568023431
412,I,I,0.0007525113851118452,I,0.0016916392696561789,I,0.0013523488241594646,G,0.0025817610038264306,G,0.003028344000750687,L,0.002007206849427793,V,0.001373495006116631,I,0.0013970635255981987,I,0.0009934571219297108,I,0.0013373598457167971,I,0.0020475573718304017,I,0.0020475573718304017,I,0.0011952729258697366,L,0.004166578357278331,I,0.000688995619987027,0.0017774098986059756,0.23348754990888704
413,T,T,1.1620547008137417e-05,T,0.000186504107368588,T,0.00014629894892856734,T,7.06478267545653e-06,I,5.3844197401849866e-05,T,3.2803609029894574e-05,T,2.5496869461164948e-06,T,0.00017060764500956922,T,0.0001842632632487155,Y,0.0001001717944575628,Y,0.00012008033370330298,Y,0.00012008033370330298,T,0.00035434032212417984,T,0.0003539763912685845,T,1.2062045131816669e-05,0.00012375120053370963,0.016256444072670632
414,T,T,0.0008705969070294722,S,0.0008125220577584371,S,0.0002932470873003686,V,0.0004284889765692812,V,0.001044468943528644,V,0.0002639061185835698,A,0.006492264110116905,L,0.0005189826179115477,T,0.0006459414804959745,L,4.6431434358583e-06,L,9.968993675688373e-06,L,1.3858424352609125e-05,V,0.0003774121531414103,T,0.0007135298031923915,V,0.0005959036177155554,0.0008723822956538476,0.11459956701932503
415,I,I,0.0009529105975460346,L,0.00032962273964644653,L,0.00029871176340487567,L,0.00016043903758001247,L,0.0002588625787503154,I,0.001153437698005548,I,0.0011842264538740386,I,0.0009575074666291192,I,0.0007531621319018689,I,0.00018071375475536548,I,0.0001683532309213133,I,0.0001683532309213133,I,0.0013389337069988024,I,0.00033332972259190845,L,9.729897077501104e-05,0.0005557242056201314,0.07300211577367369
416,D,D,0.0,D,0.0,D,0.0,D,0.0,D,0.0,D,0.0,D,0.0,D,0.0,D,0.0,D,0.0,D,0.0,D,0.0,D,0.0,D,0.0,D,0.0,0.0,0.0
417,D,D,0.0,D,0.0,D,0.0,D,0.0,D,0.0,D,0.0,D,0.0,D,0.0,D,0.0,D,0.0,D,0.0,D,0.0,D,0.0,D,0.0,D,0.0,0.0,0.0
418,V,I,0.0005241311295481369,V,0.0004972821589711942,V,0.0005793236903919272,I,0.00387323086044286,I,0.003666726733019056,I,0.0012164727683310664,V,0.0003782860528994327,I,0.0011749715779476532,I,0.00044988360376374526,I,0.0019133802807782452,I,0.002572637114010854,I,0.0019808260965334386,I,0.0011458396805524894,I,0.0011946341213796615,M,0.0007230491663044926,0.0014593783356582834,0.19170967386319268
419,Y,Y,0.0,Y,0.0,Y,0.0,Y,0.0,Y,0.0,Y,0.0,Y,0.0,Y,0.0,Y,0.0,F,0.0,F,0.0,F,0.0,Y,0.0,Y,0.0,Y,0.0,0.0,0.0
420,D,D,0.0,D,0.0,D,0.0,D,0.0,D,0.0,D,0.0,D,0.0,D,0.0,D,0.0,D,0.0,D,0.0,D,0.0,D,0.0,D,0.0,D,0.0,0.0,0.0
421,V,I,0.0002736317766538311,I,0.0004052410267543952,I,0.0004052410267543952,T,9.684241993824963e-05,T,0.00019151036632191374,V,0.00015295455296592399,V,0.00010398759568596099,V,8.089312317975038e-05,V,0.00014728221929317782,V,0.0001241537853772113,V,0.0001241537853772113,V,0.0001241537853772113,I,0.0036895301497813036,I,0.002426548506974675,L,0.002099979015303264,0.0006964068757158982,0.09148274423256958
422,Y,Y,0.0012142816682219294,Y,9.081163455921038e-05,Y,6.748923572803157e-05,F,0.0007989923984783801,F,0.0007989923984783801,Y,0.0008708624177436479,F,8.665755132812686e-05,Y,6.005889504110304e-05,H,5.3376516384181744e-05,Y,6.000379329416674e-05,Y,6.000379329416674e-05,Y,6.000379329416674e-05,Y,9.848397872792389e-05,Y,0.000378647272661222,F,0.00010290199924313864,0.00032010448976518504,0.04205018385951741
423,G,G,3.584845995927738e-05,G,2.636687639918115e-05,G,0.00011640345772790639,G,1.6395730493562803e-05,G,2.6179086887736655e-05,G,0.00012355880467050087,G,0.00014636528146012428,G,0.0001347396541090942,G,0.00013369248066506906,G,0.00015350360758062872,G,0.00015350360758062872,G,0.00015350360758062872,G,0.00012054936465499432,G,4.496939373185395e-05,G,0.00012144552376884005,0.00010046832915133516,0.01319791458086459
424,T,T,0.0,T,0.0,T,0.0,T,0.0,T,0.0,S,0.0,T,0.0,T,0.0,T,0.0,T,0.0,T,0.0,T,0.0,T,0.0,T,0.0,T,0.0,0.0,0.0
425,L,L,4.126918504395743e-06,L,0.00011217890257799919,L,0.00011192297015152162,M,2.8499298681838654e-06,M,0.0003473797496059929,L,1.1387459855134499e-05,L,6.217251335855922e-05,L,2.6170155432114426e-05,L,1.2431757918634886e-05,L,0.0001691593896309847,L,4.698132220379432e-06,L,4.698132220379432e-06,P,0.0010723242037237477,L,0.00010329839694640504,V,0.0002278403378314788,0.00015150926332306076,0.019902852296224367
426,D,E,6.888570201398767e-05,D,2.4058079750121175e-05,D,2.6391253881221315e-05,D,0.0006365497371046435,D,6.521910300324654e-05,D,1.9127546948264862e-05,D,3.2450174486869346e-05,D,1.9801328501299095e-05,E,4.040113710387903e-06,D,0.00019455081066024012,D,0.00019455081066024012,D,0.00019455081066024012,E,0.00014979858689949586,E,2.4549761653143724e-05,D,0.0005273057920148851,0.0001454553074632191,0.019107580861042413
427,E,E,0.0,E,0.0,E,0.0,E,0.0,E,0.0,E,0.0,E,0.0,E,0.0,E,0.0,E,0.0,E,0.0,E,0.0,E,0.0,E,0.0,E,0.0,0.0,0.0
428,L,L,4.3970796059689604e-05,L,0.00018970188297038698,L,0.00018032711283098193,L,0.00020187373680383041,L,0.00021327947924756942,L,2.2231648559959706e-05,L,2.025247460483323e-05,L,0.00018898340210944485,L,2.6449663073069854e-05,L,2.0890438272863807e-05,L,2.246850695567296e-05,L,2.246850695567296e-05,L,2.1264424913769187e-05,L,1.640624521984488e-05,L,0.00020191764995281796,9.283239790202717e-05,0.012194828640996722
429,E,Q,0.00046210659890964876,Q,0.0004809368504073599,Q,0.00048126248674045506,E,0.00047807874622705107,E,0.0004311123112903395,E,0.0010876599881146486,Q,3.961729970650593e-05,E,0.0013857812595711673,E,0.000447956720866187,I,0.00041519457346588174,I,0.0004184934087972544,I,0.00041519457346588174,E,0.00043607729777281573,Q,0.00047496119479682476,K,0.0007113181840468074,0.0005443834329452552,0.0715123473032678
430,L,L,1.028311227030748e-05,L,0.00013969011316608754,L,1.4085060503030132e-05,L,0.00016610080921737052,L,0.0001723885743280916,L,5.367778822283518e-06,C,6.180770583368572e-06,L,5.2869271508491105e-06,L,8.238481620437469e-06,I,4.953579750068329e-06,I,4.953579750068329e-06,I,5.242417011939138e-06,L,0.00017907618253532541,L,1.3732562851927948e-05,L,7.621608215973759e-06,4.9546770518475246e-05,0.0065086585054634225
431,F,F,2.3305141426111176e-06,F,8.005411780887963e-06,F,8.005411780887963e-06,F,2.278755829627776e-06,F,2.278755829627776e-06,F,5.891997054666436e-06,F,0.00022807766170623145,F,1.867098985692717e-05,F,8.03683035259372e-06,F,4.30856532201025e-06,F,4.30856532201025e-06,F,4.30856532201025e-06,F,1.0044063014689284e-05,F,1.0044063014689284e-05,F,6.142865996522844e-06,2.15155344217329e-05,0.0028263651626171094
432,T,T,0.0,T,0.0,T,0.0,T,0.0,T,0.0,T,0.0,T,0.0,T,0.0,T,0.0,T,0.0,T,0.0,T,0.0,T,0.0,T,0.0,T,0.0,0.0,0.0
433,D,T,0.001188321428627659,D,0.00025938588067445025,D,0.0006136788349770162,A,0.0020393694218046924,A,0.000914145854000008,E,0.00016331224133334023,D,0.0003327052985530257,T,0.00026711308066593186,A,0.0022017492594931143,E,0.00013734298787252924,E,0.00012237192592037856,E,0.00012237192592037856,A,0.0020444642791331243,V,0.0006488532807694659,A,0.0008689895250509579,0.0007949450149864047,0.10442710148460019
434,V,I,0.0003321416063695657,A,0.0006412908002836838,A,0.00011452757981453244,A,0.0003276603118857426,A,0.0002421437546676304,A,0.0012425943636285553,A,0.0007131901207160967,A,0.0006933451540602979,I,0.0004801342637369454,A,0.00024426875749113255,A,0.00014065631096359476,A,0.00014065631096359476,M,0.00015221820788841696,A,0.0003118279693384257,A,0.0005733039891634919,0.0004233306333981139,0.05561037578952672
435,V,V,4.267311255273047e-05,I,0.0005007212299244904,I,0.0005223779054382423,V,5.106267714948337e-05,I,1.0248206263539686e-05,V,0.0011775100252078327,I,0.0005806597391360296,V,5.122694620472573e-05,V,2.791882272415573e-05,V,5.1977089364187634e-05,V,5.4653343145808744e-05,V,5.4653343145808744e-05,V,0.00038737221274749625,F,2.7935905294835257e-05,I,0.0003063645676318871,0.0002564903417287503,0.033693579355279134
436,E,E,0.0012725364184980152,Q,0.001290001091892752,Q,0.001290001091892752,K,0.0009883835280745546,K,0.0005774015248637762,K,0.0024817678532588366,Q,0.0009284353560297358,E,0.001804804461254991,E,0.002007818973328916,N,0.002770245098348548,N,0.0020373491745788704,N,0.0020373491745788704,Q,0.001366211256533832,E,0.0007979012362224855,K,0.0003852132674278381,0.0014690279671189846,0.19297728737713224
437,R,K,0.002205369853807041,R,0.00024622768079980234,R,0.00024622768079980234,R,0.00015424684077608702,R,0.00013772602500339515,R,0.00022954625946125745,R,0.00022146329412478093,S,0.0005249805132128772,S,0.00022954625946125745,K,0.0021520738135479022,K,0.002234953539331179,K,0.002234953539331179,N,0.0020111292209000057,N,0.0020639916507790685,R,0.0001371640323018365,0.0010019733469091648,0.13162315683473694
438,W,W,0.0,W,0.0,W,0.0,W,0.0,W,0.0,W,0.0,W,0.0,W,0.0,W,0.0,W,0.0,W,0.0,W,0.0,W,0.0,W,0.0,W,0.0,0.0,0.0
439,D,D,0.000687153752715083,D,0.0002980889206207593,D,0.00029055699634042176,H,0.0031234724938076354,D,0.0005352005973030662,D,0.0006741285221337522,N,0.0014299618502532545,D,0.000156744048006751,D,0.000719125404111764,D,0.0006832676605603407,D,0.0006343444320824217,D,0.0006897369066472175,D,0.0006060119854931232,D,0.0006209967166615469,D,8.752633569186492e-05,0.0007490877748286,0.09840311418801383
440,I,V,0.0015453930647758788,T,0.0014342521309579335,T,0.001643268612992733,P,0.0004766160507918115,P,0.00021764640440811143,I,0.0012511656373184591,T,0.0025887425315414764,I,0.0011675243140175679,I,0.0016311569168122562,Y,0.0015335728616684896,Y,0.0018666377185270766,Y,0.0018666377185270766,I,0.0008773817575310611,I,0.0006873060682607517,P,0.0002204533910473961,0.0012671836786118723,0.16646222834455296
441,N,N,0.0006336943300420066,E,0.0029455456892665223,E,0.0034473797426308453,S,0.0028308588086353205,S,0.001524139086843963,E,0.003339005047629753,D,0.0037571398835336543,N,0.0010383935117826114,K,0.003194152194666141,S,0.001701949873602932,S,0.0008440589624353096,S,0.0006406000123796807,N,0.00047309846787309425,N,0.00042102320703137476,S,0.000753721677635678,0.001836317366399259,0.24122586639805357
442,A,-,,-,,-,,-,,-,,-,,-,,-,,-,,-,,-,,-,,-,,-,,-,,,
443,-,R,0.0014935040198088962,S,0.0005387685931572286,S,0.0005486094730728644,A,0.0014163690466469207,A,0.002019462803169868,A,0.0015845282995470796,E,0.002206392114186768,A,0.0004057657130893561,A,0.0010777991712274026,A,0.001431317431002754,A,0.0016605730718204975,A,0.0016605730718204975,R,0.001555821381950497,R,0.0010737902561776345,A,0.0011746367167321983,0.0013231940775606976,0.17381997448416733
444,M,L,0.0018426627970444015,I,0.00036557440067446926,I,0.0002860937054788296,A,0.0008006107453136038,T,0.00010901159932707343,L,0.0012232915045461855,L,0.0018153468103004448,I,0.0012426423669191409,M,0.001485588033768639,T,0.0012833163349885365,T,0.0012662686057550911,T,0.0012662686057550911,L,0.0013857641384026522,L,0.0005459233466267408,T,0.0018083572787819463,0.0011151146849121896,0.14648584766618694
445,D,E,0.00021493003868905956,S,0.0031969464869206106,S,0.004557207795140291,E,0.0007842224197141564,E,0.00013479216925637907,E,0.0019147990148381052,D,0.000792675333135484,Q,0.0014299618502532545,Q,0.000522094450206611,D,0.0002359351374815748,D,0.0011437820967063982,D,0.001192918196251707,D,0.00017110915755999401,D,0.000494513555513846,D,0.00017515684228804372,0.0011307363029303677,0.14853796480559167
446,Q,E,0.002954491553429176,R,0.0041030718324793726,R,0.0031584232335044467,G,0.0056116741028576335,C,0.0012668008419511535,T,0.0028263133597683085,N,0.0024001690082565467,I,0.004426910207576736,V,0.0024947031906804814,T,0.0063735287401806935,T,0.006289962970601695,T,0.006289962970601695,E,0.007375584122908052,E,0.007078525939629782,C,0.004321981448237353,0.004464806901510874,0.5865145822962273
447,L,L,0.0007317068398612467,L,0.0005904396900466246,L,0.0005904396900466246,L,0.00017684052688464658,L,0.0002917893017348496,L,0.0007916237527159546,L,0.0008946072757733248,L,0.00038581767068851687,L,0.00046517838193873,L,0.0006629958515687823,L,0.0004666551420028046,L,0.000509618873794915,L,0.0005990622283635448,L,0.0007498555195525976,L,9.970853572018539e-05,0.0005337559520462232,0.07011627964393687
448,P,P,0.00020790333527491688,P,0.0014299618502532545,A,0.005751980465152209,P,0.00017335824338734126,P,0.0001652087793640544,P,0.0002722096167660052,P,0.0002304256422281399,P,0.0004009095978912344,P,0.0005353474125871974,P,0.00035258010267667236,P,0.00023235531953122527,P,0.0002375310451049645,P,0.000325853220345602,P,0.0003116945821945393,P,0.0001452845032345482,0.0007181735810661268,0.09434210419551314
449,D,N,0.0009348234317892126,Y,0.0010325409252772684,Y,0.0009140114642493715,E,0.0016330838808242961,E,0.0009565376518016671,E,0.0016900371999097271,D,0.002538360835030744,E,5.892943180718033e-05,E,0.000998254134997727,D,0.0017361318646571813,E,0.0016909618793383753,E,0.0016909618793383753,E,0.0015915498860600548,E,0.0012347790270391683,Q,0.003478050353896917,0.0014786009230678178,0.19423482849448045
450,Y,Y,9.12009940249903e-06,Y,5.0999335251010686e-05,Y,4.0187801061390317e-05,Y,3.7357576897229316e-06,Y,3.7357576897229316e-06,Y,2.6207862140112707e-05,N,0.0010662715358599143,Y,3.661418182107648e-05,Y,0.0005086540094544192,N,1.984093680979914e-05,N,1.984093680979914e-05,N,1.984093680979914e-05,Y,2.958388325105415e-05,Y,6.129050085263883e-05,Y,2.451491652886115e-05,0.0001280292300954547,0.016818422849537495
451,M,M,0.0004839596105004304,M,1.7665677740718884e-05,M,2.6626559780984043e-05,M,1.375470161449632e-05,M,1.4373861792651468e-05,M,1.3062773329800187e-05,M,1.8238927908286622e-05,M,1.0014579063527532e-05,M,1.0594345135257678e-05,M,1.1476931241062056e-05,M,1.1476931241062056e-05,M,1.1476931241062056e-05,M,3.170329164211995e-05,M,0.0002763165427594839,M,1.2917397779526328e-05,6.424393751803131e-05,0.008439336125757708
452,K,K,1.1475733632494397e-05,Q,0.00018476337282850058,Q,0.00017114062675581236,K,1.3998110255094195e-05,K,9.582208884411965e-06,K,2.5856561156554632e-05,K,2.3148804183786466e-05,K,1.9987823964629538e-05,K,0.00018339667693893308,K,3.802643326987321e-05,K,1.1168577395884342e-05,K,1.1168577395884342e-05,K,0.0001842504400501938,R,0.0014299618502532545,K,2.3796761564649455e-05,0.00015611483723533044,0.020507858586300463
453,I,L,0.0001196087610413662,L,0.0005609989658540022,L,0.00024038167170443672,G,0.0022538722145566095,G,0.0012469079716706105,I,0.00033124893106904914,M,6.0128757301769774e-05,I,0.0007016667411253268,I,0.001324265699231992,M,0.000543024572048323,M,0.001406930912788519,M,0.0005453461066159493,L,0.000694186907426246,L,0.000668436829056618,G,0.0011824611729281008,0.0007919644142945945,0.10403555806328059
454,C,C,0.0015387027066133267,F,0.0020756435493123593,F,0.0019790277413494106,V,0.0015785085372819329,V,0.0008787081448497578,C,0.0007561045868501537,C,0.00046163957969446226,F,0.001542569302542103,S,0.001115897643311133,C,0.0004919628563895103,C,0.0004962659223849974,C,0.0004919628563895103,C,0.0015432171514066038,C,0.0015496930816478627,I,0.002415530631710363,0.0012610289527822324,0.16565371937008924
455,F,F,1.8581253470521784e-05,Y,0.00046191158371868603,Y,0.00046191158371868603,Y,6.396918835454832e-05,Y,6.865821139240168e-05,Y,0.00033669652951423806,Y,5.368881659823752e-05,F,0.00019289005311529258,F,0.00038529713022817855,Y,3.2847371138726975e-05,C,0.00015804372381990084,C,0.00015804372381990084,F,0.00039885694089832323,F,0.0004043584854135689,Y,0.0003137898713877513,0.00023396963110593083,0.030735170296314594
456,L,L,0.0003061308493295209,M,0.000534969232544965,M,0.0005356714981098938,M,0.0008450909295199194,M,0.0013771731804434052,L,0.00018545872863425276,F,0.0001447053063301407,L,0.00011100341471789209,L,0.00016686196015323353,M,0.0005984037451685457,M,0.0006007268710492056,M,0.0006007268710492056,L,0.00013554844373789944,L,0.00017420033468438327,M,7.890087919507088e-05,0.0004263714829778356,0.0560098337415543
457,T,C,0.0009697395374081456,V,0.0031343912768479415,V,0.0027753180869856606,M,0.001875476662472726,V,0.002877026545802259,A,0.00015722825065096554,A,0.0013278933503368517,A,0.0014299618502532545,A,0.0004609981882318268,T,0.0019408738043001268,T,0.0019452556588792,T,0.0019452556588792,T,0.0023187829705861884,V,0.002152859114312191,M,0.000639255933328999,0.0017300211259517026,0.22726237448429112
458,L,L,9.603872793462977e-06,L,0.0004472529926038033,L,0.00011380983153575804,F,0.00757546870655064,F,0.00399882350143325,L,0.0004248186753449653,L,0.00011046615888321311,L,8.159426342490636e-05,L,0.0011508392435649606,L,3.061085651445922e-05,L,1.8867491065854778e-06,L,1.8867491065854778e-06,L,0.000366338286301728,I,0.00017626186267796963,V,0.0006859075387913791,0.0010117046192422445,0.13290149501453943
459,H,V,0.001018232579332903,Y,0.0006026816447829665,Y,0.00048332760884485835,Y,0.0006753773695176136,Y,0.0006096763166529564,F,0.0014235839065484287,D,0.0016753462098440066,Y,0.0005959600929928142,Y,0.0001540590335440059,L,3.427713731840915e-05,L,3.427713731840915e-05,L,3.427713731840915e-05,F,0.0013553939922555627,Y,0.00025660303061804477,Y,0.0005800197890243185,0.0006355395323942472,0.08348697079123696
460,N,N,2.4068615484465702e-06,N,6.12029797693323e-06,N,6.12029797693323e-06,E,1.0810305621017242e-06,E,1.763461772760999e-06,N,0.0001433492000054407,D,1.0810305621017242e-06,T,2.1416536498749004e-05,N,6.12029797693323e-06,D,2.4068615484465702e-06,D,2.4068615484465702e-06,D,2.4068615484465702e-06,N,1.7280550306470982e-06,N,2.4068615484465702e-06,N,2.90706825151238e-06,1.3581438957089741e-05,0.001784111199569153
461,S,E,0.0002384958444321013,F,3.281141626802169e-05,F,0.0005379913618630919,T,0.00010835084745578714,C,0.0007551929663844964,F,0.0007076176023606484,F,0.000740956349332905,T,0.00021828869708011671,T,9.115694404747269e-05,T,0.0001423569112389239,T,0.00012175204803730507,T,0.00012175204803730507,E,0.0001675194628361298,E,0.00010143238327228271,T,9.178874386278293e-05,0.0002784975751006248,0.03658453602447634
462,V,I,0.0004912216667352316,V,0.0006778545405873052,V,0.00013547648622426993,V,0.00027395135612128186,V,0.00017104860416159877,V,0.0007594992257825103,I,0.0017522171429890589,V,0.00027089229797924036,V,0.0006208848511499684,I,0.0005832176189671778,I,0.0005884261049496673,I,0.0005820944689702975,I,0.0022045463457488106,V,0.0001563161304769691,V,0.0002367796408245018,0.0006336284321111928,0.08323592114699309
463,N,N,0.0003706356404748204,P,0.0012745123911300379,S,0.0014299618502532545,N,0.00022586351104457333,N,0.00016991117998911364,H,0.00433483029542045,N,0.0005717992813805841,N,0.0006589916799099593,N,0.00055632880833993,N,0.0016063994135814708,N,0.000578675885928498,N,0.000578675885928498,N,9.419378899897509e-05,N,0.0006389850990442237,N,0.0003540325311101929,0.0008962531495023055,0.11773533619878154
464,E,Q,0.006790296356696599,R,0.009004366305512917,E,0.0014299618502532545,E,0.000996745681236329,Q,0.0066353053004999185,E,0.0013497066824697398,E,0.0014299618502532545,D,0.0014299618502532545,E,0.0014299618502532545,G,0.004661122352561107,G,0.0046016715926165,G,0.004582345328449684,A,0.0012268369137900315,S,0.009004366305512917,E,0.0008535902429622241,0.003695080030888065,0.48540023536831245
465,M,I,0.00023384091511493904,L,0.000427319222277092,L,0.0004287490586346038,M,8.028969550827286e-05,M,0.00016335861725688444,V,0.0010206966316486914,V,0.002521532721953429,F,0.00025589473560474015,L,0.0002145565037037199,T,0.0034081141693128873,T,0.0034081141693128873,T,0.0034081141693128873,M,0.00019423688278042176,I,0.0007649444946104839,M,0.00022804826858496542,0.0011171873503744603,0.1467581211473608
466,A,G,0.00014933994642649435,A,0.00014812352039597686,A,0.00011910194188510712,A,0.0003213060155379437,A,0.00038365740156495146,S,0.0025228574827040385,-,,T,0.0029305724373488535,A,0.0004701228559336968,S,0.0025839355512732227,S,0.002633030356751189,S,0.002597225092565799,G,0.000240497156908496,A,0.00037460054238018704,S,0.003556257239444165,0.0013593305386514372,0.1785670020376158
467,L,-,,-,,-,,R,0.0013573395649902932,R,0.00022589441884945388,-,,-,,-,,-,,-,,-,,-,,-,,-,,A,0.0002619701776610255,0.0006150680538335909,0.08079775690990953
468,D,-,,-,,-,,E,0.00016894711278066143,E,2.3892958411728738e-05,-,,-,,-,,-,,-,,-,,-,,-,,-,,E,0.0002926042842407542,0.00016181478514438148,0.021256626145734227
469,T,Y,0.0011689039411831809,Y,9.406676248461894e-05,Y,9.406676248461894e-05,-,,-,,Y,9.876615481057484e-05,-,,Y,0.00014137485026957655,Y,6.154733117956268e-05,Q,7.790316922450237e-05,Q,6.550798484136647e-05,Q,7.81285267409833e-05,C,0.0037969253425274743,C,0.0032707787808751655,-,,0.0008134517824201476,0.10685822319053152
470,-,-,,-,,-,,-,,-,,-,,-,,-,,-,,-,,-,,-,,-,,-,,-,,,
471,-,F,0.0004183461721619919,D,0.004591996323438582,D,0.004427576044978,-,,-,,D,0.0014190179560990448,-,,D,0.00031514264939641595,D,0.005185134281922352,K,0.0001024515224626754,K,0.0004538784938188329,K,0.0004646437822283501,D,0.00026558530874571274,E,0.0001445963346727499,-,,0.001617124442720428,0.2124318224652075
472,-,V,9.210632646181524e-05,G,0.0002351683454017001,G,0.00023004093267036942,A,0.00021472862050172123,A,0.0002568796562695837,T,0.0009881249744988214,-,,T,0.00010748712093863817,A,0.00015243706005155523,I,4.099222508491831e-05,I,4.099222508491831e-05,I,4.099222508491831e-05,V,0.0008979880088520652,I,2.953598959709424e-05,A,0.00023555670467022486,0.00025450217251202456,0.03343240563300964
473,M,L,0.0004511140238143033,L,0.0007856943011181149,L,0.0007809440242125967,E,0.0008885829780301284,E,0.00027934511876890326,L,0.00045221508937500886,-,,I,0.00046329239334200146,L,0.00039493334557847614,Y,0.0006521243679845714,Y,0.0006982863863914694,Y,0.0006982863863914694,L,0.001015218218724304,L,0.0008918093915138226,Q,0.00023487435705450796,0.0006204800273071199,0.08150869501568764
474,K,R,3.287116657642726e-05,K,1.5354938090605273e-05,K,1.1500985437135648e-05,K,1.601759504650978e-05,K,1.1451089055251925e-05,K,7.101785745159067e-05,-,,K,5.4844363775640625e-05,R,2.6376729187539336e-05,E,7.104075818984985e-05,E,7.104075818984984e-05,E,7.104075818984984e-05,K,8.27094295623391e-05,R,3.526353824470341e-05,K,1.601759504650997e-05,4.189625443170018e-05,0.0055036566440241266
475,E,D,8.063012398928232e-06,E,0.00022454906219366818,E,7.879968411042261e-05,C,0.006270437043441987,T,0.0006573050896607369,D,1.2500970780608169e-07,A,0.0032387886609199835,E,0.0005637846311263603,E,0.00012198314928370581,K,0.0002739911479434472,K,0.0002532950940082751,K,0.00023474872120708007,C,0.00299105801190629,T,5.072167657156918e-05,A,0.0027991399366454695,0.0011844526620750488,0.1555943568604318
476,Q,K,0.0002676147277990434,K,0.0012688253539162573,K,0.0009455043339635626,Q,0.0007816646452750187,Q,0.0006151051028476445,Y,0.000989368476777013,C,0.002364706774930886,T,0.0008527684725263949,Q,0.0014802876195297238,Y,0.0007917441832635571,H,0.0006598051591659312,H,0.0003717887095291453,K,0.0007883782773455357,K,0.0009125145715792078,Q,0.0003250600917753361,0.0008943424333482839,0.11748433701523715
477,R,G,3.9804163732689e-05,G,0.00029579308301158874,G,0.0002981239380563945,G,0.0004451261329545528,G,0.0010334867524402493,G,5.176545480823832e-05,D,0.0016843822738130166,G,0.00035323809045158244,G,0.0003105481997577103,G,0.0002890452583083488,G,0.00016126592118104798,G,0.00016126592118104798,N,0.0005146792387067696,N,0.0002660231259588776,G,0.0012631957647877686,0.0004778495546099922,0.06277219555176664
478,F,F,0.0017164466119958023,F,0.002004928610281337,F,0.002550735105581202,R,5.426594679420974e-05,R,0.0003149554376698056,W,0.0014299618502532545,A,0.0032363662702771813,H,0.0021996870344359585,H,0.0013169793973658284,H,0.0015575371514308031,Y,0.00010168168498166276,Y,0.0014299618502532545,I,0.0021010173728165443,I,0.002395359670046341,R,0.00014542448338395115,0.0015036872318378094,0.1975302646094459
479,-,-,,-,,-,,-,,-,,-,,-,,-,,-,,-,,-,,-,,-,,-,,-,,,
480,H,N,0.0005383474312927202,I,0.0030272788493444624,I,0.0028270227341641134,D,6.43897065095628e-07,D,0.0010848837591843914,N,0.00245952558060053,L,0.004783251747591078,D,0.0014288241200701272,D,0.0010635896453290072,N,0.002106990827948218,N,0.002110408018099574,N,0.0021109915295096406,D,9.748013035853115e-05,N,0.001330959878690031,D,0.00011963825769018441,0.0016726557604625134,0.21972663461460568
481,I,V,0.00019208783433845444,T,5.18466745541519e-05,T,0.00016815271868449784,T,0.00045967399041247384,T,3.30193335258742e-05,I,4.336224690063997e-05,I,0.00013963758130513577,I,0.00015440558561829258,I,0.00013036980801770016,P,0.00019983831626748023,P,0.0001711794088351395,P,0.0001711794088351395,V,0.00017300980079780533,V,0.00019259571009860535,T,0.0001459615311691234,0.00016175466329070094,0.021248728302742097
482,I,I,0.0009024475363499455,I,0.0010328571856340174,I,0.0010328571856340174,L,0.0004958784287362895,L,0.0005153986313482533,L,0.0005003018119185483,V,0.00046190608336642996,L,0.0010110262553066646,L,0.00024112503905131046,I,0.002000635849261052,I,0.002000635849261052,I,0.002000635849261052,I,0.0011329315515635882,I,0.0007451410438663053,L,0.0006495521187579644,0.000981555361287766,0.1289409699961499
483,K,P,0.0017901291972303272,P,0.0013656894759257751,P,0.0013942441069032328,N,0.001982966288024705,S,0.0007033521478265532,P,0.0013484100049987646,P,0.0009423987381501257,P,0.001777751316225321,P,0.0015354975719964437,D,0.004703294620674791,D,0.0043217462496504475,D,0.0042842569930748526,P,0.0015604808983804106,P,0.0019630185099284814,N,0.0005382683251915835,0.002014100296278788,0.26458013079466297
484,Y,Y,0.0004256241372917188,Y,0.00018668088165473505,Y,0.0002525900502500733,Y,0.0005455913714711201,Y,0.00010267263345098968,F,0.003020406088451565,Y,0.00020355713506346038,Y,1.8359976395507975e-05,Y,0.0005791727348125343,S,0.0033291722717587956,S,0.0033988728641317755,S,0.003416202104279851,Y,0.00027937447037595757,F,0.002041910900748216,Y,0.00011484374129773077,0.0011943354240956023,0.15689259532097005
485,L,L,4.2746339432686196e-05,L,4.224277151204849e-05,L,6.539378752327538e-05,A,9.663853664455764e-05,A,0.00025215941910888064,I,0.0013807100248921763,L,4.318812771957778e-05,L,4.3128923411894297e-05,L,4.318812771957778e-05,L,1.716889532350469e-05,L,1.716889532350469e-05,L,1.716889532350469e-05,F,0.00011263623283844863,L,1.813736964292365e-05,A,9.663853664455764e-05,0.00015255432553740793,0.02004013577603488
486,K,K,1.2566673931443747e-05,Q,8.649264878044207e-05,Q,0.00039169626788755223,R,3.874677089537157e-05,R,3.580985429825174e-05,R,8.434832080518943e-05,R,0.0008837102179516046,V,0.00043130924044850697,T,3.3649264715022176e-05,K,7.750211019487794e-05,K,2.389517092631772e-05,K,2.389517092631772e-05,K,2.0540033725879236e-05,K,4.7762886445966484e-05,R,4.819662137191278e-05,0.00014934141688697708,0.019618075468247387
487,K,E,0.00013089414777290947,R,0.00013057832685841803,R,0.00013231727438841516,Q,0.00012087158078409736,N,0.00019222928414658645,E,0.00020736483643627495,N,0.00012585462062034383,K,3.647071081377681e-05,K,0.00011152583362339139,T,4.408524365377432e-05,T,0.00019570245948986043,T,0.00019570245948986043,K,0.00010678830961076528,K,2.127749879191366e-05,Q,0.0009550239139140688,0.00018044576669296378,0.023704065105980793
488,A,S,0.0029826060857259433,S,0.0025574570217503753,S,0.0007873108398842416,A,0.0014299618502532545,T,0.008263518248168155,E,0.001046216689538559,A,0.0007379989901745642,V,0.0034802304962744603,A,0.001285816631325173,T,0.008086252489401296,T,0.006567636559489396,T,0.006209380995563185,S,0.0033379494418200825,S,0.0027267721709110294,A,0.0012073886794749986,0.0033804331459836483,0.44406698393294275
489,W,W,0.0001268106082761742,W,0.00046277980337492845,W,0.00015528952829764432,L,0.002833622052515524,W,0.00020357768641632106,W,8.634445191314273e-05,W,5.815939467701604e-05,W,0.00011071249050593716,W,5.011242341630785e-05,W,8.97628030978688e-05,W,0.0004503097479798176,W,0.0004503097479798176,W,5.400600546988949e-05,W,5.400600546988949e-05,W,0.0001267913252220378,0.0003541729383074878,0.04652554915684023
490,V,A,0.00046748479414537544,A,0.0004439259108229244,A,0.0004874828572162343,E,0.00046888758984778647,E,0.0005174333981878035,E,0.0003866203297828107,T,0.0003707228402684764,S,0.0008977347413804313,S,0.0005110388246615093,K,0.0009999094734245491,K,0.0009999094734245491,K,0.0009999094734245491,A,0.0004233792180478906,T,0.0013585271871427269,E,0.0001673005639962656,0.0006333511117182588,0.08319949125024462
491,D,D,0.0006923337055482411,D,0.0008288384669479438,D,0.0017246251044750359,A,0.0016068413609330661,A,0.0016770415386170826,R,0.0014052114273011235,D,0.0002723454323842109,D,0.0009502417274482058,D,0.00024052087065570092,S,0.0011744945901897503,S,0.0006725115334340105,S,0.0006725115334340105,D,0.00013822527985680923,D,0.0009159781047387499,D,0.0009771358624239626,0.0009299237692258605,0.12215844113891529
492,L,M,0.00042482117962019435,L,0.0008764978273842737,L,0.0008701552129061737,Y,0.0022256156643257405,V,0.0020885350843689336,L,0.0011935447679563783,L,0.001150213536387632,M,7.750513603706552e-05,M,0.0024495363688515036,L,0.0006570325141020072,L,0.0006701570635689533,L,0.0006843225609255087,L,0.0007840195172843758,V,0.0007801138099738744,C,0.009004366305512917,0.0015957624366137021,0.20962562538545115
493,C,C,0.0007815255438275903,V,0.0003730947393250224,V,0.00038892229626699335,I,0.0010532823873177274,F,0.0026983439124437236,C,0.0002042710123111023,C,0.0017809241181837507,L,0.0010128080411876716,L,0.00041102964245432405,C,0.0012233604205130187,C,0.0012233604205130187,C,0.0012233604205130187,C,0.001434332123299636,S,0.0004398089773391535,L,2.53787368737277e-05,0.0009515868528246319,0.12500418894133025
494,R,T,0.005727977450186214,E,0.0004803290549129959,E,0.0004290551058034169,D,0.00045186315247014447,D,0.00038724641245803035,M,0.00019633147337060582,K,0.0005968236026060714,K,0.0005958372398234311,K,0.00041461417006917825,S,0.007732306260298854,S,0.007732306260298854,S,0.007732306260298854,K,0.0006645780213179354,K,0.0005268285468024017,D,0.00038177018163500616,0.0022700115461567996,0.29819763836846547
495,Y,T,0.0014299618502532545,A,0.0016275228676676681,A,0.0013847110337520455,S,0.00016155651016182528,A,0.00168509299111034,S,0.0005955347224481224,S,3.6096974158028984e-05,A,0.0009684491817056534,A,0.0015624495647146319,A,0.002930169933445256,A,0.0029359656509567963,A,0.0029359656509567963,A,0.0024920713172376023,A,0.0015568295291593396,S,1.8499019523990565e-05,0.0014880584531500902,0.19547720681634717
496,Y,F,0.004214574225059069,Y,3.3138138788341056e-05,Y,0.0003349748530848047,Y,0.0001705519573077942,F,0.0032231699840906012,Y,0.0005981661304605036,Y,0.0005372544099288522,F,0.00026404049290131986,F,0.000666624199719937,F,0.0015339788110591407,F,0.0009077537898010485,F,0.0018754703791513472,Y,0.0005223437406501783,Y,0.00014474112651987177,Y,0.0002459292301879937,0.0010181807645807204,0.13375222691893615
497,L,L,0.0004434821634155508,L,0.00033732146171044507,L,0.0005649617111755128,M,0.0004194991682491337,L,0.0007922227145484824,L,0.00032503068019264323,L,0.0003056342656256765,L,0.0004392713149892134,L,0.0003472535705765412,L,0.00030772707128359544,L,0.00030772707128359555,L,0.00030772707128359555,L,0.00043654412236237753,L,0.00011699204971839099,M,8.905682493849202e-05,0.00036936341742354966,0.04852103019558833
498,V,K,0.00016011568452862831,K,3.2808050751333855e-05,K,0.00018382543001068942,K,0.00010104529315304109,E,9.295639346268284e-05,V,0.0013666698615373237,I,0.0017105235385250698,Q,0.0002554389160281963,Q,0.00021332737524794323,V,0.002789098236173191,V,0.0027123099501476953,V,0.0027123099501476953,V,0.0018456790768668948,V,0.0006386876984405836,Q,0.0007818973434914578,0.0010397795199008286,0.136589524305841
499,E,E,0.0,E,0.0,E,0.0,E,0.0,E,0.0,E,0.0,E,0.0,E,0.0,E,0.0,E,0.0,E,0.0,E,0.0,E,0.0,E,0.0,E,0.0,0.0,0.0
500,A,A,0.0,A,0.0,A,0.0,A,0.0,A,0.0,A,0.0,A,0.0,A,0.0,A,0.0,A,0.0,A,0.0,A,0.0,A,0.0,A,0.0,A,0.0,0.0,0.0
501,K,K,3.6973125435248e-05,K,2.713648194237554e-05,K,2.713648194237554e-05,K,0.00045286142207143107,K,0.00013834890650837924,E,0.0002396158323617651,K,0.0004665573485875245,K,0.0007115356868415256,K,5.225537304328518e-05,K,5.0039729539805065e-05,K,5.0039729539805065e-05,K,5.0039729539805065e-05,K,0.0007115356868415256,K,0.00046944666837236634,K,0.0001362403418931298,0.00024131750296402306,0.03170041562241298
502,W,W,0.0,W,0.0,W,0.0,W,0.0,W,0.0,W,0.0,W,0.0,W,0.0,W,0.0,W,0.0,W,0.0,W,0.0,W,0.0,W,0.0,W,0.0,0.0,0.0
503,Y,Y,0.0011054097118975488,Y,0.00036496936068521887,F,0.0017257133805060163,I,0.000687405069874229,I,0.002143415906515602,F,0.0022985946712193238,Y,0.0003702567900961725,C,0.004010512117345509,C,0.003987166015799436,S,0.0028328829836109497,S,0.002286170165667489,S,0.00233713310940227,Y,0.00045044127620862183,Y,0.0006047087443518345,I,0.0009103166040209066,0.0017410063938134088,0.22870544244522364
504,S,K,0.001994394131414815,Y,0.001972404626689799,Y,0.0021089049283168544,S,0.005158434993531266,S,0.0019479898364397263,G,0.0036935559428615296,F,0.004369293176140391,H,0.002464961630915717,R,0.001650248347140582,A,0.005755206717100814,A,0.0064628106421540585,A,0.006476976139510615,K,0.0015779673099448526,K,0.0017597753229065787,A,0.0011572382550337024,0.0032366774666734203,0.42518267290600514
505,N,S,0.00038731203726916774,N,0.0024995111356705918,N,0.0038491203076523282,-,,-,,N,0.0002923887700449773,S,0.00011029758320627054,N,0.0014564127672771555,E,0.0038479339851577314,S,0.0003578398808611397,S,0.001094840740512031,S,0.00037771842331282905,G,0.0011223455595926143,S,0.0013651695762833273,T,0.00040478822405626237,0.001320436845453571,0.17345777363802148
506,-,-,,-,,-,,S,0.0010466037522160738,S,0.00035313663241725327,-,,-,,-,,-,,-,,-,,-,,-,,-,,-,,0.0006998701923166636,0.0919376991128736
507,K,-,,-,,-,,G,1.0441925169323957e-06,G,3.328363793159259e-06,-,,-,,-,,-,,-,,-,,-,,-,,-,,G,9.666478359599862e-05,3.367911330203009e-05,0.004424220689983939
508,Y,G,0.000634831631609269,G,0.0008171928528713791,G,0.001377687716052812,-,,-,,G,0.0021304786600556654,K,0.00019402214470850824,K,0.0005921739833551478,K,1.8739721708922914e-05,G,0.00286052329106245,G,0.00286052329106245,G,0.00286052329106245,G,0.0031876817835186583,G,0.001741972767330239,-,,0.0016063625945331626,0.21101810379080002
509,R,Y,0.0004959277730592895,Y,0.00018367738594193844,Y,0.0002472531032629433,F,0.001086839134438188,Y,0.00011992167096583016,N,0.003404893412204019,Y,0.00013600079841638574,H,0.003653267892901911,H,0.0032479660445741926,S,8.56519590246089e-05,S,0.0001362834590412182,S,0.00012390097064728144,Y,0.0011713196223885284,H,0.002488583467603991,F,0.009004366305512917,0.001705723533332216,0.22407054722269115
510,-,K,0.0002644186216475966,T,0.0003384943313814749,T,0.00033581217652624474,L,0.0005107819429741291,I,0.005780797308655238,K,0.00030645753996160895,I,0.0012721985541889259,M,1.2674857689617627e-05,L,8.588937111162604e-05,L,0.00013441337949470958,L,0.0002400275896738025,L,0.0002400275896738025,K,0.000457307643793267,K,0.0003047019214558519,L,0.0013189095179269787,0.0007735274897436585,0.10161361119293329
511,P,P,0.0002450396187639787,P,2.4973552718230637e-05,P,2.460412063499726e-05,P,2.5260121979105617e-05,P,0.00014936779561915416,P,0.00017598708337306917,P,0.0002762199068871123,P,0.00015238803149157995,P,4.916880471552255e-05,P,0.00017728774837676367,P,0.0001695910691909982,P,0.0001695910691909982,P,0.00024012147362124074,P,0.0002466385066529542,P,2.4890689895872242e-05,0.00014340863954077186,0.018838722518876035
512,S,N,0.00017354015121025427,S,3.1351233953097026e-05,S,3.1351233953097026e-05,T,0.00040913261008177436,T,0.00031245736657555434,A,0.00199953364948095,T,0.0006035565574756909,K,0.0017575971159156621,K,0.0013645362665402228,S,0.0006264061152909091,S,0.0007116646355112555,S,0.0007116646355112555,S,0.0006174578114913106,N,0.0007510149597913063,T,0.0004123084511511222,0.0007009048529288975,0.09207361619734983
513,L,F,9.566922610740249e-05,M,0.002370693953774569,M,0.002370693953774569,F,0.00013482879066074662,F,0.00041165754743789233,L,0.00012074126978771322,M,0.0010622316056580112,F,0.00010908922714589144,F,0.0013514174495384153,A,8.925160596721178e-05,A,0.00010207101912077996,A,0.00010207101912077996,V,0.001358931758670148,L,0.00021442724778851727,F,8.086683924696139e-05,0.0006649761675866406,0.08735388288282833
514,Q,E,0.00016676416358124975,E,6.777960821769828e-05,E,9.941560108910438e-05,E,0.0005986810911803216,E,0.0006614438068106805,D,0.00222820704922463,E,0.000440083863801488,D,0.00028632604985864434,E,6.21285986440416e-05,N,0.0005611206678999758,N,0.0005661588192553768,N,0.0005661588192553768,E,0.0004257812854156143,E,0.0004516883199245021,E,0.001210204678878481,0.000559462828202479,0.07349323592973392
515,E,E,0.0,E,0.0,E,0.0,E,0.0,E,0.0,E,0.0,E,0.0,D,0.0,H,0.0,E,0.0,E,0.0,E,0.0,E,0.0,E,0.0,E,0.0,0.0,0.0
516,Y,Y,5.4580564702710255e-05,Y,0.0001393247313260269,Y,3.462683899839953e-05,Y,0.0001617226467434983,Y,0.00017464253179640983,Y,0.00013111828007654082,Y,4.351039474541102e-05,Y,0.00015971389720938659,Y,1.832219414604536e-05,Y,0.00016058502569160488,Y,0.00016058502569160488,Y,0.00016058502569160488,Y,0.00016014362451331597,Y,2.5764304631238305e-05,Y,0.00011177178892942207,0.00011313312499288131,0.014861611938158542
517,I,M,0.0042881652122094775,L,0.000606295076343724,L,0.000626224520966174,L,0.00034589304256218593,L,7.98976912540155e-05,L,0.0012024411427098555,M,0.0026005137733117146,L,0.002236468629187174,L,0.0005381572221417989,L,0.0015187964177733092,L,0.0009178768727129161,L,0.0009154207507678674,M,0.004079407626362588,M,0.002380843851607576,L,0.001046930023877025,0.001558888790252493,0.20478175827756687
518,E,Q,0.004787320222718611,N,0.0016407408035221372,N,0.001611293283909483,D,0.001652639018584963,E,0.00015083828270217974,R,0.0030768395913936524,D,0.00028455472963196597,N,0.0012803292378280328,N,0.0006173687408612062,E,0.00030905823073594085,E,0.00033719961741269936,E,0.00031698588417134144,Q,0.003853743336752833,Q,0.00482950225778489,E,4.474447478304288e-05,0.0016528771808528653,0.21712844266273426
519,N,N,7.489917388598569e-05,N,0.0005915477339853788,N,0.00042388865160293,N,3.837908385581206e-05,N,4.239899129948046e-05,N,0.00027776593721223807,N,0.00039036884711140624,N,0.00013960725102567977,N,0.000426913614251882,N,0.00025546016470718934,N,0.0002501086777025652,N,0.00025459522116941144,N,0.0006049132569214311,N,0.00026590041728269604,N,4.239899129948046e-05,0.00027194306755423783,0.03572351015246702
520,A,G,0.000298523554591225,A,0.0002274766078719098,A,0.0002274766078719098,G,5.077496604553533e-05,G,0.0005290739290469494,G,0.0007120846385637012,A,0.00020988312114925763,A,0.00097861644486803,A,0.0010560768438177782,E,0.00010629493208785492,E,0.0009249225171704588,E,0.00010629493208785492,A,0.000984494039551323,A,0.0007075126760672295,G,0.00011794835113792484,0.00048249694412859617,0.06338269490423572
521,W,W,0.0005565894748802365,Y,0.003672463251980915,Y,0.00386311044373798,K,1.5228955775726193e-05,K,0.00034807606762229167,W,0.0020573728505108723,W,0.002345568066937682,W,0.0003539239837607348,W,0.0011707922123342838,K,0.0011104069286744203,K,0.0011357777613931197,K,0.001133192701582276,W,0.0011475136368493612,R,0.0016164512560910755,K,0.0004215952961780394,0.0013965375258872678,0.18345465811289638
522,I,I,2.2206468140187094e-05,I,1.1235412259752649e-05,I,1.1235412259752649e-05,V,8.12452057917843e-06,V,7.802817017897978e-06,I,0.0007766896309646483,I,1.7344674677391678e-05,V,0.0004602935165788987,V,3.9947615764307364e-05,V,9.890008541143479e-06,V,9.890008541143479e-06,V,9.890008541143479e-06,I,2.904314862957149e-05,I,6.648270383638703e-06,V,0.0007120159989918009,0.00014215050079136377,0.018673448467980334
523,S,S,0.0009780064021511722,S,0.001511136255651423,S,0.0006615853431480456,S,0.00021880647187173997,S,0.0004319461411105842,S,0.00018870371898807467,S,0.0014550194692306072,S,0.0005503027378472938,S,0.0008736751708150165,S,0.0005873070320175022,S,0.0002309761038118602,S,0.00043407340026973315,S,0.00040124772696602533,S,0.0008640040029600871,S,0.0005409195830240188,0.0006618473039908789,0.08694286306373851
524,I,S,0.0015471866522209963,I,0.0007129696773281851,I,0.0002993277125112069,F,0.0004725819913648665,F,0.00014973784091831024,V,0.004767069619887324,I,0.0002600139764283129,V,0.0047802093164790544,V,0.006423407350263955,S,9.875876701213339e-05,S,0.00011123805408505192,S,0.00010859654531536467,I,0.00037597285703370315,I,0.00042137961463151744,S,0.00032006207463839667,0.0013899008033412253,0.18258283215540852
525,G,S,0.0017663073150181907,G,0.002091719662030817,G,0.0013672209441467796,G,0.001650301087773451,G,0.0006906794857636507,G,0.0009602272605288804,S,0.0005885206057115071,S,0.0006328784693468421,S,0.001064941884865723,G,0.000746231343216703,G,0.0005239066176667527,G,0.0005239066176667527,S,0.0006591873445564504,S,0.00241464902504276,A,0.007707393100041219,0.0015592047175584317,0.20482325973014165
526,A,V,0.0028681456600052582,A,0.003331536573965977,A,0.0024462810149706066,Y,0.006843525698833393,Y,0.009004366305512917,G,0.0013112676256287247,A,0.0017991591587389203,G,0.0003931255013483252,G,0.0002817598729182585,V,0.0025325455827377723,V,0.00242774556067092,V,0.0025200173678039794,A,0.0013494715886708925,S,0.0016377383561351664,H,0.0004392020249587773,0.002612392526193326,0.34317414954173536
527,P,P,0.00036837108558349986,T,0.007405540886862899,T,0.006089932745436536,R,0.0006073046074296978,R,0.0006491957922085639,P,0.000902146599418963,P,0.0002934363317697292,V,0.006741278725969004,V,0.005992384173524149,Y,0.005873033342024708,Y,0.005775144059677588,Y,0.005775144059677588,P,0.0007572619275577656,P,0.0006220646532112295,R,8.901273705781736e-05,0.003196083448493982,0.4198500831341649
528,T,T,0.0004232253004115511,P,0.0004929705398412317,P,0.0016626864834731114,I,0.0008174602899581718,A,0.0013011363822022365,V,0.005210839430033386,V,0.006708716182911593,V,0.003657619226375348,V,0.003945896295819455,V,0.0039299071047668,V,0.003666433823468928,V,0.003666433823468928,T,0.0015925237408704457,T,0.0033577531213324495,V,0.0010546179280120616,0.0027658813115297135,0.36333703962960523
529,I,I,0.0012651156961843246,V,0.007638030714808287,V,0.0029963823107489267,G,0.0007150313353279877,A,0.0020977318365010033,A,0.00041153611742026405,I,0.00021198146389504085,L,0.0007851149975236914,I,0.0013002117614874106,V,0.007762928838215237,V,0.007762928838215237,V,0.007762928838215237,M,0.0007378850466299655,I,0.00030721630332526076,S,0.0004868786351978559,0.002816126848913048,0.3699374908967504
530,L,L,0.001219578938083235,I,0.0018477759846142802,I,0.0018411586603823825,T,0.0021537839441349944,T,0.00130170252209531,M,0.0008749658435071307,L,0.0010037489797942735,L,0.0022189238658287935,L,0.0006683853435964604,L,0.0016626473556949556,L,0.001608904619790852,L,0.001604601553795365,L,0.0016883247022969952,F,0.0008170065180987824,A,0.001208567317105838,0.0014480050765879767,0.19021563785220408
531,V,L,0.0007032319652479052,S,0.00028934763739362683,S,0.0003077366882222893,L,0.0007264492554024507,L,0.0007264492554024507,V,0.0011430980442300065,V,0.0015813114785468514,T,0.0017290616584541825,T,0.001662124852145301,I,2.7015366167022462e-05,V,0.00014906485730264684,V,0.00014906485730264684,I,0.00039746229457905035,V,0.003281823093481965,L,0.0004186592517521924,0.0008861267037087057,0.11640508648008291
532,H,H,0.0028090619205595087,Q,7.223928073097175e-06,Q,1.6373992380914756e-05,Q,0.0011040298565887072,Q,0.00041167584111796436,H,0.0028703734745474845,H,0.0011522035919108962,H,0.0017892779385506072,H,0.0019548497982102304,H,0.003257336489714373,H,0.003257336489714373,H,0.002809998449416459,H,0.001472204461528101,H,0.0016368955294842565,Q,0.0006946132668073999,0.0016828970019069586,0.22107196434117254
533,A,L,0.00043053907776516396,V,0.0023867640958297035,V,0.0032322626613548395,P,0.00045282425472003624,P,0.00012168616014752718,A,0.002374250923847385,A,0.00023336345565913187,S,0.0014299618502532545,A,0.000510609580556293,L,0.001801052664514217,L,0.002498609387923181,L,0.002498609387923181,F,0.0010356943694164508,F,0.001854440562208764,P,0.0004514400057358625,0.001420807229190333,0.18664282172427982
534,Y,F,0.000530813085440335,F,0.0030731195953802707,F,0.0060545842297288896,-,,-,,Y,0.0027673215960059335,Y,0.0012410100162182636,Y,0.003061266653790643,Y,0.002894980874038945,F,0.00014232293020687237,F,0.00036380285784448835,F,0.00036380285784448835,Y,0.0022333930076793335,Y,0.001231985140519897,-,,0.00199653357039153,0.2622724966408565
535,-,C,0.009004366305512917,F,0.003541285152304442,F,0.0027952079064977077,I,0.0010549342210989124,I,0.00021876981003143047,F,0.0034340461010342123,F,0.001129459061842788,F,0.004263448127754777,F,0.0033723485888358697,F,0.003930397136481817,C,0.009004366305512917,C,0.009004366305512917,C,0.009004366305512917,C,0.009004366305512917,M,0.0008968933330964018,0.004643908064436197,0.6100420149666901
536,F,L,0.0014041476169973388,T,0.0013593527289792982,T,0.0019652639742984103,L,9.523642266899711e-05,L,0.0010699870454212049,L,2.322250986333128e-05,L,0.002107769627749047,L,0.0016707983585271563,L,0.000739771599541393,L,0.0007182102959320624,L,0.00034315107393165136,L,0.00033028646303522995,A,0.000613943430397238,V,0.0014299618502532545,L,0.0004526612748499719,0.0009549176181630391,0.12544173136685408
537,F,-,,L,0.0003655480166786595,L,0.000830420467022166,T,0.0007052973310054494,T,0.0005776325373309653,Q,0.0001368917185163472,I,9.553968177307171e-05,L,0.0002327629942643572,L,1.1919149054811007e-05,M,0.0009762674909741272,M,0.00040306920159999845,M,0.00040306920159999845,F,0.0001382630290734693,F,2.5774960859591952e-05,T,1.72385099779681e-05,0.0003514067349807843,0.04616216981603181
538,-,L,5.4786418571279254e-05,A,0.0015016695187079028,A,0.0009472644006346399,-,,-,,G,0.00021839892161903293,A,0.0009681477937983832,N,0.0006846018521222748,N,0.00045872893907564455,-,,-,,-,,S,3.807942085807183e-05,S,0.0009083278615730695,-,,0.0006422227918844777,0.0843649100246142
539,V,-,,-,,-,,L,0.0005117012882534383,L,0.00031626344379737895,R,0.0014299618502532545,N,0.000263882928542444,R,0.00053127200721498,H,0.006377434171344592,-,,-,,-,,G,0.0026387358235524594,D,0.008665715737568,M,0.0008437127997109727,0.0023976311166930575,0.31496224672825096
540,T,S,0.00025924635298174765,T,0.0013661744455479474,T,0.0030803163035823767,G,0.00046253579789049204,D,0.00012758050012851255,P,0.0013294990675504347,P,0.0013024073577699803,N,0.0017236881826595816,N,0.0015635469472584295,G,3.395434348133884e-05,G,0.0006330284957714501,G,0.0006330284957714501,Q,0.00027333567685525087,Q,0.0003385543224118414,D,0.00044446742516724065,0.0009047575809885382,0.1188525117431767
541,N,-,,-,,-,,I,0.004030313510423271,V,0.001536320394487461,I,0.0024049572423933733,V,0.0032238874131284914,-,,T,0.0025503293361909033,L,0.0031961268572715936,L,0.0032191097449743955,L,0.003235951512804323,-,,-,,I,0.002333895750132774,0.0028589879735340653,0.37556789668100404
542,P,D,0.0023944890347828286,S,0.0009338392453244952,S,0.0009603846863286839,P,0.00030718551615191496,P,0.0004193726189820411,-,,-,,-,,-,,G,0.0006824998874549504,G,0.0003764079379115965,G,0.0006436030649640776,I,0.0002119509801623147,L,0.00033167706866870495,P,0.0002210870905801269,0.0006802270119374306,0.08935729373605952
543,I,Q,0.0025908371980793107,I,0.0002794273781148741,I,0.0007514002241991734,F,0.0009165395773378073,L,0.0009016608504127931,R,0.0015601692483989899,N,0.0012004202906157526,I,0.0017197545830875886,T,0.0023040156935999695,G,0.000919372604452336,G,0.0009086073160428187,G,0.000919372604452336,S,0.0015725996000864556,S,0.002377781731482799,F,0.0004074334907551893,0.0012886261594078797,0.16927899689577727
544,T,T,0.00020472798396766958,D,0.0019927994111968964,D,0.0025172165304634935,P,0.0002661449766411511,P,6.379740334565002e-05,K,0.0015235890640261376,K,9.236508662036015e-05,T,0.00019341370579852138,-,,T,0.00014939838295685408,T,0.00014939838295685408,T,0.00014939838295685408,V,0.0001398645971430979,I,5.8776648197347306e-05,P,0.00011999202113151482,0.0005443487555287429,0.07150779194154457
545,K,L,0.0013191869992185002,K,0.0002567559338717794,K,0.00018186099399412868,H,0.001544403227936762,L,0.0017524543906555295,D,0.0013670496917316994,E,0.000648810521003654,K,0.00039374996632024733,K,0.00014109008637810174,N,0.0034282522589984842,S,0.0030713371237815618,S,0.003428252258998484,Q,0.0035903937963536214,Q,0.0033055947403166593,P,0.0009778895144548318,0.0016938054336009365,0.22250493880112857
546,E,D,0.0014017393459806711,P,0.00048139073226698863,P,0.00047626128314389327,H,0.0005065140639584751,H,3.712879715767445e-05,-,,A,0.0021516773439660634,E,0.001786098225129944,E,0.0009181916387290521,R,0.0001675539907619573,R,0.0004067025005883174,R,0.0001840171043209031,I,6.453542362667998e-05,V,0.0007452266309163066,H,0.0017243458287571,0.0007893844935217162,0.10369664953087573
547,A,I,0.0008070617284871687,V,0.002189392621802773,V,0.002144479283326741,I,0.00018144215225114445,I,6.97494045450862e-05,S,0.0022394483116074705,L,0.0006414166090377407,G,0.00015614362803431327,V,0.002615703874841779,G,0.00037901465494208933,G,0.00024858651837663396,G,0.00024858651837663396,L,0.0005129238420404727,L,0.000297167130337401,I,0.00012987917819912777,0.0008573996970804383,0.11263139398567791
548,L,L,0.00037544953847620484,I,1.801167342645427e-05,I,4.123995517414808e-05,L,1.3158716076715688e-05,L,1.1471764263295613e-05,I,0.0002351222266913271,H,1.3262057197270237e-05,L,1.975133915091006e-05,L,0.00025220928608926213,S,8.036587597819139e-06,S,8.036587597819139e-06,S,8.036587597819139e-06,E,0.0001228055912672328,E,2.7542462915643706e-05,L,1.3471719973474531e-05,7.784040623302641e-05,0.0102254216933957
549,D,G,0.0019721078020294197,D,0.001034994561629165,E,0.0014299618502532545,Q,0.0013060383824204775,Q,0.002790650885044037,N,0.004512655726321006,Y,0.004092442283834771,G,0.003265768170784444,E,0.0012108705457931932,I,0.005672238667106017,I,0.004685356438752641,I,0.0055696524446512885,S,0.003950903375646486,T,0.004233087600848552,K,0.0013721612062466218,0.0031399259960907585,0.412473019474827
550,C,S,0.0007377523959251079,S,0.00025577720779852595,S,0.001704818252366055,E,0.00274663674679639,E,0.0021285858028263186,F,0.002252217227864451,L,0.001142713975886044,Y,0.0009130691155350602,A,0.00017247468476378933,E,0.002757540882783883,E,0.002715449491307658,E,0.002715449491307658,L,0.0010469163001269096,L,0.0008908362470536709,E,0.0016691441525841,0.0015899587983283748,0.2088632366506628
551,-,-,,-,,-,,I,0.00011892255192605827,I,0.00010943506563490631,-,,-,,-,,-,,-,,-,,-,,-,,-,,-,,0.00011417880878048229,0.014998977070274599
552,-,-,,-,,-,,-,,D,0.0024483047053961817,-,,-,,-,,-,,-,,-,,-,,-,,-,,-,,0.0024483047053961817,0.32161892849910345
553,L,Y,0.0014250698479761307,L,0.002530646706592559,L,0.002627219231365424,-,,-,,L,0.0023974933792791954,-,,L,0.001192640745076783,L,0.0013087658512127777,L,0.00269004206208783,L,0.0014694066469159166,L,0.001820442772165431,V,0.0006954299515037333,S,0.0017181637634660172,V,7.547619452501909e-05,0.0016625664293472347,0.21840126042592048
554,E,-,,Y,0.00011619949516505463,Y,0.00016649253090289892,D,0.0005988064281104344,-,,D,0.0020033348048155435,R,0.0008306322238087003,E,0.0009168534253978612,E,0.00027609451791820404,N,0.0008132176331279975,N,0.0008132176331279975,N,0.0008132176331279975,Q,0.00011678893632176259,Q,0.00013700000923683132,D,0.0006428512609922582,0.0006342081947733494,0.08331208104889404
555,E,N,0.0010433562354756887,E,0.005518326787610338,E,0.008509558305873207,F,0.0013321276784071993,F,0.0014630655916763487,H,0.0009726171258437094,N,0.0007499744333821619,N,0.0009738236827921959,N,0.0014299618502532545,D,0.005646259840974472,D,0.005794054079329739,D,0.0057425648346881445,Q,0.0012607414466226689,H,0.0010771291793574196,F,0.0008503686727346219,0.0028242619830014114,0.37100615408353804
556,Y,-,,Y,0.0003625733701319313,Y,0.00029661707496942915,P,0.00021478654253536251,P,0.00033706629825007255,G,0.00041878251149914206,Y,0.0002334439802181791,C,0.0003640814401805639,Y,3.6547324084449985e-05,T,0.00041322965194269285,T,0.00041322965194269285,T,0.00041322965194269285,Q,0.00021570332788097162,Q,0.00037060968658659665,P,0.00037037211070682435,0.0003185909016336858,0.04185135297381563
557,P,H,0.000638521226530966,H,0.00010207366542707988,H,0.00010268915352877732,S,0.0015302507394340287,S,0.0005191324566075116,S,0.00039378234742867434,H,4.369954317102952e-05,P,0.0008316947595810279,H,4.22275507722132e-05,R,0.001486867685153864,Q,0.0014894014248854294,Q,0.0014894014248854294,Q,0.00012000338516427874,Q,0.00015659184063660623,S,0.000275366213698438,0.0006147802277936904,0.08075994695008594
558,N,S,0.0012362621900915062,R,0.0026884625498718577,R,0.001464247447498776,R,0.0035419514930434617,R,0.00024027946070443858,E,0.0008019254243017467,D,0.0011963859594910017,M,2.3521035748640133e-05,A,4.943951048022527e-05,E,7.447092428817089e-05,E,2.505695147500436e-05,E,2.505695147500436e-05,D,4.2535636638389005e-05,N,0.0007287408650067597,N,0.000665292657224243,0.0008535752704892818,0.11212900227779113
559,I,V,0.009004366305512917,I,0.0014299618502532545,I,0.0014299618502532545,L,0.009004366305512917,F,0.0014299618502532545,L,0.009004366305512917,I,0.0014299618502532545,L,0.009004366305512917,L,0.009004366305512917,L,0.009004366305512917,L,0.009004366305512917,L,0.009004366305512917,V,0.009004366305512917,V,0.009004366305512917,L,0.0062990316869722925,0.006804169476207633,0.8938224443391284
560,I,V,6.008265328939915e-05,L,0.000751702742150669,L,0.0006449571212951915,N,9.469100593691221e-05,N,9.283806309070568e-05,I,0.000778948210984044,I,0.0002117340012107996,L,0.0008268009754826356,L,0.000754395797950457,M,0.0008481227537179853,M,0.0008481227537179853,M,0.0008481227537179853,V,9.631366805514583e-05,V,2.884585746476374e-06,N,8.274079233861625e-05,0.00046283052524566723,0.06079923682624349
561,R,R,0.0021975205553164665,R,0.003811907287473522,R,0.003547757112737005,D,0.0018741167993325458,D,0.004074483663185458,Y,0.0048588331280018954,R,0.003619938054353788,Q,0.0005180647249311763,K,0.001306087318711952,S,0.0036654903785084824,S,0.003229842366252057,S,0.0037814737643959363,R,0.005067459809354262,R,0.004386405783144374,D,0.001796342141730483,0.003182381525828627,0.41805014472114943
562,W,S,0.0038092053894356634,L,0.0004408685789855409,L,0.0004408685789855409,L,0.0002517170620340772,L,0.00022254185696637095,W,0.0054985730486691205,W,0.0015003492711808991,T,0.004920026783385501,R,0.0023620601209986946,S,0.004789044432489522,S,0.004839647077139546,S,0.004839647077139546,C,0.00044013007622785915,C,0.0014299618502532545,L,0.00031969910448925547,0.0024069560205586932,0.3161872027490489
563,S,S,7.102920801656043e-05,S,0.0005159038990200429,S,0.0014299618502532545,A,1.2697846861680408e-05,A,5.9029493597411486e-05,S,7.37463711272717e-05,S,5.199140855910862e-05,P,0.0012593182641084924,P,0.001322114248552445,I,0.0016316719812695755,I,0.0016316719812695755,I,0.0016316719812695755,S,0.0002773880288174574,S,0.00034104039397699044,A,7.237603397311165e-05,0.0006921075327115036,0.09091796563810954
564,S,A,0.0013099103008684535,G,0.00025288248154133774,G,2.452412430512482e-05,G,0.0014190494695115602,A,0.0010054644550002768,S,0.0009902272527203349,A,0.001256426781599568,S,0.0001075163590365978,S,9.690881374562483e-06,A,0.001317471142145586,A,0.0013229737934892618,A,0.0013229737934892618,A,0.001136977015506136,S,0.0003108584337304851,C,0.00039980604155442017,0.0008124501550581978,0.10672664548364084
565,I,T,0.001848660903160153,I,0.0027304657741788058,M,0.00012114408546869141,S,0.0014998291406593104,S,0.0011641721362060198,V,0.0006511835997239956,L,0.0005997448980320737,I,0.003504407983442146,I,0.0032266145071640252,I,0.0024589620210299945,I,0.0007433658312316476,I,0.0007432802812606744,T,0.0007769517971588099,S,0.0014493424155466832,A,0.0007477127326069571,0.001484389207124666,0.19499520023747013
566,I,I,0.0003572374684188118,L,0.0007975187547276646,L,0.0007724153918733746,I,0.0005184535893483318,I,0.0009670448052126724,A,0.001527681528707213,I,0.00045741428824253234,I,0.0005088723797805124,I,0.00035570740551653444,I,0.0006066751644919188,I,0.00047305232876698646,I,0.00047305232876698646,V,0.0009305439976545993,V,0.0012015480364155004,M,0.009004366305512917,0.0012634389182291034,0.1659703019029064
567,A,L,9.877817122013845e-05,V,0.0007571772421287095,V,0.0007325071630884427,L,7.033831655917098e-05,L,0.00011976041307326459,T,0.0004940249803982807,L,4.469801512279864e-05,F,0.0006683841269651381,F,2.1269607413792217e-05,V,4.82532997481897e-05,F,0.0001155332492652626,F,0.00010661002178040891,L,0.00010165139154983697,F,8.164100991523655e-05,L,4.859629520534922e-05,0.0002339482202289347,0.03073235767936273
568,R,R,0.0,R,0.0,R,0.0,R,0.0,R,0.0,R,0.0,R,0.0,R,0.0,R,0.0,R,0.0,R,0.0,R,0.0,R,0.0,R,0.0,R,0.0,0.0,0.0
569,L,L,0.0,L,0.0,L,0.0,L,0.0,L,0.0,L,0.0,L,0.0,L,0.0,L,0.0,I,0.0,L,0.0,L,0.0,L,0.0,L,0.0,L,0.0,0.0,0.0
570,A,A,0.0022030409984485372,P,0.0009931602603242009,P,2.7039637647264454e-05,K,0.000339802368742545,R,0.00020730504721018977,N,0.00048226947342025093,A,0.0016735060286060574,C,8.051687768136477e-05,C,0.000198226163348051,W,0.0009670982093974001,W,0.00017845375566269357,W,0.00017845375566269357,A,0.0016840953081328355,A,0.001610592448331022,R,0.00012577611333603763,0.0007299557630634097,0.09588985792935012
571,D,N,0.0064983629499389284,D,0.0014299618502532545,D,0.0014299618502532545,G,0.0013986945607054667,G,0.0008213663066342992,D,0.0012808346162978084,N,0.009004366305512917,N,0.009004366305512917,N,0.009004366305512917,N,0.009004366305512917,N,0.009004366305512917,N,0.009004366305512917,N,0.009004366305512917,N,0.009004366305512917,G,0.0003164595761112638,0.005680704810286509,0.7462397103502699
572,D,D,0.00020459021362822675,D,2.640379637928098e-05,D,2.640379637928098e-05,D,3.9098357386543384e-05,D,3.9098357386543384e-05,D,0.00020459021362822675,D,6.68060546417671e-05,D,0.00020459021362822675,D,0.00020459021362822675,D,0.00020459021362822675,D,0.00020459021362822675,D,0.00020459021362822675,D,0.00020459021362822675,D,4.6917887286371605e-05,D,3.9098357386543384e-05,0.00012803655439147635,0.01681938499784906
573,-,-,,L,0.00010730957527441092,L,0.00010730957527441092,-,,-,,L,0.0005084534591316607,L,1.5681086288470497e-05,-,,L,9.639453859096455e-05,L,0.0004970424929276861,L,0.0004578764503429221,L,0.0004578764503429221,-,,-,,-,,0.000280992953521681,0.03691233874127502
574,-,-,,-,,-,,-,,-,,G,0.0,G,0.0,-,,G,0.0,-,,-,,-,,-,,-,,-,,0.0,0.0
575,L,L,0.0031446874289580273,-,,-,,I,0.0032811999316151356,V,0.0007038808307359167,T,0.0022893671811480784,T,0.0015476661250779116,L,0.0010869867654302071,T,0.0001666788665371917,-,,-,,-,,L,0.0017376948349073138,L,0.00104714339565837,T,0.0015874798468257958,0.0016592785206893945,0.2179693478223925
576,G,A,0.009004366305512917,G,0.003926156547804809,G,0.004627717724968464,H,0.009004366305512917,C,0.009004366305512917,-,,-,,A,0.008915117083123604,S,0.0013551676726379653,G,0.004250767888892159,G,0.004899249878289412,G,0.00439046860628577,A,0.009004366305512917,V,0.0011828494984599794,R,0.0014299618502532545,0.005461147844059007,0.7173978443574599
577,T,T,0.0012137898423078151,T,0.0003996914159732001,T,0.0015011777959797864,S,0.004752687628378246,G,0.002427034561865478,-,,-,,T,7.352421029877747e-05,-,,C,0.0001447019001883569,S,0.0008665737015843935,S,0.0008665737015843935,T,0.0005652907308451862,T,0.00019991974533892026,C,0.0007965477922831102,0.0011506260855523053,0.15115076482221074
578,S,S,0.0008681808691368744,S,0.0008217231615067108,S,0.0008217231615067108,Y,0.00022050377370833946,Y,0.00020016816417785339,S,0.00017474301571956716,S,0.0007550762605339686,S,0.0008883211929555615,-,,A,0.0002996510059414622,A,0.0002996510059414622,A,0.0002996510059414622,S,0.0004866429325541701,S,0.0009313812753623192,Y,0.0001935582007469494,0.0005186410732666723,0.06813072976251949
579,T,S,0.00011736978170475208,P,0.0006369731638319814,P,8.604150155397874e-05,Q,0.001746865593208023,K,0.0009647351424452477,K,0.0001652697109119199,S,7.265820317440502e-05,S,5.5879072036308374e-05,T,8.868437294111448e-05,K,5.676164433032564e-05,K,2.6936520011993753e-05,K,2.6936520011993753e-05,P,7.937532539990447e-05,P,0.0007752852881391512,Q,0.0004855588768294586,0.00035902204776870383,0.047162547233776414
580,D,E,0.0020124565221314697,F,0.0003585156540853735,F,0.00018497582549313474,A,0.0020891553185260667,A,0.0013090560303306363,A,0.002799287736763056,D,0.0006323776891966478,A,0.0005488426255884105,A,0.002076811272574958,N,0.0013431862690058349,N,0.0011338454632566371,N,0.0011358424872753787,D,0.0026648087187518743,D,0.0018000297308113972,A,0.006460641537881607,0.0017699888587781655,0.23251269295071963
581,E,E,0.0024039598706343305,E,0.002073118405203644,E,0.0018874134416990982,E,0.004350662299132258,E,0.004278568031515586,E,0.0026149888127816813,E,0.0005780403180702588,E,0.0006964529200873218,E,0.0010807379622238154,E,0.0022335931878724995,E,0.0022723162986104063,E,0.0022723162986104063,E,0.0017473584022902465,E,0.0020235950542725747,D,0.00020979859094894687,0.002048194659596872,0.26905890035878344
582,L,L,0.000624553929854295,M,0.00018810576644163107,M,0.00031690747485749264,R,0.0006232810114016092,R,0.00044885808832913513,M,0.0007672092070679919,L,0.0008446469579924896,L,0.0008426681216490283,L,0.00044909618448412525,H,0.002312992501699452,H,0.0023099919584987504,H,0.0023099919584987504,L,0.0003056337659999939,L,0.00029819027487150575,R,0.00023746791263319048,0.0008586396742852961,0.11279428226470246
583,K,A,0.0003374432948000713,K,0.0036868111527876605,K,0.004855319131018356,S,0.009004366305512917,S,0.009004366305512917,K,0.007030875443508594,K,0.005453449135183114,E,0.0006026891923238643,Q,0.008150491488963373,Q,0.00704337252819245,Q,0.00820528491930962,Q,0.008183874803866235,A,0.0004954609881115065,A,0.0008925310078405559,A,0.0014299618502532545,0.004958419836478965,0.651357517445529
584,R,R,1.3890589865724764e-05,R,1.5970435350478863e-05,R,1.5970435350478863e-05,R,1.8910640278555768e-05,R,1.2095592114151598e-05,R,0.00010197276873047755,R,1.957620908367142e-05,R,0.0007567474513275875,R,0.00010197276873047755,N,4.093685011735621e-05,N,4.093685011735621e-05,N,4.093685011735621e-05,R,1.9338540666354972e-05,R,1.9338540666354972e-05,R,2.1829169784569705e-05,8.269491282006349e-05,0.010863128757991673
585,G,G,0.0002751117417904689,G,0.00023405626502834796,G,5.269053455210278e-05,G,4.2660834862289626e-05,G,4.668146115460165e-05,G,0.00023599384910565595,G,0.0002496455953861965,G,0.00027824346121105574,G,0.00027741091799867644,G,0.0003224674715076725,G,0.0003262400006864093,G,0.0003224674715076725,G,0.00027385435137050883,G,0.00028016913762341563,G,0.00024138717392425398,0.0002306053511806219,0.03029322526293534
586,D,D,0.0,D,0.0,D,0.0,E,0.0,E,0.0,D,0.0,D,0.0,E,0.0,E,0.0,K,0.0,K,0.0,K,0.0,D,0.0,D,0.0,E,0.0,0.0,0.0
587,V,T,0.0008009302602444806,V,0.0005038463815111886,V,5.428137855698782e-05,E,0.0014898545293528269,E,0.0013955240711302195,V,0.0008348183698720845,V,0.0004153369402113037,G,0.0015559705301576383,V,0.0001383770688867458,D,0.00028322090759032846,D,0.00015342690801164378,D,0.0001478271686730175,V,0.001134222567233128,V,0.0007282319893001842,E,0.0012570391997521937,0.0007261938846989314,0.09539568280234864
588,P,M,3.761162415933956e-05,P,7.474298458737572e-07,P,5.614886526288637e-05,S,0.0015870492979638885,A,0.00036075422335974305,P,0.0001716102128150955,P,0.00012010888506089912,A,0.0002635670368668668,A,0.00024973046538031966,G,6.492614394242208e-05,G,8.859801474706581e-05,G,8.859801474706581e-05,L,0.0006874964258668801,C,0.00014887180349788638,T,0.00387106382749396,0.0005197921514006795,0.06828193991020338
589,K,K,3.909850254682286e-05,K,2.323157428855751e-06,K,3.144882437210169e-06,S,1.1032751308250644e-05,S,1.1032751308250644e-05,K,9.192575929738415e-06,K,2.4019770712266754e-05,N,0.0009390815519886938,N,0.0009390815519886938,S,7.5647172138298545e-06,S,7.5647172138298545e-06,S,7.5647172138298545e-06,K,3.909850254682286e-05,K,5.489378163341925e-06,S,1.1032751308250644e-05,0.0001370881519539125,0.018008438428502305
590,A,S,5.91875897003113e-05,A,0.0014299618502532545,T,0.005990828370785393,G,0.002629910382960918,S,0.0011533581898525386,A,0.00046412105784840647,S,0.00015411956842087014,S,1.1050893661379223e-05,S,7.174998397531699e-05,Y,0.002886441399566667,Y,0.002825090538433099,Y,0.0027992981942490934,S,8.177451129508951e-05,S,0.0009123456733455459,C,0.00032183152653335936,0.0014527379820587496,0.19083737091624733
591,I,V,0.0,I,0.0,I,0.0,I,0.0,I,0.0,V,0.0,I,0.0,I,0.0,I,0.0,L,0.0,L,0.0,L,0.0,V,0.0,I,0.0,I,0.0,0.0,0.0
592,Q,Q,0.0006014753382929506,Q,0.0015825132716028665,E,0.0048749888596980725,S,0.0011124756477328903,S,0.0007475401849652185,E,0.004498012877929465,Q,0.0002123851063577757,I,0.003608679430262997,L,0.004690036428673997,D,0.0033330592663790666,N,0.0032347939450439933,N,0.003230904514367073,Q,0.00021762150248003873,Q,0.00043902002746976256,S,0.0004232402105532881,0.002187116440787297,0.28730821153037694
593,C,C,0.0028859023970527345,L,0.009004366305512917,L,0.009004366305512917,C,0.00236475540880826,C,0.002626332570370055,C,0.0013502742231391513,C,0.0032748658078769555,C,0.000609692801054434,S,0.006743244885589925,C,0.004065466450428367,C,0.004596157509322851,C,0.004794787374816002,C,0.0023621519253070066,C,0.0031832930479482346,C,0.0008583584556567844,0.003848267697893106,0.5055235693687127
594,Y,H,0.0002617725858850998,Y,0.0007319967110706691,Y,0.0007319967110706691,Y,0.0007319967110706691,Y,0.0007319967110706691,Y,0.00017885147285871903,Y,0.0001266013250188353,Y,0.0007319967110706691,C,0.0014299618502532545,Y,6.164542284721893e-05,Y,6.164542284721893e-05,Y,6.164542284721893e-05,Y,0.0001266013250188353,Y,0.0001266013250188353,Y,0.0001266013250188353,0.0004147940688644944,0.0544889791217366
595,M,M,0.0,M,0.0,M,0.0,M,0.0,M,0.0,M,0.0,M,0.0,M,0.0,M,0.0,K,0.0,K,0.0,K,0.0,M,0.0,M,0.0,M,0.0,0.0,0.0
596,N,H,0.0009824239127884165,K,0.0003896584353403418,K,0.0003896584353403418,K,0.00021892341011033907,K,0.0001762144270564371,I,0.000149237990940469,N,0.0023331664861738492,N,0.0012900712892514013,H,0.0006468301837139202,K,0.00041002285718661527,K,0.000269404617046485,K,0.000269404617046485,H,0.0009510642102068205,S,0.0018932230192139742,K,5.803093186672803e-05,0.0006951556548855083,0.0913183789467051
597,E,E,9.145770712751621e-05,E,2.3369849976764793e-05,E,2.3369849976764793e-05,D,9.865301804562411e-05,D,0.0009060815890215941,Q,1.4448820049230762e-05,E,3.2894936696839465e-05,E,0.0006066448692078975,E,7.137073042469449e-05,E,0.00020085488679889082,E,0.00020011643267161552,E,0.00020085488679889082,E,1.5780887204356817e-05,E,5.193164487304808e-06,D,6.477081786546134e-05,0.0001703908297568964,0.022383209071853805
598,T,-,,-,,-,,N,0.0015729249102615609,N,0.0009976692785096187,-,,-,,-,,-,,H,5.029692609366255e-05,H,5.02969260936625e-05,H,5.02969260936625e-05,-,,-,,N,4.25446535762562e-05,0.00046067160343807057,0.0605156323725404
599,-,T,0.0010731926087317217,R,0.0008217322840809489,R,0.0010820973222460848,P,0.00016890643107424731,P,0.00013392182748410297,T,0.00011411962038778984,K,0.0015317595898979356,N,6.57451210101571e-05,N,8.139741395435995e-05,I,0.0019031903904841378,I,0.0019269369029534945,I,0.0019031903904841378,T,0.0007981431037714764,T,0.00038340382386979307,P,8.014497987074105e-05,0.0008045254540200753,0.10568562560938288
600,G,G,0.00024894257652213265,N,7.086427713217345e-06,N,7.086427713217345e-06,E,0.0038024377852762777,G,0.0002212167825109043,G,2.1847945159290137e-05,K,0.0002436313912235746,G,0.0002327654173331229,D,0.000432420036187374,N,0.0001474197923507483,N,9.552140824321123e-05,N,9.552140824321123e-05,G,1.78272974166358e-05,G,0.00023788350456938238,G,8.939982517545585e-05,0.0003934005350425171,0.05167864043739368
601,A,A,0.000967996583868706,A,0.0006498350704559095,A,0.0006583093953571659,S,0.00021807509755009,A,7.390952416762159e-05,E,0.0001706091640813928,V,8.402366051867574e-05,V,0.0004756289875188849,I,0.0006275499933655357,L,0.0006333442112644036,L,0.0006333442112644036,L,0.0006333442112644036,V,0.0007984431530613661,A,0.000663727104751766,A,0.0011049705298165399,0.0005595407265537911,0.07350346896332063
602,S,S,4.8291607614382456e-05,T,1.6014612647262514e-05,T,1.6014612647262514e-05,T,4.8291607614382456e-05,T,0.0003791236897100379,S,0.0003791236897100379,S,2.4747496754213155e-05,S,0.0003791236897100379,G,0.0004459968298308422,T,4.8291607614382456e-05,T,4.8291607614382456e-05,T,4.8291607614382456e-05,S,0.0003791236897100379,S,0.0003791236897100379,T,4.8291607614382456e-05,0.00017920944307440434,0.023541656776411832
603,E,E,0.00029050794847519277,E,0.00029935169695017357,E,0.0003588539839090817,E,4.6985258571564725e-06,E,1.8589745787349257e-05,Y,0.0013019995237273858,E,0.00010001641523848064,E,0.0003053058225061213,E,0.0002618226871275068,A,3.3407251352274905e-05,A,1.906119560713215e-05,A,3.3407251352274905e-05,E,0.0006312839127954964,E,0.0002877915155234563,E,0.00029399730875517095,0.0002826729856642836,0.03713303436643843
604,E,-,,-,,-,,E,0.0003929201384624673,E,0.0005201236449543709,-,,-,,-,,-,,-,,-,,-,,-,,-,,E,0.00047367694805655185,0.0004622402438244633,0.06072169513881295
605,-,-,,-,,-,,-,,-,,-,,-,,-,,-,,-,,-,,-,,-,,-,,-,,,
606,-,A,0.009004366305512917,I,0.001251733414005292,I,0.0018240158687355987,-,,-,,E,0.0028744480129402096,E,0.0025464966399868756,E,0.004030173609786333,E,0.002388999401351924,A,0.009004366305512917,A,0.009004366305512917,A,0.009004366305512917,E,0.0033683183475408844,D,0.0046438963271173035,-,,0.004912128903626342,0.6452765585720398
607,-,-,,-,,-,,-,,-,,-,,-,,-,,-,,-,,-,,-,,-,,-,,-,,,
608,-,-,,-,,-,,-,,-,,-,,-,,-,,-,,-,,-,,-,,-,,-,,-,,,
609,G,E,0.000365448332695192,E,0.0004257816451103956,E,0.0004284277294438935,D,5.5800471906045505e-05,D,0.001033269816065644,D,0.0002041677711295298,E,0.00027899677688051987,V,0.0037535082004044045,S,0.0032322212895845334,Q,0.0031666586646816805,Q,0.0031706156151131925,Q,0.0031706156151131925,E,0.0006890179237126211,K,0.001515734115410409,D,0.0006390697698648187,0.001475288915807738,0.19379975020384924
610,A,S,0.0,A,0.0,A,0.0,A,0.0,A,0.0,A,0.0,A,0.0,A,0.0,A,0.0,V,0.0,A,0.0,A,0.0,A,0.0,A,0.0,A,0.0,0.0,0.0
611,R,R,0.00014244222373282543,Q,0.002258656052170896,Q,0.0021758643161332784,V,0.0014299618502532545,L,0.0016051252381402102,R,7.829824439792836e-05,R,0.00011601550756258798,Y,0.00033150947472717403,H,0.0005319119544239702,H,0.0024662913165036204,H,0.0024662913165036204,H,0.0024662913165036204,R,0.00017770462465033432,R,0.0002551655166836636,L,0.0007203002112140272,0.0011481219442400674,0.15082181097758623
612,E,A,9.332776227416325e-05,E,2.3202710238051557e-06,E,8.602396435552724e-05,T,0.0014633404093402482,N,0.0007765039285638997,E,0.00036682665418228284,Q,0.0021404579938941078,K,0.0031917652997319997,Q,0.0006375296035206801,E,0.0004309286772635937,E,0.00042861744065594176,E,0.0004309286772635937,T,0.0006257222374631572,S,0.0013799255563856393,N,0.0008445375919545991,0.0008599170711915493,0.1129620861427703
613,Y,Y,0.0004532535679073616,H,0.0003075845970203647,H,0.0002901117010798033,Y,0.0023464059843474588,Q,0.0017303270493276859,H,0.0002310594639802894,H,0.0002166489466422379,H,0.00016420548070434995,H,0.00018997707329068185,H,0.0003373833426575008,H,0.00039852054333522254,H,0.000372668680870463,H,0.00021136648715124433,H,0.0001003888375487021,R,0.00776137932705086,0.0010074187388609483,0.13233848492316083
614,I,I,0.00039561887380996994,V,0.0004601444809840008,V,0.000725188711070834,I,0.00013322826832549102,I,0.00014965549613402728,I,0.000931354241634316,I,0.00010655640776126551,I,0.0022665124960995165,I,0.0031808702929241837,A,0.004087007834021037,A,0.004619895603407957,A,0.004619895603407957,V,0.0007331367117903566,V,0.0007300998455860341,L,0.000751293415187852,0.0015926972188096535,0.2092229663277033
615,K,Q,0.0025475064093255255,R,0.0006706416203596243,R,0.00047005949813703866,N,0.00032283150267851496,D,0.0010348290696541391,Q,0.0016869516659756536,R,0.0015788245928989857,Q,0.001840215305099585,H,0.0014299618502532545,L,0.0023094987393221028,L,0.0021531317073732515,L,0.0021531317073732515,Q,0.002547314699462696,R,0.002946758210922373,N,0.0007440564072201976,0.0016290475324037467,0.21399808638648163
616,Y,G,0.0009090472984558259,F,0.0005843775858419961,F,0.0006563113845633595,A,0.0007013481697092424,T,0.0007890632610878216,G,0.0015101986585731417,L,0.0012766676382950576,N,0.0006927801953221852,S,0.0008825063376718957,E,0.0007136778301392412,E,0.0005675357082112755,E,0.000571639560050202,Q,0.00043455967825146584,Q,0.00018912044805221247,V,0.0011629180210963738,0.0007761167850214198,0.10195375119714352
617,L,I,4.603652234904163e-05,L,0.00012908525550872502,L,0.0004908522531921359,M,0.00010612461991038141,M,6.511523820132165e-05,L,0.0008798079527541841,L,0.000472852623604632,L,0.00081782465262808,L,0.0008057137462718991,L,0.0007533353613527539,L,0.000749594366839313,L,0.000749594366839313,M,0.00018253589911840213,M,0.0002458077821842389,M,0.00043503798412107596,0.0004619545749916999,0.060684168558197214
618,I,I,0.0007126462720971024,I,0.0004188110683105895,I,1.6818979782673885e-05,I,0.0023965155515984003,I,0.0009032488596974063,V,0.003536813365956648,I,0.00022252029273524317,L,0.00012500661428437612,L,0.0004997853685277964,V,0.00039360037948703704,V,0.0013982465608458848,V,0.0013982465608458848,I,0.0005191671288222527,I,4.640152798558648e-05,I,0.00015966965142334612,0.0008498332121600151,0.11163743078851232
619,S,G,0.0002677812640727196,R,0.00035736179201788384,R,0.0002398592827282021,N,4.6957607274974804e-05,K,6.9199687579509e-05,R,0.0006810180765450097,S,0.00011198854447090408,D,0.0006342605780562705,N,0.0002472154350915612,A,0.00016390134327617283,A,0.0001618919886031058,A,0.00015450461572725607,S,0.00029900527597965317,N,1.979746305494977e-06,S,3.3524168932129996e-05,0.0002313632937773898,0.03039279158133478
620,A,V,0.0010719866285466432,E,0.0002038801696946898,E,0.00021550766210594175,R,0.003692989481449865,E,0.001186049223649514,D,0.000772891246247906,E,0.00020857707301206966,Q,0.0008996406886298569,E,8.094201718740932e-05,I,0.0022884921394981618,I,0.0022682559410085396,I,0.0022600846885451396,H,0.0007659653027281099,D,0.0008747341090462751,G,0.0016454246742866635,0.0012290280697091192,0.161449957598805
621,T,A,5.077436771160979e-06,A,2.6876994104692097e-05,A,2.6876994104692097e-05,L,0.0013127942130711381,K,0.0013127942130711384,C,0.0009914244236820255,T,0.000833551219555572,T,0.0004693603236141882,T,0.00032236787907351775,E,0.00012853923604927284,E,9.283086812106065e-05,E,9.283086812106065e-05,T,0.00010361881806404978,L,0.0006295399324607869,V,0.00036444437058642993,0.0004475285193633856,0.05878910519315903
622,W,W,6.509666199023115e-05,W,0.00040125888563147743,W,0.0004065576289032762,L,0.0004707875138456502,I,0.0002582635581854573,W,0.0004065576289032762,W,0.00040172121195670746,W,9.226227768097925e-05,W,0.0003910231588030209,W,0.0005225545894739682,W,0.0005225545894739682,W,0.0005225545894739682,W,8.118454107389822e-05,W,0.00013156995359299355,I,0.0003043203010487803,0.00033188447266917687,0.04359764871181672
623,K,D,0.004105023307319402,K,0.0012053135949135038,R,0.0035040865853536757,K,0.0008318619095954926,K,0.0006015642260823119,K,0.0006721773266573479,K,0.00039239917604407855,K,0.00014690407699791746,K,0.0008444879987575375,K,7.100172218866323e-05,K,6.7214024790435e-06,K,6.7214024790435e-06,D,0.00430657726886661,D,0.002520036726193559,K,0.0005403517176625863,0.001317015229439385,0.17300829671066337
624,K,D,0.0014299618502532545,E,0.00023681382272894676,E,0.0002714944374415983,E,0.0015238275197932978,E,0.0020816035346151833,K,0.00038445451617808997,K,0.0006302170444502635,K,0.002334630296392146,K,0.0007643901522820537,R,0.0009218859398774721,R,0.0006196739603740074,R,0.0009241719150164289,E,0.0013058255947970404,E,0.0012802082423353975,E,0.0014899462960062408,0.0010799403415027613,0.1418652076726984
625,M,L,0.00017540248410612721,M,0.0012563262132122388,M,0.0014707507292006526,L,0.0002998022295642348,L,0.0006426501497554206,M,0.0016103399194363187,L,0.0001094798398314226,M,0.0019746429566807216,M,0.001461623950450146,L,0.0005738592781894922,L,0.0003069074824548263,L,9.45748410597496e-05,M,0.0015200937521973568,M,0.0007798653495530337,L,2.93436060422785e-05,0.0008203775187822679,0.10776801513878984
626,N,N,0.00041999641839289277,N,2.1524346658128607e-05,N,8.722964655381999e-05,N,8.722964655381999e-05,N,0.00041999641839289277,N,1.505626539606857e-05,N,1.505626539606857e-05,N,2.630197453865798e-05,N,2.630197453865798e-05,N,0.00041999641839289277,N,0.00041999641839289277,N,0.00041999641839289277,N,2.1524346658128607e-05,N,2.630197453865798e-05,N,0.00010130609195974026,0.0001685209749837475,0.02213757759989543
627,K,M,0.0012083495935210924,T,0.001986439241868336,T,0.001597214946010721,W,0.000137347265535702,W,0.0012385457970390918,E,0.0006569468012334554,E,0.00040950177485265615,K,0.0007234418653168365,R,0.0019370030798871152,K,0.0004158268102661195,K,0.0005458635537667609,K,0.0005458635537667609,Y,0.00023244173766638284,Y,0.0014299618502532545,W,0.00012934394042503857,0.0008796061207606217,0.1155485170766381
628,D,E,0.00218666636923249,A,0.0010386924386461493,A,0.0015893955585037528,E,0.00029941610035434543,E,0.00021704324277094106,E,0.0011946364066640646,A,0.00014263091660433004,D,0.0017368150621733611,D,0.0033650607136001495,E,0.0015879085057525682,E,0.0015931240561311345,E,0.0012351744873160477,E,0.0009576147232771704,E,0.0003737774091694135,E,0.0009329724859341984,0.0012300618984086745,0.16158576539996217
629,R,-,,-,,-,,F,0.0018401870140370548,F,0.0008460694610122953,-,,-,,-,,-,,-,,-,,-,,-,,-,,L,0.000684395965550468,0.0011235508135332727,0.14759405067777015
630,A,K,0.0007174306111284337,T,0.002069449113127072,T,0.005613718232915809,L,0.00015811999737280573,L,0.0006835140844729734,C,0.0006359468265784247,H,0.0016845368077659088,R,6.755992290928634e-05,R,0.00024141499500871587,S,0.00038363932303746447,S,0.000390643852471503,S,0.000390643852471503,A,0.00040154427784971935,K,0.0008528879360259346,L,0.00040137107687687805,0.000979494727334162,0.12867027702124106
631,A,K,0.0002720121081144787,-,,-,,K,0.0013522646846777966,K,0.00020620434780676235,-,,-,,-,,-,,-,,-,,-,,R,0.0020066144145200835,M,0.002019801422361375,K,0.00032110968275508335,0.00102966777670593,0.13526120597829236
632,-,-,,-,,-,,-,,-,,-,,-,,-,,-,,-,,-,,-,,T,0.0,-,,-,,0.0,0.0
633,S,-,,A,0.0014122735868214817,A,0.00023579421023436868,-,,-,,L,0.0003116141158697473,N,0.00036544657372667946,-,,F,0.00033146930765458094,-,,-,,-,,A,0.00035066323053859963,-,,-,,0.0005012101708075763,0.06584093790805354
634,S,S,0.0004891337747499444,A,0.0024020092841800047,A,0.0013078895882366107,-,,-,,-,,-,,-,,-,,F,0.002251808101054331,F,0.0022512819228950862,F,0.0022512819228950862,A,0.001677117987279756,A,0.0013804062709560467,-,,0.0017513661065308582,0.23006633502383161
635,-,-,,-,,-,,-,,-,,-,,-,,-,,-,,-,,-,,-,,-,,-,,-,,,
636,-,-,,-,,-,,-,,-,,-,,-,,-,,-,,-,,-,,-,,-,,-,,-,,,
637,-,-,,-,,-,,-,,-,,-,,-,,-,,-,,-,,-,,-,,-,,-,,-,,,
638,-,-,,-,,-,,-,,-,,-,,-,,-,,-,,-,,-,,-,,-,,-,,-,,,
639,-,-,,-,,-,,-,,-,,-,,V,0.0014299618502532545,V,0.0014299618502532545,-,,N,0.0007453800968663029,N,0.0010622433638483892,N,0.0010622433638483892,R,0.0011178020315999798,H,0.001932925467712064,P,0.0030607314363550915,0.0014801561825920906,0.1944391334981151
640,-,-,,V,0.003028146425825313,A,0.0014299618502532545,P,0.0005524659078129206,P,0.0009806804047124563,-,,A,0.0007674459132894213,I,0.0010407790900635579,I,0.0014337839758398112,L,0.0018524612697308975,L,0.0017900464436481141,L,0.0017900464436481141,S,0.0006240841928746905,S,0.00018335822192050484,-,,0.0012894383449682547,0.1693856887830634
641,-,-,,D,0.0008342250088820876,D,0.0008352763395911779,H,0.0019078255943747666,D,4.1698399659886064e-05,K,0.0003545364967788461,A,0.0003030379460555999,N,0.0016386628300187555,H,0.0018038255678087902,N,0.0009807678080078282,N,0.0009884795294575826,N,0.0009884795294575826,S,0.0016809668296619295,S,5.2182992522732604e-05,D,0.0010636374667459352,0.000962400167073107,0.12642466839981165
642,P,C,2.788993560677542e-05,C,1.377149194038079e-05,C,1.3763371645678012e-05,S,0.0003843712399075478,S,0.0008500794835549953,C,0.0006322711499611359,H,2.5861051138170462e-05,S,3.8986297454163235e-06,S,4.32338058040363e-06,H,6.067284287577923e-05,H,6.067284287577923e-05,H,6.067284287577923e-05,S,1.4873521966337067e-05,S,3.950089227348959e-06,S,1.1019786805038254e-05,0.00014453944404710435,0.018987269443148585
643,F,R,0.0012850815575199002,P,8.28810547240355e-05,P,2.965360513622852e-05,N,0.0007316904637469315,N,0.0015655156550696233,C,0.0077192223866890475,P,0.0005430229135937657,P,0.00021808077156250535,P,0.00033599685698556175,D,0.004679523758994276,D,0.0048183917907641685,D,0.0048183917907641685,L,0.0015588466682018268,I,0.0032737085071218317,G,0.009004366305512917,0.0027109582724257858,0.3561221333527898
644,-,L,0.00015965475139426299,F,0.0007355594547388462,F,0.0023617003953813344,V,0.009004366305512917,V,0.004516696834873982,L,0.0014299618502532545,F,0.0003125068075169096,S,0.0013657524868902595,F,6.03263380037853e-05,S,0.001455358729645417,S,0.0005957845450686409,S,0.0005276571177790706,L,0.0005936913579675248,L,1.551428757367751e-05,V,0.0018436695099843913,0.0016652133848389513,0.21874897490245374
645,S,H,0.00019245425223053897,T,0.0018756749720176208,T,0.002598007234601798,P,0.00011590493188890072,P,0.00011590493188890072,P,2.747798279532667e-05,P,0.00028144823148137845,S,0.0010418651456630978,P,1.4264971174767915e-05,V,0.002631799161893344,V,0.0018882207637874206,V,0.0018882207637874206,S,0.00028964614733746955,H,0.0002569194055693588,P,0.00010421227468467687,0.0008881347447201347,0.11666887063940533
646,H,Q,0.0003799291242776326,D,0.0014299618502532545,D,0.0010984864976362081,I,0.0022624040686615044,I,0.0007212140515053893,K,0.00114754411488163,K,0.001292805406993524,K,0.0013737436912988066,E,0.00019351482546947797,S,0.0014917663498948631,S,0.0014917663498948631,S,0.0014917663498948631,R,0.00012945387764107968,H,0.0017374338289142517,I,0.0008996089083869176,0.0011427599530402846,0.15011743873972921
647,I,G,0.0010925803992442203,D,0.002928347545259937,D,0.002880543915447408,T,0.0010263925331811085,S,0.0024364064847080566,S,0.003025715513351099,M,0.0031268896018159533,Y,0.0019333490398814007,P,0.0025946485700397257,S,0.0037188723002916616,S,0.004485989260221734,S,0.004485989260221734,R,0.0028307353778721503,D,0.0014299618502532545,S,0.0012168388686584607,0.0026142173680298608,0.34341386793742895
648,F,F,0.0013621319776311955,L,0.000337626512533192,L,0.00017659217555635447,S,0.00023789260236434863,S,0.0005344091487130522,Y,0.001643424615860289,F,0.0013185193787020586,F,0.0008025844444246138,F,0.0015388454634894227,F,0.0011896104993672774,F,0.0012938118818030847,F,0.0012938118818030847,F,0.0003900348366528288,F,0.0006529093177333725,S,1.9378104175865037e-05,0.0008527721893873359,0.11202350638794685
649,I,L,3.584264820007034e-05,V,0.00012110098299127872,V,0.00014606379588704728,K,0.0003805112135970854,K,5.8740019908007544e-05,V,0.0006166222033537084,V,0.001759762606990354,S,0.000565825837799874,V,0.0006592038548961548,K,0.00017405675478901435,K,8.738084226239315e-05,K,8.738084226239315e-05,V,0.0009009186626058533,M,0.0009459634365684993,K,4.2207938456276486e-05,0.00043877210937120066,0.05763882876188874
650,E,E,0.001037536745438716,T,0.0023694529750941623,A,0.0014299618502532545,K,0.00018933698928238433,K,0.0005724025678559851,E,0.0005233393430228953,K,0.0005536179284242837,E,9.638926084918844e-05,E,0.0006734630315504636,Q,0.0006709566302102287,Q,0.0006709566302102287,Q,0.0006709566302102287,E,6.4911064438804935e-06,E,1.1187766722246138e-05,K,0.0007078922188548014,0.0006789294449615297,0.08918684023836977
651,I,A,6.843657040914184e-05,A,0.000560076762685723,A,0.0005460468012208839,H,0.0014638271582196717,H,0.001258475921498864,T,0.0044435925695139504,S,0.003835267133523161,T,0.00687849260171522,I,0.00037252376186818284,A,0.00020955804808678972,A,0.00064483940100992,A,0.00022238411123178664,T,0.004145946859294994,T,0.0033743229978880317,I,0.0009793978318715117,0.0019335459020025224,0.25399818896531273
652,A,A,0.0006447992746030539,A,0.0007752740317731726,A,0.0005918507741851354,A,0.0008740258275002404,A,0.0007420102987059768,V,0.002808865312280057,A,5.5687031836190914e-05,I,0.001528112351256924,A,0.00014050118775881055,A,0.0005939551182087752,A,0.0004915127929719835,A,0.0004915127929719835,A,0.00018715407867704825,V,0.0002542738053736287,N,0.0023614295193426864,0.0008360642798297109,0.10982868972254582
653,L,A,5.50275821166905e-05,A,0.00018482963562459686,A,7.527879453018879e-05,F,0.00012623003389385782,F,0.0001191324529400798,L,0.00204879621377455,M,0.0001480710958857163,I,0.0005189951795813682,T,0.0014299618502532545,L,0.0007164300792968084,L,0.0006216877742900677,L,0.0007118037998386632,M,0.0017877295840504673,I,0.00221656460698394,F,0.00020998970119377774,0.0007313685589502684,0.0960754483496593
654,N,N,6.992839897566532e-06,N,1.4467260073934667e-05,N,1.4467260073934667e-05,D,1.0914479216743791e-05,D,1.7133611062752268e-05,N,1.4467260073934667e-05,N,1.4467260073934667e-05,N,1.1996648107082692e-05,N,1.2256050620468545e-05,N,8.602934519153139e-06,N,8.602934519153139e-06,N,8.602934519153139e-06,N,7.509022247095266e-06,N,1.0989544706592419e-05,D,0.000687911825080873,5.6625457652824844e-05,0.007438542668293352
655,L,L,0.0016330909112617232,L,0.001139880523249069,L,0.0005755705258778667,I,0.0018852050309182747,I,0.0020673854456393723,M,0.0016583430335849962,L,0.0019466293878922863,L,4.1696468406191406e-05,L,0.000518272083912893,F,0.0011149123667133327,L,0.0008178384605287927,L,0.0008178384605287927,L,0.0024771213617735943,L,0.001813032544408193,I,0.0016716128754712422,0.0013452286320111081,0.17671452015761913
656,A,G,0.0017126905674757378,G,0.0018477989122259527,G,0.000841602497794937,L,0.0009333001868567357,L,0.00274027254632122,V,0.0014299618502532545,A,0.0019000848944200972,A,0.0010404013745354767,A,0.0012356510068605787,A,0.0009077341855723778,A,0.0008190820051315128,A,0.0008190820051315128,A,0.0018015361383483298,A,0.0009226795803066992,T,0.0006116879653857255,0.001304237714441343,0.17132979212196003
657,R,-,,-,,-,,R,0.00023605647159711987,R,0.00021592877426614138,-,,-,,-,,-,,-,,-,,-,,-,,-,,R,0.00023602727630974858,0.00022933750739100327,0.03012667631981455
658,-,-,,-,,-,,-,,-,,-,,-,,-,,-,,-,,-,,-,,-,,-,,-,,,
659,-,R,0.0003943920473017652,R,0.0004057233846351397,R,0.0004057233846351397,-,,-,,R,9.07196562732934e-05,R,0.00042894189160976905,R,0.0006397433148885135,R,0.001638351834425345,R,0.0004013701084013955,R,0.0004013701084013955,R,0.0004013701084013955,R,0.00020039668087418956,R,7.336891231765925e-05,-,,0.00045678928601375004,0.060005635897284956
660,-,-,,-,,-,,-,,-,,-,,-,,-,,-,,-,,-,,-,,-,,-,,-,,,
661,-,-,,-,,-,,-,,-,,-,,-,,-,,-,,-,,-,,-,,-,,-,,-,,,
662,-,-,,-,,-,,-,,-,,-,,-,,-,,-,,-,,-,,-,,-,,-,,-,,,
663,-,-,,-,,-,,-,,-,,-,,-,,-,,-,,-,,-,,-,,-,,-,,-,,,
664,-,-,,-,,-,,-,,-,,-,,-,,-,,-,,-,,-,,-,,-,,-,,-,,,
665,-,-,,-,,-,,-,,-,,-,,-,,-,,-,,-,,-,,-,,-,,-,,-,,,
666,M,V,1.1096664405181676e-05,A,0.0002595686062459445,A,0.0008546845912893496,A,0.0006163626240970624,A,0.0020195128598364887,T,0.0008729659130350705,M,4.7056977261494565e-05,I,7.889267511193325e-05,I,0.0010549390255590184,M,4.837215272562878e-05,M,4.837215272562878e-05,M,4.837215272562878e-05,M,4.548419359744496e-05,M,4.705481812081226e-05,A,0.0004754646202824145,0.0004352133351346068,0.05717133419137191
667,A,A,0.00021054448216321393,A,0.0001709663101543664,A,0.00017568100364195895,F,0.0019216436435491896,F,0.0010162681527824712,A,0.00014591999666455581,A,0.00022298374370371255,S,0.002227967589893003,A,0.00027992544124034676,V,0.0006311888038195573,V,0.0016919740130232112,V,0.0016919740130232112,S,0.00022044030408414884,S,0.0020506198552567426,F,0.0011809358362492336,0.0009226022126165949,0.12119665268732774
668,Q,Q,0.003675841480473003,Q,0.0026096473481682213,Q,0.0026229485905861854,Y,0.009004366305512917,Y,0.0084654726414729,Q,0.004310272054364659,Q,0.0023845997878924386,H,0.0014299618502532545,Q,0.004180168637847354,P,0.004416826251754985,P,0.004421944057068728,P,0.004421603066434922,Q,0.004539746734680141,Q,0.004512622291505802,H,0.0007079838245294044,0.004113600328169662,0.5403787064998508
669,C,C,0.0019497280874424987,F,0.0007560650400877806,F,0.0010610077651795006,H,0.00017553446938329458,H,0.00017014451569797283,C,0.0025417565285801133,C,0.0015770953641268714,C,0.00274722270687029,C,0.004603691672293975,L,0.00042247465390883923,L,0.0010435148308571807,L,0.00104041758424852,C,0.0028613756137836517,C,0.0009932100771937462,Y,0.0010213880813315281,0.001530975132732384,0.20111491051865785
670,L,V,0.004265321379683851,M,0.004618959321982699,M,0.0038924158256728987,L,0.007924782678838062,L,0.008713284937489171,I,0.0006687789445833465,M,0.0047860856719970455,T,0.004605144005525878,T,0.005607770615924335,M,0.007761385777716604,M,0.008006473062835197,M,0.007860259312271356,M,0.00640340676818806,M,0.00480733900715574,G,0.0011570238556912246,0.005405228744370364,0.7100520916474901
671,Y,Y,0.0,Y,0.0,Y,0.0,Y,0.0,Y,0.0,Y,0.0,Y,0.0,Y,0.0,Y,0.0,Y,0.0,Y,0.0,Y,0.0,Y,0.0,Y,0.0,Y,0.0,0.0,0.0
672,-,-,,-,,-,,-,,-,,-,,-,,-,,-,,-,,-,,-,,-,,-,,-,,,
673,Q,Q,0.0013518459880314175,L,0.0008291502253374739,L,0.00042940562528275586,K,0.0003736964890677533,K,0.00034645298967723624,Q,0.0008937930470099025,Q,0.000540546750120538,Q,0.0008950826991014825,Q,0.0006018715959109993,S,0.0029494755977233565,S,0.0029494755977233565,S,0.0029494755977233565,Q,0.0014951139307959565,Q,0.0016020747938126655,K,0.00043821360584742877,0.001243044968877712,0.16329127256321557
674,H,Y,0.002074236109827114,D,0.001862359555577519,D,0.0023471186487371187,D,0.0020577150119243694,Y,0.000928639319868032,H,0.00033023704220344857,H,0.0006656386171490652,Y,0.001139385016553193,T,0.00011439859111288722,Y,0.001120568408690321,Y,0.0010888852859179962,Y,0.0010888852859179962,H,0.0005799445219785929,Y,1.382241739288999e-05,Y,0.00031710728513087075,0.0010485960745320942,0.13774770157328314
675,G,G,0.00015334886768087475,G,8.437570905528517e-05,G,8.437570905528517e-05,R,0.00032531828582073975,R,0.0006190192856955875,G,5.78198145308652e-05,G,0.00010742909172327522,G,3.930423306826178e-05,G,0.00016059096894467128,D,0.0021885359584953292,D,0.0023331884945238766,D,0.0023331884945238766,G,2.2656410433066678e-05,G,0.00015137678451257008,R,0.0003055408728312312,0.0005977379320596531,0.07852120400233714
676,D,D,0.00010256797306541531,D,2.883477033159371e-05,D,2.9791753432828876e-05,D,0.00011779371642859503,D,0.00011779371642859503,D,6.121857449705488e-05,D,0.00011601366198852877,D,0.00011913779502260726,D,8.867255706043368e-05,N,0.002827528904078604,H,0.002857028827325719,H,0.002857028827325719,D,0.00010206775152944444,D,0.00012526759244178956,D,0.00014797079848721944,0.0006465811479629431,0.08493744080841906
677,G,G,0.00018819838791543056,-,,-,,G,0.00017080460348200418,G,0.00027398782856816574,G,4.369584447629341e-05,G,0.0001051397610693682,G,0.0001774459316455137,G,3.239546348574096e-05,N,0.004253366220257744,N,0.004311140391817167,N,0.004311140391817167,G,1.8410285774766544e-05,G,2.4064538360371357e-05,G,0.0001910384565700134,0.001084679085018442,0.14248770764526558
678,H,H,0.004593328408960026,-,,-,,F,0.009004366305512917,F,0.008609149022685308,I,0.0032293740691391134,H,0.0016651650253678204,H,0.0027003682514855918,H,0.003174552320013842,R,0.004304637901693501,Q,0.004286679507859104,Q,0.004297557123712112,H,0.0025956780402502156,H,0.0033824968837130724,Y,0.0014299618502532545,0.004097947285434299,0.5383224612860903
679,G,G,0.0006470256631944919,-,,-,,S,0.000204044377131394,S,0.000920737714936586,G,0.00039742754140839533,G,4.09184543175524e-05,G,0.0006938626936951051,G,0.0004217251791163584,R,0.0010131802777750686,R,0.0008618682885913433,R,0.0008584203103781246,G,0.00046530636763267075,G,0.00045149605894949423,S,0.0004506738706587831,0.0005712835998296438,0.07504605894901825
680,L,C,0.009004366305512917,-,,-,,V,0.001010849906035222,I,0.0014938957557345258,T,0.0005085484125744383,G,0.00029441896158314336,A,0.009004366305512917,A,0.009004366305512917,-,,G,0.0008045412255335076,-,,C,0.0085711315087536,S,0.0010846401773715114,V,0.0007172773623310693,0.003772582020586888,0.49558120133572076
681,-,-,,-,,-,,-,,-,,-,,-,,-,,-,,-,,-,,-,,-,,-,,-,,,
682,-,-,,-,,-,,-,,-,,-,,-,,-,,-,,-,,-,,-,,-,,-,,-,,,
683,-,-,,-,,-,,-,,-,,-,,-,,-,,-,,-,,-,,-,,-,,-,,-,,,
684,G,P,0.0008396394125617708,G,0.0005328762352844446,G,0.0004953403985139295,T,0.00446000821291934,A,4.905509090349405e-05,-,,Q,0.0013444331634042553,-,,-,,G,0.00016331456655401552,-,,G,0.00027066179210106747,P,0.000754050732732376,P,0.0012401330330545082,S,0.0006166342538705363,0.0009787406265363398,0.12857121537665028
685,-,-,,-,,-,,-,,-,,-,,-,,-,,-,,-,,-,,-,,-,,-,,-,,,
686,-,D,0.003998520526518457,N,0.0020837668713593006,N,0.0016698774800454356,-,,-,,S,0.0003194406699676007,-,,P,0.0032985187135233904,P,0.0031300869648542,-,,-,,-,,D,0.0035292974431063457,E,0.003161619505310636,-,,0.0026488910218356704,0.3479687353767613
687,N,K,0.0017175066033229107,H,0.0017392075532541274,H,0.0006596068934453241,R,0.0017861901289083343,N,0.0009748027283566251,T,0.002629731102165138,N,0.0014222822753757827,D,0.004387555624223736,D,0.005143727398489267,-,,-,,-,,K,0.0010592004596184823,K,0.0023095929502605,S,0.001871727630754037,0.0021417609456811887,0.2813501354357544
688,R,A,0.005176815751153443,S,0.00031908003422107846,S,0.0010389920876440373,N,0.0013499570092482197,N,0.00018541364859680208,G,0.0005770531637802015,S,9.527523168122489e-05,T,0.0011309979787981447,S,0.0002777386668341434,P,0.00021498707668691667,P,0.00011425982869604567,P,0.00011425982869604567,A,0.006240093648077211,A,0.0010797805877981485,V,0.0026233310586069756,0.0013692023733679094,0.1798638050445431
689,E,K,0.0007039126815352919,Q,0.006055153025465935,Q,0.004129234409637502,E,0.00016829485046677284,E,0.00014731964326878582,V,0.003968772436398228,E,0.0002850240671574599,L,0.0011893788780874823,I,0.000610855879744404,V,0.004723427032155559,V,0.004630909477185087,V,0.00460522394644711,K,0.0018064158048431464,K,0.0007694297369729727,E,0.00035341017577413106,0.002276450803009324,0.2990435244563674
690,T,T,0.0012527393382494349,L,0.001493286022020234,L,0.0003081675821104665,I,0.00037294268831772917,T,0.0009121859123916453,T,0.0005194669033119241,T,0.0014299618502532545,A,0.003090674282337881,A,0.00408670291484272,L,0.0009608802299462987,L,0.0009433173763826436,L,0.0009389683655694734,I,0.0010648136800804502,I,0.0002949187955753309,T,0.0008923518278465656,0.0012374251846157367,0.16255303561552317
691,K,V,0.004601219399655683,H,3.928312176575148e-05,H,0.00048359337617574695,R,0.0029542562437610627,K,0.0002778643267467295,Q,0.0037172223934045148,Q,0.004015108085187689,K,0.0003329578627991711,K,0.0003065469306379068,E,0.0004487542564403579,E,0.0004685900132839009,E,0.0004685900132839009,V,0.004606205638897093,V,0.0032146779461837225,K,0.0003676957660837884,0.0017535043582871345,0.2303472241783552
692,D,N,0.001069335338054408,Q,0.0010388350425893232,Q,0.0004553971835857675,N,0.0001607179294575904,S,0.00273211110283463,D,0.004262491338851192,N,0.0005068890584628236,N,0.0004758921866103015,N,0.00021980166799775153,E,0.0022777063105189634,E,0.0020104598704661545,E,0.0020104598704661545,D,0.0015420328389254723,D,0.002628500303727854,S,0.00019311449927233166,0.0014389163027880478,0.18902170080488265
693,R,H,0.0014299618502532545,R,0.006337437171952587,R,0.004616268923489273,L,0.00035182217863118765,L,0.0005113202243727398,R,0.004605926538646377,R,0.005532480501888047,R,0.003137551351474455,R,0.004281839311514527,Y,0.005464479145270445,Y,0.005387814160516005,Y,0.005304150687770557,R,0.006013204679572504,R,0.004647734991977864,F,0.009004366305512917,0.004441757201522849,0.5834866831152
694,I,V,0.0013617122844849293,I,9.678395754322128e-05,I,0.0001561019067239566,V,0.0002266356629846384,V,0.0002266356629846384,V,0.0002021423219773048,I,0.0007108267612729107,I,0.0010835087842184718,V,7.919100802179609e-05,V,0.0008864442217058279,V,0.0008864442217058279,V,0.0008864442217058279,V,0.0013275941801481508,V,0.0027360435234026776,V,0.0002266356629846384,0.0007395429587909879,0.0971492696399999
695,L,R,1.0248317565536422e-05,A,0.0007881580732143455,A,0.0006872469531137816,M,0.0003334617582180412,M,0.0006373208866795899,I,0.0009483815396006788,M,3.737592132753715e-05,K,0.0009196179432406454,K,0.0009363315837128332,K,8.50797764781861e-05,K,9.08676538379235e-05,K,9.08676538379235e-05,Q,5.433141485180343e-05,M,0.000634181524777337,M,0.0002507420040487275,0.0004336142003003261,0.056961265554574626
696,S,S,0.0010498873393595962,C,0.000573746415493488,S,0.001951380558151681,T,0.00607287658168572,R,0.00036692288799525745,S,0.0007070793388053806,A,0.00044866220562747697,A,0.0006318894027471993,S,0.0020705838587470387,F,0.0006579584567246951,F,0.000718857339720371,F,0.000718857339720371,T,0.0024177505494193726,S,0.0029761371410789803,R,2.143469658574314e-05,0.0014256016074574915,0.18727263009645848
697,L,L,9.361444583207062e-06,L,3.2017217071072436e-05,L,0.0005064257986656027,T,6.35012542183494e-06,T,6.605386120520248e-06,L,6.116152597258945e-06,L,1.8270669807384968e-05,L,9.829920798960816e-06,L,6.116152597258945e-06,M,7.806729790818446e-06,M,7.806729790818446e-06,M,7.806729790818446e-06,L,1.0321644491781168e-05,L,6.35012542183494e-06,T,4.581848886305548e-06,4.305111172236521e-05,0.005655363236579549
698,L,L,0.003989845779059726,L,0.002400129042581985,L,0.0020912281639387745,V,0.00033443531209398456,L,0.006095046275388892,I,0.0031310050281480356,L,0.0024960100389233093,I,0.004199415653520647,I,0.0023692166657326985,L,0.0033367006555170254,L,0.003033761161982462,L,0.003288097704656808,L,0.002578304701103278,L,0.0034963867327601253,L,0.002959989862482268,0.0030533048518593345,0.4010941255276503
699,I,V,0.0013752318298601532,F,0.0002102760748218587,F,0.00020931319858606928,I,0.00031773208062597225,L,0.0012196544874806797,C,0.0001921806606090456,F,9.091488161214108e-05,L,0.0017657726561026653,I,0.0003860635934189522,S,0.0012957689960768405,S,0.0012957689960768405,S,0.0012957689960768405,V,0.0025981541444006946,F,0.0012049834864223115,L,0.0003140033831569566,0.000918105831021868,0.12060599032923487
700,Q,H,0.0002522769601253356,E,0.0007372403675802658,E,0.001513672489206284,E,8.938494147927019e-05,E,7.0005937628643e-05,E,0.0012957888947703429,E,0.0005416661378168908,E,0.0011456518044070546,E,0.0005862262249876084,D,0.0002687445460628564,D,0.00012898154806039572,D,0.00012898154806039572,D,0.0010241511428858725,N,0.0012302243304199395,E,8.414179587530921e-05,0.0006064759112910976,0.07966905929643944
701,P,P,0.0004814017628760166,P,0.0001761807882568714,P,0.0001727220152341399,H,0.005667644689822949,T,0.0004373127606491161,P,0.00017276512789858448,S,0.00019645111288176038,P,0.00047638174865455513,P,0.0003216495140088466,-,,-,,-,,P,0.0005317409415809441,P,0.0001779193205098302,P,0.00040342370578741574,0.0007679661240134191,0.10088304833316793
702,I,L,1.5219255892587784e-05,Y,0.0004073316583407329,Y,0.0004418724266057778,V,5.141258789575932e-05,V,6.185615484080573e-05,V,0.00010036824872559187,I,6.572958270620949e-05,I,5.268300738465271e-05,I,0.0005218170813191342,-,,-,,-,,I,1.406868773121785e-05,I,2.0671600861621098e-05,V,5.627886210410775e-05,0.0001507757628673499,0.019806496793537392
703,P,P,6.949958301278182e-05,A,0.001069602800585651,A,0.0005897107251242072,P,0.00056144269032978,P,2.563381544285509e-05,P,0.00019830596880181245,P,0.0016774642187080122,N,7.575896196346284e-05,V,0.0010016068316082423,-,,-,,-,,P,0.00038418519017138346,P,0.0007472910896354673,P,0.0005820191570188238,0.0005818767527002066,0.07643761714361247
704,-,L,0.0039995545950421395,-,,-,,-,,-,,S,0.001606499829083882,P,0.0011636808939142153,-,,L,0.0023769551514738457,-,,-,,-,,-,,-,,-,,0.0022866726173785207,0.3003863021659768
705,L,N,8.673894494621508e-05,-,,-,,L,0.00021452019953780647,F,0.002694150515267889,Q,0.0001943575406631138,A,0.003310798434394488,-,,N,0.00015652599255737532,-,,-,,-,,-,,-,,L,0.0001708161314165792,0.0009754153941119237,0.12813439977645394
706,N,-,,-,,-,,-,,-,,W,0.00017642579882887048,-,,-,,G,0.0018112480146494467,-,,-,,-,,-,,-,,-,,0.0009938369067391587,0.13055432207593148
707,K,-,,-,,-,,-,,-,,P,7.756763929004057e-05,-,,-,,D,0.00017571536265207938,-,,-,,-,,-,,-,,-,,0.00012664150097105997,0.016636125297663694
708,D,-,,-,,-,,-,,-,,-,,-,,-,,I,0.0,-,,-,,-,,-,,-,,-,,0.0,0.0
709,-,-,,-,,-,,-,,-,,-,,-,,-,,Y,6.72729304730177e-05,-,,-,,-,,-,,-,,-,,6.72729304730177e-05,0.008837236544960806
710,-,-,,-,,-,,-,,-,,-,,-,,-,,-,,-,,-,,-,,-,,-,,-,,,
711,-,-,,-,,-,,-,,-,,-,,-,,-,,-,,-,,-,,-,,-,,-,,-,,,
712,-,-,,-,,-,,-,,-,,-,,-,,-,,-,,-,,-,,-,,-,,-,,-,,,
713,-,-,,-,,-,,-,,-,,-,,-,,-,,-,,-,,-,,-,,-,,-,,-,,,
714,-,-,,-,,-,,-,,-,,-,,-,,-,,-,,-,,-,,-,,-,,-,,-,,,
