MSA_Column,Q93X23_Residue,Mean_GAT_Attention,A0A7G5KLV0_AA,A0A7G5KLV0_GAT_ATT,E2E2P2_AA,E2E2P2_GAT_ATT,F2XF95_AA,F2XF95_GAT_ATT,L0HAM7_AA,L0HAM7_GAT_ATT,L0HB77_AA,L0HB77_GAT_ATT,O22340_AA,O22340_GAT_ATT,Q9M7C9_AA,Q9M7C9_GAT_ATT,R4JJJ1_AA,R4JJJ1_GAT_ATT,R9QMR1_AA,R9QMR1_GAT_ATT,R9QMR3_AA,R9QMR3_GAT_ATT,R9QMR6_AA,R9QMR6_GAT_ATT,R9QMW4_AA,R9QMW4_GAT_ATT,R9QMW5_AA,R9QMW5_GAT_ATT,R9QMW7_AA,R9QMW7_GAT_ATT,R9QMW8_AA,R9QMW8_GAT_ATT
1,-,,-,,-,,-,,-,,-,,-,,-,,-,,-,,-,,-,,-,,-,,-,,-,
2,-,,-,,-,,-,,-,,-,,-,,-,,-,,-,,-,,-,,-,,-,,-,,-,
3,-,,-,,-,,-,,-,,-,,-,,-,,-,,-,,-,,-,,-,,-,,-,,-,
4,-,,-,,-,,-,,-,,-,,-,,-,,-,,-,,-,,-,,-,,-,,-,,-,
5,-,,-,,-,,-,,-,,-,,-,,-,,-,,-,,-,,-,,-,,-,,-,,-,
6,-,2.109550714492798,-,,-,,-,,-,,-,,-,,-,,T,2.109550714492798,-,,-,,-,,-,,-,,-,,-,
7,T,1.969756801923116,-,,N,2.0550012588500977,-,,-,,M,2.247507095336914,-,,-,,K,1.6067620515823364,-,,-,,-,,-,,-,,-,,-,
8,S,1.9575403928756714,E,1.724849820137024,P,1.6092180013656616,-,,P,2.1289703845977783,P,1.5493582487106323,-,,-,,P,2.7753055095672607,-,,-,,-,,-,,-,,-,,-,
9,P,2.1425987482070923,P,1.8616385459899902,A,2.788116931915283,-,,A,1.557111382484436,D,2.565701723098755,-,,-,,A,1.940425157546997,-,,-,,-,,-,,-,,-,,-,
10,D,1.9435221433639527,A,1.8527549505233765,E,1.9659932851791382,-,,E,2.570486545562744,E,1.5811474323272705,-,,-,,E,1.7472285032272339,-,,-,,-,,-,,-,,-,,-,
11,I,1.993827795982361,L,3.2165215015411377,I,1.7739616632461548,-,,M,1.6624945402145386,I,1.4770817756652832,-,,-,,I,1.83907949924469,-,,-,,-,,-,,-,,-,,-,
12,L,1.7084118366241454,A,1.5654692649841309,T,1.8449290990829468,-,,T,1.485929250717163,T,1.927022099494934,-,,-,,T,1.7187094688415527,-,,-,,-,,-,,-,,-,,-,
13,R,2.1025551080703737,R,1.2474539279937744,R,1.71736741065979,-,,R,1.9793518781661987,R,3.547039270401001,-,,-,,R,2.0215630531311035,-,,-,,-,,-,,-,,-,,-,
14,R,2.1283865213394164,R,1.7660051584243774,R,2.012880325317383,-,,R,3.557788372039795,R,1.499666452407837,-,,-,,R,1.8055922985076904,-,,-,,-,,-,,-,,-,,-,
15,S,1.8251753091812133,S,2.3237054347991943,S,1.8367685079574585,-,,S,1.5226354598999023,S,1.644039273262024,-,,-,,S,1.7987278699874878,-,,-,,-,,-,,-,,-,,-,
16,A,1.7329692363739013,A,1.9990273714065552,A,1.8203136920928955,-,,G,1.6310627460479736,G,1.5418145656585693,-,,-,,G,1.6726278066635132,-,,-,,-,,-,,-,,-,,-,
17,N,1.8612734794616699,N,2.512979507446289,N,1.6472724676132202,-,,N,1.5164111852645874,N,1.5391654968261719,-,,-,,N,2.090538740158081,-,,-,,-,,-,,-,,-,,-,
18,Y,1.9321581363677978,F,2.2257330417633057,Y,1.8906917572021484,-,,Y,1.262272596359253,Y,1.936408519744873,-,,-,,Y,2.345684766769409,-,,-,,-,,-,,-,,-,,-,
19,Q,2.539107608795166,Q,2.70253324508667,E,2.151376485824585,-,,E,2.0123825073242188,E,2.347531318664551,-,,-,,E,3.4817144870758057,-,,-,,-,,-,,-,,-,,-,
20,P,2.6150307178497316,P,1.5893070697784424,P,3.538020610809326,-,,P,2.504607677459717,P,3.5724236965179443,-,,-,,P,1.8707945346832275,-,,-,,-,,-,,-,,-,,-,
21,S,2.1261834383010862,T,1.932403564453125,S,1.7828035354614258,-,,S,3.405363082885742,S,1.8364310264587402,-,,-,,S,1.673915982246399,-,,-,,-,,-,,-,,-,,-,
22,I,1.7606465101242066,I,1.6726555824279785,L,1.894392967224121,-,,L,1.804764986038208,L,1.59434175491333,-,,-,,L,1.837077260017395,-,,-,,-,,-,,-,,-,,-,
23,W,1.5322283029556274,W,1.635628581047058,W,1.8409899473190308,-,,W,1.4760864973068237,W,1.2593642473220825,-,,-,,W,1.449072241783142,-,,-,,-,,-,,-,,-,,-,
24,N,1.893534278869629,T,1.7071754932403564,D,1.5369782447814941,-,,D,2.1968815326690674,D,1.8007771968841553,-,,-,,D,2.2258589267730713,-,,-,,-,,-,,-,,-,,-,
25,H,1.7638632774353027,N,1.790420413017273,F,1.5426095724105835,-,,F,1.9755446910858154,L,1.7900810241699219,-,,-,,F,1.72066068649292,-,,-,,-,,-,,-,,-,,-,
26,D,2.6365657806396485,D,2.6780381202697754,D,3.68544340133667,-,,D,1.801750659942627,D,2.8867685794830322,-,,-,,D,2.1308281421661377,-,,-,,-,,-,,-,,-,,-,
27,Y,1.8253856897354126,F,1.868881106376648,Y,1.5932977199554443,-,,F,1.4805934429168701,F,1.8774933815002441,-,,-,,F,2.3066627979278564,-,,-,,-,,-,,-,,-,,-,
28,I,1.781863284111023,I,1.696268081665039,I,1.2506738901138306,-,,I,2.4777233600616455,I,1.8237602710723877,-,,-,,I,1.660890817642212,-,,-,,-,,-,,-,,-,,-,
29,E,1.6116992235183716,Q,1.939610481262207,Q,1.2837861776351929,-,,Q,1.7981276512145996,Q,1.6440105438232422,-,,-,,Q,1.3929612636566162,-,,-,,-,,-,,-,,-,,-,
30,S,1.838277244567871,S,2.4145586490631104,S,1.6221858263015747,-,,S,1.632103443145752,S,1.7027825117111206,-,,-,,S,1.8197557926177979,-,,-,,-,,-,,-,,-,,-,
31,L,2.3209148347377777,-,,L,2.5213944911956787,-,,L,1.6285258531570435,L,1.7117319107055664,-,,-,,L,3.4220070838928223,-,,-,,-,,-,,-,,-,,-,
32,R,2.8938864171504974,-,,N,3.6101036071777344,-,,D,1.829346776008606,D,4.0044121742248535,-,,-,,D,2.131683111190796,-,,-,,-,,-,,-,,-,,-,
33,I,2.609765148162842,L,2.324964761734009,G,2.95963716506958,-,,N,3.7907118797302246,N,2.0060689449310303,-,,-,,N,1.9674429893493652,-,,-,,-,,-,,-,,-,,-,
34,E,1.8086804389953612,N,1.9285526275634766,H,1.5968247652053833,-,,H,2.104853630065918,H,1.430880069732666,-,,-,,H,1.9822911024093628,-,,-,,-,,-,,-,,-,,-,
35,Y,1.8694692611694337,S,2.3554155826568604,Q,2.0511722564697266,-,,H,1.3605155944824219,H,2.2395901679992676,-,,-,,H,1.3406527042388916,-,,-,,-,,-,,-,,-,,-,
36,-,1.5371331214904784,D,1.7108454704284668,H,1.209563970565796,-,,P,1.529418706893921,P,1.3096415996551514,-,,-,,P,1.9261958599090576,-,,-,,-,,-,,-,,-,,-,
37,V,,-,,-,,-,,-,,-,,-,,-,,-,,-,,-,,-,,-,,-,,-,,-,
38,-,,-,,-,,-,,-,,-,,-,,-,,-,,-,,-,,-,,-,,-,,-,,-,
39,-,1.8362289190292358,Y,1.6169687509536743,Y,2.4734034538269043,-,,H,1.509462594985962,Y,1.9845528602600098,-,,-,,Y,1.596756935119629,-,,-,,-,,-,,-,,-,,-,
40,-,1.5512603282928468,S,0.9052664041519165,K,1.3883283138275146,-,,V,1.8876138925552368,V,1.5522773265838623,-,,-,,V,2.022815704345703,-,,-,,-,,-,,-,,-,,-,
41,G,2.3126718759536744,S,1.7932370901107788,K,2.617523193359375,-,,K,2.10478138923645,K,2.312872886657715,-,,-,,K,2.7349448204040527,-,,-,,-,,-,,-,,-,,-,
42,E,2.281970238685608,D,2.634342670440674,E,2.084547281265259,-,,E,2.0621774196624756,E,1.9546915292739868,-,,-,,E,2.6740922927856445,-,,-,,-,,-,,-,,-,,-,
43,T,2.330150532722473,V,2.443929433822632,K,2.5687012672424316,-,,K,2.121645450592041,M,2.6339423656463623,-,,-,,K,1.882534146308899,-,,-,,-,,-,,-,,-,,-,
44,C,2.3526955127716063,Y,3.3155815601348877,Q,2.1189301013946533,-,,Q,2.676083564758301,Q,1.995072841644287,-,,-,,Q,1.6578094959259033,-,,-,,-,,-,,-,,-,,-,
45,T,1.7743107477823894,V,2.1320207118988037,L,1.6519935131072998,-,,L,1.8598123788833618,L,1.5222891569137573,-,,-,,L,1.412672519683838,-,,-,,-,,-,,-,,L,2.0670762062072754,-,
46,R,1.9645568331082661,Q,2.23123836517334,K,1.3447712659835815,-,,K,1.7244309186935425,K,2.601236581802368,-,,-,,K,2.0788872241973877,-,,-,,-,,-,,-,,K,1.8067766427993774,-,
47,Q,1.7788036976541792,R,0.9373984932899475,R,1.9394406080245972,-,,R,1.4176335334777832,R,2.252465009689331,-,,-,,R,1.546805739402771,-,,-,,-,,-,,R,1.9172625541687012,R,2.440619945526123,-,
48,I,1.8182396377835954,I,1.5460227727890015,E,1.966522216796875,-,,E,2.0883829593658447,E,1.465359091758728,-,,-,,E,1.8492118120193481,-,,-,,-,,-,,A,1.8002233505249023,A,2.0119552612304688,-,
49,N,1.8888195071901595,E,2.2664735317230225,E,1.8123712539672852,-,,E,1.550513505935669,E,1.517745852470398,-,,-,,E,2.1820333003997803,-,,-,,-,,-,,E,2.1519949436187744,D,1.7406041622161865,-,
50,V,2.009393674986703,K,2.059748649597168,E,2.1611273288726807,-,,E,1.7645952701568604,E,2.2099132537841797,-,,-,,E,2.0030107498168945,-,,-,,-,,-,,R,2.0274932384490967,T,1.8398672342300415,-,
51,L,2.152622699737549,L,2.2270429134368896,L,2.610159158706665,L,1.9000520706176758,L,2.416598081588745,L,2.2142720222473145,-,,-,,L,3.0146498680114746,L,2.1142003536224365,L,1.7764288187026978,L,2.187304973602295,L,2.205221652984619,L,1.5749664306640625,L,1.556066632270813,L,2.1871321201324463
52,K,1.9644975203734178,K,1.9869602918624878,I,2.2606704235076904,I,1.9056450128555298,I,2.2889652252197266,I,2.5028011798858643,-,,-,,I,2.425224781036377,I,1.9097837209701538,I,1.633621096611023,I,1.612628698348999,I,1.5894442796707153,I,1.8846203088760376,V,1.925852656364441,I,1.6122500896453857
53,E,2.363735483242915,K,1.7438751459121704,V,2.1897082328796387,G,2.5798356533050537,V,2.5163285732269287,V,2.008335828781128,-,,-,,V,1.9028887748718262,G,2.3534579277038574,G,3.2881922721862793,G,2.4401471614837646,G,2.450669765472412,D,2.487950325012207,E,2.3280136585235596,G,2.4391579627990723
54,Q,1.9244651886133046,S,1.1543110609054565,Q,2.1424460411071777,E,1.702789306640625,E,2.0707662105560303,Q,2.2134478092193604,-,,-,,Q,2.0421628952026367,E,1.7498135566711426,E,1.809827446937561,E,1.9211227893829346,E,1.952731966972351,E,2.3369381427764893,A,2.000091314315796,E,1.9215989112854004
55,V,1.7280290206273397,V,1.5122385025024414,V,1.8476014137268066,V,1.4615068435668945,V,2.209684133529663,V,1.9397391080856323,V,2.2143032550811768,V,2.250760316848755,V,1.2504372596740723,V,1.4540865421295166,V,1.5016595125198364,V,1.449156641960144,V,1.4350757598876953,V,1.7075988054275513,I,2.23740553855896,V,1.4491816759109497
56,R,1.8859784762064615,R,2.7533628940582275,K,1.3497925996780396,K,1.7979185581207275,K,1.939124584197998,K,1.438706636428833,K,2.0144684314727783,K,2.008298873901367,K,1.1584999561309814,K,2.0741896629333496,K,1.4116466045379639,K,2.037172555923462,K,1.9984947443008423,R,2.3225717544555664,K,1.9471657276153564,K,2.0382635593414307
57,M,1.8131087144215903,Q,2.357269763946533,M,1.1797900199890137,K,2.223167896270752,M,1.3125059604644775,M,1.295777678489685,E,2.2215616703033447,E,2.1986217498779297,M,1.4989601373672485,N,1.752458095550537,N,2.116968870162964,E,1.9351557493209839,E,1.9225387573242188,N,1.5140520334243774,D,1.7308510541915894,E,1.9369512796401978
58,M,1.9008814891179402,S,1.7412159442901611,L,1.4989298582077026,M,2.019359588623047,L,1.2304222583770752,L,1.342656135559082,M,2.022911548614502,M,1.987463116645813,L,2.2249233722686768,I,1.8098005056381226,S,1.8053507804870605,I,1.9986907243728638,I,1.9937222003936768,I,2.254377603530884,R,2.5841777324676514,I,1.9992209672927856
59,L,2.150378696123759,L,2.852224588394165,L,2.2530388832092285,F,2.636453628540039,L,1.5832750797271729,L,1.8702727556228638,F,1.5831700563430786,F,1.590171456336975,L,2.2744479179382324,F,1.7803704738616943,F,2.397327184677124,F,2.530154228210449,F,2.5713536739349365,F,1.785428762435913,F,2.0193257331848145,F,2.5286660194396973
60,H,2.3281132876873016,E,2.1671597957611084,-,,N,2.0502662658691406,-,,-,,N,1.881413221359253,N,1.8847254514694214,G,2.0188307762145996,D,3.7294671535491943,N,2.5121116638183594,N,2.2362983226776123,N,2.2259247303009033,S,2.6191482543945312,N,2.380156993865967,N,2.2318568229675293
61,K,1.751502776145935,-,,-,,S,1.698201298713684,-,,-,,S,1.9308979511260986,S,1.9471745491027832,-,,L,1.576298713684082,S,1.6466519832611084,S,1.77686607837677,S,1.7657246589660645,S,1.5988668203353882,S,1.7977925539016724,S,1.7765531539916992
62,V,1.7857305884361268,-,,-,,M,2.147742748260498,-,,-,,I,1.7345269918441772,I,1.7327373027801514,-,,M,2.0495193004608154,V,1.9165260791778564,F,1.5409140586853027,F,1.5228562355041504,M,1.8969303369522095,M,1.77338445186615,F,1.542168378829956
63,-,1.928294336795807,-,,-,,S,1.6756335496902466,-,,-,,P,1.8244669437408447,P,1.8279142379760742,-,,S,1.6074316501617432,S,1.6140727996826172,S,2.4754672050476074,S,2.560020685195923,S,1.6952528953552246,G,1.5248587131500244,S,2.4778246879577637
64,-,1.9404304954740736,-,,-,,S,2.195408344268799,-,,-,,N,1.8786911964416504,N,1.8798199892044067,-,,V,1.8742783069610596,N,1.9841476678848267,I,1.9004840850830078,I,1.8733270168304443,-,,V,1.9728103876113892,I,1.904907464981079
65,-,1.8997608688142564,-,,-,,E,1.772803544998169,-,,-,,N,2.1966631412506104,N,2.1997311115264893,-,,E,1.4781018495559692,E,2.3099379539489746,A,1.8287274837493896,A,1.7907541990280151,-,,D,1.739729642868042,A,1.781398892402649
66,-,,-,,-,,-,,-,,-,,-,,-,,-,,-,,-,,-,,-,,-,,-,,-,
67,-,,-,,-,,-,,-,,-,,-,,-,,-,,-,,-,,-,,-,,-,,-,,-,
68,-,2.3717741303973727,-,,-,,D,2.1572089195251465,-,,-,,R,2.3245859146118164,R,2.3349294662475586,-,,D,2.713063955307007,D,2.7135396003723145,D,2.422510862350464,D,2.3775341510772705,-,,D,1.9465028047561646,D,2.3560914993286133
69,-,2.2090808153152466,-,,-,,G,2.5818350315093994,-,,-,,E,2.361144542694092,E,2.3508851528167725,-,,G,2.186039686203003,G,2.2554428577423096,G,1.7350144386291504,G,1.7481611967086792,-,,G,2.9296913146972656,G,1.7335131168365479
70,-,2.0095671653747558,-,,-,,E,1.804580807685852,-,,-,,L,1.7385051250457764,L,1.729967474937439,-,,V,2.2534477710723877,E,1.7820497751235962,E,2.342913866043091,E,2.3791680335998535,L,2.187173843383789,E,2.0254361629486084,E,1.8524287939071655
71,-,2.00243316590786,-,,-,,L,2.165635347366333,-,,-,,-,,-,,-,,F,1.988468050956726,S,1.5486195087432861,L,2.0042030811309814,L,2.0160446166992188,E,2.4795899391174316,R,1.8489469289779663,L,1.967957854270935
72,-,1.9821705903325761,E,1.8770064115524292,G,2.0537891387939453,I,1.6633472442626953,G,2.3116455078125,G,1.365021824836731,F,2.782409429550171,F,2.786576509475708,-,,T,1.7122788429260254,I,1.833592176437378,I,1.674564003944397,T,1.6743066310882568,D,2.089353561401367,M,2.136571168899536,I,1.7899258136749268
73,-,1.7683392882347106,-,,-,,N,1.7314670085906982,-,,-,,G,1.538515567779541,G,1.5440341234207153,-,,S,2.0582404136657715,T,2.2780137062072754,S,1.5476019382476807,S,1.58612060546875,G,2.443993091583252,S,1.4646934270858765,S,1.4907130002975464
74,-,,-,,-,,-,,-,,-,,-,,-,,-,,-,,-,,-,,-,,-,,-,,-,
75,-,2.039374623979841,-,,T,2.790029287338257,P,1.6941171884536743,T,2.3420960903167725,T,2.986203908920288,S,1.7398782968521118,S,1.73887300491333,T,2.5043790340423584,P,1.73829984664917,P,2.3470141887664795,P,1.8181993961334229,P,1.8706318140029907,E,1.5426578521728516,P,1.6866605281829834,P,1.7522042989730835
76,-,2.028534253438314,A,2.313965320587158,K,1.702633261680603,H,2.0629630088806152,K,1.9855927228927612,K,2.2866756916046143,Q,2.3092164993286133,Q,2.3067727088928223,K,2.1826531887054443,L,1.7216506004333496,L,1.6216082572937012,V,2.075989246368408,V,2.058581829071045,S,1.6588950157165527,L,2.0257904529571533,V,2.1150259971618652
77,V,2.219581945737203,D,1.3924185037612915,M,3.016993522644043,N,1.8633456230163574,I,2.1800894737243652,M,3.351088047027588,N,1.704850435256958,N,1.701603889465332,M,2.965386152267456,S,2.073347568511963,D,1.5591908693313599,N,2.4693095684051514,S,2.6450703144073486,S,1.585680365562439,T,2.3118717670440674,N,2.473483085632324
78,N,2.291521755854289,G,2.9018075466156006,E,3.1183886528015137,D,2.2039520740509033,E,1.7443673610687256,E,3.0749831199645996,D,2.2518727779388428,D,2.243612289428711,E,1.8555651903152466,D,2.2756175994873047,D,1.7046241760253906,D,2.1467275619506836,D,1.9373468160629272,D,2.2966184616088867,D,2.102125883102417,D,2.515216827392578
79,P,1.9599308729171754,P,1.7631421089172363,A,1.2906006574630737,L,1.8420041799545288,A,2.9273176193237305,A,1.4882360696792603,L,1.9476301670074463,L,1.9491326808929443,A,2.4890379905700684,L,1.6556165218353271,L,2.1669836044311523,L,2.099281072616577,L,2.0128777027130127,L,1.7311382293701172,L,2.061936616897583,L,1.9740278720855713
80,L,1.9039551178614298,L,1.6538738012313843,V,1.82837975025177,I,2.2333662509918213,V,1.1988590955734253,V,2.6410977840423584,L,1.64629328250885,L,1.631680965423584,V,1.3407796621322632,H,2.0877480506896973,I,1.8671467304229736,L,2.2656853199005127,L,1.8158602714538574,I,2.4299490451812744,Y,1.6022355556488037,L,2.316371202468872
81,E,2.0562407970428467,A,1.6207195520401,K,2.4207231998443604,Q,1.9718173742294312,K,2.2629623413085938,K,1.3939599990844727,T,1.6402153968811035,T,1.6812818050384521,K,1.6517927646636963,H,2.0775136947631836,Q,3.1837282180786133,Q,1.8255490064620972,Q,2.0857527256011963,Q,1.861838698387146,Q,3.646026134490967,Q,1.519731044769287
82,Q,1.8867157538731893,Q,2.7088873386383057,Q,1.3396251201629639,R,1.83860182762146,Q,2.9905691146850586,Q,1.1506850719451904,R,1.4509094953536987,R,1.561933994293213,Q,2.829486131668091,R,1.6961241960525513,R,1.683510422706604,Q,1.8900423049926758,Q,1.8405117988586426,R,2.2898855209350586,R,1.4900031089782715,Q,1.5399608612060547
83,L,2.1876022736231486,L,1.3302072286605835,L,2.5357227325439453,V,2.4357099533081055,L,1.8230122327804565,L,2.6869893074035645,L,3.5549111366271973,L,3.776231050491333,L,1.5107558965682983,L,2.442349433898926,L,1.8494845628738403,L,1.8146259784698486,L,2.0329558849334717,L,2.040867328643799,L,1.3812450170516968,L,1.598966360092163
84,E,2.017412956555684,E,2.529120922088623,E,1.6540716886520386,W,1.8913755416870117,E,4.827780246734619,E,1.4788446426391602,W,1.3618098497390747,W,1.5197707414627075,E,2.171884775161743,W,2.0070056915283203,W,1.918813943862915,W,1.719245195388794,W,1.8048510551452637,W,1.542208194732666,W,1.8826643228530884,W,1.9517475366592407
85,L,1.798046080271403,L,2.1440391540527344,L,1.6447055339813232,M,1.9674341678619385,L,1.2894266843795776,L,2.0409440994262695,M,1.6576554775238037,M,1.5345209836959839,L,1.611404299736023,M,1.7966959476470947,M,2.0305659770965576,M,1.738722324371338,M,1.3677526712417603,M,2.537686586380005,M,2.3248236179351807,M,1.284313678741455
86,I,1.889902687072754,I,1.638599157333374,I,1.5855215787887573,V,1.9970122575759888,I,1.687326192855835,I,1.6380505561828613,V,2.034259080886841,V,1.9667974710464478,I,2.3052561283111572,V,1.5365746021270752,V,1.9270544052124023,V,2.056828498840332,V,2.370809555053711,V,1.9578957557678223,V,1.3576563596725464,V,2.2888987064361572
87,E,1.9997008879979452,D,0.891310453414917,D,2.4460806846618652,D,2.266949415206909,D,1.3438599109649658,D,2.2292802333831787,D,1.760735273361206,D,1.8070157766342163,D,2.870004415512085,D,2.295199155807495,D,1.732092022895813,D,1.9842190742492676,D,2.0654032230377197,D,1.7478673458099365,D,1.917899489402771,D,2.637596845626831
88,I,2.1107568025588987,D,2.351996421813965,D,2.32185959815979,S,1.8212637901306152,D,2.1754329204559326,D,2.671295642852783,S,1.5987248420715332,S,1.6872351169586182,D,3.064229965209961,S,2.743286371231079,S,1.66964590549469,N,2.0939903259277344,N,1.8309295177459717,N,1.5648119449615479,S,2.053992509841919,N,2.0126571655273438
89,L,2.2927741527557375,L,1.671939492225647,L,2.4322762489318848,V,2.4962856769561768,L,2.5063557624816895,L,2.929999828338623,I,2.2245192527770996,I,2.80159330368042,L,1.946293830871582,V,1.981594443321228,V,3.1514883041381836,V,2.1949870586395264,V,2.407123327255249,V,1.5749688148498535,V,2.058220624923706,V,2.0139663219451904
90,Q,2.300095558166504,Q,5.794314384460449,K,2.046983003616333,E,1.598842740058899,K,3.1471598148345947,K,2.098938226699829,E,2.0021631717681885,E,1.9695717096328735,K,1.3064289093017578,E,1.997617483139038,E,1.4709409475326538,E,2.568209648132324,E,2.268901824951172,E,1.524840235710144,E,2.2090208530426025,E,2.497500419616699
91,R,1.785230811436971,R,0.9977724552154541,N,1.262669324874878,R,2.2848243713378906,N,2.0912492275238037,N,1.3101413249969482,R,1.5962791442871094,R,1.6647416353225708,N,1.9642283916473389,R,1.8734873533248901,R,1.8075305223464966,R,1.8528006076812744,R,1.790522813796997,R,2.8164217472076416,R,1.7565810680389404,R,1.7092121839523315
92,L,1.936281712849935,L,1.2911900281906128,L,1.3044812679290771,L,2.0046443939208984,L,1.3786463737487793,L,1.531019687652588,L,1.8392744064331055,L,1.9840388298034668,L,2.172665596008301,L,2.057793140411377,L,2.4980032444000244,L,2.257418632507324,L,2.2180187702178955,L,1.9633785486221313,L,2.252009153366089,L,2.2916436195373535
93,G,2.1648991743723554,G,2.7374205589294434,G,2.081835985183716,G,2.3834409713745117,G,1.5988515615463257,G,2.0502617359161377,G,2.072185516357422,G,2.087447166442871,G,1.7039227485656738,G,2.1334471702575684,G,1.9535479545593262,G,1.9265751838684082,G,2.9704275131225586,G,2.8139941692352295,G,1.8625067472457886,G,2.0976226329803467
94,L,1.7798967997233073,V,1.896588683128357,L,1.6900492906570435,I,1.6635493040084839,L,2.090343952178955,L,1.8144651651382446,I,2.101189136505127,I,2.007864475250244,L,1.5736308097839355,I,1.6120282411575317,I,1.874193549156189,I,1.6678931713104248,I,1.7439098358154297,I,2.3194665908813477,I,1.1336420774459839,I,1.509637713432312
95,S,1.8824403603871664,G,1.123832106590271,S,1.2538225650787354,E,1.569883942604065,S,1.6668494939804077,S,2.568262815475464,D,2.2945919036865234,D,2.3111989498138428,S,1.38801908493042,D,1.7972577810287476,D,1.2719494104385376,D,2.366919994354248,D,2.0222790241241455,D,2.4299089908599854,D,1.9458385705947876,D,2.2259907722473145
96,Y,1.7313124616940816,R,1.6521897315979004,Y,1.2502950429916382,R,1.8641557693481445,Y,1.5039582252502441,Y,1.564953327178955,R,1.8846203088760376,R,2.0293667316436768,Y,1.7313017845153809,R,2.18178653717041,R,0.8562111258506775,R,1.7660540342330933,R,1.785107135772705,R,1.6693449020385742,R,2.333599328994751,R,1.8967429399490356
97,H,2.226531918843587,L,4.047072410583496,F,3.4984827041625977,H,1.7179152965545654,F,1.3918445110321045,F,1.7622528076171875,H,1.8959556818008423,H,2.1311798095703125,F,2.4196064472198486,H,1.8422434329986572,H,2.441354513168335,H,2.04706072807312,H,1.675125241279602,H,1.9404730796813965,H,2.6094870567321777,H,1.9779250621795654
98,F,2.0012539545694987,F,1.265984296798706,F,2.6081879138946533,F,2.232433319091797,F,1.8415178060531616,F,2.5818934440612793,F,2.3019442558288574,F,1.7899401187896729,F,2.7120308876037598,F,1.8881171941757202,F,2.1906113624572754,F,1.897212266921997,F,1.715805172920227,F,1.4820657968521118,F,1.6708885431289673,F,1.8401769399642944
99,E,2.0574174483617145,E,1.450545072555542,R,2.280580997467041,K,2.385016441345215,R,2.5907182693481445,R,2.2329039573669434,Q,1.9342238903045654,Q,1.8218082189559937,R,1.5648750066757202,K,1.9560177326202393,K,3.664557456970215,Q,2.0468509197235107,Q,1.9105473756790161,K,1.822850227355957,Q,1.1462459564208984,Q,2.0535202026367188
100,E,1.9947131474812825,R,2.4284379482269287,D,1.1910719871520996,N,2.464864730834961,D,2.706944227218628,D,1.5659221410751343,N,1.5231926441192627,N,2.229123592376709,D,1.7440288066864014,D,3.0324902534484863,K,2.6590797901153564,T,1.729287028312683,T,1.6045966148376465,N,1.699845314025879,N,1.599813461303711,T,1.7419986724853516
101,E,1.8542578061421713,E,1.8638336658477783,E,1.3646185398101807,E,1.7521687746047974,E,1.6877341270446777,E,1.604461431503296,E,2.070235252380371,E,1.95552396774292,E,1.3868305683135986,E,1.2611846923828125,E,2.907092332839966,E,1.9251068830490112,E,2.3719704151153564,E,1.7937451601028442,E,1.9262593984603882,E,1.9431018829345703
102,I,1.995464285214742,I,1.4315577745437622,I,3.398686408996582,I,1.3778506517410278,I,1.8340237140655518,I,1.4000651836395264,I,2.3648898601531982,I,1.5758328437805176,I,2.8727505207061768,I,1.3770051002502441,I,1.1817277669906616,I,2.1239700317382812,I,2.1803770065307617,I,3.2244691848754883,I,1.323653221130371,I,2.2651050090789795
103,K,1.7478095173835755,N,1.2542165517807007,K,2.0560619831085205,K,1.3019640445709229,K,1.3565332889556885,K,3.2117528915405273,R,1.66913640499115,R,2.146803379058838,K,1.5782544612884521,N,1.6753730773925781,K,0.9258219599723816,K,1.4882352352142334,K,2.1387619972229004,K,1.8716048002243042,K,1.8060845136642456,K,1.7365381717681885
104,R,2.064713891347249,E,1.580175757408142,K,2.2848081588745117,S,2.550018072128296,M,3.396545171737671,T,1.727535367012024,V,1.7675944566726685,V,2.011700391769409,T,2.752753257751465,S,2.8991446495056152,S,1.8514587879180908,V,1.4625892639160156,V,1.3633182048797607,S,1.8513445854187012,S,1.93832266330719,V,1.5333995819091797
105,I,2.0721271276474,M,4.057377815246582,I,1.4768316745758057,A,1.1563199758529663,V,1.437761664390564,I,2.581641435623169,A,1.8293312788009644,A,1.6132794618606567,I,2.0134975910186768,A,1.4507169723510742,A,1.2848684787750244,A,1.4847972393035889,A,1.2998946905136108,A,1.4365124702453613,A,6.2806715965271,A,1.6784045696258545
106,L,2.178238773345947,L,1.6565008163452148,L,1.300525188446045,L,3.4940121173858643,L,2.284691572189331,L,2.2088496685028076,L,2.751755714416504,L,2.8611817359924316,L,2.675814390182495,L,1.5976544618606567,L,1.7365918159484863,L,2.13584303855896,L,1.8665719032287598,L,2.24597430229187,L,1.7909899950027466,L,2.066624879837036
107,D,2.0876808166503906,N,1.4777501821517944,T,2.3125360012054443,D,2.254340648651123,T,2.4934563636779785,T,1.972908616065979,D,1.7057340145111084,D,1.717724084854126,T,2.453885555267334,D,2.1647207736968994,D,1.9908987283706665,D,3.29975962638855,D,2.1126327514648438,D,1.3873639106750488,D,1.4843252897262573,D,2.487175703048706
108,G,2.1171793301900226,G,3.1590020656585693,S,2.4195404052734375,Y,2.6211814880371094,S,1.5320866107940674,S,2.146871566772461,Y,1.4139902591705322,Y,1.528900384902954,S,1.9625496864318848,H,2.295008659362793,H,2.1537318229675293,Y,1.8700116872787476,N,2.2637550830841064,Y,2.4566540718078613,Y,1.1323727369308472,Y,2.8020334243774414
109,V,1.9444169044494628,I,2.1418936252593994,I,1.8624849319458008,V,2.178119659423828,I,2.001232624053955,I,2.0791828632354736,V,2.318525552749634,V,2.2353756427764893,I,1.2839491367340088,V,1.2104276418685913,V,2.2499818801879883,V,2.9796302318573,V,1.6965264081954956,V,1.5797991752624512,V,1.3446624279022217,V,2.0044617652893066
110,Y,1.981221342086792,Y,2.0817220211029053,Y,1.463743805885315,Y,2.4708545207977295,Y,2.0644264221191406,Y,1.7166450023651123,Y,1.7161026000976562,Y,1.7906334400177002,Y,1.3870749473571777,Y,1.4367599487304688,Y,2.8011186122894287,Y,1.7625329494476318,Y,3.3558030128479004,Y,2.0427474975585938,F,1.3405288457870483,Y,2.2876265048980713
111,-,3.176161527633667,-,,-,,-,,-,,-,,-,,-,,-,,-,,-,,-,,-,,-,,S,3.176161527633667,-,
112,-,,-,,-,,-,,-,,-,,-,,-,,-,,-,,-,,-,,-,,-,,-,,-,
113,-,,-,,-,,-,,-,,-,,-,,-,,-,,-,,-,,-,,-,,-,,-,,-,
114,-,,-,,-,,-,,-,,-,,-,,-,,-,,-,,-,,-,,-,,-,,-,,-,
115,N,2.0180400371551515,M,1.4242472648620605,N,1.909684181213379,-,,N,1.6984140872955322,N,2.066209316253662,-,,-,,N,2.991645336151123,-,,-,,-,,-,,-,,-,,-,
116,N,2.1423318811825345,D,2.3261406421661377,N,2.7326481342315674,S,1.647857666015625,N,1.935004711151123,N,2.1131820678710938,S,1.766530156135559,S,1.8338977098464966,N,1.8645988702774048,S,2.346137523651123,S,2.283514976501465,R,1.834033727645874,R,2.351344347000122,S,2.6497416496276855,-,,R,2.308014154434204
117,D,2.243712329864502,-,,-,,Y,1.9288015365600586,-,,-,,Y,2.715151309967041,Y,2.7414703369140625,-,,Y,3.751734733581543,Y,2.9931795597076416,Y,1.6147195100784302,Y,1.6698031425476074,Y,1.796802043914795,Y,1.4086377620697021,Y,1.8168233633041382
118,H,1.9571649377996272,-,,-,,W,1.447163701057434,-,,-,,W,2.1547584533691406,W,2.2080111503601074,S,1.8205525875091553,W,1.7325847148895264,W,1.7156633138656616,W,1.471617341041565,W,1.7064950466156006,W,2.1300454139709473,W,3.374281883239746,W,1.7676407098770142
119,G,1.9843053306852068,-,,S,1.6473901271820068,S,1.3461778163909912,F,2.8690168857574463,S,1.5984896421432495,K,2.468865156173706,K,2.4019510746002197,F,1.6413204669952393,T,2.03832745552063,S,2.0462400913238525,S,1.5532190799713135,S,1.615351915359497,S,3.168999671936035,K,1.8073922395706177,S,1.5775330066680908
120,G,1.6799056019101823,-,,F,1.5034946203231812,E,1.2691019773483276,F,1.456766128540039,F,1.7742371559143066,E,1.6006397008895874,E,1.6197634935379028,E,3.0069398880004883,E,1.888086199760437,E,1.5042871236801147,E,1.6785558462142944,E,1.5013386011123657,Q,1.7830241918563843,E,1.179701566696167,E,1.7527419328689575
121,-,1.4491698145866394,-,,-,,-,,-,,-,,K,1.4584342241287231,K,1.4399054050445557,-,,-,,-,,-,,-,,-,,-,,-,
122,D,2.1729926679815565,-,,E,3.1170971393585205,K,0.9594700932502747,E,1.554573893547058,E,1.7904815673828125,E,1.6607109308242798,E,1.6230626106262207,N,1.8492097854614258,K,1.939271092414856,K,1.578073263168335,E,4.303774833679199,K,3.272454261779785,K,1.7872734069824219,K,1.718012809753418,E,3.2684316635131836
123,T,2.5633356400898526,-,,N,3.3321692943573,G,5.324965476989746,N,3.1551523208618164,N,3.6085078716278076,G,2.3891794681549072,G,2.3135526180267334,K,1.4080859422683716,G,1.6944273710250854,G,1.525951862335205,G,2.534782886505127,G,2.061156749725342,G,1.4330670833587646,G,3.184572696685791,G,1.9211273193359375
124,W,2.6414196491241455,-,,-,,I,2.217395544052124,K,2.9822261333465576,N,1.818718433380127,I,3.07915997505188,I,3.0085372924804688,-,,I,2.8029723167419434,I,1.1776596307754517,I,4.4784955978393555,I,3.359344959259033,I,1.4957075119018555,I,1.9340883493423462,I,3.3427300453186035
125,K,2.466954066203191,Y,1.8947359323501587,N,1.7515308856964111,G,6.554492473602295,N,1.9369816780090332,-,,G,2.4917988777160645,G,2.8087775707244873,-,,G,2.0271620750427246,G,3.795881986618042,G,1.6732257604599,G,1.9999710321426392,G,1.5064873695373535,G,1.8771902322769165,G,1.752166986465454
126,A,1.7487782069614954,K,1.569925308227539,N,1.3908315896987915,C,2.0762085914611816,N,1.2356090545654297,N,1.3770358562469482,C,2.7496676445007324,C,2.571521520614624,-,,R,2.79580020904541,C,2.4230306148529053,C,0.9499802589416504,C,1.0873262882232666,C,1.6436809301376343,R,1.4616589546203613,C,1.150618076324463
127,-,,-,,-,,-,,-,,-,,-,,-,,-,,-,,-,,-,,-,,-,,-,,-,
128,-,,-,,-,,-,,-,,-,,-,,-,,-,,-,,-,,-,,-,,-,,-,,-,
129,-,2.4659727692604063,-,,-,,G,1.6643295288085938,-,,-,,G,1.487307071685791,G,1.451535940170288,-,,G,1.6099669933319092,G,5.552403926849365,G,2.1722605228424072,G,2.305136203765869,G,3.96038556098938,G,1.9925388097763062,G,2.4638631343841553
130,-,1.7744707736102017,E,1.3673090934753418,-,,R,1.16607666015625,-,,-,,R,1.586786150932312,R,1.7624903917312622,-,,R,1.460763692855835,R,1.292075276374817,R,2.403297185897827,R,2.26213002204895,T,2.107837677001953,R,1.6439566612243652,R,2.4664556980133057
131,-,2.4805676142374673,-,,-,,E,2.1776351928710938,-,,-,,-,,-,,-,,-,,E,1.110626220703125,-,,-,,K,4.153441429138184,-,,-,
132,-,1.6484985828399659,T,1.6935582160949707,-,,-,,-,,-,,D,1.2306948900222778,D,1.1917314529418945,N,1.5831459760665894,E,2.402998447418213,-,,D,1.3113219738006592,D,1.340264081954956,S,2.7024991512298584,Q,1.7262382507324219,D,1.3025333881378174
133,-,2.0099091204729946,Q,3.493622303009033,-,,S,1.2654330730438232,-,,-,,S,1.351253628730774,S,1.3135052919387817,N,2.173114061355591,G,2.8260042667388916,S,1.2944283485412598,S,2.1498281955718994,S,2.622765302658081,-,,S,1.4557162523269653,S,2.163329601287842
134,E,1.7878997246424357,A,1.6218836307525635,Q,1.6221537590026855,V,1.5608339309692383,Q,1.671445369720459,Q,1.6186227798461914,T,2.0168185234069824,T,2.170273780822754,Q,1.5493110418319702,G,1.4756460189819336,V,3.3991169929504395,A,1.142046332359314,A,1.0260943174362183,I,1.456624984741211,A,3.3500924110412598,A,1.1375319957733154
135,-,2.053293220202128,Q,1.4357589483261108,V,1.8772979974746704,V,1.0076273679733276,V,1.8876869678497314,V,2.167060613632202,F,2.263556957244873,F,2.269594192504883,V,2.0390853881835938,V,2.186068296432495,V,1.5808391571044922,F,2.2784640789031982,S,2.209949254989624,I,2.6643030643463135,V,2.6522648334503174,F,2.279841184616089
136,-,1.9637415568033854,W,1.6034311056137085,G,1.4174723625183105,A,2.5945076942443848,G,1.301727533340454,G,1.534333348274231,P,3.840346097946167,P,4.0260186195373535,G,2.165817975997925,T,1.3279328346252441,T,2.1032276153564453,T,1.293074607849121,T,1.2417457103729248,T,1.6475368738174438,T,2.0698118209838867,T,1.2891391515731812
137,N,2.226650516192118,N,3.3492166996002197,D,1.761406660079956,D,3.7781636714935303,D,2.3910164833068848,D,1.796910047531128,D,2.2306087017059326,D,2.372208833694458,D,3.4962892532348633,D,2.3422601222991943,D,1.2616873979568481,D,2.0803935527801514,D,1.9825372695922852,D,1.323060154914856,D,1.1145373582839966,D,2.1194615364074707
138,L,2.497455183664958,L,1.909550428390503,L,2.0695717334747314,L,2.193824529647827,L,1.975874423980713,L,2.013206958770752,L,2.591306447982788,L,2.6631269454956055,L,3.0538718700408936,L,1.7002995014190674,L,2.469413995742798,L,3.350905418395996,L,3.6378839015960693,L,1.9771931171417236,L,2.451653480529785,L,3.4041450023651123
139,Y,1.9934449434280395,H,2.112272024154663,Y,3.5214035511016846,N,1.269608974456787,Y,3.503478527069092,Y,3.664994716644287,N,1.7676587104797363,N,1.870935082435608,Y,1.2957712411880493,N,1.8929568529129028,N,1.4247812032699585,N,1.400350570678711,N,1.3671202659606934,N,1.4447534084320068,N,1.947076439857483,N,1.4185125827789307
140,A,2.307906134923299,F,1.9748166799545288,F,3.05814266204834,S,1.3736815452575684,F,2.464839458465576,F,3.23626708984375,S,1.7670356035232544,S,1.9014580249786377,F,2.925182819366455,S,1.7692075967788696,S,2.078843355178833,T,2.4720544815063477,T,2.532421350479126,S,2.998553514480591,S,1.5586127042770386,T,2.5074751377105713
141,T,1.7579283316930134,T,1.2104460000991821,T,1.3302780389785767,T,2.557161569595337,T,1.2349870204925537,T,1.3608152866363525,T,2.21728515625,T,1.804556965827942,T,1.834338665008545,T,1.7376933097839355,T,1.3260622024536133,T,1.9123687744140625,T,1.922653079032898,T,3.0006353855133057,T,1.143669605255127,T,1.775973916053772
142,A,2.2278669754664104,S,1.568091869354248,A,3.1000943183898926,A,1.7924790382385254,A,3.1403415203094482,A,3.184096336364746,A,2.6827707290649414,A,2.940579414367676,S,2.786406993865967,A,2.8594517707824707,A,1.5679062604904175,A,1.0487068891525269,A,1.0832343101501465,A,2.065580129623413,A,2.5314199924468994,A,1.0668450593948364
143,L,2.0264377991358438,M,1.3931728601455688,L,1.729987382888794,L,1.1456553936004639,L,1.874976634979248,L,1.8056365251541138,L,1.729473352432251,L,1.8231103420257568,L,2.0935709476470947,L,2.10971736907959,L,2.6488614082336426,L,2.0810961723327637,L,1.870605707168579,L,1.7409857511520386,L,4.24614143371582,L,2.1035757064819336
144,K,1.9446200927098591,Y,1.5645989179611206,G,2.7932887077331543,G,2.75964617729187,G,2.805175304412842,G,2.7895662784576416,A,1.3377208709716797,A,1.445928692817688,G,2.4033451080322266,G,1.2644033432006836,G,2.180675745010376,A,1.3652616739273071,G,1.1853998899459839,G,1.894975185394287,G,2.014789581298828,A,1.3645259141921997
145,F,1.8012188911437987,F,3.3876171112060547,F,2.0738677978515625,L,1.278743863105774,F,2.190272569656372,F,2.052635431289673,L,0.9576853513717651,L,1.1900678873062134,F,1.5132726430892944,L,3.022409200668335,L,1.2009508609771729,F,1.2871755361557007,F,1.3189066648483276,F,2.143739700317383,L,2.0926148891448975,F,1.308323860168457
146,R,1.9302006443341573,R,1.779406189918518,R,2.2866623401641846,R,1.8931535482406616,R,1.7293980121612549,R,2.412600040435791,R,2.466879367828369,R,2.511110782623291,R,1.2832497358322144,R,1.3625402450561523,R,3.097982168197632,R,1.7806715965270996,R,1.8865561485290527,R,1.7243938446044922,R,0.9385223984718323,R,1.799883246421814
147,L,2.119704341888428,L,1.3225523233413696,L,1.4893972873687744,T,1.3765054941177368,L,1.4998714923858643,L,1.4529106616973877,T,3.8597497940063477,T,3.87218976020813,L,1.5097506046295166,T,2.054182529449463,T,1.1653947830200195,I,2.6870687007904053,I,2.552278757095337,I,1.9764373302459717,T,2.4934401512145996,I,2.483835458755493
148,L,2.0979326089223225,L,1.5048469305038452,L,1.3170766830444336,L,2.0572612285614014,L,1.3693078756332397,L,1.3075034618377686,L,2.6700289249420166,L,2.199631690979004,L,2.462660551071167,L,1.1330723762512207,L,1.3446283340454102,F,3.4334189891815186,F,3.034119129180908,L,2.369130849838257,L,1.8655920028686523,F,3.400710105895996
149,R,1.9350531975428262,R,2.6003665924072266,R,1.4341741800308228,R,3.232877254486084,R,1.4604424238204956,R,1.4389073848724365,R,1.329592227935791,R,1.3042210340499878,R,1.875961422920227,R,2.3614001274108887,R,1.1999305486679077,R,2.6009511947631836,R,2.5151309967041016,R,1.402084231376648,R,1.7196491956710815,R,2.5501091480255127
150,Q,2.174445962905884,A,1.3089382648468018,Q,2.6326425075531006,L,3.8856306076049805,Q,2.745680093765259,Q,2.5592539310455322,L,1.4636718034744263,L,1.439363956451416,Q,1.5357494354248047,L,4.317051887512207,L,2.5735790729522705,L,1.4495223760604858,L,1.570678472518921,L,1.618016004562378,L,1.9895211458206177,L,1.5273898839950562
151,H,1.9335951566696168,R,1.1110813617706299,H,1.9180611371994019,H,1.6779369115829468,H,1.8668843507766724,H,1.8666375875473022,H,2.9678900241851807,H,2.709123134613037,H,1.3352254629135132,H,2.0350310802459717,H,3.6870920658111572,H,1.171187162399292,H,1.2454180717468262,H,1.8785172700881958,H,2.3976283073425293,H,1.1362134218215942
152,G,2.113481577237447,G,1.6646414995193481,G,1.615502953529358,G,1.1076574325561523,G,1.6601916551589966,G,1.8104561567306519,G,1.758459210395813,G,1.7065041065216064,G,1.3480827808380127,G,1.9685466289520264,G,3.4235570430755615,G,2.793264627456665,G,2.9705846309661865,G,2.502143144607544,G,2.5583059787750244,G,2.8143258094787598
153,Y,1.8394827047983806,F,3.1872448921203613,F,1.2926865816116333,Y,2.364081859588623,F,1.3326486349105835,F,1.2586175203323364,Y,1.2183222770690918,Y,1.1317096948623657,F,2.895170211791992,Y,1.080678939819336,Y,1.665167212486267,Y,1.7766872644424438,Y,1.7670872211456299,Y,2.758852243423462,Y,1.9293482303619385,Y,1.9339377880096436
154,S,1.9598121444384258,D,2.131781816482544,N,1.3721659183502197,A,2.230412721633911,N,1.4004067182540894,N,1.3136177062988281,N,2.0414273738861084,N,2.134276866912842,N,1.3961989879608154,T,2.6785688400268555,D,0.9268613457679749,T,2.1698434352874756,T,2.032614231109619,P,2.4489121437072754,P,3.0486786365509033,T,2.071415424346924
155,V,1.996435523033142,V,1.86656653881073,V,2.8833115100860596,V,1.467201828956604,V,2.9380815029144287,V,2.9383814334869385,V,1.242102861404419,V,1.1929805278778076,V,1.224132776260376,V,1.8452845811843872,V,2.470231294631958,V,2.087747097015381,V,2.0242919921875,V,1.834857702255249,V,1.8988304138183594,V,2.0325307846069336
156,S,1.9101972665105547,S,2.2600159645080566,S,1.4301472902297974,S,1.6319267749786377,S,1.4252514839172363,S,1.388775110244751,S,1.48642897605896,S,1.4275119304656982,S,1.9945542812347412,S,2.448810577392578,S,2.6428709030151367,S,2.3843324184417725,S,2.3236794471740723,S,1.5372381210327148,-,,S,2.3612184524536133
157,Q,2.359999179840088,-,,-,,-,,-,,-,,-,,-,,-,,-,,-,,-,,-,,-,,S,2.359999179840088,-,
158,-,1.914556328455607,P,2.133848190307617,Q,1.2525238990783691,A,1.9935522079467773,Q,1.2262650728225708,Q,1.2377688884735107,S,2.074565887451172,S,2.1022849082946777,Q,3.37007999420166,S,2.1906042098999023,A,1.3840659856796265,S,1.8057645559310913,S,1.870401382446289,A,3.1211740970611572,S,1.0245137214660645,S,1.9309319257736206
159,-,,-,,-,,-,,-,,-,,-,,-,,-,,-,,-,,-,,-,,-,,-,,-,
160,E,1.9739846388498943,E,1.6875956058502197,R,1.9910260438919067,D,2.134310245513916,E,1.8848198652267456,Q,2.0078277587890625,D,3.0741822719573975,D,3.0018999576568604,D,1.790848731994629,H,1.9125564098358154,E,2.243809461593628,D,1.3280073404312134,D,1.4255750179290771,E,2.4111645221710205,D,1.4015661478042603,D,1.3145802021026611
161,V,2.1995158036549887,I,1.3405654430389404,I,3.3168303966522217,V,1.2235403060913086,I,2.999821901321411,I,3.0873794555664062,V,3.3492538928985596,V,3.396955966949463,I,1.6050666570663452,V,2.0050759315490723,V,1.9102660417556763,V,1.6090461015701294,A,1.5585088729858398,V,1.5547246932983398,V,2.439800262451172,V,1.5959011316299438
162,F,1.8651282469431558,F,1.433903455734253,F,1.8374249935150146,L,2.1243526935577393,F,1.9165916442871094,F,1.8434784412384033,L,2.2049646377563477,L,2.067786693572998,F,2.9065065383911133,L,1.159110188484192,L,2.2557287216186523,F,1.6848196983337402,F,1.6303331851959229,F,2.1137261390686035,L,1.129027009010315,F,1.6691696643829346
163,N,1.6703368345896403,S,1.3655058145523071,D,1.5995041131973267,N,1.545622706413269,D,1.7928270101547241,D,1.7803242206573486,E,1.4975496530532837,E,1.3976472616195679,D,2.4727189540863037,D,2.1415693759918213,N,1.3020292520523071,E,1.5651109218597412,E,1.5450209379196167,K,1.8472009897232056,E,1.6536120176315308,E,1.548809289932251
164,S,1.8737935145696005,R,1.93277108669281,C,2.494903326034546,L,1.347854495048523,C,2.5802714824676514,C,2.559040069580078,Y,1.048445224761963,Y,1.0696473121643066,C,1.5997211933135986,H,1.6745631694793701,H,1.4477618932724,H,2.3072500228881836,H,2.2816851139068604,H,1.5444022417068481,N,1.915847659111023,H,2.3027384281158447
165,F,2.1231564482053122,F,0.9551560282707214,F,2.3882505893707275,F,2.1528680324554443,F,2.0505239963531494,F,2.266310453414917,F,3.3476688861846924,F,3.106792688369751,F,1.7896066904067993,L,1.528781533241272,F,1.6337623596191406,F,1.6836012601852417,F,1.6517904996871948,F,1.1886314153671265,F,4.413435935974121,F,1.6901663541793823
166,K,1.7412126859029133,M,1.5762540102005005,K,1.6447702646255493,K,1.4952059984207153,K,1.5585556030273438,K,1.579108476638794,K,1.7558234930038452,K,2.3704676628112793,K,1.5011266469955444,K,1.9070478677749634,K,1.4434492588043213,K,2.0368149280548096,K,2.02026104927063,R,1.99103844165802,K,1.201170563697815,K,2.0370960235595703
167,-,,-,,-,,-,,-,,-,,-,,-,,-,,-,,-,,-,,-,,-,,-,,-,
168,D,1.9346566200256348,D,1.8982770442962646,N,1.5001497268676758,D,2.401315689086914,N,1.4827824831008911,D,1.702552080154419,D,1.8479368686676025,D,2.038377285003662,N,1.4074296951293945,N,1.290666103363037,N,2.000239133834839,D,2.1205265522003174,D,2.134901523590088,N,1.674495816230774,D,3.4250824451446533,D,2.0951168537139893
169,-,,-,,-,,-,,-,,-,,-,,-,,-,,-,,-,,-,,-,,-,,-,,-,
170,-,1.6686057249704997,-,,E,1.5721310377120972,-,,E,1.5251885652542114,-,,-,,-,,E,1.9084975719451904,-,,-,,-,,-,,-,,-,,-,
171,E,1.6563759446144104,E,3.7515242099761963,K,1.4405958652496338,Q,0.973475456237793,K,1.3590189218521118,-,,E,2.006643056869507,Q,1.9164773225784302,K,1.1794021129608154,E,2.433659076690674,Q,1.6958720684051514,Q,1.3880361318588257,Q,1.361698865890503,Q,1.1948237419128418,H,1.1245768070220947,Q,1.363459587097168
172,R,2.0588644232068742,T,1.643794059753418,G,1.9925191402435303,N,1.9920928478240967,G,1.6148971319198608,-,,K,1.8939265012741089,K,1.78936767578125,G,1.8585585355758667,K,3.3653981685638428,S,2.6378588676452637,K,1.7476352453231812,M,2.022282600402832,I,2.6250829696655273,N,1.899396300315857,K,1.741291880607605
173,G,2.136741614341736,G,2.755753993988037,S,1.0610308647155762,G,2.1556098461151123,S,1.2816716432571411,N,1.4724836349487305,G,1.7933709621429443,G,1.4023613929748535,S,1.7472814321517944,G,1.7692347764968872,G,3.887629508972168,G,3.251678705215454,G,3.1303985118865967,G,1.5242013931274414,G,1.5776383876800537,G,3.240779161453247
174,S,1.916097112496694,N,1.6390578746795654,H,2.1232919692993164,Q,4.99880313873291,D,1.9846328496932983,D,1.3413361310958862,H,1.361645221710205,H,1.4147579669952393,D,3.0001184940338135,Q,2.0076208114624023,Q,1.267306923866272,Q,0.9070606827735901,Q,1.0346832275390625,Q,2.68369722366333,Q,1.6564701795578003,Q,1.3209739923477173
175,F,2.1993221680323285,F,4.969374656677246,F,1.621748447418213,F,1.5181281566619873,F,1.9215484857559204,F,1.8803942203521729,F,2.4008021354675293,F,2.022655725479126,F,2.021641731262207,F,2.001038074493408,F,1.6741673946380615,F,1.763177752494812,F,2.2715470790863037,F,3.6202797889709473,F,1.604463815689087,F,1.6988650560379028
176,-,,-,,-,,-,,-,,-,,-,,-,,-,,-,,-,,-,,-,,-,,-,,-,
177,K,2.099282588277544,Q,1.6298657655715942,D,3.1915383338928223,A,3.660187005996704,D,2.553452968597412,D,1.158496379852295,A,1.7888180017471313,A,1.925175428390503,D,2.040963649749756,T,2.692347764968872,A,2.2750701904296875,A,1.8298646211624146,T,1.4182454347610474,-,,T,1.6220813989639282,A,1.6038492918014526
178,A,2.005655948321025,T,1.86097252368927,E,1.6921731233596802,C,1.4596580266952515,E,3.410615921020508,E,1.82449471950531,C,1.3990998268127441,C,1.5274059772491455,E,2.0188074111938477,C,3.4098877906799316,C,1.020888090133667,A,2.2952041625976562,A,1.8303742408752441,V,1.9903477430343628,C,2.103447675704956,A,2.241461992263794
179,C,1.8868562936782838,S,1.553689956665039,T,1.9931013584136963,S,1.5330615043640137,T,2.0816590785980225,T,1.737273097038269,P,1.6352373361587524,P,2.1061224937438965,T,2.555896282196045,-,,T,1.5305721759796143,-,,-,,S,2.1419496536254883,-,,-,
180,L,1.9232529997825623,I,1.7138071060180664,L,2.100181818008423,P,1.6109963655471802,L,2.263108015060425,L,3.2490828037261963,A,1.6783483028411865,A,1.809187889099121,L,1.1523144245147705,S,1.229870319366455,L,1.8436925411224365,S,2.5380589962005615,S,2.11401629447937,C,1.7531013488769531,-,,S,1.8697757720947266
181,C,2.204413406054179,S,1.2586122751235962,I,2.9232232570648193,S,1.5212173461914062,I,2.405280590057373,I,2.1029253005981445,I,2.9766931533813477,I,2.834817409515381,I,1.4827522039413452,A,1.4649906158447266,K,4.084609508514404,A,2.1699774265289307,A,1.714499592781067,H,1.3309876918792725,S,2.664336919784546,A,2.1312777996063232
182,E,1.8141125440597534,-,,G,1.1568865776062012,Q,1.3229701519012451,G,1.3668677806854248,G,2.1364896297454834,L,1.925585389137268,L,2.115734815597534,G,2.138720989227295,I,1.8119560480117798,Q,1.3477625846862793,N,1.2556170225143433,N,1.321362853050232,S,4.33480978012085,G,1.5593518018722534,N,1.6034601926803589
183,-,2.287644181932722,-,,-,,-,,-,,-,,T,2.1973910331726074,T,2.647804021835327,-,,Q,1.9721269607543945,-,,D,2.2928051948547363,D,2.117630958557129,-,,I,2.760535955429077,D,2.0252151489257812
184,-,,-,,-,,-,,-,,-,,-,,-,,-,,-,,-,,-,,-,,-,,-,,-,
185,-,,-,,-,,-,,-,,-,,-,,-,,-,,-,,-,,-,,-,,-,,-,,-,
186,-,,-,,-,,-,,-,,-,,-,,-,,-,,-,,-,,-,,-,,-,,-,,-,
187,-,,-,,-,,-,,-,,-,,-,,-,,-,,-,,-,,-,,-,,-,,-,,-,
188,-,,-,,-,,-,,-,,-,,-,,-,,-,,-,,-,,-,,-,,-,,-,,-,
189,-,,-,,-,,-,,-,,-,,-,,-,,-,,-,,-,,-,,-,,-,,-,,-,
190,-,,-,,-,,-,,-,,-,,-,,-,,-,,-,,-,,-,,-,,-,,-,,-,
191,-,,-,,-,,-,,-,,-,,-,,-,,-,,-,,-,,-,,-,,-,,-,,-,
192,-,,-,,-,,-,,-,,-,,-,,-,,-,,-,,-,,-,,-,,-,,-,,-,
193,-,,-,,-,,-,,-,,-,,-,,-,,-,,-,,-,,-,,-,,-,,-,,-,
194,-,,-,,-,,-,,-,,-,,-,,-,,-,,-,,-,,-,,-,,-,,-,,-,
195,-,,-,,-,,-,,-,,-,,-,,-,,-,,-,,-,,-,,-,,-,,-,,-,
196,-,,-,,-,,-,,-,,-,,-,,-,,-,,-,,-,,-,,-,,-,,-,,-,
197,-,,-,,-,,-,,-,,-,,-,,-,,-,,-,,-,,-,,-,,-,,-,,-,
198,-,,-,,-,,-,,-,,-,,-,,-,,-,,-,,-,,-,,-,,-,,-,,-,
199,-,,-,,-,,-,,-,,-,,-,,-,,-,,-,,-,,-,,-,,-,,-,,-,
200,-,,-,,-,,-,,-,,-,,-,,-,,-,,-,,-,,-,,-,,-,,-,,-,
201,-,2.1005152463912964,-,,-,,-,,-,,-,,-,,-,,-,,-,,-,,-,,-,,E,1.2842435836791992,Q,2.9167869091033936,-,
202,-,1.9134299755096436,-,,-,,T,1.6507878303527832,-,,-,,E,1.3334827423095703,E,1.526048183441162,-,,T,1.8841482400894165,T,2.2247681617736816,T,2.039064407348633,T,2.155900478363037,T,1.3673603534698486,T,3.119544267654419,T,1.8331950902938843
203,-,1.963979148864746,-,,-,,E,1.5012180805206299,-,,-,,G,3.0171432495117188,G,2.636340618133545,-,,E,1.19685959815979,E,1.3275070190429688,E,1.382934808731079,E,2.9914655685424805,E,2.1392433643341064,E,2.0184741020202637,E,1.428605079650879
204,-,1.71068963209788,N,2.9304018020629883,E,1.4993904829025269,E,2.4980225563049316,E,1.3161859512329102,E,1.8988779783248901,Q,1.1725258827209473,Q,1.1522626876831055,E,2.164656162261963,G,1.254622459411621,D,2.498687744140625,L,1.261638879776001,L,1.5231949090957642,E,1.610975742340088,G,1.6766021251678467,L,1.2022991180419922
205,D,2.3982962290445964,D,1.8544628620147705,D,2.0807158946990967,E,2.78641939163208,D,2.4697813987731934,D,2.46079158782959,I,1.4107881784439087,I,1.48422372341156,D,1.893953800201416,E,2.815192461013794,Q,1.3582991361618042,Q,2.9450833797454834,Q,4.967658519744873,D,1.2187250852584839,E,1.913921594619751,Q,4.314426422119141
206,T,2.002079661687215,P,1.9371060132980347,I,2.3334004878997803,I,2.4393746852874756,T,2.443368673324585,T,1.1257065534591675,T,1.2674142122268677,T,1.4395993947982788,T,1.7282273769378662,I,1.757691740989685,I,1.9020222425460815,T,2.049710750579834,T,1.8022881746292114,I,4.333938121795654,I,1.880119800567627,T,1.5912266969680786
207,K,2.244921151796977,I,2.0312106609344482,K,1.9963537454605103,R,2.0727574825286865,K,1.2958412170410156,K,1.3498141765594482,R,2.3670544624328613,R,2.3393430709838867,K,1.8177917003631592,R,3.5186893939971924,R,1.6326971054077148,R,4.288900375366211,R,1.5156805515289307,R,1.1288349628448486,R,1.7167370319366455,R,4.602111339569092
208,G,2.3991954803466795,G,2.574936628341675,A,1.7585008144378662,S,4.509242534637451,A,1.3940889835357666,G,2.2617909908294678,S,3.3346447944641113,S,3.551421880722046,A,2.1037027835845947,D,3.068037271499634,T,3.317889928817749,S,1.7879716157913208,S,1.9339572191238403,S,1.0057826042175293,G,1.555755376815796,S,1.8302087783813477
209,M,2.053489589691162,M,1.6401796340942383,T,1.9311285018920898,V,2.0001587867736816,T,1.6679219007492065,I,2.3098011016845703,V,2.384248971939087,V,2.5543596744537354,T,3.653071641921997,V,1.5557746887207031,V,2.9809703826904297,V,1.3575587272644043,V,1.9034532308578491,I,2.1777477264404297,V,1.376994252204895,V,1.3089746236801147
210,L,1.586410657564799,L,1.204180121421814,L,2.7510793209075928,L,1.173119306564331,L,1.9374772310256958,L,2.0382003784179688,L,0.8990002870559692,L,1.1281729936599731,L,1.5772833824157715,L,2.2152950763702393,L,1.7235281467437744,F,1.4812147617340088,F,1.3247039318084717,V,1.6513572931289673,L,1.2657958269119263,F,1.425751805305481
211,S,1.9145881454149882,S,2.268416166305542,Q,1.968138575553894,S,1.142657995223999,Q,3.7635645866394043,Q,1.5710726976394653,N,1.6819448471069336,N,0.9863448739051819,Q,1.4442239999771118,N,1.5629048347473145,N,1.7438503503799438,N,2.035257577896118,N,2.1726016998291016,N,1.205917239189148,N,2.9090933799743652,N,2.2628333568573
212,L,2.1622638781865438,L,2.912003517150879,L,2.5010712146759033,L,1.5571565628051758,L,2.032580614089966,L,1.936040997505188,L,2.8147056102752686,L,1.8190587759017944,L,2.568908452987671,L,1.0499839782714844,L,1.762793779373169,L,2.5250937938690186,L,2.556756019592285,L,2.4750142097473145,L,1.5037893056869507,L,2.419001340866089
213,Y,1.961537746588389,Y,1.7722162008285522,Y,2.2281742095947266,Y,2.893169641494751,Y,1.4450340270996094,Y,2.7242963314056396,Y,1.6438360214233398,Y,2.021878719329834,Y,1.83161199092865,F,2.4671428203582764,Y,0.9647780060768127,F,1.6020370721817017,F,1.6446858644485474,Y,3.496145248413086,F,1.1049132347106934,F,1.5831468105316162
214,E,1.6973736047744752,E,1.393033504486084,E,1.5255380868911743,R,1.4966639280319214,E,2.1937294006347656,E,2.0343077182769775,R,1.1869385242462158,R,1.265758752822876,E,2.179507255554199,R,2.7630128860473633,R,2.3734688758850098,R,1.1018340587615967,R,1.1149762868881226,R,1.5705277919769287,R,2.1809964179992676,R,1.080310583114624
215,A,1.8242784976959228,A,1.7711164951324463,T,2.0256738662719727,A,1.0409901142120361,A,2.632519245147705,A,2.239793300628662,A,1.895851969718933,A,1.8724558353424072,V,1.8993315696716309,A,1.4719687700271606,A,2.164147138595581,A,1.4948326349258423,A,1.4284294843673706,A,0.9240208864212036,A,3.0444395542144775,A,1.4586066007614136
216,S,2.2031398018201194,S,2.0182456970214844,S,1.8475216627120972,S,1.4733612537384033,S,1.8872716426849365,S,2.3771913051605225,S,5.1264495849609375,S,4.84937047958374,S,0.9417940974235535,S,1.1121960878372192,S,1.509876012802124,S,2.0693511962890625,S,1.988864541053772,S,1.419297456741333,S,2.355952262878418,S,2.0703537464141846
217,F,1.6246006608009338,Y,1.519209384918213,F,0.914896547794342,L,3.027491807937622,F,1.717322826385498,F,1.6157786846160889,L,1.3145315647125244,L,1.4804494380950928,F,2.3492562770843506,L,1.587924599647522,L,1.1434639692306519,L,1.1998422145843506,L,1.2359683513641357,L,2.0765750408172607,L,1.9855836629867554,L,1.2007155418395996
218,F,2.0269702315330504,L,3.195834159851074,H,2.1085853576660156,I,1.4904024600982666,H,0.9057329297065735,H,2.116912603378296,V,1.1376487016677856,V,1.4475486278533936,H,2.3046491146087646,I,2.6654610633850098,I,1.733363151550293,I,2.836334466934204,I,2.713486433029175,I,1.1935724020004272,I,1.7350821495056152,I,2.8199398517608643
219,L,1.9495840946833292,C,3.0723283290863037,L,2.196404457092285,A,1.0435689687728882,L,2.22208571434021,L,1.8162003755569458,A,1.0870627164840698,A,1.058791995048523,L,2.5494155883789062,A,1.5407832860946655,A,2.877028226852417,A,1.385104775428772,A,1.334901213645935,A,3.704394817352295,A,1.828787088394165,A,1.5269038677215576
220,-,2.016732096672058,-,,-,,-,,-,,-,,-,,-,,-,,F,1.098842978477478,-,,F,2.4238033294677734,F,2.7191567420959473,F,1.454160213470459,-,,F,2.387697219848633
221,-,,-,,-,,-,,-,,-,,-,,-,,-,,-,,-,,-,,-,,-,,-,,-,
222,I,2.264858598058874,M,1.324149250984192,R,2.7319250106811523,F,1.8500515222549438,R,2.299250364303589,R,0.9778699278831482,F,3.93949294090271,F,4.288941383361816,R,1.89629328250885,-,,F,1.555253028869629,-,,-,,P,2.337505340576172,F,1.7127125263214111,-,
223,E,2.1600758263042996,P,4.510843276977539,E,1.8607126474380493,P,2.638770341873169,E,2.8213400840759277,E,1.6608788967132568,P,1.7148725986480713,P,1.8161264657974243,E,1.4546691179275513,P,1.8984416723251343,P,1.2611048221588135,P,2.0601563453674316,P,1.8109387159347534,-,,P,2.681058168411255,P,2.0511484146118164
224,-,,-,,-,,-,,-,,-,,-,,-,,-,,-,,-,,-,,-,,-,,-,,-,
225,-,,-,,-,,-,,-,,-,,-,,-,,-,,-,,-,,-,,-,,-,,-,,-,
226,-,,-,,-,,-,,-,,-,,-,,-,,-,,-,,-,,-,,-,,-,,-,,-,
227,G,1.7774047136306763,G,1.5224717855453491,G,1.5378590822219849,G,2.0488598346710205,G,1.7631937265396118,G,2.4721171855926514,G,1.508658766746521,G,1.499517560005188,G,1.9684175252914429,G,2.6172399520874023,G,1.9699969291687012,E,1.5008538961410522,E,1.558785319328308,G,2.157071352005005,G,0.9418009519577026,E,1.5942268371582031
228,-,,-,,-,,-,,-,,-,,-,,-,,-,,-,,-,,-,,-,,-,,-,,-,
229,E,2.1529400825500487,E,1.8975565433502197,E,1.886043667793274,E,1.6759146451950073,E,1.55869460105896,E,3.0098938941955566,E,1.2232637405395508,E,1.2125221490859985,E,1.8925611972808838,E,1.784764051437378,E,2.8754804134368896,E,3.3002915382385254,E,3.5452334880828857,E,1.8494616746902466,E,1.4772765636444092,E,3.1051430702209473
230,N,1.746089474360148,T,2.2351973056793213,N,1.6512361764907837,K,1.648734211921692,N,1.9765653610229492,N,1.900278091430664,K,1.4794750213623047,K,1.5166330337524414,N,1.1124913692474365,K,1.775113821029663,K,2.3588805198669434,K,1.742671251296997,K,1.8901838064193726,K,1.668339729309082,K,1.4989556074142456,K,1.7365868091583252
231,I,2.0534079472223916,T,1.5885732173919678,T,1.1192152500152588,V,1.8043638467788696,T,1.5939619541168213,T,1.5560365915298462,V,2.389359951019287,V,2.316908359527588,T,4.013954162597656,I,1.7089534997940063,V,2.0517544746398926,V,1.657994031906128,V,1.5699656009674072,V,2.314460277557373,V,3.4864323139190674,V,1.629185676574707
232,-,2.1571651101112366,L,2.6832072734832764,-,,-,,-,,-,,-,,-,,L,1.6311229467391968,-,,-,,-,,-,,-,,-,,-,
233,L,2.2479662620104275,-,,L,4.131840229034424,M,4.879377841949463,L,1.1349513530731201,L,2.0691070556640625,M,1.4210366010665894,M,1.4318654537200928,-,,M,1.7708910703659058,M,1.7115299701690674,L,2.4166457653045654,L,2.168565273284912,M,1.9914939403533936,M,1.6729105710983276,L,2.4233462810516357
234,E,1.7458837111790975,D,1.3913520574569702,E,1.6349835395812988,E,2.360146999359131,E,4.511510372161865,E,1.500152587890625,E,1.1141250133514404,E,1.1184669733047485,E,2.1035120487213135,E,1.7645596265792847,D,1.8307921886444092,E,0.8819297552108765,E,0.9229925274848938,E,2.466923952102661,E,1.7095211744308472,E,0.8772868514060974
235,E,1.5524254401524862,E,1.1687231063842773,L,2.1036157608032227,E,0.9870847463607788,L,1.5012551546096802,L,1.163095474243164,E,1.586324691772461,E,1.6080435514450073,L,2.135589122772217,A,2.5989274978637695,E,1.847899079322815,E,1.4683514833450317,E,1.4101794958114624,E,0.963266134262085,E,1.251650333404541,E,1.4923759698867798
236,A,1.9968399127324423,A,1.2954343557357788,A,2.1820895671844482,A,1.2819068431854248,A,2.049272060394287,A,4.433963775634766,A,2.8000924587249756,A,2.8258368968963623,A,1.6820337772369385,A,1.0316221714019775,A,2.8322842121124268,A,1.551964282989502,A,1.5143358707427979,A,1.3965427875518799,A,1.52628755569458,A,1.5489320755004883
237,R,1.8660651882489523,Q,2.3573310375213623,R,1.6431365013122559,E,1.4715397357940674,R,2.148966073989868,R,1.5319504737854004,E,2.3162829875946045,E,2.378401279449463,R,2.392916679382324,E,1.4473507404327393,E,0.9933196902275085,E,1.9135757684707642,E,1.8217453956604004,E,1.548241376876831,E,2.1449809074401855,E,1.8812391757965088
238,D,1.9614759922027587,A,0.9712109565734863,Q,2.1781508922576904,I,2.5792298316955566,Q,1.7736726999282837,Q,2.204068422317505,I,2.2354342937469482,I,2.058615207672119,Q,1.419561505317688,I,1.589035153388977,T,1.3571349382400513,K,1.9168717861175537,K,1.906862735748291,I,3.2922720909118652,I,2.028625726699829,K,1.911393642425537
239,F,1.8228108565012613,F,4.136923313140869,I,1.4499211311340332,F,1.392390251159668,I,2.3561923503875732,I,2.1139438152313232,F,1.6635186672210693,F,1.6234312057495117,I,1.282712697982788,F,1.2298046350479126,F,1.4973305463790894,F,1.7918497323989868,F,1.879176378250122,F,1.5229390859603882,F,1.6149933338165283,F,1.7870357036590576
240,S,1.7628535191218058,T,2.452148914337158,S,1.2799553871154785,S,1.588780403137207,S,1.283935785293579,S,1.7712016105651855,S,1.830867886543274,S,1.831056833267212,S,2.0330922603607178,S,1.7275481224060059,S,1.114920735359192,A,1.3038978576660156,A,1.4361824989318848,S,1.7667266130447388,S,3.7184157371520996,A,1.3040721416473389
241,T,2.1013476053873696,C,1.8023892641067505,T,2.055224895477295,A,1.167810082435608,T,1.2383073568344116,T,2.449737787246704,A,1.6848134994506836,A,1.7421071529388428,T,2.9554672241210938,T,1.858161211013794,A,2.215715169906616,A,3.330869197845459,A,2.508310317993164,E,1.261255145072937,T,1.9179761409759521,A,3.3320696353912354
242,K,1.9632144490877788,K,1.5678915977478027,K,2.3415846824645996,K,1.3194981813430786,K,1.8695358037948608,K,1.3461015224456787,S,2.2910735607147217,S,2.330625295639038,K,0.8836416602134705,M,2.4628758430480957,K,1.7102214097976685,A,2.8009705543518066,A,2.5199310779571533,K,1.423586368560791,M,1.73079514503479,A,2.849884033203125
243,H,1.8315604726473491,H,1.6378624439239502,Y,0.936283528804779,Y,2.371518135070801,Y,2.7594735622406006,Y,1.2824252843856812,Y,1.0098339319229126,Y,1.0184626579284668,Y,3.6657142639160156,Y,1.797247052192688,Y,1.1668651103973389,Y,2.333022117614746,Y,1.9602887630462646,Y,2.003129243850708,Y,1.1898572444915771,Y,2.341423749923706
244,L,2.026591936747233,L,1.5866323709487915,L,3.736708641052246,L,2.399616241455078,L,0.8820816278457642,L,2.142287015914917,L,1.380258321762085,L,1.3812522888183594,L,1.3653188943862915,L,2.274400234222412,L,2.3197522163391113,L,1.9491183757781982,L,1.8468888998031616,L,2.051684856414795,L,3.130307912826538,L,1.952571153640747
245,E,2.3756635983784995,K,1.6567519903182983,Q,1.5603150129318237,E,1.6573108434677124,Q,2.8747305870056152,Q,2.4649648666381836,K,1.423716425895691,K,1.4152345657348633,Q,2.1348679065704346,K,2.023782253265381,K,2.685530185699463,K,3.4629907608032227,K,5.293467044830322,K,1.7338999509811401,K,1.783058524131775,K,3.4643330574035645
246,E,2.237605861822764,Y,2.8050920963287354,K,2.1428334712982178,E,3.4054205417633057,K,1.9093910455703735,K,0.8361280560493469,K,3.004384994506836,E,3.030548095703125,K,1.7713990211486816,D,1.5592474937438965,D,2.6542086601257324,A,1.9906898736953735,A,1.920656442642212,E,3.425600528717041,H,1.1153100728988647,A,1.9931775331497192
247,Y,1.976668758051736,-,,M,1.7461731433868408,A,1.8903769254684448,K,2.513155937194824,K,3.3613624572753906,V,1.5588717460632324,V,1.479749321937561,Q,1.8396412134170532,A,3.820219039916992,A,1.8252934217453003,A,1.3293898105621338,A,1.5127297639846802,T,2.0760369300842285,A,1.391671895980835,A,1.328691005706787
248,-,,-,,-,,-,,-,,-,,-,,-,,-,,-,,-,,-,,-,,-,,-,,-,
249,-,,-,,-,,-,,-,,-,,-,,-,,-,,-,,-,,-,,-,,-,,-,,-,
250,-,,-,,-,,-,,-,,-,,-,,-,,-,,-,,-,,-,,-,,-,,-,,-,
251,V,1.9608281595366341,-,,V,2.006000518798828,L,1.6368193626403809,V,1.652838110923767,V,1.088302493095398,L,1.6894232034683228,L,1.6815154552459717,V,2.0188231468200684,L,1.8872419595718384,L,4.397100448608398,L,1.6538642644882202,L,1.6087501049041748,L,1.6057041883468628,L,2.8695998191833496,L,1.6556111574172974
252,K,1.9239768485228221,-,,D,2.3234922885894775,-,,D,1.7867413759231567,D,2.333090305328369,Q,1.3076353073120117,Q,1.2975760698318481,N,1.7687034606933594,Q,1.9383374452590942,-,,Q,2.458533525466919,Q,2.1929166316986084,Q,1.3217921257019043,Q,1.9541163444519043,Q,2.404787302017212
253,-,,-,,-,,-,,-,,-,,-,,-,,-,,-,,-,,-,,-,,-,,-,,-,
254,-,2.1592861955816094,-,,E,1.7799241542816162,-,,E,2.0472919940948486,E,1.733845591545105,K,3.191488265991211,K,3.217198610305786,-,,K,1.2295373678207397,-,,T,1.8319027423858643,T,1.366099238395691,K,2.533262014389038,K,2.9837141036987305,T,1.8378840684890747
255,-,1.9295009136199952,W,2.364976644515991,G,2.738226890563965,-,,G,1.730000615119934,G,1.6987732648849487,-,,-,,-,,I,3.2814581394195557,-,,L,1.0190374851226807,L,1.0806180238723755,I,1.7166208028793335,I,2.6459107398986816,L,1.0193865299224854
256,-,1.328317403793335,K,1.328317403793335,-,,-,,-,,-,,-,,-,,-,,-,,-,,-,,-,,-,,-,,-,
257,-,,-,,-,,-,,-,,-,,-,,-,,-,,-,,-,,-,,-,,-,,-,,-,
258,-,,-,,-,,-,,-,,-,,-,,-,,-,,-,,-,,-,,-,,-,,-,,-,
259,-,,-,,-,,-,,-,,-,,-,,-,,-,,-,,-,,-,,-,,-,,-,,-,
260,-,,-,,-,,-,,-,,-,,-,,-,,-,,-,,-,,-,,-,,-,,-,,-,
261,-,,-,,-,,-,,-,,-,,-,,-,,-,,-,,-,,-,,-,,-,,-,,-,
262,-,,-,,-,,-,,-,,-,,-,,-,,-,,-,,-,,-,,-,,-,,-,,-,
263,-,,-,,-,,-,,-,,-,,-,,-,,-,,-,,-,,-,,-,,-,,-,,-,
264,-,1.7730859518051147,-,,-,,Q,1.3620529174804688,-,,-,,-,,-,,-,,-,,Q,2.1841189861297607,-,,-,,-,,-,,-,
265,-,2.832298994064331,-,,-,,K,2.8714771270751953,-,,-,,-,,-,,E,3.729950189590454,-,,K,1.8954696655273438,-,,-,,-,,-,,-,
266,-,,-,,-,,-,,-,,-,,-,,-,,-,,-,,-,,-,,-,,-,,-,,-,
267,Q,1.83458411693573,E,1.6725125312805176,-,,-,,-,,-,,-,,-,,G,1.9966557025909424,-,,-,,-,,-,,-,,-,,-,
268,N,1.4338737726211548,K,1.8263012170791626,-,,-,,-,,-,,-,,-,,R,1.041446328163147,-,,-,,-,,-,,-,,-,,-,
269,K,2.539274787902832,D,2.635307550430298,R,1.9024832248687744,-,,S,3.6552746295928955,S,2.7166662216186523,-,,-,,I,1.78664231300354,-,,-,,-,,-,,-,,-,,-,
270,E,1.8296296745538712,V,1.6790742874145508,I,1.3287107944488525,I,1.8826122283935547,I,2.03782057762146,I,1.6290589570999146,I,2.347949266433716,I,2.3257651329040527,-,,-,,I,1.4060461521148682,-,,-,,-,,-,,-,
271,-,,-,,-,,-,,-,,-,,-,,-,,-,,-,,-,,-,,-,,-,,-,,-,
272,K,1.8320297360420228,H,1.840442180633545,N,1.7496908903121948,S,0.864355206489563,N,1.0417383909225464,N,2.711887836456299,P,2.308274745941162,P,2.27950119972229,S,1.6004186868667603,P,1.6242687702178955,P,2.869213342666626,P,1.7225836515426636,P,1.9222936630249023,P,0.9452416300773621,A,2.2856035232543945,P,1.7149323225021362
273,-,2.0696155468622845,P,1.5276424884796143,D,1.5456897020339966,V,1.6646671295166016,D,1.748362421989441,D,2.5686392784118652,V,1.8461445569992065,V,1.8227558135986328,D,0.8961247205734253,P,0.8831479549407959,V,1.5643376111984253,V,4.066758155822754,V,3.7382078170776367,D,1.5126328468322754,V,1.5706441402435303,V,4.0884785652160645
274,-,2.2458590269088745,T,1.0530097484588623,E,1.194023847579956,S,2.937617063522339,E,1.5732622146606445,E,1.8501105308532715,S,3.0976765155792236,S,3.3481335639953613,E,2.90812349319458,S,1.8828115463256836,S,0.8689602613449097,S,2.2337396144866943,S,2.748382091522217,C,3.573798179626465,S,2.1715855598449707,S,2.2466511726379395
275,-,,-,,-,,-,,-,,-,,-,,-,,-,,-,,-,,-,,-,,-,,-,,-,
276,-,,-,,-,,-,,-,,-,,-,,-,,-,,-,,-,,-,,-,,-,,-,,-,
277,N,2.09708639553615,-,,N,2.508254051208496,S,1.5046806335449219,N,0.8938347101211548,N,1.858382225036621,N,1.5021640062332153,S,1.4984050989151,N,3.0853941440582275,G,3.0524511337280273,S,1.5877115726470947,G,2.6634390354156494,G,2.459291934967041,S,1.9467915296554565,S,2.1402130126953125,G,2.658196449279785
278,L,2.4763991912206014,I,2.198359251022339,L,3.3017959594726562,L,3.722287893295288,L,2.960101842880249,L,2.3297626972198486,L,1.4798129796981812,F,1.4763692617416382,L,2.343597173690796,L,1.9227824211120605,L,2.6791014671325684,L,2.6743650436401367,L,2.814716100692749,L,3.0796923637390137,L,1.5477889776229858,L,2.6154544353485107
279,A,2.2338776628176373,A,1.858102798461914,S,2.192641496658325,S,2.713282585144043,S,3.1046149730682373,S,2.607851505279541,S,0.9543137550354004,S,0.9575546383857727,S,1.3260993957519531,S,3.383497953414917,S,1.9262841939926147,S,2.6155741214752197,S,2.641394853591919,S,3.392947196960449,S,1.3595935106277466,S,2.474411964416504
280,T,2.362723191579183,L,4.210509300231934,S,1.5150569677352905,Q,2.252923011779785,S,2.3958544731140137,S,2.492093801498413,G,2.916940689086914,R,2.822571039199829,L,1.5026315450668335,Q,2.42795991897583,R,3.338362693786621,R,1.6826704740524292,R,1.7462100982666016,R,3.0679757595062256,Q,1.4108126163482666,R,1.6582754850387573
281,L,2.044287991523743,Q,1.2929906845092773,W,1.491471290588379,E,1.5885133743286133,W,1.5331579446792603,W,1.2565581798553467,E,1.5383230447769165,E,1.5196501016616821,W,3.234097480773926,E,2.456162929534912,E,2.714435338973999,E,2.3498568534851074,E,2.0199291706085205,E,1.8779139518737793,E,3.356271982192993,E,2.4349875450134277
282,V,1.7260461370150249,I,1.5286749601364136,I,3.0739405155181885,I,1.9543380737304688,I,1.4490220546722412,I,2.043053150177002,I,1.0360413789749146,I,1.042391061782837,I,2.266727924346924,I,1.6453356742858887,I,2.4365336894989014,I,0.9944912791252136,I,1.375375509262085,I,2.8914947509765625,I,1.1202789545059204,I,1.0329930782318115
283,N,1.9710792938868205,E,1.1780996322631836,R,2.475999116897583,R,2.6016156673431396,R,2.8330752849578857,R,2.5058507919311523,E,2.3964784145355225,E,2.4135711193084717,R,1.7134236097335815,E,2.2139272689819336,G,1.8094853162765503,Q,1.6431843042373657,K,1.4733972549438477,G,1.5025142431259155,E,1.2160392999649048,Q,1.5895280838012695
284,H,2.0880363384882608,H,1.7958617210388184,H,1.6802358627319336,D,1.6110014915466309,H,2.2664527893066406,H,1.405294418334961,Y,3.4280247688293457,Y,3.0129828453063965,H,2.8994154930114746,Y,2.3005752563476562,D,2.264251470565796,Y,1.654994010925293,Y,1.4236739873886108,D,1.5342899560928345,Y,2.5528318881988525,Y,1.4906591176986694
285,S,1.7910398562749228,A,1.8532956838607788,S,2.7917299270629883,V,1.3286681175231934,S,1.8262407779693604,S,2.5710370540618896,V,2.1446640491485596,V,2.194361686706543,S,1.4629814624786377,L,1.5659980773925781,V,2.631338119506836,V,1.4720468521118164,V,1.1895509958267212,V,1.0837385654449463,L,1.2966123819351196,V,1.453334093093872
286,L,2.1628172715504963,L,1.5344343185424805,L,1.292910099029541,L,1.2065913677215576,L,2.9676501750946045,L,1.7540302276611328,L,2.7021026611328125,L,2.7478039264678955,L,1.4241666793823242,L,1.2564753293991089,L,1.6254526376724243,F,3.617908239364624,F,4.137131690979004,L,1.15798020362854,L,1.4332904815673828,F,3.5843310356140137
287,E,1.7264857530593871,E,1.2250499725341797,D,1.7463679313659668,E,2.019576072692871,D,1.2833479642868042,D,1.6284034252166748,E,2.207390308380127,E,2.3405892848968506,D,1.481866478919983,E,1.1320441961288452,E,1.2640812397003174,D,1.3482904434204102,D,1.249592661857605,E,4.047808647155762,E,1.580223560333252,D,1.3426541090011597
288,F,1.8452215353647867,L,2.4740257263183594,L,1.26430344581604,Y,1.2692824602127075,L,1.3663971424102783,L,1.3617171049118042,Y,3.3853583335876465,Y,3.5811641216278076,L,1.4083285331726074,F,3.3207485675811768,Y,1.2558567523956299,Y,1.3309077024459839,Y,1.336703896522522,H,1.3561410903930664,Y,1.6414984464645386,Y,1.3258897066116333
289,P,2.0817769368489585,P,2.1158344745635986,P,1.4677494764328003,G,1.3125734329223633,P,1.432469129562378,P,1.7514069080352783,G,2.386794328689575,G,2.2989351749420166,P,3.351917028427124,G,1.2289783954620361,G,3.0266168117523193,R,2.8754706382751465,R,2.3942477703094482,G,1.421940803527832,G,1.2833949327468872,R,2.8783247470855713
290,L,2.1695813020070394,I,5.079202175140381,L,3.999115228652954,W,3.445584535598755,L,1.5714865922927856,L,2.174592971801758,W,1.1327472925186157,W,1.3245997428894043,L,1.5837955474853516,W,1.3183557987213135,W,1.162537932395935,W,1.6439346075057983,W,1.6980725526809692,W,2.9222114086151123,W,1.8498636484146118,W,1.6376194953918457
291,H,2.120831839243571,H,1.2162747383117676,H,1.3967255353927612,H,1.3018561601638794,H,3.6160573959350586,H,1.2955842018127441,H,2.349393844604492,H,2.2566123008728027,H,3.6511855125427246,H,2.644911766052246,H,1.7051429748535156,H,1.536784052848816,H,1.8276653289794922,H,1.4702398777008057,H,4.007268905639648,H,1.53677499294281
292,W,1.9218134085337322,W,1.3066190481185913,W,3.7328760623931885,T,1.4481637477874756,W,1.4145029783248901,W,3.8323163986206055,T,1.5472980737686157,T,1.493604302406311,W,1.7312904596328735,T,1.1070940494537354,T,2.1717121601104736,S,1.5712988376617432,S,1.58750319480896,T,1.5885391235351562,T,2.723586320877075,S,1.5707963705062866
293,R,1.869839652379354,R,2.624315023422241,R,1.7135026454925537,Y,1.5827715396881104,R,3.9205334186553955,R,1.6507723331451416,N,1.8163074254989624,N,1.8290859460830688,R,1.9679073095321655,N,1.5032519102096558,Y,1.0633823871612549,N,1.5654029846191406,N,1.4790337085723877,N,1.627793550491333,N,2.1433255672454834,N,1.560209035873413
294,M,1.7993431170781453,M,1.601890206336975,I,1.7286707162857056,L,1.8406909704208374,I,1.7079296112060547,I,1.6623867750167847,L,2.6281604766845703,L,2.603114604949951,I,2.5791144371032715,L,1.5223678350448608,L,1.3728904724121094,L,1.2506299018859863,L,1.1853970289230347,L,1.4028244018554688,P,2.651293992996216,L,1.252785325050354
295,P,1.887166945139567,P,2.060081720352173,Q,3.310080051422119,P,1.3541769981384277,Q,1.6722829341888428,Q,3.7201764583587646,P,1.2126189470291138,P,1.1838815212249756,Q,1.7601001262664795,P,1.7832554578781128,P,1.6074625253677368,P,1.3826407194137573,P,1.487705945968628,P,1.259346604347229,P,3.1620662212371826,P,1.3516279458999634
296,R,2.5162640810012817,R,1.4162718057632446,R,2.3397693634033203,R,2.261625289916992,R,2.8618884086608887,R,1.491506576538086,R,4.083064079284668,R,4.0794677734375,R,1.5515965223312378,R,1.1939464807510376,R,1.3834898471832275,R,4.16114616394043,R,4.073332786560059,R,1.4567314386367798,R,1.2324002981185913,R,4.157724380493164
297,L,1.9851498444875082,L,1.5246772766113281,L,1.5467586517333984,M,4.098723888397217,L,1.5118837356567383,L,1.6734639406204224,L,1.058642029762268,L,1.1580346822738647,L,1.5468440055847168,M,1.7901300191879272,L,1.2400858402252197,L,2.3393845558166504,L,2.3566179275512695,F,4.073846817016602,L,1.5204412937164307,L,2.3377130031585693
298,E,1.959812879562378,D,1.2474067211151123,E,1.6729556322097778,E,2.523139476776123,E,1.8952581882476807,E,1.2513738870620728,E,1.2488287687301636,E,1.307962417602539,E,1.8465021848678589,E,4.24526309967041,E,2.0306930541992188,E,2.1252269744873047,E,1.9923720359802246,E,2.388094663619995,E,1.4942686557769775,E,2.12784743309021
299,A,2.220866354306539,S,1.5794944763183594,A,1.693329095840454,A,2.154066801071167,A,1.4344302415847778,A,1.844476342201233,A,2.5138909816741943,A,2.4609010219573975,A,1.566888689994812,T,2.8708953857421875,A,3.963313579559326,A,2.391890048980713,A,2.5471808910369873,A,2.1144142150878906,A,1.7755396366119385,A,2.4022839069366455
300,-,1.7968114376068116,R,1.7924623489379883,R,1.5297436714172363,-,,R,2.1864850521087646,R,1.7567247152328491,-,,-,,R,1.7186414003372192,-,,-,,-,,-,,-,,-,,-,
301,R,2.1914574007193246,W,1.6212446689605713,-,,R,2.4787328243255615,-,,-,,R,1.2940001487731934,R,1.248167872428894,W,1.3572916984558105,R,2.191497802734375,R,2.734801769256592,R,3.0142970085144043,R,2.862196683883667,R,2.473464250564575,R,2.0171587467193604,R,3.0046353340148926
302,W,1.7673993025507246,Y,1.5380277633666992,W,1.6994832754135132,N,2.6053929328918457,W,1.5699254274368286,C,1.7827363014221191,N,1.581393837928772,N,1.5464646816253662,-,,M,2.648388147354126,N,1.9133094549179077,S,1.3615978956222534,S,1.2995316982269287,N,2.7520129680633545,M,1.0852351188659668,S,1.360090732574463
303,F,1.6213311382702418,-,,S,1.337100625038147,H,1.2240076065063477,F,1.5319452285766602,F,1.1330205202102661,Y,1.3717817068099976,Y,1.4305572509765625,F,1.0918222665786743,Y,2.9992690086364746,Y,2.5786468982696533,Y,1.7343571186065674,Y,1.7912075519561768,Y,1.2580692768096924,Y,1.475341558456421,Y,1.7415093183517456
304,I,1.4802958408991496,I,1.4279757738113403,L,0.9859075546264648,I,1.7341630458831787,L,1.2651972770690918,L,1.0593510866165161,I,1.4266915321350098,I,1.4728461503982544,L,1.4082016944885254,I,1.4499417543411255,I,2.358309030532837,I,1.5039033889770508,I,1.47612464427948,M,1.750296711921692,M,1.376648187637329,I,1.5088797807693481
305,N,1.6668880303700766,K,3.3661305904388428,D,1.3313093185424805,D,1.4168866872787476,D,1.2114808559417725,D,1.4324922561645508,E,1.6306015253067017,D,1.550383448600769,D,2.6620383262634277,D,1.6113497018814087,D,1.365376591682434,D,1.445791244506836,D,1.449106216430664,D,1.6162029504776,E,1.464171290397644,D,1.449999451637268
306,I,1.8986859718958538,L,2.425072431564331,A,2.5273642539978027,V,1.3334872722625732,A,1.4913804531097412,A,2.655296802520752,V,1.5745033025741577,V,1.6003355979919434,A,1.6669089794158936,V,1.5497329235076904,V,1.8950625658035278,I,2.274970054626465,I,2.093388319015503,V,1.526540756225586,V,1.6207338571548462,I,2.245512008666992
307,Y,1.9921103886195592,Y,1.7911640405654907,Y,1.6224725246429443,F,1.9597456455230713,Y,2.658054828643799,Y,1.5591490268707275,Y,4.29009485244751,Y,4.2204389572143555,Y,1.6501026153564453,F,1.2643736600875854,F,1.2847816944122314,L,1.2808709144592285,L,1.156631350517273,F,1.9162778854370117,-,,L,1.2353874444961548
308,R,1.6724699073367648,-,,-,,G,1.2449593544006348,-,,-,,E,2.5005228519439697,G,2.5162670612335205,-,,G,1.714220643043518,G,1.2606834173202515,A,1.4353049993515015,A,1.5455098152160645,G,1.2315831184387207,-,,A,1.6031779050827026
309,-,1.4937045574188232,-,,-,,-,,-,,-,,-,,-,,-,,-,,-,,-,,-,,Q,1.4937045574188232,-,,-,
310,-,,-,,-,,-,,-,,-,,-,,-,,-,,-,,-,,-,,-,,-,,-,,-,
311,-,,-,,-,,-,,-,,-,,-,,-,,-,,-,,-,,-,,-,,-,,-,,-,
312,-,,-,,-,,-,,-,,-,,-,,-,,-,,-,,-,,-,,-,,-,,-,,-,
313,-,2.329164505004883,-,,-,,-,,-,,-,,Q,2.3383235931396484,Q,2.320005416870117,-,,-,,-,,-,,-,,-,,-,,-,
314,-,3.0922585328420005,-,,-,,-,,-,,-,,S,2.9730896949768066,D,3.034538507461548,-,,-,,-,,-,,-,,D,3.2691473960876465,-,,-,
315,-,2.562001609802246,-,,-,,Q,1.4776932001113892,-,,-,,G,3.9858126640319824,S,3.922900676727295,-,,-,,Q,1.794803261756897,-,,-,,T,1.628798246383667,-,,-,
316,-,1.4192060430844624,-,,-,,-,,-,,-,,Y,1.3282902240753174,Y,1.4021532535552979,-,,E,1.183889627456665,-,,D,1.5890580415725708,D,1.471971869468689,-,,-,,D,1.5398732423782349
317,-,,-,,-,,-,,-,,-,,-,,-,,-,,-,,-,,-,,-,,-,,-,,-,
318,-,,-,,-,,-,,-,,-,,-,,-,,-,,-,,-,,-,,-,,-,,-,,-,
319,-,,-,,-,,-,,-,,-,,-,,-,,-,,-,,-,,-,,-,,-,,-,,-,
320,-,1.6128854155540466,-,,-,,D,1.3493341207504272,-,,-,,E,1.7684125900268555,E,1.6339302062988281,-,,D,1.4971216917037964,D,1.1332095861434937,N,1.905029296875,N,1.7597829103469849,-,,-,,N,1.8562629222869873
321,-,1.735560804605484,-,,-,,T,1.611592411994934,-,,-,,S,1.7715092897415161,S,1.7426972389221191,-,,T,2.9370620250701904,T,1.2917381525039673,T,1.6275317668914795,T,1.415421485900879,-,,-,,T,1.4869340658187866
322,-,2.2410242425070868,-,,-,,Q,1.8330062627792358,-,,-,,L,1.5819377899169922,S,1.51837158203125,-,,T,1.8024588823318481,E,2.5570623874664307,I,2.7428252696990967,I,3.3159713745117188,K,1.7125169038772583,-,,I,3.105067729949951
323,-,1.8949119885762533,E,1.1989600658416748,A,1.638691782951355,N,4.215281009674072,A,1.5834217071533203,A,1.6778297424316406,N,1.9605517387390137,N,1.9659223556518555,A,1.9963274002075195,F,1.6837893724441528,N,1.6422110795974731,S,1.2924515008926392,S,1.2109018564224243,N,1.7108384370803833,F,3.3620879650115967,S,1.2844138145446777
324,-,,-,,-,,-,,-,,-,,-,,-,,-,,-,,-,,-,,-,,-,,-,,-,
325,-,,-,,-,,-,,-,,-,,-,,-,,-,,-,,-,,-,,-,,-,,-,,-,
326,-,,-,,-,,-,,-,,-,,-,,-,,-,,-,,-,,-,,-,,-,,-,,-,
327,-,1.6864196459452312,E,1.3699820041656494,A,1.9061286449432373,S,1.94309663772583,A,1.6673096418380737,A,1.8532599210739136,E,0.9783387184143066,E,0.9893072843551636,A,3.0718955993652344,E,1.8746086359024048,S,1.6835527420043945,G,1.4046212434768677,G,1.2655255794525146,M,1.366080403327942,P,2.526190996170044,G,1.3963966369628906
328,H,2.1900599360466004,-,,-,,K,1.7097169160842896,-,,-,,M,1.162706732749939,M,1.1604005098342896,-,,T,1.445888876914978,K,4.555497646331787,T,3.111034631729126,T,3.1619949340820312,E,1.3253788948059082,Q,1.1515346765518188,T,3.116445541381836
329,N,2.3617080132166546,K,3.819606065750122,R,2.897651433944702,S,2.9503722190856934,R,1.941480278968811,R,3.2950851917266846,P,1.305182695388794,P,1.3688970804214478,R,1.6123847961425781,P,1.3095802068710327,S,1.2421634197235107,P,2.5174262523651123,P,2.4908523559570312,S,3.2094364166259766,D,2.9650211334228516,P,2.5004806518554688
330,Q,2.163374908765157,E,2.6816225051879883,E,1.644015908241272,C,2.911325454711914,E,3.0424087047576904,E,1.545121431350708,Y,1.8702781200408936,Y,1.8706127405166626,E,3.374145746231079,Y,2.612147569656372,Y,1.1040542125701904,D,1.3800467252731323,D,1.187327265739441,N,3.022052049636841,T,2.8235726356506348,D,1.3818925619125366
331,D,2.127746645609538,G,1.7916812896728516,D,3.1229465007781982,I,1.0352460145950317,D,1.5906281471252441,D,3.5975658893585205,M,1.7439085245132446,V,1.678858757019043,D,1.6457581520080566,L,3.9557015895843506,M,3.3322205543518066,A,1.849501132965088,A,2.2873992919921875,R,1.3675153255462646,I,1.0793439149856567,A,1.837924599647522
332,V,2.2709237734476724,T,1.6815146207809448,K,1.617309808731079,N,3.507216453552246,K,3.619939088821411,K,1.6774851083755493,N,2.2440009117126465,N,2.408458948135376,K,1.4850372076034546,I,1.3572921752929688,K,3.1123368740081787,N,2.130021333694458,N,1.7860970497131348,K,1.5729678869247437,Y,3.7483668327331543,N,2.115812301635742
333,N,1.6071520090103149,R,1.6808971166610718,N,1.3650825023651123,T,1.226257085800171,N,1.6776995658874512,N,1.6483736038208008,M,1.821301817893982,T,1.8568847179412842,N,1.785834789276123,R,1.738906741142273,T,1.2534294128417969,T,1.6128768920898438,T,1.5325899124145508,A,1.950217604637146,E,1.3254473209381104,T,1.6314810514450073
334,P,1.6237749417622884,P,1.750182032585144,P,1.9394925832748413,E,1.2265275716781616,P,1.4794806241989136,P,1.7642850875854492,K,1.4788939952850342,Q,1.5490026473999023,P,2.2628679275512695,E,1.7882269620895386,E,1.048413872718811,K,1.7327356338500977,K,1.7732714414596558,E,1.5348269939422607,Q,1.2920275926589966,K,1.73638916015625
335,I,2.103445466359456,L,2.515125274658203,L,2.26424503326416,K,1.597394347190857,L,1.735856294631958,L,2.6596150398254395,K,3.3643734455108643,K,3.4046051502227783,L,1.3245444297790527,K,1.3908989429473877,K,1.8759211301803589,K,1.523526668548584,K,2.6439642906188965,K,1.8554741144180298,K,1.8652851581573486,K,1.5308526754379272
336,L,1.970038358370463,L,1.9749579429626465,I,1.4549901485443115,L,1.66012704372406,I,2.3406636714935303,I,1.5323604345321655,L,3.027777910232544,L,2.862476110458374,I,3.088855743408203,L,2.0398449897766113,L,1.4975008964538574,L,1.3724929094314575,L,1.364155650138855,L,2.092501401901245,L,1.8694157600402832,L,1.3724547624588013
337,L,1.8607176542282104,L,1.822691559791565,F,4.004175186157227,L,1.7516157627105713,F,1.367645263671875,F,3.126934766769409,L,1.6098864078521729,L,1.483514666557312,F,1.4818229675292969,L,1.88361656665802,L,2.1092681884765625,L,1.4249742031097412,L,1.4398820400238037,L,1.1876665353775024,V,1.7896736860275269,L,1.4273970127105713
338,E,1.8320945103963215,E,2.284740447998047,E,1.6508638858795166,E,1.4568392038345337,E,3.3109817504882812,K,1.6886547803878784,Q,1.7787740230560303,K,2.150322437286377,K,1.5788487195968628,E,1.9937611818313599,E,1.5976053476333618,E,1.3311021327972412,E,1.2337990999221802,E,2.625424385070801,E,1.4724186658859253,E,1.3272815942764282
339,F,1.8407483180363973,L,1.6432530879974365,L,1.5068200826644897,L,2.4888079166412354,L,1.5504586696624756,L,1.6250008344650269,L,1.5177953243255615,L,1.6252331733703613,L,1.5893455743789673,L,1.494253158569336,L,1.844742774963379,L,2.6675214767456055,L,2.490450620651245,L,1.5392966270446777,L,1.3753018379211426,L,2.6529436111450195
340,A,1.7920901298522949,A,1.6926038265228271,A,1.274695634841919,A,1.119716763496399,T,1.5122461318969727,A,1.48605477809906,A,2.043797016143799,A,1.6330128908157349,A,1.667691946029663,A,1.6186392307281494,A,1.8788999319076538,A,2.69119930267334,A,2.8018736839294434,A,1.2692761421203613,A,1.4970378875732422,A,2.6946067810058594
341,E,1.7262054125467936,K,2.2594361305236816,K,1.5747113227844238,K,1.9276129007339478,K,1.4884753227233887,E,1.556323766708374,K,1.6216416358947754,K,1.7337015867233276,K,2.095722198486328,K,1.1954705715179443,K,1.6969852447509766,K,1.475369930267334,K,1.5297751426696777,K,2.1209187507629395,K,2.136134147644043,K,1.4808025360107422
342,L,2.0563326756159466,L,1.987045168876648,L,1.5772013664245605,L,2.034390926361084,L,1.5842920541763306,L,1.6829043626785278,L,1.8039453029632568,L,1.5197538137435913,L,4.276639461517334,L,1.9559364318847656,L,1.4064399003982544,L,2.1037120819091797,L,2.176647663116455,L,2.283911943435669,V,2.3460583686828613,L,2.1061112880706787
343,D,1.8018954594930012,D,1.5021533966064453,D,1.1499693393707275,E,1.4217361211776733,D,1.8051273822784424,D,1.3623632192611694,E,3.3370168209075928,E,2.81331205368042,D,1.7441351413726807,E,2.0898382663726807,E,1.991386890411377,E,1.2941592931747437,E,1.3479394912719727,E,2.442436456680298,E,1.433053970336914,E,1.2938040494918823
344,F,2.427283255259196,F,2.9800145626068115,F,2.895613670349121,F,1.3606808185577393,F,1.4262105226516724,F,2.9941203594207764,F,2.205608367919922,F,1.5312572717666626,F,1.2331345081329346,F,1.9381476640701294,F,1.8644424676895142,F,4.2964091300964355,F,4.296063423156738,F,1.8736921548843384,F,1.2081016302108765,F,4.305752277374268
345,N,2.2827169418334963,N,1.9342210292816162,N,1.3663076162338257,N,4.797581672668457,N,3.2910006046295166,N,1.4822559356689453,N,1.5969300270080566,N,1.544571042060852,N,1.9473185539245605,N,1.445125699043274,N,1.6393952369689941,N,1.984006643295288,N,2.0078370571136475,N,2.270064115524292,N,4.9475202560424805,N,1.9866186380386353
346,I,1.8504234790802,M,1.8483009338378906,I,1.8921877145767212,I,2.0546679496765137,I,0.9779056310653687,I,1.7019140720367432,I,0.9727671146392822,I,1.1061532497406006,I,2.144761562347412,I,4.154091835021973,I,1.5606554746627808,I,1.6808019876480103,I,1.7623274326324463,I,2.2021915912628174,I,2.015521287918091,I,1.6821043491363525
347,V,2.1937469879786176,V,2.6766748428344727,I,2.7751283645629883,F,1.3828256130218506,I,1.9981000423431396,I,2.2925643920898438,F,3.0553269386291504,F,2.9081249237060547,I,1.4191433191299438,F,2.137317657470703,F,3.6542649269104004,F,1.963416576385498,F,2.1547181606292725,F,1.2476191520690918,F,1.2743483781814575,F,1.966631531715393
348,Q,2.4482232491175333,Q,1.8329100608825684,Q,4.493860244750977,H,2.235750913619995,Q,2.5185039043426514,Q,4.819676399230957,H,2.170167922973633,H,2.55737566947937,Q,1.1981892585754395,H,1.225100040435791,H,1.906675934791565,H,2.931273937225342,H,2.5219733715057373,Q,1.8296582698822021,H,1.5515146255493164,H,2.930718183517456
349,A,2.168338243166606,S,2.4639828205108643,A,1.2816749811172485,S,2.223237991333008,A,4.224949836730957,A,1.374998927116394,S,3.084963083267212,S,3.1320531368255615,A,1.637374758720398,S,2.1801950931549072,A,1.50364351272583,S,1.6834542751312256,S,1.7879000902175903,S,2.0605196952819824,S,2.2065134048461914,S,1.6796120405197144
350,A,2.274077375729879,A,2.6881697177886963,T,1.2801512479782104,L,2.422025203704834,T,1.341367483139038,T,1.3636560440063477,L,1.596874713897705,L,1.5146492719650269,T,4.102641582489014,L,2.1678481101989746,L,4.356563091278076,V,2.4434614181518555,L,2.39986252784729,I,2.1027464866638184,L,1.8884135484695435,V,2.442730188369751
351,H,2.169647296269735,H,1.3747609853744507,Q,3.918562889099121,Q,1.2637975215911865,Q,1.349748134613037,Q,2.8977580070495605,Q,1.5910087823867798,Q,1.64328134059906,Q,1.839601755142212,V,2.1459572315216064,Q,1.7753095626831055,Q,1.6651053428649902,Q,1.6463795900344849,Q,3.854750633239746,Q,3.9082119464874268,Q,1.670475721359253
352,Q,2.0061249176661176,Q,1.872552514076233,Q,1.3305658102035522,K,1.699187994003296,Q,3.6689541339874268,Q,1.314101219177246,L,2.123206853866577,Q,2.1651217937469482,Q,2.1803245544433594,K,3.2899749279022217,K,2.857541799545288,Q,1.3961759805679321,Q,1.3877758979797363,K,1.727999210357666,K,1.6758228540420532,Q,1.4025682210922241
353,A,2.031579009691874,T,1.4597671031951904,E,2.34611439704895,R,1.5613162517547607,E,1.4748601913452148,Q,2.5268008708953857,R,1.4989014863967896,K,1.5441561937332153,E,3.597954750061035,R,1.8090167045593262,R,3.294887065887451,K,2.096346139907837,K,2.236232280731201,T,1.6784621477127075,R,1.2402918338775635,K,2.1085777282714844
354,D,1.7256596008936564,E,2.114896774291992,E,1.3097636699676514,E,2.316265106201172,E,2.463670015335083,E,1.3929250240325928,E,1.43132483959198,E,1.3960301876068115,E,1.4022818803787231,E,1.2973594665527344,E,1.9920989274978638,E,1.4926862716674805,E,1.4710663557052612,E,2.4645485877990723,E,1.8558436632156372,E,1.484133243560791
355,L,1.553470293680827,L,1.736114501953125,L,1.4764351844787598,L,1.4606618881225586,L,1.2725615501403809,L,1.3386335372924805,L,1.385624885559082,L,1.4669380187988281,L,2.2135443687438965,L,2.566070556640625,L,1.5065711736679077,L,1.237392783164978,L,1.2666465044021606,L,1.6086630821228027,L,1.5311810970306396,L,1.2350152730941772
356,K,2.0129663070042927,R,1.8248624801635742,K,2.691425323486328,E,1.276366949081421,K,1.4425137042999268,K,2.2866616249084473,Q,1.7050518989562988,Q,1.6972867250442505,K,2.3406479358673096,Q,1.4397178888320923,E,2.265605926513672,Q,2.8419201374053955,Q,2.9161815643310547,E,1.3070871829986572,Q,1.329539179801941,Q,2.8296260833740234
357,Q,2.0798521677652997,K,1.1739449501037598,E,2.60895037651062,Y,3.3243565559387207,E,2.186282157897949,E,2.7553999423980713,S,2.1018054485321045,Y,2.185818910598755,E,1.7919316291809082,S,1.439950704574585,Y,1.4421175718307495,C,1.5261437892913818,C,1.4782512187957764,S,2.873842477798462,S,2.793020009994507,C,1.515966773033142
358,V,2.0913508892059327,V,0.8726375102996826,V,1.627925157546997,L,1.4157854318618774,V,2.7604453563690186,I,1.820984125137329,I,3.42114520072937,I,3.458760976791382,V,1.5491578578948975,L,2.6633739471435547,L,1.2265068292617798,L,2.361955404281616,L,2.4581708908081055,L,1.8174145221710205,L,1.428084135055542,L,2.4879159927368164
359,S,1.7206629037857055,S,1.4311394691467285,S,1.5970717668533325,V,1.8560261726379395,S,1.721585750579834,S,1.5131666660308838,S,1.5228179693222046,S,1.494701623916626,S,1.9171791076660156,S,1.244278907775879,V,3.082340717315674,W,1.1981616020202637,W,1.2183868885040283,L,2.5120365619659424,T,2.3235464096069336,W,1.1775039434432983
360,T,1.6173667033513388,R,2.9506001472473145,R,1.9182254076004028,R,1.410862922668457,R,1.4922245740890503,R,2.0701112747192383,R,1.7229913473129272,R,1.733221411705017,R,1.1635377407073975,R,1.8135429620742798,R,1.3035293817520142,R,1.3913160562515259,R,1.2947828769683838,R,1.294905185699463,R,1.350494623184204,R,1.3501546382904053
361,W,1.9372723976771036,W,1.7953261137008667,W,1.1344996690750122,W,1.3352645635604858,W,2.1188364028930664,W,1.1595382690429688,W,2.69331431388855,W,2.9406003952026367,W,1.8643748760223389,W,1.491447925567627,W,1.8419818878173828,W,2.5194051265716553,W,2.379331350326538,W,1.5655628442764282,W,1.70244562625885,W,2.5171566009521484
362,W,1.619783099492391,W,1.7556769847869873,W,2.397357225418091,W,1.0318896770477295,W,1.2090420722961426,W,2.5781593322753906,W,1.5919580459594727,W,1.5774869918823242,W,2.107893943786621,W,1.4664316177368164,W,1.6471831798553467,W,1.452172875404358,W,1.4313949346542358,W,1.3508923053741455,W,1.305973768234253,W,1.3932335376739502
363,K,1.7179521560668944,S,3.9432008266448975,N,2.0871927738189697,K,1.5471315383911133,N,2.4935333728790283,N,2.1313631534576416,K,1.3347119092941284,K,1.3321317434310913,N,1.6430673599243164,K,1.164351463317871,K,1.291930913925171,K,1.1400649547576904,K,1.1587344408035278,N,1.7557930946350098,K,1.6067087650299072,K,1.1393660306930542
364,S,1.6878567298253377,E,2.2518248558044434,D,1.2233967781066895,D,1.0401369333267212,N,1.993369460105896,D,1.356889247894287,E,2.9400694370269775,D,2.85770583152771,D,1.0799779891967773,D,1.5885018110275269,G,1.091769814491272,E,1.9561887979507446,E,1.7721821069717407,D,1.142869472503662,H,1.1149864196777344,E,1.9079819917678833
365,-,1.4266259789466857,F,2.5457162857055664,S,0.9657813906669617,-,,S,1.3114700317382812,S,0.944383978843689,-,,-,,S,1.3657782077789307,-,,-,,-,,-,,-,,-,,-,
366,T,1.589732592756098,G,1.3563517332077026,-,,S,1.717618465423584,-,,-,,S,1.4902598857879639,S,1.56082022190094,-,,Y,1.0806854963302612,S,1.8196872472763062,W,1.6231701374053955,W,1.6110032796859741,S,1.7454774379730225,Y,1.896490216255188,W,1.5854943990707397
367,G,1.9689971719469344,-,,C,1.4368847608566284,G,3.0003435611724854,R,1.0187610387802124,S,1.2360548973083496,-,,-,,C,3.022780656814575,-,,G,1.0603349208831787,-,,-,,G,3.0078203678131104,-,,-,
368,-,,-,,-,,-,,-,,-,,-,,-,,-,,-,,-,,-,,-,,-,,-,,-,
369,L,2.166958519390651,L,2.485172986984253,L,3.106719493865967,S,2.45426344871521,L,1.3390259742736816,L,2.3661153316497803,G,1.8780573606491089,C,1.834537386894226,L,1.2827842235565186,G,2.47200345993042,S,1.69144868850708,G,2.125215768814087,G,2.1816747188568115,-,,G,2.9738190174102783,G,2.1465814113616943
370,V,2.3652262051900226,A,1.3620961904525757,A,1.1965376138687134,P,3.370022773742676,A,3.443596124649048,A,1.2384517192840576,S,1.108884572982788,S,1.290387511253357,A,1.806428074836731,F,2.801301956176758,P,2.6069955825805664,C,3.407231569290161,C,3.116425037384033,S,2.6349000930786133,F,2.70818829536438,C,3.386945962905884
371,E,2.307282099357018,E,2.451427936553955,E,1.768753170967102,-,,E,1.3666343688964844,E,1.905266284942627,S,1.6146163940429688,S,1.811143159866333,E,3.4311084747314453,P,3.589763879776001,-,,P,2.042149305343628,P,1.8005328178405762,P,3.141997814178467,P,3.138108253479004,P,1.933165431022644
372,N,2.0044249534606933,K,2.3193094730377197,K,3.38708758354187,Q,1.8486154079437256,K,1.721543312072754,K,3.609372138977051,Q,1.2370123863220215,H,1.3421052694320679,K,1.5134423971176147,E,1.1981868743896484,Q,1.3390763998031616,E,2.2850794792175293,E,2.314552068710327,Q,1.7658418416976929,Q,1.884817123413086,E,2.300332546234131
373,L,1.895889687538147,A,1.669502854347229,L,2.2823550701141357,M,1.7317928075790405,L,4.018837928771973,L,1.6317312717437744,L,1.6839358806610107,L,1.6892989873886108,L,2.122776985168457,I,1.560713291168213,M,2.7553532123565674,L,1.2497954368591309,L,1.268471598625183,I,1.906957745552063,L,1.6145029067993164,L,1.2523193359375
374,S,1.594037397702535,S,1.9911457300186157,P,2.8865466117858887,T,1.0196179151535034,P,1.7947911024093628,P,2.484529733657837,T,1.1025116443634033,T,1.1212191581726074,P,1.628462314605713,T,1.9713064432144165,T,1.7648561000823975,T,1.2798428535461426,T,1.3148314952850342,T,1.1461608409881592,S,1.116997241973877,T,1.287741780281067
375,F,1.6663326581319173,F,1.5703703165054321,F,1.6081489324569702,F,1.0779964923858643,F,2.838047742843628,F,1.2296184301376343,F,1.806952714920044,F,1.8142366409301758,F,2.5441744327545166,F,1.3500745296478271,F,1.9908901453018188,F,1.5366621017456055,F,1.574236273765564,F,1.2860231399536133,F,1.221510410308838,F,1.546047568321228
376,A,2.371833308537801,A,3.9553534984588623,V,2.6132471561431885,G,1.5050746202468872,V,1.267198085784912,V,3.105823516845703,T,3.323249340057373,T,3.2886040210723877,V,1.175236463546753,S,1.4778945446014404,C,2.3974595069885254,I,2.747257709503174,I,2.7270305156707764,T,1.5458738803863525,T,1.6994556188583374,I,2.7487411499023438
377,R,1.8442496299743651,R,1.5388426780700684,R,1.1454565525054932,R,2.6696743965148926,R,2.5755107402801514,R,1.2865067720413208,R,2.558284044265747,R,2.7934906482696533,R,1.5557785034179688,R,1.6528186798095703,R,1.1597671508789062,R,1.5464215278625488,R,1.5536664724349976,R,2.041073799133301,R,2.045799970626831,R,1.5406525135040283
378,D,2.440366005897522,D,2.04317569732666,D,1.5611250400543213,H,1.6173700094223022,D,1.1738457679748535,D,1.4603512287139893,H,2.7754762172698975,H,2.5726826190948486,D,3.9524104595184326,H,2.0718207359313965,H,1.6215934753417969,H,3.9474480152130127,H,3.8346147537231445,H,1.4275128841400146,H,2.568263053894043,H,3.977800130844116
379,R,2.3493120034535724,R,2.07692289352417,R,3.198188066482544,R,2.703091621398926,R,1.4299496412277222,R,3.857872486114502,R,1.729053020477295,R,1.7258615493774414,R,1.4492369890213013,R,2.548823833465576,R,2.7133288383483887,R,1.6681662797927856,R,1.7041622400283813,R,2.841135263442993,I,3.943826198577881,R,1.6500611305236816
380,P,1.9404932737350464,L,1.336763620376587,V,1.711344838142395,H,1.9049100875854492,V,3.6550936698913574,V,1.4397450685501099,H,1.947249412536621,H,2.040670394897461,V,2.5020580291748047,H,2.2735893726348877,H,1.5281476974487305,Y,1.6550121307373047,Y,1.7498376369476318,H,1.8083115816116333,H,1.9346556663513184,Y,1.6200098991394043
381,V,1.988602081934611,M,2.294703483581543,V,2.913054943084717,V,3.640072822570801,V,1.368391513824463,V,2.6418838500976562,V,1.0524299144744873,V,1.1457116603851318,V,2.5910911560058594,V,1.7165100574493408,V,2.3829777240753174,V,1.5471270084381104,V,1.5073986053466797,V,1.5738075971603394,V,1.929324984550476,V,1.5245459079742432
382,E,1.925360655784607,E,1.339017629623413,E,2.284597873687744,E,2.158388137817383,E,2.7012739181518555,E,2.9090468883514404,E,1.1634948253631592,E,1.270721435546875,E,1.3579479455947876,E,1.8340234756469727,E,1.68858802318573,E,1.6980786323547363,E,1.7073566913604736,E,2.690831422805786,E,2.3920540809631348,E,1.6849888563156128
383,N,1.8584105332692464,G,1.1813127994537354,C,1.4555524587631226,Y,1.8344447612762451,C,2.6478543281555176,C,1.4317948818206787,Y,1.5578020811080933,Y,1.6120378971099854,S,1.8486998081207275,Y,1.4960412979125977,Y,1.902594804763794,F,2.318549871444702,F,2.1368350982666016,Y,2.0734293460845947,Y,1.8693292140960693,F,2.5098793506622314
384,F,1.9233957688013712,Y,2.010615348815918,Y,1.7373639345169067,Y,2.4178333282470703,Y,1.3196194171905518,Y,1.9359699487686157,Y,2.596510171890259,Y,2.8535399436950684,Y,2.077791690826416,Y,1.6142232418060303,Y,1.354560375213623,Y,1.6307286024093628,Y,1.6131706237792969,Y,2.2177345752716064,Y,1.969056248664856,Y,1.5022190809249878
385,F,1.6514557600021362,Q,1.4423035383224487,F,2.123941421508789,T,1.400095820426941,F,1.9777318239212036,F,1.7840429544448853,T,1.5166305303573608,T,1.1736462116241455,F,1.7659441232681274,T,2.505826473236084,T,1.577450156211853,T,1.4480112791061401,T,1.4538421630859375,T,1.4460666179656982,T,1.7911204099655151,T,1.365182876586914
386,W,1.9694023450215659,W,2.111018657684326,W,1.5133508443832397,L,1.7389750480651855,W,1.9086849689483643,W,2.010465145111084,M,4.245456218719482,M,2.52618670463562,W,1.1233537197113037,L,1.7856732606887817,L,2.4234776496887207,L,1.7068842649459839,L,1.6486520767211914,L,1.87012779712677,F,1.356547236442566,L,1.5721815824508667
387,T,2.197966694831848,A,4.606479644775391,A,1.1490404605865479,A,1.1156234741210938,A,1.6896424293518066,A,1.1087805032730103,A,1.828285574913025,A,1.8200620412826538,G,2.0080478191375732,A,1.8530757427215576,A,2.2389414310455322,V,3.503661632537842,V,3.6193366050720215,A,1.2278765439987183,G,1.4146867990493774,V,3.7859597206115723
388,V,1.7033660736950962,I,1.4749870300292969,V,2.0388028621673584,-,,V,1.1228389739990234,V,2.1189661026000977,S,1.7526849508285522,S,1.6236358880996704,V,2.6812903881073,A,1.366032361984253,-,,S,1.5646930932998657,S,1.5377013683319092,-,,-,,S,1.4553937911987305
389,G,2.354599608315362,G,2.229969024658203,G,2.6151175498962402,S,1.696683645248413,G,2.2385146617889404,G,2.6603071689605713,-,,-,,G,1.0570510625839233,-,,S,1.828471302986145,-,,-,,S,4.488269805908203,S,2.377012252807617,-,
390,-,2.027687176068624,T,1.6455765962600708,L,1.0500866174697876,C,1.9435932636260986,L,2.629610061645508,L,1.1249765157699585,C,1.7836307287216187,C,3.2447991371154785,L,3.3524842262268066,C,4.346059799194336,C,1.1703885793685913,G,1.3303260803222656,G,1.3161394596099854,C,1.84860098361969,C,2.1465134620666504,G,1.4825221300125122
391,L,1.8552167892456055,-,,-,,I,1.2916278839111328,-,,-,,I,1.653536319732666,I,1.548550009727478,-,,I,2.383971929550171,I,3.873303174972534,I,1.7514764070510864,I,1.6807407140731812,I,1.482399821281433,I,1.2043377161026,I,1.682223916053772
392,I,1.841916020711263,V,1.900026559829712,F,2.4329776763916016,A,1.875141978263855,F,1.0692740678787231,F,3.027020215988159,S,2.3155949115753174,S,2.3560380935668945,F,1.7606796026229858,A,1.4479326009750366,A,2.168283462524414,D,1.3733582496643066,D,1.4053503274917603,A,1.6727931499481201,A,1.487070083618164,D,1.337199330329895
393,-,,-,,-,,-,,-,,-,,-,,-,,-,,-,,-,,-,,-,,-,,-,,-,
394,F,1.8299272537231446,F,1.6347826719284058,D,1.7533749341964722,F,1.7542524337768555,D,2.662163496017456,E,1.714530348777771,M,1.8705228567123413,M,1.6655089855194092,E,2.017322063446045,N,1.33798348903656,F,1.1827301979064941,M,2.2635703086853027,M,2.354538917541504,F,1.3917971849441528,T,1.6933066844940186,M,2.15252423286438
395,Q,1.9057928800582886,E,1.5396687984466553,C,2.0760436058044434,E,1.788234829902649,G,1.7634989023208618,G,2.3355133533477783,L,1.8289273977279663,E,1.9640874862670898,G,1.8713111877441406,D,1.7926081418991089,E,1.573186993598938,V,2.0378942489624023,V,2.170747995376587,E,2.1731436252593994,D,1.70675528049469,V,1.9652713537216187
396,P,1.9515614906946819,P,2.1466352939605713,H,3.4412364959716797,P,2.2535033226013184,H,1.9583485126495361,H,1.518902063369751,P,1.289902925491333,P,1.1839611530303955,H,1.4125409126281738,P,1.848983645439148,P,1.4842305183410645,P,2.2393593788146973,P,2.0148329734802246,P,2.0811209678649902,P,2.205268144607544,P,2.1945960521698
397,Q,2.2514499187469483,E,1.3287253379821777,D,1.2617651224136353,Q,2.678028106689453,D,2.6564273834228516,E,1.3290290832519531,K,2.8197264671325684,K,2.932192325592041,E,1.9584566354751587,K,1.247776985168457,Q,2.0237956047058105,E,2.8791284561157227,E,3.0484683513641357,Q,2.559898614883423,K,2.234813690185547,E,2.813516616821289
398,F,2.082263390223185,F,1.793945074081421,Y,2.178342580795288,H,2.794729232788086,Y,1.3909223079681396,F,1.8201370239257812,H,1.7828184366226196,H,2.415696144104004,F,1.5059500932693481,H,2.716724157333374,H,2.0960617065429688,H,1.7859441041946411,H,1.6113686561584473,H,2.8454537391662598,Q,2.755405902862549,H,1.740451693534851
399,G,2.109582217534383,G,2.873605966567993,G,1.4966456890106201,S,1.7133699655532837,G,2.8694803714752197,G,2.113609790802002,S,1.2059435844421387,S,1.3343560695648193,G,1.726508617401123,S,2.7300984859466553,S,2.275014877319336,A,2.583099842071533,A,2.5417323112487793,S,1.6521198749542236,S,1.7133373022079468,A,2.8148105144500732
400,Y,2.06002254486084,Q,1.9153611660003662,F,1.5507386922836304,G,2.283386468887329,F,1.7185735702514648,F,1.5421229600906372,A,4.049124240875244,A,1.5044314861297607,Y,1.422357439994812,A,1.6099905967712402,G,2.899550437927246,T,1.9822553396224976,T,1.9728389978408813,G,2.1276984214782715,A,2.3385205268859863,T,1.98338782787323
401,C,1.6158000151316325,C,1.6191147565841675,Q,1.2836185693740845,F,2.2007739543914795,Q,1.652075171470642,Q,1.38349187374115,F,1.106195330619812,F,1.629288911819458,Q,1.3114097118377686,F,2.3008391857147217,F,1.47309410572052,F,1.3129909038543701,F,1.3714311122894287,F,1.5520585775375366,F,2.719393491744995,F,1.321224570274353
402,R,1.6089372634887695,R,1.2228672504425049,R,1.252016544342041,R,1.490346908569336,R,1.283694863319397,R,1.6249743700027466,R,2.0099668502807617,R,1.6438813209533691,R,2.706509590148926,R,2.4174118041992188,R,2.040937900543213,R,1.1824979782104492,R,1.1535848379135132,R,1.360809326171875,R,1.5543110370635986,R,1.1902483701705933
403,R,2.2748290220896403,E,2.9891417026519775,K,2.480687141418457,L,1.732384204864502,K,1.1896511316299438,K,2.637251615524292,M,2.060258388519287,L,1.8043791055679321,K,1.455071210861206,L,1.663303256034851,L,1.9406099319458008,L,3.8872036933898926,L,3.8190431594848633,L,1.850533366203308,L,1.0149509906768799,L,3.597966432571411
404,M,1.9000864466031393,V,1.67476487159729,I,1.581363558769226,G,3.3118295669555664,V,2.157862663269043,I,1.6767932176589966,E,2.017239809036255,G,1.9969063997268677,L,1.5735056400299072,G,0.9756807684898376,G,1.4664546251296997,S,1.6000114679336548,S,1.6120587587356567,G,1.7019715309143066,C,3.4800984859466553,S,1.674755334854126
405,F,2.156733266512553,L,4.902490139007568,T,1.7584980726242065,F,1.5987123250961304,N,1.6888446807861328,T,1.6181867122650146,F,2.9448070526123047,F,2.921532154083252,T,2.4394419193267822,F,1.8506983518600464,F,1.8404159545898438,C,1.7674274444580078,F,1.70301353931427,F,1.6980674266815186,F,1.7850351333618164,C,1.833828091621399
406,T,1.9270376404126486,A,1.4156153202056885,A,2.5100855827331543,A,2.0194478034973145,A,1.9269295930862427,A,2.387752056121826,V,1.8364977836608887,V,2.5561811923980713,A,1.945349931716919,G,1.9751777648925781,A,3.705176830291748,V,1.2246737480163574,V,1.1776888370513916,A,1.5648767948150635,A,1.898174524307251,V,0.7619368433952332
407,K,1.7198282798131308,K,1.6565659046173096,A,1.9089000225067139,K,1.3293564319610596,A,2.6290535926818848,A,1.7486547231674194,K,2.182896375656128,K,2.32791805267334,A,1.5281075239181519,K,1.4046454429626465,K,1.5462630987167358,K,1.523158311843872,K,1.6334172487258911,K,0.9504499435424805,K,1.5837312936782837,K,1.844306230545044
408,V,2.6715493122736613,L,1.4940747022628784,V,1.351915717124939,T,1.9093266725540161,V,1.646803617477417,I,1.4088129997253418,V,1.733929991722107,T,1.7190344333648682,Y,1.5807085037231445,I,1.058815360069275,A,1.9446091651916504,T,6.606688499450684,T,6.709852695465088,A,1.779547929763794,M,2.344951629638672,T,6.784167766571045
409,F,2.1528398036956786,A,1.3306894302368164,N,1.3932377099990845,C,3.0640368461608887,N,1.2109886407852173,I,1.5997633934020996,C,1.3424104452133179,C,1.3783340454101562,I,2.0963282585144043,S,1.7158013582229614,C,1.1491349935531616,C,1.3801441192626953,C,1.3844075202941895,C,4.831634521484375,S,7.019779682159424,C,1.3959060907363892
410,A,2.039559455712636,Q,1.359625220298767,I,2.620988368988037,H,1.373818039894104,I,1.7361222505569458,I,2.6179497241973877,H,0.982089102268219,H,1.0050686597824097,L,2.1711645126342773,H,4.877579212188721,H,2.2701914310455322,H,2.1929984092712402,H,2.0396721363067627,H,1.484371542930603,Y,1.6859393119812012,H,2.175813913345337
411,L,2.625643523534139,L,1.6745917797088623,L,1.802019715309143,I,1.6843533515930176,L,2.189927577972412,L,1.1989796161651611,L,4.020236015319824,L,3.6136977672576904,L,4.006209373474121,M,1.1133015155792236,I,3.147156238555908,L,3.487938165664673,L,3.8369734287261963,I,1.8483065366744995,F,2.568606376647949,L,3.1923553943634033
412,I,2.2843008995056153,I,1.705404281616211,I,4.233486652374268,I,2.6221323013305664,I,1.7897180318832397,I,4.781124591827393,V,2.0569682121276855,L,1.8621680736541748,I,1.4007269144058228,I,1.168919324874878,I,1.1733489036560059,I,2.261367082595825,I,2.114809274673462,I,2.362734317779541,V,2.5388896465301514,I,2.192715883255005
413,T,2.1760473887125653,A,1.9515620470046997,T,1.2018165588378906,T,3.0083811283111572,T,3.9860036373138428,T,1.2639960050582886,T,1.6694004535675049,T,1.7468774318695068,S,2.062957525253296,T,2.8233730792999268,T,1.7058985233306885,T,2.33406138420105,T,2.280900716781616,T,1.5559968948364258,T,2.5671439170837402,T,2.4823415279388428
414,T,1.8055192788441976,V,1.4577693939208984,A,1.880645990371704,I,2.3746845722198486,A,1.2319953441619873,A,1.9516417980194092,V,1.1366204023361206,V,1.3227348327636719,A,2.1580562591552734,I,3.852059841156006,V,2.632502794265747,I,1.0021839141845703,I,0.9782074093818665,V,1.8991944789886475,V,2.2379496097564697,I,0.9665425419807434
415,I,2.3452672481536867,I,1.6803035736083984,I,3.0944812297821045,L,2.104574680328369,I,2.0634942054748535,I,2.928447723388672,L,1.7725460529327393,L,1.9517790079116821,I,1.3531864881515503,L,1.7676728963851929,L,1.7545993328094482,L,3.9751574993133545,L,3.95268177986145,L,1.3910913467407227,L,1.478417992591858,L,3.9105749130249023
416,D,2.904430099328359,D,3.17824649810791,D,1.375361442565918,D,4.315191268920898,D,2.62636661529541,D,1.381218433380127,D,6.048518657684326,D,5.897772789001465,D,1.4316561222076416,D,4.234776973724365,D,3.0002646446228027,D,0.958107054233551,D,0.9598672389984131,D,4.329521656036377,D,2.6039352416992188,D,1.2256468534469604
417,D,2.4991573015848796,D,1.4327479600906372,D,1.2074496746063232,D,4.95124626159668,D,1.9261516332626343,D,1.2564483880996704,D,1.3818633556365967,D,1.350226879119873,D,1.6945637464523315,D,5.420958042144775,D,1.278756856918335,D,2.8922152519226074,D,2.8826732635498047,D,5.57218599319458,D,1.50164794921875,D,2.7382242679595947
418,V,2.177199705441793,M,2.3819921016693115,V,1.5230177640914917,M,1.6388065814971924,V,1.1655704975128174,V,1.3784878253936768,I,1.4226367473602295,M,1.3444392681121826,V,1.7078931331634521,I,4.940029144287109,M,4.002565860748291,M,1.828566074371338,M,1.8780406713485718,M,2.6386678218841553,I,3.0220797061920166,M,1.7852023839950562
419,Y,2.2582784493764243,Y,1.904271125793457,Y,2.22655987739563,Y,1.9487898349761963,Y,1.5173722505569458,Y,2.392422914505005,Y,4.073954105377197,Y,3.0502727031707764,Y,2.004020929336548,Y,3.0134599208831787,Y,4.460629940032959,Y,1.0041563510894775,Y,1.0031354427337646,Y,2.1179263591766357,Y,2.179826259613037,Y,0.9773787260055542
420,D,2.247820504506429,D,3.811753034591675,D,1.7855628728866577,D,0.8169119358062744,D,2.3654096126556396,D,1.974027156829834,D,1.5831096172332764,D,1.6386656761169434,D,4.173733234405518,D,3.966268539428711,D,3.0505223274230957,D,1.506326675415039,D,1.3338990211486816,D,0.8317474126815796,D,3.415297031402588,D,1.4640734195709229
421,V,2.052827493349711,V,1.244193196296692,V,3.615516185760498,T,1.4143121242523193,V,2.1562066078186035,V,3.749948501586914,T,2.0031609535217285,T,2.1681032180786133,V,1.348304033279419,T,1.733474850654602,T,2.2165775299072266,T,2.0964179039001465,T,2.0886752605438232,L,1.3563045263290405,T,1.5303235054016113,T,2.0708940029144287
422,Y,1.5363956252733866,Y,1.447926640510559,Y,1.3713774681091309,F,1.120593547821045,Y,3.1503539085388184,Y,1.431519627571106,F,1.184982180595398,F,1.2127066850662231,Y,1.0804307460784912,F,2.368872880935669,F,0.8908777832984924,F,1.626552700996399,F,1.6294397115707397,F,1.6227473020553589,Y,1.3085479736328125,F,1.5990052223205566
423,G,2.2269105553627013,G,0.9981387257575989,G,1.6385935544967651,G,2.341367483139038,G,3.556790828704834,G,1.3618426322937012,G,3.5923523902893066,G,4.376866340637207,G,1.628491997718811,G,0.9017423391342163,G,1.2095494270324707,G,2.4304544925689697,G,2.35445499420166,G,1.7973551750183105,G,2.7998592853546143,G,2.4157986640930176
424,T,2.613156263033549,S,1.6157475709915161,T,1.6075884103775024,T,1.9067566394805908,T,1.076330304145813,T,1.125389814376831,T,3.5249764919281006,T,4.404489994049072,T,3.6733312606811523,T,1.389681339263916,T,1.6108558177947998,T,4.42097282409668,T,4.477843761444092,T,1.6721887588500977,T,1.9028785228729248,T,4.7883124351501465
425,L,2.2228553454081217,P,1.343012809753418,L,2.6639089584350586,V,2.5249037742614746,L,1.2790950536727905,L,3.206193685531616,M,2.5265119075775146,L,2.8333263397216797,L,1.722090721130371,M,1.9618752002716064,L,1.7381701469421387,I,2.4612338542938232,I,2.442681312561035,V,2.384160041809082,M,1.7947555780410767,I,2.4609107971191406
426,D,2.0445349057515463,D,3.868520975112915,D,1.6493661403656006,D,2.816500663757324,D,2.1678359508514404,D,1.7231919765472412,N,1.687037706375122,D,1.8583707809448242,D,3.045638084411621,E,1.9147406816482544,D,1.711874008178711,D,1.4728219509124756,D,1.4507877826690674,E,2.0800716876983643,E,1.7590235471725464,D,1.4622416496276855
427,E,1.7132755676905314,E,1.5800062417984009,E,2.9251794815063477,E,2.0021681785583496,E,1.6037300825119019,E,2.9051923751831055,E,2.4010512828826904,E,0.8471441268920898,E,1.209783911705017,E,1.5989686250686646,E,2.2402045726776123,E,1.0641636848449707,E,1.043807864189148,E,1.648668646812439,E,1.573583722114563,E,1.055480718612671
428,L,1.946115223566691,L,2.731827974319458,L,1.2657177448272705,L,2.8507256507873535,L,3.5164670944213867,L,1.2922300100326538,L,1.506868839263916,L,1.3552919626235962,L,1.1539667844772339,L,2.4022960662841797,L,2.225653648376465,L,1.421533465385437,L,1.4384100437164307,L,2.524871587753296,L,2.089897871017456,L,1.4159696102142334
429,E,1.7637979825337728,E,1.7035531997680664,Q,1.2423760890960693,E,1.177374005317688,R,1.351472020149231,Q,1.23337984085083,Q,1.6124439239501953,Q,2.08811354637146,R,2.4355015754699707,E,1.447275996208191,E,2.1891260147094727,R,2.1231186389923096,R,2.1334142684936523,K,1.779044270515442,E,1.8147473335266113,R,2.1260290145874023
430,L,2.309559671084086,L,1.6682569980621338,L,2.4454245567321777,L,1.926151990890503,L,1.1939384937286377,L,2.427715539932251,L,1.9737117290496826,L,2.144589900970459,L,1.4205844402313232,L,1.897082805633545,L,3.135751485824585,L,3.553598642349243,L,3.49509596824646,L,1.9949949979782104,L,1.8119418621063232,L,3.554555654525757
431,F,1.682196609179179,F,2.432739019393921,F,1.765810251235962,F,0.9317656755447388,F,2.0731327533721924,F,1.7208846807479858,F,1.0909216403961182,F,1.3580677509307861,F,2.2557573318481445,L,2.9446115493774414,F,1.2824985980987549,F,1.4531786441802979,F,1.4718503952026367,F,1.3692305088043213,F,1.6326955556869507,F,1.4498047828674316
432,T,2.255076797803243,T,2.7587265968322754,T,2.571065902709961,T,2.187476634979248,T,1.517370343208313,T,2.811281442642212,T,2.025228261947632,T,1.9906678199768066,T,3.956162691116333,T,3.016321897506714,T,1.7328439950942993,T,1.1902049779891968,T,1.191962480545044,T,4.160671710968018,T,1.524905800819397,T,1.1912614107131958
433,D,2.541801643371582,D,2.2533199787139893,D,3.885850191116333,A,1.2807577848434448,D,2.761547803878784,D,3.947101593017578,D,1.3824666738510132,T,1.2061810493469238,D,1.126185417175293,A,1.931634545326233,S,1.0881924629211426,A,4.512731552124023,A,4.597392559051514,A,1.67261803150177,A,1.9529774188995361,A,4.528067588806152
434,V,2.3291555047035217,A,1.1342653036117554,V,0.9726210832595825,A,4.834505081176758,V,4.263879776000977,V,0.9000352621078491,A,2.0626447200775146,A,3.5345828533172607,V,2.706341505050659,A,0.8685154318809509,A,2.435262680053711,A,1.6513328552246094,A,1.6026942729949951,A,1.9806079864501953,A,4.340978145599365,A,1.649065613746643
435,V,1.8042555809020997,V,1.50311279296875,I,3.633474111557007,M,1.7542325258255005,I,1.0579156875610352,I,3.0378611087799072,I,1.4597082138061523,F,1.1584879159927368,F,1.865510106086731,F,2.8359737396240234,I,1.908273696899414,V,1.506441593170166,V,1.5193915367126465,I,1.1107484102249146,I,1.2135522365570068,V,1.499150037765503
436,E,1.8215201139450072,D,1.5785329341888428,R,1.6548691987991333,K,1.2473607063293457,R,3.026042938232422,R,1.858138084411621,K,1.4049851894378662,K,1.1720062494277954,R,1.3096537590026855,K,1.725062608718872,K,2.3339476585388184,K,2.229902744293213,K,2.1647627353668213,K,1.0835975408554077,K,2.3172760009765625,K,2.216663360595703
437,R,1.693816598256429,R,1.6642781496047974,R,1.4066548347473145,R,2.2482452392578125,R,1.4208240509033203,R,1.352185845375061,R,1.5866153240203857,R,1.484495759010315,R,3.0053141117095947,R,1.4387613534927368,R,2.057116985321045,R,1.1802150011062622,R,1.1873997449874878,R,2.0841622352600098,R,2.1160941123962402,R,1.1748862266540527
438,W,2.261392672856649,W,2.7810211181640625,W,2.3210408687591553,W,1.3982036113739014,W,1.4056942462921143,W,1.686182975769043,W,3.4548730850219727,W,4.3015217781066895,W,3.0503413677215576,W,1.7926316261291504,W,1.6116816997528076,W,2.1843230724334717,W,2.427558422088623,W,1.4247846603393555,W,1.7660953998565674,W,2.3149361610412598
439,D,2.910577114423116,N,3.7141597270965576,D,4.63928747177124,N,2.10028076171875,D,2.394638776779175,D,5.336587429046631,D,1.6943886280059814,D,1.1451754570007324,D,1.8673350811004639,D,1.5523823499679565,D,2.4978134632110596,D,4.101749897003174,D,4.078557968139648,D,2.318485736846924,D,2.1192636489868164,D,4.098550319671631
440,I,2.243431480725606,I,1.2249653339385986,T,2.357795238494873,P,3.5245916843414307,T,4.161244869232178,T,2.159501552581787,L,2.937168836593628,L,2.4864413738250732,T,0.8855234384536743,P,1.8550306558609009,P,1.7174841165542603,P,1.5866954326629639,P,1.6262471675872803,P,4.359900951385498,P,1.176419973373413,P,1.5924615859985352
441,N,1.8023877064387004,N,1.4361755847930908,Q,1.065817952156067,S,1.464414358139038,Q,1.7888286113739014,Q,0.97029709815979,S,1.9066665172576904,S,2.0882673263549805,E,1.2073341608047485,S,4.079458236694336,S,1.9725210666656494,S,1.8782596588134766,S,1.8997619152069092,S,1.4957667589187622,S,1.9092307090759277,S,1.8730156421661377
442,A,,-,,-,,-,,-,,-,,-,,-,,-,,-,,-,,-,,-,,-,,-,,-,
443,-,1.9131280899047851,T,1.7927970886230469,S,1.5051933526992798,A,1.6212157011032104,S,0.8157304525375366,S,1.2663099765777588,T,1.7386481761932373,E,1.9044232368469238,S,1.6478040218353271,S,1.3469269275665283,A,3.9208807945251465,A,2.5072021484375,A,2.4345438480377197,A,1.9740134477615356,V,1.6996078491210938,A,2.5216243267059326
444,M,1.6222328146298726,I,1.3167119026184082,I,1.3855243921279907,A,2.0647315979003906,I,1.5316522121429443,I,1.6035053730010986,T,1.2249386310577393,T,0.7529003024101257,I,2.107438802719116,I,1.5683451890945435,T,1.5658471584320068,T,1.8403304815292358,T,1.8945101499557495,T,2.5348126888275146,V,1.2655407190322876,T,1.676702618598938
445,D,2.433173112074534,E,2.1745800971984863,D,2.2040956020355225,D,1.8620288372039795,D,0.9951358437538147,D,1.9055495262145996,R,5.51631498336792,K,5.621653079986572,D,2.0329630374908447,E,1.9334449768066406,E,1.7079983949661255,E,2.187457799911499,E,2.086463212966919,D,1.8014159202575684,D,2.2686715126037598,E,2.1998238563537598
446,Q,1.87663889726003,G,2.0966389179229736,Q,1.8081203699111938,C,1.9136439561843872,Q,3.510826826095581,Q,2.4663474559783936,W,1.2060316801071167,C,2.7706923484802246,Q,1.3426202535629272,C,1.6015793085098267,C,1.8321733474731445,C,1.1680240631103516,C,1.1385552883148193,C,2.1198525428771973,C,1.993886113166809,C,1.1805909872055054
447,L,1.707393185297648,L,1.6364612579345703,L,2.529171943664551,L,1.4862303733825684,L,2.0882821083068848,L,1.712957739830017,L,1.4008257389068604,L,1.026653528213501,L,1.2002042531967163,L,1.6336534023284912,L,1.9046419858932495,L,1.9593803882598877,L,2.001530408859253,L,1.2890857458114624,L,1.7227988243103027,L,2.0190200805664062
448,P,1.8085590163866678,P,1.0188003778457642,P,2.0378687381744385,P,2.3504066467285156,P,3.2289621829986572,P,1.4221272468566895,P,2.0713562965393066,P,1.414289951324463,P,3.3485069274902344,P,0.9505195021629333,P,1.695868968963623,P,1.2715221643447876,P,1.2643522024154663,P,2.345395088195801,P,1.4133479595184326,P,1.2950609922409058
449,D,1.9556264241536458,D,3.036222219467163,Y,1.1093353033065796,E,1.5206059217453003,Y,1.4400203227996826,Y,3.4978959560394287,E,1.386820673942566,E,1.118084192276001,Y,1.2534146308898926,D,1.8023453950881958,E,1.3619321584701538,E,2.3989152908325195,E,2.4508914947509766,Q,1.3810228109359741,E,3.03525447845459,E,2.541635513305664
450,Y,2.185793383916219,Y,2.2890870571136475,Y,1.6391271352767944,Y,1.4802031517028809,Y,1.5780431032180786,Y,1.2818588018417358,Y,2.8911564350128174,Y,2.8479325771331787,Y,2.2385990619659424,Y,1.708032250404358,Y,2.3224830627441406,Y,3.314419746398926,Y,3.463249444961548,Y,1.6007468700408936,Y,1.104776382446289,Y,3.0271856784820557
451,M,2.2227521181106566,M,2.2741880416870117,M,2.021292209625244,M,3.1386120319366455,M,1.7175052165985107,M,2.148730993270874,M,3.325913667678833,M,2.164078950881958,M,1.6403661966323853,M,1.4087491035461426,M,1.5894712209701538,M,1.7554041147232056,M,1.6865806579589844,M,2.351257085800171,M,4.336761951446533,M,1.7823703289031982
452,K,1.700250228246053,K,2.045605421066284,Q,1.9674789905548096,K,1.7651455402374268,Q,1.9826369285583496,Q,1.707406997680664,K,1.5896048545837402,K,1.4748432636260986,Q,1.4230597019195557,K,3.1359775066375732,K,1.4062947034835815,K,1.1056344509124756,K,1.829757571220398,K,1.6927173137664795,K,1.309852957725525,K,1.0677372217178345
453,I,1.709748915831248,L,2.2477948665618896,L,2.0032126903533936,G,2.066152572631836,L,1.519671082496643,L,1.4511138200759888,G,1.9749082326889038,A,1.644869327545166,L,1.3783926963806152,G,1.90351140499115,G,3.3988919258117676,G,1.0348008871078491,G,0.9877708554267883,G,1.250938892364502,G,1.7425800561904907,G,1.0416244268417358
454,C,1.729228941599528,C,1.7139885425567627,C,1.361814022064209,M,1.205168604850769,C,2.0321249961853027,C,1.5052186250686646,V,1.8677552938461304,V,1.9713937044143677,C,1.5560479164123535,V,1.3486231565475464,V,2.0721933841705322,V,2.223090171813965,V,2.264634609222412,I,1.3185052871704102,V,1.2697213888168335,V,2.228154420852661
455,F,1.7700567563374838,F,2.5535695552825928,Y,1.5789955854415894,Y,1.968360185623169,Y,1.7779057025909424,Y,1.4639827013015747,Y,1.7879093885421753,Y,2.16461443901062,Y,1.5891252756118774,Y,1.1585458517074585,Y,2.131662607192993,Y,1.5132297277450562,Y,1.2258130311965942,Y,2.5917563438415527,Y,1.5322259664535522,Y,1.5131549835205078
456,L,2.1819241046905518,L,1.6655484437942505,L,1.2368392944335938,M,1.1612414121627808,L,1.0796808004379272,L,1.5665984153747559,M,2.3872230052948,M,1.9924161434173584,L,2.609058141708374,M,2.9860177040100098,M,1.1828211545944214,M,3.892617702484131,M,4.159741401672363,M,1.433586835861206,M,1.2708768844604492,M,4.1045942306518555
457,T,2.036804234981537,S,1.6744182109832764,M,1.9423933029174805,I,4.334780693054199,T,2.153914213180542,A,2.220625400543213,D,0.9335055947303772,D,1.2868561744689941,A,3.2762317657470703,A,1.2940754890441895,I,2.2568063735961914,V,1.131372094154358,V,1.2325146198272705,M,4.341064453125,A,1.3431624174118042,V,1.130342721939087
458,L,2.4776137193044026,I,5.619429588317871,L,3.620772361755371,V,1.3604075908660889,L,3.051737070083618,L,2.8326783180236816,L,1.4365242719650269,L,2.0921268463134766,L,3.247371196746826,V,4.8058271408081055,V,1.1365615129470825,L,1.4850695133209229,L,1.5806519985198975,V,1.3730971813201904,V,2.007636785507202,L,1.5143144130706787
459,H,2.173690978686015,Y,2.3444910049438477,Y,1.9885629415512085,Y,1.8268587589263916,Y,2.7182319164276123,Y,1.8002479076385498,Y,1.277552604675293,Y,1.2713655233383179,H,2.8007822036743164,Y,1.105156660079956,Y,4.0438408851623535,Y,2.6469123363494873,Y,2.792712688446045,Y,1.5597504377365112,Y,1.6788091659545898,Y,2.750089645385742
460,N,2.1062102635701496,N,2.05383563041687,N,2.0986366271972656,D,3.161588668823242,N,1.6638877391815186,N,3.0768778324127197,Q,2.946232795715332,Q,2.8865013122558594,N,2.1779751777648926,D,2.137010097503662,N,1.493045687675476,E,1.6829791069030762,E,1.540737271308899,N,1.2447645664215088,D,1.7898006439208984,E,1.6392807960510254
461,S,2.0183553218841555,T,2.455076217651367,F,1.8231481313705444,T,1.6478071212768555,Y,2.5615220069885254,F,2.270575761795044,C,2.307523250579834,C,2.9490418434143066,Y,1.9439761638641357,N,1.2087630033493042,T,1.8599944114685059,T,1.8930644989013672,T,2.016202211380005,T,1.652133584022522,T,2.0815656185150146,T,1.6049360036849976
462,V,2.3640058517456053,T,2.7189505100250244,V,1.8033366203308105,V,1.5037188529968262,V,3.3526289463043213,V,1.7439204454421997,I,1.7638781070709229,L,1.67512845993042,V,2.47590970993042,I,1.7224708795547485,V,3.5289807319641113,V,1.298153281211853,V,1.2898313999176025,V,2.03745436668396,V,7.302433013916016,V,1.2432924509048462
463,N,1.744871966044108,N,1.0222347974777222,S,2.031306743621826,N,1.3032680749893188,S,2.141069173812866,S,1.4227319955825806,N,1.7530971765518188,N,1.397047996520996,S,1.2612638473510742,N,1.4538469314575195,N,1.7920573949813843,N,2.278350830078125,N,2.3163373470306396,N,1.3620003461837769,N,2.4410018920898438,N,2.197464942932129
464,E,1.7978668411572774,Q,1.247527003288269,S,2.859668493270874,E,2.0164072513580322,D,3.3959062099456787,D,1.258217453956604,E,1.095145344734192,E,0.907040536403656,G,4.8303937911987305,E,1.0788441896438599,E,1.6705732345581055,E,1.1591322422027588,E,1.1630885601043701,E,1.7742329835891724,E,1.4180854558944702,E,1.0937398672103882
465,M,2.2521745761235556,G,1.3886606693267822,L,3.9590511322021484,I,1.5366233587265015,L,1.984242558479309,L,4.519178867340088,M,2.1442160606384277,L,2.2954936027526855,V,1.9900728464126587,M,2.3760318756103516,M,1.5114829540252686,M,1.7135697603225708,M,1.7317941188812256,M,1.1331366300582886,M,2.913048028945923,M,2.5860161781311035
466,A,2.0463266452153523,G,1.7439820766448975,G,1.5050474405288696,C,1.8205373287200928,A,2.092923164367676,A,2.3467533588409424,V,1.1105390787124634,A,1.2175990343093872,A,1.6674429178237915,A,1.816521406173706,S,1.922744870185852,A,2.8089826107025146,A,2.6914844512939453,S,3.5519635677337646,A,1.8331403732299805,A,2.5652379989624023
467,L,2.6322065949440003,-,,-,,Q,1.6742784976959229,-,,-,,E,5.094174861907959,Q,5.489082336425781,-,,R,2.074636936187744,Q,1.3651561737060547,K,2.708897352218628,K,2.3666250705718994,A,1.7304314374923706,K,1.3123397827148438,K,2.506443500518799
468,D,1.8384868171479967,-,,-,,E,1.5050692558288574,-,,-,,E,1.254677653312683,E,1.441787600517273,-,,E,1.6852306127548218,E,1.9045915603637695,E,1.8984861373901367,E,2.4389305114746094,E,2.736577033996582,-,,E,1.6810309886932373
469,T,1.5672528266906738,Y,1.8479886054992676,Y,1.7617239952087402,-,,Y,1.3691699504852295,Y,1.6243641376495361,-,,-,,Y,1.2330174446105957,-,,-,,-,,-,,-,,-,,-,
470,-,,-,,-,,-,,-,,-,,-,,-,,-,,-,,-,,-,,-,,-,,-,,-,
471,-,1.3627285261948903,E,1.354675531387329,D,1.210420846939087,-,,N,1.4904847145080566,D,1.3364933729171753,-,,-,,D,1.8563824892044067,-,,-,,-,,-,,-,,E,0.9279142022132874,-,
472,-,2.175360083580017,F,2.101512908935547,I,1.4981859922409058,A,2.550701379776001,I,1.562616229057312,I,1.6044437885284424,A,1.5223839282989502,A,1.5957646369934082,I,1.4711384773254395,A,6.073317050933838,A,1.8356056213378906,A,2.0210912227630615,A,2.069467544555664,A,3.176223039627075,A,1.3442176580429077,A,2.2037317752838135
473,M,2.0666111946105956,L,2.3197946548461914,L,1.5670868158340454,E,1.9281643629074097,L,1.4917395114898682,L,1.6943851709365845,E,1.3511041402816772,E,3.3811910152435303,L,1.2470669746398926,Q,1.8911190032958984,D,1.7241427898406982,Q,3.119457960128784,Q,3.0823662281036377,Q,1.2700507640838623,E,2.0643129348754883,Q,2.867185592651367
474,K,1.976506280899048,K,1.9754174947738647,K,1.2472282648086548,K,3.081449031829834,K,1.2212066650390625,K,1.2520062923431396,K,1.393096923828125,K,1.4376295804977417,K,1.4561870098114014,K,1.413386583328247,K,2.272282361984253,K,1.9472368955612183,K,2.525099992752075,K,2.555229663848877,K,3.771226167678833,K,2.0989112854003906
475,E,1.639358361562093,D,1.0927716493606567,D,1.447739839553833,A,1.2109968662261963,D,1.3243266344070435,D,1.4621552228927612,T,1.372663974761963,T,1.4439846277236938,D,1.5008467435836792,I,2.675422191619873,A,1.9246416091918945,S,1.8027786016464233,S,1.755270004272461,A,1.2432680130004883,V,2.648684501647949,S,1.6848249435424805
476,Q,1.828477636973063,H,1.7486011981964111,R,1.5951838493347168,Q,2.622647285461426,R,1.8056888580322266,R,1.5786124467849731,Q,1.5415384769439697,Q,1.4625319242477417,H,1.6554938554763794,Q,2.6813008785247803,Q,2.870311737060547,Q,1.4039058685302734,Q,1.3956271409988403,Q,1.304808259010315,Q,2.618800640106201,Q,1.142112135887146
477,R,1.6135892152786255,G,1.1188337802886963,G,1.9960522651672363,G,1.301406741142273,G,1.5697057247161865,G,1.8788522481918335,G,2.086144208908081,G,2.2111778259277344,R,1.4226365089416504,G,1.075164794921875,G,1.3472235202789307,R,1.219350814819336,G,1.3061366081237793,R,1.317016839981079,G,2.6723175048828125,R,1.6818188428878784
478,F,1.7291096131006876,V,2.8731565475463867,I,1.3244407176971436,R,1.7909531593322754,I,2.9388678073883057,L,1.4912029504776,R,1.6672827005386353,R,1.547911286354065,R,2.6613399982452393,W,1.0131784677505493,R,2.375258445739746,R,1.1335145235061646,R,1.1419188976287842,R,0.9440625905990601,R,1.791663646697998,R,1.2418924570083618
479,-,,-,,-,,-,,-,,-,,-,,-,,-,,-,,-,,-,,-,,-,,-,,-,
480,H,2.3506495555241904,D,1.6873124837875366,N,2.3971669673919678,N,1.0294173955917358,N,1.3145205974578857,N,2.3908934593200684,D,1.9921507835388184,D,1.3925271034240723,N,1.8948115110397339,D,1.496708631515503,D,1.5548646450042725,D,3.4517922401428223,D,3.5352022647857666,D,2.7424893379211426,D,4.9520745277404785,D,3.42781138420105
481,I,2.359651962916056,I,4.03373908996582,T,1.8982473611831665,T,3.6112139225006104,T,1.6638456583023071,T,1.7651000022888184,M,3.108630895614624,T,1.6133031845092773,T,1.6272400617599487,T,1.2425228357315063,T,1.2537803649902344,T,2.1793696880340576,T,1.9754559993743896,T,4.295459270477295,T,2.948194742202759,T,2.1786763668060303
482,I,1.7886223951975504,I,1.3657360076904297,I,1.852215051651001,L,1.6343687772750854,I,1.2051093578338623,I,1.7553123235702515,L,1.4600199460983276,L,1.2696571350097656,I,1.133506178855896,V,4.430047035217285,L,1.7878544330596924,L,1.7960960865020752,L,1.7018126249313354,L,2.1735193729400635,L,1.46177339553833,L,1.802308201789856
483,K,2.556488863627116,P,1.1861858367919922,L,1.1019586324691772,D,1.4731018543243408,P,1.3559529781341553,P,1.1289746761322021,N,2.993196964263916,N,6.273715972900391,P,1.6643450260162354,S,2.494626045227051,N,4.210795879364014,G,4.035254001617432,G,3.9212324619293213,N,1.6247282028198242,N,1.1085275411605835,G,3.7747368812561035
484,Y,1.5518572330474854,H,1.2230370044708252,H,1.9710733890533447,Y,2.189028024673462,H,1.3730546236038208,Y,1.683823585510254,Y,1.5951777696609497,Y,1.7262498140335083,Y,1.2711503505706787,Y,1.5694515705108643,Y,2.001828193664551,Y,1.1561530828475952,Y,1.08128023147583,Y,2.360133171081543,Y,0.9224036931991577,Y,1.154013991355896
485,L,2.3111343145370484,L,1.0959973335266113,L,1.1978286504745483,A,0.9361002445220947,L,2.758620262145996,L,1.1737138032913208,I,1.6074213981628418,I,1.5401859283447266,L,2.8163013458251953,A,2.1485743522644043,C,1.6952970027923584,V,5.2237725257873535,V,4.702645778656006,A,1.1018468141555786,V,1.4505834579467773,V,5.218125820159912
486,K,2.274269930521647,R,1.8440451622009277,H,3.234022617340088,R,4.575326919555664,H,1.031501054763794,H,3.3329966068267822,Q,1.717869758605957,R,1.9058642387390137,Q,1.7736256122589111,R,1.458174467086792,R,2.628756046295166,R,1.21968674659729,R,1.2658494710922241,R,5.533487796783447,R,1.3429347276687622,R,1.2499077320098877
487,K,1.9945387760798137,K,1.921060562133789,Q,1.7109525203704834,Q,1.6692867279052734,Q,2.240452766418457,R,1.7935670614242554,N,1.4253380298614502,N,1.4652458429336548,E,2.067349672317505,K,5.820823669433594,Q,1.2483268976211548,Q,1.4302966594696045,Q,1.5309052467346191,Q,2.1670169830322266,Q,1.9837467670440674,Q,1.4437122344970703
488,A,1.8169187903404236,A,2.2221639156341553,S,1.805052399635315,A,1.0811386108398438,S,2.3375065326690674,S,2.165712356567383,A,1.3382982015609741,A,1.3181650638580322,T,2.250600576400757,S,1.9388861656188965,A,5.171241760253906,A,0.897468626499176,A,0.9019173383712769,A,1.5698322057724,A,1.3544529676437378,A,0.9013451337814331
489,W,1.3702318827311197,W,2.7352824211120605,W,1.6894655227661133,W,1.0509892702102661,W,1.0226727724075317,W,1.6522330045700073,W,1.2419883012771606,Y,1.3872519731521606,W,1.122620701789856,W,1.5335114002227783,W,2.1261003017425537,L,0.9714034199714661,L,0.9449494481086731,W,1.1012084484100342,W,1.0755890607833862,L,0.898212194442749
490,V,1.5291548093159995,A,1.679282307624817,V,1.067861795425415,D,1.0562748908996582,V,1.3344862461090088,V,1.1061058044433594,E,2.4884755611419678,E,2.3247408866882324,V,1.4427828788757324,E,1.1024924516677856,E,1.3588027954101562,E,1.2225698232650757,E,1.0887664556503296,E,1.2414535284042358,E,3.1448986530303955,E,1.2783280611038208
491,D,2.080540684858958,D,1.8905065059661865,S,1.5309112071990967,E,1.2988641262054443,N,2.052277088165283,E,1.4570330381393433,A,4.606962203979492,S,4.031138896942139,E,1.9445931911468506,A,0.9020323157310486,E,1.248978614807129,D,2.3402016162872314,D,2.3710384368896484,V,1.337054967880249,L,1.7057803869247437,D,2.4907376766204834
492,L,1.8805232206980387,Y,1.7553781270980835,V,1.5071614980697632,Y,1.3010331392288208,T,3.5085036754608154,L,1.5198038816452026,L,1.8186382055282593,H,1.4030616283416748,L,3.815040349960327,F,1.3335736989974976,Y,1.1235791444778442,Y,2.005579710006714,Y,2.0084829330444336,Y,1.4416253566741943,Y,1.6069623231887817,Y,2.059424638748169
493,C,2.1379905939102173,C,2.777857542037964,V,3.7095422744750977,L,3.3112709522247314,V,1.0824179649353027,V,3.6786744594573975,F,1.3807642459869385,F,1.522667646408081,V,1.8079584836959839,I,1.5181368589401245,I,1.5536426305770874,I,1.6643505096435547,I,1.759299874305725,L,2.824687957763672,I,1.87678861618042,I,1.6017988920211792
494,R,2.131169637044271,K,4.735684394836426,E,2.370964527130127,D,1.1463170051574707,E,3.370314359664917,E,2.07487154006958,D,2.5439517498016357,D,2.261561155319214,E,1.7567225694656372,G,2.1302716732025146,D,1.4266538619995117,G,1.7005517482757568,G,1.8278592824935913,D,1.2315973043441772,D,1.8625425100326538,G,1.5276808738708496
495,Y,2.5058016935984293,A,2.1464452743530273,A,2.1538350582122803,S,1.10642671585083,A,5.438831329345703,A,2.1177077293395996,T,1.0942060947418213,S,0.8131290674209595,A,2.451327323913574,A,1.183919072151184,A,2.945497989654541,S,4.4154438972473145,S,4.6870574951171875,S,1.1622123718261719,A,1.3365797996520996,S,4.5344061851501465
496,Y,2.1583499749501547,L,1.0084867477416992,Y,2.4100992679595947,Y,1.384031891822815,Y,1.0728954076766968,Y,2.4679019451141357,F,4.17307710647583,F,4.727420330047607,Y,1.7839410305023193,Y,1.08494234085083,Y,1.2037904262542725,Y,2.606945753097534,Y,2.4486327171325684,Y,1.6368824243545532,Y,1.5461655855178833,Y,2.8200366497039795
497,L,1.9927067438761392,R,1.3016886711120605,L,1.819091558456421,M,2.54495906829834,L,0.8097965717315674,L,1.814452886581421,M,2.2098865509033203,M,1.9893996715545654,M,1.5664914846420288,I,5.176408767700195,M,1.0764368772506714,L,1.8026363849639893,L,1.8143383264541626,M,3.0766849517822266,M,1.4014884233474731,L,1.4868409633636475
498,V,1.793891477584839,T,2.634462594985962,K,1.5531632900238037,Q,1.4294451475143433,K,1.1336379051208496,K,1.5989681482315063,Q,1.615065097808838,H,1.0642684698104858,K,1.0499804019927979,Q,1.5060755014419556,Q,1.474967360496521,K,2.404489278793335,K,2.495476484298706,Q,1.3983713388442993,P,1.6483871936798096,K,3.90161395072937
499,E,1.8580376942952475,E,1.2878056764602661,E,1.2697851657867432,E,1.818485140800476,E,2.1165785789489746,E,1.1436774730682373,E,1.2380117177963257,E,1.2011959552764893,E,1.8889224529266357,E,1.3190524578094482,E,2.904963493347168,E,2.9937098026275635,E,2.9605743885040283,E,1.7875609397888184,E,1.6932066679000854,E,2.247035503387451
500,A,1.8659091631571452,A,1.237078309059143,A,1.6031652688980103,A,2.067427635192871,A,2.285392999649048,A,1.5609859228134155,A,1.9902504682540894,A,1.9682902097702026,A,3.2817304134368896,A,2.4201478958129883,A,1.3146347999572754,A,1.0334187746047974,A,1.0417710542678833,A,2.0160470008850098,A,3.2187135219573975,A,0.9495831727981567
501,K,1.752478035291036,R,1.5201879739761353,E,3.549638032913208,K,1.4645500183105469,E,1.701967477798462,G,3.475389242172241,K,1.179991364479065,K,0.9532337188720703,E,2.3670716285705566,K,1.7972828149795532,K,1.660210132598877,E,1.1010308265686035,E,1.1200034618377686,K,1.4300663471221924,K,1.6494060754776,Q,1.3171414136886597
502,W,1.7195005059242248,W,1.5850752592086792,W,2.4652884006500244,W,1.782671332359314,W,1.534895896911621,W,2.758829355239868,W,2.36641526222229,W,2.5474448204040527,W,1.3210715055465698,W,1.2039417028427124,W,1.91139817237854,W,0.9222202897071838,W,0.9763842225074768,W,1.9540376663208008,W,1.5536106824874878,W,0.9092230200767517
503,Y,1.8374536832173665,V,2.409813642501831,Y,1.306363821029663,I,1.2083815336227417,Y,1.6896109580993652,Y,1.3388155698776245,I,3.185776948928833,I,2.0770809650421143,Y,1.0698431730270386,I,1.6509594917297363,I,1.6427184343338013,I,1.5181124210357666,I,1.5638896226882935,I,1.5666415691375732,I,3.8372724056243896,I,1.496524691581726
504,S,1.9413184722264607,N,2.411975860595703,E,1.0888655185699463,V,1.902390718460083,E,1.9442992210388184,E,1.1305354833602905,-,,-,,Q,2.8499648571014404,-,,A,2.118795156478882,-,,-,,A,2.4244561195373535,S,1.6005833148956299,-,
505,N,1.9129436016082764,S,2.554717779159546,S,2.918102264404297,-,,S,1.1311898231506348,N,2.74957275390625,S,1.922795057296753,S,1.5771466493606567,S,1.4975154399871826,S,1.5915216207504272,-,,A,1.7325066328048706,A,1.754744291305542,T,2.2255823612213135,S,1.3165029287338257,A,1.896369218826294
506,-,1.8879610449075699,-,,-,,T,1.6882070302963257,-,,-,,S,2.132833480834961,S,2.1377034187316895,-,,S,1.9225720167160034,S,1.5324881076812744,T,1.8775041103363037,T,1.8653504848480225,-,,-,,T,1.947029709815979
507,K,2.916224545902676,-,,-,,G,3.534588098526001,-,,-,,S,4.268660545349121,G,4.812369346618652,-,,G,2.0990586280822754,G,2.214231491088867,G,2.6743345260620117,G,1.5861562490463257,G,2.3335394859313965,-,,G,2.7230825424194336
508,Y,2.539934515953064,K,1.3857334852218628,G,1.504746913909912,-,,G,3.0750348567962646,G,1.470258355140686,-,,-,,G,2.4828615188598633,-,,-,,-,,-,,-,,G,5.320971965789795,-,
509,R,2.2879482984542845,Y,1.3608546257019043,Y,2.105297327041626,Y,2.147118330001831,Y,1.7658231258392334,Y,2.03806209564209,Y,2.02978777885437,Y,2.8014731407165527,Y,1.7008990049362183,Y,2.5556564331054688,E,2.196024179458618,Y,3.3159470558166504,Y,3.4873709678649902,Y,1.6122376918792725,Y,1.5672166347503662,Y,3.635456085205078
510,-,2.406613079706828,T,1.9927027225494385,A,1.5941218137741089,L,2.810053586959839,A,1.2372969388961792,T,1.6904960870742798,L,1.6579041481018066,L,1.5520519018173218,T,1.5636197328567505,L,1.490588903427124,V,2.3248000144958496,V,5.270181179046631,V,5.00440788269043,L,1.5358883142471313,L,1.544631004333496,V,4.830451965332031
511,P,2.4984023729960123,P,1.416900396347046,P,1.5291190147399902,P,4.383132457733154,P,1.3300188779830933,P,1.6185777187347412,P,2.2493884563446045,P,2.161412000656128,P,1.8190356492996216,P,1.5825577974319458,P,1.4862678050994873,P,4.7722978591918945,P,4.840085506439209,P,3.3658673763275146,P,1.2463716268539429,P,3.6750030517578125
512,S,2.3244254112243654,T,1.9551366567611694,S,1.6541553735733032,T,4.874532222747803,S,2.9844894409179688,S,1.8013556003570557,T,2.2510368824005127,T,2.610428810119629,S,1.8963066339492798,T,3.6119511127471924,T,1.4909754991531372,T,2.6571996212005615,T,2.824380397796631,T,1.50357985496521,T,1.5551574230194092,T,1.1956956386566162
513,L,3.0446009476979574,L,1.9198665618896484,L,2.4782211780548096,F,2.26558256149292,L,2.3975648880004883,L,2.584324836730957,F,1.2401087284088135,F,1.072729468345642,L,2.2353081703186035,F,1.2356841564178467,F,3.5481410026550293,F,6.737914562225342,F,6.650940418243408,F,1.8378041982650757,F,2.1290576457977295,F,7.335765838623047
514,Q,2.252207120259603,D,1.2931292057037354,E,2.5591843128204346,A,5.838002681732178,E,1.4979193210601807,E,2.717200517654419,E,1.4214048385620117,E,1.4904451370239258,E,1.29257071018219,D,1.2035632133483887,E,1.6093988418579102,Q,2.206380844116211,Q,2.2048592567443848,E,4.915770053863525,Q,1.085915207862854,Q,2.4473626613616943
515,E,2.0820786158243814,E,2.722402811050415,E,1.3218129873275757,E,2.592883825302124,E,1.7597559690475464,E,1.4440343379974365,E,1.1129204034805298,E,1.0358374118804932,E,1.1860325336456299,E,5.655498027801514,E,2.0225343704223633,E,2.220294237136841,E,2.195176601409912,E,2.256918430328369,E,1.575921893119812,E,2.129155397415161
516,Y,2.041580851872762,Y,2.4253804683685303,Y,1.6104397773742676,Y,2.1100099086761475,Y,3.257648229598999,Y,1.2230606079101562,Y,1.6339287757873535,Y,1.262011170387268,Y,2.1847052574157715,Y,3.0509424209594727,Y,5.098082542419434,Y,1.0829869508743286,Y,1.094659686088562,Y,1.9260010719299316,Y,1.6001546382904053,Y,1.0637012720108032
517,I,1.8685654004414876,L,1.2524570226669312,L,3.518537998199463,Y,0.9905712604522705,L,1.7177425622940063,L,2.1411972045898438,L,2.061660051345825,L,1.6160069704055786,L,1.7378857135772705,L,2.013946533203125,Y,2.2684359550476074,F,1.7969706058502197,F,1.7333861589431763,L,1.429060697555542,L,1.9809736013412476,F,1.7696486711502075
518,E,2.094993011156718,N,1.7449283599853516,S,1.6455751657485962,E,2.708359956741333,S,1.672724962234497,T,1.7900885343551636,K,3.1534488201141357,K,3.2541797161102295,T,3.632798433303833,E,1.423012137413025,E,1.7645376920700073,E,1.9113863706588745,E,1.9610214233398438,E,1.574575662612915,D,1.3007700443267822,E,1.8874878883361816
519,N,1.7207727273305258,N,2.1367592811584473,I,1.9656352996826172,N,1.317897081375122,I,2.1089701652526855,N,2.0459043979644775,N,1.4498369693756104,N,1.859168291091919,I,2.8892745971679688,N,2.003934860229492,N,1.436020851135254,N,0.9435857534408569,N,0.9751282930374146,N,1.6906102895736694,N,1.9618269205093384,N,1.0270378589630127
520,A,1.9922785957654316,A,2.2231366634368896,A,3.266918659210205,G,0.7380253672599792,A,2.130924940109253,A,2.601395845413208,A,2.0632712841033936,G,2.7144241333007812,A,2.670792579650879,G,2.0690860748291016,G,1.7799921035766602,G,1.3883088827133179,G,1.4579845666885376,G,1.0331051349639893,S,2.373415946960449,G,1.3733967542648315
521,W,1.8963757276535034,Y,1.686535358428955,T,1.9348735809326172,K,1.5577092170715332,S,1.5641076564788818,T,1.331680178642273,K,4.304610252380371,K,4.782479286193848,K,1.6191304922103882,K,1.1467176675796509,K,1.599790334701538,K,1.3245363235473633,K,1.3952398300170898,K,1.4020856618881226,K,1.522666096687317,K,1.2734739780426025
522,I,1.9354850888252257,T,4.245514392852783,I,1.4336363077163696,V,0.9234001040458679,I,1.4027025699615479,I,1.66221284866333,V,2.5819599628448486,V,5.136923789978027,I,1.4511456489562988,V,1.4208732843399048,V,1.079351782798767,L,1.7574944496154785,L,1.7990611791610718,V,1.2347021102905273,I,1.1176501512527466,L,1.7856477499008179
523,S,1.5350881099700928,S,1.9911795854568481,S,1.2247967720031738,S,1.6059523820877075,S,1.664434552192688,S,1.4388731718063354,S,1.7300269603729248,S,1.73324453830719,S,1.264782428741455,S,1.593522548675537,S,1.357480764389038,S,1.245936632156372,S,1.2477949857711792,S,1.9450361728668213,S,1.6912695169448853,S,1.2919906377792358
524,I,2.408354640007019,A,2.395106792449951,I,1.2241251468658447,S,0.9367698431015015,I,2.8381452560424805,I,1.4655572175979614,S,5.669832706451416,S,6.335436820983887,I,1.2296719551086426,F,1.763681411743164,S,1.333971619606018,S,2.45737361907959,S,2.6004788875579834,S,1.4380314350128174,F,1.6174817085266113,S,2.819655179977417
525,G,2.221507740020752,S,1.2563327550888062,G,2.417320966720581,G,2.24528169631958,G,2.2783327102661133,G,2.9950344562530518,G,2.6458425521850586,G,3.1049346923828125,G,2.7565369606018066,G,1.2727595567703247,G,1.9383281469345093,G,1.4917484521865845,G,1.7418866157531738,G,2.3384318351745605,G,3.1571459770202637,G,1.6826987266540527
526,A,1.7495145161946615,G,1.5318527221679688,L,1.9721587896347046,H,2.324528694152832,V,1.612318754196167,V,2.662410259246826,S,1.3004677295684814,S,1.5920021533966064,S,1.9049458503723145,S,2.4971249103546143,H,1.1879247426986694,H,1.432974100112915,H,1.5313565731048584,H,1.5257318019866943,T,1.594735860824585,H,1.5721848011016846
527,P,1.6075477520624797,P,1.525634527206421,I,1.8986823558807373,R,1.1873414516448975,I,3.0266106128692627,P,1.847000002861023,R,1.1577279567718506,R,1.0774809122085571,L,1.3770302534103394,R,1.8344123363494873,R,2.349205732345581,R,1.007580041885376,R,1.0673210620880127,R,1.5426061153411865,R,2.0713863372802734,R,1.1431965827941895
528,T,1.5601764996846517,L,1.8497612476348877,P,1.666589379310608,T,0.9171810150146484,P,1.1378169059753418,P,1.3827499151229858,I,1.5623021125793457,T,1.4075262546539307,P,2.191787004470825,I,1.5604467391967773,V,1.4403269290924072,I,1.8062959909439087,I,1.8870106935501099,V,0.8678810596466064,I,2.079946994781494,I,1.6450252532958984
529,I,1.6456254641215007,I,1.6057904958724976,I,2.1353540420532227,A,1.5325757265090942,I,2.004225254058838,I,2.092127799987793,A,1.9522273540496826,A,1.6567131280899048,I,2.582645893096924,T,1.4666755199432373,S,1.475024938583374,A,1.112390160560608,A,1.086121678352356,S,1.8047094345092773,T,1.0474509000778198,A,1.1303496360778809
530,L,2.1179481903711954,L,2.0114946365356445,V,2.905280113220215,A,1.000091314315796,V,2.8056225776672363,V,2.804682970046997,T,1.1103136539459229,T,1.0046970844268799,L,1.7951583862304688,T,1.9512897729873657,A,1.052923321723938,T,3.4123504161834717,T,3.3378140926361084,A,1.9385714530944824,I,1.1737722158432007,T,3.465160846710205
531,V,1.781986133257548,I,1.852716088294983,I,2.3843512535095215,L,3.085815191268921,I,1.6803817749023438,L,2.2026302814483643,L,1.2891000509262085,L,1.287193775177002,L,1.1539177894592285,L,1.481113314628601,L,1.5270075798034668,L,1.462124228477478,L,1.4773787260055542,L,2.8017685413360596,L,1.4818772077560425,L,1.5624161958694458
532,H,1.7689574480056762,H,2.3028316497802734,P,1.1724205017089844,Q,1.5257949829101562,P,1.4542566537857056,P,1.1819531917572021,Q,1.7217774391174316,Q,1.397145390510559,S,1.6624608039855957,E,3.042095899581909,Q,1.035719871520996,Q,2.0906460285186768,Q,2.14945912361145,Q,1.5715556144714355,Q,2.5420382022857666,Q,1.6842063665390015
533,A,2.12524368081774,A,2.2527072429656982,L,1.547943353652954,P,1.7203317880630493,L,1.3171842098236084,V,1.5655893087387085,P,1.9460630416870117,P,1.9243035316467285,V,2.2457072734832764,P,1.5741829872131348,P,3.2537131309509277,P,2.8621480464935303,P,2.890615701675415,P,1.913637638092041,-,,P,2.7392842769622803
534,Y,1.3729127645492554,F,1.6626811027526855,D,1.262007236480713,-,,E,1.201155185699463,E,1.4321544170379639,-,,-,,E,1.1158583164215088,-,,-,,-,,-,,-,,P,1.5636203289031982,-,
535,-,1.938616410891215,F,2.421144962310791,L,1.2957481145858765,I,2.412041187286377,V,3.098531723022461,V,1.5461400747299194,I,1.3995850086212158,I,1.3343509435653687,L,3.0975937843322754,M,1.9298852682113647,I,1.6070488691329956,I,1.1323649883270264,I,1.1402411460876465,M,2.8968393802642822,I,2.6423585414886475,I,1.1253721714019775
536,F,2.058169213930766,F,1.3165597915649414,S,2.901916742324829,L,1.0670937299728394,S,2.2063305377960205,S,3.5535342693328857,L,2.0616447925567627,L,1.9904969930648804,S,3.044588088989258,L,2.64381742477417,L,2.0529353618621826,L,1.6120725870132446,L,1.646180510520935,L,1.0645610094070435,L,2.1247291564941406,L,1.5860772132873535
537,F,1.9050713459650674,S,1.7804726362228394,I,2.627070426940918,T,1.7445671558380127,I,2.400146007537842,L,2.3761942386627197,T,1.4861531257629395,T,1.5375514030456543,L,1.9699618816375732,T,1.288957118988037,T,2.6663999557495117,T,1.8418062925338745,T,1.7911773920059204,T,1.7959504127502441,T,1.5083160400390625,T,1.7613461017608643
538,-,2.035206508636475,G,2.2955286502838135,P,2.066396474838257,-,,P,1.9781668186187744,P,2.1387856006622314,-,,-,,P,1.6971549987792969,-,,-,,-,,-,,-,,-,,-,
539,V,1.6153132677078248,Q,2.1716761589050293,N,1.850462555885315,M,1.257794737815857,N,1.5286600589752197,N,2.0735034942626953,L,1.4610347747802734,L,1.5357134342193604,D,1.72968590259552,L,1.3967002630233765,T,1.0569026470184326,L,1.7042105197906494,L,1.701994776725769,M,1.6114333868026733,L,1.4549601078033447,L,1.694966197013855
540,T,1.6255535006523132,E,2.514350414276123,S,2.15437912940979,D,1.451741337776184,S,0.9967525601387024,S,1.6860804557800293,D,1.1022086143493652,D,1.180146336555481,S,1.9014811515808105,G,1.2622129917144775,D,1.4068071842193604,S,1.7940504550933838,S,1.786778450012207,D,1.6629703044891357,G,1.4157824516296387,S,2.0675606727600098
541,N,2.0218133687973023,P,4.659031391143799,T,2.4075217247009277,I,1.8860197067260742,T,1.6244683265686035,T,1.8534281253814697,V,2.434072732925415,V,1.3692219257354736,T,1.5901868343353271,F,2.149730920791626,I,1.0762202739715576,I,2.272066116333008,I,2.2713382244110107,I,1.3181672096252441,E,1.106136441230774,I,2.3095905780792236
542,P,2.26186150770921,-,,I,1.580078125,P,1.8469252586364746,F,1.5267388820648193,I,1.5971670150756836,P,3.315778970718384,P,1.1055402755737305,-,,P,1.6179559230804443,P,1.8382484912872314,P,2.703840732574463,P,2.7074453830718994,P,2.0613350868225098,P,4.77903413772583,P,2.724111318588257
543,I,2.0862165451049806,W,2.8675432205200195,H,1.019087791442871,F,2.217313289642334,H,1.8344461917877197,H,1.2567425966262817,L,2.5828375816345215,L,3.3364620208740234,I,1.126643180847168,L,2.6280665397644043,F,1.5765185356140137,F,1.8598659038543701,F,1.93571138381958,F,2.66660737991333,L,2.489086151123047,F,1.896316409111023
544,T,1.8320832173029582,K,1.4915659427642822,R,1.5447523593902588,P,1.8286681175231934,R,2.1538949012756348,R,1.8797755241394043,P,1.4582147598266602,P,1.350685954093933,D,4.497077465057373,P,2.869110107421875,P,2.072744607925415,P,1.1983299255371094,P,1.1776700019836426,P,1.6353553533554077,P,1.1447482109069824,P,1.1786550283432007
545,K,1.8922049840291342,E,1.5671201944351196,H,1.976583480834961,P,4.759305953979492,R,1.6751664876937866,T,1.706650733947754,D,1.3265405893325806,N,1.5229911804199219,R,2.0444869995117188,P,2.100486993789673,E,2.916505813598633,H,1.079095721244812,H,1.0851045846939087,P,1.0881352424621582,H,2.4343955516815186,H,1.1005052328109741
546,E,1.8702381593840463,A,2.3227033615112305,-,,H,0.9635224342346191,S,4.800544261932373,Q,2.355145215988159,Y,1.5372910499572754,Y,2.518110990524292,A,2.093977451324463,R,1.1534006595611572,H,2.070208787918091,H,0.927428126335144,H,0.885244607925415,H,0.8886804580688477,E,2.7754714488983154,H,0.8916053771972656
547,A,2.5228273312250775,I,1.9298983812332153,T,2.003690004348755,I,0.8308717012405396,P,4.855187892913818,F,3.819244623184204,I,0.9863125085830688,I,1.032201886177063,T,3.1655657291412354,I,1.229403018951416,V,1.1499884128570557,I,4.967702388763428,I,4.924887657165527,I,0.875754714012146,I,1.148648738861084,I,4.9230523109436035
548,L,2.7103863528796603,D,1.7122009992599487,R,1.705911636352539,L,3.997370481491089,F,1.628458857536316,-,,L,1.2048875093460083,L,1.7079685926437378,F,4.685634613037109,L,1.0860599279403687,L,1.1236908435821533,L,3.7519948482513428,L,3.707895517349243,L,5.259883880615234,L,2.693469285964966,L,3.6799819469451904
549,D,2.095467155178388,C,1.1941370964050293,-,,K,2.203286647796631,-,,-,,Q,1.1781376600265503,Q,2.5794310569763184,D,2.547645330429077,Q,4.726711273193359,K,0.8672134280204773,Q,1.40842604637146,Q,1.5073351860046387,K,3.728289842605591,Q,1.698231816291809,Q,1.5067604780197144
550,C,2.242458736896515,F,1.7893139123916626,-,,E,0.9801913499832153,-,,-,,E,2.4648146629333496,E,2.2302327156066895,-,,E,2.841275453567505,E,5.187699794769287,E,1.9704231023788452,E,1.9840741157531738,E,1.0349661111831665,-,,E,1.9415961503982544
551,-,2.566378593444824,-,,-,,V,1.9431800842285156,-,,-,,-,,-,,-,,-,,V,3.189577102661133,-,,-,,-,,-,,-,
552,-,1.1862510442733765,-,,-,,-,,-,,-,,-,,-,,-,,-,,-,,-,,-,,-,,E,1.1862510442733765,-,
553,L,2.5904310047626495,V,1.8010773658752441,I,4.968479633331299,-,,E,3.9571683406829834,D,4.615116596221924,I,2.3530771732330322,I,2.0051255226135254,-,,I,1.6542119979858398,-,,I,1.8707855939865112,I,1.832771897315979,V,1.8365706205368042,I,2.339686632156372,I,1.8511006832122803
554,E,2.0064947860581532,S,2.440300464630127,D,1.9174166917800903,D,1.8925656080245972,Y,1.746031403541565,R,2.0782432556152344,D,3.5141234397888184,D,2.4865405559539795,-,,D,2.0581517219543457,D,1.5377230644226074,D,1.391991138458252,D,1.4509284496307373,D,1.7482870817184448,D,2.4344520568847656,D,1.3941720724105835
555,E,2.2325968662897746,S,2.4622280597686768,H,3.6441261768341064,F,1.4266529083251953,H,1.4927176237106323,P,2.189732074737549,Y,2.096121072769165,Y,3.2962899208068848,R,2.104732036590576,F,2.8610801696777344,I,1.8349883556365967,F,1.999005913734436,F,1.9840686321258545,F,1.230625867843628,F,2.896280527114868,F,1.9703036546707153
556,Y,1.7800407579966955,N,5.668870449066162,R,1.227459192276001,P,1.9584732055664062,R,1.2524785995483398,-,,P,1.1867468357086182,P,0.8000442981719971,R,1.3403316736221313,P,1.547553300857544,P,1.9074006080627441,P,1.7832286357879639,P,1.8168619871139526,P,1.1668168306350708,P,1.4899237155914307,P,1.7743812799453735
557,P,1.6338222980499268,K,0.9745434522628784,H,2.3979270458221436,S,2.549222707748413,Y,2.2228286266326904,H,1.4175716638565063,S,1.539215326309204,S,1.2383899688720703,H,2.234142303466797,S,0.9351699352264404,S,1.5090886354446411,S,1.3727625608444214,S,1.3969643115997314,S,1.8502591848373413,A,1.4882010221481323,S,1.3810477256774902
558,N,1.8231093565622964,D,1.346475601196289,E,2.2038259506225586,K,1.6040185689926147,D,1.4137003421783447,K,2.8624823093414307,R,1.5283493995666504,R,1.2629691362380981,K,1.6745461225509644,K,1.5937941074371338,K,1.916961908340454,K,2.135936737060547,K,2.4067845344543457,N,1.2148354053497314,K,1.7913738489151,K,2.3905863761901855
559,I,2.0051345586776734,I,1.5410523414611816,I,1.824797511100769,L,2.850273609161377,I,1.4667184352874756,I,1.9854388236999512,F,1.1556349992752075,F,1.0055532455444336,M,1.4480863809585571,F,1.3660653829574585,L,2.3772478103637695,F,3.5212738513946533,F,2.9320287704467773,L,1.9833722114562988,F,1.1487301588058472,F,3.4707448482513428
560,I,2.4492312987645466,I,1.750220537185669,L,1.2673884630203247,N,2.7425618171691895,L,1.5652315616607666,L,1.7476881742477417,N,5.401808738708496,N,5.916254043579102,F,1.5427696704864502,N,2.5099754333496094,N,1.234805941581726,N,1.9421277046203613,N,1.9953339099884033,N,3.3199594020843506,N,1.866888403892517,N,1.9354556798934937
561,R,2.14951540629069,R,1.4305224418640137,N,2.026599407196045,D,3.295804262161255,H,2.271831750869751,D,1.5429726839065552,E,3.018543243408203,D,3.3374240398406982,Y,2.062594175338745,D,2.386075258255005,D,2.5980565547943115,D,1.5208125114440918,D,1.6152640581130981,D,2.541574478149414,D,1.077156662940979,D,1.517499566078186
562,W,1.7846080859502156,L,1.383907437324524,L,1.5869853496551514,L,1.5113873481750488,L,2.336063861846924,L,1.8738775253295898,L,1.2277791500091553,L,1.1160197257995605,L,1.7989721298217773,L,2.237586259841919,L,4.0694355964660645,Y,1.4582359790802002,Y,1.5191489458084106,L,1.9640910625457764,L,1.1800075769424438,Y,1.5056233406066895
563,S,2.143508966763814,S,1.9160418510437012,S,3.196770191192627,A,1.4822206497192383,S,5.424306869506836,S,1.9234778881072998,A,1.3758422136306763,A,1.1727277040481567,S,3.319462776184082,T,1.5947954654693604,A,2.0331428050994873,A,1.612321138381958,A,1.7837975025177002,A,2.2331230640411377,I,1.2805286645889282,A,1.8040757179260254
564,S,2.4248061259587605,A,1.1811962127685547,G,2.9812211990356445,C,2.1754112243652344,A,1.5102758407592773,A,3.448625087738037,S,2.4959354400634766,S,2.31244158744812,A,3.762014627456665,C,1.4160912036895752,S,1.7347605228424072,A,1.4495645761489868,C,1.4530688524246216,C,4.390646934509277,S,4.448964595794678,A,1.611873984336853
565,I,1.8719190200169882,T,2.2699692249298096,M,3.8291032314300537,A,1.1504359245300293,M,1.300162672996521,R,2.4529430866241455,S,1.2541154623031616,S,1.194669485092163,T,3.5229697227478027,A,1.8580703735351562,A,2.022554397583008,S,1.3793044090270996,S,1.4943639039993286,A,1.5454988479614258,V,1.2267612218856812,S,1.577863335609436
566,I,1.727159031232198,I,1.8219918012619019,V,1.0030146837234497,I,1.4825588464736938,V,1.3162121772766113,V,2.5473055839538574,I,2.160306930541992,L,2.27702260017395,V,1.0437123775482178,I,1.1796261072158813,I,2.4891889095306396,I,1.6552619934082031,I,1.6944795846939087,I,2.0718071460723877,I,1.3092573881149292,I,1.8556393384933472
567,A,1.6733977476755777,F,1.5805597305297852,L,1.2956597805023193,L,1.0319353342056274,L,2.3894100189208984,L,3.1011664867401123,L,1.8044121265411377,L,1.5446085929870605,S,1.1702603101730347,L,1.48846435546875,L,1.2104828357696533,L,1.1563998460769653,L,1.2198768854141235,L,2.4141299724578857,L,2.569214344024658,L,1.1243855953216553
568,R,1.788409415880839,R,5.093708515167236,R,1.712978720664978,R,1.8619000911712646,R,1.5409963130950928,R,1.0763815641403198,R,1.4575282335281372,R,1.1690402030944824,R,1.526535153388977,R,1.1640477180480957,R,1.5066359043121338,R,2.396779775619507,R,1.3240944147109985,R,2.324533700942993,R,1.3132978677749634,R,1.3576830625534058
569,L,2.1612741986910504,L,1.5802969932556152,L,2.0340428352355957,L,1.122295618057251,L,1.039445161819458,L,1.427660584449768,L,1.970126748085022,L,1.8868011236190796,L,1.8955082893371582,L,3.243797540664673,L,2.322444200515747,L,3.3258414268493652,L,3.921781301498413,L,0.9623121619224548,L,1.790846347808838,L,3.8959126472473145
570,A,1.6384853800137837,T,1.658544659614563,A,1.463554859161377,R,2.970534324645996,A,1.9791028499603271,A,1.296592354774475,R,2.266444444656372,R,1.713026523590088,A,1.4772615432739258,K,1.4747580289840698,R,1.263799786567688,R,0.9784217476844788,R,1.0792875289916992,R,2.2539100646972656,K,1.4922723770141602,R,1.209769606590271
571,D,1.9126470327377318,D,1.8373786211013794,D,1.2397321462631226,G,1.0667181015014648,D,2.908574342727661,D,1.6025307178497314,G,2.4290478229522705,G,2.6621711254119873,D,1.2288192510604858,G,3.4075658321380615,G,1.4653477668762207,G,1.1255146265029907,G,1.280415654182434,G,1.0232605934143066,G,4.07967472076416,G,1.3329541683197021
572,D,1.9715240160624186,D,2.5906243324279785,D,2.2027764320373535,D,1.1766358613967896,D,3.632598638534546,D,1.2699869871139526,D,1.7897706031799316,D,1.330914855003357,D,1.7198923826217651,D,1.225001335144043,D,2.8122823238372803,D,2.4623348712921143,D,2.139521360397339,D,1.1711543798446655,D,1.763649821281433,D,2.2857160568237305
573,-,1.6822545289993287,L,1.2739834785461426,L,2.0173795223236084,-,,L,0.9945858716964722,L,2.1819581985473633,-,,-,,L,1.9433655738830566,-,,-,,-,,-,,-,,-,,-,
574,-,1.0405311584472656,E,1.0405311584472656,-,,-,,-,,-,,-,,-,,-,,-,,-,,-,,-,,-,,-,,-,
575,L,1.817982933738015,T,3.289829730987549,-,,T,2.6267969608306885,-,,-,,T,1.770179033279419,T,1.4467835426330566,-,,T,1.3450047969818115,T,1.2264301776885986,T,1.5700066089630127,T,1.3994359970092773,T,1.8231281042099,T,1.9579271078109741,T,1.542290210723877
576,G,1.778500779469808,S,1.6395076513290405,G,2.7920637130737305,R,1.056659460067749,G,1.3141010999679565,G,1.949936032295227,R,1.5382221937179565,R,1.4901151657104492,G,2.58734130859375,Q,1.9148609638214111,R,1.4449936151504517,R,1.5019954442977905,R,1.7222189903259277,R,1.3460204601287842,R,2.526231288909912,R,1.8532443046569824
577,T,1.6908828701291765,-,,T,1.518625020980835,C,1.5835007429122925,T,3.0148003101348877,T,2.1523914337158203,C,1.675194501876831,C,1.1589850187301636,T,1.6344292163848877,C,1.4019109010696411,C,1.7630631923675537,C,1.2657111883163452,C,1.687099814414978,C,1.7757718563079834,C,1.1345341205596924,C,1.90634286403656
578,S,2.196235775947571,-,,A,2.1014692783355713,Y,1.9421684741973877,A,1.5013543367385864,A,1.5880811214447021,Y,1.7010798454284668,Y,1.2066255807876587,A,1.8129045963287354,Y,1.9200893640518188,Y,1.5151501893997192,Y,3.848328113555908,Y,4.106648921966553,Y,1.7441990375518799,Y,1.8508148193359375,Y,3.9083871841430664
579,T,2.089943484465281,A,1.2215487957000732,S,1.8253710269927979,K,3.5821902751922607,Q,2.456857442855835,S,1.517451286315918,K,1.2015396356582642,K,0.8936832547187805,P,3.49699330329895,K,1.5632929801940918,Q,2.2032089233398438,K,1.9505281448364258,K,2.267443895339966,Q,3.3233401775360107,K,1.993744969367981,K,1.851958155632019
580,D,2.0530367056528727,E,1.2479082345962524,S,1.278210163116455,A,2.3155019283294678,Y,1.302433967590332,S,3.9217050075531006,A,2.3163414001464844,A,3.671111822128296,S,1.3367201089859009,A,3.370351791381836,A,1.6897081136703491,A,1.5519706010818481,A,1.61470365524292,E,1.649920105934143,A,2.0212976932525635,A,1.507665991783142
581,E,2.0258824984232584,E,1.3320776224136353,E,3.464916467666626,D,1.9396828413009644,E,1.3677167892456055,E,1.3894201517105103,D,1.0301454067230225,D,1.6635165214538574,E,2.8404629230499268,D,1.8687469959259033,D,3.052014112472534,D,2.3770854473114014,D,2.4544429779052734,D,2.0090434551239014,D,1.734457015991211,D,1.8645087480545044
582,L,2.5316057125727336,I,3.9242606163024902,L,2.1111576557159424,R,2.149868965148926,V,2.1802163124084473,L,3.2512638568878174,R,4.069364070892334,R,3.489407777786255,L,2.335946798324585,R,1.7932502031326294,R,1.7559829950332642,S,2.113229751586914,S,1.3023253679275513,R,2.1874890327453613,R,2.9396960735321045,S,2.370626211166382
583,K,1.5089898745218913,E,1.310863733291626,E,1.547851800918579,A,0.9242154359817505,E,1.3152246475219727,E,2.3508825302124023,A,0.9623976349830627,A,0.8319938778877258,E,2.0277674198150635,A,2.6515700817108154,A,1.9365571737289429,A,1.0974886417388916,A,1.262956142425537,A,1.8876910209655762,A,1.4410909414291382,A,1.0862970352172852
584,R,1.6158210118611653,R,1.2226548194885254,R,1.6357125043869019,R,1.4150835275650024,T,1.9654682874679565,R,1.7639572620391846,R,1.067866563796997,R,1.338288426399231,R,1.549796223640442,R,1.2969523668289185,R,2.0265109539031982,R,2.1213953495025635,R,2.1649622917175293,R,1.0943816900253296,R,1.5490022897720337,R,2.025282621383667
585,G,1.9028238296508788,G,1.2092957496643066,G,0.9548854231834412,G,2.338498830795288,G,1.251348614692688,G,1.426289677619934,G,2.5113768577575684,G,1.8216264247894287,G,0.9029406905174255,G,1.2481844425201416,G,1.0531588792800903,G,3.0497758388519287,G,2.9555933475494385,G,2.277500629425049,G,2.2092175483703613,G,3.3326644897460938
586,D,1.601935088634491,D,1.2362769842147827,D,1.7591562271118164,E,1.674701452255249,D,1.4937686920166016,D,0.9648471474647522,E,1.055311679840088,E,1.1101040840148926,D,1.796949028968811,E,1.6200504302978516,E,1.4335287809371948,E,2.6458301544189453,E,1.62527596950531,E,1.7193089723587036,E,1.1117764711380005,E,2.7821402549743652
587,V,1.806075096130371,V,1.2765250205993652,V,2.380885124206543,E,1.9585355520248413,V,2.520099401473999,V,1.4716185331344604,E,1.1550794839859009,E,1.7456527948379517,V,0.8865506649017334,E,2.7173008918762207,E,2.057698965072632,E,1.4846481084823608,E,1.557343602180481,E,2.6125686168670654,E,1.819305419921875,E,1.4473142623901367
588,P,1.8574623982111613,P,1.553903341293335,P,1.9542419910430908,A,1.1775578260421753,P,1.9019571542739868,P,1.5156735181808472,A,2.736663341522217,A,1.3571113348007202,P,1.5276963710784912,A,1.7367886304855347,A,1.7770910263061523,A,1.6224223375320435,A,1.7901129722595215,T,3.113640069961548,A,2.3021960258483887,A,1.7948800325393677
589,K,2.1869466225306193,K,2.458444595336914,K,2.3127312660217285,S,1.3346078395843506,K,1.334092378616333,K,1.5728793144226074,S,5.049062728881836,S,4.445019721984863,K,2.422822952270508,S,1.123539686203003,S,1.8939385414123535,S,1.6799588203430176,S,1.6107683181762695,S,1.2246894836425781,S,2.4927890300750732,S,1.848854660987854
590,A,2.1917755365371705,S,2.543562650680542,A,1.7835687398910522,S,2.162071466445923,A,1.1276849508285522,A,2.183657169342041,A,1.7241599559783936,A,1.8926230669021606,A,2.5115017890930176,A,2.140638828277588,C,3.4830963611602783,C,1.8072079420089722,C,2.032172441482544,C,2.1529428958892822,S,3.5674993991851807,C,1.7642453908920288
591,I,2.300509238243103,I,3.4254167079925537,I,1.218245267868042,I,2.5264201164245605,V,2.0373709201812744,I,2.384963035583496,I,2.8859403133392334,I,2.342175006866455,I,1.7059983015060425,V,2.8892085552215576,I,1.202616572380066,I,1.1255459785461426,T,1.2136316299438477,I,2.8267018795013428,V,5.613137245178223,I,1.1102670431137085
592,Q,1.6385061184565226,Q,1.1559526920318604,Q,1.1735433340072632,S,1.1352505683898926,Q,2.1251654624938965,Q,1.1743589639663696,S,1.6367143392562866,S,2.0697824954986572,Q,1.5674231052398682,S,2.486666202545166,S,2.8510050773620605,S,1.312775731086731,S,1.273400902748108,S,0.9170235395431519,S,2.4075279235839844,S,1.2910014390945435
593,C,1.8695699135462442,C,1.7817820310592651,C,3.1424591541290283,C,1.839302659034729,C,2.3771438598632812,C,1.409326434135437,C,1.2461998462677002,C,1.350735068321228,C,1.0760624408721924,C,1.2259387969970703,C,2.752185344696045,C,2.164166212081909,C,2.179069757461548,C,1.3784147500991821,C,1.5418031215667725,C,2.5789592266082764
594,Y,2.2245390971501666,Y,2.402315139770508,Y,3.2088329792022705,Y,1.944981336593628,Y,1.5024137496948242,Y,2.2975714206695557,Y,2.053895950317383,Y,1.1805200576782227,Y,1.967688798904419,Y,1.7945220470428467,Y,1.0862852334976196,Y,3.3560469150543213,Y,3.264685869216919,Y,2.215667247772217,Y,1.9041929244995117,Y,3.188466787338257
595,M,1.9707209666570027,M,1.5671327114105225,M,1.992820382118225,M,2.512526273727417,I,1.2997032403945923,M,1.8932298421859741,M,1.7791965007781982,M,2.3018717765808105,M,4.042755603790283,M,1.748788595199585,M,1.7124470472335815,M,1.2772974967956543,M,1.2566043138504028,M,3.182305097579956,M,1.7190889120101929,M,1.275046706199646
596,N,2.747980753580729,H,1.8683220148086548,K,1.8332256078720093,K,2.047783136367798,K,1.4543377161026,K,4.268256664276123,K,2.404243230819702,K,2.0873305797576904,K,1.883669137954712,K,4.179080486297607,K,2.0111658573150635,R,4.787664890289307,K,4.627609729766846,K,1.3792757987976074,K,1.6228610277175903,K,4.764885425567627
597,E,2.2389268477757773,E,2.458665609359741,D,1.052941918373108,D,5.242897987365723,D,1.552154779434204,D,1.6386699676513672,D,1.3737378120422363,D,1.5512135028839111,D,1.3750460147857666,D,1.3300244808197021,D,3.2702181339263916,D,1.5118651390075684,E,1.5067676305770874,D,5.194475173950195,D,3.0247273445129395,D,1.5004972219467163
598,T,2.791087067127228,-,,-,,N,3.5824060440063477,-,,-,,H,3.9831643104553223,H,4.107770919799805,-,,H,3.868074655532837,N,3.095019817352295,N,1.3121718168258667,N,1.3067620992660522,N,3.9916765689849854,N,1.4125837087631226,N,1.2512407302856445
599,-,2.1112292687098186,A,2.4188315868377686,T,1.2054519653320312,P,1.279052734375,T,5.440024375915527,N,1.116837739944458,P,1.4300556182861328,P,1.4957728385925293,T,1.3492881059646606,P,2.0570120811462402,P,5.538745880126953,P,1.6834197044372559,L,1.5825620889663696,P,1.2603007555007935,A,2.118690252304077,P,1.6923933029174805
600,G,1.5979672829310099,G,1.1287415027618408,N,1.7184594869613647,G,1.3745887279510498,N,1.0731127262115479,N,1.1915056705474854,G,1.5955709218978882,G,2.291032552719116,N,2.133676767349243,G,1.3210761547088623,G,1.9301196336746216,G,1.4206095933914185,G,1.3921864032745361,G,1.5869947671890259,G,2.1916210651397705,G,1.620213270187378
601,A,1.9294949054718018,A,1.4205845594406128,A,3.252190113067627,V,1.938036561012268,A,1.1274595260620117,A,1.766830563545227,S,1.688561201095581,S,1.799329400062561,A,1.935109257698059,I,1.340551733970642,T,1.3462791442871094,S,2.0155398845672607,S,1.9940471649169922,A,2.1419074535369873,I,2.662132978439331,S,2.513864040374756
602,S,1.9992445309956868,S,1.248327374458313,S,2.090451955795288,T,2.162935495376587,S,1.7884063720703125,S,3.5032951831817627,I,1.819800615310669,T,2.4956278800964355,S,1.7686021327972412,T,1.89290189743042,T,1.5569591522216797,T,1.489335060119629,T,1.4819045066833496,T,1.9787423610687256,T,2.9686355590820312,T,1.7427424192428589
603,E,1.8109952767690023,E,1.3586028814315796,E,2.4647676944732666,E,1.4618406295776367,E,3.2953996658325195,E,1.7769190073013306,E,2.3644015789031982,E,1.8216050863265991,E,2.1300573348999023,E,1.8243486881256104,E,2.0248260498046875,Q,1.0046608448028564,Q,1.0149495601654053,E,1.3910919427871704,E,1.9619351625442505,Q,1.269523024559021
604,E,1.6280664205551147,-,,-,,E,1.0981000661849976,-,,-,,E,1.4683611392974854,E,1.1577763557434082,-,,E,2.6107583045959473,E,1.9505106210708618,E,1.9163367748260498,E,2.006035327911377,E,1.0585027933120728,E,1.2424999475479126,E,1.7717828750610352
605,-,,-,,-,,-,,-,,-,,-,,-,,-,,-,,-,,-,,-,,-,,-,,-,
606,-,2.725315284729004,A,4.794450759887695,E,1.6030726432800293,-,,E,2.2842366695404053,E,2.843820810317993,-,,-,,E,2.1009955406188965,-,,-,,-,,-,,-,,-,,-,
607,-,,-,,-,,-,,-,,-,,-,,-,,-,,-,,-,,-,,-,,-,,-,,-,
608,-,,-,,-,,-,,-,,-,,-,,-,,-,,-,,-,,-,,-,,-,,-,,-,
609,G,2.4874675432840982,V,2.015994071960449,E,2.0842156410217285,D,2.177349090576172,E,3.601733922958374,E,1.9383165836334229,D,3.991628646850586,D,4.745595455169678,E,1.6638195514678955,D,1.4455780982971191,D,1.6423985958099365,D,3.3608322143554688,D,3.425398349761963,D,1.7363016605377197,D,1.210315465927124,D,2.272535800933838
610,A,2.265316677093506,S,1.2519162893295288,A,1.8242449760437012,A,2.344679832458496,A,1.024090051651001,A,2.039832353591919,A,3.663792133331299,A,1.9910565614700317,A,2.362759828567505,A,2.109504461288452,A,1.4022388458251953,A,3.3066036701202393,A,3.4323747158050537,A,2.1341679096221924,A,2.035762071609497,A,3.0567264556884766
611,R,2.407083344459534,R,1.5215202569961548,R,2.993074655532837,L,3.2803571224212646,R,1.6021182537078857,R,2.3095455169677734,L,1.994957685470581,L,2.314876079559326,Q,1.494897723197937,V,2.1072070598602295,L,2.813973903656006,L,2.764533281326294,L,2.891873598098755,L,3.340775728225708,I,1.6167231798171997,L,3.0598161220550537
612,E,2.1924999078114826,A,1.114249587059021,E,1.705356240272522,D,2.4360320568084717,E,1.3030598163604736,E,2.2515742778778076,N,2.0893611907958984,N,1.1545147895812988,G,2.70770001411438,N,3.2080814838409424,N,1.992073655128479,N,2.8837692737579346,N,2.972058057785034,N,3.1376562118530273,H,1.202105164527893,N,2.7299067974090576
613,Y,2.3024279276529946,H,2.296391010284424,H,2.468717575073242,H,3.4579851627349854,H,2.887712001800537,H,1.8998502492904663,H,1.8480186462402344,H,1.2444348335266113,H,1.974772334098816,Q,2.7584731578826904,H,2.4170725345611572,L,2.215372085571289,H,2.228533983230591,H,2.8403239250183105,C,1.6909422874450684,H,2.307819128036499
614,I,1.7015305280685424,I,1.5173364877700806,V,1.520697832107544,I,2.1390178203582764,V,1.4668890237808228,V,1.2342299222946167,I,1.6490528583526611,I,1.9067076444625854,V,1.79362154006958,V,1.981733798980713,I,2.712587833404541,I,1.308565378189087,I,1.2782421112060547,L,2.3083600997924805,I,1.3683267831802368,I,1.3375887870788574
615,K,1.6357887983322144,R,2.4923465251922607,R,1.0625752210617065,N,1.1066415309906006,R,1.604222297668457,R,1.0277013778686523,N,2.3135907649993896,N,3.2977964878082275,R,1.0969339609146118,N,1.3020626306533813,N,2.387712240219116,N,1.5136935710906982,N,1.5653927326202393,N,1.249864935874939,N,1.0343230962753296,N,1.4819746017456055
616,Y,1.7043784936269124,G,2.4356608390808105,F,1.431158423423767,A,1.5035679340362549,F,2.253814935684204,F,1.059137225151062,A,1.8682470321655273,V,1.6773207187652588,F,1.9597874879837036,A,1.2597025632858276,A,1.1217905282974243,G,1.2637301683425903,G,1.2105038166046143,V,1.5288121700286865,D,3.602261781692505,G,1.3901817798614502
617,L,1.8115601936976116,K,2.143042802810669,L,2.0788793563842773,M,1.4824873208999634,M,2.329939126968384,M,2.989074468612671,M,1.5358113050460815,M,1.6790298223495483,M,2.6096253395080566,M,1.946260690689087,M,1.4031482934951782,M,1.1765899658203125,M,1.2437763214111328,M,1.923497200012207,M,1.4944695234298706,M,1.1377713680267334
618,I,1.9765247424443564,I,2.0781285762786865,I,1.5617989301681519,I,1.239355444908142,I,1.7062873840332031,I,2.8674402236938477,I,2.1810388565063477,I,2.0500292778015137,I,2.203199863433838,V,1.6526875495910645,I,3.59749174118042,I,1.971980094909668,I,1.4671837091445923,I,1.1876933574676514,V,1.9086123704910278,I,1.97494375705719
619,S,1.920171578725179,S,2.245532512664795,G,1.9633700847625732,S,1.7865291833877563,G,2.543762683868408,R,2.1290605068206787,S,1.701484203338623,S,2.706775426864624,R,2.0887043476104736,D,1.3182952404022217,S,1.6093355417251587,E,1.5359432697296143,E,1.4062771797180176,S,1.8929593563079834,N,2.198199510574341,E,1.676344633102417
620,A,1.8165626128514607,E,2.322453737258911,E,2.294754981994629,D,1.3902400732040405,E,2.744520902633667,E,2.541534185409546,D,2.451622486114502,D,2.1705870628356934,E,1.5260292291641235,N,2.0028531551361084,D,1.0497355461120605,D,1.0841633081436157,D,1.0868093967437744,G,1.7616312503814697,N,1.7047407627105713,D,1.1167631149291992
621,T,2.126257300376892,V,1.4732015132904053,A,2.8208789825439453,V,1.0572373867034912,V,1.6684231758117676,A,3.3213095664978027,A,2.7036337852478027,A,2.9240074157714844,A,1.664283037185669,L,2.1179966926574707,V,1.6825453042984009,M,2.631498098373413,L,2.5088510513305664,V,1.5442951917648315,L,1.3538638353347778,M,2.4218344688415527
622,W,2.4347032785415648,W,5.066905975341797,W,2.3410937786102295,I,2.7910516262054443,W,2.186048746109009,W,2.36995792388916,I,2.4276180267333984,I,2.325605869293213,W,4.371376037597656,T,1.0248419046401978,I,1.486034870147705,I,1.9009846448898315,I,1.829890251159668,I,2.304121494293213,L,2.2624711990356445,I,1.8325468301773071
623,K,2.338606929779053,R,1.3393622636795044,K,3.2699241638183594,R,1.831973671913147,K,2.0435872077941895,K,4.4262542724609375,R,1.201506495475769,R,1.26287841796875,K,2.8806042671203613,K,2.559546947479248,K,1.4859923124313354,K,2.971893787384033,K,2.828301191329956,K,1.5469856262207031,K,2.558290958404541,K,2.872002363204956
624,K,2.5020508766174316,K,1.3512595891952515,E,3.5078277587890625,G,3.832750082015991,E,2.3144690990448,E,2.613764524459839,E,1.31003999710083,E,1.307064414024353,E,2.3236005306243896,E,1.6301087141036987,G,2.557513475418091,K,3.8131871223449707,K,3.808751344680786,E,2.227583885192871,E,1.1323391199111938,K,3.8005034923553467
625,M,2.104189324378967,M,1.5954670906066895,L,1.779510259628296,L,3.41609525680542,L,3.1971025466918945,L,2.0101547241210938,L,2.098893165588379,L,1.772363305091858,L,2.231030225753784,L,1.6735553741455078,L,1.8811928033828735,L,1.3968048095703125,L,1.3569482564926147,L,3.7037947177886963,L,2.048173427581787,L,1.4017539024353027
626,N,2.1378756205240887,N,4.117123603820801,N,3.1621217727661133,N,1.326451301574707,N,2.183042287826538,N,2.1273162364959717,N,1.6037951707839966,N,1.4784361124038696,N,1.7596818208694458,N,3.592158317565918,N,4.111923694610596,N,1.2813702821731567,N,1.2076053619384766,N,1.4505391120910645,N,1.3790936470031738,N,1.2874755859375
627,K,2.145253562927246,K,1.0848543643951416,T,1.7788015604019165,W,1.1663391590118408,T,3.8072097301483154,T,1.9742804765701294,W,1.854273796081543,W,1.9209476709365845,T,3.6927857398986816,W,1.5287609100341797,W,3.352458953857422,W,2.291930913925171,W,2.287243127822876,W,1.319685935974121,W,1.8201719522476196,W,2.2990591526031494
628,D,2.476568253835042,Y,1.1425886154174805,A,4.398197650909424,E,1.897641897201538,A,2.747222423553467,A,3.70024037361145,E,1.4399899244308472,E,1.3247283697128296,A,1.9978156089782715,E,1.6052247285842896,E,1.5224376916885376,E,4.000540256500244,E,3.5311038494110107,E,2.3497586250305176,E,1.4789350032806396,E,4.012098789215088
629,R,1.8368892192840576,-,,-,,L,1.7184170484542847,-,,-,,L,2.726834774017334,L,2.5667576789855957,-,,L,1.9394750595092773,L,1.3551383018493652,F,1.469130277633667,F,1.3405091762542725,L,1.558779001235962,L,2.313088893890381,F,1.380761981010437
630,A,1.7971688012282054,L,1.4705196619033813,-,,L,1.085827350616455,-,,-,,L,3.850925922393799,L,3.683703899383545,M,1.6540502309799194,L,1.5418198108673096,L,2.1992766857147217,L,0.9414139986038208,L,1.023337960243225,L,1.2711964845657349,L,1.9045122861862183,L,0.9394413232803345
631,A,1.4655742545922597,-,,M,1.5237888097763062,N,0.9763941764831543,M,1.8964780569076538,M,1.6929214000701904,-,,-,,-,,-,,K,1.7187339067459106,-,,-,,K,0.985129177570343,-,,-,
632,-,,-,,-,,-,,-,,-,,-,,-,,-,,-,,-,,-,,-,,-,,-,,-,
633,S,2.380719017982483,T,3.226637840270996,A,2.1094970703125,-,,A,1.847536325454712,A,1.886318564414978,-,,-,,A,2.8336052894592285,-,,-,,-,,-,,-,,-,,-,
634,S,2.647233247756958,-,,E,3.408005475997925,-,,E,1.9881365299224854,E,3.4484236240386963,-,,-,,E,1.7443673610687256,-,,-,,-,,-,,-,,-,,-,
635,-,,-,,-,,-,,-,,-,,-,,-,,-,,-,,-,,-,,-,,-,,-,,-,
636,-,,-,,-,,-,,-,,-,,-,,-,,-,,-,,-,,-,,-,,-,,-,,-,
637,-,,-,,-,,-,,-,,-,,-,,-,,-,,-,,-,,-,,-,,-,,-,,-,
638,-,,-,,-,,-,,-,,-,,-,,-,,-,,-,,-,,-,,-,,-,,-,,-,
639,-,1.3198899247429587,-,,P,1.7454235553741455,-,,S,1.3183778524398804,P,1.9264103174209595,R,0.9058017134666443,R,0.8451766967773438,P,1.209622859954834,R,0.9423486590385437,-,,R,1.404366135597229,R,1.2490010261535645,-,,K,1.5306499004364014,R,1.4416104555130005
640,-,1.5093460003534953,A,1.2293040752410889,D,1.2029674053192139,P,1.8548188209533691,D,1.7975410223007202,D,1.2343370914459229,P,1.630353331565857,P,1.3651728630065918,D,2.427363634109497,P,1.0968048572540283,P,1.088950276374817,P,1.5787899494171143,P,1.5101522207260132,P,1.9992711544036865,P,0.8744492530822754,P,1.7499140501022339
641,-,2.021257209777832,P,1.5227837562561035,D,1.9539951086044312,N,1.3236736059188843,D,1.3225972652435303,N,2.776787281036377,D,4.372664928436279,D,3.9301130771636963,D,2.136418104171753,D,1.5048658847808838,N,0.7363555431365967,D,1.7618428468704224,D,1.965340256690979,D,1.621140480041504,D,1.59102463722229,D,1.79925537109375
642,P,2.4591179768244427,A,2.28996205329895,H,2.2576818466186523,S,1.9764078855514526,C,1.265711784362793,C,2.2392148971557617,S,1.4001312255859375,S,2.5724213123321533,C,1.3245683908462524,S,1.9932090044021606,S,1.5004100799560547,N,3.37127685546875,N,3.472043037414551,S,1.6606338024139404,S,5.858591079711914,N,3.7045063972473145
643,F,1.8359434922536215,T,4.251043319702148,P,1.3095742464065552,S,3.557908296585083,P,1.5234544277191162,P,1.3331140279769897,K,1.4358160495758057,K,1.064949631690979,P,1.5335532426834106,G,2.160433769226074,S,1.8736220598220825,N,1.689207911491394,N,1.5195261240005493,S,1.361610770225525,N,1.613390564918518,N,1.3119479417800903
644,-,1.9100278298060098,R,1.341022253036499,F,1.3754366636276245,V,1.2522549629211426,F,3.9198217391967773,F,1.362212896347046,S,2.0517683029174805,S,2.199234962463379,F,2.760577917098999,V,1.553354024887085,V,1.3036985397338867,A,2.134751319885254,A,2.0832669734954834,V,1.0124090909957886,V,1.5391613245010376,A,2.761446475982666
645,S,1.3807339549064637,H,1.2303886413574219,T,1.1490235328674316,P,0.904146134853363,T,2.367595672607422,T,1.1423245668411255,P,1.442821741104126,P,1.8278131484985352,T,1.2313262224197388,P,0.9882454872131348,P,1.5152497291564941,P,1.0999457836151123,P,1.0992748737335205,P,0.9626448154449463,P,2.6048166751861572,P,1.1453922986984253
646,H,1.5542985479036966,K,1.2033953666687012,E,1.4689791202545166,I,0.7565264701843262,E,1.1203055381774902,E,1.6439775228500366,I,2.5310232639312744,I,1.366318941116333,E,1.5061272382736206,I,2.904668092727661,I,0.827719509601593,I,1.5384355783462524,I,1.5520224571228027,I,0.9584532976150513,I,2.598788022994995,I,1.337737798690796
647,I,2.1874292612075807,T,2.094306468963623,Q,1.6860953569412231,S,1.5325719118118286,Q,1.8207625150680542,Q,1.8411298990249634,S,1.8207117319107056,S,1.9155433177947998,Q,2.377016544342041,S,1.07180655002594,S,1.1966179609298706,S,4.39793586730957,S,4.711122035980225,S,1.8829232454299927,S,1.031204104423523,S,3.4316914081573486
648,F,2.3671191533406577,F,1.6442681550979614,G,2.3268814086914062,S,4.9751081466674805,G,3.132411479949951,T,2.3067398071289062,S,2.4379117488861084,S,1.1765998601913452,V,2.132431745529175,Y,2.723653793334961,A,1.236126184463501,S,1.2009644508361816,S,1.191304326057434,S,4.751614570617676,C,2.327503204345703,S,1.9432684183120728
649,I,2.1957004626592,N,1.4324764013290405,A,2.789724588394165,K,1.2938300371170044,A,3.7674498558044434,V,2.7685394287109375,K,1.047169804573059,K,0.955489993095398,V,3.184147834777832,K,3.8001201152801514,K,1.9096542596817017,K,2.3320658206939697,K,2.2307629585266113,K,1.7733994722366333,R,2.0137531757354736,K,1.6369231939315796
650,E,2.2530569314956663,A,1.6437243223190308,G,3.128767967224121,K,1.6782130002975464,W,1.2679425477981567,E,3.089505910873413,K,1.5064423084259033,K,1.553393006324768,E,1.1922532320022583,K,1.4668004512786865,K,4.30582857131958,K,2.9017369747161865,K,2.8098084926605225,K,2.1391611099243164,K,2.468177318572998,K,2.6440987586975098
651,I,2.019668698310852,A,2.1427762508392334,A,1.18327796459198,H,4.22885274887085,A,1.1666069030761719,A,1.1743077039718628,H,3.298602819442749,H,2.3893322944641113,A,1.486741542816162,V,1.7352428436279297,H,1.3961081504821777,H,1.3048946857452393,H,1.2977347373962402,I,4.603673458099365,A,1.5431132316589355,H,1.343765139579773
652,A,1.5889424244562784,A,1.8813178539276123,A,1.4109832048416138,V,2.0813844203948975,A,1.1355122327804565,A,1.5381308794021606,A,1.365704894065857,A,1.7481884956359863,T,1.289941430091858,A,2.8513083457946777,A,2.306553363800049,A,0.9203499555587769,A,0.9635080099105835,N,1.870232105255127,A,1.455857276916504,A,1.0151638984680176
653,L,1.9773555914560954,F,1.221433401107788,A,1.5705848932266235,F,1.6749961376190186,V,2.234697103500366,A,1.5915266275405884,F,1.3659882545471191,F,4.360323905944824,A,3.020106315612793,F,2.55252742767334,F,3.1762778759002686,F,0.9191808700561523,F,1.1143378019332886,F,1.733001708984375,F,2.037750720977783,F,1.087600827217102
654,N,1.9214774290720622,N,2.0527539253234863,N,3.147629976272583,D,1.3007540702819824,N,1.392284870147705,N,2.346510171890259,D,2.1134440898895264,D,0.9245299100875854,N,1.003105640411377,D,1.4839261770248413,D,4.015740871429443,N,1.879105567932129,N,1.8807915449142456,D,1.2703436613082886,D,1.899573564529419,N,2.1116673946380615
655,L,1.6413496176401774,L,1.818122386932373,I,1.110163927078247,I,1.5526248216629028,I,1.3164048194885254,L,1.2640389204025269,I,1.6574304103851318,I,1.219617486000061,I,1.4840407371520996,I,1.041337013244629,I,1.7944899797439575,I,2.4577455520629883,I,2.3610780239105225,I,1.594104290008545,I,1.4494826793670654,I,2.499563217163086
656,A,2.006615328788757,A,5.194732189178467,G,1.4103325605392456,S,2.1509482860565186,G,1.609847903251648,G,1.391754150390625,T,2.2280051708221436,T,2.559340476989746,G,2.6504180431365967,C,1.5386707782745361,S,1.2591361999511719,S,1.4289084672927856,S,1.3836743831634521,T,2.115293264389038,C,1.700173258781433,S,1.4779947996139526
657,R,1.953656804561615,-,,-,,R,1.586767315864563,-,,-,,R,2.069218397140503,R,1.4970967769622803,-,,R,1.914258599281311,R,1.6518582105636597,R,1.6974109411239624,R,1.7646198272705078,R,1.5832443237304688,R,4.0077433586120605,R,1.7643502950668335
658,-,,-,,-,,-,,-,,-,,-,,-,,-,,-,,-,,-,,-,,-,,-,,-,
659,-,2.188858914375305,R,1.499623417854309,R,2.696826457977295,-,,R,2.4395692348480225,R,1.9784646034240723,-,,-,,R,2.329810857772827,-,,-,,-,,-,,-,,-,,-,
660,-,,-,,-,,-,,-,,-,,-,,-,,-,,-,,-,,-,,-,,-,,-,,-,
661,-,,-,,-,,-,,-,,-,,-,,-,,-,,-,,-,,-,,-,,-,,-,,-,
662,-,,-,,-,,-,,-,,-,,-,,-,,-,,-,,-,,-,,-,,-,,-,,-,
663,-,,-,,-,,-,,-,,-,,-,,-,,-,,-,,-,,-,,-,,-,,-,,-,
664,-,,-,,-,,-,,-,,-,,-,,-,,-,,-,,-,,-,,-,,-,,-,,-,
665,-,,-,,-,,-,,-,,-,,-,,-,,-,,-,,-,,-,,-,,-,,-,,-,
666,M,2.0101665258407593,T,2.3496930599212646,A,2.11356258392334,A,2.1007986068725586,A,2.041001796722412,A,1.9210238456726074,A,2.013857364654541,A,2.094439744949341,A,2.1210601329803467,V,2.353883743286133,A,2.0619843006134033,G,1.708820104598999,G,1.7486482858657837,A,2.0577237606048584,I,1.5222364664077759,G,1.943764090538025
667,A,1.7852498451868692,S,1.1158955097198486,A,2.1585137844085693,F,1.898816466331482,A,1.4635974168777466,A,2.317854642868042,F,1.1222903728485107,F,1.6842682361602783,A,1.980456829071045,F,2.1950600147247314,F,1.3195831775665283,L,1.925646185874939,L,2.1328341960906982,F,1.9578989744186401,F,1.3409515619277954,L,2.1650803089141846
668,Q,1.7019268910090128,T,1.0977176427841187,Q,1.9318419694900513,H,1.8880692720413208,Q,2.2746803760528564,Q,1.9550142288208008,H,1.5907280445098877,H,1.1577248573303223,Q,2.3057990074157715,H,1.8445019721984863,H,1.9698203802108765,H,1.4688059091567993,H,1.4653295278549194,H,1.7371500730514526,H,1.3245095014572144,H,1.517210602760315
669,C,1.933485198020935,C,1.9701906442642212,F,2.1147074699401855,Y,1.3930174112319946,F,2.020624876022339,F,2.081547260284424,H,1.4450368881225586,H,1.7191250324249268,Y,2.089189291000366,Y,1.9133448600769043,Y,1.9339722394943237,H,1.9253041744232178,H,1.7864487171173096,Y,1.4188506603240967,H,3.323484420776367,H,1.867434024810791
670,L,2.051060501734416,V,1.292857050895691,I,1.92233145236969,E,1.6703150272369385,I,1.8858048915863037,I,1.7904549837112427,V,2.554950475692749,L,1.5669324398040771,I,1.2571502923965454,G,1.3751789331436157,G,1.861703872680664,F,3.8182129859924316,F,3.572192430496216,G,1.6985300779342651,G,1.3066420555114746,F,3.192650556564331
671,Y,2.0219712972640993,Y,1.6303731203079224,Y,1.2902958393096924,Y,3.4741926193237305,Y,2.767735004425049,Y,1.9028854370117188,Y,1.530735969543457,Y,1.1242189407348633,Y,3.2854199409484863,Y,1.912111759185791,Y,1.556513786315918,Y,1.486095905303955,Y,1.2790775299072266,Y,4.020234107971191,Y,1.5553109645843506,Y,1.5143685340881348
672,-,,-,,-,,-,,-,,-,,-,,-,,-,,-,,-,,-,,-,,-,,-,,-,
673,Q,1.6730071306228638,L,1.0458558797836304,L,2.870187282562256,K,2.186140775680542,L,1.10154128074646,L,1.3538109064102173,K,1.2544511556625366,K,1.4041639566421509,R,1.5633713006973267,K,3.14296817779541,K,1.8206217288970947,N,1.413330078125,N,1.1705420017242432,K,1.7093619108200073,K,1.5355521440505981,N,1.5232083797454834
674,H,2.143635360399882,Y,3.9149866104125977,E,1.5848807096481323,Y,1.142358660697937,E,1.40535569190979,E,3.3711493015289307,Y,2.525291919708252,Y,1.329821228981018,E,1.7858353853225708,Y,1.2078757286071777,Y,4.256678581237793,Y,1.2713295221328735,Y,1.2443770170211792,Y,1.1808027029037476,Y,4.639423847198486,Y,1.2943634986877441
675,G,2.0205724159876506,G,1.9816102981567383,G,1.8392122983932495,R,1.0875332355499268,G,1.4252383708953857,G,2.0537290573120117,R,2.3087213039398193,R,3.776001214981079,G,1.3379652500152588,R,1.0022932291030884,R,1.9883508682250977,R,2.7358510494232178,R,2.6649386882781982,R,1.1452184915542603,R,2.265958547592163,R,2.6959643363952637
676,D,1.6974909543991088,D,2.0610902309417725,D,1.1390788555145264,D,2.3829774856567383,D,1.941396713256836,D,0.988913357257843,D,0.9258869886398315,D,2.040506601333618,D,1.8123095035552979,D,0.8917757868766785,D,1.2998461723327637,D,1.3209013938903809,D,1.3129220008850098,D,2.2639455795288086,D,3.716750383377075,D,1.3640632629394531
677,G,1.5345703522364298,G,1.410271406173706,G,1.4507834911346436,G,1.00530207157135,G,1.100856900215149,G,1.5549216270446777,G,1.2536189556121826,G,1.4381320476531982,G,1.4809554815292358,G,2.396247386932373,G,1.173926830291748,G,1.921676754951477,G,1.7135491371154785,G,1.0077600479125977,G,2.171854257583618,G,1.9386988878250122
678,H,1.6870596567789713,Y,1.607103705406189,H,0.8687094449996948,Y,1.17656409740448,H,3.2477715015411377,H,1.1298515796661377,Y,3.2600347995758057,Y,0.9231342077255249,H,2.48614501953125,F,0.845028281211853,Y,2.7297604084014893,Y,1.3610448837280273,Y,1.3494051694869995,Y,1.2001821994781494,Y,1.726939082145691,Y,1.3942204713821411
679,G,2.5127574120249068,G,1.7856444120407104,A,3.305234432220459,S,1.4741675853729248,G,1.6579337120056152,A,2.7177343368530273,T,1.902392864227295,T,2.2570090293884277,-,,S,1.1941490173339844,S,1.1066192388534546,S,4.800734043121338,S,4.941950798034668,S,1.3163686990737915,G,1.87562894821167,S,4.843036651611328
680,L,2.800953277519771,V,2.6372408866882324,H,3.993826389312744,V,5.995363712310791,R,1.3827993869781494,H,2.1623077392578125,V,1.454534649848938,V,3.3349740505218506,-,,V,1.5959408283233643,V,1.3094305992126465,V,2.3720226287841797,V,3.237633228302002,V,5.847759246826172,D,1.5421581268310547,V,2.3473544120788574
681,-,,-,,-,,-,,-,,-,,-,,-,,-,,-,,-,,-,,-,,-,,-,,-,
682,-,,-,,-,,-,,-,,-,,-,,-,,-,,-,,-,,-,,-,,-,,-,,-,
683,-,,-,,-,,-,,-,,-,,-,,-,,-,,-,,-,,-,,-,,-,,-,,-,
684,G,2.82592144379249,-,,F,1.6034843921661377,A,2.2194464206695557,F,2.2657976150512695,F,4.238500118255615,S,2.504399299621582,A,1.432417392730713,-,,A,4.19022798538208,A,1.447894811630249,A,3.0716378688812256,A,3.479208469390869,S,3.341991901397705,A,3.9007277488708496,A,3.0412447452545166
685,-,,-,,-,,-,,-,,-,,-,,-,,-,,-,,-,,-,,-,,-,,-,,-,
686,-,1.6421496868133545,P,1.3180012702941895,-,,-,,-,,-,,-,,-,,G,1.9662981033325195,-,,-,,-,,-,,-,,-,,-,
687,N,2.4545486023028693,N,0.9809373021125793,-,,N,2.2161409854888916,-,,-,,N,3.787928581237793,S,1.2362242937088013,H,1.7159736156463623,S,2.424053430557251,S,6.478979587554932,S,2.0212960243225098,S,1.8702163696289062,S,3.361889123916626,T,1.4129281044006348,S,1.948015809059143
688,R,2.480964024861654,G,4.545118808746338,-,,I,2.019678831100464,-,,-,,N,1.3907560110092163,S,2.826362133026123,F,1.378046989440918,V,3.836977481842041,I,2.0802488327026367,K,1.7559767961502075,N,3.850224256515503,V,2.4296622276306152,I,1.814136028289795,K,1.8443799018859863
689,E,2.7201231718063354,K,0.916632890701294,Q,1.441550374031067,E,5.413751125335693,Q,2.749129295349121,Q,2.003765821456909,E,2.031931161880493,E,2.926360607147217,Q,1.9765827655792236,E,4.396452903747559,E,2.3879647254943848,E,1.970184564590454,E,2.0657572746276855,E,5.777799129486084,E,2.756986379623413,E,1.9869985580444336
690,T,2.240148591995239,N,1.4482825994491577,N,2.1943295001983643,T,2.424067735671997,I,2.2702367305755615,I,1.4686862230300903,T,1.2848851680755615,T,1.0325113534927368,I,2.948176145553589,I,6.331997394561768,T,2.202202558517456,T,1.4748317003250122,T,1.5957649946212769,T,3.9490015506744385,V,1.5321131944656372,T,1.4451420307159424
691,K,2.821088433265686,K,1.8696136474609375,H,2.6015241146087646,K,2.824129581451416,H,3.104067802429199,H,1.8050428628921509,K,2.7231507301330566,K,1.101404070854187,R,3.2769811153411865,K,3.8026368618011475,K,1.8551201820373535,K,4.8507184982299805,K,4.510318756103516,K,2.122857093811035,K,1.065022587776184,K,4.803738594055176
692,D,2.1214922348658245,E,1.320021152496338,Q,1.628693699836731,S,3.3487696647644043,Q,1.6758209466934204,Q,2.2847230434417725,N,1.500350832939148,N,1.3933167457580566,Q,1.3955563306808472,N,2.296145439147949,S,2.2638304233551025,D,1.7095515727996826,D,1.9216564893722534,S,3.460362434387207,N,3.9882750511169434,D,1.6353096961975098
693,R,2.0898633639017743,N,3.111382484436035,H,1.4416790008544922,L,1.6291015148162842,H,1.3272554874420166,H,1.7363303899765015,L,2.5591466426849365,L,3.0033342838287354,H,1.4064106941223145,L,4.212390899658203,L,2.245563507080078,L,1.5713521242141724,L,1.6838688850402832,L,1.8937687873840332,L,1.9687458276748657,L,1.5576199293136597
694,I,2.7572556813557942,I,4.652029991149902,L,1.4675405025482178,V,2.6265177726745605,M,2.9545435905456543,L,2.8158628940582275,V,2.2902352809906006,V,1.7765406370162964,V,4.09633207321167,V,1.8068920373916626,V,4.063015460968018,V,2.719968557357788,V,2.4986279010772705,V,1.966491460800171,V,2.844224691390991,V,2.780012369155884
695,L,2.1242585301399233,T,2.669619560241699,E,4.3632097244262695,K,4.412205696105957,E,0.9949132800102234,E,1.6039509773254395,M,1.5609123706817627,M,3.5182151794433594,R,1.0371503829956055,T,1.5967342853546143,K,1.4249331951141357,I,1.3653804063796997,I,1.4476715326309204,M,2.463096857070923,K,2.011237621307373,I,1.3946468830108643
696,S,1.5801355481147765,S,1.6185071468353271,N,0.9014330506324768,R,1.0731114149093628,N,2.3888533115386963,N,1.194735050201416,K,1.8918668031692505,K,1.7150506973266602,N,1.0451098680496216,R,2.419217348098755,R,2.803173065185547,K,1.228108525276184,K,1.234362006187439,R,1.318104863166809,R,1.6879431009292603,K,1.1824569702148438
697,L,2.1043827692667643,L,1.523093342781067,L,1.147103190422058,T,0.8467420339584351,L,1.0743229389190674,L,2.3991968631744385,T,1.4846309423446655,T,1.7112144231796265,L,1.4495149850845337,T,1.156632661819458,T,4.4134745597839355,T,3.8232662677764893,T,3.753486394882202,T,1.144775390625,T,1.2561726570129395,T,4.382114887237549
698,L,2.135668389002482,T,1.5439714193344116,F,1.9162603616714478,V,3.543649196624756,F,0.9089343547821045,F,1.1333953142166138,V,4.359818458557129,V,2.733114242553711,F,1.3140459060668945,V,0.9456048011779785,V,1.130879282951355,V,2.234626531600952,V,2.3725268840789795,L,4.035945415496826,V,1.5873708724975586,V,2.2748827934265137
699,I,2.3623428384462994,V,1.3386762142181396,F,1.2924911975860596,I,1.75283682346344,F,1.8844993114471436,F,1.4229042530059814,L,1.9052304029464722,L,5.183483600616455,F,1.926710605621338,V,4.030694484710693,I,0.9417702555656433,L,2.9797487258911133,L,3.1217164993286133,L,1.829633116722107,L,2.8459973335266113,L,2.9787497520446777
700,Q,2.5879661321640013,E,3.166706085205078,H,1.588655710220337,D,2.2116858959198,H,4.772608280181885,H,1.6410328149795532,E,1.6935474872589111,E,3.309300661087036,H,5.387527942657471,E,2.3874080181121826,D,3.6011312007904053,E,1.8767682313919067,E,1.8841862678527832,E,2.145479202270508,E,1.3194986581802368,E,1.8339555263519287
701,P,2.165179173151652,P,2.151418685913086,P,5.564611911773682,P,1.6609432697296143,P,1.6686049699783325,P,2.0154576301574707,P,2.3841938972473145,P,1.7572760581970215,P,1.440055251121521,T,2.6506242752075195,P,1.7811847925186157,P,1.914885401725769,P,1.940907597541809,P,1.9019231796264648,P,1.7648910284042358,P,1.8807096481323242
702,I,1.6786247968673706,I,1.6169813871383667,Y,1.849234938621521,V,1.3657563924789429,C,1.84470796585083,C,2.170452117919922,L,1.8198992013931274,V,1.9337626695632935,Y,1.402538776397705,V,1.8673121929168701,V,2.406292200088501,V,1.3124912977218628,V,1.359678030014038,V,1.7305241823196411,V,1.1492613554000854,V,1.350479245185852
703,P,2.145570397377014,V,1.863036870956421,V,1.5984071493148804,T,1.8378562927246094,V,3.681304693222046,V,5.104249477386475,A,1.1667828559875488,A,2.607271671295166,V,2.2300257682800293,P,1.6462109088897705,T,1.689042329788208,L,1.6119188070297241,L,1.7259210348129272,P,2.104909896850586,P,1.6420347690582275,L,1.6745834350585938
704,-,1.875922441482544,L,1.875922441482544,-,,-,,-,,-,,-,,-,,-,,-,,-,,-,,-,,-,,-,,-,
705,L,2.0609777949073096,E,1.9682568311691284,-,,L,1.3500535488128662,-,,-,,L,3.846679449081421,L,1.71065354347229,-,,L,1.4544920921325684,L,2.0587525367736816,M,1.6797938346862793,M,1.643361210823059,L,1.488543152809143,L,3.7107319831848145,M,1.7594375610351562
706,N,,-,,-,,-,,-,,-,,-,,-,,-,,-,,-,,-,,-,,-,,-,,-,
707,K,,-,,-,,-,,-,,-,,-,,-,,-,,-,,-,,-,,-,,-,,-,,-,
708,D,,-,,-,,-,,-,,-,,-,,-,,-,,-,,-,,-,,-,,-,,-,,-,
709,-,,-,,-,,-,,-,,-,,-,,-,,-,,-,,-,,-,,-,,-,,-,,-,
710,-,,-,,-,,-,,-,,-,,-,,-,,-,,-,,-,,-,,-,,-,,-,,-,
711,-,,-,,-,,-,,-,,-,,-,,-,,-,,-,,-,,-,,-,,-,,-,,-,
712,-,,-,,-,,-,,-,,-,,-,,-,,-,,-,,-,,-,,-,,-,,-,,-,
713,-,,-,,-,,-,,-,,-,,-,,-,,-,,-,,-,,-,,-,,-,,-,,-,
714,-,,-,,-,,-,,-,,-,,-,,-,,-,,-,,-,,-,,-,,-,,-,,-,
