MSA_Column,Q93X23_Residue,Mean_GAT_Attention,A0A1D6LTV0_AA,A0A1D6LTV0_GAT_ATT,E2E2N7_AA,E2E2N7_GAT_ATT,G8H5M8_AA,G8H5M8_GAT_ATT,G8H5M9_AA,G8H5M9_GAT_ATT,I7GPX8_AA,I7GPX8_GAT_ATT,Q1EG72_AA,Q1EG72_GAT_ATT,Q5GJ60_AA,Q5GJ60_GAT_ATT,R4JND9_AA,R4JND9_GAT_ATT,R4JQT5_AA,R4JQT5_GAT_ATT,R4YXW8_AA,R4YXW8_GAT_ATT,R9QMR4_AA,R9QMR4_GAT_ATT,R9QMR5_AA,R9QMR5_GAT_ATT,R9QMW3_AA,R9QMW3_GAT_ATT,T1RR71_AA,T1RR71_GAT_ATT,T1RRI8_AA,T1RRI8_GAT_ATT
1,-,,-,,-,,-,,-,,-,,-,,-,,-,,-,,-,,-,,-,,-,,-,,-,
2,-,,-,,-,,-,,-,,-,,-,,-,,-,,-,,-,,-,,-,,-,,-,,-,
3,-,,-,,-,,-,,-,,-,,-,,-,,-,,-,,-,,-,,-,,-,,-,,-,
4,-,,-,,-,,-,,-,,-,,-,,-,,-,,-,,-,,-,,-,,-,,-,,-,
5,-,,-,,-,,-,,-,,-,,-,,-,,-,,-,,-,,-,,-,,-,,-,,-,
6,-,,-,,-,,-,,-,,-,,-,,-,,-,,-,,-,,-,,-,,-,,-,,-,
7,T,1.8201376994450886,-,,-,,-,,V,1.2635005712509155,C,1.960684061050415,-,,-,,-,,-,,-,,-,,-,,-,,K,2.2362284660339355,-,
8,S,1.9432426691055298,-,,-,,S,1.7027091979980469,N,2.1410181522369385,D,1.759588360786438,-,,-,,V,2.1557109355926514,V,2.2234928607940674,-,,-,,-,,-,,P,1.3871543407440186,P,2.233024835586548
9,P,1.6265262365341187,-,,-,,A,1.5702433586120605,T,1.5558279752731323,E,1.4835765361785889,-,,-,,E,1.8700042963027954,E,1.868147850036621,-,,-,,-,,-,,L,1.6272770166397095,L,1.4106066226959229
10,D,2.3590923036847795,-,,-,,D,2.9406511783599854,T,2.641127109527588,S,2.220583200454712,-,,-,,E,2.4046056270599365,E,2.421658754348755,-,,-,,-,,-,,D,2.2336912155151367,D,1.6513290405273438
11,I,1.8986259400844574,A,1.98528254032135,-,,K,1.8133323192596436,I,1.81956946849823,V,2.1399459838867188,-,,-,,E,1.652010202407837,E,1.6643738746643066,-,,-,,-,,-,,E,1.9049150943756104,E,2.209578037261963
12,L,2.127119690179825,S,1.559119462966919,-,,S,1.7433189153671265,T,2.7067670822143555,A,2.7866275310516357,-,,-,,T,1.6967554092407227,T,1.7642790079116821,-,,-,,-,,-,,T,2.854640245437622,T,1.9054498672485352
13,R,2.0107469341971655,R,2.1277804374694824,R,1.2653518915176392,R,2.1763973236083984,R,1.6578989028930664,R,2.1244852542877197,K,1.428890347480774,K,1.4245893955230713,R,2.5671772956848145,R,2.438035726547241,-,,-,,-,,-,,R,2.041703462600708,R,2.865906238555908
14,R,1.9390770955519243,N,2.064528226852417,K,2.0038974285125732,P,1.7845284938812256,P,3.4657509326934814,R,1.4457664489746094,M,1.5500471591949463,M,1.5823400020599365,R,1.7105920314788818,R,1.6402831077575684,-,,-,,-,,-,,R,2.04339337348938,R,2.0387208461761475
15,S,2.0118361061269585,T,2.159731149673462,S,2.196143865585327,L,2.1471774578094482,L,1.6422958374023438,S,1.8721941709518433,S,2.089164972305298,S,2.0868775844573975,S,2.349689245223999,S,2.0481269359588623,-,,-,,-,,-,,S,1.512235164642334,S,2.0265607833862305
16,A,1.8777436993338845,S,1.8965225219726562,A,2.8671488761901855,A,1.0168664455413818,A,1.5169672966003418,A,2.305934429168701,P,2.5171027183532715,P,2.415545701980591,G,1.52914559841156,G,1.4032115936279297,-,,-,,-,,-,,A,1.6582579612731934,A,1.5284775495529175
17,N,1.8480260263789783,S,1.6652989387512207,K,1.4968199729919434,N,3.2238688468933105,N,1.396932601928711,N,1.5736585855484009,S,1.9291942119598389,S,1.9621623754501343,N,1.8995723724365234,N,1.8392891883850098,-,,-,,-,,-,,N,1.7140825986862183,N,1.6274065971374512
18,Y,2.287859309803356,F,2.0793793201446533,F,2.48653244972229,F,3.8460326194763184,Y,1.3059370517730713,Y,2.0203373432159424,F,2.3866281509399414,F,2.197974443435669,Y,2.03709077835083,Y,1.7023289203643799,-,,-,,-,,-,,Y,3.4449217319488525,Y,1.6592895984649658
19,Q,2.494240403175354,E,2.7325973510742188,H,1.6608831882476807,S,2.5664453506469727,H,3.424360513687134,E,1.542088270187378,H,2.169638156890869,H,2.788538932800293,Q,1.731605887413025,Q,3.537588596343994,-,,-,,-,,-,,Q,1.808142900466919,Q,3.47475528717041
20,P,2.083758581768383,P,2.1499996185302734,P,1.5188138484954834,P,1.3583762645721436,S,3.6325979232788086,P,2.2997865676879883,P,2.2402610778808594,P,2.099966526031494,A,2.359034299850464,A,2.0091159343719482,-,,-,,-,,-,,P,1.4510771036148071,P,1.8023152351379395
21,S,2.2111328623511572,S,1.7652559280395508,S,3.2243003845214844,T,3.030238389968872,S,3.3044521808624268,P,2.2791669368743896,T,2.551003932952881,T,2.219120502471924,S,1.6149189472198486,S,1.3153327703475952,-,,-,,-,,-,,S,1.5829408168792725,S,1.4357306957244873
22,I,1.6862520521337336,I,1.9088882207870483,I,1.6358842849731445,V,1.3532127141952515,V,1.6703013181686401,I,2.1757729053497314,L,1.5145525932312012,L,1.3694212436676025,I,1.7637319564819336,I,1.569730281829834,-,,-,,-,,-,,A,1.961287260055542,A,1.6259897947311401
23,W,1.9202635179866443,W,1.6460927724838257,W,1.7002012729644775,W,1.3071646690368652,W,2.5049686431884766,W,1.6363884210586548,W,1.7981250286102295,W,1.8862606287002563,W,2.0707952976226807,W,1.9878909587860107,-,,-,,-,,-,,W,2.6150662899017334,W,1.969944715499878
24,N,2.245280233296481,G,1.8867067098617554,G,2.1260948181152344,G,2.4520211219787598,G,1.833953619003296,T,2.607368230819702,G,1.8160721063613892,G,1.8751126527786255,D,2.622622489929199,D,2.551149368286133,-,,-,,-,,-,,D,2.32039475440979,D,2.6065866947174072
25,H,2.1708498651331123,D,2.563230514526367,D,1.308088779449463,Y,3.122861623764038,N,1.7476699352264404,Y,2.2277257442474365,D,2.722177743911743,D,2.7462501525878906,N,1.674797534942627,N,1.7280558347702026,-,,-,,-,,-,,F,1.65866219997406,F,2.379828453063965
26,D,2.0265563401308926,F,2.2950961589813232,F,1.8170151710510254,H,1.3767892122268677,Y,1.4305541515350342,D,2.2703351974487305,F,1.515152931213379,F,1.530825138092041,A,2.838085889816284,A,3.4255146980285645,-,,-,,-,,-,,N,2.144951105117798,N,1.647800087928772
27,Y,1.8058224808086047,F,1.836518406867981,F,2.030122756958008,F,2.4644315242767334,F,1.1833086013793945,Y,1.9641612768173218,F,1.505150318145752,F,1.5383751392364502,F,1.585801362991333,F,1.4554107189178467,-,,-,,-,,-,,F,2.1662652492523193,F,2.1345019340515137
28,I,1.591301972215826,L,1.5583457946777344,L,1.4317777156829834,L,1.2359392642974854,L,1.325100064277649,V,1.3247238397598267,L,1.7192103862762451,L,1.62203049659729,I,1.6890653371810913,I,1.450050711631775,-,,-,,-,,-,,I,1.99435555934906,I,2.1537225246429443
29,E,2.1283970312638716,T,1.9898544549942017,S,3.0997567176818848,S,2.7327139377593994,S,2.5003538131713867,Q,2.202876329421997,S,1.8025118112564087,S,1.6127703189849854,Q,1.682340383529663,Q,1.9418790340423584,-,,-,,-,,-,,Q,1.8745901584625244,Q,1.9727203845977783
30,S,1.9495565132661299,Y,2.1809322834014893,Y,1.6490750312805176,Y,1.771040916442871,Y,1.2918072938919067,S,1.4516513347625732,Y,2.3930411338806152,Y,2.281968116760254,S,2.4109864234924316,S,2.2591333389282227,-,,-,,-,,-,,S,1.9688043594360352,S,1.7866814136505127
31,L,2.0095553398132324,S,1.9414308071136475,N,2.0179481506347656,T,1.315829873085022,T,4.294428825378418,L,1.6056632995605469,E,1.564921259880066,E,1.5562071800231934,F,2.0128486156463623,F,1.904675841331482,-,,-,,-,,-,,L,1.9735980033874512,L,1.917556881904602
32,R,1.9972309112548827,S,1.7161359786987305,S,1.9323127269744873,P,2.0082082748413086,P,2.502793788909912,R,1.9403892755508423,-,,A,2.1867148876190186,N,1.7393877506256104,N,1.85200035572052,-,,-,,-,,-,,H,1.8611624240875244,H,2.233203649520874
33,I,1.935852289199829,P,2.1124277114868164,D,2.8470206260681152,E,0.9542583227157593,Q,1.331168293952942,N,2.7309393882751465,-,,-,,-,,-,,-,,-,,-,,-,,N,1.8399345874786377,N,1.7352170944213867
34,E,1.81047622859478,L,1.7591159343719482,N,2.2733030319213867,-,,L,1.677904486656189,P,2.1790947914123535,-,,-,,T,1.547752857208252,T,1.647080659866333,-,,-,,-,,-,,Q,1.6442903280258179,Q,1.7552677392959595
35,Y,1.7642463445663452,A,1.8646204471588135,T,1.0746958255767822,-,,T,0.9253462553024292,Y,2.308871030807495,A,2.3708901405334473,-,,N,1.7188940048217773,N,2.086406707763672,-,,-,,-,,-,,-,,-,
36,-,2.5770294533835516,T,2.356074333190918,Q,1.7991821765899658,-,,E,2.7882299423217773,-,,P,3.3756067752838135,P,3.391723155975342,K,2.74165678024292,K,2.579033374786377,-,,-,,-,,-,,Y,2.297091484069824,Y,1.8646670579910278
37,V,2.0852449337641397,S,2.434231996536255,I,1.6850582361221313,I,2.860153913497925,T,2.2856366634368896,-,,T,1.692739486694336,T,1.5536493062973022,-,,-,,-,,-,,-,,-,,-,,-,
38,-,2.590213865041733,S,2.159867525100708,S,1.3160494565963745,-,,-,,-,,E,3.5286240577697754,E,3.3563144207000732,-,,-,,-,,-,,-,,-,,-,,-,
39,-,1.5340134859085084,A,1.7816424369812012,-,,-,,-,,-,,A,0.9342901110649109,A,0.8369976878166199,Y,2.0205202102661133,Y,2.0966169834136963,-,,-,,-,,-,,-,,-,
40,-,2.0525297820568085,Q,1.7786589860916138,-,,-,,-,,A,2.1294920444488525,Q,1.5648300647735596,Q,1.408598780632019,R,2.86095929145813,R,2.228980541229248,-,,-,,-,,-,,K,2.206881284713745,K,2.2418372631073
41,G,2.2239645600318907,K,2.4578065872192383,-,,S,3.2696688175201416,S,1.474782943725586,G,1.9034568071365356,E,2.5511515140533447,E,2.703951120376587,D,1.681622862815857,D,1.5858811140060425,-,,-,,-,,-,,E,2.4259774684906006,E,2.1853463649749756
42,E,2.082862518050454,A,1.6714186668395996,E,2.4189960956573486,S,3.0417582988739014,S,1.1069772243499756,G,1.706583023071289,A,2.4099788665771484,A,2.310776948928833,E,2.121568202972412,E,1.6077085733413696,-,,-,,-,,-,,D,1.971337080001831,D,2.544384717941284
43,T,2.1536643396724355,R,1.8406946659088135,A,2.4109668731689453,Q,1.7321066856384277,Q,3.276256799697876,S,1.4419997930526733,E,3.2051916122436523,Q,2.832770824432373,K,1.707687258720398,K,2.0188496112823486,-,,-,,-,,-,,K,1.369291067123413,K,1.8544925451278687
44,C,1.884151122786782,M,1.6733534336090088,E,1.3857619762420654,E,2.1936655044555664,E,2.995349168777466,Y,1.5846284627914429,M,2.136425256729126,M,1.9550634622573853,H,1.776344656944275,H,1.9752051830291748,-,,-,,-,,-,,Y,1.445335030555725,Y,1.6045302152633667
45,T,2.1332313319047294,V,2.24467396736145,E,1.2271852493286133,K,1.1880007982254028,K,2.5312626361846924,A,3.5947587490081787,R,2.40421462059021,R,2.511038303375244,L,1.6291754245758057,L,1.7558503150939941,-,,L,2.0886223316192627,-,,-,,V,2.688974380493164,V,1.7350192070007324
46,R,1.9194076657295227,H,1.7106932401657104,E,2.6134369373321533,H,1.4107171297073364,R,2.1776227951049805,K,1.9805257320404053,Q,1.3652915954589844,E,1.3979806900024414,N,2.225996494293213,N,2.275062084197998,-,,E,1.8201467990875244,-,,-,,T,2.057778835296631,T,1.9976396560668945
47,Q,1.771106203397115,R,2.492241621017456,E,1.5567491054534912,E,1.3718605041503906,E,1.20181405544281,R,1.5899763107299805,R,1.5295833349227905,K,1.4413690567016602,R,1.9798986911773682,R,1.9920239448547363,-,,R,2.451502799987793,-,,-,,R,1.430070161819458,R,2.2161848545074463
48,I,2.033609310785929,A,1.7956013679504395,V,1.5217567682266235,V,4.263667583465576,L,1.229119896888733,I,1.8125224113464355,A,1.502449870109558,A,1.4731554985046387,K,1.9097980260849,K,1.940753698348999,-,,A,1.9882949590682983,-,,-,,H,3.1463732719421387,H,1.819818377494812
49,N,1.7642483313878377,E,2.517788887023926,A,1.476500391960144,D,1.8923393487930298,E,1.2449954748153687,E,1.4273838996887207,E,1.7212305068969727,A,1.6076858043670654,E,1.8354500532150269,E,1.8386640548706055,-,,D,1.7335902452468872,-,,-,,T,1.586307168006897,T,2.289044141769409
50,V,2.066305092402867,Q,1.5013638734817505,K,1.7022963762283325,E,1.5460056066513062,E,4.8966264724731445,K,2.221909523010254,V,1.6599539518356323,V,1.4758867025375366,E,2.066267490386963,E,2.103721857070923,-,,T,1.8090811967849731,R,2.180506944656372,T,2.035719871520996,E,1.814150094985962,E,1.9147813320159912
51,L,1.913126528263092,L,1.5886180400848389,Q,2.5154263973236084,L,2.016998052597046,L,1.8374241590499878,L,1.603872299194336,L,1.4337117671966553,L,1.4992438554763794,L,2.2386856079101562,L,2.251317024230957,-,,L,1.5336918830871582,L,2.0681087970733643,L,1.9416232109069824,L,2.350429058074951,L,1.9046212434768677
52,K,2.1631999611854553,K,2.0868711471557617,K,1.3094592094421387,K,2.166494131088257,K,1.7200373411178589,K,2.769439697265625,R,2.8589236736297607,K,2.3606460094451904,I,2.080507755279541,I,2.000943899154663,-,,V,1.9153764247894287,I,1.9762883186340332,V,2.388547897338867,T,2.4253385066986084,T,2.2259254455566406
53,E,2.101800194808415,K,1.7913367748260498,E,3.096932888031006,E,1.468250036239624,E,1.8180359601974487,G,1.6433683633804321,E,2.3746323585510254,E,2.372211456298828,A,2.4373037815093994,A,2.506547451019287,-,,E,2.3508057594299316,S,1.832478642463684,E,1.7698919773101807,A,1.495605230331421,A,2.467802047729492
54,Q,2.0530577103296914,Q,2.323723077774048,A,4.243044376373291,I,1.3239686489105225,K,2.5040981769561768,D,1.8330975770950317,E,2.5018489360809326,E,2.1005005836486816,Q,2.2936272621154785,Q,2.2066409587860107,R,1.316419005393982,A,1.9859305620193481,E,1.5246131420135498,A,1.526340365409851,Q,1.5729488134384155,Q,1.5390641689300537
55,V,1.995857102530343,V,2.9771595001220703,V,1.1497238874435425,F,2.0805885791778564,V,1.6605411767959595,V,1.564911127090454,V,2.6390295028686523,V,2.7000229358673096,V,2.2153372764587402,V,2.187908411026001,-,,I,2.270040273666382,V,1.7274600267410278,I,1.7716615200042725,V,1.4189320802688599,V,1.5786831378936768
56,R,1.9598040898640952,A,1.982574224472046,R,1.8180047273635864,R,2.1726157665252686,R,1.381827712059021,R,2.953880548477173,R,2.29895281791687,R,2.2782793045043945,K,1.6370562314987183,K,1.6794846057891846,S,1.4712014198303223,K,1.9314929246902466,K,2.237506866455078,K,2.228614330291748,K,1.8785730600357056,K,1.446996808052063
57,M,1.8446794907251993,K,1.4256325960159302,E,3.122955083847046,K,1.3571096658706665,Q,1.9207290410995483,V,1.6625161170959473,N,1.5220084190368652,N,1.572035789489746,V,1.3250823020935059,V,1.490947961807251,A,2.632575750350952,D,1.7397915124893188,E,2.063814878463745,D,1.943677544593811,M,2.0488195419311523,M,1.8424961566925049
58,M,2.0223952770233153,L,1.5878852605819702,L,1.9570671319961548,M,1.1472810506820679,M,1.9176894426345825,M,2.2170326709747314,M,1.7458246946334839,M,1.7264344692230225,L,1.6843831539154053,L,1.7991853952407837,M,2.293286085128784,R,2.6311309337615967,M,2.649669647216797,R,2.354888439178467,L,2.5478103160858154,L,2.0763604640960693
59,L,1.9500966866811116,I,1.416755199432373,L,1.7873756885528564,L,1.8674395084381104,L,1.4782267808914185,L,1.5857222080230713,I,2.616265058517456,I,2.594186305999756,L,1.7569019794464111,L,1.6991931200027466,L,1.9645154476165771,F,2.088933229446411,F,2.0803325176239014,F,1.9182782173156738,L,1.8809125423431396,L,2.5164124965667725
60,H,2.2890153805414837,A,2.1549429893493652,A,1.9274942874908447,V,4.404618740081787,V,1.5747756958007812,Q,1.8819934129714966,K,2.774089813232422,K,3.0360207557678223,N,2.153778076171875,N,1.8811806440353394,D,2.722365379333496,N,2.4742016792297363,T,1.6734492778778076,N,1.7489129304885864,E,2.0381500720977783,E,1.8892569541931152
61,K,2.0610806809531317,A,3.2550013065338135,Q,1.0870798826217651,-,,E,2.141871929168701,K,2.092609405517578,G,1.9110456705093384,G,1.834986686706543,-,,-,,-,,S,1.5197588205337524,E,2.1322507858276367,S,2.5751216411590576,-,,-,
62,V,2.0489821791648866,S,2.32483172416687,V,1.3314785957336426,E,1.6814656257629395,T,3.4931552410125732,L,2.9882495403289795,S,1.6533119678497314,S,1.5946098566055298,-,,-,,-,,M,1.8368120193481445,I,1.4938876628875732,M,2.092019557952881,-,,-,
63,-,2.1069140434265137,-,,-,,-,,-,,V,2.2932534217834473,-,,-,,-,,-,,-,,G,1.5729920864105225,-,,G,2.4544966220855713,-,,-,
64,-,2.0932474533716836,-,,-,,-,,-,,D,2.95560359954834,-,,-,,-,,-,,-,,V,1.7720272541046143,-,,V,1.5521115064620972,-,,-,
65,-,1.6719470024108887,-,,-,,-,,-,,L,1.0770565271377563,-,,-,,-,,-,,-,,D,1.8316333293914795,E,1.9254207611083984,D,1.8536773920059204,-,,-,
66,-,,-,,-,,-,,-,,-,,-,,-,,-,,-,,-,,-,,-,,-,,-,,-,
67,-,,-,,-,,-,,-,,-,,-,,-,,-,,-,,-,,-,,-,,-,,-,,-,
68,-,1.7070283591747284,-,,-,,-,,P,1.5103299617767334,-,,-,,-,,-,,-,,-,,D,1.9952044486999512,D,1.7206836938858032,D,1.6018953323364258,-,,-,
69,-,2.319869577884674,-,,-,,-,,D,2.295679807662964,-,,-,,-,,-,,-,,-,,G,2.9643001556396484,G,2.2178890705108643,G,1.8016092777252197,-,,-,
70,-,2.0999870002269745,-,,-,,-,,N,2.132382392883301,-,,-,,-,,-,,-,,-,,E,2.018519878387451,L,2.446178436279297,E,1.8028672933578491,-,,-,
71,-,1.9633171955744426,-,,-,,-,,-,,-,,-,,-,,-,,-,,-,,R,1.858815312385559,S,2.007611036300659,R,2.0235252380371094,-,,-,
72,-,2.266273538271586,-,,-,,-,,-,,-,,-,,-,,-,,-,,Q,2.198922634124756,M,2.112696647644043,I,2.244961977005005,M,2.888734817504883,E,2.0664103031158447,E,2.0859148502349854
73,-,1.8096245129903157,-,,-,,-,,-,,-,,-,,-,,-,,-,,-,,S,1.4498196840286255,T,1.9259744882583618,S,2.05307936668396,-,,-,
74,-,,-,,-,,-,,-,,-,,-,,-,,-,,-,,-,,-,,-,,-,,-,,-,
75,-,2.0376876990000405,G,2.178330421447754,P,1.6928597688674927,T,2.923485517501831,-,,-,,-,,H,1.7273802757263184,T,2.153367042541504,T,2.0444753170013428,-,,P,1.6665287017822266,P,2.117288827896118,P,1.8354734182357788,-,,-,
76,-,2.1246060132980347,A,1.3856005668640137,E,4.535068035125732,C,2.3037524223327637,-,,-,,-,,D,1.5562348365783691,K,1.9315091371536255,K,1.9829603433609009,E,2.197112560272217,L,2.06295108795166,L,1.7634652853012085,L,2.151986837387085,E,1.4790312051773071,E,2.145599842071533
77,V,2.081021473957942,C,1.9119356870651245,G,1.8698097467422485,D,2.5854156017303467,-,,-,,H,1.742398738861084,V,1.6084284782409668,M,2.2121694087982178,M,2.30422306060791,M,1.8126925230026245,T,2.357509136199951,N,2.0160844326019287,T,1.4658958911895752,T,3.401665687561035,T,1.7650507688522339
78,N,1.9050742112673247,S,1.7846903800964355,S,1.6648319959640503,N,2.024338722229004,-,,D,1.4908649921417236,D,1.5360287427902222,-,,E,2.524364471435547,E,2.1484367847442627,N,1.5136394500732422,D,2.0915634632110596,D,1.645869255065918,D,1.6803765296936035,D,1.8334112167358398,D,2.8275487422943115
79,P,2.04436947618212,L,1.98722243309021,T,1.9752966165542603,S,2.8908755779266357,S,2.6184182167053223,P,1.5976512432098389,V,1.250683069229126,-,,A,2.18070650100708,A,2.394876003265381,V,1.7751133441925049,L,1.9205403327941895,L,1.862865686416626,L,2.044020652770996,A,2.174941301345825,A,1.947961688041687
80,L,2.011987362589155,Y,1.8715466260910034,-,,T,1.817190170288086,T,1.8776787519454956,L,2.5252699851989746,P,2.878599166870117,P,2.422067165374756,V,1.5277142524719238,V,1.8906729221343994,V,1.3527954816818237,Y,1.802482008934021,L,1.7219854593276978,Y,2.3599231243133545,V,1.369360089302063,V,2.750537872314453
81,E,2.178977680206299,H,1.87589693069458,Y,1.8228864669799805,Q,2.0983145236968994,Q,2.7886996269226074,H,1.7400470972061157,E,1.8472957611083984,E,1.7534706592559814,K,2.458085775375366,K,2.0478625297546387,N,2.3836896419525146,Q,3.1549055576324463,S,2.0684738159179688,Q,2.1282873153686523,Q,3.072922706604004,Q,1.4438267946243286
82,Q,1.9129864772160847,R,1.9178060293197632,K,1.509577751159668,K,2.5763044357299805,K,1.5904972553253174,Q,1.931238055229187,I,2.216797351837158,I,1.5630658864974976,Q,1.5768706798553467,Q,1.4939005374908447,L,2.075061559677124,R,1.5927008390426636,R,2.271804094314575,R,1.8709670305252075,Q,1.866908073425293,Q,2.6412975788116455
83,L,1.770676064491272,I,2.113921880722046,M,1.5838476419448853,L,1.2746150493621826,L,2.2448084354400635,L,1.6477528810501099,V,1.2012033462524414,V,1.1945651769638062,L,1.5637913942337036,L,2.0251214504241943,L,3.2903780937194824,L,1.7280186414718628,L,1.6395636796951294,L,1.7177561521530151,L,1.6376538276672363,L,1.697143316268921
84,E,2.045550727844238,H,1.6892956495285034,E,1.8127248287200928,V,1.2833797931671143,V,2.9203178882598877,E,2.360128879547119,D,1.982874870300293,D,2.1055908203125,E,2.1988165378570557,E,1.7037874460220337,E,1.9157742261886597,W,1.829336166381836,S,2.909116506576538,W,3.1687941551208496,D,1.3758528232574463,D,1.427470326423645
85,L,1.993038781483968,L,2.7268643379211426,L,1.8300918340682983,L,1.6731442213058472,L,1.2465214729309082,F,2.5122156143188477,L,1.597203016281128,L,1.6936120986938477,L,2.74552583694458,L,2.5063908100128174,L,1.506248950958252,M,2.0768961906433105,M,1.7938331365585327,M,1.5377196073532104,L,2.9662015438079834,L,1.4831130504608154
86,I,1.9519863923390706,V,1.7798839807510376,I,1.8166061639785767,I,2.471078634262085,I,1.3715471029281616,I,2.1409714221954346,I,1.1731252670288086,I,1.4099383354187012,I,2.7009265422821045,I,2.34578800201416,I,1.4267419576644897,V,1.6049818992614746,V,1.8815019130706787,V,1.7803764343261719,I,2.39467453956604,I,2.9816536903381348
87,E,1.9760362227757773,D,2.0919532775878906,D,1.9627742767333984,D,1.7663275003433228,D,1.6629494428634644,D,1.785200834274292,I,1.8923786878585815,I,1.918349027633667,D,2.262169361114502,D,2.3219316005706787,D,1.4644445180892944,D,2.1779255867004395,D,1.987139105796814,D,1.881662130355835,E,2.304149866104126,E,2.1611881256103516
88,I,2.0759119908014934,A,1.5500611066818237,L,2.2304747104644775,T,1.6267616748809814,T,3.0465378761291504,T,2.179732084274292,T,1.4686635732650757,T,1.7718474864959717,D,1.7192178964614868,D,2.19490385055542,N,2.3475046157836914,S,1.9977136850357056,S,2.3836467266082764,S,2.1601316928863525,D,1.9534612894058228,D,2.508021593093872
89,L,2.083536672592163,L,2.6793458461761475,I,3.0974464416503906,I,1.3423073291778564,I,1.829667091369629,L,1.1656559705734253,L,3.6520485877990723,L,3.414328098297119,L,1.8878587484359741,L,1.2757055759429932,L,1.607277750968933,V,2.359893321990967,I,2.045639991760254,V,1.6192790269851685,L,1.3277554512023926,L,1.948840856552124
90,Q,2.119595483938853,E,1.824946403503418,Q,1.9159342050552368,Q,2.691882371902466,Q,1.5622804164886475,Q,2.68690824508667,Q,4.548548221588135,Q,4.421108245849609,R,1.207595705986023,R,0.9428383708000183,Q,1.5545748472213745,E,1.6772888898849487,E,1.8768565654754639,E,2.130998373031616,K,1.4159129858016968,K,1.3362584114074707
91,R,1.8320664564768474,R,1.9320400953292847,R,1.6332682371139526,R,1.3919856548309326,R,1.3660892248153687,R,2.5005712509155273,R,2.205752372741699,R,1.9795795679092407,N,1.5730094909667969,N,1.975034236907959,R,1.2699731588363647,R,2.0137898921966553,R,2.36629056930542,R,2.06520938873291,N,1.931313395500183,N,1.277090311050415
92,L,1.9873644193013509,L,2.9114389419555664,L,2.7693517208099365,L,2.2590694427490234,L,2.644810199737549,L,1.5323677062988281,L,1.6592193841934204,L,1.621994972229004,L,1.5134450197219849,L,1.719713568687439,L,1.6704164743423462,L,2.333812713623047,L,1.6918540000915527,L,2.058260917663574,L,1.4786157608032227,L,1.9460954666137695
93,G,1.916457430521647,C,1.5930382013320923,G,1.8818131685256958,G,1.3767945766448975,G,1.3829900026321411,G,1.1060807704925537,N,1.5620025396347046,N,1.5139093399047852,G,1.4681415557861328,G,4.89245080947876,G,1.6685305833816528,G,2.673851490020752,G,2.5045511722564697,G,2.2025856971740723,G,1.4069851636886597,G,1.513136386871338
94,L,1.9907480637232462,L,1.4760879278182983,V,1.5213291645050049,V,1.969578742980957,V,2.085637092590332,V,3.001166343688965,L,1.4201487302780151,L,1.4701446294784546,L,1.507870078086853,L,1.260998010635376,L,3.6891236305236816,I,1.773505449295044,V,1.8190457820892334,I,1.7934846878051758,I,3.803105354309082,I,1.2699953317642212
95,S,2.0319506963094076,D,1.8606103658676147,N,2.544687509536743,A,1.92734956741333,A,1.5278996229171753,S,1.9127004146575928,D,1.2457536458969116,D,1.2220767736434937,T,2.9363949298858643,T,1.5109262466430664,S,2.7215688228607178,D,1.6784288883209229,D,1.6762645244598389,D,2.3404898643493652,N,1.5389485359191895,N,3.835160732269287
96,Y,1.929649782180786,Y,1.9384678602218628,Y,1.8340365886688232,Y,1.9464225769042969,Y,1.8290077447891235,Y,2.358654499053955,Y,1.5849958658218384,Y,1.6657092571258545,Y,1.903503656387329,Y,2.188877582550049,Y,1.2780179977416992,R,2.234062433242798,R,1.7471551895141602,R,2.4423532485961914,Y,2.4448060989379883,Y,1.5486761331558228
97,H,1.7896165132522583,L,2.113473892211914,H,2.4106252193450928,H,1.8272663354873657,H,1.7809103727340698,H,1.3073855638504028,H,1.4504635334014893,H,1.479657530784607,Y,1.469065546989441,Y,1.6035747528076172,H,1.5856300592422485,H,1.5297609567642212,H,1.9384115934371948,H,1.7448238134384155,L,2.1650519371032715,L,2.4381465911865234
98,F,1.8195526361465455,F,1.8737848997116089,F,1.6077275276184082,F,2.5348875522613525,F,1.9734320640563965,Y,1.5547714233398438,Y,1.3188750743865967,Y,1.2701880931854248,F,3.8620312213897705,F,1.19843590259552,F,1.3811575174331665,F,1.6415199041366577,F,2.1093809604644775,F,1.6171464920043945,F,1.209476113319397,F,2.140474796295166
99,E,1.714897052447001,E,2.31266188621521,E,1.1669061183929443,D,1.4816234111785889,E,1.8815958499908447,Q,1.8989371061325073,E,1.240757703781128,E,1.282802939414978,Q,1.6443607807159424,Q,1.421773910522461,E,2.629389524459839,Q,1.5705499649047852,K,2.1421315670013428,Q,2.353217840194702,K,1.5542500019073486,K,1.142497181892395
100,E,2.471557315190633,D,1.865019679069519,K,1.0732300281524658,N,1.4100337028503418,N,2.375563621520996,E,3.798811912536621,D,4.854281425476074,D,4.733839511871338,D,1.95075261592865,D,2.894761800765991,D,2.6834769248962402,N,2.2451884746551514,M,2.5878806114196777,N,1.5602346658706665,D,1.5696016550064087,D,1.4706830978393555
101,E,2.0072393735249836,E,1.8228495121002197,E,3.212453842163086,E,1.3978819847106934,H,1.4244498014450073,G,1.222873568534851,E,2.4304542541503906,E,2.459477186203003,E,2.7710299491882324,E,2.1519775390625,K,2.0098679065704346,E,2.2173213958740234,E,1.5845403671264648,E,1.4689232110977173,K,2.2752625942230225,K,1.6592274904251099
102,I,1.8941247463226318,I,1.8876765966415405,I,3.139718770980835,I,1.5080028772354126,I,1.3089598417282104,I,2.545506000518799,I,1.5415982007980347,I,1.495697021484375,F,1.6605818271636963,F,2.2997610569000244,I,3.31642484664917,I,1.442126989364624,I,1.5615626573562622,I,1.3413420915603638,I,1.1571216583251953,I,2.2057907581329346
103,K,1.8630910396575928,N,1.7078830003738403,H,1.5320031642913818,E,1.5712774991989136,K,1.5160118341445923,K,2.144779920578003,N,1.275593876838684,N,1.2774786949157715,K,3.052159309387207,K,1.9190177917480469,R,2.182218074798584,K,2.196000576019287,K,2.078953266143799,K,2.380852699279785,Q,2.0205395221710205,Q,1.0915963649749756
104,R,1.7234765450159708,D,1.7781957387924194,D,1.1492029428482056,T,1.5324749946594238,I,1.4943592548370361,G,1.710724949836731,E,1.218756914138794,E,1.2178674936294556,K,2.331718921661377,K,2.4882864952087402,S,2.2662386894226074,S,1.4937453269958496,S,1.4455314874649048,S,1.5503263473510742,Q,2.1605916023254395,Q,2.014127016067505
105,I,2.2439045906066895,M,1.8030037879943848,S,1.3167290687561035,S,1.8955214023590088,S,2.674071788787842,I,1.0609824657440186,K,2.1559109687805176,K,2.164309024810791,I,1.6561511754989624,I,3.916553497314453,I,1.392507791519165,A,4.21989631652832,A,1.6448546648025513,A,1.5424180030822754,I,4.112957000732422,I,2.1027019023895264
106,L,1.9055338859558106,V,1.8688135147094727,L,2.777519464492798,I,1.9323081970214844,I,2.2235233783721924,L,1.1764395236968994,L,1.0652673244476318,L,1.0730873346328735,L,2.2794666290283203,L,1.6307228803634644,L,1.5574175119400024,L,2.474620819091797,L,1.5723159313201904,L,1.652882695198059,L,1.1970868110656738,L,4.101536273956299
107,D,1.7911806146303813,T,1.4904143810272217,N,1.263179898262024,Q,2.851153612136841,Q,1.8753257989883423,D,3.42535138130188,A,1.1435867547988892,T,1.1182087659835815,T,1.9408259391784668,T,0.9716129899024963,S,2.302651882171631,D,1.482068657875061,D,1.759913444519043,D,2.2245969772338867,N,1.8205182552337646,N,1.1983004808425903
108,G,2.2061243534088133,Q,2.550480842590332,Y,1.9729790687561035,N,1.978175401687622,N,1.859723448753357,T,1.6920702457427979,V,1.988521695137024,V,2.0800561904907227,C,1.266942024230957,C,1.7544615268707275,G,2.2551493644714355,Y,1.5391316413879395,Y,1.9245543479919434,Y,5.276264190673828,H,3.124387502670288,H,1.828967809677124
109,V,2.245352061589559,I,5.569250106811523,I,1.5813227891921997,I,1.3472909927368164,I,1.767683506011963,V,1.6091114282608032,V,1.5376770496368408,V,1.5482326745986938,I,2.5092196464538574,I,2.8511295318603516,I,1.9023478031158447,V,1.5712413787841797,V,3.437875986099243,V,1.487125039100647,I,1.8527555465698242,I,3.1080174446105957
110,Y,2.0938064796583995,H,2.394866704940796,H,1.9024076461791992,F,1.9357385635375977,F,1.3573909997940063,Y,3.1959667205810547,-,,Y,1.594293236732483,Y,4.018723487854004,Y,2.060183525085449,Y,1.6513843536376953,F,1.4793260097503662,H,2.5578532218933105,F,1.5202395915985107,Y,1.7923847436904907,Y,1.852531909942627
111,-,1.9957633018493652,-,,-,,-,,-,,-,,-,,-,,-,,-,,-,,S,2.7267775535583496,-,,R,1.2647490501403809,-,,-,
112,-,1.1220396757125854,-,,-,,-,,-,,-,,-,,-,,-,,-,,-,,-,,-,,Y,1.1220396757125854,-,,-,
113,-,1.776301383972168,-,,-,,-,,-,,-,,-,,-,,-,,-,,-,,-,,-,,F,1.776301383972168,-,,-,
114,-,2.9119160175323486,-,,-,,-,,-,,-,,-,,-,,-,,-,,-,,-,,-,,A,2.9119160175323486,-,,-,
115,N,1.7790365351570978,-,,-,,D,1.535862684249878,D,1.3769546747207642,N,1.6720812320709229,-,,-,,N,1.6132550239562988,N,2.05064058303833,N,1.3992589712142944,-,,-,,S,1.908332347869873,N,2.657836675643921,N,1.7971066236495972
116,N,3.1054436922073365,-,,-,,A,5.054980754852295,E,1.9076695442199707,N,3.5727975368499756,-,,-,,D,1.6060948371887207,D,3.248875379562378,T,2.9745330810546875,-,,R,2.6430137157440186,S,5.161235332489014,Q,2.230356454849243,Q,2.6548802852630615
117,D,1.6887346267700196,-,,-,,S,1.8010070323944092,F,1.711938500404358,-,,-,,-,,-,,-,,-,,Y,1.6121984720230103,Y,1.7887091636657715,Y,1.5298199653625488,-,,-,
118,H,2.2784867617819042,-,,-,,K,1.8118534088134766,E,4.79129695892334,-,,-,,-,,H,1.7912405729293823,H,1.9357130527496338,-,,W,3.60783314704895,W,1.9117343425750732,W,0.9786081910133362,H,1.4505363702774048,H,2.227564811706543
119,G,1.5655718114640977,-,,-,,Q,1.6322365999221802,K,1.5926917791366577,-,,-,,-,,K,1.2514612674713135,K,1.6279195547103882,-,,K,1.835118055343628,S,1.465768814086914,K,2.004580020904541,R,1.2241829633712769,R,1.4561872482299805
120,G,1.548948089281718,-,,-,,N,1.6786916255950928,N,1.4347059726715088,-,,-,,-,,C,1.2983989715576172,C,1.3265962600708008,-,,E,1.2230874300003052,E,1.5410242080688477,E,2.4523799419403076,C,1.764203667640686,C,1.2214447259902954
121,-,,-,,-,,-,,-,,-,,-,,-,,-,,-,,-,,-,,-,,-,,-,,-,
122,D,1.940322688647679,-,,-,,-,,-,,-,,-,,-,,F,1.8667088747024536,F,1.8483905792236328,-,,K,1.7811734676361084,K,1.4178595542907715,K,2.160456418991089,F,2.743821382522583,F,1.7638485431671143
123,T,1.963751181960106,-,,-,,D,1.2770886421203613,-,,-,,-,,-,,K,2.2045929431915283,K,1.667628288269043,-,,G,2.840256929397583,G,1.641059160232544,G,1.9838545322418213,Q,1.3671835660934448,Q,2.7283453941345215
124,W,2.3388699491818747,-,,-,,N,1.7608323097229004,-,,-,,-,,-,,-,,-,,-,,I,2.259810209274292,I,4.8411383628845215,I,1.9345738887786865,N,1.8692381381988525,N,1.3676267862319946
125,K,1.8279271125793457,-,,-,,D,1.2498914003372192,-,,-,,-,,-,,-,,-,,I,2.1338024139404297,G,1.6481305360794067,G,1.9761674404144287,G,1.7964129447937012,N,2.101465940475464,N,1.8896191120147705
126,A,2.0686709880828857,-,,-,,-,,-,,-,,-,,-,,-,,-,,K,2.0096023082733154,R,1.7717628479003906,C,3.058103561401367,R,1.4352152347564697,-,,-,
127,-,,-,,-,,-,,-,,-,,-,,-,,-,,-,,-,,-,,-,,-,,-,,-,
128,-,,-,,-,,-,,-,,-,,-,,-,,-,,-,,-,,-,,-,,-,,-,,-,
129,-,1.7108896493911743,-,,E,1.6517482995986938,-,,-,,-,,Y,1.9015713930130005,-,,-,,-,,-,,G,2.0405075550079346,G,1.3173725605010986,G,1.643248438835144,-,,-,
130,-,2.047661026318868,N,1.5295522212982178,N,1.8429187536239624,-,,K,1.5168399810791016,-,,N,2.549607515335083,K,2.521331548690796,-,,-,,M,1.3861643075942993,R,1.638880968093872,R,3.9613380432128906,R,1.4823158979415894,-,,-,
131,-,2.8139232397079468,V,0.8234690427780151,S,1.7831063270568848,-,,N,2.0016047954559326,Y,1.4249286651611328,S,6.125497341156006,S,6.032451629638672,-,,-,,R,2.5287387371063232,-,,E,1.791589379310608,-,,-,,-,
132,-,1.9698448089452891,D,1.3630437850952148,Q,2.457448959350586,-,,K,1.4775735139846802,M,1.5869231224060059,N,1.9114233255386353,N,2.1419382095336914,N,1.2890572547912598,N,1.2957838773727417,N,1.2899129390716553,Q,2.272292137145996,-,,Q,3.3715765476226807,Q,3.036917209625244,Q,2.114091634750366
133,-,2.26683839729854,V,2.8571858406066895,H,4.483348369598389,-,,D,1.5966521501541138,Q,1.8022375106811523,Y,1.5187100172042847,Y,1.5069670677185059,E,2.917888879776001,E,1.7917563915252686,P,1.0858150720596313,S,1.3720811605453491,S,2.398061990737915,S,2.810372829437256,V,2.5071163177490234,V,3.0875439643859863
134,E,1.886394943509783,S,2.601304531097412,N,1.270664095878601,-,,N,1.415776252746582,K,1.4302215576171875,D,1.363247036933899,D,1.3979923725128174,Q,1.9954445362091064,Q,1.615231990814209,E,2.250490188598633,A,3.3029210567474365,G,1.8355532884597778,A,1.9315415620803833,E,1.4512617588043213,E,2.5478789806365967
135,-,1.9420251296116755,G,1.4240965843200684,D,1.260890245437622,-,,D,3.975674867630005,Q,1.7331368923187256,G,1.4684921503067017,G,1.477117657661438,V,1.7181278467178345,V,3.2414932250976562,-,,V,2.5887014865875244,V,2.078557252883911,V,1.184095859527588,G,1.7797876596450806,G,1.316154956817627
136,-,1.8512418014662606,C,1.2490215301513672,D,1.2698687314987183,D,3.279170036315918,D,1.549705982208252,E,1.7799040079116821,G,1.5469919443130493,G,1.452600359916687,G,1.7420932054519653,G,1.8182759284973145,-,,T,1.8072233200073242,T,1.4846439361572266,T,2.0871260166168213,N,3.0234475135803223,N,1.827312707901001
137,N,2.0278562943140668,D,2.684901237487793,E,1.6155240535736084,N,2.028698682785034,D,1.7310290336608887,S,2.0946505069732666,N,1.5575792789459229,N,1.554148554801941,D,4.127577781677246,D,1.111136794090271,G,1.7585463523864746,D,1.2232996225357056,D,2.221937656402588,D,1.5406405925750732,D,2.2892913818359375,D,2.878882884979248
138,L,1.8525991042455037,L,1.4140591621398926,V,1.2167868614196777,L,2.6733295917510986,L,1.599939227104187,L,1.9579812288284302,L,1.1956580877304077,L,1.2170864343643188,L,2.552910566329956,L,1.7410234212875366,L,1.3554730415344238,L,2.496817111968994,L,1.4200868606567383,L,1.855405569076538,L,2.4873037338256836,L,2.605125665664673
139,Y,2.0285542805989585,Q,1.30184805393219,R,2.317234754562378,H,1.4817603826522827,C,2.60573410987854,Y,1.7211601734161377,D,2.0432798862457275,D,1.9329355955123901,Y,2.4433887004852295,Y,4.547945022583008,Y,1.685484528541565,N,1.4158475399017334,N,2.01674222946167,N,1.1907836198806763,Y,1.8951674699783325,Y,1.8290021419525146
140,A,2.0970595677693686,T,1.5607293844223022,T,1.8606730699539185,I,1.629381775856018,V,2.895869731903076,A,2.2302815914154053,L,1.9924471378326416,L,1.9933547973632812,F,2.1206107139587402,F,2.1342573165893555,A,4.245542526245117,S,1.5500587224960327,S,1.2800543308258057,S,2.210205316543579,F,1.7516322135925293,F,2.0007948875427246
141,T,2.424058278401693,V,1.8599417209625244,T,3.147714853286743,V,3.128746509552002,V,1.5483187437057495,V,2.6559927463531494,V,3.6328985691070557,V,3.7814550399780273,T,1.4419033527374268,T,1.9781702756881714,T,2.4487087726593018,T,1.3871747255325317,T,1.519671082496643,T,4.712639808654785,T,1.1619036197662354,T,1.955634355545044
142,A,1.925205135345459,A,1.609844446182251,A,1.686205267906189,S,1.6145910024642944,A,1.5095553398132324,A,2.486093044281006,S,1.9713484048843384,S,1.8464431762695312,S,1.6057517528533936,S,2.5445218086242676,A,2.4214823246002197,A,2.24717116355896,A,2.5644590854644775,A,1.9524095058441162,A,1.5580955743789673,A,1.2601051330566406
143,L,2.1620643218358357,M,2.863199234008789,L,1.6545164585113525,L,1.6590659618377686,L,1.055154800415039,L,2.6828582286834717,R,1.9005297422409058,R,1.8353413343429565,L,1.346935749053955,L,1.5352280139923096,L,1.8230174779891968,L,4.374464511871338,L,4.132896423339844,L,1.7961761951446533,L,2.136869192123413,L,1.634711503982544
144,K,1.751305671532949,W,2.6101021766662598,R,1.8452967405319214,R,1.7097746133804321,R,1.636360764503479,G,2.073072910308838,R,1.2709124088287354,R,1.232720136642456,G,2.3526248931884766,G,1.3411649465560913,E,1.9580498933792114,G,2.1706292629241943,G,1.1926734447479248,G,0.9038141369819641,G,1.9720346927642822,G,2.000354051589966
145,F,1.8699922243754068,F,1.306727409362793,F,3.7621960639953613,F,1.67777681350708,F,1.799094796180725,F,1.8180341720581055,F,1.5071353912353516,F,1.8495830297470093,F,1.4322315454483032,F,1.518430233001709,F,1.9541178941726685,L,1.8351938724517822,L,1.7728846073150635,L,2.4907994270324707,F,1.547980546951294,F,1.7776975631713867
146,R,1.825908601284027,Y,1.9025251865386963,R,1.9140571355819702,R,1.480314016342163,R,2.0144221782684326,R,2.6767046451568604,Y,1.8328601121902466,Y,1.9017940759658813,R,1.3233115673065186,R,2.50140380859375,R,2.02329421043396,R,0.9980373978614807,R,1.354745626449585,R,2.515566110610962,R,1.3236416578292847,R,1.6259512901306152
147,L,1.7991889476776124,L,1.454218864440918,L,1.6898952722549438,L,2.46846866607666,L,1.6795787811279297,L,1.6656922101974487,L,2.3004231452941895,L,2.465888500213623,L,1.8876163959503174,L,2.0335028171539307,L,1.0965702533721924,T,2.7431445121765137,T,1.2610454559326172,T,1.6263271570205688,L,1.202521800994873,L,1.4129403829574585
148,L,2.146646809577942,L,4.535213470458984,L,1.5083833932876587,V,1.8983241319656372,V,1.610112190246582,F,1.3012313842773438,L,2.5609779357910156,L,3.230713129043579,L,1.6534957885742188,L,1.5429937839508057,R,2.6074883937835693,L,1.868463158607483,L,1.693494200706482,L,2.168649435043335,L,2.717622995376587,L,1.3025387525558472
149,R,2.037557284037272,R,2.7760446071624756,R,1.3140935897827148,R,1.232473611831665,R,2.1259067058563232,R,1.3445614576339722,R,2.5394985675811768,R,1.3784018754959106,R,2.3613269329071045,R,1.364099144935608,R,1.8038098812103271,R,1.9762624502182007,R,2.218950033187866,R,2.1591811180114746,R,3.2112669944763184,R,2.7574822902679443
150,Q,2.406207887331645,N,3.1335020065307617,Q,3.64019775390625,Q,3.9355428218841553,G,1.8519715070724487,Q,2.9288434982299805,K,1.1708735227584839,K,1.2092963457107544,L,1.4140336513519287,L,1.3571770191192627,Q,1.377931833267212,L,2.3188750743865967,L,4.783482074737549,L,2.399771213531494,Q,1.2881805896759033,Q,3.2834393978118896
151,H,1.8635616461435953,H,1.5005931854248047,Q,1.1820118427276611,Q,1.4704172611236572,Q,1.1604838371276855,H,1.9651856422424316,C,2.71566104888916,C,3.4791998863220215,H,1.2546625137329102,H,2.7490200996398926,H,1.6052005290985107,H,2.332089900970459,H,1.943863868713379,H,1.898129940032959,H,1.5335053205490112,H,1.1633998155593872
152,G,2.063269678751628,G,1.4004554748535156,G,1.2236281633377075,G,2.195451498031616,R,3.9596176147460938,G,1.848907232284546,G,1.7812385559082031,G,2.0410401821136475,G,1.6925227642059326,G,1.3298710584640503,G,2.1826915740966797,G,2.4567720890045166,G,1.8197953701019287,G,2.779332160949707,G,2.665041923522949,G,1.5726795196533203
153,Y,1.808517622947693,Y,1.4245648384094238,Y,1.5467238426208496,H,2.6732873916625977,H,1.3839118480682373,Y,1.4491630792617798,Y,1.6718330383300781,Y,1.3803218603134155,F,2.693521738052368,F,1.3115015029907227,F,2.75777530670166,Y,1.7534712553024292,Y,1.162196159362793,Y,1.9447965621948242,F,1.4157435894012451,F,2.5589523315429688
154,S,1.939895248413086,R,2.130398750305176,R,3.6823794841766357,Y,1.702587366104126,Y,2.156404495239258,H,1.276978611946106,H,1.0236847400665283,D,0.9936237335205078,D,1.9059993028640747,D,1.966478705406189,Y,1.656358242034912,P,2.167093515396118,P,2.739227533340454,P,2.706190586090088,E,1.5252749919891357,E,1.46574866771698
155,V,2.0069299141565957,V,2.87849497795105,V,1.319057822227478,M,3.163696765899658,M,3.01387619972229,I,2.7441513538360596,V,1.401593804359436,V,1.333653211593628,V,1.5167433023452759,V,3.0153536796569824,V,1.4343703985214233,V,1.9487311840057373,V,1.7898885011672974,V,1.0685179233551025,V,1.7869601249694824,V,1.688859462738037
156,S,2.0336389266527615,S,1.590921401977539,P,2.0367655754089355,S,1.471877098083496,S,1.9694836139678955,P,1.350041151046753,S,2.9424397945404053,S,2.6955153942108154,S,1.7833144664764404,S,1.5204895734786987,P,2.857187271118164,-,,S,1.9733772277832031,-,,S,2.4155590534210205,S,1.8303344249725342
157,Q,1.7417394518852234,S,1.7192102670669556,-,,-,,-,,-,,-,,S,1.4893639087677002,-,,-,,-,,S,2.333627223968506,-,,S,1.424756407737732,-,,-,
158,-,2.2017644473484586,D,2.6670234203338623,C,1.7003477811813354,S,1.3298842906951904,S,2.0382704734802246,A,2.423353672027588,S,1.2819583415985107,-,,E,1.6691343784332275,E,1.435297966003418,Q,1.8395166397094727,S,1.114369511604309,S,2.107356309890747,S,2.2724204063415527,Q,6.488935947418213,Q,2.4568331241607666
159,-,,-,,-,,-,,-,,-,,-,,-,,-,,-,,-,,-,,-,,-,,-,,-,
160,E,2.164228328069051,V,1.5502814054489136,D,1.7422016859054565,D,1.3718360662460327,D,2.1424057483673096,D,1.8679249286651611,D,2.072943687438965,D,2.209629774093628,D,3.23112154006958,E,1.7854973077774048,E,2.063596487045288,D,1.4789931774139404,S,1.9606099128723145,D,1.2083837985992432,E,1.2596850395202637,E,6.518314361572266
161,V,1.9807356993357341,V,1.320019245147705,V,2.6910035610198975,V,1.7050011157989502,V,1.3101069927215576,I,2.210848093032837,V,2.704469919204712,V,2.888035297393799,V,2.267608404159546,V,1.78819739818573,I,2.2291483879089355,V,2.4487359523773193,V,2.110625982284546,V,1.6217402219772339,V,1.258545994758606,V,1.1569489240646362
162,F,1.9876511255900065,F,2.543947219848633,F,2.3122074604034424,F,1.0971777439117432,F,1.6855961084365845,F,2.278883934020996,F,2.0677807331085205,F,2.1124730110168457,F,2.8112528324127197,F,3.3069663047790527,F,2.5756185054779053,L,1.2039649486541748,L,1.5048892498016357,L,1.7427815198898315,F,1.2925124168395996,F,1.278714895248413
163,N,1.8603858947753906,A,1.8445992469787598,R,1.5891189575195312,K,2.8967721462249756,T,1.4701306819915771,S,1.7293509244918823,L,1.609805703163147,L,2.1233932971954346,S,1.1694257259368896,S,1.6603050231933594,E,1.5829018354415894,E,1.6853699684143066,E,1.7747660875320435,E,4.028918743133545,D,1.432924747467041,D,1.3080053329467773
164,S,1.7911117951075235,K,2.351989507675171,K,1.639431357383728,Q,1.3480836153030396,R,1.1038177013397217,S,2.0213732719421387,N,3.0491392612457275,K,2.283903121948242,F,1.5782597064971924,F,2.2478766441345215,S,1.6358237266540527,N,1.8873176574707031,Q,1.936263918876648,N,1.2172954082489014,R,1.1118967533111572,R,1.4542052745819092
165,F,2.2621431430180867,F,1.1618735790252686,F,2.145817756652832,F,2.0016231536865234,F,2.876685857772827,F,2.5364925861358643,F,3.003214120864868,F,2.7568116188049316,F,1.4799270629882812,F,1.4387532472610474,F,1.528435230255127,F,4.458202362060547,F,1.3790690898895264,F,4.024028778076172,F,2.0402557849884033,F,1.100956916809082
166,K,1.686169727643331,R,1.931071400642395,T,1.630105972290039,T,1.9306530952453613,T,1.4188801050186157,R,1.476647138595581,K,1.1032160520553589,K,1.2619738578796387,K,1.7234044075012207,K,2.031968116760254,K,2.289163589477539,K,1.2320077419281006,K,2.7319891452789307,K,1.1655304431915283,T,1.3268861770629883,T,2.039048671722412
167,-,,-,,-,,-,,-,,-,,-,,-,,-,,-,,-,,-,,-,,-,,-,,-,
168,D,1.8453399896621705,D,2.176220655441284,D,1.2997519969940186,N,2.4670662879943848,N,1.887784481048584,D,1.6026215553283691,D,1.4787005186080933,D,1.6071724891662598,N,0.9874608516693115,N,1.0037766695022583,D,2.2707254886627197,D,3.601586103439331,D,1.900644063949585,D,1.8096884489059448,N,2.180506706237793,N,1.4063935279846191
169,-,,-,,-,,-,,-,,-,,-,,-,,-,,-,,-,,-,,-,,-,,-,,-,
170,-,1.9475250005722047,-,,-,,-,,-,,-,,-,,-,,E,2.609340190887451,E,1.806463360786438,E,1.6456729173660278,-,,-,,-,,E,1.5108057260513306,E,2.1653428077697754
171,E,1.7693849120821272,E,1.4362071752548218,G,3.852325677871704,Q,1.5780645608901978,D,1.6712356805801392,D,1.324202299118042,Q,1.6132822036743164,Q,1.5767775774002075,D,1.8816838264465332,D,1.430003046989441,-,,H,1.0837211608886719,E,2.0764973163604736,H,1.5800970792770386,E,2.1627964973449707,E,1.5044946670532227
172,R,2.045636606216431,Q,2.795718193054199,E,1.369334101676941,D,2.255601644515991,D,1.9723502397537231,K,1.6077580451965332,Y,2.920663356781006,L,2.8069450855255127,G,2.0319182872772217,G,2.4232213497161865,N,1.4701027870178223,N,1.3907508850097656,K,2.0663182735443115,N,1.6318578720092773,G,1.7712254524230957,G,2.170783519744873
173,G,2.419749879837036,G,2.0652787685394287,G,1.8072445392608643,G,3.0622875690460205,G,1.7896759510040283,G,1.703971266746521,G,2.801370859146118,G,2.5515730381011963,S,2.0221500396728516,S,1.7330186367034912,G,4.485203266143799,G,1.8844594955444336,G,1.5190294981002808,G,1.6215767860412598,T,5.482425689697266,T,1.7669827938079834
174,S,2.274941341082255,G,3.3264031410217285,N,2.3783257007598877,K,3.0426714420318604,K,1.9590134620666504,N,1.7074973583221436,N,1.837357997894287,N,1.8765599727630615,D,2.677988290786743,D,1.9237769842147827,D,1.674565076828003,Q,1.8868824243545532,Q,1.4580740928649902,Q,1.5696673393249512,D,1.316174864768982,D,5.489161968231201
175,F,2.1922068425587247,-,,F,1.8327562808990479,F,1.2711398601531982,F,2.855787515640259,L,1.7505292892456055,F,4.588305950164795,F,4.314194202423096,F,2.8396668434143066,F,2.2016806602478027,F,1.333302617073059,F,1.3527706861495972,F,1.4997096061706543,F,1.927777647972107,F,1.605897068977356,F,1.3173775672912598
176,-,,-,,-,,-,,-,,-,,-,,-,,-,,-,,-,,-,,-,,-,,-,,-,
177,K,1.9966856326375688,-,,A,3.3023500442504883,K,1.4970104694366455,K,3.881303310394287,K,1.9948595762252808,I,1.3759769201278687,V,1.4854989051818848,K,1.3674741983413696,K,2.520730972290039,N,1.1299203634262085,T,1.5227407217025757,A,1.7587878704071045,T,2.3962366580963135,N,2.1079628467559814,N,1.612746000289917
178,A,1.8579439322153728,-,,T,1.337855577468872,E,1.9741687774658203,E,1.4913012981414795,S,1.6056100130081177,-,,-,,A,1.8441842794418335,A,2.8171169757843018,H,1.2371413707733154,C,1.739006519317627,T,1.947978138923645,C,1.498193621635437,P,2.7047312259674072,P,2.098039388656616
179,C,2.0623536467552186,F,2.0829758644104004,A,1.4592097997665405,T,1.4294347763061523,T,1.4493354558944702,C,1.7703890800476074,-,,E,1.9429701566696167,S,3.893508195877075,S,1.6324224472045898,S,2.2995946407318115,-,,S,2.663696050643921,-,,-,,-,
180,L,1.7227012157440185,A,1.5916602611541748,L,1.6857494115829468,L,1.9919098615646362,L,2.0652220249176025,L,2.4320719242095947,-,,A,1.1406869888305664,-,,-,,L,1.2228730916976929,-,,S,1.5614256858825684,-,,S,0.8284977674484253,S,2.7069151401519775
181,C,2.0768319623810902,A,1.631172776222229,T,1.745201587677002,T,2.084110975265503,T,1.5726373195648193,G,2.5598721504211426,E,1.9131113290786743,-,,L,1.7625819444656372,L,2.213489055633545,C,3.4892334938049316,S,3.26212215423584,I,1.6875090599060059,S,2.748692035675049,L,1.5786869525909424,L,0.8272266387939453
182,E,1.9426704446474712,N,1.46964430809021,N,1.9630107879638672,N,2.034503221511841,K,1.9903514385223389,-,,V,0.9497212171554565,-,,G,1.502705454826355,G,2.8037455081939697,-,,G,1.5413106679916382,Q,2.1579084396362305,G,3.1636531352996826,I,2.1629700660705566,I,1.5725210905075073
183,-,2.7116833925247192,-,,-,,-,,-,,-,,-,,-,,-,,-,,-,,I,3.0112640857696533,T,1.4119566679000854,I,3.711829423904419,-,,-,
184,-,1.6516683101654053,-,,-,,-,,-,,-,,-,,-,,-,,-,,-,,-,,D,1.6516683101654053,-,,-,,-,
185,-,,-,,-,,-,,-,,-,,-,,-,,-,,-,,-,,-,,-,,-,,-,,-,
186,-,,-,,-,,-,,-,,-,,-,,-,,-,,-,,-,,-,,-,,-,,-,,-,
187,-,,-,,-,,-,,-,,-,,-,,-,,-,,-,,-,,-,,-,,-,,-,,-,
188,-,,-,,-,,-,,-,,-,,-,,-,,-,,-,,-,,-,,-,,-,,-,,-,
189,-,,-,,-,,-,,-,,-,,-,,-,,-,,-,,-,,-,,-,,-,,-,,-,
190,-,,-,,-,,-,,-,,-,,-,,-,,-,,-,,-,,-,,-,,-,,-,,-,
191,-,,-,,-,,-,,-,,-,,-,,-,,-,,-,,-,,-,,-,,-,,-,,-,
192,-,,-,,-,,-,,-,,-,,-,,-,,-,,-,,-,,-,,-,,-,,-,,-,
193,-,,-,,-,,-,,-,,-,,-,,-,,-,,-,,-,,-,,-,,-,,-,,-,
194,-,,-,,-,,-,,-,,-,,-,,-,,-,,-,,-,,-,,-,,-,,-,,-,
195,-,,-,,-,,-,,-,,-,,-,,-,,-,,-,,-,,-,,-,,-,,-,,-,
196,-,,-,,-,,-,,-,,-,,-,,-,,-,,-,,-,,-,,-,,-,,-,,-,
197,-,,-,,-,,-,,-,,-,,-,,-,,-,,-,,-,,-,,-,,-,,-,,-,
198,-,,-,,-,,-,,-,,-,,-,,-,,-,,-,,-,,-,,-,,-,,-,,-,
199,-,,-,,-,,-,,-,,-,,-,,-,,-,,-,,-,,-,,-,,-,,-,,-,
200,-,,-,,-,,-,,-,,-,,-,,-,,-,,-,,-,,-,,-,,-,,-,,-,
201,-,2.3991697430610657,-,,-,,-,,-,,-,,-,,-,,-,,-,,-,,Q,2.9480655193328857,-,,Q,1.8502739667892456,-,,-,
202,-,2.2402199506759644,-,,-,,-,,-,,-,,-,,-,,-,,-,,-,,T,3.13376784324646,-,,T,1.3466720581054688,-,,-,
203,-,1.8163734674453735,-,,-,,-,,-,,-,,-,,-,,-,,-,,-,,E,1.9866918325424194,P,1.5255153179168701,E,1.936913251876831,-,,-,
204,-,1.8764842881096735,-,,-,,-,,-,,D,2.3995940685272217,-,,-,,E,1.354581594467163,E,1.2025666236877441,E,1.449202537536621,G,1.2971537113189697,G,3.1323978900909424,G,2.041285514831543,D,1.8640294075012207,D,2.1475472450256348
205,D,2.112074859937032,N,1.5872305631637573,D,4.109161376953125,D,1.183693766593933,D,1.8179700374603271,D,2.977876901626587,D,2.136220932006836,D,2.3489747047424316,N,1.7425671815872192,N,1.5561110973358154,D,2.0983924865722656,E,1.9550055265426636,E,2.387960910797119,E,2.318272113800049,D,1.5974291563034058,D,1.8642561435699463
206,T,1.973732876777649,P,1.5670628547668457,V,1.180426001548767,V,1.963041067123413,V,2.7202367782592773,C,1.5558369159698486,T,0.9233278036117554,T,1.0420862436294556,T,1.6114778518676758,T,2.1267805099487305,L,2.684678077697754,I,1.7953613996505737,I,5.564395904541016,I,1.4895883798599243,T,1.8076179027557373,T,1.57407546043396
207,K,2.032694943745931,R,2.5467488765716553,E,1.536612629890442,Q,2.2120423316955566,S,1.385124921798706,R,1.6953696012496948,R,2.347888469696045,R,2.2869157791137695,K,2.8814351558685303,K,2.425121784210205,K,1.6856898069381714,R,2.157021999359131,R,1.9898078441619873,R,1.0015262365341187,K,2.157621145248413,K,2.181497573852539
208,G,2.159074560801188,D,1.0505925416946411,G,1.7231998443603516,G,3.3993418216705322,G,2.0278446674346924,G,2.219804048538208,S,1.5518594980239868,S,1.3680291175842285,D,4.807429313659668,D,1.7848820686340332,G,2.199479818344116,G,1.5862406492233276,T,1.6756889820098877,G,1.2675365209579468,G,3.275951623916626,G,2.448237895965576
209,M,2.079426630338033,L,3.2963290214538574,L,2.319202184677124,L,1.2120364904403687,L,2.445762872695923,I,2.2067699432373047,L,1.828305721282959,L,2.0317201614379883,V,1.7621128559112549,V,2.3749990463256836,L,1.8898017406463623,V,1.3214366436004639,I,1.2429746389389038,V,2.6158881187438965,L,1.4357885122299194,L,3.2082715034484863
210,L,1.726577917734782,L,1.0069764852523804,L,1.4957941770553589,L,1.373967170715332,L,1.7312959432601929,L,1.663459062576294,L,1.5488301515579224,L,1.5468279123306274,L,3.2410457134246826,L,3.7183358669281006,L,1.4125075340270996,L,1.263365626335144,F,1.2487744092941284,L,1.552156686782837,L,1.7805116176605225,L,1.314820408821106
211,S,2.015009331703186,N,1.2257777452468872,E,2.1387646198272705,S,1.2097196578979492,N,1.1067373752593994,A,2.3868813514709473,S,3.73757266998291,S,3.4651739597320557,Q,1.227292776107788,Q,1.3118265867233276,Y,1.6397231817245483,N,2.919527053833008,N,2.347346305847168,N,1.080128788948059,Q,2.6079418659210205,Q,1.8207260370254517
212,L,2.0075681765874225,L,1.6772419214248657,L,3.7633490562438965,L,2.429323673248291,L,2.020174741744995,L,1.5964784622192383,L,2.5072133541107178,L,2.009934663772583,L,1.3647366762161255,L,2.409177303314209,L,1.5105456113815308,L,1.5086464881896973,L,1.4683736562728882,L,2.213914632797241,L,1.0190261602401733,L,2.6153862476348877
213,Y,2.0204162001609802,Y,3.27378511428833,Y,2.7656168937683105,Y,2.4716734886169434,Y,0.8358718752861023,Y,2.3564822673797607,Y,1.7581831216812134,Y,1.5467658042907715,Y,1.5676862001419067,Y,1.7192018032073975,Y,1.3838797807693481,F,1.0992926359176636,F,1.0890830755233765,F,3.465745449066162,Y,3.9549179077148438,Y,1.0180575847625732
214,E,2.2824148098627726,N,3.4512674808502197,E,1.397235631942749,E,1.7088030576705933,E,1.9685224294662476,E,1.8127021789550781,N,3.231849431991577,N,2.7792720794677734,E,1.3374618291854858,E,1.7191479206085205,E,3.0483617782592773,R,2.1656854152679443,R,2.207836866378784,R,2.078831434249878,E,1.28977632522583,E,4.039468288421631
215,A,2.163100075721741,A,2.887558937072754,A,1.203349232673645,A,1.982574462890625,A,2.1245455741882324,A,3.2087128162384033,A,2.89245343208313,A,3.3676087856292725,A,1.4669291973114014,A,1.0576688051223755,A,1.1074202060699463,A,3.0921621322631836,A,2.6005055904388428,A,2.038353204727173,A,2.141117572784424,A,1.2755411863327026
216,S,1.6896299521128337,A,0.9957575798034668,S,1.6762717962265015,S,2.601832389831543,T,1.5387741327285767,A,1.2199466228485107,A,1.0542069673538208,A,1.117181658744812,S,2.0784616470336914,S,1.6639357805252075,S,2.201399564743042,S,2.3839497566223145,S,1.5076544284820557,S,1.6522552967071533,S,1.6639435291290283,S,1.9888781309127808
217,F,2.151487644513448,C,1.302625060081482,H,2.783813953399658,H,1.6726270914077759,H,6.402248859405518,H,1.4750010967254639,Y,2.2453672885894775,F,1.2590998411178589,F,1.6220622062683105,F,2.135016918182373,Y,1.7473170757293701,L,1.9738783836364746,L,1.1788437366485596,L,2.162152051925659,F,2.5073726177215576,F,1.8048884868621826
218,F,1.9793943484624228,L,1.6720377206802368,L,1.8478327989578247,L,1.7928040027618408,L,2.176924228668213,L,2.035118579864502,L,1.6157665252685547,L,1.9208965301513672,P,1.4432884454727173,L,2.5882041454315186,L,3.24691104888916,I,1.7051422595977783,V,1.6136550903320312,I,2.1436355113983154,L,1.3918006420135498,L,2.4968976974487305
219,L,1.8769431908925374,R,1.1964685916900635,A,1.7227859497070312,R,1.5265233516693115,R,1.724215030670166,L,1.5356241464614868,R,1.8386989831924438,R,2.2884671688079834,I,2.0865530967712402,V,2.083695650100708,E,1.607664704322815,A,1.8319449424743652,A,3.1891188621520996,A,2.148818016052246,L,1.9730560779571533,L,1.4005132913589478
220,-,1.7949824929237366,-,,-,,-,,-,,V,1.5811721086502075,-,,-,,-,,-,,-,,-,,F,2.0087928771972656,-,,-,,-,
221,-,,-,,-,,-,,-,,-,,-,,-,,-,,-,,-,,-,,-,,-,,-,,-,
222,I,1.6801335556166512,T,1.1288602352142334,T,1.6735203266143799,V,1.339953064918518,V,1.5054798126220703,E,2.0442094802856445,I,1.7016162872314453,I,2.033597707748413,R,1.6191834211349487,R,1.6488101482391357,K,2.229875326156616,F,1.7394472360610962,-,,F,1.0112048387527466,R,2.023473024368286,R,1.8226388692855835
223,E,1.9991380294164023,H,1.8750296831130981,R,1.5081758499145508,R,4.068456172943115,H,1.4638893604278564,E,2.6094937324523926,H,1.9004955291748047,H,1.6119531393051147,V,1.4594993591308594,V,2.021343231201172,E,1.8975309133529663,P,2.6568074226379395,P,1.8105508089065552,P,1.339354395866394,E,1.6626307964324951,E,2.1018600463867188
224,-,,-,,-,,-,,-,,-,,-,,-,,-,,-,,-,,-,,-,,-,,-,,-,
225,-,,-,,-,,-,,-,,-,,-,,-,,-,,-,,-,,-,,-,,-,,-,,-,
226,-,,-,,-,,-,,-,,-,,-,,-,,-,,-,,-,,-,,-,,-,,-,,-,
227,G,2.0903534412384035,G,4.016655445098877,G,1.8944932222366333,D,1.4387274980545044,G,3.3454020023345947,E,1.9009019136428833,G,1.5607728958129883,G,2.3105714321136475,G,4.286102294921875,G,1.6825597286224365,N,1.583611011505127,G,0.9515625238418579,N,1.7777855396270752,G,1.658511757850647,G,1.2769131660461426,G,1.6707311868667603
228,-,,-,,-,,-,,-,,-,,-,,-,,-,,-,,-,,-,,-,,-,,-,,-,
229,E,2.069575293858846,E,1.9650636911392212,E,2.026233673095703,E,3.7560927867889404,E,2.502005100250244,R,1.2598663568496704,E,3.0330238342285156,E,1.9915755987167358,E,1.3403817415237427,E,1.1800148487091064,E,1.5499215126037598,E,1.47511887550354,E,1.614519476890564,E,2.75416898727417,E,3.316979169845581,E,1.2786637544631958
230,N,2.2076419830322265,T,2.1227400302886963,E,3.475863218307495,E,1.4975013732910156,E,1.5481947660446167,D,4.518163681030273,T,1.2916830778121948,T,1.3110511302947998,V,1.2674617767333984,V,4.086734771728516,S,1.7550455331802368,K,1.4978697299957275,K,2.0891854763031006,K,1.746343731880188,D,1.6145942211151123,D,3.2921972274780273
231,I,2.1189101775487265,I,2.7727272510528564,I,1.2552310228347778,I,1.5282176733016968,I,3.6736695766448975,I,1.6125770807266235,V,1.7111012935638428,V,1.4069432020187378,T,1.8140621185302734,T,1.848386287689209,N,2.5715720653533936,V,3.487194061279297,V,2.530975580215454,V,1.8298249244689941,T,2.130016326904297,T,1.6111541986465454
232,-,2.989876667658488,-,,-,,-,,-,,-,,-,,-,,L,3.83320951461792,L,2.126310110092163,L,3.010110378265381,-,,-,,-,,-,,-,
233,L,1.6917687406142552,L,2.114645481109619,L,1.5072468519210815,L,1.3091353178024292,L,1.4716755151748657,F,2.2058706283569336,L,1.272420048713684,L,2.0257863998413086,-,,-,,-,,M,1.6860389709472656,M,0.9986873269081116,M,1.2690964937210083,L,2.371842861175537,L,2.0687789916992188
234,E,1.7872806469599405,D,1.5075348615646362,D,1.2514830827713013,E,1.3841769695281982,E,1.2805781364440918,Y,2.4566287994384766,D,2.3651845455169678,D,1.612122893333435,E,2.2176527976989746,E,2.102792263031006,E,1.6678786277770996,E,1.7060468196868896,E,1.6734254360198975,E,1.5026668310165405,E,1.7595456838607788,E,2.3214919567108154
235,E,1.8557279666264852,E,1.323630452156067,R,2.0262553691864014,E,1.2810893058776855,D,0.9722481966018677,E,2.2913002967834473,E,2.3915467262268066,E,1.7902673482894897,Q,1.2507182359695435,Q,3.280545473098755,M,1.6904329061508179,E,1.2482670545578003,D,1.7512224912643433,E,2.121751308441162,L,2.66609525680542,L,1.750549077987671
236,A,1.868991986910502,A,1.5661064386367798,A,2.5746400356292725,A,2.5417110919952393,A,1.3451294898986816,I,1.4749051332473755,A,1.6575993299484253,A,2.8544554710388184,A,0.9782465696334839,A,1.8949838876724243,A,1.4380336999893188,A,1.5522369146347046,A,2.0227928161621094,A,1.9757113456726074,A,1.497004508972168,A,2.661323070526123
237,R,1.5666800498962403,A,1.3554973602294922,M,1.5665067434310913,L,1.3479753732681274,L,1.4119670391082764,V,1.6077258586883545,I,1.6612162590026855,I,1.681392788887024,R,1.4174822568893433,R,1.383440375328064,R,1.6016570329666138,E,2.121397018432617,Q,2.079481840133667,E,1.660697102546692,R,1.1699644327163696,R,1.4337992668151855
238,D,2.220748202006022,S,1.7009280920028687,E,4.71744441986084,T,3.9360785484313965,S,2.3341329097747803,N,1.3984942436218262,S,1.7653323411941528,S,2.300089120864868,V,2.4310474395751953,V,1.1659276485443115,E,1.6477675437927246,I,1.9868221282958984,I,2.041033983230591,I,3.6080565452575684,Q,1.1652477979660034,Q,1.1128202676773071
239,F,1.9553071856498718,F,1.2207095623016357,F,1.8207162618637085,F,2.8151862621307373,F,1.4353519678115845,F,1.2919515371322632,F,1.943049669265747,F,2.1158814430236816,F,0.881707489490509,F,1.2211261987686157,F,5.323184967041016,F,1.627845287322998,F,1.338706374168396,F,1.9482433795928955,F,3.154355525970459,F,1.1915918588638306
240,S,2.6438050508499145,T,1.999113917350769,S,1.7223210334777832,T,2.0999021530151367,T,4.608216285705566,T,2.2598583698272705,T,4.527902603149414,T,2.734811544418335,S,4.30100154876709,S,2.7632124423980713,T,1.389876127243042,S,3.474917411804199,S,1.91009521484375,S,1.6823818683624268,S,1.091562271118164,S,3.0919029712677
241,T,1.9100248018900554,S,2.015969753265381,S,2.0835061073303223,T,1.577678918838501,V,1.4416625499725342,T,2.7454562187194824,T,1.3836334943771362,M,2.096400737762451,T,1.3239284753799438,T,1.0806936025619507,A,2.958982229232788,T,1.9153300523757935,T,1.973374843597412,T,1.7923572063446045,T,3.0703306198120117,T,1.1910672187805176
242,K,2.263102682431539,K,3.981502056121826,S,1.4890779256820679,T,2.185227632522583,T,2.1896679401397705,A,2.043349027633667,R,1.587024450302124,R,1.8117116689682007,K,1.444506287574768,K,3.9530086517333984,K,1.143890142440796,M,1.7253265380859375,I,1.9523587226867676,M,3.3487696647644043,K,2.022493362426758,K,3.0686261653900146
243,H,1.7519076585769653,C,1.5273511409759521,H,1.2677040100097656,H,1.3788422346115112,H,1.4700311422348022,Y,1.317691683769226,C,3.9980099201202393,V,2.0243916511535645,I,1.5461056232452393,I,2.052865982055664,H,1.485553503036499,Y,1.2011961936950684,Y,1.623193383216858,Y,1.4262913465499878,L,2.141707420349121,L,1.8176796436309814
244,L,2.09953130086263,L,2.738585948944092,L,3.716522455215454,L,1.9401018619537354,L,1.2284269332885742,L,1.9695664644241333,L,1.5306084156036377,L,1.651484489440918,L,1.562269926071167,L,2.1358609199523926,L,2.017456531524658,L,3.064279317855835,L,3.0442423820495605,L,1.43696928024292,L,1.4338966608047485,L,2.022697925567627
245,E,1.8367836236953736,K,1.9935905933380127,Q,1.7607357501983643,E,1.5003706216812134,K,1.216583013534546,K,1.60542893409729,Q,4.204512596130371,Q,2.0909197330474854,E,2.1426522731781006,E,1.4546724557876587,K,1.7607170343399048,K,1.7379398345947266,K,1.757078766822815,K,1.223838210105896,Q,1.6937886476516724,Q,1.4089258909225464
246,E,1.8301884571711222,S,1.7885059118270874,A,3.4276318550109863,S,3.0240190029144287,S,1.5402562618255615,E,1.6914187669754028,D,1.468222975730896,D,1.875261902809143,K,1.3729597330093384,K,1.3417229652404785,K,2.0420379638671875,H,1.2169089317321777,E,2.5214338302612305,H,1.0604838132858276,K,1.318222999572754,K,1.7637399435043335
247,Y,1.647088853518168,L,1.606980562210083,L,1.7424027919769287,I,1.7479534149169922,M,1.5861055850982666,Y,1.1505793333053589,R,1.5263094902038574,R,1.6530810594558716,K,1.719907283782959,K,1.75404953956604,I,1.4921168088912964,A,1.719800353050232,Y,1.938957929611206,A,2.4584531784057617,K,1.4191553592681885,K,1.19048011302948
248,-,,-,,-,,-,,-,,-,,-,,-,,-,,-,,-,,-,,-,,-,,-,,-,
249,-,,-,,-,,-,,-,,-,,-,,-,,-,,-,,-,,-,,-,,-,,-,,-,
250,-,,-,,-,,-,,-,,-,,-,,-,,-,,-,,-,,-,,-,,-,,-,,-,
251,V,2.045815110206604,-,,L,1.5446645021438599,V,2.0844311714172363,S,3.6332192420959473,V,2.0562312602996826,L,1.0906814336776733,L,1.247984528541565,V,2.08546781539917,V,1.510612964630127,-,,L,2.6081409454345703,L,2.5344398021698,L,2.1080925464630127,-,,-,
252,K,2.2742584016588,A,1.7105844020843506,N,1.2622220516204834,S,2.0819761753082275,P,2.036452293395996,-,,E,1.5865540504455566,-,,D,4.156883239746094,D,3.220381259918213,-,,Q,1.898329496383667,-,,Q,2.5149426460266113,-,,-,
253,-,,-,,-,,-,,-,,-,,-,,-,,-,,-,,-,,-,,-,,-,,-,,-,
254,-,2.364727199077606,-,,-,,-,,-,,-,,-,,-,,-,,-,,-,,K,3.0093624591827393,-,,K,1.7200919389724731,-,,-,
255,-,2.247564935684204,-,,-,,-,,-,,-,,-,,-,,-,,-,,L,1.8373212814331055,I,2.498288869857788,-,,I,2.5153331756591797,V,2.9354968070983887,V,1.4513845443725586
256,-,2.4301138718922934,-,,-,,-,,-,,-,,-,,-,,-,,-,,K,2.2830488681793213,-,,-,,-,,D,2.0382938385009766,D,2.968998908996582
257,-,,-,,-,,-,,-,,-,,-,,-,,-,,-,,-,,-,,-,,-,,-,,-,
258,-,,-,,-,,-,,-,,-,,-,,-,,-,,-,,-,,-,,-,,-,,-,,-,
259,-,,-,,-,,-,,-,,-,,-,,-,,-,,-,,-,,-,,-,,-,,-,,-,
260,-,,-,,-,,-,,-,,-,,-,,-,,-,,-,,-,,-,,-,,-,,-,,-,
261,-,,-,,-,,-,,-,,-,,-,,-,,-,,-,,-,,-,,-,,-,,-,,-,
262,-,,-,,-,,-,,-,,-,,-,,-,,-,,-,,-,,-,,-,,-,,-,,-,
263,-,,-,,-,,-,,-,,-,,-,,-,,-,,-,,-,,-,,-,,-,,-,,-,
264,-,1.5806865493456523,-,,-,,-,,-,,-,,-,,-,,-,,-,,-,,-,,E,1.81710684299469,-,,E,0.8894489407539368,E,2.03550386428833
265,-,1.735958206653595,-,,-,,-,,-,,-,,-,,-,,E,2.791985034942627,E,2.3759212493896484,-,,-,,K,0.9113699197769165,-,,D,1.7111682891845703,D,0.8893465399742126
266,-,,-,,-,,-,,-,,-,,-,,-,,-,,-,,-,,-,,-,,-,,-,,-,
267,Q,1.5441041588783264,P,1.2495683431625366,Q,1.5338610410690308,N,1.087398648262024,K,2.1308753490448,-,,-,,E,1.8953372240066528,-,,-,,E,1.1006642580032349,-,,-,,-,,G,1.6452829837799072,G,1.7098454236984253
268,N,2.13062846660614,Y,3.0963006019592285,H,1.6728407144546509,-,,L,1.6374188661575317,K,3.389265775680542,-,,H,1.2905327081680298,G,0.9096158742904663,G,1.7710907459259033,K,4.099557399749756,-,,-,,-,,D,1.7975378036499023,D,1.6421241760253906
269,K,1.8787399291992188,T,1.4091179370880127,L,1.9034713506698608,L,1.4452383518218994,-,,H,2.136594533920288,-,,L,1.4798702001571655,I,1.3974158763885498,I,1.7880717515945435,R,1.5734798908233643,-,,-,,-,,R,3.850243330001831,R,1.8038960695266724
270,E,2.0983636644151478,Y,1.6826077699661255,V,1.7822768688201904,S,2.1775200366973877,-,,D,1.2984161376953125,H,1.703878402709961,-,,-,,-,,I,2.066035509109497,-,,I,1.7574478387832642,-,,E,2.5657503604888916,E,3.8513400554656982
271,-,,-,,-,,-,,-,,-,,-,,-,,-,,-,,-,,-,,-,,-,,-,,-,
272,K,2.4150111079216003,M,1.7301931381225586,G,1.5857831239700317,N,1.37734055519104,-,,N,1.2244113683700562,L,1.7132755517959595,E,3.9102437496185303,N,2.119346857070923,N,1.6013436317443848,D,2.1728672981262207,A,2.2079646587371826,P,3.2963104248046875,A,2.6742279529571533,V,5.631561756134033,V,2.5652854442596436
273,-,1.9041049205339873,E,1.5388777256011963,S,1.8416115045547485,-,,D,1.1351077556610107,D,1.7041598558425903,E,1.7026009559631348,-,,D,0.9254368543624878,D,1.2180051803588867,Q,2.367967128753662,V,1.5999375581741333,L,1.636919617652893,V,2.334796190261841,G,1.116225004196167,G,5.631718635559082
274,-,2.250483010496412,A,1.5222700834274292,V,1.8690402507781982,-,,N,3.529431104660034,E,3.2525410652160645,S,1.4252235889434814,S,1.738234281539917,E,1.7807644605636597,E,2.6872365474700928,E,2.3694047927856445,S,2.1918978691101074,S,3.4123668670654297,S,3.5167245864868164,D,1.0977582931518555,D,1.1138683557510376
275,-,,-,,-,,-,,-,,-,,-,,-,,-,,-,,-,,-,,-,,-,,-,,-,
276,-,,-,,-,,-,,-,,-,,-,,-,,-,,-,,-,,-,,-,,-,,-,,-,
277,N,2.281081489154271,S,3.5542240142822266,S,1.747144103050232,N,1.9734026193618774,S,1.730254888534546,Y,2.2355568408966064,P,3.502018928527832,P,2.0668649673461914,K,2.345601797103882,K,1.9927394390106201,-,,S,2.131411075592041,S,2.0608553886413574,S,2.3625218868255615,N,3.1359732151031494,N,1.096571683883667
278,L,2.041188482443492,L,0.9829480051994324,L,3.856260299682617,N,2.4771080017089844,L,1.714599370956421,L,2.4517147541046143,I,1.757120966911316,L,1.4399816989898682,L,1.4173541069030762,L,1.9225740432739258,L,1.6443780660629272,L,1.563223123550415,L,2.135925054550171,L,1.9050406217575073,L,2.2151660919189453,L,3.1344330310821533
279,A,1.5124684969584148,A,1.3735637664794922,S,1.4457800388336182,K,1.034307837486267,K,1.538641095161438,S,0.9900984764099121,A,2.0195517539978027,A,1.602531909942627,L,1.6068294048309326,L,1.314194917678833,E,1.220685601234436,S,1.35295832157135,S,1.4857927560806274,S,2.3863070011138916,L,1.069783091545105,L,2.2460014820098877
280,T,1.6816930214564005,S,1.8155337572097778,K,1.5214929580688477,V,1.87000572681427,A,3.0560452938079834,A,2.9588770866394043,E,1.0676921606063843,E,2.1720218658447266,A,0.99173903465271,A,1.0657134056091309,A,1.824232578277588,Q,1.405399203300476,R,2.12347674369812,Q,0.9918345212936401,V,1.3072760105133057,V,1.0540549755096436
281,L,2.2636565208435058,E,2.1484835147857666,R,1.7293617725372314,E,2.7729241847991943,Q,1.0956943035125732,L,2.243112325668335,E,1.4159464836120605,E,2.743687629699707,W,4.286603927612305,W,2.9169135093688965,L,2.2290890216827393,E,3.256352424621582,Q,2.0339267253875732,E,1.566615343093872,W,2.0593321323394775,W,1.4568045139312744
282,V,2.240029486020406,I,2.5778517723083496,V,1.2865582704544067,V,3.506812334060669,V,2.3941121101379395,V,1.8585556745529175,V,2.526559352874756,V,3.8844823837280273,I,4.420377731323242,I,2.231142282485962,V,1.4257123470306396,I,1.1583951711654663,I,1.4205060005187988,I,1.498659372329712,I,1.3818819522857666,I,2.0288355350494385
283,N,1.7724945545196533,K,1.8797638416290283,D,1.8487249612808228,S,2.3880200386047363,S,1.5415362119674683,N,1.4314169883728027,S,1.8082820177078247,S,1.9431871175765991,Q,1.018470287322998,Q,2.3701694011688232,Q,3.327993154525757,E,1.2487927675247192,E,1.2019046545028687,E,1.4413518905639648,R,1.8004182577133179,R,1.3373867273330688
284,H,2.111234680811564,R,4.301015853881836,E,1.717010736465454,E,1.2394134998321533,E,1.4270966053009033,H,1.3135048151016235,S,2.0113017559051514,S,1.3891137838363647,H,1.3909893035888672,H,3.7551255226135254,H,1.535179615020752,Y,2.6472110748291016,Y,1.3480944633483887,Y,3.769176483154297,H,1.906555414199829,H,1.9177312850952148
285,S,1.9582982699076334,A,1.9775935411453247,A,1.55193293094635,A,1.333323359489441,A,2.7981581687927246,S,2.4563684463500977,A,3.1716160774230957,A,2.2795751094818115,S,1.7120447158813477,S,1.4030309915542603,A,2.4793763160705566,L,1.205693244934082,V,2.8512673377990723,L,1.0519129037857056,S,1.303259015083313,S,1.7993218898773193
286,L,1.6611499071121216,L,2.109055519104004,L,1.4556574821472168,L,2.200225591659546,L,1.4767931699752808,L,1.2237406969070435,L,1.8577969074249268,L,2.0017125606536865,L,1.1215479373931885,L,1.3343170881271362,L,1.4195172786712646,L,1.4722602367401123,M,1.1475096940994263,L,1.453558325767517,L,3.2368838787078857,L,1.4066722393035889
287,E,2.0559822718302407,E,2.5836124420166016,K,2.35952091217041,T,1.315171718597412,F,1.489364504814148,E,2.182697296142578,D,2.3020389080047607,D,1.7922313213348389,A,1.597595453262329,A,1.8568226099014282,E,2.261239528656006,E,1.507436990737915,E,1.7006995677947998,E,2.809055805206299,E,1.9303007125854492,E,3.1519463062286377
288,F,1.9265459060668946,I,1.6961383819580078,M,2.268376588821411,Q,3.1409358978271484,Q,2.2707183361053467,I,2.249781370162964,T,1.2244532108306885,T,1.250105619430542,L,2.8549628257751465,L,2.2138493061065674,L,0.9001935720443726,Y,1.5125325918197632,Y,2.4800894260406494,Y,1.12580406665802,L,1.7756130695343018,L,1.9346343278884888
289,P,1.905744473139445,P,1.6123855113983154,P,4.225568771362305,P,1.721402883529663,P,1.3867723941802979,P,1.4775922298431396,P,2.123171329498291,P,2.0395421981811523,P,1.7648464441299438,P,1.3229730129241943,P,1.6208348274230957,G,1.3045220375061035,G,1.7451343536376953,G,1.4455360174179077,P,3.0219931602478027,P,1.7738919258117676
290,L,2.019974382718404,L,2.475484848022461,I,1.0873264074325562,I,1.710601806640625,I,3.703587293624878,L,1.5600390434265137,L,1.8368773460388184,L,1.9081965684890747,L,1.888096570968628,L,2.71798038482666,L,2.245908737182617,W,1.8133082389831543,W,1.3725557327270508,W,1.4923555850982666,L,1.469697117805481,L,3.0176000595092773
291,H,2.3232005834579468,P,4.38429069519043,R,1.5096709728240967,R,1.6765282154083252,H,1.8420255184173584,H,2.2298738956451416,F,1.7334678173065186,F,1.9868030548095703,H,4.422525882720947,H,1.9801888465881348,H,2.495133876800537,H,4.006037712097168,H,1.9241509437561035,H,1.4085814952850342,H,1.764400601387024,H,1.4843292236328125
292,W,1.664035161336263,R,1.1931884288787842,K,1.6743465662002563,M,1.2267531156539917,T,1.8334547281265259,W,1.9107921123504639,R,1.0994943380355835,R,1.9909722805023193,W,1.6543705463409424,W,2.0381808280944824,W,1.06889808177948,T,2.7972919940948486,T,1.4127269983291626,T,1.4904301166534424,W,1.8011590242385864,W,1.7684682607650757
293,R,2.1605857610702515,S,1.9392168521881104,T,2.7416532039642334,T,2.2152557373046875,N,1.0804193019866943,R,2.480400800704956,R,2.2189652919769287,R,1.341599464416504,R,2.5759103298187256,R,4.091163158416748,R,2.59955096244812,N,2.143012046813965,N,1.4108847379684448,N,2.0671207904815674,R,1.565561294555664,R,1.9380724430084229
294,M,1.9419771353403728,V,1.7271705865859985,L,2.8372111320495605,L,1.293933391571045,I,1.370969533920288,V,1.496527075767517,V,2.511232852935791,V,1.446938157081604,I,1.8864660263061523,I,1.4069478511810303,M,1.4238064289093018,P,2.510472536087036,L,1.7463574409484863,P,4.016773223876953,I,1.8851498365402222,I,1.5697009563446045
295,P,1.7940752267837525,R,1.172536849975586,T,1.160402774810791,P,1.6695475578308105,P,1.6817309856414795,L,1.2808187007904053,G,1.0868273973464966,G,1.3288118839263916,Q,1.338005542755127,Q,1.3803118467330933,M,1.4829304218292236,P,3.2014284133911133,P,3.985358953475952,P,2.669736623764038,H,1.7252191305160522,H,1.7474613189697266
296,R,2.044958980878194,I,1.6722886562347412,R,1.4441649913787842,R,3.9497742652893066,R,1.4568945169448853,R,4.026021957397461,T,1.9250431060791016,T,2.1698222160339355,R,1.808810830116272,R,1.7106335163116455,R,2.045567750930786,R,1.1707348823547363,R,2.3369617462158203,R,1.9388035535812378,R,1.2759898900985718,R,1.7428728342056274
297,L,2.050173584620158,Y,1.1809515953063965,L,1.6457700729370117,M,3.5855536460876465,V,0.9479962587356567,L,1.7495204210281372,L,1.604905605316162,L,3.8063507080078125,L,2.043095111846924,L,1.303282618522644,L,4.197432518005371,L,1.5739398002624512,L,2.1319403648376465,L,2.4920694828033447,I,1.1982718706130981,I,1.2915236949920654
298,E,2.0513981342315675,G,2.558943033218384,G,2.1143527030944824,G,2.620194673538208,V,1.4163005352020264,E,2.110889196395874,E,2.609567165374756,E,3.0468852519989014,E,2.126255750656128,E,1.6748508214950562,E,1.0886380672454834,E,1.5643891096115112,E,2.5012741088867188,E,2.6554622650146484,E,1.4815179109573364,E,1.2014514207839966
299,A,2.3668883800506593,A,2.4135663509368896,A,1.752972960472107,A,1.790856957435608,A,8.613204002380371,A,1.7224770784378052,M,3.858610153198242,M,1.8675689697265625,A,1.5480663776397705,A,1.8197189569473267,A,1.2586647272109985,A,1.7836922407150269,A,3.290539264678955,A,1.1930078268051147,A,1.103814959526062,A,1.4865648746490479
300,-,1.7110384464263917,-,,-,,-,,-,,-,,-,,-,,R,1.2509688138961792,R,1.554710030555725,R,2.9199020862579346,-,,-,,-,,R,1.726521372795105,R,1.1030899286270142
301,R,1.7351037997465868,K,1.3862227201461792,R,1.965596318244934,R,3.7004001140594482,R,1.469408392906189,R,1.6182820796966553,K,1.957805871963501,K,1.3997218608856201,W,1.3389530181884766,W,1.102021336555481,W,1.9708690643310547,R,1.9283485412597656,R,1.2228490114212036,R,1.4958710670471191,-,,-,
302,W,1.6756923336249132,S,2.095245361328125,K,1.3827486038208008,K,1.753827691078186,K,1.5026170015335083,W,0.9356086850166321,D,2.3093156814575195,D,1.6075786352157593,-,,-,,F,2.733225107192993,M,1.1851098537445068,H,1.5907634496688843,M,1.4119539260864258,W,1.5136184692382812,W,1.7623878717422485
303,F,1.8530471722284954,R,1.8307855129241943,F,2.3901000022888184,Y,2.4191572666168213,Y,3.2359139919281006,F,2.0365712642669678,Y,1.5194743871688843,Y,1.4011589288711548,F,1.564714789390564,F,1.5458070039749146,I,1.4581389427185059,Y,1.4351820945739746,Y,1.4580888748168945,Y,1.8574188947677612,F,2.131091356277466,F,1.5121042728424072
304,I,1.8247674022402083,I,1.8411378860473633,I,1.8857234716415405,I,1.3133856058120728,I,1.2485973834991455,I,2.2681872844696045,I,1.400619387626648,I,1.613553762435913,L,1.2784416675567627,L,1.3124651908874512,-,,M,1.315170407295227,M,1.6717884540557861,M,2.44551157951355,L,3.813296318054199,L,2.1388652324676514
305,N,2.201114006837209,A,1.686541199684143,S,3.803952693939209,S,3.2456917762756348,R,2.806424617767334,G,1.3015198707580566,P,1.5337973833084106,P,2.228611707687378,D,3.6748251914978027,D,1.6219253540039062,D,1.7510645389556885,E,1.590510606765747,D,1.7709057331085205,E,0.9389906525611877,D,1.2530558109283447,D,3.8088929653167725
306,I,1.7612045844395956,E,1.8623919486999512,L,1.6975880861282349,I,1.8821556568145752,I,1.185524582862854,A,1.4922597408294678,I,1.9215339422225952,I,1.7646459341049194,A,2.583094835281372,A,1.8518195152282715,I,1.3121025562286377,V,1.6591625213623047,V,1.2016394138336182,V,1.3779762983322144,A,3.371992349624634,A,1.2541813850402832
307,Y,2.116975793471703,Y,2.6370179653167725,Y,1.6564809083938599,Y,2.914724826812744,Y,3.4428205490112305,Y,1.638369083404541,Y,1.4213286638259888,Y,1.1737942695617676,Y,1.535721778869629,Y,3.264946699142456,Y,1.7478842735290527,-,,F,1.3941302299499512,-,,Y,1.369956374168396,Y,3.323509693145752
308,R,1.7926078013011388,G,2.2861857414245605,Q,1.09009850025177,E,1.9249893426895142,E,1.6391820907592773,-,,E,1.492749810218811,E,2.808784008026123,-,,-,,-,,-,,G,1.306265115737915,-,,-,,-,
309,-,,-,,-,,-,,-,,-,,-,,-,,-,,-,,-,,-,,-,,-,,-,,-,
310,-,,-,,-,,-,,-,,-,,-,,-,,-,,-,,-,,-,,-,,-,,-,,-,
311,-,,-,,-,,-,,-,,-,,-,,-,,-,,-,,-,,-,,-,,-,,-,,-,
312,-,,-,,-,,-,,-,,-,,-,,-,,-,,-,,-,,-,,-,,-,,-,,-,
313,-,,-,,-,,-,,-,,-,,-,,-,,-,,-,,-,,-,,-,,-,,-,,-,
314,-,,-,,-,,-,,-,,-,,-,,-,,-,,-,,-,,-,,-,,-,,-,,-,
315,-,1.7461881637573242,-,,-,,-,,-,,-,,-,,-,,-,,-,,-,,-,,D,1.7461881637573242,-,,-,,-,
316,-,1.6246477365493774,-,,-,,-,,-,,-,,-,,-,,-,,-,,-,,-,,N,1.6246477365493774,-,,-,,-,
317,-,,-,,-,,-,,-,,-,,-,,-,,-,,-,,-,,-,,-,,-,,-,,-,
318,-,,-,,-,,-,,-,,-,,-,,-,,-,,-,,-,,-,,-,,-,,-,,-,
319,-,,-,,-,,-,,-,,-,,-,,-,,-,,-,,-,,-,,-,,-,,-,,-,
320,-,3.9004786014556885,-,,-,,-,,-,,-,,-,,-,,-,,-,,-,,-,,E,3.9004786014556885,-,,-,,-,
321,-,1.2572546005249023,-,,-,,-,,-,,-,,-,,-,,-,,-,,-,,-,,M,1.2572546005249023,-,,-,,-,
322,-,1.2116111516952515,-,,-,,-,,-,,-,,-,,-,,-,,-,,-,,-,,P,1.2116111516952515,-,,-,,-,
323,-,2.348188266158104,-,,-,,-,,-,,-,,-,,-,,A,3.4228906631469727,A,2.607374906539917,E,1.6810203790664673,F,3.1506683826446533,W,2.3649351596832275,F,1.2555758953094482,A,2.935206413269043,A,1.3678343296051025
324,-,,-,,-,,-,,-,,-,,-,,-,,-,,-,,-,,-,,-,,-,,-,,-,
325,-,,-,,-,,-,,-,,-,,-,,-,,-,,-,,-,,-,,-,,-,,-,,-,
326,-,,-,,-,,-,,-,,-,,-,,-,,-,,-,,-,,-,,-,,-,,-,,-,
327,-,2.072791271739536,-,,-,,-,,-,,E,1.9658145904541016,-,,-,,A,2.0865933895111084,A,1.5768862962722778,A,1.6266666650772095,P,2.6151421070098877,M,3.0298779010772705,P,1.4637837409973145,T,1.334227442741394,T,2.956129312515259
328,H,1.839011099603441,N,1.6155072450637817,E,1.9420149326324463,N,1.1715399026870728,N,3.2271203994750977,R,1.6540113687515259,K,2.128359794616699,K,2.1100082397460938,-,,-,,-,,Q,1.167498230934143,-,,Q,1.5350397825241089,-,,-,
329,N,2.18163271745046,Q,1.5764952898025513,D,1.8798681497573853,N,1.5735807418823242,I,1.947116732597351,A,1.8437280654907227,D,1.410907506942749,D,1.858547329902649,R,1.6042730808258057,R,3.344574213027954,R,4.522834300994873,D,3.0029797554016113,S,1.40033757686615,D,3.092865228652954,R,2.327632427215576,R,1.3387503623962402
330,Q,1.9844240347544353,T,2.5258944034576416,E,1.2510088682174683,D,1.4153512716293335,E,3.063509225845337,P,1.9388329982757568,A,1.1201666593551636,A,2.6586050987243652,K,1.1283283233642578,K,1.5997823476791382,S,2.0682873725891113,T,2.8374810218811035,Y,1.761866807937622,T,2.624528169631958,H,1.4325120449066162,H,2.3402059078216553
331,D,2.043327283859253,E,1.7661105394363403,S,1.3400474786758423,A,2.9779770374298096,S,1.6579887866973877,N,4.765089511871338,K,1.6869522333145142,K,1.6276848316192627,D,1.9841233491897583,D,1.6187289953231812,D,1.8473821878433228,I,1.0887565612792969,V,2.1418442726135254,I,1.274306058883667,D,3.433293581008911,D,1.4396238327026367
332,V,2.266703414916992,A,1.4461702108383179,R,1.8854708671569824,H,1.7245826721191406,H,1.567900538444519,T,1.2861405611038208,Q,4.091128826141357,Q,2.890892744064331,M,2.1819233894348145,M,1.868044376373291,R,1.868262529373169,Y,3.852576732635498,N,1.4678032398223877,Y,2.883356809616089,M,1.7061387300491333,M,3.2801589965820312
333,N,2.104899517695109,N,1.7251914739608765,N,3.077141046524048,N,3.4084556102752686,D,3.293682336807251,H,2.4831109046936035,N,1.662497878074646,N,1.5348869562149048,N,1.534204363822937,N,2.126650810241699,N,1.5181810855865479,E,1.2169288396835327,T,1.9349844455718994,E,2.696869134902954,N,1.653134822845459,N,1.7075730562210083
334,P,1.6583484490712483,E,1.489373803138733,E,1.9058341979980469,H,1.8957676887512207,D,2.4569337368011475,P,1.458167314529419,K,2.4662930965423584,K,1.5216939449310303,P,1.0398664474487305,P,1.5086915493011475,P,1.2719308137893677,Q,1.302390456199646,E,2.160628080368042,Q,1.0831373929977417,P,1.653432846069336,P,1.6610853672027588
335,I,2.2332404454549155,L,3.5860605239868164,L,1.7448277473449707,L,1.0371112823486328,L,1.4096691608428955,I,1.1252318620681763,S,1.3969556093215942,S,3.3854081630706787,L,2.820003032684326,L,1.6728403568267822,I,3.9295685291290283,K,1.8715038299560547,K,2.5822253227233887,K,3.7801434993743896,I,1.4953453540802002,I,1.661712408065796
336,L,1.7701675335566203,V,1.7695508003234863,L,3.2851414680480957,L,1.66502845287323,L,1.7992244958877563,L,2.664273262023926,I,1.0970187187194824,I,1.4842429161071777,I,1.9026315212249756,I,1.6556645631790161,L,1.4613122940063477,L,1.732146143913269,L,1.2347638607025146,L,1.2176518440246582,I,2.101656675338745,I,1.4822059869766235
337,L,2.035465669631958,L,1.3561924695968628,L,3.409518003463745,L,2.7668099403381348,L,1.1132786273956299,L,1.709288239479065,L,3.020348310470581,L,2.927496910095215,F,1.254629373550415,F,3.3474369049072266,L,1.5437980890274048,V,1.6488776206970215,L,1.1135838031768799,V,1.2397300004959106,F,2.0126631259918213,F,2.068333625793457
338,E,1.7713965813318888,E,1.3601467609405518,N,2.8012232780456543,K,1.0970476865768433,K,1.8814113140106201,E,1.3825910091400146,E,1.8493727445602417,E,2.0061779022216797,E,1.4058738946914673,E,1.444324254989624,E,1.5730210542678833,E,1.5533366203308105,E,2.148176908493042,E,1.819416880607605,E,2.2540488243103027,E,1.9947795867919922
339,F,2.1319726785024007,L,1.670871376991272,F,1.2436672449111938,F,3.198413610458374,F,1.3785444498062134,F,2.893540143966675,F,3.6554927825927734,F,3.71427845954895,L,2.083749771118164,L,1.5240330696105957,L,1.286773443222046,L,1.335269808769226,L,1.9282641410827637,L,1.8384368419647217,L,2.012141466140747,L,2.216113567352295
340,A,2.032012128829956,A,1.6275756359100342,A,3.117886781692505,A,1.6810580492019653,A,1.159374475479126,A,3.0575740337371826,A,1.286246418952942,A,1.3037556409835815,G,2.98689866065979,G,2.1257147789001465,A,3.466336488723755,A,1.3815562725067139,A,1.6683249473571777,A,1.7943652868270874,A,1.691772699356079,A,2.131741762161255
341,E,2.066149091720581,K,2.524606466293335,K,2.0111401081085205,K,2.23087215423584,K,3.397021770477295,K,2.114546537399292,K,3.343719482421875,K,2.5900230407714844,K,1.155205488204956,K,1.3027039766311646,K,1.2683833837509155,K,2.046192169189453,K,2.016479015350342,K,1.6538586616516113,K,1.6888182163238525,K,1.6486659049987793
342,L,1.8456468423207602,L,4.43731164932251,L,1.427137017250061,L,1.9378405809402466,L,1.9196544885635376,L,1.07583749294281,L,1.8332927227020264,L,1.363957405090332,I,1.5976483821868896,I,2.121941328048706,L,0.9580072164535522,V,2.3312973976135254,L,1.9787628650665283,V,1.314496397972107,L,1.61167573928833,L,1.7758419513702393
343,D,2.092472505569458,N,1.7282990217208862,D,1.9604264497756958,D,1.546284556388855,D,2.1660895347595215,D,1.0767134428024292,N,2.4906818866729736,N,1.1549853086471558,D,6.077800750732422,D,1.8480111360549927,D,2.514529228210449,E,1.423681378364563,E,1.1920963525772095,E,1.2367823123931885,D,3.1531665325164795,D,1.8175396919250488
344,F,2.175576440493266,Y,2.037309169769287,F,1.1259225606918335,F,2.2585933208465576,F,1.9922021627426147,F,1.433220386505127,F,1.4885343313217163,F,4.207470893859863,F,2.0126218795776367,F,2.6568546295166016,F,1.631791114807129,F,1.2018710374832153,F,4.301673412322998,F,2.0239036083221436,F,1.8845950365066528,F,2.3770830631256104
345,N,2.608822480837504,N,2.2782983779907227,N,4.4781599044799805,N,1.6340398788452148,H,1.3983476161956787,N,6.526129245758057,N,1.3007797002792358,N,1.8591108322143555,H,1.0338172912597656,H,4.100128650665283,N,1.7243627309799194,N,5.483497142791748,N,2.0805277824401855,N,2.3408470153808594,N,1.0317795276641846,N,1.8625115156173706
346,I,1.7944913109143574,L,2.6750361919403076,M,1.7396130561828613,M,1.6611491441726685,I,2.3887572288513184,D,1.4655271768569946,L,2.826704740524292,L,0.9487929940223694,I,1.3198907375335693,I,1.2795665264129639,I,2.0489048957824707,I,2.0012123584747314,I,1.3290916681289673,I,1.4215365648269653,I,1.9360108375549316,I,1.8755755424499512
347,V,2.1025390148162844,V,2.975590944290161,V,1.7766491174697876,L,1.3728511333465576,L,2.226750612258911,V,1.202000617980957,L,2.363961696624756,L,2.1263248920440674,I,1.1422498226165771,I,1.8920327425003052,V,1.6788870096206665,F,1.263962984085083,F,4.789431571960449,F,1.174128770828247,T,4.052964687347412,T,1.5002986192703247
348,Q,2.200558630625407,Q,1.4088547229766846,Q,1.7548762559890747,Q,1.2323527336120605,Q,1.5680841207504272,Q,1.6954855918884277,Q,1.3690407276153564,Q,1.484435796737671,Q,2.590113878250122,Q,1.5473843812942505,Q,3.794771909713745,H,1.5625783205032349,H,1.910454273223877,H,5.482691287994385,Q,1.632737159729004,Q,3.974518299102783
349,A,1.9472173213958741,L,1.8693140745162964,K,1.7134876251220703,K,2.88863205909729,K,1.3334431648254395,A,1.8604031801223755,L,1.5055341720581055,L,0.9660794734954834,E,2.6710784435272217,E,1.148105263710022,A,3.013089656829834,S,2.201470375061035,S,2.6004748344421387,S,2.077146291732788,A,1.551842212677002,A,1.8081589937210083
350,A,1.8296623388926188,Q,2.2961630821228027,M,1.6148710250854492,L,1.3703101873397827,M,1.1626745462417603,T,1.8367176055908203,L,1.0906891822814941,R,2.465522289276123,T,2.735654830932617,T,2.7038819789886475,I,1.367626667022705,L,1.8423045873641968,I,2.064293622970581,L,1.2470457553863525,T,1.9347271919250488,T,1.7124525308609009
351,H,2.033780066172282,H,1.8825373649597168,H,1.0335602760314941,H,1.6557197570800781,H,1.7014886140823364,H,1.9002249240875244,Y,1.9298949241638184,Y,2.6235146522521973,Q,1.3546521663665771,Q,2.682126045227051,H,2.7073941230773926,Q,3.9520528316497803,Q,2.2692906856536865,Q,1.519171953201294,Q,1.4604908227920532,Q,1.8345818519592285
352,Q,1.8053704977035523,Q,1.2170307636260986,Q,2.1498422622680664,Q,2.469266176223755,Q,1.7053096294403076,Q,1.3962687253952026,S,2.8199541568756104,S,1.0786285400390625,L,2.206408739089966,L,1.271442174911499,Q,1.924312710762024,K,1.6760367155075073,Q,1.1771140098571777,K,2.218280076980591,Q,2.344003200531006,Q,1.4266595840454102
353,A,1.8829809824625652,E,1.2846044301986694,R,2.843919515609741,R,2.0693318843841553,R,2.075634002685547,E,1.7951171398162842,S,1.5519957542419434,S,1.4181114435195923,E,1.8149113655090332,E,1.795353889465332,N,1.967604160308838,R,1.216374397277832,R,2.1927709579467773,R,1.8251566886901855,E,2.1111466884613037,E,2.282682418823242
354,D,2.1075276931126914,E,1.8897209167480469,E,1.0462076663970947,E,2.6969234943389893,E,2.63671612739563,D,3.959343910217285,E,1.2174561023712158,E,1.4455097913742065,E,1.4859600067138672,E,2.591733455657959,D,1.701147198677063,E,1.986879825592041,E,1.3884397745132446,E,3.6661527156829834,E,1.7692515850067139,E,2.1314728260040283
355,L,1.9407596627871195,L,1.1949083805084229,L,3.2780840396881104,L,0.9304805397987366,L,1.6016117334365845,L,1.620750069618225,L,1.9529169797897339,L,5.588521957397461,V,1.6620405912399292,V,1.7854139804840088,L,1.8044708967208862,L,1.4984757900238037,L,1.1657127141952515,L,1.60751473903656,L,1.651326298713684,L,1.7691662311553955
356,K,1.893535304069519,K,1.5183312892913818,S,1.619911551475525,S,3.1866040229797363,S,2.986675500869751,K,1.7732446193695068,K,1.6970305442810059,K,1.472090721130371,Q,1.6991603374481201,Q,1.6500617265701294,E,1.792896032333374,Q,1.2821942567825317,K,3.010702610015869,Q,1.1906177997589111,R,1.7843977212905884,R,1.7391108274459839
357,Q,2.228576147556305,I,3.664921283721924,D,1.8424551486968994,D,1.5023202896118164,E,0.9751543402671814,F,1.3787822723388672,E,4.921741008758545,E,1.434786081314087,E,2.8123958110809326,E,1.8403756618499756,C,1.5053730010986328,S,2.7355988025665283,H,1.901572823524475,S,2.0112457275390625,D,3.1226370334625244,D,1.7792829275131226
358,V,2.1459333658218385,I,1.6072657108306885,A,3.9618396759033203,L,4.492483615875244,L,2.816697835922241,M,1.8655649423599243,C,1.11696195602417,C,2.3510396480560303,V,1.286577582359314,V,1.1142945289611816,T,1.7848052978515625,L,1.5429422855377197,I,1.8735427856445312,L,1.5062670707702637,L,1.7549067735671997,L,3.1138107776641846
359,S,1.8761133352915447,T,2.1198360919952393,T,1.3382660150527954,T,2.2045657634735107,T,1.3795456886291504,S,1.6793240308761597,T,1.6159377098083496,T,1.439258098602295,S,2.4396798610687256,S,2.5196263790130615,L,2.618830680847168,T,2.552609443664551,S,1.2598834037780762,T,1.3500919342041016,S,1.875081181526184,S,1.7491637468338013
360,T,2.217846695582072,R,1.5466866493225098,R,2.1670892238616943,R,1.5628085136413574,R,4.277989387512207,R,1.8924493789672852,T,2.8115081787109375,T,3.8577511310577393,R,1.853602409362793,R,2.2981858253479004,R,1.7403749227523804,R,1.3176491260528564,R,1.7945767641067505,R,2.932640552520752,R,1.358564019203186,R,1.85582435131073
361,W,1.6007132132848103,W,1.4566001892089844,W,1.6555715799331665,W,1.4726437330245972,W,1.558831810951233,W,1.1371928453445435,W,1.6010328531265259,W,1.33026123046875,W,1.3597429990768433,W,1.4057327508926392,W,1.9773417711257935,W,1.5608731508255005,W,3.915085792541504,W,1.309099793434143,W,0.938336968421936,W,1.332350730895996
362,W,1.6884776075681052,W,1.846381425857544,W,1.596482276916504,W,1.3409560918807983,W,1.319476842880249,W,1.0309576988220215,W,3.8804595470428467,W,2.3692641258239746,W,1.7039803266525269,W,0.9676139950752258,W,1.7873798608779907,W,1.3500750064849854,W,1.8739128112792969,W,2.2191245555877686,W,1.1159260272979736,W,0.9251735210418701
363,K,1.5675683816274006,N,1.6639823913574219,K,1.1388907432556152,K,1.7446702718734741,K,2.3316638469696045,K,1.2781683206558228,K,1.4213249683380127,K,1.592246413230896,T,1.2257033586502075,T,1.2914962768554688,S,2.0034608840942383,K,1.6296759843826294,K,1.3242783546447754,K,1.2134287357330322,N,2.378217935562134,N,1.2763172388076782
364,S,1.8205141226450603,D,2.318646192550659,K,1.2911463975906372,D,1.5254005193710327,Y,1.041244387626648,N,2.6318626403808594,E,2.5725560188293457,E,1.575369119644165,N,2.416889190673828,N,2.1399474143981934,S,2.098668336868286,H,1.1215250492095947,D,1.7317959070205688,H,1.395219087600708,S,1.2093334197998047,S,2.2381081581115723
365,-,2.015325403213501,-,,-,,-,,-,,-,,-,,-,,S,4.325918197631836,S,1.3376126289367676,T,1.2364023923873901,-,,-,,-,,A,1.9960389137268066,A,1.1806548833847046
366,T,1.8171197175979614,L,3.0569419860839844,L,2.5534915924072266,L,1.47316312789917,L,1.2406882047653198,T,1.3978484869003296,L,1.3220347166061401,L,2.07246470451355,-,,-,,G,1.18839430809021,Y,1.9112211465835571,S,2.4624745845794678,Y,1.3095940351486206,-,,-,
367,G,2.0557603927759023,E,1.34235417842865,E,1.6148982048034668,D,2.147650718688965,D,1.3297151327133179,G,1.6268305778503418,R,1.266459584236145,R,1.8520458936691284,N,2.023135185241699,N,2.235414981842041,L,2.5080630779266357,-,,G,3.5715858936309814,-,,G,3.343561887741089,G,1.86316978931427
368,-,4.0883469581604,-,,-,,-,,-,,L,4.0883469581604,-,,-,,-,,-,,-,,-,,-,,-,,-,,-,
369,L,2.077535403626306,L,1.693968415260315,V,2.4335896968841553,F,2.0386195182800293,Y,1.3603723049163818,D,2.042982578277588,V,2.4503774642944336,V,1.7558575868606567,L,1.6722354888916016,L,3.3428428173065186,-,,G,2.991041898727417,F,1.3642048835754395,G,1.6590988636016846,L,0.9586369395256042,L,3.321667194366455
370,V,1.8601033528645834,Q,1.4884568452835083,A,2.745387077331543,A,1.1916998624801636,E,2.167923927307129,R,2.6911211013793945,E,1.6581212282180786,E,2.5954856872558594,A,1.19802725315094,A,1.8578965663909912,A,1.6121128797531128,F,2.6063830852508545,S,1.6778253316879272,F,1.1096279621124268,V,2.0349271297454834,V,1.266554355621338
371,E,2.058291963168553,T,1.5019680261611938,K,1.779220700263977,N,1.8381954431533813,N,1.7720038890838623,E,1.419508934020996,S,1.8273957967758179,S,1.733283519744873,E,2.082597017288208,E,2.008188009262085,E,4.227038383483887,P,3.124661445617676,-,,P,1.8604164123535156,E,1.60113525390625,E,2.0404746532440186
372,N,2.0800029039382935,R,1.3700768947601318,R,3.393270969390869,K,1.632368564605713,K,1.991109013557434,K,2.258481979370117,N,2.194890022277832,N,1.2056069374084473,K,2.1236650943756104,K,1.6544358730316162,K,2.3342854976654053,Q,1.8900216817855835,Q,2.012916326522827,Q,2.8326222896575928,K,2.8247063159942627,K,1.4815860986709595
373,L,2.054094076156616,L,3.1632091999053955,M,0.9263746738433838,Y,2.5960445404052734,Y,1.1828231811523438,M,1.2371938228607178,L,2.3046510219573975,L,4.485009670257568,L,1.2758729457855225,L,2.519019603729248,L,1.2921322584152222,L,1.6049411296844482,M,1.3554911613464355,L,2.711625099182129,L,1.2055591344833374,L,2.9514636993408203
374,S,1.678404982884725,S,1.9472657442092896,P,2.0506670475006104,P,1.6185272932052612,P,1.3844941854476929,N,1.5549912452697754,S,1.1361377239227295,S,1.207113265991211,P,2.7948946952819824,P,1.1948838233947754,S,1.8795437812805176,S,1.1073641777038574,N,1.4174851179122925,S,3.135721206665039,S,1.538366436958313,S,1.2086189985275269
375,F,2.451298642158508,F,2.2205495834350586,Y,1.7502166032791138,Y,4.385387420654297,Y,5.827965259552002,F,1.7616790533065796,F,3.981673002243042,F,1.497187614440918,F,1.893189787864685,F,1.5865797996520996,F,2.2675888538360596,F,1.2180650234222412,F,1.5432913303375244,F,1.7690681219100952,F,3.642122745513916,F,1.4249154329299927
376,A,2.337154491742452,A,2.564169406890869,A,4.211583614349365,A,1.3382885456085205,A,1.1167423725128174,A,1.7550952434539795,V,1.4362083673477173,V,3.4540762901306152,V,3.0018603801727295,V,4.179806232452393,A,1.5102463960647583,T,1.7016083002090454,V,1.8790271282196045,T,1.7037742137908936,A,1.5337023735046387,A,3.671128511428833
377,R,2.0800649166107177,R,3.2500698566436768,R,1.4437527656555176,R,1.6223177909851074,R,3.771260976791382,R,2.881903648376465,R,1.4603586196899414,R,2.066713333129883,R,2.3092105388641357,R,1.6118937730789185,R,2.231828451156616,R,2.0520122051239014,R,1.3950517177581787,R,1.101518988609314,R,2.4603347778320312,R,1.5427463054656982
378,D,2.027188245455424,D,2.034280300140381,D,1.5719995498657227,D,1.6635273694992065,D,1.944917917251587,D,1.8243459463119507,D,2.4892592430114746,D,1.135337471961975,D,1.9279816150665283,D,2.47525954246521,D,1.5169503688812256,H,2.569179058074951,H,3.007066488265991,H,1.2448372840881348,D,2.5059025287628174,D,2.496978998184204
379,R,2.1145328203837077,R,1.579003095626831,R,1.5811020135879517,R,1.501086950302124,K,1.9380789995193481,R,3.685166120529175,R,1.8890968561172485,R,2.0725297927856445,R,1.549075961112976,R,2.7327675819396973,I,2.2418010234832764,I,3.924733877182007,R,1.5487537384033203,I,1.7001638412475586,R,1.5138607025146484,R,2.2607717514038086
380,P,1.7180825829505921,V,0.916753351688385,V,1.5392953157424927,L,1.426318645477295,L,1.489340901374817,I,1.7049061059951782,I,1.9467397928237915,I,2.1476669311523438,I,1.8465113639831543,I,1.7861764430999756,M,1.6568599939346313,H,1.9288164377212524,H,1.544122576713562,H,2.1208689212799072,V,2.2038211822509766,V,1.5130407810211182
381,V,2.101950208346049,V,1.8531678915023804,V,1.6989185810089111,V,4.012057781219482,V,1.7640184164047241,V,1.754693627357483,V,1.8418184518814087,V,1.6077264547348022,V,2.6984705924987793,V,1.6585273742675781,V,1.985610842704773,V,1.9432971477508545,V,1.9094752073287964,V,2.5291786193847656,V,2.058509349822998,V,2.213782787322998
382,E,1.8445516109466553,E,1.2412973642349243,E,1.6430922746658325,E,1.2128937244415283,E,1.252822756767273,Q,1.9102303981781006,E,1.377821445465088,E,1.3907997608184814,E,1.5834660530090332,E,2.130180835723877,E,1.109063744544983,E,2.3796210289001465,E,2.2841100692749023,E,4.069929122924805,E,2.005309581756592,E,2.0776360034942627
383,N,1.8836183269818625,C,1.4608114957809448,C,1.6022040843963623,C,2.5551576614379883,C,3.378221273422241,N,3.4507107734680176,V,1.6158171892166138,V,1.8462154865264893,C,1.0722681283950806,C,1.7460391521453857,N,0.9397227168083191,Y,1.8799707889556885,Y,1.6117827892303467,Y,1.9219067096710205,S,1.171633005142212,S,2.0018136501312256
384,F,1.8545832316080728,Y,3.302377700805664,F,1.7158013582229614,Y,1.8592808246612549,Y,1.2716064453125,V,1.9037243127822876,Y,1.4895068407058716,Y,1.616835355758667,Y,2.315300703048706,Y,1.159422516822815,F,1.3603458404541016,Y,1.977837324142456,Y,2.6286780834198,Y,1.954448938369751,Y,2.092712879180908,Y,1.1708693504333496
385,F,2.165743025143941,F,2.2805426120758057,F,1.5703880786895752,F,1.3940339088439941,F,3.389782428741455,L,1.4709275960922241,F,1.8715269565582275,F,1.737840175628662,F,2.218440532684326,F,2.2617673873901367,F,3.5796589851379395,T,1.814165711402893,T,1.874895453453064,T,2.420509099960327,F,2.503995895385742,F,2.097670555114746
386,W,1.9461116711298625,W,1.960597038269043,W,1.4525723457336426,W,1.9274173974990845,W,1.572119951248169,W,1.2745962142944336,W,2.114234209060669,W,3.3196630477905273,W,2.372339963912964,W,2.758277654647827,W,2.0757083892822266,F,1.3827317953109741,L,1.410757064819336,F,1.8761696815490723,W,1.1997054815292358,W,2.4947848320007324
387,T,2.072898332277934,M,1.7970967292785645,I,2.3247230052948,I,4.424129962921143,A,1.010607361793518,S,1.3805910348892212,M,2.344836950302124,M,3.691239356994629,A,1.1382158994674683,A,1.1726391315460205,T,2.033297300338745,G,1.2550190687179565,A,4.135966777801514,G,1.9392939805984497,A,1.252549409866333,A,1.1932690143585205
388,V,2.0919584127572866,V,1.290243148803711,V,2.405117988586426,L,1.8957798480987549,T,3.648859739303589,L,1.3332417011260986,S,2.485621452331543,S,1.2619214057922363,L,1.4101231098175049,L,3.0428988933563232,V,3.7520551681518555,-,,S,1.5778292417526245,-,,I,1.84523344039917,I,1.2465342283248901
389,G,2.469618925681481,G,1.3255537748336792,G,4.783480167388916,G,0.9212232828140259,G,3.784956932067871,-,,G,2.352795362472534,G,3.5463767051696777,G,3.588402509689331,G,1.8271539211273193,G,2.0238239765167236,S,2.4456653594970703,-,,S,1.716214656829834,G,1.9481980800628662,G,1.8412013053894043
390,-,2.2027028931511774,-,,-,,-,,-,,G,1.6823391914367676,-,,-,,L,1.8541247844696045,L,1.8332206010818481,T,3.6891651153564453,C,2.1933858394622803,C,1.3953782320022583,C,1.389089822769165,T,3.7739665508270264,T,2.0136559009552
391,L,2.214325577020645,V,5.483911991119385,V,1.4857906103134155,V,1.702579379081726,V,1.7311290502548218,I,4.777040004730225,G,2.017474889755249,G,1.6746331453323364,-,,-,,-,,I,1.0753769874572754,F,0.9678770899772644,I,1.2274426221847534,-,,-,
392,I,1.8056968530019124,Y,1.378224492073059,Y,1.9095516204833984,Y,1.0947505235671997,Y,0.842046856880188,I,1.241485834121704,C,3.6870412826538086,C,1.1234647035598755,F,1.3999565839767456,F,2.619814872741699,I,1.3377597332000732,A,1.506939172744751,A,1.5347347259521484,A,2.365467071533203,L,1.273964285850525,L,3.7702510356903076
393,-,,-,,-,,-,,-,,-,,-,,-,,-,,-,,-,,-,,-,,-,,-,,-,
394,F,1.8622855265935263,F,1.0861597061157227,F,1.9761238098144531,F,2.4072866439819336,F,1.8831474781036377,F,2.220431327819824,Y,1.2102714776992798,Y,1.0884695053100586,E,2.2898716926574707,E,1.335276484489441,S,2.929673433303833,T,1.7144756317138672,I,2.1870768070220947,T,2.2365822792053223,E,2.100147008895874,E,1.2692896127700806
395,Q,1.766072146097819,E,1.8900822401046753,E,2.077012062072754,E,2.4246902465820312,G,1.4776217937469482,E,2.237896203994751,D,0.9075881242752075,D,0.9927302598953247,P,2.2811801433563232,P,1.652247667312622,D,1.141924262046814,D,1.7455110549926758,D,2.338941812515259,D,1.0378775596618652,P,2.199578046798706,P,2.086200714111328
396,P,1.8113149086634317,P,2.414609432220459,P,1.575449824333191,P,1.4027009010314941,P,2.7260165214538574,P,1.7858121395111084,P,1.2618465423583984,P,2.256253242492676,H,1.391235113143921,H,2.156454086303711,P,1.3135617971420288,P,2.2253286838531494,P,1.3895697593688965,P,1.4800405502319336,R,1.600732445716858,R,2.190112590789795
397,Q,1.8522624731063844,S,2.180173397064209,C,1.8509221076965332,K,1.4286437034606934,Q,2.801851987838745,Q,1.3525707721710205,Q,1.8194303512573242,Q,1.5792027711868286,E,1.388488531112671,E,2.1536035537719727,Q,1.8001580238342285,K,2.217474937438965,E,2.2258718013763428,K,1.7226828336715698,Q,1.6632111072540283,Q,1.5996512174606323
398,F,1.7994551181793212,Y,1.3293368816375732,Y,1.6775816679000854,Y,1.1134835481643677,Y,1.7327630519866943,F,1.33963942527771,Y,2.461513042449951,Y,3.435795545578003,Y,1.4213539361953735,Y,1.2400578260421753,H,1.2734003067016602,Q,2.7598953247070312,H,2.453878879547119,Q,1.7325681447982788,Y,1.3509085178375244,Y,1.669650673866272
399,G,1.890081810951233,S,1.6665771007537842,A,3.155599594116211,S,3.1255695819854736,K,1.5962258577346802,A,2.806029796600342,S,1.002849817276001,S,0.9406070709228516,G,1.536876916885376,G,1.277427315711975,G,1.4656742811203003,S,1.7315664291381836,S,2.206913948059082,S,2.213808536529541,G,2.2701449394226074,G,1.355355978012085
400,Y,1.8601677576700846,R,1.871581792831421,T,1.104231834411621,R,1.2525138854980469,R,1.1038888692855835,Y,2.8820807933807373,H,2.131333351135254,H,1.5191569328308105,Y,1.478859543800354,Y,1.671048641204834,N,2.181962013244629,A,2.319775104522705,A,2.161262273788452,A,2.2586829662323,Y,1.7028758525848389,Y,2.2632625102996826
401,C,2.1168549060821533,A,1.4378447532653809,A,2.82672119140625,A,2.4898228645324707,A,1.5984891653060913,C,1.773922085762024,S,1.4624836444854736,S,2.0086348056793213,Q,1.9816943407058716,Q,1.763505220413208,A,4.223745346069336,F,2.6874337196350098,F,1.7678691148757935,F,2.785635232925415,Q,1.26579749584198,Q,1.6792246103286743
402,R,1.966635266939799,R,2.297466516494751,R,1.5592331886291504,R,1.6478875875473022,R,2.390848159790039,R,2.2127623558044434,R,1.294362187385559,R,4.345690727233887,R,2.315598487854004,R,1.5642131567001343,R,1.9425528049468994,R,1.5365790128707886,R,0.9569162130355835,R,1.6668133735656738,R,2.544679641723633,R,1.2239255905151367
403,R,1.9779599150021872,V,2.3479883670806885,R,1.4520713090896606,K,1.0658552646636963,K,1.6418391466140747,R,1.8546230792999268,I,1.7872543334960938,I,2.0169949531555176,K,1.5967891216278076,K,2.3550362586975098,R,1.8694875240325928,L,0.9947378039360046,V,3.9554524421691895,L,2.3720905780792236,K,1.820199966430664,K,2.5389785766601562
404,M,2.1603820880254108,I,1.471156358718872,I,3.230048179626465,M,1.7515037059783936,T,2.0291311740875244,M,1.2295750379562378,I,5.220089435577393,I,1.3018255233764648,M,1.7669651508331299,M,2.2791171073913574,L,1.0282913446426392,C,3.4080913066864014,S,1.549178957939148,C,2.7201478481292725,L,1.3297243118286133,L,2.090885877609253
405,F,1.8646474599838256,L,2.4325859546661377,L,3.412351369857788,M,1.564090609550476,L,1.495443344116211,S,1.1276767253875732,L,2.2213473320007324,L,2.840786933898926,A,1.9815735816955566,A,1.4678428173065186,L,1.1209648847579956,F,1.9605114459991455,F,1.3005818128585815,F,1.556226134300232,V,1.9923442602157593,V,1.495384693145752
406,T,1.8733442385991415,S,1.3897132873535156,S,1.8340436220169067,T,3.1345982551574707,T,1.512204885482788,V,2.296588182449341,T,1.1619051694869995,T,1.7773168087005615,A,1.3101730346679688,A,1.561967372894287,T,3.2048304080963135,A,1.6529741287231445,A,1.3385508060455322,A,0.9780038595199585,A,2.9900546073913574,A,1.9572391510009766
407,K,2.3147747039794924,K,2.9146456718444824,K,0.91541588306427,K,1.6369556188583374,K,1.6068909168243408,K,2.8820526599884033,K,2.187206983566284,K,2.129850387573242,I,3.829667806625366,I,2.158851146697998,K,2.528608798980713,K,1.5066642761230469,K,1.9861750602722168,K,3.6734845638275146,K,1.8427574634552002,K,2.922393321990967
408,V,2.3585566838582355,V,1.3891464471817017,A,1.5403175354003906,V,2.119309186935425,L,2.0429768562316895,A,2.113165855407715,I,2.535665512084961,I,2.59543514251709,I,1.1547495126724243,I,1.2498054504394531,V,1.2394922971725464,M,2.123364210128784,M,7.238475799560547,M,1.9583017826080322,I,4.279476642608643,I,1.7986680269241333
409,F,2.2372424840927123,L,1.3741836547851562,I,1.1935175657272339,I,2.2014670372009277,I,2.1694912910461426,Y,1.2388540506362915,V,1.5202240943908691,V,1.0457031726837158,I,1.3223389387130737,I,4.248315334320068,A,1.1920734643936157,S,7.231522083282471,C,1.4576070308685303,S,1.7006512880325317,I,1.420804500579834,I,4.241883754730225
410,A,2.2317571083704633,A,3.409788131713867,N,2.371098279953003,Q,1.9623419046401978,V,2.6871049404144287,A,2.441821813583374,A,3.0083420276641846,A,2.4573090076446533,T,3.259212017059326,T,1.4972600936889648,A,1.4485834836959839,Y,1.8861312866210938,H,2.0334911346435547,Y,1.424196720123291,A,2.1865358352661133,A,1.4031399488449097
411,L,2.0264710346857706,I,2.153325080871582,M,2.478633165359497,M,2.054816722869873,I,1.6838266849517822,F,1.4085532426834106,F,1.6269307136535645,F,3.5776755809783936,F,1.1483854055404663,F,1.2872713804244995,L,1.9677003622055054,F,2.540614128112793,L,2.7086989879608154,F,2.003437042236328,L,1.3757363557815552,L,2.381460666656494
412,I,2.2631677468617757,V,1.5458189249038696,A,2.313075304031372,A,1.784071445465088,I,1.5819543600082397,I,2.287755250930786,I,1.7790006399154663,I,1.4516555070877075,V,0.9896440505981445,V,2.3512845039367676,V,4.113763332366943,V,2.478951930999756,G,1.7418901920318604,V,6.6386590003967285,I,1.5169432163238525,I,1.3730485439300537
413,T,1.9333593289057414,S,3.1221911907196045,S,1.620673418045044,S,1.5705320835113525,T,2.766218423843384,T,1.5289404392242432,T,2.5518782138824463,T,1.8437021970748901,T,1.9279272556304932,T,1.3646643161773682,T,1.4000657796859741,T,2.7166693210601807,T,1.8975772857666016,T,1.7813364267349243,S,1.3744652271270752,S,1.533548355102539
414,T,1.901949683825175,L,1.3921754360198975,I,1.0994983911514282,F,4.714874744415283,I,1.8961691856384277,L,1.345152497291565,I,1.4449779987335205,I,1.7947204113006592,I,2.059246778488159,I,1.2554683685302734,A,2.599048614501953,V,1.9153512716293335,V,1.3720816373825073,V,2.650425434112549,V,1.477050542831421,V,1.513003945350647
415,I,1.999574367205302,L,1.554736614227295,V,2.6868507862091064,F,2.5314548015594482,T,1.1677707433700562,I,1.5702744722366333,L,1.5326383113861084,L,1.6053173542022705,I,1.6180343627929688,I,1.6897492408752441,I,2.3756885528564453,L,1.4469364881515503,L,4.7930474281311035,L,2.6449248790740967,V,1.4260940551757812,V,1.350097417831421
416,D,2.190157747268677,D,3.1281189918518066,D,1.8209339380264282,D,1.8674193620681763,D,5.223202228546143,D,1.9506198167800903,D,1.3926925659179688,D,0.7808547019958496,D,1.2482234239578247,D,1.6723945140838623,D,1.531433343887329,D,3.1641042232513428,D,2.9185588359832764,D,2.431004524230957,D,2.291710615158081,D,1.4310951232910156
417,D,2.2357316851615905,D,1.427955150604248,D,1.7630523443222046,D,0.9467676281929016,D,2.001962900161743,D,1.5945342779159546,D,2.5722622871398926,D,2.315889596939087,D,4.045577049255371,D,1.9527417421340942,D,1.1354081630706787,D,1.4868059158325195,D,2.884615659713745,D,1.976723313331604,D,5.108273983001709,D,2.3234052658081055
418,V,2.2228880008061727,T,1.9999481439590454,T,2.608490228652954,T,1.4071532487869263,L,1.7604206800460815,V,3.0059890747070312,T,1.2790436744689941,T,2.990022897720337,V,1.5484907627105713,V,1.539208173751831,V,1.6414811611175537,I,3.0070369243621826,I,2.867661952972412,I,1.5700355768203735,V,1.0117977857589722,V,5.106539726257324
419,Y,1.8811357702527727,Y,1.834306240081787,-,,F,1.1133008003234863,Y,1.4119606018066406,Y,2.290125846862793,L,1.2875938415527344,L,1.1567021608352661,Y,2.1675302982330322,Y,3.1459860801696777,Y,2.7656443119049072,Y,2.11208438873291,Y,1.1721652746200562,Y,2.8743348121643066,Y,1.9787081480026245,Y,1.0254579782485962
420,D,1.8626789808273316,D,1.7392349243164062,Y,1.297837734222412,D,1.0737478733062744,D,2.3141279220581055,D,1.3778765201568604,D,3.1031272411346436,D,2.406186580657959,D,1.866708755493164,D,1.2759207487106323,D,1.6210740804672241,D,3.3035600185394287,D,1.5075607299804688,D,1.5612629652023315,D,1.5018388032913208,D,1.9901198148727417
421,V,1.9233479499816895,V,1.2051217555999756,E,1.164143443107605,A,1.1209349632263184,A,2.3905458450317383,V,2.4148783683776855,S,2.801154136657715,S,1.6775881052017212,V,1.8327966928482056,V,2.789198637008667,Q,1.726879596710205,T,1.5271259546279907,T,1.3355960845947266,T,3.116241216659546,I,2.2472307682037354,I,1.5007836818695068
422,Y,2.141280515988668,Y,1.6655081510543823,Y,1.798712134361267,Y,1.7720646858215332,Y,1.071976661682129,Y,2.20314359664917,H,2.0332815647125244,H,1.4690426588058472,Y,5.07228946685791,Y,3.2921230792999268,Y,2.689160108566284,Y,1.3001823425292969,F,1.5186874866485596,Y,2.1340224742889404,Y,2.0330235958099365,Y,2.0659897327423096
423,G,2.4571558396021524,G,3.5404725074768066,A,2.804203748703003,A,3.7039835453033447,A,1.1088721752166748,G,2.1684658527374268,A,1.6562190055847168,A,1.8529069423675537,G,1.6551413536071777,G,1.7667145729064941,G,1.2557767629623413,G,2.807983636856079,G,4.034344673156738,G,3.2719504833221436,G,2.8955705165863037,G,2.3347318172454834
424,T,1.894229491551717,T,1.6680997610092163,T,2.2147903442382812,T,1.11142098903656,T,1.7186806201934814,T,1.9408602714538574,N,1.6919565200805664,T,2.3275580406188965,T,1.0197333097457886,T,2.9082045555114746,T,1.1070897579193115,T,1.897035837173462,T,2.861578941345215,T,1.5574455261230469,T,1.4015141725540161,T,2.987473726272583
425,L,1.743774692217509,S,1.4460599422454834,L,1.4076581001281738,F,2.357074737548828,Y,2.3585715293884277,L,1.3877207040786743,S,2.03153395652771,S,1.7517659664154053,L,2.30110764503479,L,1.3604878187179565,E,1.1605662107467651,M,1.8091918230056763,M,2.7957215309143066,M,1.3105167150497437,L,1.3844716548919678,L,1.2941720485687256
426,D,1.7777409036954244,Q,2.179450035095215,D,1.4011034965515137,D,2.097362995147705,D,0.9547855257987976,D,1.650389552116394,Y,2.3156588077545166,C,1.7158373594284058,D,1.169955849647522,D,1.2186627388000488,D,2.546902656555176,E,1.7379565238952637,E,2.263547897338867,E,2.836447238922119,D,1.2807544469833374,D,1.2972984313964844
427,E,2.100681249300639,E,1.5808639526367188,E,1.311143398284912,E,2.1801791191101074,E,2.078399181365967,E,3.643047332763672,E,1.456156849861145,E,4.689984321594238,E,1.4727215766906738,E,1.891985535621643,E,3.3480615615844727,E,1.5901702642440796,E,1.8497471809387207,E,1.8840419054031372,E,1.3503773212432861,E,1.183339238166809
428,L,1.862436294555664,C,3.654846668243408,L,2.476318836212158,L,1.3072723150253296,L,2.3380632400512695,L,1.6097297668457031,S,1.1749228239059448,S,1.8454835414886475,L,2.746309995651245,L,1.420128583908081,L,1.1883268356323242,L,2.087223768234253,L,1.3159890174865723,L,1.8214380741119385,L,1.4086194038391113,L,1.5418715476989746
429,E,2.2414983828862507,E,2.329861640930176,Q,1.623067021369934,E,1.3380171060562134,V,2.135019302368164,E,1.4309313297271729,M,5.063055515289307,M,2.641432762145996,Q,1.9176431894302368,Q,2.9521281719207764,E,1.3512715101242065,E,1.814412236213684,Q,2.1415812969207764,E,1.7353253364562988,K,3.718088388442993,K,1.4306409358978271
430,L,2.0088369846343994,L,2.332374334335327,I,1.5822193622589111,P,0.9078328609466553,P,1.1048102378845215,L,2.82405161857605,Q,2.004218816757202,Q,1.6870181560516357,L,3.2471346855163574,L,2.998849868774414,L,1.187147617340088,L,1.8565351963043213,L,1.125211238861084,L,1.5978977680206299,L,1.3702285289764404,L,4.3070244789123535
431,F,2.1419690450032554,F,1.3632203340530396,L,6.210799694061279,F,2.3666586875915527,Y,1.9958667755126953,F,1.19297194480896,L,2.494265556335449,L,1.8836309909820557,F,0.8960187435150146,F,1.152990460395813,F,2.522493600845337,F,1.7585456371307373,F,1.7285995483398438,F,2.0360546112060547,F,3.185858964920044,F,1.3415601253509521
432,T,1.9290343920389812,T,1.377465009689331,T,3.30562424659729,N,1.4346951246261597,T,0.9581595659255981,T,2.5117130279541016,A,1.549477458000183,A,1.4393516778945923,T,1.4828399419784546,T,3.067612648010254,T,2.9148671627044678,T,1.631678581237793,T,0.8690158128738403,T,1.8023748397827148,T,2.0268993377685547,T,2.563741445541382
433,D,2.360677146911621,K,2.207932949066162,D,1.963910698890686,D,2.9169623851776123,D,2.4539566040039062,D,1.665034532546997,E,2.2000646591186523,E,1.3832439184188843,D,3.0884172916412354,D,1.7854435443878174,S,3.101361036300659,A,1.9361974000930786,A,5.768490791320801,A,1.8373485803604126,D,1.2186757326126099,D,1.8831170797348022
434,V,1.8727198282877604,C,1.6636391878128052,A,1.399946928024292,A,2.461522102355957,A,1.546729326248169,A,1.4246172904968262,A,1.0812455415725708,A,1.0338046550750732,A,2.857527732849121,A,0.9623481035232544,V,1.1958624124526978,A,4.540180206298828,A,1.9977617263793945,A,1.6353626251220703,V,2.9333808422088623,V,1.3568687438964844
435,V,1.7854880730311076,I,1.3425253629684448,I,2.570894718170166,I,1.343348503112793,V,1.909324049949646,V,1.6044789552688599,V,1.2171310186386108,I,1.102653980255127,I,1.774646282196045,I,1.8302847146987915,V,1.6494905948638916,I,1.2834136486053467,V,1.2771981954574585,I,1.5186578035354614,M,3.565798759460449,M,2.7924745082855225
436,E,2.7014875332514445,E,1.4226162433624268,Q,1.2452589273452759,Q,1.5568469762802124,E,3.4782395362854004,D,5.789798736572266,E,1.2919508218765259,E,4.696313381195068,R,1.1808605194091797,R,4.5291218757629395,E,3.5476529598236084,K,2.2833316326141357,K,1.8848021030426025,K,1.9311597347259521,R,2.110344409942627,R,3.5740151405334473
437,R,1.9135876019795737,S,1.671205759048462,R,1.037049651145935,R,1.268318772315979,R,1.7825193405151367,R,2.1737680435180664,R,1.2130800485610962,R,1.4226748943328857,K,2.793473720550537,K,2.688237428665161,R,1.7762058973312378,R,2.598855495452881,R,1.2023205757141113,R,4.239459037780762,R,0.9307898283004761,R,1.9058555364608765
438,W,1.7151949961980184,W,1.9767500162124634,W,1.2343156337738037,W,2.686370611190796,C,1.163512945175171,W,1.0529905557632446,W,4.90200138092041,W,1.826224446296692,W,1.3015872240066528,W,1.1554373502731323,W,0.8879372477531433,W,2.244129180908203,W,1.8232289552688599,W,1.2378596067428589,W,1.3139373064041138,W,0.9216424822807312
439,D,2.1108330329259237,D,4.969522953033447,D,1.5411937236785889,D,1.614662766456604,E,1.175904631614685,D,1.6008498668670654,D,1.039896845817566,D,1.32866370677948,D,3.199342727661133,D,1.394830584526062,D,2.6829566955566406,D,2.027545928955078,D,4.054500102996826,D,2.3121330738067627,D,1.2787446975708008,D,1.4417471885681152
440,I,1.8068851947784423,P,1.113534927368164,V,1.4562710523605347,I,2.787600517272949,I,2.419718027114868,A,2.547456741333008,E,1.999050259590149,E,2.583289623260498,L,1.7453559637069702,F,1.7182930707931519,V,1.1964994668960571,P,1.0282971858978271,P,1.5322407484054565,P,1.712646484375,A,1.9361270666122437,A,1.3268967866897583
441,N,2.4252265294392905,A,1.4569642543792725,N,3.101766347885132,N,2.982743501663208,S,2.0266122817993164,T,5.241508483886719,S,2.225153923034668,S,1.886937141418457,E,1.2986654043197632,E,4.032203674316406,N,2.0862648487091064,S,1.6671429872512817,S,2.090363025665283,S,1.9675068855285645,E,2.436936140060425,E,1.877629041671753
442,A,2.2927308281262717,A,1.8202680349349976,E,2.23136568069458,A,1.388206958770752,A,4.816306114196777,-,,A,1.9729560613632202,A,1.5272821187973022,-,,-,,-,,-,,-,,-,,-,,-,
443,-,2.2243888080120087,T,1.1496171951293945,T,2.2927405834198,-,,-,,A,2.0175273418426514,-,,V,2.8378612995147705,S,1.5253040790557861,S,2.433414936065674,S,1.683937668800354,V,1.7412142753601074,A,2.8406381607055664,V,2.280426025390625,S,3.5334393978118896,S,2.3565447330474854
444,M,1.9764580641474043,G,1.0298504829406738,L,1.3288050889968872,I,1.7839654684066772,M,2.731980562210083,I,1.342862606048584,V,1.6232287883758545,-,,I,2.4837863445281982,I,1.3595212697982788,I,3.8539352416992188,V,1.3883353471755981,T,1.696976661682129,V,0.8602646589279175,F,2.6837944984436035,F,3.503105878829956
445,D,1.7667890707651774,G,2.4510622024536133,E,1.5784566402435303,D,1.310629963874817,H,1.0568081140518188,E,1.275729775428772,S,1.1212472915649414,S,1.998253583908081,S,1.4200308322906494,S,1.1609091758728027,D,1.358069658279419,D,2.3687233924865723,D,2.067370891571045,D,1.4019445180892944,D,3.3859217166900635,D,2.546678304672241
446,Q,1.843797492980957,R,2.3062267303466797,D,1.24735426902771,S,0.9844527244567871,S,2.2177300453186035,K,1.3522517681121826,L,2.032855987548828,L,1.2363059520721436,T,2.389258623123169,T,2.403122901916504,Q,1.4911909103393555,C,1.984148621559143,S,1.3177478313446045,C,1.689868688583374,Q,1.6441138982772827,Q,3.3603334426879883
447,L,2.090593377749125,L,1.7992541790008545,S,3.4044792652130127,V,2.251527786254883,I,1.5956894159317017,L,3.706209421157837,L,1.9759753942489624,L,2.737576723098755,L,2.5961995124816895,L,1.3762930631637573,L,1.2526037693023682,L,1.7150448560714722,L,1.9450857639312744,L,1.4241238832473755,L,1.9329966306686401,L,1.6458410024642944
448,P,1.6578823328018188,P,2.5188095569610596,P,1.5204240083694458,P,1.6227710247039795,S,1.0328867435455322,P,1.3943188190460205,P,2.0089988708496094,P,1.3984503746032715,P,1.8057984113693237,P,1.816810965538025,P,1.2893126010894775,P,1.3694146871566772,P,1.5831540822982788,P,2.4361014366149902,P,1.0129380226135254,P,2.0580453872680664
449,D,1.9195136427879333,G,2.504073143005371,P,1.6285572052001953,P,4.405462265014648,P,2.469158411026001,D,1.1467633247375488,E,2.09348464012146,E,1.163004994392395,Y,0.8249192237854004,Y,1.8597502708435059,D,1.474292516708374,E,2.8199851512908936,E,1.2403204441070557,E,1.911428451538086,Y,2.256197690963745,Y,0.9953069090843201
450,Y,1.8346617420514424,N,2.2104365825653076,H,1.6337147951126099,Y,0.9994198679924011,Y,2.2997210025787354,Y,1.4678034782409668,Y,1.353192687034607,Y,1.442728042602539,Y,2.305654525756836,Y,2.12542724609375,Y,2.841946840286255,Y,1.1274601221084595,Y,2.4646596908569336,Y,1.661088466644287,Y,1.3502206802368164,Y,2.236452102661133
451,M,1.9393569072087606,M,1.3836901187896729,V,1.6230981349945068,L,3.4972832202911377,M,1.3973641395568848,M,1.597242832183838,M,1.371344804763794,M,3.142726421356201,M,1.6829465627670288,M,1.4171499013900757,M,1.4743685722351074,M,4.431583881378174,M,1.8326427936553955,M,1.3700764179229736,M,1.53853178024292,M,1.3303040266036987
452,K,1.8873161633809408,K,2.900325298309326,Q,1.4673898220062256,R,1.9146308898925781,R,1.0720720291137695,K,1.3131901025772095,K,1.4240862131118774,K,1.7892063856124878,Q,1.5056015253067017,Q,1.413318395614624,K,4.3165788650512695,K,1.3083610534667969,K,1.190245509147644,K,3.339411973953247,K,1.8214861154556274,K,1.5338382720947266
453,I,2.045624057451884,F,2.229907751083374,M,1.4161376953125,H,1.0731977224349976,P,2.5797040462493896,P,2.396331548690796,D,2.3661649227142334,D,1.1271076202392578,V,3.089996099472046,V,1.6320827007293701,I,4.428042888641357,G,1.7855304479599,R,1.4165858030319214,G,1.0966887474060059,I,2.2290916442871094,I,1.817791223526001
454,C,2.636708720525106,I,3.712754011154175,C,2.426002264022827,A,1.1757642030715942,L,1.4015982151031494,I,1.7106858491897583,F,1.8361467123031616,F,6.916889190673828,C,3.7796058654785156,C,2.34071946144104,C,1.3989580869674683,V,1.254514455795288,V,2.543165683746338,V,4.380524158477783,C,2.436244487762451,C,2.237058162689209
455,F,2.211916995048523,F,1.1175928115844727,Y,1.8494207859039307,Y,3.4466288089752197,Y,1.914607048034668,F,2.871889591217041,Y,1.1603114604949951,Y,4.383381366729736,Y,1.717406988143921,Y,2.4223814010620117,F,2.809943675994873,Y,1.6273747682571411,Y,1.333796739578247,Y,1.275726079940796,Y,2.78368878364563,Y,2.464604616165161
456,L,2.673341329892476,A,1.1433016061782837,K,3.607400417327881,Q,1.973726511001587,Q,2.0462517738342285,R,3.7649190425872803,M,3.9963841438293457,M,1.1876637935638428,L,1.719960331916809,L,2.938638210296631,L,4.967156887054443,M,1.2602826356887817,T,5.394207000732422,M,1.7175252437591553,L,1.5827276706695557,L,2.7999746799468994
457,T,1.6477814316749573,K,1.2201870679855347,A,2.0892090797424316,A,1.2869153022766113,V,1.5203580856323242,T,1.1765185594558716,Y,2.745065212249756,Y,0.861409604549408,A,3.382730007171631,A,1.4356434345245361,A,1.6804630756378174,A,1.3474057912826538,V,1.3099219799041748,A,1.259635090827942,I,1.6613385677337646,I,1.7399206161499023
458,L,1.7456733345985413,I,1.6691919565200806,L,1.3906303644180298,L,1.1734191179275513,F,2.113541841506958,L,1.7226628065109253,L,1.5045744180679321,L,1.1685653924942017,L,2.34477162361145,L,1.961348056793213,L,0.637514054775238,V,2.152500867843628,L,1.6981613636016846,V,1.6103439331054688,I,3.364232301712036,I,1.6736419200897217
459,H,1.8667522112528483,L,1.564849615097046,I,1.9692169427871704,L,2.060814380645752,L,1.549383521080017,Y,3.0648317337036133,L,1.2283354997634888,L,1.344244122505188,Y,1.462508201599121,Y,2.8154892921447754,F,1.5907176733016968,Y,1.8376277685165405,Y,1.8925611972808838,Y,1.376868486404419,N,1.1278479099273682,N,3.1159868240356445
460,N,2.0886931975682574,D,3.135165214538574,Q,1.410949945449829,D,2.0966367721557617,D,2.8166911602020264,T,1.4304763078689575,K,1.1343039274215698,K,1.713404893875122,T,5.95847749710083,T,1.7438524961471558,N,2.5530457496643066,D,1.9415340423583984,E,1.6873544454574585,D,1.3614375591278076,N,1.2194150686264038,N,1.127652883529663
461,S,2.060491693019867,T,1.715944766998291,A,3.038396120071411,I,3.1371588706970215,Y,1.4108843803405762,S,1.6031490564346313,T,0.9166805148124695,T,1.3688139915466309,Y,1.527488350868225,Y,1.0503664016723633,F,2.8106720447540283,T,1.930631399154663,T,1.5032110214233398,T,2.1225478649139404,F,5.535294532775879,F,1.2361360788345337
462,V,2.9967406113942463,C,3.3769829273223877,Y,2.8122613430023193,Y,1.3751130104064941,F,1.6161996126174927,I,4.90997314453125,F,3.152691125869751,F,1.5157171487808228,A,1.790984034538269,A,5.7457380294799805,V,2.1836190223693848,V,5.834003448486328,V,1.6017053127288818,V,1.8086426258087158,I,1.6088565587997437,I,5.618621826171875
463,N,1.8856868743896484,Q,1.1920013427734375,A,2.0293030738830566,S,1.5555055141448975,D,1.188157320022583,N,1.6855546236038208,S,2.9157135486602783,S,2.3080358505249023,S,1.849967122077942,S,1.7224013805389404,N,2.6222763061523438,N,1.9103341102600098,N,2.233372688293457,N,1.9333490133285522,F,1.503774642944336,F,1.6355565786361694
464,E,1.744524629910787,S,1.721960425376892,E,2.1055946350097656,E,1.4223748445510864,E,3.0523900985717773,D,1.8135945796966553,S,0.938640832901001,S,1.4997812509536743,E,2.1228744983673096,E,1.648198127746582,E,1.325194239616394,E,1.5954679250717163,E,1.768933653831482,E,1.9423240423202515,E,1.6813421249389648,E,1.529198169708252
465,M,2.059039084116618,F,1.8974065780639648,I,1.524530053138733,M,1.4389728307724,M,1.992418885231018,M,1.4392787218093872,F,1.949384093284607,F,1.1319293975830078,L,1.6352368593215942,L,1.8533527851104736,M,1.4925165176391602,M,3.0590333938598633,M,2.157139539718628,M,5.783527851104736,L,1.9654269218444824,L,1.565431833267212
466,A,1.9223820311682565,E,3.8161745071411133,E,1.585455298423767,E,1.6726016998291016,E,1.5236153602600098,A,2.028559446334839,-,,E,2.069098711013794,A,1.4511605501174927,A,2.3173019886016846,A,2.5412755012512207,A,1.0895541906356812,A,1.9280691146850586,A,1.8763527870178223,A,1.245440125465393,A,1.7686891555786133
467,L,1.726923142160688,-,,D,2.6134581565856934,Q,0.9807925224304199,K,2.557342767715454,L,1.2243411540985107,-,,-,,-,,-,,-,,K,1.3512156009674072,Q,1.7736842632293701,K,1.5876275300979614,-,,-,
468,D,2.2736786901950836,-,,E,1.4334018230438232,E,4.15458345413208,E,1.1607228517532349,-,,-,,-,,-,,-,,-,,-,,V,2.3460066318511963,-,,-,,-,
469,T,1.651073972384135,-,,V,1.493215799331665,L,1.8489855527877808,L,1.1151765584945679,-,,E,3.0505220890045166,-,,Y,1.1500579118728638,Y,1.6829710006713867,Y,1.908462643623352,-,,-,,-,,Y,1.337264060974121,Y,1.2730101346969604
470,-,1.7771176099777222,D,2.146279811859131,V,2.1009888648986816,-,,-,,-,,N,1.176672339439392,N,1.684529423713684,-,,-,,-,,-,,-,,-,,-,,-,
471,-,1.4786950250466664,E,1.4483745098114014,E,1.7703359127044678,-,,-,,D,1.3229111433029175,E,1.2974599599838257,E,1.0656648874282837,D,1.3119869232177734,D,1.192016363143921,D,1.2966992855072021,E,1.1764004230499268,-,,E,3.078151226043701,D,1.4004745483398438,D,1.3838651180267334
472,-,1.6883302010022676,L,2.475064754486084,N,1.9963816404342651,-,,-,,A,1.4367328882217407,L,1.797861933708191,L,2.4554998874664307,I,1.7337921857833862,I,1.3681648969650269,A,1.8623300790786743,A,1.394283652305603,A,1.5195751190185547,A,1.098524570465088,I,1.3875765800476074,I,1.4225044250488281
473,M,1.7598443508148194,A,2.2945210933685303,F,2.1105377674102783,A,2.9687743186950684,T,1.3883274793624878,R,1.4683648347854614,G,1.563046932220459,G,1.5137683153152466,L,1.336804986000061,L,1.4209444522857666,L,2.1820642948150635,E,2.066593885421753,K,1.6300548315048218,E,1.3425681591033936,L,1.7754015922546387,L,1.3358923196792603
474,K,2.182376687343304,-,,G,3.943296194076538,K,1.733810305595398,K,1.5637383460998535,K,1.823500394821167,-,,P,3.0451347827911377,K,3.2402031421661377,K,1.9029479026794434,K,1.0868486166000366,K,4.177241325378418,K,1.1991699934005737,K,1.112788438796997,K,1.7064071893692017,K,1.8358103036880493
475,E,2.2748296431132724,P,2.7742459774017334,G,1.4129358530044556,E,1.1987701654434204,D,6.127715110778809,D,1.3519524335861206,P,3.063352108001709,-,,D,1.6276875734329224,D,1.3358322381973267,E,1.9899832010269165,V,3.044480323791504,S,1.6399717330932617,V,1.3296897411346436,D,3.4375195503234863,D,1.5134789943695068
476,Q,2.387893493970235,D,1.8449029922485352,E,1.4698394536972046,F,2.083808183670044,G,1.3459020853042603,R,2.7674593925476074,D,1.6131035089492798,D,1.8072102069854736,Q,1.9553425312042236,Q,3.070758581161499,E,4.395249843597412,Q,2.213068723678589,Q,3.6425232887268066,Q,2.018714666366577,K,1.938948631286621,K,3.6515703201293945
477,R,2.01102622350057,E,1.286549687385559,E,1.2144627571105957,K,2.7047135829925537,K,1.4484732151031494,G,2.2080078125,K,2.6513826847076416,K,2.0039870738983154,G,1.6519871950149536,G,1.9150888919830322,G,1.7661391496658325,G,2.6149134635925293,G,1.1845498085021973,G,3.6949219703674316,G,1.8424487113952637,G,1.9777673482894897
478,F,1.745370868841807,K,2.374232769012451,L,1.541012167930603,S,1.7355213165283203,A,2.076709508895874,V,1.7566980123519897,S,1.6305005550384521,S,1.8858789205551147,F,1.5443880558013916,F,1.8269578218460083,V,1.1367119550704956,R,1.7689363956451416,R,1.3625662326812744,R,2.7892956733703613,F,0.9974572062492371,F,1.7536964416503906
479,-,,-,,-,,-,,-,,-,,-,,-,,-,,-,,-,,-,,-,,-,,-,,-,
480,H,2.089271910985311,Y,0.9871187210083008,Y,2.0278165340423584,D,1.2814688682556152,H,2.391920328140259,D,1.1276856660842896,Y,1.8473989963531494,Y,2.554046392440796,N,1.197638750076294,N,1.1248176097869873,N,3.1230242252349854,D,5.069366931915283,D,3.378459930419922,D,2.5094010829925537,N,1.6072484254837036,N,1.111666202545166
481,I,2.0579952081044515,R,2.4409127235412598,R,2.0170629024505615,R,0.9760017395019531,Y,1.510329246520996,T,1.4516242742538452,R,2.0627479553222656,R,2.3272640705108643,S,3.217113733291626,S,1.6127445697784424,I,3.0284881591796875,T,2.9879722595214844,T,1.750511884689331,T,2.703446626663208,S,1.1994929313659668,S,1.5842150449752808
482,I,1.6266163349151612,M,1.5638527870178223,V,1.6888853311538696,V,1.7163472175598145,V,1.0766637325286865,R,1.0762468576431274,V,2.3886404037475586,V,1.543373942375183,I,1.2768222093582153,I,1.1559057235717773,I,1.1864407062530518,L,1.5576796531677246,I,1.6331455707550049,L,1.7478582859039307,L,3.6218795776367188,L,1.1655030250549316
483,K,2.7759916305541994,H,1.7123264074325562,Q,1.6785047054290771,Y,4.590821266174316,Y,1.1347588300704956,P,3.2347898483276367,F,3.127236843109131,F,2.4364311695098877,S,2.8275628089904785,S,3.679769992828369,P,2.8906421661376953,N,1.1254377365112305,N,2.6753087043762207,N,4.829904079437256,S,2.1096043586730957,S,3.586775541305542
484,Y,1.73535365263621,Y,1.4235291481018066,Y,1.1680752038955688,Y,1.158788800239563,Y,3.564805507659912,F,1.851693868637085,Y,1.433034896850586,Y,1.164399266242981,Y,1.789089560508728,Y,1.8524441719055176,Y,1.4216337203979492,Y,0.9709055423736572,Y,1.6306967735290527,Y,2.967219352722168,Y,1.7142647504806519,Y,1.9197242259979248
485,L,1.904672336578369,L,0.6529495716094971,A,1.7955862283706665,A,1.513086199760437,A,1.7634621858596802,L,3.3661506175994873,L,1.9636359214782715,L,1.1436972618103027,L,1.0567644834518433,L,2.348318576812744,L,1.7487711906433105,V,1.3167188167572021,A,4.853387355804443,V,1.5126999616622925,L,1.791198968887329,L,1.7436577081680298
486,K,1.6760566631952922,K,4.695184230804443,I,1.1915322542190552,K,2.0860612392425537,K,1.3006436824798584,H,1.5091500282287598,K,1.3387525081634521,K,1.2777732610702515,Q,1.3499960899353027,Q,1.380963921546936,R,1.2934621572494507,R,1.3028477430343628,R,2.3533830642700195,R,1.1157389879226685,Q,1.1252800226211548,Q,1.8200807571411133
487,K,1.696453567345937,T,1.8100392818450928,E,3.548671245574951,Y,1.2069032192230225,I,3.556640148162842,K,1.1637929677963257,E,1.0575428009033203,E,1.0460951328277588,R,2.170975923538208,R,1.145850419998169,K,1.7838503122329712,Q,1.955278754234314,H,1.401486873626709,Q,0.9008472561836243,R,1.5473870038986206,R,1.1514421701431274
488,A,1.8256218194961549,F,1.1944009065628052,H,1.4347299337387085,E,3.152066707611084,E,2.022686243057251,A,1.3102977275848389,A,1.2253202199935913,A,4.266790866851807,S,2.0772178173065186,S,1.5131508111953735,A,1.938690185546875,A,1.260465383529663,A,1.1683921813964844,A,1.3282538652420044,S,1.918739676475525,S,1.5731247663497925
489,W,1.8624781449635823,I,3.4734976291656494,V,1.8595536947250366,M,3.064824104309082,T,1.3044838905334473,W,1.3725495338439941,V,1.289388656616211,V,2.8524603843688965,W,1.2490203380584717,W,1.7558128833770752,W,1.5872324705123901,W,1.1230448484420776,W,0.9936482906341553,W,1.3641237020492554,W,2.922546863555908,W,1.724984884262085
490,V,2.5404324611028035,I,1.624812126159668,K,2.1738734245300293,K,3.3361575603485107,N,1.3490148782730103,S,1.6084486246109009,K,6.614944934844971,K,2.67216157913208,L,3.539613962173462,L,1.8439956903457642,A,1.2526928186416626,E,3.147962808609009,E,1.3673969507217407,E,2.0310592651367188,L,2.5358824729919434,L,3.008469820022583
491,D,2.0971747001012164,D,1.926119089126587,Q,2.0388853549957275,K,1.7668309211730957,K,1.914622187614441,T,2.6168758869171143,E,2.527123212814331,E,1.3154876232147217,S,3.6262974739074707,S,2.649716854095459,D,1.6072596311569214,L,1.8396161794662476,A,1.6308872699737549,L,1.2193591594696045,D,2.3203344345092773,D,2.458205223083496
492,L,1.9195040623346964,L,1.3872736692428589,S,1.2289085388183594,L,3.162740707397461,W,2.8735570907592773,L,1.613792896270752,L,1.116621971130371,L,0.9278522729873657,L,1.8648018836975098,L,2.5909085273742676,L,2.129344940185547,Y,1.5757919549942017,Y,2.06938099861145,Y,1.1076524257659912,V,2.784048080444336,V,2.3598849773406982
493,C,1.921640924612681,V,2.043318510055542,A,1.7103747129440308,V,1.4686956405639648,I,1.346981406211853,F,2.7252840995788574,V,1.5572363138198853,V,3.109766960144043,V,0.91058748960495,V,1.5617625713348389,C,1.8171298503875732,I,1.8618375062942505,L,1.5048130750656128,I,3.214211940765381,V,1.1717536449432373,V,2.8208601474761963
494,R,2.0378424803415935,R,2.816230297088623,V,2.1110341548919678,R,1.8381319046020508,K,4.522559642791748,N,1.9773485660552979,R,1.1736929416656494,R,1.7372499704360962,E,1.471625566482544,E,2.42619252204895,K,2.9185333251953125,D,1.8491318225860596,D,1.362050175666809,D,1.8293651342391968,E,1.3578070402145386,E,1.1766841411590576
495,Y,1.7347120841344197,A,1.7657623291015625,A,1.4970136880874634,A,2.576815605163574,S,2.1974949836730957,Y,1.087268590927124,E,2.0186707973480225,E,1.4965150356292725,G,2.552730083465576,G,1.2696168422698975,A,2.3769454956054688,A,1.3302115201950073,S,1.3911330699920654,A,1.592065691947937,G,1.5005791187286377,G,1.3678584098815918
496,Y,1.9147181193033853,Y,4.56689977645874,F,1.140588641166687,Y,2.3202672004699707,Y,3.4097671508789062,Y,1.2997552156448364,Y,1.5847355127334595,Y,1.0612938404083252,F,2.1017651557922363,F,1.1218225955963135,Y,1.6873077154159546,Y,1.5492229461669922,Y,1.4985640048980713,Y,1.9044743776321411,Y,1.9616361856460571,Y,1.5126714706420898
497,L,1.7806954701741537,N,1.7663774490356445,F,1.5285861492156982,F,1.3999481201171875,L,1.3646376132965088,L,1.9121321439743042,T,1.6084588766098022,T,2.4113609790802,F,1.4846642017364502,F,2.051248550415039,L,1.3642878532409668,M,1.4413065910339355,M,1.3696904182434082,M,1.7986936569213867,F,3.222034215927124,F,1.9870052337646484
498,V,2.656695564587911,E,1.5666768550872803,E,5.127971649169922,K,1.3982681035995483,K,3.4387362003326416,M,3.2767224311828613,K,1.8023196458816528,K,3.8791139125823975,Q,1.682570219039917,Q,4.268094539642334,Q,1.807314157485962,P,1.6465588808059692,K,3.479973316192627,P,1.3571410179138184,T,2.132645845413208,T,2.9863266944885254
499,E,1.8342915296554565,E,1.8496710062026978,E,1.9678421020507812,E,1.3184733390808105,E,1.7850929498672485,E,1.7715977430343628,E,2.534355878829956,E,1.242948055267334,E,3.133457899093628,E,2.2144763469696045,E,1.199229121208191,E,1.689913272857666,E,1.7386070489883423,E,1.6347451210021973,E,1.2900922298431396,E,2.1438708305358887
500,A,1.9901671648025512,V,2.074615716934204,A,2.2478256225585938,A,2.7209818363189697,A,1.7436457872390747,A,2.271885395050049,I,3.946268081665039,I,1.4048714637756348,A,1.5120702981948853,A,1.1846661567687988,A,2.7373456954956055,A,3.185323476791382,A,1.112882137298584,A,1.3893065452575684,A,1.0211325883865356,A,1.2996866703033447
501,K,1.9632596333821615,K,2.1629977226257324,K,4.903785705566406,Q,1.9375172853469849,E,1.287511944770813,K,1.4700735807418823,K,1.353785514831543,K,2.625200033187866,K,1.288999319076538,K,2.0519354343414307,K,1.3415756225585938,K,1.6424105167388916,E,1.6976637840270996,K,1.6798700094223022,K,2.9741528034210205,K,1.0314152240753174
502,W,1.9713775237401328,W,1.3729015588760376,W,2.03281831741333,W,1.1264275312423706,W,1.4062840938568115,W,2.29608154296875,W,1.0287387371063232,W,2.0150768756866455,W,3.3525807857513428,W,2.75331711769104,W,3.2103726863861084,W,1.5642366409301758,W,1.4686198234558105,W,1.670363187789917,W,1.264037013053894,W,3.0088069438934326
503,Y,1.917198085784912,R,1.0399820804595947,I,0.8622773885726929,L,1.4961001873016357,L,1.7498029470443726,F,1.2563011646270752,R,2.6660573482513428,R,2.3662421703338623,Y,1.6071327924728394,Y,1.2829755544662476,F,1.8162593841552734,I,3.8542957305908203,I,2.020275831222534,I,3.1834073066711426,Y,2.29780912399292,Y,1.2590522766113281
504,S,1.8430863936742148,E,1.2616353034973145,Y,3.131565809249878,N,1.6661295890808105,K,2.5991644859313965,S,1.1814688444137573,D,2.5668466091156006,D,2.2031846046447754,Y,1.186716914176941,Y,2.2484097480773926,F,1.1781432628631592,S,1.3657227754592896,S,1.4960689544677734,S,1.6703853607177734,Y,1.5581092834472656,Y,2.3327443599700928
505,N,1.5409878167239102,-,,-,,D,2.1441023349761963,N,1.3608834743499756,N,1.3969563245773315,-,,E,1.179807186126709,A,1.4115042686462402,A,1.6556681394577026,S,1.6025843620300293,S,1.296846866607666,-,,S,1.6106423139572144,S,1.6550146341323853,S,1.6368560791015625
506,-,2.708899815877279,Q,1.7872488498687744,N,2.0347137451171875,D,7.0394606590271,-,,G,1.8089324235916138,E,1.7883869409561157,-,,-,,-,,-,,-,,T,1.7946562767028809,-,,-,,-,
507,K,2.105038438524519,G,1.4707322120666504,N,1.7560338973999023,N,4.89901065826416,D,1.7054777145385742,-,,D,1.5085391998291016,D,1.6193689107894897,-,,-,,-,,-,,G,1.7761064767837524,-,,-,,-,
508,Y,2.34543121778048,Y,2.05965256690979,S,2.525237798690796,H,1.1482853889465332,I,1.8163022994995117,-,,Y,1.9221009016036987,Y,3.1506853103637695,G,1.4194207191467285,G,1.5108215808868408,G,1.5325249433517456,G,5.272963523864746,-,,G,3.866077423095703,G,2.6073453426361084,G,1.6591880321502686
509,R,2.3201549768447878,V,2.2599904537200928,I,3.6862335205078125,I,1.6608171463012695,I,2.3404061794281006,Y,3.140476942062378,V,1.9100401401519775,V,3.2050912380218506,Y,3.060453176498413,Y,1.7264279127120972,H,2.8906660079956055,Y,1.5468937158584595,C,1.7104979753494263,Y,1.39984130859375,Y,1.6428465843200684,Y,2.6216423511505127
510,-,2.2355673611164093,P,1.1558451652526855,-,,-,,-,,M,4.042107582092285,P,2.986677408218384,P,3.10707950592041,T,1.6225688457489014,T,1.582000970840454,I,1.123795747756958,L,1.604622721672058,L,3.5814409255981445,L,1.399627685546875,T,3.1040375232696533,T,1.5170042514801025
511,P,2.4564168373743693,A,1.4067001342773438,P,1.6185837984085083,P,0.9060351848602295,P,3.0101301670074463,P,1.9761126041412354,K,2.7306814193725586,K,1.984671711921692,P,1.7397733926773071,P,3.393906831741333,P,5.087750434875488,P,1.200342059135437,P,1.48277747631073,P,5.326337814331055,P,1.8524267673492432,P,3.1300227642059326
512,S,2.2680383920669556,T,1.4197659492492676,T,2.831991672515869,K,1.809717059135437,K,2.510906934738159,T,1.3985549211502075,T,3.7266924381256104,T,3.8706717491149902,T,2.5040974617004395,T,1.5131158828735352,T,4.546282768249512,T,1.4950997829437256,T,1.632692575454712,T,1.5842435359954834,N,1.3002042770385742,N,1.876538872718811
513,L,2.196140702565511,V,1.2582297325134277,V,1.3101112842559814,Y,1.1787079572677612,C,4.2663092613220215,Y,2.515691041946411,L,2.7833027839660645,L,1.9509468078613281,L,2.1234147548675537,L,1.2178043127059937,L,1.9121360778808594,F,2.09594464302063,F,5.664882659912109,F,1.5086774826049805,L,1.8505804538726807,L,1.3053712844848633
514,Q,1.7780214071273803,E,1.919731855392456,E,2.875500440597534,E,1.3769510984420776,E,1.0006211996078491,K,1.9288458824157715,K,2.986668825149536,K,2.1646246910095215,A,1.6688517332077026,A,2.15397047996521,Q,0.7635476589202881,Q,1.1375939846038818,E,2.231776714324951,Q,1.2132700681686401,E,1.3901442289352417,E,1.858222246170044
515,E,1.949903949101766,E,1.4790189266204834,E,2.7182211875915527,E,1.427772879600525,E,1.1493809223175049,E,1.5415089130401611,E,1.9884579181671143,E,3.316570520401001,E,1.6457016468048096,E,1.9883308410644531,Q,1.4495103359222412,E,1.5212717056274414,E,1.576099157333374,E,1.5982993841171265,E,4.46108865737915,E,1.3873262405395508
516,Y,2.433328088124593,H,4.022456169128418,Y,1.356376051902771,H,1.4675389528274536,Y,1.8058550357818604,Y,3.1793408393859863,H,2.8683273792266846,H,2.3828189373016357,Y,2.5340349674224854,Y,1.8611114025115967,Y,3.549454689025879,Y,1.674591064453125,Y,1.402915358543396,Y,2.0794737339019775,Y,1.8538490533828735,Y,4.461777687072754
517,I,1.7626054843266805,L,1.7433505058288574,M,1.356188178062439,M,2.5556108951568604,K,1.105648398399353,M,1.5531469583511353,L,3.0556788444519043,L,1.526885986328125,L,1.3161964416503906,L,1.8653316497802734,L,2.505889654159546,L,1.885176420211792,Y,1.6962549686431885,L,1.1259441375732422,L,1.3005636930465698,L,1.8472155332565308
518,E,1.5574158986409505,Q,1.1018424034118652,K,1.373557448387146,E,1.0160316228866577,R,1.257092833518982,D,1.179652214050293,K,2.0455989837646484,K,1.216331124305725,E,1.3059282302856445,E,2.4698128700256348,N,1.6584882736206055,D,1.3392170667648315,E,2.0084071159362793,D,1.4993057250976562,K,2.590517997741699,K,1.2994545698165894
519,N,1.804584844907125,V,1.1259936094284058,V,1.5464692115783691,N,2.078031301498413,N,1.6142539978027344,I,1.6989887952804565,V,1.7555811405181885,V,2.129014730453491,N,2.7472686767578125,N,1.6737276315689087,N,1.3881099224090576,N,2.402838945388794,N,1.0870556831359863,N,1.685887098312378,N,1.548185110092163,N,2.587366819381714
520,A,2.226783808072408,S,1.796129584312439,A,3.287271022796631,A,4.57111120223999,A,1.1056498289108276,A,3.2562947273254395,S,1.9498192071914673,S,1.9515243768692017,A,2.59568452835083,A,1.4753139019012451,A,1.914124846458435,S,2.42699933052063,G,1.4581093788146973,S,1.8719125986099243,A,2.2154881954193115,A,1.5263243913650513
521,W,1.9185508410135905,A,2.2734315395355225,F,1.146697998046875,M,1.666380763053894,T,2.8686630725860596,W,1.1778154373168945,L,1.555396556854248,L,3.2998061180114746,K,1.9277894496917725,K,2.088608980178833,W,1.7521729469299316,K,1.5231454372406006,K,1.8589870929718018,K,1.3305004835128784,K,2.1664958000183105,K,2.1423709392547607
522,I,1.7187403202056886,R,1.0702297687530518,V,1.793279767036438,V,1.2121717929840088,I,1.4836313724517822,F,1.3474889993667603,I,2.0107686519622803,I,2.1008782386779785,V,2.079874277114868,V,2.2662570476531982,T,1.1973276138305664,I,1.1605796813964844,I,1.7582588195800781,I,2.1293222904205322,I,2.0460736751556396,I,2.12496280670166
523,S,2.6621658245722455,S,7.000058650970459,T,1.9762194156646729,S,1.3487765789031982,T,2.6503705978393555,S,2.4424169063568115,S,4.388184070587158,S,5.030229091644287,S,1.7113873958587646,S,2.555694580078125,S,1.8161535263061523,S,1.691917896270752,S,1.2555596828460693,S,2.242412805557251,T,1.803045630455017,T,2.0200605392456055
524,I,1.892619522412618,G,2.983997106552124,C,2.201975107192993,A,1.82315194606781,V,2.560661554336548,V,2.5845353603363037,I,1.324720859527588,I,1.0679994821548462,I,1.375340461730957,I,2.255619764328003,I,1.7361032962799072,F,1.647765874862671,F,1.9882029294967651,F,1.5194083452224731,V,1.3979389667510986,V,1.9218717813491821
525,G,1.849975315729777,G,1.2120813131332397,G,3.285885810852051,G,2.2397043704986572,S,1.382768988609314,G,1.320507287979126,G,3.039236068725586,G,1.318819522857666,S,1.8781462907791138,S,1.312475562095642,S,1.2525770664215088,G,3.110835075378418,G,1.4896206855773926,G,1.1575469970703125,T,2.3645455837249756,T,1.3848791122436523
526,A,2.077674337228139,C,1.2706727981567383,Y,3.2304797172546387,Y,2.8432576656341553,S,1.900915265083313,G,2.1547293663024902,G,0.9022579789161682,G,0.8523111343383789,S,3.7251758575439453,S,2.2631380558013916,A,1.9558265209197998,T,1.7170385122299194,Y,1.418393850326538,T,1.5983530282974243,C,3.0123395919799805,C,2.320225715637207
527,P,2.084184773763021,H,1.1038482189178467,M,3.5791046619415283,M,1.8976222276687622,Q,1.8707475662231445,P,3.6817479133605957,T,1.8043845891952515,T,1.4311168193817139,P,1.9576501846313477,P,2.596531629562378,P,1.352751612663269,R,2.0374221801757812,R,1.0072195529937744,R,1.6466468572616577,P,2.3597896099090576,P,2.936187982559204
528,T,1.9878727118174235,L,1.6862765550613403,M,2.394524335861206,M,1.3986029624938965,M,1.5744514465332031,V,1.997949481010437,L,1.2083461284637451,L,1.8752175569534302,T,1.4493099451065063,T,2.1953318119049072,L,3.3022589683532715,I,2.116665840148926,I,1.8520516157150269,I,3.132687568664551,M,1.3272274732589722,M,2.3071889877319336
529,I,1.369311555226644,L,1.6890134811401367,L,1.313618540763855,G,1.2323108911514282,I,1.1428395509719849,M,1.1828793287277222,V,1.2030795812606812,V,1.1939295530319214,I,1.295440673828125,I,1.2286332845687866,V,1.5089280605316162,T,1.048659324645996,C,1.7060661315917969,T,1.734795331954956,I,1.7556407451629639,I,1.303838849067688
530,L,1.8220389286677043,S,2.1788196563720703,S,1.7838695049285889,A,1.7132819890975952,L,1.0196912288665771,I,2.6116724014282227,L,1.7434766292572021,L,1.2515796422958374,I,1.0661810636520386,I,1.5735477209091187,V,1.7623870372772217,I,1.1633687019348145,M,3.630460023880005,I,2.074443817138672,L,1.552878975868225,L,2.204925537109375
531,V,1.7781728267669679,C,1.858921766281128,T,1.1889530420303345,T,2.5971245765686035,I,2.2132105827331543,V,1.40481436252594,C,1.2862006425857544,C,1.512018084526062,S,3.111013889312744,S,1.3885810375213623,V,2.2482340335845947,L,1.4692281484603882,L,1.5172511339187622,L,2.08343505859375,S,1.2784556150436401,S,1.5151504278182983
532,H,1.892338482538859,T,2.0623843669891357,T,1.1109312772750854,T,3.357607364654541,T,1.7405933141708374,H,1.3714748620986938,S,1.878516435623169,S,3.004568576812744,Q,1.5240975618362427,Q,1.3877707719802856,H,1.37078058719635,Q,2.5250244140625,Q,1.4595880508422852,Q,1.0369048118591309,Q,3.312173843383789,Q,1.2426609992980957
533,A,2.1337189857776346,S,1.5480502843856812,S,1.9348293542861938,C,2.569525957107544,C,1.2580305337905884,S,1.5709507465362549,A,1.2657651901245117,A,1.0147716999053955,V,2.192704916000366,V,3.295989513397217,A,3.094395637512207,-,,P,2.826545238494873,-,,I,1.6096733808517456,I,3.557114362716675
534,Y,1.6808882860036998,F,1.3102781772613525,L,1.485256552696228,L,1.2003660202026367,L,1.7393441200256348,-,,F,3.3651742935180664,F,1.6305274963378906,Y,1.2185815572738647,Y,1.5327743291854858,Y,2.0060982704162598,P,1.5579158067703247,-,,P,1.1278438568115234,Y,2.088613510131836,Y,1.5887737274169922
535,-,2.2528476990186252,V,1.2832772731781006,V,3.6315619945526123,-,,-,,Y,3.0699148178100586,V,1.9099494218826294,V,5.281433582305908,F,1.929101824760437,F,1.931887149810791,F,1.6056361198425293,I,2.8243274688720703,I,1.1670290231704712,I,1.4304187297821045,F,1.1574623584747314,F,2.0650203227996826
536,F,1.66469407081604,G,2.5028791427612305,G,1.7720097303390503,V,1.8155020475387573,I,1.458691954612732,C,1.58734929561615,-,,G,1.4136117696762085,T,1.0867739915847778,T,1.0207165479660034,C,1.447821855545044,L,2.0986135005950928,L,1.629976749420166,L,2.587204694747925,T,1.7452691793441772,T,1.139296531677246
537,F,1.8701475950387807,-,,V,1.9649412631988525,G,1.5592968463897705,V,2.7293031215667725,A,2.1210198402404785,G,1.8473279476165771,-,,L,2.147771120071411,L,1.7264248132705688,V,2.306077480316162,T,1.503343939781189,S,1.423697829246521,T,1.54734468460083,I,1.6992599964141846,I,1.7361098527908325
538,-,1.9272763967514037,-,,-,,-,,-,,-,,-,,-,,P,1.591833233833313,P,1.531885027885437,D,2.532860040664673,-,,-,,-,,A,2.2618861198425293,A,1.717917561531067
539,V,2.2651463985443114,M,2.8615243434906006,G,2.3337152004241943,V,4.023566246032715,A,1.7131335735321045,I,2.1138181686401367,M,3.6595563888549805,M,1.1497808694839478,N,2.710322380065918,N,2.1710891723632812,Y,1.4403988122940063,L,1.4548606872558594,M,1.7992100715637207,L,2.8551156520843506,S,1.4000511169433594,S,2.291053295135498
540,T,1.7236795902252198,G,1.2808676958084106,S,1.5435798168182373,D,1.343801736831665,G,1.7166235446929932,A,1.960782766342163,G,1.2531249523162842,G,2.442819595336914,S,1.7275972366333008,S,1.3217658996582031,P,2.37750506401062,G,1.451273798942566,D,2.0585169792175293,G,2.10259747505188,S,1.8608810901641846,S,1.4134562015533447
541,N,1.4080513932488181,D,1.4686614274978638,D,1.4068529605865479,E,1.58510160446167,E,1.2589094638824463,N,1.4873297214508057,D,1.2878530025482178,D,1.1681314706802368,-,,-,,I,1.4372549057006836,E,1.1118285655975342,I,1.7923197746276855,E,1.484322428703308,-,,-,
542,P,2.067681610584259,V,1.532212257385254,R,1.960191011428833,F,1.9594076871871948,F,1.4893949031829834,P,1.1406185626983643,V,2.537010669708252,V,1.232334017753601,-,,-,,-,,P,4.84356689453125,P,2.5205862522125244,P,1.4614938497543335,-,,-,
543,I,2.0310461441675822,A,3.135732412338257,V,1.6747941970825195,I,2.7077252864837646,I,1.7681283950805664,A,1.5406286716461182,V,1.3849292993545532,V,1.1684343814849854,N,3.375648021697998,T,2.5610921382904053,N,1.638144612312317,L,2.6105189323425293,F,1.95386803150177,L,1.4525189399719238,I,1.628757357597351,I,1.8647714853286743
544,T,1.6163124163945517,D,1.7322001457214355,S,2.2135097980499268,S,1.0614955425262451,S,1.4847443103790283,T,1.9205269813537598,T,1.0693362951278687,T,1.5712835788726807,E,1.2156003713607788,E,1.6460174322128296,K,1.2236875295639038,P,1.1984350681304932,P,1.0945656299591064,P,1.1055293083190918,E,4.143929481506348,E,1.5638247728347778
545,K,2.319543937842051,Q,1.4016989469528198,K,2.244608163833618,Q,1.2383962869644165,K,2.7302157878875732,K,1.9302550554275513,K,1.0039547681808472,K,0.9760791659355164,G,4.008469581604004,R,3.5650229454040527,D,2.358431816101074,H,1.9539185762405396,H,1.1393754482269287,H,4.881589412689209,K,1.1765713691711426,K,4.184571743011475
546,E,2.1417730331420897,E,2.199185371398926,A,1.8248846530914307,E,1.6998780965805054,E,2.1372437477111816,E,2.938645362854004,K,1.6666369438171387,K,1.9710654020309448,T,1.299437403678894,T,1.3630707263946533,H,3.8278658390045166,E,2.9477357864379883,H,0.9423075914382935,E,2.6261672973632812,P,3.5029656887054443,P,1.1795055866241455
547,A,2.647903005282084,A,1.4595597982406616,D,1.241525650024414,T,3.895073175430298,T,1.7514348030090332,N,4.622949600219727,I,1.5615040063858032,I,1.2034891843795776,V,3.545330286026001,V,4.748268127441406,V,2.9742379188537598,I,1.3321367502212524,I,5.142982482910156,I,1.188369870185852,E,1.5039682388305664,E,3.547715187072754
548,L,2.1825914859771727,F,2.9524641036987305,F,2.0731377601623535,F,1.1102813482284546,F,1.1478430032730103,M,2.7874372005462646,M,2.2543962001800537,M,1.9827712774276733,V,1.6816842555999756,V,1.7002774477005005,E,1.6661531925201416,L,2.30584454536438,L,4.474733352661133,L,1.9192215204238892,L,3.1495091915130615,L,1.5331178903579712
549,D,1.8238166968027751,E,1.5264568328857422,D,1.5457936525344849,E,1.0637569427490234,E,1.7582378387451172,E,2.640371084213257,E,1.4349685907363892,K,1.1758919954299927,E,1.2168655395507812,E,3.5204436779022217,Y,1.3115780353546143,Q,1.5621533393859863,Q,1.0357787609100342,Q,2.973464012145996,E,1.4417141675949097,E,3.149775981903076
550,C,1.608316496014595,W,1.9346516132354736,W,0.9757837653160095,W,1.306693196296692,W,1.783753752708435,-,,W,1.3928736448287964,W,2.87980580329895,N,1.1505793333053589,N,1.5344592332839966,L,1.2794499397277832,-,,E,0.9535971879959106,-,,S,2.6444313526153564,S,1.463719129562378
551,-,1.8851462006568909,V,2.202155351638794,I,1.4893008470535278,I,2.461472988128662,M,2.9629244804382324,-,,V,1.185071587562561,V,0.9855604767799377,-,,-,,-,,-,,I,1.909537672996521,-,,-,,-,
552,-,1.3726651668548584,-,,-,,-,,-,,F,1.6030765771865845,-,,-,,-,,-,,-,,E,1.3375434875488281,D,1.1798629760742188,E,1.3701776266098022,-,,-,
553,L,2.086866011986366,R,1.224990963935852,V,2.387164354324341,-,,I,1.0836304426193237,F,2.075840711593628,M,4.353942394256592,M,1.4123470783233643,V,2.2266035079956055,V,1.852352261543274,E,1.6982094049453735,I,2.2574150562286377,-,,I,2.3064839839935303,M,1.5396232604980469,M,2.7106547355651855
554,E,1.8100735081566706,-,,-,,I,2.2562131881713867,N,1.9205851554870605,Q,1.7982450723648071,-,,-,,Y,1.821672797203064,Y,1.3558443784713745,-,,D,2.1895384788513184,-,,D,1.5756162405014038,Y,1.8151432275772095,Y,1.5578030347824097
555,E,1.9696085708481925,G,1.2852973937988281,N,3.065735340118408,N,3.4945218563079834,-,,E,2.19372820854187,S,1.2001005411148071,S,1.5795670747756958,G,1.5800801515579224,G,1.5311906337738037,K,2.0061612129211426,F,2.900369167327881,Y,2.0229415893554688,F,1.333350658416748,K,1.5648908615112305,K,1.8165853023529053
556,Y,1.812465763092041,V,1.1899105310440063,E,1.265692114830017,E,3.3684794902801514,E,2.0780704021453857,Y,1.3987390995025635,D,1.352800726890564,D,1.4840501546859741,Y,1.9507102966308594,Y,1.4443755149841309,C,1.795333981513977,P,1.587615728378296,P,2.2583463191986084,P,2.2551193237304688,Y,2.1097707748413086,Y,1.6479719877243042
557,P,2.046165124575297,P,4.357877254486084,P,1.2846441268920898,P,1.2664474248886108,S,2.1665940284729004,Y,2.003300189971924,A,1.5886304378509521,A,1.8571807146072388,H,2.692394733428955,H,2.3123488426208496,H,2.383608818054199,A,1.397873044013977,S,1.4363031387329102,A,2.2431726455688477,H,1.8460757732391357,H,1.8560256958007812
558,N,2.0781237999598186,K,1.5800292491912842,L,1.891286849975586,L,1.3575482368469238,L,1.5183227062225342,D,2.2327425479888916,E,1.6645457744598389,E,2.30474591255188,N,1.6458567380905151,N,1.6900864839553833,K,2.2776832580566406,K,2.0071117877960205,R,2.284672498703003,K,3.005236864089966,D,3.8298869132995605,D,1.8821011781692505
559,I,2.7539745807647704,I,1.9044533967971802,I,1.4842748641967773,I,1.9174808263778687,I,4.767332553863525,I,3.8020713329315186,L,2.014719247817993,L,2.978529930114746,M,5.165172100067139,I,3.9420394897460938,I,1.003952980041504,F,1.192064881324768,F,3.327969551086426,F,1.6031261682510376,I,2.1856508255004883,I,4.020780563354492
560,I,2.1450011412302654,V,1.4215806722640991,V,3.9647610187530518,V,1.3643498420715332,A,2.8305792808532715,I,1.3059405088424683,V,2.4554121494293213,V,1.9883954524993896,L,2.187084436416626,L,2.2449517250061035,I,2.002129316329956,N,1.893358826637268,S,1.860463261604309,N,1.3833833932876587,L,3.3395769596099854,L,1.933050274848938
561,R,1.7181448777516684,K,1.2443604469299316,R,2.0726280212402344,R,1.721488118171692,P,0.9340469837188721,R,1.0735909938812256,K,1.6417092084884644,K,1.3047664165496826,Y,1.2529852390289307,Y,3.6282055377960205,R,1.5913219451904297,D,1.1048688888549805,S,1.8007553815841675,D,1.9472441673278809,Y,1.0944539308547974,Y,3.359747886657715
562,W,1.5902366956075034,A,2.2740397453308105,A,1.3367490768432617,A,1.2881386280059814,A,1.040327787399292,L,4.1486053466796875,S,1.0243616104125977,S,1.7328174114227295,L,1.3401328325271606,L,1.2393522262573242,C,1.9455293416976929,L,1.1880807876586914,L,1.8846113681793213,L,1.1808462142944336,L,1.116058111190796,L,1.1138999462127686
563,S,1.484749710559845,L,1.7675570249557495,S,0.917884111404419,S,2.2825589179992676,S,2.321531057357788,W,0.9150431752204895,F,1.1624497175216675,F,1.5238842964172363,S,1.646125078201294,S,1.0954924821853638,S,1.3396192789077759,I,1.2176412343978882,A,1.3232489824295044,I,1.87613844871521,S,1.7234421968460083,S,1.1586296558380127
564,S,1.8517457485198974,C,1.6600228548049927,C,2.022444009780884,S,1.984487533569336,S,1.0932883024215698,S,1.049106478691101,G,2.8471665382385254,G,1.72946035861969,G,1.3436822891235352,G,1.6169309616088867,S,1.7271220684051514,S,4.531393051147461,A,1.6393547058105469,S,1.0987391471862793,G,1.6814286708831787,G,1.7515592575073242
565,I,1.938018250465393,I,0.8160668611526489,V,2.178609609603882,L,4.805561065673828,L,3.2623541355133057,T,2.068739414215088,I,1.6299036741256714,I,1.9439486265182495,M,1.3246960639953613,M,1.6431407928466797,M,2.030346155166626,V,1.2351758480072021,G,1.7715916633605957,V,1.1930732727050781,L,1.5454868078231812,L,1.6215797662734985
566,I,1.9617006222407023,I,3.0353991985321045,I,1.0932354927062988,I,1.535979151725769,I,1.671141266822815,I,1.3562586307525635,F,1.3425990343093872,F,2.687687635421753,I,2.920948028564453,I,1.551470398902893,I,3.7525782585144043,I,1.3006237745285034,I,1.9836227893829346,I,1.2221312522888184,L,2.3354177474975586,L,1.6364166736602783
567,A,2.047948185602824,L,4.051875114440918,C,1.8783550262451172,A,1.5804702043533325,N,0.930844783782959,L,1.1506415605545044,V,1.2361713647842407,V,1.9077858924865723,L,1.8029911518096924,L,1.2621980905532837,I,2.4873576164245605,L,2.5051608085632324,L,1.5323715209960938,L,4.515270233154297,L,1.5190386772155762,L,2.3586907386779785
568,R,1.8238499164581299,R,1.631394624710083,R,1.3314611911773682,R,1.4740926027297974,R,1.6349951028823853,R,2.529158115386963,R,3.208889961242676,R,2.1998114585876465,R,2.696944236755371,R,1.5574567317962646,R,1.6968140602111816,R,1.295291543006897,R,1.4753177165985107,R,1.2175785303115845,R,1.8938649892807007,R,1.514677882194519
569,L,2.51442004442215,L,3.703397750854492,L,3.8786661624908447,A,1.3378223180770874,L,7.532705783843994,F,1.1745610237121582,L,3.379542827606201,L,1.7068533897399902,L,0.9538567662239075,L,1.6743526458740234,L,1.3029989004135132,L,1.7639176845550537,L,3.914851427078247,L,1.289016604423523,L,2.1585354804992676,L,1.9452219009399414
570,A,2.171921388308207,S,2.8785035610198975,M,1.9748053550720215,M,2.149353504180908,K,2.0186121463775635,K,3.8475911617279053,S,2.5600132942199707,S,1.3995903730392456,A,1.5080305337905884,A,2.980919361114502,A,1.6714564561843872,K,1.6528329849243164,K,1.5496160984039307,K,2.494466781616211,P,1.7226603031158447,P,2.1703689098358154
571,D,2.054376765092214,D,0.8643681406974792,D,1.1848639249801636,D,1.334751844406128,D,2.744752883911133,D,1.4895366430282593,N,1.3309601545333862,N,2.6057040691375732,D,6.00372838973999,D,1.636547565460205,N,1.4631494283676147,G,4.057886600494385,G,1.4994988441467285,G,1.290241003036499,D,1.5543138980865479,D,1.7553480863571167
572,D,1.8791763226191203,D,2.7811176776885986,D,1.473646879196167,D,1.1772528886795044,D,3.1186413764953613,D,3.1030898094177246,D,1.6903132200241089,D,1.4408879280090332,D,1.2185969352722168,D,1.4250636100769043,D,1.9451944828033447,D,1.7671353816986084,D,1.978927493095398,D,1.8065683841705322,D,1.7952967882156372,D,1.4659119844436646
573,-,2.1796270608901978,-,,-,,-,,-,,-,,-,,-,,L,1.619850993156433,L,3.583253860473633,L,1.817814826965332,-,,-,,-,,L,1.9287817478179932,L,1.9484338760375977
574,-,1.743857741355896,-,,-,,-,,-,,-,,-,,-,,-,,-,,G,1.743857741355896,-,,-,,-,,-,,-,
575,L,1.8733511838045986,L,1.9641565084457397,L,2.5306527614593506,I,1.3094731569290161,I,1.379347324371338,M,1.2766307592391968,I,1.9167895317077637,I,3.385854959487915,-,,-,,T,1.6589787006378174,T,1.9601858854293823,T,1.575435996055603,T,1.6493574380874634,-,,-,
576,G,2.0049641092618304,K,3.1629679203033447,V,1.2327930927276611,A,1.7507747411727905,I,2.244900703430176,G,1.1649889945983887,V,0.9453467726707458,V,1.20661461353302,G,1.5337885618209839,G,1.5085666179656982,S,2.5783565044403076,R,2.320500135421753,R,1.6303461790084839,R,3.980888605117798,G,2.778122663497925,G,2.035505533218384
577,T,1.9250757853190104,S,1.4145797491073608,G,3.117180824279785,G,1.3099888563156128,G,1.3138245344161987,T,2.482698440551758,S,2.5811495780944824,S,1.1872309446334839,T,1.550864815711975,T,3.1086301803588867,P,1.563034176826477,C,1.1284457445144653,C,2.0710031986236572,C,1.6953928470611572,T,1.8359569311141968,T,2.516155958175659
578,S,2.0817461252212524,Y,2.391846179962158,D,3.8929662704467773,H,1.2952584028244019,H,1.2140016555786133,S,1.8065639734268188,T,1.70037841796875,T,1.6371370553970337,T,2.3501086235046387,T,1.625967264175415,E,2.796858549118042,Y,1.8591793775558472,Y,2.865266799926758,Y,1.9119535684585571,A,1.9501146078109741,A,1.9285911321640015
579,T,1.8834319750467936,E,1.49031662940979,E,1.334521770477295,E,1.3796969652175903,E,1.2747180461883545,S,3.295954465866089,K,1.0489187240600586,K,1.2555750608444214,Q,1.5943604707717896,Q,2.1686644554138184,S,1.9803872108459473,K,2.1234912872314453,Q,1.8349367380142212,K,2.4778101444244385,L,3.00221586227417,L,1.9899117946624756
580,D,2.0139604608217874,R,4.03276252746582,Y,1.015270709991455,V,2.8023276329040527,H,2.0372674465179443,D,1.5309863090515137,R,1.9368665218353271,R,2.546027183532715,F,2.78157639503479,F,1.2137798070907593,E,1.4339783191680908,A,2.1105968952178955,A,1.695063829421997,A,1.1245955228805542,H,0.8896954655647278,H,3.05861234664917
581,E,1.8243527213732402,E,1.4374314546585083,E,2.263822317123413,E,1.9439120292663574,E,1.1598325967788696,E,0.8534646034240723,E,1.730982780456543,E,2.3996214866638184,E,1.836925745010376,E,1.308052659034729,V,2.018807888031006,D,1.6866474151611328,D,2.4074838161468506,D,1.9380638599395752,E,3.4576399326324463,E,0.9226022362709045
582,L,2.5565880792481557,K,3.3933069705963135,-,,Q,2.8675689697265625,Q,1.7732595205307007,L,2.0171608924865723,Q,2.0757498741149902,Q,4.370154857635498,L,1.1480849981307983,L,2.27925443649292,L,1.676872968673706,R,2.836575508117676,S,1.2693232297897339,R,2.109445810317993,L,4.555002689361572,L,3.4204723834991455
583,K,2.160171287400382,M,1.4344879388809204,-,,Q,1.9870659112930298,Q,1.9314074516296387,K,1.7581233978271484,R,2.5157485008239746,R,3.377539873123169,K,2.4169247150421143,K,1.8934838771820068,K,1.4595714807510376,A,1.4067240953445435,A,1.5503814220428467,A,2.08756160736084,K,1.6826398372650146,K,4.7407379150390625
584,R,2.160939642361232,S,1.6008771657943726,-,,R,2.54512882232666,R,3.1846237182617188,R,1.8148490190505981,E,5.046711444854736,E,2.8920040130615234,R,1.5448946952819824,R,1.7627164125442505,S,1.4918444156646729,R,1.6981065273284912,R,1.7059987783432007,R,1.7296804189682007,R,1.4663344621658325,R,1.7693850994110107
585,G,2.5750237618173872,S,5.537687301635742,-,,E,1.3916881084442139,E,1.382412314414978,G,2.3082644939422607,K,3.463571786880493,K,2.8918826580047607,G,2.814875602722168,G,3.3013157844543457,A,2.117262601852417,G,2.3401927947998047,G,2.1000559329986572,G,2.7715091705322266,G,2.1324124336242676,G,1.497201681137085
586,D,1.8809658527374267,H,3.0757157802581787,E,1.7693283557891846,H,1.3663285970687866,H,2.7413125038146973,D,1.324571967124939,H,2.8352160453796387,H,2.0951173305511475,D,2.415111780166626,D,1.6570141315460205,D,1.5832442045211792,E,1.1010185480117798,E,1.4845176935195923,E,1.4339596033096313,D,1.2054719924926758,D,2.126559257507324
587,V,1.736969002087911,V,1.5543034076690674,K,1.5953665971755981,G,1.2959452867507935,G,2.1468143463134766,N,1.792951226234436,C,2.429603338241577,C,1.4175728559494019,V,1.327595591545105,V,1.8841993808746338,V,1.4666906595230103,E,1.8417251110076904,E,2.912018060684204,E,1.7609899044036865,A,1.4957400560379028,V,1.133019208908081
588,P,1.653007165590922,A,0.9790604114532471,P,1.6464961767196655,A,1.5881013870239258,A,2.48930287361145,P,1.5525084733963013,V,2.0391318798065186,V,1.4711304903030396,Q,1.2449389696121216,Q,1.1481431722640991,P,1.0839111804962158,A,2.243943691253662,A,1.441535472869873,A,2.327540397644043,P,2.0420384407043457,P,1.4973244667053223
589,K,1.7964880069096882,S,1.446328043937683,S,4.0200371742248535,S,0.8805842399597168,S,1.1583752632141113,K,1.3052014112472534,S,1.482548713684082,S,2.3637142181396484,K,1.2763851881027222,K,1.5428189039230347,K,1.5713798999786377,S,2.4464449882507324,S,2.2418406009674072,S,1.0907801389694214,K,2.087104320526123,K,2.0337769985198975
590,A,2.8032156387964884,T,2.3979763984680176,S,5.4499616622924805,L,2.9225683212280273,F,1.1492671966552734,S,1.8986762762069702,T,1.5948405265808105,T,2.599313735961914,A,1.3936069011688232,A,3.116626739501953,S,8.140668869018555,S,3.5519001483917236,C,2.4905333518981934,S,1.909703254699707,A,1.338437557220459,A,2.094153642654419
591,I,2.1392651001612344,M,2.580064535140991,V,2.1782164573669434,I,2.8605384826660156,I,1.6292741298675537,I,1.4114760160446167,V,3.4036569595336914,V,1.5569305419921875,I,2.3071625232696533,I,1.2573899030685425,I,1.242681622505188,V,5.64725923538208,I,1.0027061700820923,V,2.472885847091675,M,1.189204454421997,M,1.3495296239852905
592,Q,2.2958622614542645,E,5.714676380157471,L,2.0665855407714844,E,3.533531427383423,E,1.821919560432434,Q,2.6646344661712646,Q,1.7811599969863892,Q,1.097299575805664,Q,3.0793967247009277,Q,1.4050971269607544,Q,1.6032676696777344,S,2.3840317726135254,S,1.3775752782821655,S,2.5257339477539062,Q,2.1970603466033936,Q,1.1859641075134277
593,C,1.9936149994532266,S,3.400620222091675,C,1.5502815246582031,C,0.894616961479187,C,1.0469956398010254,C,1.2533514499664307,C,1.1690068244934082,C,3.2795863151550293,C,1.437494158744812,C,2.632457733154297,C,1.651354432106018,C,1.5380926132202148,C,2.2960941791534424,C,3.5702667236328125,C,1.9966745376586914,C,2.1873316764831543
594,Y,2.3100563844045,C,1.037773847579956,Y,1.8806992769241333,Y,2.8213863372802734,Y,1.7322630882263184,Y,1.2199910879135132,Y,1.279840350151062,Y,1.20834219455719,Y,4.67285680770874,Y,2.095479965209961,Y,1.6616370677947998,Y,1.8974149227142334,Y,3.903752565383911,Y,5.277621746063232,Y,1.9588794708251953,Y,2.0029070377349854
595,M,1.8969127416610718,M,1.0195273160934448,M,1.5712864398956299,M,2.225058078765869,V,1.5655441284179688,M,1.4429006576538086,M,4.834726333618164,M,2.623112916946411,M,1.3905296325683594,M,1.667039155960083,V,1.590858817100525,M,1.9277801513671875,M,1.2370052337646484,M,2.407227039337158,M,1.0885199308395386,M,1.8625752925872803
596,N,2.2226208011309305,K,1.1069940328598022,K,3.5643310546875,K,1.5674618482589722,K,3.819218397140503,H,3.0748090744018555,K,1.3016750812530518,K,2.042428970336914,K,1.9674482345581055,K,2.867715358734131,K,1.4678702354431152,K,1.6087981462478638,K,5.344965934753418,K,1.5317846536636353,K,1.082061767578125,K,0.9917492270469666
597,E,2.1980613708496093,E,1.3183629512786865,Q,1.206647276878357,D,2.6926825046539307,E,1.8984352350234985,E,1.5430774688720703,Q,1.7150813341140747,Q,2.6234188079833984,D,1.2639240026474,D,2.3510875701904297,E,4.146167278289795,D,3.049417495727539,E,3.926525354385376,D,1.921541690826416,E,2.088125467300415,E,1.226426124572754
598,T,1.5511993567148845,-,,-,,-,,-,,-,,-,,-,,-,,-,,-,,N,1.270045280456543,N,1.423560619354248,N,1.9599921703338623,-,,-,
599,-,1.6051684856414794,H,1.2175531387329102,Y,1.2864371538162231,Y,1.5617657899856567,Y,1.341103434562683,S,2.1185779571533203,H,1.5461177825927734,H,1.1849945783615112,N,1.4544655084609985,N,2.369656801223755,T,1.12545907497406,A,2.048950433731079,P,1.7356698513031006,A,1.6250545978546143,K,1.493116855621338,K,1.968604326248169
600,G,2.0609588384628297,Q,1.300642728805542,V,3.776884078979492,G,1.8390910625457764,R,2.201258897781372,G,2.0433461666107178,E,2.0348455905914307,E,2.3359830379486084,N,1.297703504562378,N,1.7499003410339355,G,1.5915448665618896,G,2.1671688556671143,G,2.1891608238220215,G,3.023419141769409,N,1.9775559902191162,N,1.3858774900436401
601,A,1.9730654954910278,V,1.6508350372314453,V,3.262253999710083,V,1.4492242336273193,A,1.9289315938949585,V,1.311417579650879,L,1.5731468200683594,I,4.312729835510254,A,1.5899196863174438,A,1.4847052097320557,A,1.4886060953140259,I,2.832242965698242,L,1.633206844329834,L,1.3096668720245361,V,1.7873382568359375,V,1.981757402420044
602,S,2.4027990818023683,P,1.760198950767517,S,2.5797884464263916,S,0.9786698818206787,S,3.664755344390869,S,1.220625877380371,T,3.20539927482605,T,1.7219523191452026,T,3.983280897140503,T,1.3835458755493164,C,1.907454490661621,T,2.907759189605713,T,1.4526917934417725,T,2.144397735595703,P,5.362085342407227,P,1.769380807876587
603,E,2.525709287325541,L,2.878120183944702,K,1.833290696144104,K,1.8414011001586914,K,1.6460095643997192,E,5.574493408203125,M,3.1046128273010254,M,1.316409707069397,E,1.8465211391448975,E,2.194901943206787,E,3.6323904991149902,E,1.9882888793945312,E,1.166426181793213,E,1.9244937896728516,E,1.6295244693756104,E,5.308754920959473
604,E,1.7281543016433716,E,0.9393463134765625,D,1.6531238555908203,Q,1.0338350534439087,Q,3.0700910091400146,K,2.220846652984619,D,1.1147090196609497,D,1.0494067668914795,-,,-,,-,,E,1.2630183696746826,E,2.1112611293792725,E,2.8259048461914062,-,,-,
605,-,,-,,-,,-,,-,,-,,-,,-,,-,,-,,-,,-,,-,,-,,-,,-,
606,-,1.873921799659729,-,,-,,-,,-,,-,,-,,-,,K,2.452233076095581,K,1.7860218286514282,E,1.1140995025634766,-,,-,,-,,K,2.400752544403076,K,1.616502046585083
607,-,,-,,-,,-,,-,,-,,-,,-,,-,,-,,-,,-,,-,,-,,-,,-,
608,-,,-,,-,,-,,-,,-,,-,,-,,-,,-,,-,,-,,-,,-,,-,,-,
609,G,1.876289709409078,V,1.3486171960830688,E,1.927030324935913,E,3.6228976249694824,E,1.4190034866333008,E,1.681288719177246,E,1.3125345706939697,E,1.513159990310669,E,1.2175700664520264,E,1.8265976905822754,K,1.3434269428253174,D,1.2320441007614136,D,3.0562942028045654,D,2.881804943084717,E,1.3715919256210327,E,2.390483856201172
610,A,2.2995033582051594,A,5.184177398681641,A,1.5378601551055908,A,2.239549160003662,A,0.900316596031189,A,1.4470192193984985,A,1.6266016960144043,A,1.489235758781433,G,2.231208086013794,G,6.2244873046875,A,1.4074116945266724,A,2.049895763397217,V,2.685349941253662,A,2.056103229522705,A,1.8632140159606934,A,1.5501203536987305
611,R,2.003499086697896,R,1.8859634399414062,R,1.2961339950561523,Y,3.1657567024230957,Y,2.9608237743377686,R,1.5335062742233276,C,1.7105199098587036,C,1.0050163269042969,Q,2.0176942348480225,Q,1.412463903427124,R,2.1408581733703613,V,1.8033512830734253,V,3.0654749870300293,I,1.2436755895614624,R,2.9511466026306152,R,1.8601011037826538
612,E,1.8651984532674153,V,1.0736361742019653,A,1.3841047286987305,V,1.3721578121185303,V,1.084333896636963,Q,1.5327067375183105,E,1.504288673400879,E,2.120684862136841,E,3.8480093479156494,E,2.608234167098999,E,2.924017906188965,H,1.4046541452407837,N,1.6432808637619019,H,1.19761061668396,E,1.3289557695388794,E,2.951301097869873
613,Y,1.6918218731880188,K,2.1045308113098145,R,2.517972469329834,K,1.4432005882263184,E,2.4133081436157227,H,1.4780455827713013,Q,0.8522811532020569,Q,1.6998448371887207,H,1.3673913478851318,H,1.0063107013702393,Y,1.2409676313400269,C,1.8376272916793823,H,2.033818483352661,R,2.038630247116089,H,2.029740571975708,H,1.3136582374572754
614,I,1.9919848203659059,I,1.9674339294433594,L,1.0962729454040527,F,1.6819275617599487,A,1.3719708919525146,L,1.8754961490631104,I,2.0748791694641113,I,3.6402788162231445,V,2.296294689178467,V,2.0565450191497803,L,3.4532909393310547,I,1.5881197452545166,I,1.2394931316375732,I,1.7308917045593262,V,1.8005759716033936,V,2.0063016414642334
615,K,1.948297874132792,Q,1.3506813049316406,E,1.3748135566711426,Q,2.1673636436462402,R,3.1833746433258057,G,2.738802433013916,K,2.8591792583465576,K,1.6655431985855103,K,2.4435794353485107,K,1.3911924362182617,R,2.4628961086273193,N,1.145080804824829,H,2.1122207641601562,N,1.2581498622894287,R,1.2777460813522339,R,1.7938445806503296
616,Y,1.9648518006006876,E,1.4797847270965576,Q,2.2252845764160156,K,1.1564762592315674,R,2.5701448917388916,N,1.097574234008789,E,3.4909780025482178,E,1.5726057291030884,Y,1.4186891317367554,Y,2.4349849224090576,F,1.6979329586029053,D,3.6766183376312256,G,1.6626566648483276,A,1.6222257614135742,F,2.0929996967315674,F,1.2738211154937744
617,L,2.4015085379282635,T,1.1818701028823853,Q,3.015225887298584,E,3.9417622089385986,Q,2.4783716201782227,L,1.5519180297851562,L,2.034611940383911,L,2.4959404468536377,L,2.9921419620513916,L,2.4314465522766113,L,4.4730095863342285,M,1.6790146827697754,M,1.1420854330062866,M,1.3500089645385742,L,3.1716513633728027,L,2.083569288253784
618,I,1.876581350962321,I,1.1230928897857666,V,1.8829903602600098,V,1.7460308074951172,I,1.4292078018188477,I,1.7167011499404907,T,2.0135085582733154,T,1.5795238018035889,L,2.171480417251587,L,2.681743860244751,I,1.4628114700317383,V,2.0425238609313965,V,1.3386542797088623,V,1.0374120473861694,I,2.7659411430358887,I,3.157097816467285
619,S,2.269777158896128,D,0.9733933806419373,K,2.2227935791015625,T,1.593493938446045,A,1.8380382061004639,T,4.208422660827637,E,1.874021053314209,E,3.2299141883850098,R,2.535677671432495,L,2.310800075531006,I,1.2037456035614014,N,2.3173348903656006,D,1.3426423072814941,H,3.5936474800109863,R,1.9369522333145142,R,2.8657801151275635
620,A,2.118573196729024,E,1.0297391414642334,D,2.1754822731018066,N,2.605905055999756,N,3.3124935626983643,E,2.179752826690674,D,1.664737343788147,D,1.3540067672729492,E,2.0457494258880615,E,2.5244598388671875,E,4.053740501403809,N,1.7464652061462402,D,1.3945033550262451,N,1.4992932081222534,E,2.2374305725097656,E,1.9548388719558716
621,T,2.59499941666921,T,1.275903344154358,A,2.857832193374634,G,1.2932143211364746,A,2.8543331623077393,T,5.785770416259766,S,2.2701969146728516,S,3.1275761127471924,A,4.804341793060303,A,2.010105848312378,A,1.3809688091278076,L,1.3372063636779785,L,2.5831258296966553,L,2.0989174842834473,A,2.603482484817505,A,2.6420161724090576
622,W,1.9508604049682616,W,1.1779375076293945,W,1.8994075059890747,W,2.6422619819641113,W,1.1922364234924316,W,2.4693219661712646,W,0.9583752155303955,W,2.330963134765625,W,2.458310127258301,W,2.087209939956665,W,1.3813236951828003,L,2.1686761379241943,I,1.7840290069580078,L,2.0786170959472656,S,2.1698050498962402,S,2.4644312858581543
623,K,2.1225762565930686,K,3.175447463989258,K,1.150022029876709,M,1.1623951196670532,K,1.099405288696289,M,2.9924657344818115,K,2.7699475288391113,K,0.9120249152183533,K,1.656230092048645,K,2.467766761779785,K,1.926967740058899,K,2.615244150161743,K,3.9240758419036865,K,1.6729035377502441,K,2.597707986831665,K,1.7160396575927734
624,K,2.1442578236262,D,3.676528215408325,D,2.8998873233795166,D,1.246527910232544,D,1.65298330783844,K,1.6636978387832642,F,3.033745288848877,F,1.659406304359436,E,2.097364902496338,E,1.7548359632492065,Q,1.3510528802871704,E,1.1445683240890503,E,3.608978271484375,E,1.223347544670105,Q,2.9534599781036377,Q,2.1974833011627197
625,M,2.1048473914464316,F,1.292730450630188,M,2.043820381164551,I,2.096205472946167,I,1.3583658933639526,V,2.5461654663085938,M,1.0343494415283203,M,1.1215225458145142,M,1.9716569185256958,M,5.248427867889404,M,2.4525210857391357,L,2.0875911712646484,L,1.3557738065719604,L,2.5246095657348633,M,1.3455476760864258,M,3.0934231281280518
626,N,1.724591326713562,N,1.512829303741455,N,1.02286696434021,N,4.034635543823242,N,1.255481481552124,N,1.88282310962677,I,1.7594417333602905,I,1.6260985136032104,N,1.1362144947052002,N,1.8436739444732666,N,1.5366679430007935,N,1.4104665517807007,N,1.535671353340149,N,2.4288506507873535,N,1.4858698844909668,N,1.3972784280776978
627,K,1.9656677961349487,E,1.3362853527069092,E,1.5364104509353638,K,2.212360143661499,T,1.7279590368270874,K,1.2551941871643066,E,0.894827127456665,E,2.030759811401367,T,1.4548336267471313,T,1.837624430656433,E,3.487006187438965,W,1.622060775756836,W,2.1041781902313232,W,1.0781786441802979,T,5.396398067474365,T,1.5109409093856812
628,D,2.536412080128988,E,1.8451714515686035,E,1.0063579082489014,E,2.537404775619507,D,6.128081321716309,N,4.1861724853515625,Q,1.5422539710998535,Q,2.7389166355133057,A,1.757460355758667,A,2.6867330074310303,A,1.978151559829712,E,1.3077430725097656,E,1.6682969331741333,E,1.8817418813705444,V,1.4798583984375,V,5.30183744430542
629,R,2.1803344011306764,W,2.3856449127197266,C,2.3499231338500977,F,1.6951003074645996,Y,1.6967992782592773,R,1.5593358278274536,G,3.7657482624053955,G,3.1323070526123047,-,,-,,-,,L,2.313744068145752,L,1.4071471691131592,L,1.4975939989089966,-,,-,
630,A,1.825886620925023,L,2.3163697719573975,-,,F,1.7574690580368042,L,2.166027069091797,A,1.3121916055679321,L,3.374077796936035,-,,M,1.2389405965805054,M,1.9044092893600464,Q,1.8252923488616943,L,2.423308849334717,L,0.9043410420417786,L,1.849886178970337,S,1.3189747333526611,S,1.3452377319335938
631,A,2.2452492475509644,N,1.979865312576294,-,,-,,H,3.6048178672790527,E,2.1121702194213867,A,2.011708974838257,-,,-,,-,,-,,-,,K,1.5176838636398315,-,,-,,-,
632,-,,-,,-,,-,,-,,-,,-,,-,,-,,-,,-,,-,,-,,-,,-,,-,
633,S,1.5538379430770874,L,1.1468902826309204,-,,-,,-,,N,2.2371349334716797,-,,-,,A,1.3470815420150757,A,1.205213189125061,T,1.8328697681427002,-,,-,,-,,-,,-,
634,S,1.9646984509059362,N,1.565678596496582,I,2.5140342712402344,-,,-,,-,,-,,L,1.7405568361282349,D,2.5947494506835938,D,1.7818067073822021,-,,-,,-,,-,,A,2.195422887802124,A,1.3606404066085815
635,-,,-,,-,,-,,-,,-,,-,,-,,-,,-,,-,,-,,-,,-,,-,,-,
636,-,,-,,-,,-,,-,,-,,-,,-,,-,,-,,-,,-,,-,,-,,-,,-,
637,-,,-,,-,,-,,-,,-,,-,,-,,-,,-,,-,,-,,-,,-,,-,,-,
638,-,,-,,-,,-,,-,,-,,-,,-,,-,,-,,-,,-,,-,,-,,-,,-,
639,-,1.7687180995941163,-,,-,,C,1.483380675315857,-,,-,,-,,-,,P,2.3442060947418213,P,2.113337755203247,-,,K,1.3467096090316772,-,,K,1.5559563636779785,-,,-,
640,-,1.7485659062862395,T,1.2492772340774536,E,3.768091917037964,L,1.5838674306869507,-,,-,,-,,A,1.34451425075531,-,,-,,V,1.4147647619247437,P,0.8729199767112732,P,1.3134405612945557,P,1.5913240909576416,A,2.0225274562835693,A,2.3249313831329346
641,-,1.8358319316591536,N,2.246070623397827,P,1.2246743440628052,D,3.5899970531463623,A,2.2942028045654297,-,,L,1.2790905237197876,L,1.6667613983154297,D,1.4627946615219116,D,1.2780588865280151,D,1.9946244955062866,D,1.7380508184432983,D,1.583606243133545,D,2.1372690200805664,D,1.246360182762146,D,1.9600859880447388
642,P,2.097542707125346,S,2.15079927444458,R,1.7497332096099854,V,1.378757357597351,T,1.740836501121521,P,1.3422737121582031,K,1.5506203174591064,K,1.4386584758758545,C,1.5817347764968872,C,1.630465030670166,S,4.324139595031738,S,5.864109516143799,C,2.8227148056030273,C,1.2785779237747192,C,1.3490442037582397,C,1.2606759071350098
643,F,1.7480600198109946,H,1.4128344058990479,P,2.0076894760131836,Q,1.49039888381958,Q,1.5454177856445312,H,1.4861143827438354,E,2.0219061374664307,E,2.7672016620635986,P,1.7496243715286255,P,2.712526798248291,P,1.9253730773925781,N,1.5724914073944092,N,1.050230622291565,N,0.9168667793273926,P,2.3840181827545166,P,1.1782063245773315
644,-,1.9140472730000815,L,0.95829176902771,A,2.037321090698242,V,2.3466796875,V,1.813515067100525,L,1.0831280946731567,Y,1.2502878904342651,Y,2.0632400512695312,L,3.373204231262207,L,1.6655458211898804,F,1.5954625606536865,V,1.7271389961242676,V,2.256767749786377,V,1.6889286041259766,F,2.416484832763672,F,2.4347126483917236
645,S,2.2022743304570516,P,1.5948197841644287,S,1.185437798500061,P,1.3988076448440552,P,2.4765350818634033,S,1.3973231315612793,P,2.361537456512451,P,2.9193172454833984,S,1.4806623458862305,S,1.5731430053710938,S,2.980053424835205,P,2.5929908752441406,P,1.046312928199768,P,5.9258575439453125,P,1.5531871318817139,P,2.5481295585632324
646,H,1.9867048025131226,R,2.256866693496704,M,2.2319750785827637,K,2.6089890003204346,T,1.986095905303955,D,1.7904542684555054,I,2.1819822788238525,I,1.3662787675857544,E,1.5701792240142822,E,1.9959417581558228,S,2.045079469680786,I,2.500910520553589,I,1.6134681701660156,I,1.4151593446731567,D,2.4419450759887695,D,1.7952464818954468
647,I,2.1115978479385378,E,1.2081254720687866,Q,1.9302217960357666,F,1.6566965579986572,F,1.4164009094238281,V,2.264362096786499,I,2.532735824584961,I,1.1095298528671265,D,1.2538710832595825,D,2.1191954612731934,T,2.9599039554595947,S,1.0704965591430664,S,6.830413818359375,S,1.5784037113189697,D,1.6768927574157715,D,2.0667178630828857
648,F,2.124322605133057,L,1.414798378944397,I,1.6884655952453613,V,1.3351507186889648,V,2.4584641456604004,Y,1.6001468896865845,V,1.294567346572876,V,2.3513150215148926,L,3.278024673461914,L,3.2026562690734863,F,2.2158071994781494,C,2.199155807495117,S,1.3667724132537842,C,2.4194607734680176,F,3.041961193084717,F,1.9980926513671875
649,I,1.872492774327596,L,2.1633570194244385,L,1.2411319017410278,L,1.4340378046035767,L,1.0264819860458374,M,3.0200235843658447,P,1.3289999961853027,P,2.4107859134674072,V,0.9252035617828369,V,1.150109887123108,K,1.4430038928985596,R,2.0404212474823,K,2.666611909866333,K,2.783531904220581,V,1.3117878437042236,V,3.1419031620025635
650,E,1.6865350166956583,E,3.7586028575897217,T,1.3371645212173462,E,1.5516964197158813,E,1.876429557800293,G,1.1212760210037231,R,1.6828818321228027,R,1.0971118211746216,D,1.7342880964279175,D,1.619072437286377,G,2.1202688217163086,K,2.2631776332855225,K,1.59905207157135,K,0.9919781684875488,A,1.4238547086715698,A,1.1211702823638916
651,I,1.978278652826945,R,1.0194356441497803,R,1.6575477123260498,R,2.3728244304656982,P,1.5290204286575317,I,1.586046814918518,T,2.2938549518585205,T,1.5157774686813354,A,1.626265048980713,A,1.3426076173782349,F,6.147233963012695,A,1.4723339080810547,H,1.7557538747787476,A,2.384941816329956,A,1.4780091047286987,A,1.4925270080566406
652,A,2.120033796628316,I,1.5241138935089111,V,1.7807302474975586,V,1.331212043762207,A,1.215805172920227,A,5.729045391082764,V,1.5016409158706665,V,2.2969818115234375,A,2.307756185531616,A,3.8521828651428223,A,1.219853162765503,A,1.5744290351867676,A,1.9580971002578735,A,2.1021316051483154,A,1.9464375972747803,A,1.460089921951294
653,L,1.806370997428894,F,2.859523057937622,L,1.5995639562606812,L,1.7944400310516357,L,1.886161208152771,I,1.9590299129486084,L,1.505741834640503,L,2.75297474861145,A,1.564462423324585,A,1.2429616451263428,V,1.430932879447937,F,1.8808553218841553,F,1.169664740562439,F,2.4640467166900635,A,1.0708802938461304,A,1.9143261909484863
654,N,1.7510541280110676,N,1.1952757835388184,N,2.0542097091674805,N,2.4314682483673096,N,1.8117330074310303,N,1.1381627321243286,E,2.265068292617798,E,2.305698871612549,N,1.7168691158294678,N,1.3682842254638672,N,1.6592202186584473,D,2.0540263652801514,D,2.137070655822754,D,1.6036884784698486,N,1.3542968034744263,N,1.1707394123077393
655,L,2.043000054359436,L,2.545429229736328,L,4.846953392028809,F,1.6883108615875244,L,1.6488004922866821,M,1.3856122493743896,F,2.7894835472106934,F,1.4179388284683228,L,1.9002230167388916,L,1.8224682807922363,V,1.2705328464508057,I,1.6123661994934082,I,2.3140201568603516,I,1.457507848739624,L,2.555230140686035,L,1.390123724937439
656,A,1.8594680547714233,T,2.3355484008789062,G,1.1867187023162842,T,2.0155036449432373,S,2.1560769081115723,A,2.2346408367156982,A,2.0448179244995117,A,1.2658696174621582,G,1.6955653429031372,G,2.055772304534912,A,1.112690806388855,C,1.7504080533981323,C,1.6219717264175415,C,2.0254292488098145,G,1.7815247774124146,G,2.609482526779175
657,R,2.4217387199401856,R,4.030938625335693,R,2.4757609367370605,R,3.14793062210083,R,1.8350193500518799,R,1.5249072313308716,R,1.5604329109191895,R,2.339047908782959,-,,-,,-,,R,3.6559557914733887,R,1.7140905857086182,R,1.9333032369613647,-,,-,
658,-,,-,,-,,-,,-,,-,,-,,-,,-,,-,,-,,-,,-,,-,,-,,-,
659,-,2.31811261177063,-,,-,,-,,-,,-,,-,,-,,R,2.0555901527404785,R,2.2193872928619385,R,3.272412061691284,-,,-,,-,,R,2.258342981338501,R,1.7848305702209473
660,-,,-,,-,,-,,-,,-,,-,,-,,-,,-,,-,,-,,-,,-,,-,,-,
661,-,,-,,-,,-,,-,,-,,-,,-,,-,,-,,-,,-,,-,,-,,-,,-,
662,-,,-,,-,,-,,-,,-,,-,,-,,-,,-,,-,,-,,-,,-,,-,,-,
663,-,,-,,-,,-,,-,,-,,-,,-,,-,,-,,-,,-,,-,,-,,-,,-,
664,-,,-,,-,,-,,-,,-,,-,,-,,-,,-,,-,,-,,-,,-,,-,,-,
665,-,,-,,-,,-,,-,,-,,-,,-,,-,,-,,-,,-,,-,,-,,-,,-,
666,M,2.039309819539388,T,2.914963483810425,V,2.300492286682129,V,1.1529031991958618,L,1.4595097303390503,M,1.892071008682251,T,1.549546241760254,T,1.5102949142456055,A,4.194146156311035,A,1.9479343891143799,M,2.841732978820801,I,1.4136627912521362,A,1.579205870628357,I,1.4592137336730957,V,2.0568490028381348,V,2.3171215057373047
667,A,1.9217307090759277,M,2.034930467605591,I,2.417156934738159,I,1.468888282775879,V,3.887409210205078,A,1.9924430847167969,V,1.5828951597213745,V,1.380810022354126,S,1.8167099952697754,S,1.9646704196929932,G,1.118881106376648,F,1.4618346691131592,F,1.917942762374878,F,1.6698529720306396,A,2.062795639038086,A,2.0487399101257324
668,Q,2.4911030769348144,V,2.2924630641937256,H,1.6496036052703857,N,7.9396071434021,D,2.1927554607391357,L,2.128464460372925,D,1.6353354454040527,D,2.994884967803955,Q,1.5643153190612793,Q,2.0321805477142334,Q,2.4409234523773193,H,1.378335952758789,H,1.460365653038025,H,3.7028138637542725,N,1.947269320487976,N,2.007227897644043
669,C,2.0360715786616006,Y,2.113473892211914,L,1.3885488510131836,T,1.5809003114700317,I,1.8614493608474731,C,1.2915819883346558,Y,1.7747818231582642,Y,3.8568451404571533,F,1.2200548648834229,F,1.6924811601638794,C,2.0462021827697754,H,3.212350606918335,H,2.3714523315429688,H,1.3479894399642944,F,3.022463798522949,F,1.7604979276657104
670,L,1.8574912122317724,I,1.8254356384277344,L,1.9309704303741455,L,1.0394446849822998,-,,M,3.2329089641571045,M,1.582231044769287,M,0.9975541830062866,I,0.9510247707366943,I,1.221904993057251,M,1.6261372566223145,G,1.3064353466033936,G,4.825382232666016,G,1.4010483026504517,V,0.9771772623062134,V,3.08722186088562
671,Y,1.8496166212218148,Y,1.6326649188995361,Y,1.13267982006073,Y,1.2957897186279297,-,,Y,1.0605827569961548,Y,3.813725471496582,Y,1.459226369857788,Y,1.1426812410354614,Y,3.8325889110565186,Y,1.602231502532959,Y,1.6796737909317017,Y,1.553492546081543,Y,1.3268026113510132,Y,3.3692662715911865,Y,0.9932267665863037
672,-,,-,,-,,-,,-,,-,,-,,-,,-,,-,,-,,-,,-,,-,,-,,-,
673,Q,2.2161889632542926,Q,2.992330312728882,R,2.112586259841919,K,2.3506641387939453,L,1.563904047012329,Q,2.3182389736175537,K,1.7614784240722656,K,1.9474836587905884,L,2.7559831142425537,L,2.1836555004119873,Q,1.75315523147583,K,1.4479427337646484,K,1.4351940155029297,K,3.3330461978912354,V,1.9799959659576416,V,3.307175874710083
674,H,1.852727754910787,Q,1.4646824598312378,E,1.0877512693405151,E,1.1788544654846191,Q,1.5907158851623535,F,1.819101095199585,E,1.8238554000854492,E,1.5992597341537476,E,1.4289195537567139,E,1.0332298278808594,H,2.444472551345825,Y,5.230953693389893,Y,2.063878297805786,Y,1.294814109802246,D,1.6659669876098633,D,2.0644609928131104
675,G,1.6971309026082357,D,1.3458524942398071,G,2.6342408657073975,K,1.6348563432693481,E,1.417023777961731,G,1.0598351955413818,A,1.013095498085022,A,2.097601890563965,G,1.317162275314331,G,1.3451467752456665,G,1.353940486907959,R,2.2329158782958984,R,3.199215888977051,R,1.5421744585037231,G,1.6169816255569458,G,1.646920084953308
676,D,1.6943135420481363,D,2.805826425552368,D,1.5127259492874146,D,1.7314094305038452,D,1.1484711170196533,D,1.6961843967437744,D,1.6350711584091187,D,2.3904271125793457,D,1.0152148008346558,D,1.0591139793395996,D,1.4034349918365479,D,3.5486390590667725,D,1.260092854499817,D,1.4099962711334229,D,1.1820976734161377,D,1.6159979104995728
677,G,2.212492307027181,A,2.0026278495788574,S,1.7915223836898804,E,1.9098474979400635,D,1.1893715858459473,G,1.1417924165725708,K,2.884373664855957,K,1.7347971200942993,G,2.9213428497314453,G,2.9540207386016846,G,2.9481751918792725,G,2.130281925201416,G,1.807025671005249,G,4.754121780395508,G,1.8261257410049438,G,1.1919581890106201
678,H,1.862078865369161,Y,1.0663020610809326,Y,1.5979245901107788,Y,1.2563995122909546,F,2.025536060333252,H,2.1590397357940674,Y,2.3407235145568848,Y,1.1643658876419067,H,3.999582529067993,H,1.8239363431930542,H,1.1152206659317017,Y,1.7827199697494507,Y,1.4785246849060059,Y,2.025984764099121,F,2.257758140563965,F,1.8371645212173462
679,G,2.070106176229624,T,2.1053338050842285,T,2.0443480014801025,T,1.5258865356445312,T,1.811814546585083,A,2.133183002471924,T,1.7559298276901245,T,2.0055627822875977,G,1.6286487579345703,G,4.08162260055542,A,1.1899884939193726,G,1.9314628839492798,S,1.643217921257019,G,3.0543811321258545,-,,-,
680,L,2.524884902513944,N,2.9372761249542236,D,3.2417051792144775,N,3.444340944290161,D,1.1728510856628418,V,4.139720439910889,V,1.7045165300369263,V,2.286850690841675,-,,-,,H,2.004108190536499,D,1.6669074296951294,V,1.4483458995819092,D,2.3535327911376953,G,4.152045726776123,G,2.2713027000427246
681,-,,-,,-,,-,,-,,-,,-,,-,,-,,-,,-,,-,,-,,-,,-,,-,
682,-,,-,,-,,-,,-,,-,,-,,-,,-,,-,,-,,-,,-,,-,,-,,-,
683,-,,-,,-,,-,,-,,-,,-,,-,,-,,-,,-,,-,,-,,-,,-,,-,
684,G,2.3408212203245897,C,3.108186721801758,P,1.32771635055542,S,1.4399923086166382,S,0.9762395620346069,-,,S,1.7357277870178223,S,1.1532433032989502,V,1.8843375444412231,V,2.2766826152801514,-,,A,3.8444643020629883,A,4.672562599182129,A,1.6559162139892578,D,2.2114076614379883,D,4.144198894500732
685,-,,-,,-,,-,,-,,-,,-,,-,,-,,-,,-,,-,,-,,-,,-,,-,
686,-,1.7341421842575073,-,,-,,-,,-,,-,,-,,-,,Q,1.5038678646087646,Q,1.4433766603469849,Q,2.0933589935302734,-,,-,,-,,Q,1.3610036373138428,Q,2.269103765487671
687,N,1.92582882302148,H,1.1990686655044556,-,,K,2.072803020477295,Q,3.210952043533325,E,1.7168744802474976,H,2.3210458755493164,H,1.4121999740600586,H,4.243414402008057,H,1.5693012475967407,N,1.285016417503357,T,1.4836267232894897,T,1.8892900943756104,T,1.6372209787368774,H,1.5962109565734863,H,1.3245786428451538
688,R,1.928929104254796,-,,N,1.3888295888900757,G,0.891994059085846,N,1.7299625873565674,A,1.3780913352966309,-,,T,4.098165988922119,S,1.2175382375717163,S,2.230722665786743,S,1.4625322818756104,I,1.4542381763458252,N,2.0484821796417236,I,3.5927209854125977,S,2.0017778873443604,S,1.5810223817825317
689,E,2.1039504068238393,V,1.9075367450714111,R,1.662336826324463,K,1.2589311599731445,F,2.0351860523223877,H,2.250014066696167,T,1.198249340057373,-,,E,1.3503391742706299,E,1.5618149042129517,E,2.5815212726593018,E,2.2824795246124268,E,3.6926305294036865,E,4.1089348793029785,K,1.5627646446228027,K,2.0025665760040283
690,T,1.880781102180481,I,4.17472505569458,S,1.3107850551605225,F,1.6695208549499512,L,2.145296573638916,S,2.6577956676483154,I,1.5496666431427002,I,1.6184122562408447,I,1.2742342948913574,I,1.5933518409729004,P,1.809922695159912,V,1.5832717418670654,I,1.5280978679656982,T,1.9140111207962036,M,1.776005506515503,M,1.6066193580627441
691,K,2.269310490290324,K,1.5611475706100464,K,1.6175488233566284,K,2.3678624629974365,K,1.2728271484375,K,3.8127050399780273,K,4.413495063781738,K,1.3981457948684692,H,1.584761381149292,H,2.5501081943511963,R,3.8307347297668457,K,1.2422574758529663,K,3.8647398948669434,K,1.278945803642273,L,1.5066171884536743,L,1.7377607822418213
692,D,2.278799875577291,D,1.1643892526626587,E,3.8910529613494873,N,4.796831130981445,D,2.005014181137085,D,1.103350043296814,D,1.4597877264022827,D,2.534482479095459,N,1.907935380935669,N,2.190394401550293,D,1.8261778354644775,N,4.851612567901611,D,1.6092286109924316,N,1.9762638807296753,Q,1.3360298871994019,Q,1.5294477939605713
693,R,2.1047642389933268,T,1.182480812072754,W,1.3081659078598022,M,2.571742057800293,T,2.642622470855713,R,2.1283199787139893,M,1.2076345682144165,M,1.2840040922164917,Q,4.464766502380371,Q,2.5740647315979004,R,2.1693410873413086,L,2.1650729179382324,L,1.7761669158935547,L,1.4779635667800903,Q,3.281038999557495,Q,1.3380789756774902
694,I,1.8348649104436239,I,1.4211218357086182,V,1.4138599634170532,I,1.7662731409072876,I,1.9593547582626343,V,1.2319519519805908,L,2.5063977241516113,L,1.1618393659591675,M,1.5329368114471436,M,1.199684500694275,I,2.1426899433135986,V,2.7880568504333496,V,2.7351324558258057,V,1.0221009254455566,I,1.3561944961547852,I,3.285378932952881
695,L,2.0266621112823486,N,1.8988728523254395,K,3.880645990371704,I,1.5885452032089233,T,3.1156504154205322,L,2.5403058528900146,T,1.0937888622283936,T,1.2767277956008911,G,1.3363556861877441,G,1.5225025415420532,L,2.206615447998047,K,2.051816701889038,M,1.435569405555725,K,3.609640598297119,A,1.4683644771575928,A,1.3745298385620117
696,S,1.6818406105041503,S,1.212441086769104,M,1.0728397369384766,T,1.491621732711792,L,1.6255109310150146,S,1.4696542024612427,S,1.2735583782196045,S,1.8534634113311768,G,2.964456081390381,G,2.1368231773376465,S,1.0458076000213623,R,1.6736679077148438,I,1.2747923135757446,R,2.072437047958374,A,2.593946933746338,A,1.4665886163711548
697,L,2.042311970392863,L,3.4902758598327637,V,1.4933871030807495,L,1.6839170455932617,L,1.6237037181854248,L,1.4666985273361206,L,1.8782391548156738,L,2.6672933101654053,L,1.4676856994628906,L,1.5285016298294067,L,1.2800909280776978,T,1.2479043006896973,T,3.6670892238616943,T,2.7836594581604004,L,1.7574546337127686,L,2.5987789630889893
698,L,1.9481029351552328,F,2.0527496337890625,F,1.7774667739868164,L,1.5746500492095947,F,2.6653034687042236,L,1.8242440223693848,Y,1.832412600517273,Y,1.489467740058899,I,3.099134922027588,I,2.250061273574829,L,1.417860507965088,V,1.5665154457092285,V,2.015754461288452,V,1.7554980516433716,M,2.1447744369506836,M,1.7556506395339966
699,I,2.1733029166857403,V,1.449035882949829,V,1.4619688987731934,V,1.62712562084198,V,1.2068275213241577,I,1.416904330253601,V,0.891826868057251,V,0.9363779425621033,F,1.9820376634597778,F,5.264133930206299,F,1.2216057777404785,L,3.1401820182800293,L,2.6537280082702637,L,1.9559509754180908,F,5.209885120391846,F,2.181953191757202
700,Q,2.2060718139012656,E,1.5164833068847656,D,1.181309700012207,E,2.999945640563965,D,1.3169938325881958,N,1.796151876449585,K,1.4442249536514282,K,1.8414859771728516,E,3.210285186767578,E,1.8455047607421875,E,3.8696727752685547,E,1.3353976011276245,E,2.3303208351135254,E,1.2293789386749268,E,1.9383947849273682,E,5.235527038574219
701,P,1.9170767148335774,P,1.3683720827102661,P,1.1490893363952637,S,1.6057225465774536,S,1.3727548122406006,P,4.113840579986572,P,2.062580108642578,P,2.3261606693267822,P,1.7825801372528076,P,1.4314661026000977,P,2.4216814041137695,P,1.8487545251846313,P,2.059619903564453,P,1.5527114868164062,P,1.8021290302276611,P,1.8586879968643188
702,I,1.9765096743901571,V,2.6183598041534424,I,2.4143025875091553,V,1.41426682472229,V,1.8166669607162476,I,2.0716729164123535,V,2.0674703121185303,V,1.7758413553237915,Y,1.5540432929992676,Y,2.530949115753174,I,1.7101930379867554,V,1.1465530395507812,V,1.6298584938049316,V,3.471301317214966,Y,1.638846755027771,Y,1.787319302558899
703,P,1.7872657435280936,S,2.9768128395080566,-,,E,1.675585389137268,N,1.4722044467926025,P,1.889061689376831,L,1.3921335935592651,L,1.206254243850708,V,2.3224289417266846,V,1.592366099357605,S,2.7139620780944824,P,1.6572240591049194,P,1.6955407857894897,P,1.269452452659607,D,1.5220410823822021,D,1.6366527080535889
704,-,2.0304062366485596,-,,-,,-,,-,,-,,-,,-,,-,,-,,S,2.0304062366485596,-,,-,,-,,-,,-,
705,L,2.096160340309143,I,4.1368408203125,-,,I,0.9772771596908569,S,1.5689328908920288,C,3.151747465133667,M,1.1395989656448364,M,0.8866719007492065,-,,-,,F,1.5753889083862305,L,3.7968175411224365,L,1.7629590034484863,L,1.9653687477111816,-,,-,
706,N,2.244533985853195,T,1.4858778715133667,-,,-,,T,4.458592414855957,P,1.6422234773635864,-,,-,,-,,-,,A,1.3914421796798706,-,,-,,-,,-,,-,
707,K,1.6048046350479126,-,,-,,-,,S,1.6048046350479126,-,,-,,-,,-,,-,,-,,-,,-,,-,,-,,-,
708,D,2.6591897010803223,-,,-,,-,,C,2.6591897010803223,-,,-,,-,,-,,-,,-,,-,,-,,-,,-,,-,
709,-,1.5842221975326538,-,,-,,-,,G,1.5842221975326538,-,,-,,-,,-,,-,,-,,-,,-,,-,,-,,-,
710,-,,-,,-,,-,,-,,-,,-,,-,,-,,-,,-,,-,,-,,-,,-,,-,
711,-,,-,,-,,-,,-,,-,,-,,-,,-,,-,,-,,-,,-,,-,,-,,-,
712,-,,-,,-,,-,,-,,-,,-,,-,,-,,-,,-,,-,,-,,-,,-,,-,
713,-,,-,,-,,-,,-,,-,,-,,-,,-,,-,,-,,-,,-,,-,,-,,-,
714,-,,-,,-,,-,,-,,-,,-,,-,,-,,-,,-,,-,,-,,-,,-,,-,
