MSA_Column,Q93X23_Residue,Mean_GAT_Attention,A0A7G5KLV3_AA,A0A7G5KLV3_GAT_ATT,A6XH06_AA,A6XH06_GAT_ATT,B6SCF4_AA,B6SCF4_GAT_ATT,C0KWV4_AA,C0KWV4_GAT_ATT,C0KWV6_AA,C0KWV6_GAT_ATT,C0KWV7_AA,C0KWV7_GAT_ATT,F2XF93_AA,F2XF93_GAT_ATT,F2XFA6_AA,F2XFA6_GAT_ATT,I6RE61_AA,I6RE61_GAT_ATT,O24474_AA,O24474_GAT_ATT,Q1XBU5_AA,Q1XBU5_GAT_ATT,Q29VN2_AA,Q29VN2_GAT_ATT,Q2XSC5_AA,Q2XSC5_GAT_ATT,Q308N0_AA,Q308N0_GAT_ATT,Q4JHG3_AA,Q4JHG3_GAT_ATT,Q5SBP1_AA,Q5SBP1_GAT_ATT,Q5SBP3_AA,Q5SBP3_GAT_ATT,Q6USK1_AA,Q6USK1_GAT_ATT,Q6ZH94_AA,Q6ZH94_GAT_ATT,Q84UV0_AA,Q84UV0_GAT_ATT,Q84ZW8_AA,Q84ZW8_GAT_ATT,Q8GUE4_AA,Q8GUE4_GAT_ATT,Q8H2B4_AA,Q8H2B4_GAT_ATT,Q96376_AA,Q96376_GAT_ATT,Q9SPN0_AA,Q9SPN0_GAT_ATT,Q9SPN1_AA,Q9SPN1_GAT_ATT,T1RRL8_AA,T1RRL8_GAT_ATT
1,-,1.8144304752349854,-,,-,,-,,-,,-,,-,,-,,-,,-,,-,,-,,-,,-,,-,,-,,-,,-,,R,1.8144304752349854,-,,-,,-,,-,,-,,-,,-,,-,,-,
2,-,1.6137890219688416,-,,-,,-,,-,,-,,-,,-,,-,,-,,-,,-,,-,,-,,-,,-,,-,,Q,1.7715288400650024,Q,1.4560492038726807,-,,-,,-,,-,,-,,-,,-,,-,,-,
3,-,2.2213420271873474,-,,-,,-,,-,,-,,-,,-,,-,,-,,-,,-,,-,,-,,-,,-,,-,,H,1.446045994758606,H,2.996638059616089,-,,-,,-,,-,,-,,-,,-,,-,,-,
4,-,2.332241654396057,-,,-,,-,,-,,-,,-,,-,,-,,-,,-,,-,,-,,-,,-,,-,,-,,V,3.1184630393981934,M,1.546020269393921,-,,-,,-,,-,,-,,-,,-,,-,,-,
5,-,2.3173294067382812,-,,-,,-,,-,,-,,-,,-,,-,,-,,-,,-,,-,,-,,-,,-,,-,,-,,-,,-,,F,2.3173294067382812,-,,-,,-,,-,,-,,-,,-,
6,-,1.5229122638702393,-,,-,,-,,-,,-,,-,,-,,-,,-,,-,,-,,-,,Q,1.5229122638702393,-,,-,,-,,-,,-,,-,,-,,-,,-,,-,,-,,-,,-,,-,
7,T,2.031603142619133,-,,-,,-,,K,2.1648855209350586,K,2.140411376953125,-,,-,,-,,-,,-,,-,,-,,L,1.129512906074524,K,2.566551685333252,K,2.5811004638671875,-,,-,,-,,-,,H,1.662076711654663,-,,Y,1.705463171005249,-,,-,,-,,-,,K,2.302823305130005
8,S,1.9170746153051204,-,,E,1.6463210582733154,-,,P,2.0641019344329834,P,2.122134208679199,E,2.9591782093048096,-,,-,,-,,-,,-,,-,,H,1.5803850889205933,P,1.6429367065429688,P,1.6441001892089844,-,,-,,-,,-,,-,,-,,S,1.7554638385772705,-,,-,,A,1.43696928024292,A,2.7719004154205322,P,1.4643298387527466
9,P,1.851635068655014,-,,P,1.7504377365112305,-,,V,1.9173872470855713,A,1.9017208814620972,I,1.3874340057373047,-,,-,,-,,-,,-,,-,,V,2.3483521938323975,V,1.9610122442245483,V,1.9560825824737549,-,,-,,-,,-,,-,,-,,T,1.8882957696914673,Q,1.8312106132507324,-,,D,1.8180879354476929,E,1.7658830881118774,L,1.6937165260314941
10,D,2.019595911105474,-,,R,1.9526044130325317,-,,E,2.0610315799713135,Q,2.0416676998138428,L,1.8247910737991333,-,,-,,-,,-,,-,,-,,D,2.7537176609039307,Q,1.9611339569091797,Q,1.9557974338531494,-,,-,,-,,-,,-,,-,,T,1.8694508075714111,E,1.89670729637146,-,,T,2.4948854446411133,S,1.2939318418502808,D,2.12943172454834
11,I,2.143341133991877,-,,Q,3.3388047218322754,-,,E,1.6583311557769775,E,1.6434130668640137,T,2.1876466274261475,-,,-,,-,,-,,-,,-,,E,2.510067939758301,E,1.6810028553009033,E,1.6768184900283813,-,,-,,-,,-,,-,,-,,V,2.694450855255127,E,2.5419957637786865,-,,H,2.114501714706421,H,1.8999921083450317,E,1.7730683088302612
12,L,2.0389041801293692,-,,I,1.536495566368103,-,,G,1.840498447418213,G,1.8450641632080078,A,1.462071180343628,-,,-,,-,,-,,-,,-,,T,3.270958662033081,G,1.8865551948547363,G,1.8856619596481323,-,,-,,-,,-,,-,,-,,P,2.0824289321899414,T,2.290588855743408,-,,V,1.871504545211792,V,1.6589614152908325,T,2.8360612392425537
13,R,2.1018099784851074,-,,R,1.4792420864105225,-,,R,2.338630437850952,R,2.337247610092163,R,1.675687313079834,-,,-,,-,,-,,-,,-,,R,2.396918296813965,R,2.3248987197875977,R,2.3243048191070557,-,,-,,-,,-,,-,,-,,R,2.1928701400756836,R,1.8116626739501953,-,,R,2.443303108215332,R,1.8779973983764648,R,2.0189571380615234
14,R,1.8549464849325328,-,,R,1.5010669231414795,-,,R,1.8616585731506348,R,1.8710280656814575,R,2.17702054977417,-,,-,,S,1.582275629043579,-,,-,,-,,R,3.08982515335083,R,1.8727260828018188,R,1.8757694959640503,-,,-,,-,,-,,-,,-,,R,2.1515910625457764,R,1.379152774810791,-,,R,1.3941911458969116,R,1.4675838947296143,R,1.8904149532318115
15,S,1.772974009697254,-,,S,2.9539999961853027,-,,S,1.8650741577148438,S,1.8743914365768433,S,1.650954008102417,-,,-,,V,0.9922471046447754,-,,-,,-,,S,0.8519846796989441,S,1.886610984802246,S,1.8829057216644287,-,,-,,-,,-,,-,,-,,S,1.6405659914016724,S,1.6467878818511963,-,,S,1.8868434429168701,S,2.0708324909210205,S,1.8454642295837402
16,A,2.014961710342994,-,,G,1.2888082265853882,-,,G,1.712404727935791,G,1.6822556257247925,G,2.7095797061920166,-,,-,,A,1.2780840396881104,-,,-,,-,,G,1.3029927015304565,G,1.699684977531433,G,1.7034815549850464,-,,-,,-,,-,,-,,-,,G,2.124220848083496,G,3.1678011417388916,-,,A,2.4964287281036377,A,3.471604108810425,A,1.5571558475494385
17,N,1.7666495671639075,-,,D,2.3898723125457764,-,,N,1.676591157913208,N,1.6938117742538452,N,1.6298378705978394,-,,-,,I,2.6506385803222656,-,,-,,-,,N,1.431754231452942,N,1.7159247398376465,N,1.7154408693313599,-,,-,,-,,-,,-,,-,,N,1.5182775259017944,N,1.62217116355896,-,,N,1.947291374206543,N,1.4303561449050903,N,1.5444766283035278
18,Y,1.9705658234082735,-,,Y,2.274120330810547,-,,Y,1.6134929656982422,Y,1.6374671459197998,Y,2.665081024169922,-,,-,,Y,2.0188143253326416,-,,-,,-,,Y,1.5424225330352783,Y,1.6032004356384277,Y,1.600278615951538,-,,-,,-,,-,,-,,-,,Y,1.6581745147705078,Y,1.597747802734375,-,,Y,1.9930757284164429,Y,1.7607519626617432,Y,3.652728319168091
19,Q,2.5300626021165113,-,,Q,1.8989861011505127,-,,Q,3.629122018814087,Q,3.558527708053589,Q,2.222733497619629,-,,-,,Q,2.5473721027374268,-,,-,,-,,R,2.44561767578125,Q,3.557058334350586,Q,3.557464599609375,-,,-,,-,,-,,-,,-,,K,1.604854702949524,H,1.9997354745864868,-,,K,2.633680820465088,E,1.4835313558578491,Q,1.7521294355392456
20,P,2.009475818047157,-,,P,2.280869960784912,-,,P,1.8578829765319824,P,1.888556957244873,P,2.668273687362671,-,,-,,K,1.7862019538879395,-,,-,,-,,P,1.9964371919631958,P,1.883348822593689,P,1.876741886138916,-,,-,,-,,-,,-,,-,,P,2.51133394241333,P,1.7128260135650635,-,,P,2.038144111633301,P,2.2247743606567383,P,1.3977937698364258
21,S,2.109587935300974,-,,S,1.9563814401626587,-,,S,1.7176601886749268,S,1.697934865951538,S,1.902876377105713,-,,-,,T,4.780616283416748,-,,-,,-,,S,1.7702988386154175,S,1.6729177236557007,S,1.6741076707839966,-,,-,,-,,-,,-,,-,,S,2.007685422897339,S,2.2455506324768066,-,,S,2.2826640605926514,S,2.1482765674591064,S,1.5676730871200562
22,I,1.9047694206237793,-,,L,1.8223795890808105,-,,I,1.6034324169158936,I,1.569103479385376,L,1.5785794258117676,-,,-,,L,1.8853826522827148,-,,-,,-,,A,2.0749168395996094,I,1.5780346393585205,I,1.5790035724639893,-,,-,,-,,-,,-,,-,,I,3.4988186359405518,V,1.8497846126556396,-,,S,1.2144031524658203,S,2.540405035018921,A,1.9677584171295166
23,W,1.9478838535455556,-,,W,1.9278967380523682,-,,W,1.8532510995864868,W,1.9080214500427246,W,1.5204720497131348,-,,-,,W,1.9372477531433105,-,,-,,-,,W,2.3521158695220947,W,1.9038827419281006,W,1.9038218259811401,-,,-,,-,,-,,-,,-,,W,1.7731647491455078,W,1.9836305379867554,-,,W,2.047603130340576,W,1.6118929386138916,W,2.599489212036133
24,N,2.2642636390832753,-,,D,2.2629733085632324,-,,D,2.942307710647583,D,2.8006253242492676,D,1.6608027219772339,-,,-,,T,1.962950348854065,-,,-,,-,,D,1.5589938163757324,D,2.812727451324463,D,2.813542127609253,-,,-,,-,,-,,-,,-,,D,2.247545003890991,D,1.769754409790039,-,,S,1.8236252069473267,S,2.3107471466064453,D,2.4688327312469482
25,H,1.9509652669613178,-,,F,1.5470101833343506,-,,F,2.096930503845215,F,2.147493839263916,F,1.9656286239624023,-,,-,,H,2.373361110687256,-,,-,,-,,S,1.711385726928711,F,2.1137125492095947,F,2.1163597106933594,-,,-,,-,,-,,-,,-,,Y,1.4573917388916016,F,2.2667064666748047,-,,F,1.6589397192001343,F,2.2632904052734375,F,1.6443378925323486
26,D,1.9360979428658118,-,,N,1.8886873722076416,-,,N,1.8180882930755615,N,2.130542755126953,N,1.5575363636016846,-,,-,,D,1.305359125137329,-,,-,,-,,N,2.5477294921875,N,2.1121432781219482,N,2.1141624450683594,-,,-,,-,,-,,-,,-,,D,1.5601991415023804,D,2.1525726318359375,-,,D,2.004634141921997,D,1.8542122840881348,N,2.123405933380127
27,Y,1.78731513940371,-,,Y,1.6382185220718384,-,,Y,1.4397283792495728,Y,1.4463914632797241,Y,2.4483249187469482,-,,-,,L,1.206083059310913,-,,-,,-,,Y,1.7730642557144165,Y,1.4653666019439697,Y,1.4654619693756104,-,,-,,-,,-,,-,,-,,F,1.9774202108383179,F,2.428506851196289,-,,H,1.930708885192871,H,1.8730757236480713,F,2.1427459716796875
28,I,2.002479369823749,-,,I,2.252504587173462,-,,V,1.6527785062789917,V,1.6458187103271484,L,3.4479196071624756,-,,-,,I,1.6269540786743164,-,,-,,-,,I,1.5139344930648804,V,1.678849220275879,V,1.6742064952850342,-,,-,,-,,-,,-,,-,,V,2.1423771381378174,I,1.925977349281311,-,,I,3.0414278507232666,I,1.4977359771728516,I,1.9317477941513062
29,E,2.2624987688931553,-,,Q,2.0694804191589355,-,,Q,2.877992868423462,Q,2.903529405593872,Q,1.4498471021652222,-,,-,,D,1.7223105430603027,-,,-,,-,,Q,2.4922845363616943,Q,2.8857228755950928,Q,2.881709098815918,-,,-,,-,,-,,-,,-,,Q,1.8257691860198975,Q,1.9166051149368286,-,,-,,-,,Q,1.8622353076934814
30,S,1.886285510930148,-,,S,2.0080575942993164,-,,S,1.977168083190918,S,1.8086432218551636,P,1.9620558023452759,-,,-,,G,1.3708016872406006,-,,-,,-,,S,2.4164154529571533,S,1.8127021789550781,S,1.8230137825012207,-,,-,,-,,-,,-,,-,,S,2.101978302001953,S,1.4867130517959595,-,,-,,-,,S,1.9815914630889893
31,L,2.027924724987575,-,,L,2.980790376663208,-,,L,2.2947869300842285,L,2.2161266803741455,L,1.6698909997940063,-,,-,,L,1.9673370122909546,-,,-,,-,,L,1.7097928524017334,L,2.2263431549072266,L,2.22877836227417,L,2.1137924194335938,-,,-,,L,1.9104390144348145,-,,-,,-,,L,1.6251541376113892,-,,Q,1.6827455759048462,Q,1.7758455276489258,L,1.9891231060028076
32,R,2.061891460418701,-,,N,1.7991962432861328,-,,-,,-,,N,1.81472647190094,-,,-,,E,2.9056668281555176,-,,-,,-,,N,2.8162691593170166,-,,-,,N,1.821215271949768,-,,-,,P,1.8983131647109985,-,,-,,-,,D,2.04060959815979,-,,S,1.9155735969543457,S,1.775488257408142,H,1.8318560123443604
33,I,2.0361815861293246,-,,-,,-,,-,,-,,-,,-,,-,,T,2.054189682006836,-,,-,,-,,-,,-,,-,,N,2.0938730239868164,-,,-,,T,2.4629740715026855,-,,-,,L,1.6748641729354858,-,,-,,L,1.638474464416504,L,2.4409193992614746,N,1.8879762887954712
34,E,1.9924831298681407,-,,-,,-,,N,1.808763027191162,N,1.766950249671936,T,2.0070483684539795,-,,-,,D,2.174128532409668,-,,-,,-,,-,,N,1.7650096416473389,N,1.764788031578064,N,2.16605806350708,-,,-,,D,2.0533981323242188,-,,-,,G,2.035127878189087,T,1.941332459449768,-,,S,1.764277696609497,S,3.018383026123047,Q,1.6370155811309814
35,Y,1.8755140474864416,P,2.0029311180114746,T,1.690409541130066,-,,T,1.7132623195648193,T,1.6816771030426025,T,1.8269751071929932,-,,-,,F,2.334662675857544,-,,-,,-,,S,1.6484644412994385,T,1.6675913333892822,T,1.676810622215271,-,,-,,-,,F,1.9761794805526733,-,,-,,S,2.1946566104888916,D,2.1854026317596436,-,,S,1.5671619176864624,S,2.0910117626190186,-,
36,-,1.9403463051869319,-,,P,2.0809271335601807,-,,P,1.5270626544952393,P,1.5022627115249634,H,2.3478171825408936,-,,-,,-,,-,,-,,-,,Q,1.6489070653915405,P,1.5173559188842773,P,1.5108222961425781,H,1.7062194347381592,-,,-,,-,,-,,-,,G,1.9190796613693237,H,3.420604705810547,-,,K,2.3008430004119873,K,1.409278154373169,Y,2.333322048187256
37,V,1.8293548822402954,H,1.72113835811615,-,,-,,-,,-,,-,,-,,-,,L,2.0474042892456055,-,,-,,-,,-,,-,,-,,-,,-,,-,,D,1.7195219993591309,-,,-,,-,,-,,-,,-,,-,,-,
38,-,,-,,-,,-,,-,,-,,-,,-,,-,,-,,-,,-,,-,,-,,-,,-,,-,,-,,-,,-,,-,,-,,-,,-,,-,,-,,-,,-,
39,-,1.8089629411697388,-,,Y,2.137613296508789,-,,Y,1.680564522743225,Y,1.6692657470703125,Y,2.673508644104004,-,,-,,-,,-,,-,,-,,Y,1.5756592750549316,Y,1.6790310144424438,Y,1.6806026697158813,S,1.1885782480239868,-,,-,,-,,-,,-,,Y,2.0004725456237793,Y,1.6905430555343628,-,,Y,1.518708348274231,Y,2.213007926940918,-,
40,-,2.305660511766161,-,,K,2.1787867546081543,-,,K,2.6303353309631348,K,2.575054407119751,K,1.865905523300171,-,,-,,-,,-,,-,,-,,K,2.4435462951660156,K,2.603586435317993,K,2.594374179840088,K,2.190290927886963,-,,-,,-,,N,1.8324302434921265,-,,K,2.1417322158813477,K,2.1528608798980713,-,,T,3.5065438747406006,T,1.2820281982421875,K,2.2817718982696533
41,G,2.029941201210022,E,2.358623504638672,E,1.7725844383239746,-,,E,2.360445499420166,E,2.4817121028900146,E,1.900241732597351,-,,-,,I,2.0478017330169678,-,,-,,L,1.6098004579544067,E,2.088489055633545,E,2.476296901702881,E,2.4686474800109863,E,1.7872378826141357,E,1.4872491359710693,E,1.8896839618682861,I,1.920312762260437,K,1.729649543762207,-,,V,2.270984172821045,E,1.3115862607955933,-,,G,2.260307550430298,G,1.8347139358520508,E,2.5424559116363525
42,E,2.0731232793707597,I,1.7045965194702148,Q,1.5522454977035522,-,,E,2.315398693084717,E,2.3061885833740234,E,2.4262197017669678,-,,-,,-,,-,,-,,R,1.9829283952713013,K,2.7678000926971436,E,2.290252208709717,E,2.2883126735687256,E,2.7128143310546875,E,1.9113929271697998,E,1.81294846534729,K,1.8953742980957031,T,1.9837653636932373,-,,E,1.521447777748108,E,1.7027157545089722,-,,D,1.9136738777160645,D,2.4696860313415527,D,1.8315811157226562
43,T,2.013527125120163,D,1.8660006523132324,R,1.7705601453781128,-,,R,2.028960704803467,R,2.443894863128662,R,1.8120591640472412,-,,-,,N,1.872341513633728,-,,-,,S,2.022857427597046,K,2.1881484985351562,R,2.4078075885772705,R,2.4158999919891357,R,3.401400327682495,R,1.7995827198028564,S,2.048656702041626,V,1.9198105335235596,S,2.565666675567627,-,,A,1.6095012426376343,K,1.424132227897644,-,,D,1.1190123558044434,D,1.955757737159729,K,1.5984914302825928
44,C,1.8845264478163286,D,3.3376636505126953,Y,1.6901427507400513,Y,1.2687888145446777,Y,1.7256801128387451,Y,1.527108907699585,H,1.6632320880889893,-,,-,,R,1.572581171989441,-,,Y,2.070427894592285,D,1.7305305004119873,C,1.4795515537261963,Y,1.5397568941116333,Y,1.5427558422088623,H,1.6718361377716064,S,2.0321085453033447,S,2.131417989730835,L,1.7321580648422241,L,2.203134536743164,-,,H,2.4829864501953125,Q,2.0243980884552,-,,Y,1.8201044797897339,C,2.4753105640411377,Y,1.737906813621521
45,T,1.8556870059533552,S,1.5234246253967285,V,2.426356554031372,S,1.7493867874145508,L,1.3955532312393188,L,1.5215753316879272,L,1.489377737045288,-,,-,,K,2.21866512298584,-,,M,1.519532561302185,F,2.0951104164123535,L,0.8751218318939209,L,1.5425314903259277,L,1.5414440631866455,L,1.4525747299194336,S,2.1472036838531494,S,2.0172836780548096,I,2.0838029384613037,E,2.065941333770752,-,,G,2.7236876487731934,L,3.0995686054229736,-,,V,1.4610872268676758,V,1.8648576736450195,V,2.0110268592834473
46,R,1.7771020369096235,T,1.5961692333221436,N,1.828993320465088,S,2.3242874145507812,T,1.670527458190918,T,1.6138631105422974,K,1.7673360109329224,-,,-,,E,1.843144178390503,-,,K,1.4694606065750122,D,1.5528225898742676,T,1.8021056652069092,T,1.5704014301300049,T,1.6109113693237305,E,1.407339334487915,K,2.0349745750427246,K,2.29611873626709,E,1.5179872512817383,Y,1.645674705505371,-,,T,2.289616584777832,E,2.0052690505981445,-,,A,1.2210161685943604,A,1.829764723777771,T,2.1984612941741943
47,Q,1.9136039993979714,K,1.5692812204360962,R,1.954487919807434,R,3.310702323913574,R,1.8073023557662964,R,1.8106943368911743,R,2.2550625801086426,-,,-,,K,1.6271690130233765,-,,R,2.000267744064331,L,2.2177138328552246,R,1.4460790157318115,R,1.7810726165771484,R,1.8173160552978516,R,1.6972458362579346,R,2.2482264041900635,R,1.8454710245132446,R,2.1221117973327637,L,1.6461470127105713,-,,R,1.6596037149429321,R,2.1387064456939697,-,,R,1.315955400466919,R,2.004702091217041,R,1.8239692449569702
48,I,2.1632142066955566,R,2.1922473907470703,Q,2.4772653579711914,L,2.168196201324463,H,2.96711802482605,H,2.331800937652588,E,2.4336183071136475,-,,-,,V,2.2293405532836914,-,,L,1.5987579822540283,Q,2.234989643096924,L,1.3984888792037964,H,2.435645580291748,H,2.3260698318481445,K,2.226533889770508,R,1.8543386459350586,R,2.6600780487060547,H,1.9856185913085938,H,2.529226779937744,-,,V,1.1359758377075195,E,1.8259309530258179,-,,A,2.1193387508392334,A,2.1840338706970215,H,2.2760984897613525
49,N,2.102253344925967,R,2.073883295059204,A,2.187875986099243,N,2.040174961090088,A,2.2293198108673096,A,2.0140416622161865,A,1.7641910314559937,-,,-,,N,2.024594306945801,-,,N,1.4393160343170166,E,3.2469561100006104,E,3.816363573074341,A,1.802598237991333,A,2.0208232402801514,A,2.2541277408599854,E,2.6523964405059814,E,1.7904150485992432,E,2.2719404697418213,E,1.842343807220459,-,,K,1.396422266960144,E,1.481745719909668,-,,N,1.7067010402679443,N,2.267038345336914,T,1.9263044595718384
50,V,1.9891476579334424,E,1.7950602769851685,E,2.055356740951538,E,1.3094806671142578,E,2.223926067352295,E,2.272639274597168,E,1.7161591053009033,-,,-,,E,1.6814911365509033,-,,K,3.051203966140747,G,1.849924087524414,G,2.890968084335327,E,2.0625905990600586,E,2.2516140937805176,K,1.9609034061431885,Y,1.7789125442504883,Y,1.4339910745620728,A,1.9351801872253418,L,2.1079518795013428,-,,K,2.2634096145629883,E,2.01625657081604,S,1.4933944940567017,T,2.134721279144287,T,1.5286533832550049,E,1.9366075992584229
51,L,1.8488339133884595,L,1.925129771232605,L,2.0568432807922363,L,1.5094563961029053,L,1.4436111450195312,L,1.509162187576294,L,2.2130184173583984,-,,-,,L,2.020231246948242,L,2.102442502975464,L,1.8823387622833252,L,1.910171627998352,L,2.521536350250244,L,2.1457884311676025,L,1.511722445487976,L,1.9533361196517944,L,1.4362884759902954,L,2.1036128997802734,L,1.6242724657058716,N,1.312933325767517,-,,L,1.9458645582199097,L,1.6625261306762695,-,,L,1.4528472423553467,L,2.059772491455078,L,2.220273733139038
52,K,2.1792235565185547,L,1.7529209852218628,I,1.7626923322677612,K,1.6139999628067017,I,1.8867660760879517,I,2.50925350189209,I,2.405580759048462,I,2.2828917503356934,I,2.202765464782715,E,2.344086170196533,I,1.8967646360397339,K,2.2207722663879395,T,1.5672481060028076,I,1.6424837112426758,I,2.1030876636505127,I,2.480423927307129,I,3.1151366233825684,L,2.1141724586486816,L,2.2677419185638428,T,3.3329083919525146,I,1.569586157798767,-,,K,1.7212179899215698,I,3.1696617603302,-,,K,1.6442562341690063,K,2.437427282333374,T,2.4367427825927734
53,E,2.0236270809173584,E,2.0898478031158447,M,1.3452775478363037,K,2.317253589630127,V,2.6022396087646484,V,2.3674380779266357,E,2.0473902225494385,G,2.000053644180298,G,2.0001158714294434,V,2.1319313049316406,V,2.35650897026062,K,2.474435329437256,T,2.6319520473480225,E,1.0539470911026,V,2.5355870723724365,V,2.3958749771118164,E,1.1107139587402344,E,2.279142141342163,E,2.4268646240234375,D,1.9387792348861694,K,1.9598406553268433,-,,E,2.3228092193603516,M,1.8278582096099854,-,,D,1.3550788164138794,E,1.4912526607513428,A,1.5284843444824219
54,Q,2.0517613744735717,R,2.2137327194213867,Q,2.338113307952881,E,2.079308032989502,Q,2.237363576889038,Q,2.7311415672302246,Q,1.569678783416748,E,1.901535153388977,E,1.918747901916504,N,1.3215842247009277,E,1.8124417066574097,E,2.7081990242004395,D,2.0184855461120605,Q,1.5853922367095947,Q,2.806981086730957,Q,2.7151854038238525,E,1.4942328929901123,E,2.43212890625,E,1.9690911769866943,D,1.965157389640808,K,2.3071062564849854,-,,V,1.9672660827636719,E,1.845449447631836,-,,A,1.5763229131698608,S,2.1971323490142822,Q,1.5822566747665405
55,V,2.0072924995422365,T,2.2829749584198,V,1.7636407613754272,V,2.4268720149993896,V,1.6429260969161987,V,1.5414706468582153,V,1.6601779460906982,V,1.783922553062439,V,1.8143521547317505,V,2.679736375808716,V,1.4923354387283325,V,2.136366844177246,V,2.098543882369995,V,3.4109034538269043,V,1.4694939851760864,V,1.5534662008285522,V,1.740471601486206,T,1.9355794191360474,T,1.6853649616241455,V,1.75717294216156,I,2.4572510719299316,-,,V,3.6377978324890137,V,1.5040875673294067,-,,V,2.6194307804107666,V,1.5964727401733398,V,1.4915002584457397
56,R,1.7495329189300537,R,1.7482059001922607,R,1.7705268859863281,K,1.9771678447723389,K,1.4266290664672852,K,1.5133841037750244,K,1.5475221872329712,K,1.4807933568954468,K,1.5122318267822266,A,1.5831108093261719,K,1.9601085186004639,K,2.3706507682800293,K,1.9094384908676147,K,1.148455023765564,K,1.420242190361023,K,1.452481985092163,K,2.7617263793945312,A,1.660443902015686,T,1.470271348953247,Q,1.5723178386688232,K,1.697386384010315,-,,K,1.9048113822937012,K,1.7844247817993164,-,,K,1.6774089336395264,K,2.504088878631592,K,1.8844941854476929
57,M,1.8258204460144043,R,1.7436573505401611,M,1.7342150211334229,M,1.5338414907455444,P,1.5202438831329346,P,1.4802825450897217,M,2.0870444774627686,E,1.8440022468566895,E,1.8430500030517578,R,1.7542872428894043,K,1.6769609451293945,K,1.5692301988601685,R,1.74700927734375,E,1.1198163032531738,P,1.4858700037002563,P,1.4776066541671753,M,1.54878568649292,R,1.4535025358200073,R,1.9607146978378296,E,2.1412131786346436,N,2.739635944366455,-,,H,2.370795965194702,K,2.037287473678589,-,,T,2.9038326740264893,T,1.8917431831359863,M,1.980882167816162
58,M,1.9330534267425536,E,2.147892475128174,L,1.0745868682861328,M,1.6170222759246826,L,1.6843963861465454,L,1.3400481939315796,L,1.7470552921295166,I,2.249600887298584,I,2.255331516265869,M,2.474949598312378,I,2.1587021350860596,M,1.4529162645339966,M,1.8847132921218872,L,2.6900320053100586,L,1.337864875793457,L,1.3362771272659302,L,2.5461208820343018,K,1.9684946537017822,K,1.5537761449813843,M,2.6153950691223145,I,2.7466139793395996,-,,L,1.3294425010681152,L,1.8870912790298462,-,,M,2.1094210147857666,M,1.5100921392440796,L,2.6084988117218018
59,L,2.0974914729595184,L,2.8002209663391113,L,2.995927572250366,-,,L,2.164822578430176,L,2.1157376766204834,L,2.8024935722351074,I,2.12929368019104,I,2.115518808364868,F,1.9201273918151855,F,2.6646041870117188,M,2.0011889934539795,L,1.7460898160934448,K,2.1705403327941895,L,2.164152145385742,L,2.1683974266052246,L,1.9430866241455078,L,1.544419288635254,L,1.7539973258972168,L,2.398541212081909,L,1.6754478216171265,-,,L,1.6397589445114136,L,2.309995412826538,-,,I,1.6502156257629395,I,1.4691532850265503,L,1.9960646629333496
60,H,2.1564639863513766,Q,1.9140502214431763,K,2.2632391452789307,E,1.7489415407180786,E,1.925035834312439,E,1.9866139888763428,E,2.3070263862609863,N,2.773149013519287,N,2.7682251930236816,M,2.0913074016571045,N,2.1591475009918213,-,,R,1.6828159093856812,G,2.4197075366973877,E,1.996791958808899,E,2.003131866455078,E,1.485632300376892,-,,-,,Q,2.2652390003204346,S,2.153474807739258,-,,-,,G,2.8983428478240967,-,,R,2.017015218734741,R,2.6508116722106934,E,1.7760443687438965
61,K,1.8403967420260112,-,,-,,-,,-,,-,,-,,S,2.109257698059082,S,2.1090686321258545,D,1.8210103511810303,S,1.7756609916687012,-,,Q,1.6142899990081787,-,,-,,-,,-,,-,,-,,H,1.6130927801132202,-,,-,,-,,-,,-,,-,,-,,-,
62,V,1.8176235471452986,T,1.6546504497528076,-,,-,,-,,-,,-,,I,1.55269455909729,I,1.5596319437026978,Y,2.0212738513946533,M,2.136363983154297,-,,R,1.7966200113296509,-,,-,,-,,-,,-,,-,,Q,2.0021300315856934,-,,-,,-,,-,,-,,-,,-,,-,
63,-,2.0542672276496887,-,,-,,-,,-,,-,,-,,S,1.9304742813110352,S,1.9303641319274902,-,,Y,1.5971708297729492,-,,Q,2.7590596675872803,-,,-,,-,,-,,-,,-,,-,,-,,-,,-,,-,,-,,-,,-,,-,
64,-,2.027892082929611,-,,-,,-,,-,,-,,-,,V,1.8144949674606323,V,1.8188414573669434,-,,L,2.320997953414917,-,,K,2.157233953475952,-,,-,,-,,-,,-,,-,,-,,-,,-,,-,,-,,-,,-,,-,,-,
65,-,2.036154329776764,-,,-,,-,,-,,-,,-,,E,2.1112053394317627,E,2.1028454303741455,-,,D,1.6903698444366455,-,,K,2.240196704864502,-,,-,,-,,-,,-,,-,,-,,-,,-,,-,,-,,-,,-,,-,,-,
66,-,,-,,-,,-,,-,,-,,-,,-,,-,,-,,-,,-,,-,,-,,-,,-,,-,,-,,-,,-,,-,,-,,-,,-,,-,,-,,-,,-,
67,-,1.5042062997817993,-,,-,,-,,-,,-,,-,,-,,-,,-,,-,,-,,-,,-,,-,,-,,-,,-,,-,,-,,-,,E,1.5042062997817993,-,,-,,-,,-,,-,,-,
68,-,2.085729658603668,T,2.112482786178589,-,,-,,-,,-,,-,,D,1.7854182720184326,D,1.7933577299118042,E,1.9535160064697266,D,2.2474613189697266,-,,S,2.1596181392669678,-,,-,,-,,-,,-,,-,,R,1.684829831123352,-,,A,2.949153184890747,-,,-,,-,,-,,-,,-,
69,-,2.3510858842304776,-,,-,,-,,-,,-,,-,,G,2.038761854171753,G,2.0410428047180176,N,2.9804139137268066,G,2.266014814376831,M,2.52687668800354,-,,-,,-,,-,,-,,-,,-,,R,1.737099051475525,-,,S,2.867392063140869,-,,-,,-,,-,,-,,-,
70,-,2.091381107057844,-,,-,,-,,-,,-,,-,,E,2.6509463787078857,E,2.6501424312591553,G,2.0926928520202637,R,1.6852245330810547,T,2.0406007766723633,-,,-,,-,,-,,-,,-,,-,,R,1.7635473012924194,-,,E,1.7565134763717651,-,,-,,-,,-,,-,,-,
71,-,1.855235069990158,L,1.8027575016021729,-,,-,,-,,-,,-,,L,2.0167322158813477,L,2.0168256759643555,-,,L,2.3066978454589844,V,1.6236668825149536,-,,-,,-,,-,,-,,-,,-,,H,1.6646432876586914,-,,A,2.2225778102874756,-,,-,,F,1.1879793405532837,-,,-,,-,
72,-,2.184288603918893,-,,-,,D,3.39188289642334,-,,-,,-,,I,1.7873519659042358,I,1.7900969982147217,-,,M,1.890903115272522,E,1.8897676467895508,-,,-,,-,,-,,-,,Q,1.8019680976867676,Q,2.596442937850952,Q,1.5808494091033936,A,2.231048822402954,-,,K,2.348721981048584,-,,Y,2.4291670322418213,K,2.313739061355591,K,2.4128336906433105,E,2.115266799926758
73,-,2.099206474092272,-,,-,,-,,-,,-,,-,,T,1.8274743556976318,T,1.8315321207046509,-,,S,1.6312682628631592,G,1.931219458580017,-,,-,,-,,-,,-,,R,2.6463029384613037,R,1.9090321063995361,K,2.1481335163116455,-,,-,,-,,-,,P,1.952967643737793,-,,E,3.014927864074707,-,
74,-,,-,,-,,-,,-,,-,,-,,-,,-,,-,,-,,-,,-,,-,,-,,-,,-,,-,,-,,-,,-,,-,,-,,-,,-,,-,,-,,-,
75,-,2.248695812727276,-,,V,2.081482172012329,G,2.666134834289551,K,2.9057834148406982,K,2.901212215423584,E,1.6617461442947388,P,1.6525061130523682,P,1.6504708528518677,-,,S,1.6598525047302246,S,2.4181101322174072,-,,T,1.2826732397079468,K,2.7801363468170166,K,2.7952117919921875,Q,2.1059439182281494,N,1.9324289560317993,N,3.3801307678222656,T,1.7757433652877808,N,1.6918212175369263,-,,E,3.2065041065216064,A,2.17732834815979,-,,-,,-,,-,
76,-,1.9613167099330737,-,,K,1.3365225791931152,T,1.6859952211380005,K,2.16304087638855,K,2.21467661857605,E,1.9604487419128418,L,1.5796915292739868,L,1.5981993675231934,D,1.5563536882400513,F,1.7822308540344238,H,1.5515683889389038,-,,K,1.947580099105835,K,2.2549357414245605,K,2.245312452316284,E,1.5731849670410156,D,3.3186652660369873,D,1.793411135673523,A,3.5425729751586914,V,2.164527654647827,-,,T,1.6671358346939087,K,1.7120698690414429,V,2.2465968132019043,S,1.700574278831482,-,,E,1.5149893760681152
77,V,2.0951672983169556,-,,M,1.2351754903793335,K,1.657983660697937,M,1.8765313625335693,M,1.8423268795013428,M,1.941062331199646,N,1.8599960803985596,N,1.8507013320922852,I,2.153322696685791,N,1.8769614696502686,D,2.0667102336883545,G,1.4280452728271484,M,2.3074121475219727,M,2.005528688430786,M,2.0053188800811768,M,3.5478546619415283,T,1.8110166788101196,T,2.1039485931396484,S,2.201733350753784,D,1.7313034534454346,-,,D,1.926011562347412,M,1.937353491783142,D,3.8934946060180664,G,1.604856014251709,G,2.0726425647735596,T,3.4418909549713135
78,N,2.043563383596915,E,1.7023956775665283,E,2.3921103477478027,E,2.0900766849517822,E,1.956554651260376,E,2.113546848297119,E,2.623019218444824,D,2.970240831375122,D,2.9587602615356445,S,1.8138751983642578,D,2.635589122772217,E,1.8893297910690308,G,2.5538811683654785,E,2.1745948791503906,E,1.9652514457702637,E,1.938262939453125,A,1.982791781425476,E,2.2586841583251953,E,1.477073311805725,G,1.933833122253418,V,1.4295685291290283,T,2.0989205837249756,S,1.640364408493042,E,1.5750600099563599,D,1.5738139152526855,N,2.005103826522827,N,1.6024469137191772,D,1.8210617303848267
79,P,1.8086746511635956,P,2.223527431488037,A,1.5970325469970703,C,1.6757147312164307,A,1.8791189193725586,A,1.7190499305725098,A,2.224454641342163,L,1.975169062614441,L,1.981682300567627,N,1.4948800802230835,L,1.8007277250289917,E,1.9088165760040283,G,1.686841607093811,A,1.8907378911972046,A,1.8808648586273193,P,1.871909260749817,A,2.707280158996582,S,1.2996667623519897,S,1.614844799041748,G,1.8176443576812744,P,2.065908908843994,I,1.4247592687606812,S,2.4541850090026855,A,1.7309339046478271,D,1.3524267673492432,S,1.4679901599884033,L,0.8748056292533875,A,2.213242292404175
80,L,1.978010857546771,L,2.4916234016418457,I,1.2600961923599243,L,1.3479952812194824,T,2.203991174697876,A,1.935746192932129,V,1.716251254081726,I,2.0608842372894287,I,2.046741008758545,L,2.3311805725097656,M,2.209158420562744,L,2.042694330215454,R,1.5421041250228882,V,2.4232616424560547,A,2.0171446800231934,A,2.187453508377075,V,1.6729228496551514,V,1.7868225574493408,V,1.897287368774414,R,1.5308325290679932,S,1.6058621406555176,R,2.5248961448669434,L,2.085110664367676,T,1.4632837772369385,L,1.8091113567352295,L,3.46349835395813,L,2.368722915649414,V,1.381616473197937
81,E,2.1940386957592435,Q,2.436211347579956,Q,3.5788772106170654,A,2.3869378566741943,Q,2.3556721210479736,Q,2.489943742752075,Q,1.6728767156600952,Q,1.7319570779800415,Q,1.7400438785552979,E,1.6135709285736084,Q,1.996565580368042,E,1.349345088005066,E,2.4080467224121094,Q,3.4256632328033447,Q,2.1501224040985107,Q,2.131443500518799,Q,1.5185519456863403,E,1.9200615882873535,E,2.629718780517578,E,1.9849610328674316,E,1.9324605464935303,Q,2.6777377128601074,A,2.920058488845825,K,1.4258337020874023,H,2.217982053756714,R,1.9521414041519165,R,1.4139111042022705,Q,3.178349018096924
82,Q,1.9445172724900421,A,2.116044282913208,Q,2.7488327026367188,Q,1.3286486864089966,Q,1.734452247619629,Q,2.1146912574768066,Q,1.9363538026809692,R,1.588659644126892,R,1.5787107944488525,L,2.5102503299713135,R,1.7819936275482178,K,1.6552114486694336,M,1.5648841857910156,Q,1.5849798917770386,Q,2.1155123710632324,Q,2.119466543197632,Q,1.251349687576294,K,2.477207660675049,K,2.128532648086548,R,1.8689619302749634,N,3.5436019897460938,Q,2.7886056900024414,Q,1.4133145809173584,Q,2.2244343757629395,D,1.510131597518921,T,1.4289920330047607,T,1.6612777709960938,Q,1.7268645763397217
83,L,1.8600769616939403,M,1.5728484392166138,L,2.529176950454712,L,2.239381790161133,L,1.4811153411865234,L,1.2270299196243286,L,2.317990779876709,L,2.333134889602661,L,2.329500436782837,L,1.2517626285552979,L,2.6866354942321777,L,3.234196424484253,L,2.9449880123138428,L,1.4836591482162476,L,1.3443673849105835,L,1.3388036489486694,L,1.33567214012146,L,2.084712505340576,L,1.423778772354126,I,1.9980099201202393,L,1.7487419843673706,L,1.7422239780426025,I,1.3488503694534302,L,2.228048086166382,L,1.2193673849105835,L,1.659106969833374,L,1.4244062900543213,L,1.6945682764053345
84,E,2.1052865275630244,K,1.462747573852539,E,1.6081281900405884,D,2.523952007293701,E,2.9268815517425537,E,2.7257235050201416,E,1.9752635955810547,S,1.8635958433151245,S,1.8586325645446777,E,1.3819706439971924,W,2.189375877380371,E,2.3927295207977295,V,1.9952142238616943,E,1.9476823806762695,E,2.8220136165618896,E,2.7667365074157715,E,1.749950885772705,K,1.3097002506256104,K,1.3951607942581177,A,1.9984756708145142,E,1.7761294841766357,Q,1.971670150756836,E,1.4683773517608643,E,3.248246908187866,V,3.838705539703369,E,1.3584870100021362,E,2.8912036418914795,D,1.395980954170227
85,L,1.9195547457094546,M,1.8254454135894775,L,1.1111383438110352,L,1.074008822441101,L,1.3998310565948486,L,1.7196722030639648,L,2.042130470275879,I,2.011828660964966,I,2.0208516120910645,L,2.1445937156677246,I,1.7089756727218628,L,1.7188290357589722,T,2.33994722366333,L,1.8181447982788086,L,1.6236985921859741,L,1.671425223350525,L,2.256584644317627,L,1.473472237586975,L,2.012542724609375,T,1.972570538520813,M,2.3400933742523193,L,1.5022977590560913,L,2.0082690715789795,L,2.4182446002960205,M,2.730423927307129,L,1.6684794425964355,L,2.4735729694366455,L,2.740906000137329
86,I,1.9596786543175027,I,2.013442039489746,I,1.402918815612793,I,1.3714919090270996,I,1.8144221305847168,I,1.8402607440948486,V,2.1736814975738525,V,2.195827007293701,V,2.201364755630493,I,2.6762218475341797,V,1.6089760065078735,I,1.8454222679138184,I,2.044377326965332,I,1.3901525735855103,I,1.8303452730178833,I,1.8407008647918701,I,2.5438036918640137,I,2.035729169845581,I,2.7014970779418945,V,2.0660786628723145,I,1.38319993019104,V,1.8692123889923096,I,1.8655110597610474,I,2.192659854888916,V,1.3533446788787842,V,1.534061312675476,V,2.7255165576934814,I,2.391104221343994
87,E,2.023866988994457,D,2.405137538909912,D,2.5313751697540283,D,3.144054412841797,D,1.6826019287109375,D,1.6186532974243164,D,1.389838457107544,D,2.546428680419922,D,2.5510928630828857,D,1.8178213834762573,D,2.241607904434204,D,1.4755330085754395,D,1.472819447517395,D,1.6639217138290405,D,1.6299821138381958,D,1.6211776733398438,E,2.298560380935669,D,2.886810779571533,D,2.363081216812134,D,1.9167211055755615,D,1.8845890760421753,D,1.9721542596817017,D,2.213308811187744,D,1.1307705640792847,N,1.3753390312194824,D,3.1421871185302734,D,1.4761682748794556,E,2.1926724910736084
88,I,2.0900928841696844,T,2.063722848892212,D,1.2653748989105225,T,2.1619348526000977,D,2.8111159801483154,D,2.688136577606201,D,1.7745113372802734,I,2.149261951446533,N,2.153485059738159,N,1.5682976245880127,S,2.9133734703063965,N,2.4219610691070557,N,1.4929068088531494,D,2.1554043292999268,D,2.7511985301971436,D,2.708941698074341,D,2.2220683097839355,N,2.079726457595825,N,1.7510648965835571,H,1.8333110809326172,V,1.3795115947723389,V,1.7390614748001099,K,1.3668532371520996,D,1.12117338180542,Q,2.6589748859405518,E,3.433823823928833,E,1.7601104974746704,D,2.0072011947631836
89,L,2.1088947278481944,L,1.6956242322921753,L,1.4816266298294067,L,2.2551698684692383,L,2.3466410636901855,L,2.4153215885162354,L,1.6480945348739624,I,2.122021198272705,I,2.1047208309173584,I,3.491046905517578,V,1.5091902017593384,L,2.2045106887817383,L,2.018202066421509,S,2.104126214981079,L,2.3958516120910645,L,2.355215311050415,L,1.6541407108306885,I,1.9624602794647217,I,2.621866226196289,L,2.4358763694763184,I,2.4518380165100098,L,1.6740317344665527,L,1.6931281089782715,L,2.1936159133911133,L,2.775716781616211,L,2.6534738540649414,L,1.334350824356079,L,1.3422958850860596
90,Q,1.9851836231019762,Q,1.528897762298584,Q,1.9338366985321045,Q,2.853278636932373,N,2.1440887451171875,N,2.10182523727417,K,2.6121585369110107,E,1.627750277519226,E,1.545548915863037,E,2.60720157623291,E,1.6969572305679321,E,2.04547119140625,K,1.9909189939498901,Q,2.6679887771606445,N,2.069162130355835,N,2.1366946697235107,K,1.8823339939117432,Q,2.6607813835144043,Q,1.5116688013076782,R,1.6158491373062134,Q,2.098156213760376,E,2.7723312377929688,R,2.1482040882110596,Q,1.8982768058776855,T,1.3447284698486328,Q,1.472113847732544,Q,1.3259373903274536,K,1.3077970743179321
91,R,2.0310911337534585,R,1.8004534244537354,Y,2.088162899017334,R,1.6182454824447632,N,2.0394749641418457,N,2.046797037124634,N,2.493260383605957,R,1.8464168310165405,R,1.7757281064987183,R,1.9966118335723877,R,2.029633045196533,R,1.5553951263427734,R,3.3876519203186035,N,1.3740099668502808,N,1.903971791267395,N,2.090752363204956,N,1.998363971710205,R,1.5167328119277954,Q,1.2020949125289917,R,2.232429265975952,S,3.031515598297119,N,2.0506012439727783,R,3.024442672729492,N,2.5068306922912598,R,1.4862154722213745,R,2.183263063430786,R,1.5783988237380981,N,1.9820069074630737
92,L,1.9073034171704892,L,2.1457409858703613,L,3.4574315547943115,L,1.752231240272522,L,1.236830472946167,L,1.2284024953842163,L,1.7831077575683594,L,1.721557378768921,L,1.9657964706420898,L,1.374916434288025,L,1.9114913940429688,L,1.8700871467590332,L,1.6397300958633423,L,2.737257480621338,L,1.1587141752243042,L,1.2450103759765625,L,2.0789380073547363,L,1.2708313465118408,L,2.214160919189453,L,1.908855676651001,L,1.9046298265457153,M,2.739293098449707,L,1.3458573818206787,L,2.416640043258667,S,2.4446048736572266,L,2.2580604553222656,L,2.179680109024048,L,1.5073350667953491
93,G,1.7583183889035825,G,2.0373013019561768,G,1.0116561651229858,G,2.402839183807373,G,0.8429187536239624,G,0.8550741672515869,G,1.9179362058639526,G,1.7470088005065918,G,1.6583412885665894,G,1.8100032806396484,G,2.3830931186676025,G,2.3922557830810547,C,1.6676621437072754,G,1.8070570230484009,G,0.9327060580253601,G,0.8567264676094055,G,1.9771397113800049,G,1.6179590225219727,G,1.7918723821640015,C,1.2701356410980225,G,2.1620211601257324,G,1.7519205808639526,G,1.7192862033843994,G,1.9759615659713745,G,2.5711448192596436,G,1.590961217880249,G,3.313063144683838,G,1.4105513095855713
94,L,2.099766982926263,L,2.440791130065918,L,2.0471138954162598,I,1.5804978609085083,L,2.3429479598999023,L,2.3132050037384033,L,1.1924445629119873,I,1.896946907043457,I,1.7764838933944702,L,2.675795078277588,I,1.8837343454360962,V,2.390749931335449,I,1.5470571517944336,L,2.862574577331543,L,2.2463977336883545,L,2.327207326889038,L,2.2049436569213867,I,1.9684054851531982,I,1.8858916759490967,M,2.627635955810547,I,1.5999680757522583,I,2.138418436050415,L,1.6512479782104492,L,2.1633071899414062,L,1.4864436388015747,I,1.5648400783538818,I,2.071549892425537,I,3.8071091175079346
95,S,1.892667010978416,A,1.5858060121536255,S,2.5535073280334473,S,1.792977213859558,S,1.6551928520202637,S,1.6520391702651978,S,1.2651435136795044,D,1.906212329864502,D,2.099825859069824,G,1.9109598398208618,A,1.6552817821502686,S,1.9499928951263428,D,2.001591205596924,S,1.9049324989318848,S,1.592894434928894,S,1.6292173862457275,S,1.7719277143478394,G,2.0587124824523926,G,2.955138683319092,D,2.4370229244232178,D,1.8927115201950073,S,1.5667977333068848,R,1.4251208305358887,S,1.4250274896621704,T,2.0357518196105957,S,3.3494951725006104,S,1.4829680919647217,N,1.5457605123519897
96,Y,1.8963768769193579,Y,2.719757318496704,Y,1.8765720129013062,Y,1.4494436979293823,Y,1.1718748807907104,Y,1.1849486827850342,Y,2.434054136276245,R,2.261263370513916,R,2.224508047103882,H,1.8786615133285522,R,2.1493782997131348,Y,1.9543359279632568,H,1.9364044666290283,Y,2.334433078765869,Y,1.188106894493103,Y,1.309844970703125,Y,2.1232807636260986,Y,3.0757291316986084,Y,1.763110876083374,H,1.596916913986206,L,1.6284772157669067,R,2.1037354469299316,W,0.9813529849052429,Y,2.0524115562438965,E,1.583700180053711,Y,1.8634493350982666,Y,1.8774930238723755,Y,2.478930950164795
97,H,2.248233433122988,H,2.2418830394744873,F,1.7721598148345947,H,1.7931874990463257,F,3.465623378753662,F,3.3919308185577393,F,1.3509122133255005,H,2.2617905139923096,H,2.2061545848846436,R,1.6789946556091309,H,1.7167413234710693,H,1.6658272743225098,Y,1.9163734912872314,Y,1.3349461555480957,F,3.3787407875061035,F,3.4101057052612305,L,2.115338087081909,Y,1.7617723941802979,Y,1.7111268043518066,Y,3.0788676738739014,H,1.485288381576538,H,2.526348114013672,L,2.9638350009918213,F,1.618457555770874,H,2.769510269165039,L,0.9821047782897949,L,3.938194751739502,L,2.1660876274108887
98,F,2.074807056674251,F,1.5335463285446167,F,1.5977400541305542,F,2.1159684658050537,F,2.904911756515503,F,2.8683559894561768,F,1.1479383707046509,F,1.985595464706421,F,2.006704807281494,F,2.399367332458496,F,1.8559250831604004,F,2.935668468475342,F,1.80690336227417,F,1.4050843715667725,F,2.8619580268859863,F,2.799832344055176,F,1.885650396347046,F,1.6425838470458984,F,2.0689268112182617,F,2.486588478088379,F,2.611586332321167,F,1.7770533561706543,F,2.1122231483459473,F,2.6206400394439697,L,1.6817108392715454,F,2.122291088104248,F,1.5862473249435425,F,1.1987886428833008
99,E,2.037465461978206,E,2.2010531425476074,P,3.0531539916992188,E,2.6025545597076416,Q,2.1170248985290527,Q,2.1460695266723633,E,3.6288249492645264,K,2.1283633708953857,K,2.1245639324188232,Q,1.487372875213623,K,2.2800114154815674,K,1.6707900762557983,E,2.0574951171875,Q,1.1635879278182983,Q,2.1294302940368652,Q,2.1353909969329834,Q,2.902435779571533,E,2.0573809146881104,E,1.9145123958587646,Q,1.473151445388794,R,2.2264974117279053,A,1.6930946111679077,K,1.2486770153045654,R,2.022709608078003,I,1.2800307273864746,E,2.1978085041046143,E,1.5022728443145752,K,1.5673091411590576
100,E,2.0382745177657515,D,1.2853111028671265,D,1.3857147693634033,D,2.055903434753418,D,1.9293079376220703,D,1.9910669326782227,D,2.1512391567230225,N,2.695071220397949,N,2.7280702590942383,T,2.808091878890991,N,2.6544911861419678,D,2.0507116317749023,E,2.0686192512512207,D,3.6709296703338623,D,1.9906615018844604,D,1.9957953691482544,D,1.5871461629867554,D,1.9760327339172363,D,1.6717826128005981,D,1.8976688385009766,Q,3.636587619781494,A,1.686278223991394,N,1.3718161582946777,D,1.6715586185455322,P,1.0858744382858276,E,1.1936399936676025,G,2.2405824661254883,D,1.5534588098526
101,E,1.728865005351879,D,1.9336682558059692,E,1.2507537603378296,E,2.359832286834717,R,1.1485254764556885,R,1.1869795322418213,Q,2.397754430770874,E,1.6298586130142212,E,1.5979194641113281,N,2.721245288848877,E,1.620747447013855,E,1.4015024900436401,E,1.5943540334701538,K,1.9102439880371094,R,1.169947624206543,R,1.1673815250396729,E,1.6136277914047241,A,1.740195393562317,A,2.142552375793457,E,1.6049394607543945,E,1.2469862699508667,E,1.9767117500305176,E,2.072357654571533,E,2.2319822311401367,E,1.7198333740234375,E,1.1203862428665161,E,1.8729312419891357,K,2.2461371421813965
102,I,1.984496032750165,I,1.7783305644989014,I,1.5196360349655151,I,2.4319324493408203,I,1.8135409355163574,I,1.8274731636047363,I,1.889640212059021,I,1.8011730909347534,I,1.5493366718292236,M,1.9190571308135986,I,1.9053245782852173,I,3.031785488128662,I,2.6636598110198975,I,1.5922276973724365,I,1.780601143836975,I,1.7571332454681396,I,1.6802058219909668,I,1.6023966073989868,I,3.269609212875366,V,1.472274899482727,I,1.9254919290542603,I,1.5469993352890015,I,4.030064582824707,I,1.3974360227584839,I,1.6194638013839722,I,1.566494107246399,I,3.0533082485198975,I,1.1567960977554321
103,K,2.029145006780271,N,2.569594383239746,K,1.718151569366455,N,2.2383973598480225,K,2.7209017276763916,K,2.7680678367614746,K,2.0477967262268066,K,1.503484845161438,K,1.3986274003982544,K,1.2673534154891968,T,1.4918403625488281,M,2.140723943710327,E,2.0816900730133057,K,1.1651954650878906,K,2.748359203338623,K,2.716787338256836,K,2.4740002155303955,D,3.1062095165252686,N,1.0747867822647095,D,3.4952516555786133,E,1.2377723455429077,K,1.7901602983474731,K,2.054765462875366,K,1.2969791889190674,D,3.1378448009490967,S,1.268951416015625,S,1.2053669691085815,Q,2.067854881286621
104,R,1.855219562848409,S,1.7741477489471436,Q,2.4270620346069336,T,1.016389012336731,Q,1.3209173679351807,Q,1.3281983137130737,Q,1.3680603504180908,S,1.9118037223815918,S,3.0947458744049072,R,2.134599208831787,S,1.8733795881271362,Q,1.8935267925262451,G,2.3229033946990967,H,1.4866563081741333,Q,1.3206607103347778,Q,1.3340466022491455,I,2.322298049926758,A,1.732059359550476,A,2.776012897491455,D,2.0186734199523926,Q,1.0866127014160156,C,1.9170007705688477,Q,2.008134365081787,N,2.0093259811401367,H,1.7872267961502075,N,1.537921667098999,N,2.1036410331726074,Q,2.1849241256713867
105,I,2.117695110815543,L,3.3830161094665527,I,1.9516820907592773,I,1.5507681369781494,I,1.4069145917892456,I,1.406750202178955,I,2.5419840812683105,A,2.046461820602417,V,1.6666419506072998,V,1.9995198249816895,A,1.3955457210540771,I,1.603434681892395,A,1.8633460998535156,I,2.9722940921783447,I,1.4172526597976685,I,1.4372172355651855,I,2.5954205989837646,V,2.1502768993377686,V,2.8060922622680664,A,1.277626395225525,T,1.58722984790802,I,2.0799455642700195,V,3.094799041748047,I,1.649639368057251,L,1.7458739280700684,L,3.557798147201538,L,1.875820517539978,I,4.114416122436523
106,L,1.9703932523727417,L,1.478561520576477,L,2.543734073638916,L,1.9347621202468872,L,1.954983115196228,L,1.9436967372894287,L,2.4053943157196045,L,2.026529312133789,L,2.0831594467163086,L,1.7795734405517578,L,2.6858174800872803,M,2.2041444778442383,M,1.981413722038269,L,1.3854303359985352,L,1.952812910079956,L,1.9653127193450928,L,1.841852068901062,-,,-,,M,2.0144331455230713,L,1.6114896535873413,L,2.7365260124206543,L,2.1897685527801514,L,1.589296817779541,L,2.538132429122925,L,1.766340970993042,L,1.4491664171218872,L,1.1974995136260986
107,D,1.8609203672409058,T,1.4706389904022217,S,3.548358917236328,K,1.565623164176941,S,1.9868135452270508,S,1.7925716638565063,T,1.4266414642333984,D,1.651213526725769,D,1.76423978805542,D,1.184983491897583,D,1.4705190658569336,R,2.2325940132141113,A,1.214556097984314,N,1.3807529211044312,S,1.8182570934295654,S,1.8216179609298706,N,1.1824980974197388,-,,-,,D,1.5611965656280518,H,4.703351974487305,D,2.1123077869415283,Y,1.0284295082092285,N,1.3205037117004395,L,2.5532562732696533,E,2.6299984455108643,E,1.2580969333648682,N,1.8439881801605225
108,G,2.2632908821105957,G,2.850839853286743,S,3.058112859725952,R,2.349066734313965,F,3.6362407207489014,F,3.687730312347412,F,1.5029042959213257,Y,1.635273814201355,Y,1.5232207775115967,K,2.496796131134033,Y,2.658656358718872,S,2.4283604621887207,T,1.6859232187271118,L,1.6602572202682495,F,3.6730480194091797,F,3.685065269470215,S,1.094186544418335,-,,-,,A,1.3898240327835083,M,2.0130906105041504,R,1.8614966869354248,T,1.1563243865966797,S,1.913261890411377,K,1.9338818788528442,T,2.0467801094055176,T,1.5267536640167236,H,3.115176200866699
109,V,2.019005036354065,F,1.3037959337234497,I,1.2694493532180786,K,2.8414077758789062,I,1.161231517791748,I,1.1634503602981567,I,2.6337387561798096,V,2.3573203086853027,V,2.0824403762817383,I,1.5994623899459839,V,2.271388530731201,I,1.9767282009124756,G,1.448657751083374,I,2.884572982788086,I,1.167382001876831,I,1.1610002517700195,I,1.8607802391052246,-,,-,,C,2.3825559616088867,I,1.2883944511413574,T,1.2332570552825928,I,1.6701501607894897,I,2.5947978496551514,V,5.271665573120117,I,1.677451729774475,I,3.3177127838134766,I,1.856333613395691
110,Y,1.8835268487101016,S,1.5166394710540771,H,2.0812997817993164,Y,1.7934514284133911,Y,1.8880194425582886,Y,1.9403129816055298,Y,2.1800477504730225,Y,1.920617938041687,Y,2.4770689010620117,A,1.1337943077087402,-,,N,1.4053269624710083,A,1.333073616027832,Y,2.222364902496338,Y,1.9248557090759277,Y,1.908434271812439,Y,1.548944354057312,-,,-,,L,1.8000562191009521,Y,2.1452815532684326,-,,S,1.6801741123199463,Y,2.6667120456695557,Q,1.90028977394104,Y,1.6264479160308838,Y,2.4308581352233887,Y,1.7970459461212158
111,-,,-,,-,,-,,-,,-,,-,,-,,-,,-,,-,,-,,-,,-,,-,,-,,-,,-,,-,,-,,-,,-,,-,,-,,-,,-,,-,,-,
112,-,,-,,-,,-,,-,,-,,-,,-,,-,,-,,-,,-,,-,,-,,-,,-,,-,,-,,-,,-,,-,,-,,-,,-,,-,,-,,-,,-,
113,-,,-,,-,,-,,-,,-,,-,,-,,-,,-,,-,,-,,-,,-,,-,,-,,-,,-,,-,,-,,-,,-,,-,,-,,-,,-,,-,,-,
114,-,,-,,-,,-,,-,,-,,-,,-,,-,,-,,-,,-,,-,,-,,-,,-,,-,,-,,-,,-,,-,,-,,-,,-,,-,,-,,-,,-,
115,N,2.3162209391593933,N,3.3382833003997803,N,1.6761219501495361,I,2.3317782878875732,D,2.8241662979125977,D,2.8099424839019775,N,3.0565924644470215,-,,-,,T,3.239551544189453,F,1.9937353134155273,-,,C,1.3882933855056763,N,1.6647800207138062,D,2.849623680114746,D,2.8181002140045166,N,1.1103765964508057,-,,-,,L,3.1889312267303467,K,1.722170352935791,Y,1.6962283849716187,S,1.8462084531784058,-,,-,,Y,2.0201215744018555,Y,2.0912797451019287,N,2.6581335067749023
116,N,2.37993061542511,-,,E,2.6189749240875244,N,2.7589075565338135,E,2.1374146938323975,E,2.0962870121002197,E,1.0926775932312012,S,2.693547248840332,S,3.901792526245117,V,1.6635767221450806,R,2.7495853900909424,I,1.5511488914489746,T,1.6371334791183472,D,2.0120644569396973,E,2.1396214962005615,E,2.1402206420898438,H,3.777456283569336,-,,-,,E,3.0903944969177246,-,,R,2.3080739974975586,D,2.281954765319824,-,,K,2.744131565093994,-,,-,,Q,2.203648567199707
117,D,2.4197679493162365,-,,-,,-,,-,,-,,-,,Y,2.9903292655944824,Y,1.800358533859253,N,2.1417183876037598,Y,2.8214964866638184,N,1.5410189628601074,R,5.518575191497803,-,,-,,-,,-,,-,,-,,E,1.6169630289077759,-,,S,2.0246992111206055,-,,-,,N,1.3227524757385254,-,,-,,-,
118,H,1.878635983718069,G,1.3656052350997925,H,1.6952248811721802,-,,N,1.6858406066894531,N,1.7069767713546753,H,1.580594778060913,W,1.7790429592132568,W,1.4594590663909912,E,1.5685157775878906,W,1.7411444187164307,I,2.124350070953369,L,1.8664214611053467,H,2.264956474304199,N,1.710731029510498,N,1.7373255491256714,H,3.1009249687194824,-,,-,,L,1.3741605281829834,-,,W,3.2227935791015625,-,,-,,Y,2.270395278930664,-,,-,,H,1.4396202564239502
119,G,2.0173587997754416,Q,1.808213233947754,R,2.115896701812744,-,,Q,2.611818790435791,Q,2.633408784866333,K,2.10149884223938,N,1.5287702083587646,N,1.3278039693832397,N,2.0078794956207275,E,1.4691944122314453,-,,-,,K,1.5240435600280762,Q,2.648508310317993,Q,2.659637928009033,K,2.6502153873443604,-,,-,,A,2.3752827644348145,-,,L,2.154003620147705,-,,K,1.5646802186965942,K,1.9162673950195312,-,,-,,R,1.2153347730636597
120,G,1.8808760477436914,P,2.3579916954040527,Y,1.518393635749817,-,,C,2.297576665878296,C,2.2441885471343994,C,1.9371936321258545,E,1.7343422174453735,E,1.4127994775772095,S,1.5123876333236694,E,1.8087729215621948,-,,-,,Y,1.7535440921783447,C,2.3068618774414062,C,2.33453106880188,C,1.7712172269821167,-,,-,,H,2.158561944961548,-,,Q,2.119516372680664,-,,I,1.8478261232376099,Y,0.9694502949714661,-,,-,,C,1.770613431930542
121,-,,-,,-,,-,,-,,-,,-,,-,,-,,-,,-,,-,,-,,-,,-,,-,,-,,-,,-,,-,,-,,-,,-,,-,,-,,-,,-,,-,
122,D,1.6471739292144776,-,,F,1.5376638174057007,-,,F,1.629947543144226,F,1.612555980682373,F,1.567686915397644,K,1.3021740913391113,K,1.4913982152938843,L,1.7056279182434082,N,1.4007573127746582,-,,-,,F,1.6049494743347168,F,1.6320765018463135,F,1.6438010931015015,F,1.168491005897522,-,,-,,-,,-,,-,,-,,F,2.0068700313568115,K,1.682568073272705,-,,-,,F,2.721040964126587
123,T,2.060682314634323,-,,H,1.5467503070831299,-,,H,1.511865258216858,H,1.4631739854812622,R,2.9330368041992188,G,3.3065006732940674,G,4.411921977996826,G,2.6481518745422363,G,2.9975130558013916,-,,-,,Y,1.40896475315094,H,1.4782949686050415,H,1.4513784646987915,H,1.2728546857833862,L,2.334826946258545,L,1.0954384803771973,-,,E,1.3950748443603516,-,,-,,Q,2.7131502628326416,K,2.7762961387634277,N,1.1392580270767212,N,1.9467389583587646,Q,1.382455825805664
124,W,2.094818868135151,-,,-,,-,,S,2.370396614074707,S,2.568607807159424,S,3.4528961181640625,I,1.8345811367034912,I,2.2259929180145264,L,2.4416310787200928,I,1.794947862625122,-,,-,,D,2.1780920028686523,S,2.403874397277832,S,2.3554649353027344,N,2.128563404083252,R,1.7272855043411255,R,1.4171102046966553,-,,G,1.597711443901062,-,,-,,N,1.5086653232574463,A,2.541597604751587,Y,1.579323649406433,H,1.7696588039398193,N,1.9051576852798462
125,K,2.0580027444022044,-,,-,,I,1.5374826192855835,-,,-,,N,1.4874502420425415,G,2.363631010055542,G,3.176711082458496,K,1.3861392736434937,G,3.0840682983398438,-,,-,,-,,-,,-,,N,2.421682596206665,S,1.9311285018920898,S,1.8724323511123657,-,,-,,-,,N,2.039384365081787,-,,S,1.1770474910736084,Y,2.389840841293335,Y,1.832188367843628,N,2.11285138130188
126,A,2.01641845703125,-,,-,,Q,1.5767114162445068,N,1.7016103267669678,N,1.6311404705047607,-,,C,1.5749530792236328,C,1.3494250774383545,E,3.683168649673462,C,1.5563199520111084,-,,-,,-,,N,1.65621018409729,N,1.642423152923584,H,2.0028958320617676,P,1.4474422931671143,P,1.6509761810302734,-,,-,,-,,T,4.188329696655273,-,,P,1.7006878852844238,K,1.6545906066894531,K,3.2458105087280273,-,
127,-,1.2275880575180054,-,,-,,-,,-,,-,,-,,-,,-,,E,1.2275880575180054,-,,-,,-,,-,,-,,-,,-,,-,,-,,-,,-,,-,,-,,-,,-,,-,,-,,-,
128,-,2.0370914936065674,-,,-,,-,,-,,-,,-,,-,,-,,E,2.0370914936065674,-,,-,,-,,-,,-,,-,,-,,-,,-,,-,,-,,-,,-,,-,,-,,-,,-,,-,
129,-,1.9279349761850693,-,,-,,N,1.458482265472412,I,1.5673099756240845,I,1.5668580532073975,-,,G,2.6792445182800293,G,2.8869471549987793,E,1.7393484115600586,G,1.0299766063690186,-,,-,,-,,I,1.584316611289978,I,1.561207890510559,E,1.6195439100265503,F,2.1891348361968994,F,3.3348820209503174,-,,-,,R,2.104947805404663,S,2.245431661605835,-,,K,1.4554922580718994,F,2.0369350910186768,F,1.714835524559021,-,
130,-,1.9672258363829718,-,,-,,N,1.848299503326416,N,1.536503553390503,N,1.5228033065795898,-,,R,1.9337040185928345,R,1.6856728792190552,E,1.5084874629974365,R,2.4546797275543213,N,2.906147003173828,-,,-,,N,1.5162042379379272,N,1.5548006296157837,Q,1.90386164188385,S,4.686735153198242,S,1.740328073501587,-,,-,,-,,I,1.3353604078292847,N,1.1549055576324463,S,2.532484769821167,P,1.677199363708496,P,1.911887764930725,-,
131,-,2.099393197468349,-,,-,,I,2.28389573097229,D,2.044926166534424,D,1.9513781070709229,V,1.3552963733673096,E,2.8368852138519287,E,2.5153167247772217,E,3.7495851516723633,-,,I,1.243164300918579,-,,S,1.1003046035766602,D,1.9862476587295532,D,1.999786615371704,C,2.0341596603393555,A,1.7858302593231201,T,1.7493706941604614,-,,L,3.9071664810180664,H,1.2813138961791992,E,1.7862647771835327,N,2.7738406658172607,L,1.7415947914123535,E,1.9778597354888916,E,1.9830695390701294,-,
132,-,2.1505161464214324,-,,-,,N,3.0450263023376465,Q,2.3860092163085938,Q,2.4044747352600098,E,1.9512615203857422,-,,-,,E,1.0069210529327393,D,2.6510512828826904,-,,-,,E,1.8813408613204956,Q,2.4317259788513184,Q,2.3010447025299072,I,2.3842287063598633,E,1.415623426437378,G,1.3507722616195679,-,,Q,1.6654132604599,E,2.2003333568573,M,1.5490260124206543,S,2.7440905570983887,Y,4.060207843780518,N,1.2235877513885498,K,1.2883076667785645,Q,3.0698764324188232
133,-,2.0018356829881667,-,,-,,-,,A,3.00764536857605,A,3.010537624359131,A,1.7455415725708008,C,1.5893888473510742,S,1.32863450050354,E,2.404176712036133,S,1.4361143112182617,A,1.6818819046020508,L,1.9251643419265747,A,1.719704508781433,A,2.958979368209839,A,3.090135097503662,H,1.1929736137390137,E,1.4479494094848633,-,,-,,-,,E,1.467488408088684,-,,T,2.533461809158325,S,1.773930311203003,W,0.9205095171928406,W,2.2416598796844482,V,2.5608365535736084
134,E,1.7440629938374395,-,,-,,H,1.984109878540039,E,1.3476831912994385,E,1.3432732820510864,E,1.4950041770935059,V,2.2170143127441406,V,1.7456800937652588,E,1.3808566331863403,I,2.3875937461853027,P,1.4692846536636353,H,2.8444314002990723,E,2.2161953449249268,E,1.3404500484466553,E,1.3480861186981201,V,1.7412008047103882,E,1.309391736984253,E,1.3250025510787964,-,,F,1.6392945051193237,I,1.6359186172485352,-,,K,1.0481648445129395,I,1.0861823558807373,N,3.2389461994171143,N,2.646306037902832,E,1.323378324508667
135,-,1.9462206315994264,D,2.3995461463928223,N,3.396099328994751,N,1.4390459060668945,K,1.7898461818695068,K,1.9261188507080078,E,1.9965204000473022,I,1.4258453845977783,I,1.0875039100646973,E,1.450058937072754,V,1.0973074436187744,P,2.745572805404663,S,2.292116403579712,G,2.238884449005127,K,1.7935166358947754,K,1.6721317768096924,N,2.7692742347717285,-,,-,,G,1.879435658454895,N,1.360985517501831,M,1.6281219720840454,R,3.0980145931243896,V,1.9113892316818237,A,1.9518705606460571,K,1.9391613006591797,K,1.6273423433303833,G,1.739805817604065
136,-,2.350627585693642,E,3.4283857345581055,N,1.942090630531311,Y,0.9392777681350708,R,3.3238754272460938,R,3.269162893295288,R,2.147752046585083,T,2.4659605026245117,T,2.504340887069702,D,1.1279300451278687,T,2.253425121307373,D,1.2026236057281494,D,1.564456582069397,M,1.8838876485824585,R,3.302351236343384,R,3.337693691253662,S,2.235410213470459,E,1.9238982200622559,E,3.115577220916748,G,1.6342384815216064,G,3.2709312438964844,L,2.3577709197998047,K,3.151829719543457,G,3.819871664047241,A,1.5153032541275024,I,1.3994911909103394,F,1.4484057426452637,N,2.901003122329712
137,N,2.115978373421563,D,2.2383975982666016,D,1.598328709602356,N,2.4101333618164062,D,2.0059478282928467,D,1.9600567817687988,D,3.296492576599121,H,1.4808841943740845,D,3.146418571472168,N,0.9721542596817017,D,1.4293473958969116,S,2.089623212814331,D,2.3062753677368164,D,2.0166714191436768,D,1.9816795587539673,D,1.9477250576019287,D,1.6379731893539429,D,2.657318353652954,D,3.225576400756836,D,2.6546132564544678,D,1.694879174232483,D,2.042015314102173,D,1.8624294996261597,D,1.4805386066436768,E,1.305824875831604,N,3.7332513332366943,D,1.305280089378357,D,2.6515800952911377
138,L,2.117352697584364,L,1.494064211845398,L,1.269980788230896,L,1.2657201290130615,L,1.6159878969192505,L,1.6342428922653198,L,2.47524094581604,L,2.349567413330078,L,2.7477524280548096,L,2.86167573928833,L,2.016369104385376,L,3.6902527809143066,L,1.3813976049423218,L,5.828512191772461,L,1.6153457164764404,L,1.5899089574813843,L,3.380497932434082,L,1.4783731698989868,L,1.7658956050872803,L,1.630398154258728,L,2.051048517227173,T,2.261692762374878,L,1.485632300376892,L,1.4020639657974243,L,1.5921519994735718,L,2.784907817840576,L,1.714137315750122,L,1.785704493522644
139,Y,1.8059564078295673,L,1.9441585540771484,Y,1.3205411434173584,Y,1.4320218563079834,Y,1.9441412687301636,Y,2.002880334854126,Y,1.2864880561828613,N,1.3158224821090698,N,1.3167587518692017,H,1.1899901628494263,N,1.3156180381774902,Y,1.301063060760498,F,2.1677086353302,Y,1.6771960258483887,Y,2.006993532180786,Y,2.030552864074707,Y,2.4472780227661133,F,2.1959776878356934,F,2.0021893978118896,L,1.9488520622253418,H,1.403846025466919,M,2.75329327583313,H,1.7267000675201416,H,3.2751734256744385,Y,1.9865667819976807,N,1.4326214790344238,N,1.3530712127685547,Y,1.98331880569458
140,A,1.8786735181455259,T,3.1579160690307617,L,2.56431245803833,S,1.2475074529647827,F,1.4092366695404053,F,1.3859035968780518,F,1.8199762105941772,S,1.8963104486465454,S,1.602657675743103,A,2.4365570545196533,S,1.5609996318817139,T,1.4114371538162231,D,1.7148313522338867,F,1.784367561340332,F,1.3743391036987305,F,1.359011173248291,F,1.1876113414764404,T,1.4733352661132812,T,2.0351204872131348,D,2.275296926498413,E,2.017075538635254,T,1.7793455123901367,A,1.384029507637024,F,3.05350923538208,R,2.839162826538086,L,1.6244828701019287,L,2.386631965637207,F,1.9432199001312256
141,T,1.8956534376850835,A,1.7404290437698364,T,1.495747447013855,T,3.117856740951538,T,1.7668851613998413,T,1.5502631664276123,T,3.36836576461792,T,2.6531870365142822,T,2.566580295562744,L,1.387878656387329,T,2.804795026779175,T,1.7298779487609863,A,2.498810052871704,T,2.4071884155273438,T,1.5624196529388428,T,1.7366780042648315,V,1.2177053689956665,A,1.5919872522354126,A,1.1088634729385376,A,2.5443248748779297,I,1.2881680727005005,C,1.6282296180725098,V,1.6575461626052856,T,1.3544058799743652,D,1.8137160539627075,K,1.7212293148040771,K,1.6073373556137085,T,1.262166976928711
142,A,2.109427955415514,S,1.9712072610855103,A,1.32041335105896,A,3.1424267292022705,A,1.3039169311523438,A,1.6180613040924072,A,2.3324081897735596,A,2.2225489616394043,A,1.825758934020996,S,4.826190948486328,A,2.059748649597168,A,2.2961227893829346,T,2.4727118015289307,A,2.535027027130127,A,1.6064265966415405,A,1.682338833808899,A,1.9359636306762695,A,1.5625360012054443,A,1.2619678974151611,T,1.8301382064819336,A,1.6722136735916138,A,2.7587649822235107,S,1.8323323726654053,S,1.1964476108551025,S,1.9236974716186523,A,2.831125020980835,A,3.2905964851379395,A,1.643463134765625
143,L,2.3010050367425987,L,1.5982000827789307,L,2.065835475921631,L,2.497853994369507,L,3.6969776153564453,L,3.6719841957092285,L,1.6714301109313965,L,1.2962076663970947,L,1.2192240953445435,L,1.9436569213867188,L,1.1893882751464844,L,1.6840503215789795,L,1.6458046436309814,L,1.1115773916244507,L,3.7196455001831055,L,3.661656141281128,L,1.5025670528411865,L,3.2067837715148926,L,2.8954787254333496,L,1.9767571687698364,L,4.918214797973633,M,1.6758346557617188,T,1.6776227951049805,L,2.1954429149627686,L,3.440417528152466,L,2.1069583892822266,L,1.855758786201477,L,2.0018069744110107
144,K,1.8581033636022497,R,2.2085824012756348,G,2.388174057006836,Q,1.4660724401474,G,1.9445947408676147,G,1.9283188581466675,G,1.9322293996810913,G,2.1732656955718994,G,2.1912426948547363,K,1.91077721118927,G,1.9639073610305786,K,1.6502490043640137,A,1.9910829067230225,G,1.2597873210906982,G,1.9796385765075684,G,2.0558810234069824,G,1.8683335781097412,R,1.838391661643982,R,1.733663558959961,A,2.411623954772949,R,2.2259387969970703,A,1.4509228467941284,R,1.244041919708252,G,1.8332769870758057,A,1.366201400756836,G,1.541907787322998,G,1.8112574815750122,G,1.7994271516799927
145,F,1.850232375992669,F,2.683824300765991,F,2.7067513465881348,F,1.5107319355010986,F,1.699583888053894,F,1.4997172355651855,F,1.5043267011642456,L,1.3658297061920166,L,1.4986002445220947,F,1.6132475137710571,F,1.213257908821106,F,2.6874337196350098,F,2.325770616531372,F,1.9713226556777954,F,1.4933005571365356,F,1.599932312965393,F,3.3468966484069824,F,1.442764401435852,F,1.5067155361175537,F,2.4132187366485596,F,1.4383563995361328,F,1.550192952156067,F,1.1712292432785034,F,2.091223955154419,F,1.3779481649398804,F,2.3196840286254883,F,2.289391279220581,F,1.6350221633911133
146,R,1.855862224543536,R,2.323740243911743,R,1.6416043043136597,R,1.9395885467529297,R,1.1771957874298096,K,1.1928561925888062,R,1.397993803024292,R,1.4339892864227295,R,1.4640462398529053,R,1.3540780544281006,R,1.2631306648254395,R,3.5326530933380127,R,2.407043933868408,R,2.6681361198425293,R,1.186463475227356,R,1.1266381740570068,R,1.9962642192840576,R,1.7899035215377808,R,1.7517354488372803,R,1.9016788005828857,R,1.6460858583450317,R,2.3293073177337646,R,2.8179686069488525,R,2.739349842071533,W,1.0117242336273193,R,1.5691577196121216,R,3.0563066005706787,R,1.389639973640442
147,L,1.8877363646471943,L,1.7896451950073242,I,2.40169095993042,L,1.448646068572998,L,1.2564058303833008,L,1.241743564605713,L,1.541919231414795,T,1.5287253856658936,T,1.5985438823699951,I,2.0444765090942383,T,1.5198224782943726,L,3.58400559425354,L,1.5914973020553589,L,1.5659881830215454,I,1.2725690603256226,L,1.2021903991699219,L,3.849039316177368,L,2.052839756011963,L,2.490989923477173,L,1.5862469673156738,L,1.7566337585449219,I,2.3975212574005127,L,1.2899104356765747,L,1.8443033695220947,L,3.744605302810669,L,1.687134027481079,L,1.3925522565841675,L,1.2892358303070068
148,L,2.240866325519703,L,1.308984398841858,L,2.039316177368164,L,1.4805152416229248,L,3.03975248336792,L,3.0399811267852783,L,2.9826505184173584,L,2.340775489807129,L,2.4067091941833496,L,1.0702385902404785,L,2.2148287296295166,L,1.0931973457336426,L,2.000603437423706,F,3.3040919303894043,L,2.701230049133301,L,2.9553422927856445,F,2.4413866996765137,L,2.1747887134552,L,2.3734002113342285,M,2.0390212535858154,L,3.072605848312378,L,1.8211971521377563,L,1.2998199462890625,L,3.3150691986083984,L,1.975690245628357,L,1.8651440143585205,L,1.4440077543258667,L,2.70304274559021
149,R,1.9627897121288158,R,1.497218132019043,R,1.661395788192749,R,2.171760320663452,R,1.247143268585205,R,1.2180057764053345,R,2.022139549255371,R,2.3980953693389893,R,2.4279000759124756,R,1.786095142364502,R,2.6853432655334473,R,1.3906530141830444,R,3.3278727531433105,R,1.8294211626052856,R,1.2942702770233154,R,1.2185674905776978,R,1.4346790313720703,R,1.430173397064209,R,1.4909032583236694,R,1.6322555541992188,R,3.4452552795410156,R,1.9521377086639404,R,1.8777949810028076,R,1.7974275350570679,R,1.4445360898971558,R,3.5586774349212646,R,1.534145474433899,R,3.2214550971984863
150,Q,1.9679546665262293,H,2.4571781158447266,Q,1.8513987064361572,Q,2.7935848236083984,Q,1.2793834209442139,Q,1.2228001356124878,Q,1.8672635555267334,L,4.2449564933776855,L,4.152153015136719,Q,1.7912949323654175,L,2.866197109222412,Q,1.5333901643753052,E,1.499618411064148,Q,1.1693425178527832,Q,1.262866735458374,Q,1.2492873668670654,Q,1.944441795349121,H,2.3493001461029053,H,2.0849502086639404,E,1.4494531154632568,Q,1.659519076347351,L,1.7614986896514893,Q,2.8901870250701904,Q,1.243941307067871,V,1.9695168733596802,Q,1.7776715755462646,Q,1.4737980365753174,Q,1.2897826433181763
151,H,1.8656787121737446,N,2.503726005554199,H,1.2028956413269043,H,1.4744738340377808,H,1.3323379755020142,H,1.3191620111465454,H,1.341720461845398,H,1.2863184213638306,H,1.230673909187317,S,1.728917121887207,H,1.64777672290802,H,1.0544997453689575,A,1.360335350036621,H,1.5951378345489502,H,1.3343406915664673,H,1.3065769672393799,H,2.422239303588867,N,3.0705528259277344,N,3.0957908630371094,A,1.7131620645523071,E,1.9728374481201172,N,1.8233511447906494,H,1.6010252237319946,H,2.7636642456054688,N,1.693219780921936,H,4.873159408569336,H,2.08767032623291,H,1.5377599000930786
152,G,2.537331431000321,G,1.821783423423767,G,1.5814759731292725,G,1.2326974868774414,G,6.558212757110596,G,6.839165687561035,G,1.4598538875579834,G,1.0704543590545654,G,1.0678822994232178,G,1.137792944908142,G,1.210198163986206,G,2.4317023754119873,G,2.088214159011841,G,1.2387313842773438,G,7.102189064025879,G,6.813807487487793,G,1.8592945337295532,G,3.8101210594177246,G,2.471257209777832,G,1.7996009588241577,G,1.463173508644104,G,2.65910005569458,G,1.892602801322937,G,2.073627471923828,N,1.2035397291183472,G,1.8227967023849487,G,1.1003963947296143,G,2.6982767581939697
153,Y,2.11598742891241,H,1.991559386253357,F,3.545813798904419,Y,1.5060689449310303,F,1.6373318433761597,F,1.4217476844787598,F,2.131626844406128,Y,2.0156619548797607,Y,2.1636240482330322,Y,4.752865791320801,Y,2.281609535217285,F,2.671630859375,H,2.224022388458252,F,2.9231181144714355,F,1.6076381206512451,F,1.6183280944824219,F,1.808708906173706,I,1.565587043762207,I,1.5652974843978882,H,1.655980110168457,H,1.7511317729949951,Y,1.9665637016296387,Y,1.7062581777572632,F,1.8374272584915161,H,3.8914496898651123,Y,1.4480011463165283,Y,2.040618658065796,F,1.401989221572876
154,S,2.040703773498535,R,1.9054927825927734,N,1.1543841361999512,L,4.05176305770874,N,1.46038818359375,D,1.4236984252929688,Q,1.5091501474380493,P,1.773299217224121,P,1.7086927890777588,R,3.503143548965454,T,1.6568355560302734,H,2.7607247829437256,D,1.615916132926941,K,1.7406271696090698,D,1.451257348060608,D,1.4480479955673218,K,2.1041066646575928,Q,1.3242897987365723,E,1.184862732887268,H,1.5607786178588867,Y,6.234186172485352,N,1.609310269355774,K,1.6641567945480347,N,2.246225595474243,W,3.260038375854492,H,1.471964955329895,H,1.767951250076294,E,1.5077093839645386
155,V,2.1736664595427335,I,2.3652849197387695,V,2.5380563735961914,V,1.4457954168319702,V,1.975118637084961,V,1.9915310144424438,V,1.520747184753418,V,2.5334410667419434,V,2.5347535610198975,V,1.4880365133285522,V,1.5830496549606323,I,1.5290915966033936,V,3.365103006362915,V,3.210819721221924,V,1.956139326095581,V,1.970051646232605,V,1.3899531364440918,V,2.514406204223633,I,2.934762477874756,V,3.613593816757202,V,1.3852081298828125,V,1.9488887786865234,V,4.177746295928955,V,1.9028044939041138,V,2.2332258224487305,V,1.4145874977111816,V,1.3772386312484741,V,1.7895594835281372
156,S,1.9852311352024907,N,2.8532981872558594,S,1.9113264083862305,T,1.2766371965408325,S,1.905712366104126,S,1.8821516036987305,S,1.9661723375320435,S,2.295200824737549,S,2.363039970397949,S,1.6483945846557617,-,,S,1.7207725048065186,S,2.6211209297180176,S,1.413552165031433,S,1.9036041498184204,S,1.8878103494644165,S,1.343507170677185,-,,-,,S,2.9154040813446045,Q,1.4190750122070312,-,,S,1.1313252449035645,S,1.6496697664260864,S,1.0862228870391846,P,2.841141700744629,P,3.2206406593322754,S,2.404536008834839
157,Q,1.909863293170929,P,1.3099244832992554,-,,-,,-,,-,,-,,-,,-,,Q,2.2704217433929443,S,2.2110564708709717,-,,A,1.6367312669754028,-,,-,,-,,-,,T,2.752277135848999,S,2.5528805255889893,A,1.3231712579727173,-,,S,1.2224434614181519,-,,-,,-,,-,,-,,-,
158,-,2.194410967826843,-,,E,2.356799364089966,Q,2.555155038833618,Q,1.4843801259994507,Q,1.4514119625091553,Q,3.045332670211792,S,2.891512870788574,S,2.7275075912475586,-,,P,2.282358169555664,Q,2.8421151638031006,K,2.370204448699951,Q,2.996396780014038,Q,1.4983752965927124,Q,1.4720969200134277,Q,1.3733280897140503,P,1.7802826166152954,P,1.8204386234283447,D,1.154283881187439,E,1.3108786344528198,S,3.964306354522705,T,1.1484432220458984,Q,1.5142961740493774,P,1.007799744606018,Q,1.6225206851959229,Q,1.7246447801589966,Q,6.465404987335205
159,-,1.0833969116210938,-,,-,,-,,-,,-,,-,,-,,-,,-,,-,,-,,D,1.0833969116210938,-,,-,,-,,-,,-,,-,,-,,-,,-,,-,,-,,-,,-,,-,,-,
160,E,1.9668432032620464,N,1.7346770763397217,D,1.7086801528930664,E,2.1954421997070312,E,1.5735461711883545,E,1.5873292684555054,E,1.8830301761627197,D,1.9319711923599243,D,1.9693450927734375,D,2.541687488555908,E,1.8384873867034912,D,1.892209768295288,D,1.1963794231414795,E,1.4355188608169556,E,1.5677850246429443,E,1.5976895093917847,E,2.743950843811035,E,3.3991308212280273,E,3.2743747234344482,E,3.3932483196258545,I,1.9791487455368042,D,2.1985695362091064,D,1.3486008644104004,G,1.4865143299102783,S,2.386565685272217,E,1.2531129121780396,E,1.7371973991394043,E,1.2505735158920288
161,V,1.9452221835101093,I,2.161217212677002,V,2.0746262073516846,V,4.184941291809082,V,1.4900552034378052,V,1.5142834186553955,V,1.7430368661880493,V,1.3202024698257446,V,1.3270156383514404,F,2.4580776691436768,V,1.277953863143921,I,1.940991759300232,V,1.7172865867614746,V,3.2661032676696777,V,1.5121288299560547,V,1.4946144819259644,V,1.966951847076416,I,1.7298651933670044,I,1.6789956092834473,V,1.563111662864685,I,0.9906055927276611,E,1.9091718196868896,V,1.3968021869659424,V,2.667976140975952,I,2.2942581176757812,I,1.875954508781433,I,3.6915485858917236,V,1.2732229232788086
162,F,1.7645850004973236,F,2.102882146835327,F,1.8736158609390259,F,1.0987776517868042,F,1.6283659934997559,F,1.594897985458374,F,2.096207618713379,L,1.3394849300384521,L,1.3516614437103271,Q,1.341489553451538,L,1.75779390335083,L,2.6574771404266357,L,1.994227409362793,F,2.4879398345947266,F,1.6025840044021606,F,1.596099615097046,F,1.609951376914978,F,2.2072434425354004,F,2.1211764812469482,L,1.9256703853607178,F,2.0837650299072266,L,1.3328967094421387,F,1.8433135747909546,F,1.8638057708740234,F,1.494376301765442,F,1.1277377605438232,F,2.2180681228637695,F,1.2922849655151367
163,N,1.8586031198501587,Q,1.5487135648727417,D,1.745720386505127,N,1.6264536380767822,D,2.304969310760498,D,2.350233793258667,D,2.166670799255371,E,1.626341462135315,E,1.6502083539962769,R,1.4829782247543335,K,1.6420022249221802,N,1.5113592147827148,R,2.411050319671631,D,1.7976739406585693,D,2.325644016265869,D,2.3253889083862305,D,1.199998378753662,L,1.3179800510406494,L,1.330068826675415,G,3.056504011154175,K,3.8708019256591797,Y,1.2843984365463257,N,1.1482360363006592,D,1.7917851209640503,C,2.345296859741211,L,1.2962597608566284,L,1.5770970582962036,D,1.4484496116638184
164,S,1.4993663893805609,K,1.261395812034607,C,1.2670891284942627,A,1.797037124633789,C,1.260947823524475,C,1.264493465423584,C,1.5968270301818848,Q,1.5049818754196167,Q,1.5222508907318115,K,1.7221295833587646,A,1.5000728368759155,D,1.329980731010437,R,1.8213132619857788,R,1.6380667686462402,C,1.2626338005065918,C,1.2725346088409424,C,1.2631524801254272,K,1.2911922931671143,K,1.2754969596862793,R,1.9021830558776855,N,1.2726469039916992,H,2.159853458404541,D,1.524487853050232,C,1.4116376638412476,W,1.9079028367996216,N,1.3668267726898193,N,1.967930555343628,R,1.1178269386291504
165,F,1.8761462061493486,F,2.1246962547302246,F,1.605098009109497,F,1.1865919828414917,F,2.4226715564727783,F,2.3209118843078613,F,1.7259007692337036,F,2.0034866333007812,F,1.8101176023483276,F,1.7409789562225342,F,2.495490074157715,F,1.2967488765716553,F,2.1586861610412598,F,1.4121663570404053,F,2.3405046463012695,F,2.3625197410583496,F,3.001966714859009,F,1.232824444770813,F,1.0840392112731934,F,0.9849452972412109,I,1.1342003345489502,V,1.9543911218643188,F,1.8873590230941772,F,1.3737483024597168,F,1.332380771636963,F,3.8890280723571777,F,1.6978667974472046,F,2.0766279697418213
166,K,2.053226877141882,M,3.278759479522705,K,2.068586826324463,K,2.5169320106506348,K,1.8257524967193604,K,1.8677544593811035,K,1.8730872869491577,K,2.0797908306121826,K,2.137531042098999,K,1.6143872737884521,Q,2.20013689994812,K,1.5330499410629272,I,1.5431087017059326,K,1.1808611154556274,K,1.7962329387664795,K,1.7962238788604736,K,3.5874130725860596,K,2.322162628173828,K,2.745699644088745,T,2.047311782836914,L,2.0024852752685547,V,1.2596914768218994,K,2.3892412185668945,K,2.739645481109619,L,1.5901247262954712,K,1.7756465673446655,K,2.3398385047912598,T,1.3256701231002808
167,-,,-,,-,,-,,-,,-,,-,,-,,-,,-,,-,,-,,-,,-,,-,,-,,-,,-,,-,,-,,-,,-,,-,,-,,-,,-,,-,,-,
168,D,2.0566013395786285,D,1.3672356605529785,T,3.9573051929473877,-,,N,2.0428566932678223,N,1.992986798286438,N,1.459193468093872,D,2.077277898788452,D,2.01191782951355,E,2.5142884254455566,D,2.0888261795043945,D,1.9155044555664062,D,1.177154541015625,N,4.1544365882873535,N,2.085265874862671,N,2.0457358360290527,N,1.4005204439163208,-,,-,,D,1.887316346168518,-,,E,2.2335762977600098,-,,N,1.3570483922958374,D,1.206605076789856,-,,-,,N,2.1569747924804688
169,-,,-,,-,,-,,-,,-,,-,,-,,-,,-,,-,,-,,-,,-,,-,,-,,-,,-,,-,,-,,-,,-,,-,,-,,-,,-,,-,,-,
170,-,1.8285513520240784,-,,E,1.2089155912399292,D,2.183306932449341,D,1.6747337579727173,D,1.6885929107666016,E,2.973196029663086,-,,-,,-,,-,,-,,G,1.652269959449768,E,1.649425745010376,D,1.7172561883926392,D,1.6672425270080566,E,1.782709002494812,D,1.7088285684585571,D,2.2356998920440674,-,,D,2.674779176712036,-,,D,2.3917126655578613,E,1.3361928462982178,-,,D,1.5169939994812012,D,1.3355869054794312,E,1.516481637954712
171,E,1.9238516963445222,K,1.463067650794983,K,1.8348665237426758,E,2.8369808197021484,K,1.847091555595398,N,1.8024452924728394,E,1.102508544921875,Q,2.230008363723755,Q,2.162940502166748,-,,Q,1.1635446548461914,E,1.7494562864303589,A,2.2589495182037354,N,2.0441699028015137,S,1.8428090810775757,N,1.804119348526001,E,2.8349437713623047,E,1.7062581777572632,E,1.5872142314910889,D,1.531198501586914,K,1.1145588159561157,A,1.2556480169296265,E,2.4385359287261963,H,1.8818894624710083,D,1.6082448959350586,K,2.3937346935272217,K,3.353172779083252,E,2.1717867851257324
172,R,2.1897069261624265,Q,2.828566074371338,C,1.922476887702942,T,2.210322141647339,G,2.4005253314971924,G,2.3039417266845703,G,1.9809178113937378,N,1.9760469198226929,N,2.0629777908325195,-,,N,2.0372090339660645,N,4.062470436096191,S,1.401699185371399,G,1.8953094482421875,G,2.1726150512695312,G,2.390451431274414,G,1.6454524993896484,R,1.3200289011001587,R,1.260188102722168,N,2.2427523136138916,K,1.105641484260559,S,2.1153550148010254,K,4.9717888832092285,G,2.6182305812835693,D,2.5816941261291504,N,1.6234657764434814,N,2.0207371711730957,G,1.7815159559249878
173,G,1.9787044387597303,G,3.6349568367004395,S,1.3459759950637817,G,2.282144784927368,S,1.6673171520233154,S,1.723421573638916,S,1.6702638864517212,G,1.3282806873321533,G,1.3209952116012573,-,,G,2.086826801300049,G,1.2991340160369873,G,2.540048599243164,T,2.017669439315796,S,1.7049572467803955,S,1.7176156044006348,S,1.494404673576355,G,1.1677864789962769,G,1.1476686000823975,G,2.3054356575012207,G,1.7401973009109497,G,1.3107270002365112,G,2.1639904975891113,S,2.133556365966797,E,2.419070243835449,Q,2.5914742946624756,Q,1.1274611949920654,T,5.504935264587402
174,S,2.261505521260775,K,1.8796186447143555,D,1.4918245077133179,K,3.0398762226104736,D,1.9439408779144287,D,2.0411202907562256,D,1.860346794128418,Q,4.110721111297607,Q,4.15328311920166,-,,Q,4.1160502433776855,N,2.609802722930908,D,1.798182487487793,Y,2.3563437461853027,D,2.01265549659729,D,2.0174286365509033,D,2.0706610679626465,E,2.7237725257873535,K,2.0688657760620117,E,2.6546690464019775,G,2.209223985671997,L,2.0519487857818604,C,1.9887669086456299,D,1.6186745166778564,I,1.502461314201355,N,1.4352198839187622,N,1.7215662002563477,D,1.3221186399459839
175,F,1.7341578556941106,F,2.7793235778808594,F,2.5183959007263184,F,1.5262019634246826,F,1.6164761781692505,F,1.5926923751831055,F,1.8173754215240479,F,1.3725908994674683,F,1.0948189496994019,S,1.7314555644989014,F,1.0210797786712646,L,2.5103118419647217,F,2.203373908996582,F,1.4072719812393188,F,1.5921344757080078,F,1.6318622827529907,F,1.945584774017334,F,1.1581205129623413,F,1.2153044939041138,F,1.402189016342163,F,1.5472054481506348,H,2.3866310119628906,F,1.8602006435394287,F,2.496303081512451,-,,L,1.5992575883865356,L,1.4590873718261719,F,1.6028552055358887
176,-,,-,,-,,-,,-,,-,,-,,-,,-,,-,,-,,-,,-,,-,,-,,-,,-,,-,,-,,-,,-,,-,,-,,-,,-,,-,,-,,-,
177,K,2.2589371469285755,I,2.0124263763427734,N,1.700187087059021,K,1.3339422941207886,K,2.920924663543701,K,3.0042641162872314,K,2.2991461753845215,A,1.5454145669937134,A,1.739923119544983,R,3.2272918224334717,V,2.7072720527648926,K,1.242305040359497,K,1.6475458145141602,K,1.0714317560195923,K,2.9879398345947266,K,2.951240062713623,S,1.5350850820541382,D,3.938565492630005,D,3.3876633644104004,R,2.3145618438720703,K,2.3845460414886475,N,3.3014278411865234,K,1.2187949419021606,E,2.3922882080078125,R,1.6516919136047363,N,1.8826466798782349,N,2.4982082843780518,N,2.0945684909820557
178,A,1.9361119545423067,D,1.5127432346343994,A,3.872335195541382,T,2.843761682510376,A,1.3602616786956787,A,1.398986577987671,A,2.610969066619873,C,1.133241057395935,C,1.338160514831543,G,1.2237776517868042,C,1.8278805017471313,Q,0.9562472105026245,L,2.198038101196289,-,,A,1.4844578504562378,A,1.3456591367721558,A,1.5178327560424805,E,1.5797070264816284,E,1.8811792135238647,L,1.8713165521621704,D,2.4075024127960205,S,1.6550734043121338,P,1.6335314512252808,K,1.575615644454956,D,2.7578659057617188,S,3.6970701217651367,S,1.9491760730743408,P,2.7065207958221436
179,C,1.8610931783914566,S,2.2274081707000732,-,,Y,1.554872989654541,S,1.234218955039978,S,1.263100266456604,S,2.269887924194336,S,1.4205905199050903,S,1.5384236574172974,G,2.7158994674682617,-,,S,1.2552803754806519,S,3.0998501777648926,-,,S,1.253764033317566,S,1.2367918491363525,-,,-,,-,,D,1.377486228942871,-,,-,,S,3.1877591609954834,T,1.684835433959961,H,2.4573216438293457,-,,-,,-,
180,L,1.7929337620735168,L,1.6765944957733154,N,1.121447205543518,L,1.4145146608352661,-,,-,,L,1.6114163398742676,A,1.925737738609314,A,1.4453970193862915,L,1.2904362678527832,-,,I,2.559828519821167,L,2.027963638305664,-,,-,,-,,N,1.43346107006073,-,,-,,Y,1.264159083366394,V,2.5667760372161865,-,,L,1.3033698797225952,L,1.5027731657028198,I,1.7705936431884766,Y,1.7917373180389404,Y,4.7399187088012695,S,0.8266829252243042
181,C,2.687212870234535,K,2.4169065952301025,L,2.1933209896087646,-,,L,5.089155673980713,L,4.871578693389893,-,,I,2.5486092567443848,I,2.355780601501465,T,2.1352875232696533,S,3.296821355819702,C,1.0184968709945679,S,1.76348876953125,-,,L,5.058877944946289,L,5.058021545410156,L,1.429444432258606,-,,-,,R,2.1274266242980957,V,1.4872477054595947,L,4.533583164215088,-,,I,1.402174949645996,E,1.7530279159545898,L,2.590472459793091,L,1.7280079126358032,L,1.5737392902374268
182,E,1.8091997653245926,E,1.146369457244873,A,1.950837254524231,S,2.5953047275543213,S,1.3698961734771729,S,1.3146278858184814,G,1.6282099485397339,Q,1.549278974533081,Q,2.2122864723205566,G,1.9639174938201904,P,2.502898693084717,K,2.190243721008301,-,,H,1.3937056064605713,S,1.371788501739502,S,1.3316409587860107,A,1.9722977876663208,-,,-,,K,1.9120843410491943,K,1.9713815450668335,G,2.1729178428649902,S,1.4461151361465454,G,1.7764523029327393,T,1.7991353273391724,L,1.86176335811615,L,1.8634014129638672,I,2.124239444732666
183,-,1.2912186980247498,-,,-,,-,,-,,-,,-,,-,,-,,-,,G,1.401392936706543,D,1.1810444593429565,-,,-,,-,,-,,-,,-,,-,,-,,-,,-,,-,,-,,-,,-,,-,,-,
184,-,5.5450215339660645,-,,-,,-,,-,,-,,-,,-,,-,,-,,-,,T,5.5450215339660645,-,,-,,-,,-,,-,,-,,-,,-,,-,,-,,-,,-,,-,,-,,-,,-,
185,-,2.0468549728393555,-,,-,,-,,-,,-,,-,,-,,-,,-,,-,,K,2.0468549728393555,-,,-,,-,,-,,-,,-,,-,,-,,-,,-,,-,,-,,-,,-,,-,,-,
186,-,1.6691429615020752,-,,-,,-,,-,,-,,-,,-,,-,,-,,-,,D,1.6691429615020752,-,,-,,-,,-,,-,,-,,-,,-,,-,,-,,-,,-,,-,,-,,-,,-,
187,-,1.6680818796157837,-,,-,,-,,-,,-,,-,,-,,-,,-,,-,,I,1.6680818796157837,-,,-,,-,,-,,-,,-,,-,,-,,-,,-,,-,,-,,-,,-,,-,,-,
188,-,2.3185482025146484,-,,-,,-,,-,,-,,-,,-,,-,,-,,-,,L,2.3185482025146484,-,,-,,-,,-,,-,,-,,-,,-,,-,,-,,-,,-,,-,,-,,-,,-,
189,-,1.161243200302124,-,,-,,-,,-,,-,,-,,-,,-,,-,,-,,N,1.161243200302124,-,,-,,-,,-,,-,,-,,-,,-,,-,,-,,-,,-,,-,,-,,-,,-,
190,-,1.4729571342468262,-,,-,,-,,-,,-,,-,,-,,-,,-,,-,,S,1.4729571342468262,-,,-,,-,,-,,-,,-,,-,,-,,-,,-,,-,,-,,-,,-,,-,,-,
191,-,1.2948284149169922,-,,-,,-,,-,,-,,-,,-,,-,,-,,-,,S,1.2948284149169922,-,,-,,-,,-,,-,,-,,-,,-,,-,,-,,-,,-,,-,,-,,-,,-,
192,-,1.0972254276275635,-,,-,,-,,-,,-,,-,,-,,-,,-,,-,,K,1.0972254276275635,-,,-,,-,,-,,-,,-,,-,,-,,-,,-,,-,,-,,-,,-,,-,,-,
193,-,1.745939016342163,-,,-,,-,,-,,-,,-,,-,,-,,-,,-,,D,1.745939016342163,-,,-,,-,,-,,-,,-,,-,,-,,-,,-,,-,,-,,-,,-,,-,,-,
194,-,1.0121642351150513,-,,-,,-,,-,,-,,-,,-,,-,,-,,-,,E,1.0121642351150513,-,,-,,-,,-,,-,,-,,-,,-,,-,,-,,-,,-,,-,,-,,-,,-,
195,-,2.0709352493286133,-,,-,,-,,-,,-,,-,,-,,-,,-,,-,,H,2.0709352493286133,-,,-,,-,,-,,-,,-,,-,,-,,-,,-,,-,,-,,-,,-,,-,,-,
196,-,2.6282737255096436,-,,-,,-,,-,,-,,-,,-,,-,,-,,-,,D,2.6282737255096436,-,,-,,-,,-,,-,,-,,-,,-,,-,,-,,-,,-,,-,,-,,-,,-,
197,-,2.845635414123535,-,,-,,-,,-,,-,,-,,-,,-,,-,,-,,N,2.845635414123535,-,,-,,-,,-,,-,,-,,-,,-,,-,,-,,-,,-,,-,,-,,-,,-,
198,-,1.8019931316375732,-,,-,,-,,-,,-,,-,,-,,-,,-,,-,,L,1.8019931316375732,-,,-,,-,,-,,-,,-,,-,,-,,-,,-,,-,,-,,-,,-,,-,,-,
199,-,2.0481631755828857,-,,-,,-,,-,,-,,-,,-,,-,,-,,-,,K,2.0481631755828857,-,,-,,-,,-,,-,,-,,-,,-,,-,,-,,-,,-,,-,,-,,-,,-,
200,-,4.364872455596924,-,,-,,-,,-,,-,,-,,-,,-,,-,,-,,Q,4.364872455596924,-,,-,,-,,-,,-,,-,,-,,-,,-,,-,,-,,-,,-,,-,,-,,-,
201,-,1.8823583126068115,-,,-,,-,,-,,-,,-,,-,,-,,-,,Q,1.1727914810180664,S,1.7323048114776611,-,,-,,-,,-,,-,,-,,-,,-,,-,,G,2.3661410808563232,-,,-,,N,2.2581958770751953,-,,-,,-,
202,-,1.9374377528826396,-,,-,,-,,-,,-,,-,,T,1.9825429916381836,T,1.873057246208191,-,,T,1.6003491878509521,T,1.229885220527649,-,,-,,-,,-,,-,,-,,-,,-,,-,,Y,1.9619272947311401,-,,-,,Y,2.9768645763397217,-,,-,,-,
203,-,1.6095614234606426,-,,-,,-,,-,,-,,-,,E,1.4666873216629028,E,1.6067841053009033,-,,E,1.3867651224136353,C,1.5512731075286865,-,,-,,-,,-,,-,,-,,-,,-,,-,,L,2.3913471698760986,-,,-,,E,1.2545117139816284,-,,-,,-,
204,-,1.903379388153553,-,,Q,2.262873888015747,D,1.1880019903182983,G,2.094424247741699,D,2.2771852016448975,D,2.5220558643341064,G,2.23443603515625,G,1.9129303693771362,-,,G,3.099205732345581,N,5.370901107788086,N,1.0613276958465576,D,2.7369272708892822,D,1.9391365051269531,D,2.176025152206421,D,1.0020229816436768,S,1.710792899131775,S,1.5800400972366333,-,,N,1.187654972076416,N,0.7796957492828369,M,1.1636778116226196,E,0.9894748330116272,E,2.0610432624816895,N,1.359666109085083,E,1.11976158618927,D,1.8518439531326294
205,D,1.6961970704573173,D,1.5494239330291748,D,1.6745177507400513,D,1.7211635112762451,N,1.6998158693313599,N,1.6703858375549316,D,3.7371633052825928,E,1.890711784362793,E,1.8695175647735596,G,1.5535132884979248,E,1.3124064207077026,N,0.912109375,D,1.454970359802246,D,0.9483222365379333,N,1.7752716541290283,N,1.672075867652893,D,1.7856320142745972,D,1.4156184196472168,D,1.3629320859909058,D,2.038970947265625,D,1.4817692041397095,D,1.799849271774292,D,3.0693516731262207,D,1.9649813175201416,F,1.3163272142410278,D,1.1194345951080322,D,1.4468234777450562,D,1.5542619228363037
206,T,2.1180128013646162,T,1.0798060894012451,T,1.601230263710022,I,2.310439348220825,T,1.8024601936340332,T,1.8025734424591064,T,0.965528666973114,I,3.037540912628174,I,3.154810905456543,L,1.654167890548706,I,2.073368549346924,T,2.173182487487793,V,1.3598482608795166,T,3.1580493450164795,T,1.9791004657745361,T,1.7764978408813477,T,1.4694714546203613,T,1.5977931022644043,T,1.7975168228149414,I,2.918088912963867,V,1.3612231016159058,T,1.3969533443450928,I,4.241860866546631,T,1.5101078748703003,A,3.8611202239990234,V,2.553929567337036,V,2.3742473125457764,T,2.1754283905029297
207,K,1.8044765922758315,R,2.6316418647766113,K,1.5995526313781738,M,1.783539891242981,K,1.0021663904190063,K,1.0050206184387207,K,1.5917549133300781,K,2.0727903842926025,K,1.808451533317566,K,2.0054707527160645,R,1.533088207244873,K,1.2144607305526733,R,1.8137820959091187,K,2.773162841796875,K,1.0046939849853516,K,0.9886456727981567,K,2.1877450942993164,L,2.667123317718506,L,2.6419544219970703,R,2.455845594406128,K,0.875994086265564,R,0.9928461313247681,K,2.0510849952697754,K,2.4609181880950928,A,1.3305368423461914,V,1.864260196685791,V,1.928442120552063,K,2.43589448928833
208,G,2.699693127914711,G,2.9926114082336426,G,1.747228980064392,G,1.3222852945327759,G,3.6660399436950684,G,3.179506301879883,G,1.5705918073654175,S,5.388004779815674,S,5.514900207519531,E,1.7766704559326172,S,4.921343803405762,G,1.923679232597351,G,1.0261939764022827,G,2.1359171867370605,G,3.2910287380218506,G,3.575279951095581,G,1.8811676502227783,G,2.875678062438965,G,2.799825429916382,G,3.71919584274292,G,2.092926502227783,T,2.1083996295928955,G,1.7350798845291138,G,2.8211498260498047,V,2.368506908416748,E,1.5374165773391724,G,1.7709460258483887,G,3.1501400470733643
209,M,1.6676360766092937,L,1.8087704181671143,M,1.1861995458602905,V,1.3368513584136963,L,1.6907438039779663,L,1.734321117401123,L,2.2329261302948,V,1.5415719747543335,V,1.6684666872024536,L,1.8069331645965576,V,2.0293891429901123,L,1.2748864889144897,L,1.894974946975708,L,1.3895072937011719,L,1.632799744606018,L,1.6994991302490234,L,2.5843381881713867,L,1.3369075059890747,L,1.3185211420059204,L,1.8312668800354004,L,1.4743540287017822,L,2.3328285217285156,M,1.076737642288208,V,1.9976180791854858,L,1.9410918951034546,M,1.1297720670700073,M,1.6797153949737549,L,1.3951817750930786
210,L,2.1389674610561795,F,1.4002964496612549,L,4.190249443054199,L,2.6608662605285645,L,3.066046714782715,L,3.13836669921875,V,1.8399735689163208,L,1.9470527172088623,L,1.6568294763565063,L,1.6065099239349365,L,2.0653536319732666,L,2.287339687347412,L,2.2246198654174805,L,2.0192439556121826,L,3.171710729598999,L,3.0961954593658447,L,2.0000133514404297,L,1.5913186073303223,L,1.484993815422058,L,1.0255677700042725,T,2.323219060897827,L,1.3488874435424805,L,1.4450559616088867,L,1.8348267078399658,L,2.2311060428619385,L,2.6032252311706543,L,1.7139332294464111,L,1.7793196439743042
211,S,2.0318824141113847,S,2.6492772102355957,Q,1.676249623298645,S,1.334688663482666,Q,1.2366584539413452,Q,1.2217538356781006,Q,2.16721248626709,N,1.0288593769073486,N,1.1342002153396606,S,1.3430132865905762,N,2.2139453887939453,K,2.569516181945801,S,3.3792104721069336,Q,1.029402494430542,Q,1.2640560865402222,Q,1.2057297229766846,Q,6.135385990142822,S,1.2649651765823364,S,1.0181549787521362,S,1.740041971206665,E,1.7508487701416016,E,2.560847043991089,S,1.5046610832214355,Q,5.858955383300781,N,1.815382719039917,N,1.6023002862930298,N,1.5680396556854248,Q,2.5874686241149902
212,L,1.9091610511144002,L,3.0479812622070312,L,2.5185163021087646,L,1.7764636278152466,L,1.7633423805236816,L,1.7800623178482056,L,1.0820752382278442,L,1.5615097284317017,L,2.150256633758545,I,1.9877822399139404,L,1.8416335582733154,L,2.7397820949554443,L,1.4938490390777588,L,1.4599844217300415,L,1.8018666505813599,L,1.7828106880187988,L,1.4792735576629639,L,1.339465618133545,L,1.5722925662994385,L,1.518654465675354,L,3.881593704223633,L,2.44266676902771,L,2.003635883331299,L,1.3034346103668213,V,1.3855509757995605,L,3.5865323543548584,L,1.2267484664916992,L,1.0195832252502441
213,Y,2.3351173489182084,Y,1.3254798650741577,Y,1.9036285877227783,Y,1.7076225280761719,Y,2.362218141555786,Y,2.3818891048431396,Y,4.473016738891602,F,1.9001023769378662,F,1.6338034868240356,Y,3.159191608428955,Y,2.4070727825164795,Y,2.4424214363098145,H,1.7551631927490234,Y,2.20741605758667,Y,2.180392026901245,Y,2.3641929626464844,Y,1.7993156909942627,Y,2.9148833751678467,Y,3.178971529006958,Q,1.4256399869918823,F,1.6828252077102661,H,1.6865642070770264,Y,1.6766453981399536,Y,1.855332851409912,Y,2.2750701904296875,Y,1.9747406244277954,Y,4.4133992195129395,Y,3.9611692428588867
214,E,1.9878627459208171,E,1.737038254737854,E,2.1918082237243652,E,3.1190097332000732,E,2.7121593952178955,E,2.737974166870117,E,1.635627031326294,R,1.4648985862731934,R,1.5646063089370728,E,2.483448028564453,R,1.9510810375213623,E,1.1159402132034302,D,2.2952613830566406,E,2.278728485107422,E,2.8473503589630127,E,2.7640039920806885,E,2.2137863636016846,E,1.098292589187622,E,1.3548364639282227,D,1.1817007064819336,E,3.012406587600708,K,1.642795443534851,E,1.4875340461730957,E,2.220689296722412,R,1.7262251377105713,E,2.068135976791382,E,1.4756605625152588,E,1.2912957668304443
215,A,1.7587900117591575,A,1.9040460586547852,A,1.3203449249267578,A,2.1555912494659424,A,1.394208312034607,A,1.4270762205123901,A,1.4703923463821411,A,1.2193078994750977,A,1.1782644987106323,A,1.7046295404434204,A,1.5115396976470947,A,1.5831778049468994,M,1.6024593114852905,A,0.8437294960021973,A,1.4330347776412964,A,1.395591378211975,A,2.3566057682037354,A,1.870225429534912,A,2.083071708679199,I,2.275876760482788,A,1.9956318140029907,A,2.28029465675354,A,3.591554880142212,A,1.4832056760787964,A,1.6512236595153809,A,1.767853021621704,A,1.858087420463562,A,2.1303060054779053
216,S,1.9706536023705095,S,1.793402075767517,S,1.423229694366455,S,1.7287675142288208,S,2.2495157718658447,S,2.172842264175415,S,1.3188860416412354,S,1.6226806640625,S,1.1350247859954834,S,3.2643449306488037,S,1.1687692403793335,S,2.845667600631714,S,2.432140350341797,S,4.12083101272583,S,2.2248117923736572,S,2.159118175506592,S,0.8837353587150574,S,1.5749422311782837,S,1.7890279293060303,S,1.9500999450683594,S,1.923618197441101,S,2.3996708393096924,S,1.6551603078842163,S,1.1319634914398193,T,2.1797027587890625,S,1.9644453525543213,S,2.42488169670105,S,1.6703672409057617
217,F,1.7572925002486617,Y,1.4547393321990967,F,1.403549313545227,F,1.952580451965332,F,1.060100793838501,F,1.1305210590362549,F,3.717374563217163,L,1.9414818286895752,L,1.9783986806869507,Y,2.027456045150757,L,1.8965555429458618,F,1.4153501987457275,H,1.743072509765625,F,1.512670874595642,F,1.1031339168548584,F,1.1350218057632446,Y,1.2333660125732422,N,1.8304855823516846,N,1.6407864093780518,H,1.7672170400619507,E,2.9201064109802246,T,2.100860834121704,H,1.1625243425369263,F,1.4008735418319702,D,2.161949634552002,Y,1.5604615211486816,Y,1.6937289237976074,F,2.502530336380005
218,F,1.885449939303928,L,1.6930497884750366,L,2.148012638092041,Y,3.451901912689209,L,2.1978633403778076,L,1.9247219562530518,L,1.2884521484375,I,1.5772379636764526,I,1.2104295492172241,L,1.661547064781189,I,1.2199070453643799,L,2.046119213104248,L,2.2908473014831543,L,1.3316515684127808,L,2.0476136207580566,L,2.0400469303131104,L,1.684557318687439,L,1.7283883094787598,L,1.990978717803955,M,1.3131980895996094,L,1.4844820499420166,V,1.723809003829956,L,3.6188857555389404,L,1.139479398727417,L,1.995314359664917,H,2.431281805038452,H,2.2766449451446533,L,1.3907265663146973
219,L,2.0935656229654946,G,2.282170295715332,L,2.7532193660736084,A,1.3307667970657349,V,1.4093490839004517,V,1.5082457065582275,L,2.3119237422943115,A,1.3527936935424805,A,3.810417413711548,S,1.3557822704315186,A,1.4913514852523804,S,1.4236046075820923,D,4.464704513549805,V,3.311877727508545,V,1.4227498769760132,V,1.4657701253890991,V,2.3329687118530273,G,2.8292694091796875,G,3.828202962875366,N,1.7015767097473145,R,1.7888799905776978,S,1.4528313875198364,A,1.5202207565307617,L,2.6283762454986572,M,1.7256044149398804,S,1.3715120553970337,S,1.671328067779541,L,1.9807744026184082
220,-,2.5821324586868286,-,,-,,-,,-,,-,,-,,-,,-,,-,,-,,-,,-,,-,,-,,-,,-,,-,,-,,-,,-,,I,2.733353853225708,-,,-,,F,2.430911064147949,-,,-,,-,
221,-,,-,,-,,-,,-,,-,,-,,-,,-,,-,,-,,-,,-,,-,,-,,-,,-,,-,,-,,-,,-,,-,,-,,-,,-,,-,,-,,-,
222,I,1.986869615537149,A,2.4326343536376953,R,0.8805449604988098,M,1.441375970840454,R,2.93880558013916,R,2.575279474258423,R,1.2262744903564453,F,1.544226884841919,F,1.5142695903778076,L,2.249344825744629,F,2.0589747428894043,I,1.559212565422058,V,1.9508551359176636,R,2.0200536251068115,R,2.892035484313965,R,2.751638650894165,T,1.2878916263580322,V,1.5631585121154785,V,1.7211235761642456,I,3.590449333190918,V,1.3207764625549316,S,1.3609565496444702,F,1.782737374305725,R,4.0680999755859375,S,1.6894166469573975,F,1.7597627639770508,F,1.4063763618469238,R,2.0592041015625
223,E,2.009962280591329,N,1.4290802478790283,E,4.64961576461792,K,1.3947737216949463,E,1.524692416191101,E,1.5426526069641113,E,1.6262452602386475,P,3.0650932788848877,P,2.226450204849243,E,1.6693551540374756,P,2.5906193256378174,E,1.2920949459075928,G,1.2622064352035522,E,1.7569310665130615,E,1.5525939464569092,E,1.5553942918777466,E,1.459080457687378,T,2.3186137676239014,A,1.9229679107666016,G,1.859139084815979,E,1.8217178583145142,E,1.0503461360931396,Q,2.286534547805786,E,2.996722459793091,G,2.7789313793182373,E,3.690586566925049,E,1.285421371459961,E,1.6611213684082031
224,-,,-,,-,,-,,-,,-,,-,,-,,-,,-,,-,,-,,-,,-,,-,,-,,-,,-,,-,,-,,-,,-,,-,,-,,-,,-,,-,,-,
225,-,,-,,-,,-,,-,,-,,-,,-,,-,,-,,-,,-,,-,,-,,-,,-,,-,,-,,-,,-,,-,,-,,-,,-,,-,,-,,-,,-,
226,-,,-,,-,,-,,-,,-,,-,,-,,-,,-,,-,,-,,-,,-,,-,,-,,-,,-,,-,,-,,-,,-,,-,,-,,-,,-,,-,,-,
227,G,1.7293783793082604,G,1.5246788263320923,G,0.9976445436477661,H,1.368253469467163,G,1.8541897535324097,G,1.9016536474227905,G,1.6376755237579346,G,1.7097078561782837,G,2.2230169773101807,G,1.7676671743392944,G,1.9589327573776245,N,1.1552765369415283,G,1.6403820514678955,G,2.9625909328460693,G,1.8457000255584717,G,1.9281187057495117,D,3.0876002311706543,G,1.3444010019302368,G,1.8167059421539307,Q,1.4782904386520386,G,1.1425349712371826,D,2.0728750228881836,G,1.8135031461715698,G,0.8798766136169434,-,,D,1.0321167707443237,D,2.5345518589019775,G,1.2858930826187134
228,-,,-,,-,,-,,-,,-,,-,,-,,-,,-,,-,,-,,-,,-,,-,,-,,-,,-,,-,,-,,-,,-,,-,,-,,-,,-,,-,,-,
229,E,2.232047774173595,E,1.4329092502593994,E,2.4158504009246826,E,2.343656063079834,E,1.9387463331222534,E,2.0919361114501953,E,2.8115272521972656,E,2.112809181213379,E,1.786659598350525,E,1.5591990947723389,E,3.2690744400024414,E,4.3181352615356445,E,3.221205711364746,E,1.6487343311309814,E,1.7830604314804077,E,1.9337059259414673,E,2.584815740585327,E,2.280355930328369,E,1.1511174440383911,E,2.212730646133423,E,1.791972041130066,E,3.8259856700897217,E,3.053867816925049,E,1.203229546546936,E,1.0653105974197388,E,1.9311225414276123,E,1.2610584497451782,E,3.236514091491699
230,N,1.9836059897034257,D,1.3554518222808838,D,1.3534663915634155,N,1.1445205211639404,D,1.6640006303787231,D,1.9697768688201904,D,1.6175920963287354,K,1.854414463043213,K,1.6930283308029175,P,1.6968921422958374,K,1.6699329614639282,S,2.0322611331939697,A,4.675353050231934,E,1.3159371614456177,D,1.8794033527374268,D,1.8824514150619507,D,1.39189612865448,E,1.792189359664917,E,2.491940498352051,A,1.5479422807693481,E,3.218034267425537,S,1.4628676176071167,T,1.5779792070388794,D,3.1860108375549316,V,2.5197722911834717,S,1.6066819429397583,S,3.3290669918060303,D,1.6284979581832886
231,I,1.9355118083953857,I,1.9495577812194824,T,1.461178183555603,V,1.2706334590911865,T,1.1737253665924072,T,1.1492382287979126,T,1.9021892547607422,V,1.8670930862426758,V,1.9410165548324585,D,3.9882757663726807,V,1.7827309370040894,F,3.567077159881592,A,1.2579059600830078,T,1.774795651435852,T,1.1697568893432617,T,1.154473066329956,T,1.2402784824371338,-,,-,,S,2.5977137088775635,T,1.9630186557769775,I,2.2375946044921875,V,1.292739748954773,T,1.8013142347335815,Q,2.1497304439544678,I,4.083281517028809,I,1.5449146032333374,T,2.0675618648529053
232,-,2.4202337998610277,-,,L,1.6644837856292725,L,2.2167303562164307,L,4.079094886779785,L,3.7243947982788086,L,1.8603707551956177,-,,-,,-,,-,,-,,L,1.4514700174331665,L,1.4347559213638306,L,4.081684112548828,L,4.060384273529053,-,,I,1.250777244567871,I,2.69901967048645,-,,-,,-,,L,1.3067580461502075,L,1.633115530014038,-,,-,,-,,-,
233,L,1.7758321797146517,L,1.0967861413955688,-,,-,,-,,-,,-,,M,2.0990653038024902,M,1.910804033279419,L,1.3844704627990723,M,1.4826596975326538,L,1.922715663909912,L,0.8654480576515198,-,,-,,-,,L,1.8709871768951416,L,1.4870381355285645,L,2.510556936264038,L,3.000657081604004,L,1.1897958517074585,L,2.3339836597442627,-,,-,,L,1.2047293186187744,L,1.3803218603134155,L,2.0745792388916016,L,2.3745484352111816
234,E,2.03893604543474,L,1.8046213388442993,E,1.8723628520965576,E,5.463449001312256,E,1.6034419536590576,E,1.6709002256393433,E,1.6058146953582764,E,2.1418161392211914,E,2.096954107284546,H,1.9624519348144531,E,2.104807138442993,R,1.5942306518554688,H,1.8998823165893555,E,1.9804608821868896,E,1.5869108438491821,E,1.600947618484497,E,4.042437553405762,E,1.7705491781234741,E,2.083191394805908,C,2.800351858139038,D,1.3130396604537964,D,2.2300662994384766,D,2.291982650756836,E,1.2232486009597778,V,1.8364230394363403,D,1.0956233739852905,T,1.6231564283370972,E,1.7521514892578125
235,E,2.062932098353351,Q,1.7780905961990356,L,3.1882152557373047,E,1.5519520044326782,L,2.30979061126709,Q,2.4427297115325928,L,1.237607479095459,E,1.0494985580444336,D,1.0537692308425903,E,2.157088279724121,E,0.9528467655181885,N,2.6174209117889404,R,1.6455473899841309,Q,2.235968589782715,Q,2.5513157844543457,Q,2.4116997718811035,M,1.7726597785949707,E,4.040348529815674,E,1.1421602964401245,K,1.8622422218322754,G,1.8020946979522705,S,2.271510124206543,E,1.0798574686050415,V,2.079254150390625,E,2.8659651279449463,D,2.7857542037963867,E,2.140789031982422,L,2.672990083694458
236,A,2.103802941463612,A,4.079074382781982,A,1.8562666177749634,A,1.683366298675537,A,2.073019504547119,A,2.1841659545898438,A,4.055367469787598,A,1.531931757926941,A,1.5331872701644897,A,2.1382839679718018,A,1.373104453086853,T,1.2804219722747803,A,1.5588244199752808,A,1.4935864210128784,A,2.2279539108276367,A,2.172210693359375,A,1.9409351348876953,A,2.1030325889587402,A,1.6295878887176514,A,1.0421329736709595,A,2.645371437072754,I,1.3827446699142456,A,5.283167839050293,A,1.8622492551803589,A,1.7984623908996582,A,2.4039485454559326,A,2.032036066055298,A,1.4382455348968506
237,R,1.79157202773624,L,1.3679813146591187,R,0.7245744466781616,R,1.6757965087890625,R,1.8451162576675415,R,1.8418515920639038,R,1.7329552173614502,E,1.592081904411316,E,1.615058183670044,K,1.4623143672943115,E,1.7079874277114868,T,1.1825201511383057,K,1.5395991802215576,R,2.785301446914673,R,1.863720417022705,R,1.776059865951538,R,2.1685428619384766,M,3.663893222808838,M,1.1464351415634155,K,2.5299947261810303,R,1.841528058052063,G,2.1494808197021484,R,1.016135573387146,R,2.862410545349121,R,2.243839740753174,R,1.7808705568313599,R,1.1446037292480469,R,1.1117914915084839
238,D,2.0974248250325522,E,2.031418800354004,R,2.293424367904663,V,2.130565643310547,Q,2.0823020935058594,Q,2.5256309509277344,Q,2.1992154121398926,I,3.0358853340148926,I,2.908010482788086,L,1.9943360090255737,I,3.123490810394287,K,0.9422281980514526,E,4.536412715911865,E,1.6351850032806396,Q,1.8755698204040527,Q,2.3969149589538574,Q,2.556586980819702,E,1.1603517532348633,E,2.64764142036438,E,1.2382999658584595,E,1.5277295112609863,S,2.044497489929199,A,1.753586769104004,K,1.728568434715271,S,1.3518555164337158,D,1.6742032766342163,D,2.03497052192688,Q,1.2015880346298218
239,F,1.8118256242186934,F,1.4575227499008179,F,2.251239538192749,F,1.4969240427017212,F,1.3949133157730103,F,1.4734430313110352,Y,2.2674665451049805,F,1.7218053340911865,F,1.8986316919326782,F,1.450860857963562,F,1.5399110317230225,S,1.9209297895431519,F,2.372948169708252,F,1.9699418544769287,F,1.5421271324157715,F,1.516370415687561,F,1.3042274713516235,F,2.127197027206421,F,2.14920711517334,F,1.4467862844467163,F,2.00024676322937,R,1.2950998544692993,F,1.3757151365280151,F,1.6252684593200684,F,1.7341111898422241,I,1.9052995443344116,I,2.602926254272461,F,3.0781712532043457
240,S,1.6718933052486844,T,2.0439984798431396,S,0.7724850177764893,S,1.359818458557129,A,1.1232725381851196,A,1.1771939992904663,A,1.9902697801589966,S,1.7234611511230469,S,1.6419495344161987,A,1.1840351819992065,S,1.7749578952789307,T,0.9441812038421631,S,1.7172359228134155,A,4.190226078033447,A,1.2402616739273071,A,1.1982393264770508,S,1.2173739671707153,A,1.5313524007797241,A,1.4069931507110596,S,0.9311847686767578,T,1.265119194984436,S,1.7423033714294434,V,3.7950963973999023,S,1.897560715675354,A,3.2357401847839355,T,1.5831787586212158,A,1.2867088317871094,S,1.1669212579727173
241,T,2.0138764999530934,K,1.5982056856155396,T,3.9250521659851074,T,2.9067940711975098,T,2.3828041553497314,T,1.457108497619629,T,2.73764705657959,T,1.1766289472579956,T,1.194837212562561,T,2.066983222961426,T,1.344369649887085,L,4.0673112869262695,S,1.5697942972183228,T,1.3304576873779297,T,1.4850598573684692,T,1.494659662246704,T,1.6115882396697998,E,2.27871036529541,E,2.4622466564178467,T,1.4420578479766846,Y,1.128104329109192,R,1.8348888158798218,S,1.1272637844085693,T,1.792747974395752,T,1.0437549352645874,T,3.556889057159424,T,2.369154453277588,T,2.9895455837249756
242,K,2.270029628718341,A,2.699540853500366,R,2.8139450550079346,E,1.3184549808502197,K,2.9386284351348877,K,3.214381217956543,K,1.496607780456543,I,1.6189873218536377,I,1.6405391693115234,E,1.006235122680664,R,1.3674635887145996,A,1.3707209825515747,R,3.807993173599243,K,1.7484235763549805,K,3.1394996643066406,K,3.091371536254883,K,1.6696982383728027,P,1.6148470640182495,A,2.0100045204162598,R,3.5056798458099365,S,4.264978885650635,T,1.9382472038269043,T,1.2393314838409424,E,1.1391289234161377,K,4.827739715576172,K,1.7970243692398071,K,2.0212810039520264,K,1.9900462627410889
243,H,1.9727392196655273,H,1.4976699352264404,S,2.8875749111175537,C,2.7412219047546387,F,0.9165560007095337,F,1.013342261314392,F,1.1645596027374268,Y,2.543550729751587,Y,3.1892542839050293,K,4.045930862426758,Y,1.9949169158935547,H,1.9133517742156982,H,1.2034103870391846,S,1.318343997001648,F,1.0270969867706299,F,1.015737771987915,I,2.134941816329956,R,1.6021252870559692,R,1.2963476181030273,N,1.461236596107483,R,1.4666918516159058,L,1.713158130645752,H,3.5821378231048584,F,4.1427202224731445,N,1.0568199157714844,Y,2.6096017360687256,Y,1.6286511421203613,L,2.097008466720581
244,L,2.07019571463267,L,2.604729413986206,L,1.4159289598464966,L,1.5667606592178345,L,3.210683584213257,L,3.4225916862487793,L,1.2634329795837402,L,2.3363795280456543,L,2.2582297325134277,L,1.66486656665802,L,2.108839750289917,L,1.8689566850662231,L,2.3386008739471436,L,1.6356234550476074,L,3.372798442840576,L,3.325577974319458,L,1.4189468622207642,L,1.960037112236023,L,3.2647218704223633,L,1.605960726737976,L,2.3900885581970215,L,1.2051531076431274,L,1.582112431526184,L,1.5660847425460815,L,1.4177219867706299,L,1.4636484384536743,L,2.1943447589874268,L,1.4324634075164795
245,E,2.0057615085884377,K,2.0505783557891846,R,0.9234844446182251,K,1.630493402481079,R,1.8758137226104736,R,1.953912615776062,Q,2.8748772144317627,K,1.7610564231872559,K,1.7018399238586426,L,1.7397027015686035,K,1.5547651052474976,M,3.5148162841796875,A,1.8265440464019775,Q,2.0626766681671143,R,1.948574423789978,R,1.8489892482757568,Q,1.8853908777236938,R,1.6184678077697754,R,1.3698574304580688,E,3.860750675201416,N,1.9322547912597656,R,3.2947216033935547,M,1.2750978469848633,E,1.9079093933105469,E,1.527325987815857,K,1.5397100448608398,K,2.973207473754883,Q,1.7027422189712524
246,E,2.2301439001010013,E,1.3938202857971191,E,4.944004535675049,E,2.865830183029175,R,2.253377676010132,R,2.336514711380005,K,0.9426896572113037,E,3.6843080520629883,E,3.35915207862854,K,2.4649977684020996,E,3.7946865558624268,R,1.556307315826416,S,3.7778711318969727,R,1.6434859037399292,R,2.0704963207244873,R,2.249194622039795,K,2.252145767211914,R,1.3385368585586548,R,1.3194679021835327,S,1.7164665460586548,E,1.6627585887908936,E,1.8700945377349854,-,,E,2.0487143993377686,K,1.8580009937286377,E,2.054752826690674,A,1.198181390762329,K,1.3278847932815552
247,Y,1.95299638234652,S,1.9387555122375488,K,1.7798155546188354,Y,1.8204790353775024,K,1.4735925197601318,K,1.479496955871582,K,3.0089168548583984,A,1.9831278324127197,A,2.0274300575256348,L,2.243575096130371,A,1.9398428201675415,Y,1.2448867559432983,A,1.1068052053451538,K,1.397146463394165,K,1.5108519792556763,K,1.4650208950042725,K,1.9539802074432373,S,3.457164764404297,S,1.8645589351654053,A,2.2116334438323975,L,4.130443096160889,Q,2.1246178150177,-,,K,1.9028332233428955,I,2.0863263607025146,S,1.2190872430801392,S,1.9826972484588623,K,1.424820065498352
248,-,,-,,-,,-,,-,,-,,-,,-,,-,,-,,-,,-,,-,,-,,-,,-,,-,,-,,-,,-,,-,,-,,-,,-,,-,,-,,-,,-,
249,-,,-,,-,,-,,-,,-,,-,,-,,-,,-,,-,,-,,-,,-,,-,,-,,-,,-,,-,,-,,-,,-,,-,,-,,-,,-,,-,,-,
250,-,,-,,-,,-,,-,,-,,-,,-,,-,,-,,-,,-,,-,,-,,-,,-,,-,,-,,-,,-,,-,,-,,-,,-,,-,,-,,-,,-,
251,V,1.9165856771998935,L,1.198946237564087,L,1.4166104793548584,M,1.6411850452423096,L,1.7547662258148193,-,,V,2.4006824493408203,L,1.588377594947815,L,1.6361687183380127,T,1.7191047668457031,L,1.5879855155944824,V,2.3228769302368164,V,1.8856874704360962,L,1.1011810302734375,-,,-,,-,,L,1.611433744430542,L,2.29829740524292,I,2.2068495750427246,-,,L,3.5277516841888428,-,,L,1.8698760271072388,L,2.7307612895965576,-,,-,,-,
252,K,2.1327183643976846,P,4.664575576782227,D,1.7374780178070068,M,2.9601995944976807,-,,L,1.620383620262146,D,2.223588228225708,-,,-,,-,,Q,1.6814053058624268,D,1.7098027467727661,R,1.297033667564392,D,1.5375261306762695,L,1.598870873451233,L,1.7308855056762695,-,,-,,-,,N,4.1301960945129395,-,,E,2.407348155975342,-,,K,1.5227067470550537,A,1.168775200843811,-,,-,,-,
253,-,1.5208793878555298,-,,-,,K,1.5208793878555298,-,,-,,-,,-,,-,,-,,-,,-,,-,,-,,-,,-,,-,,-,,-,,-,,-,,-,,-,,-,,-,,-,,-,,-,
254,-,2.061742162704468,-,,-,,M,1.9575836658477783,-,,-,,-,,-,,-,,-,,K,2.494656562805176,Q,1.0041587352752686,-,,-,,-,,-,,-,,-,,-,,-,,-,,S,3.24588680267334,-,,-,,T,1.6064250469207764,-,,-,,-,
255,-,2.1723750034968057,-,,-,,E,2.2442522048950195,-,,-,,-,,-,,-,,-,,-,,N,2.9772284030914307,-,,-,,-,,-,,V,1.2733819484710693,-,,-,,-,,-,,G,1.3948588371276855,-,,-,,G,2.2257015705108643,-,,-,,V,2.9188270568847656
256,-,2.2658379316329955,-,,-,,Q,2.2949740886688232,-,,-,,-,,-,,-,,-,,-,,R,1.1840766668319702,-,,-,,-,,-,,E,3.311223030090332,-,,-,,-,,-,,-,,-,,-,,N,2.5119757652282715,-,,-,,D,2.026940107345581
257,-,1.9985302686691284,-,,-,,N,1.9985302686691284,-,,-,,-,,-,,-,,-,,-,,-,,-,,-,,-,,-,,-,,-,,-,,-,,-,,-,,-,,-,,-,,-,,-,,-,
258,-,2.0056989192962646,-,,-,,K,2.0056989192962646,-,,-,,-,,-,,-,,-,,-,,-,,-,,-,,-,,-,,-,,-,,-,,-,,-,,-,,-,,-,,-,,-,,-,,-,
259,-,1.38114595413208,-,,-,,V,1.38114595413208,-,,-,,-,,-,,-,,-,,-,,-,,-,,-,,-,,-,,-,,-,,-,,-,,-,,-,,-,,-,,-,,-,,-,,-,
260,-,1.6597148180007935,-,,-,,L,1.6597148180007935,-,,-,,-,,-,,-,,-,,-,,-,,-,,-,,-,,-,,-,,-,,-,,-,,-,,-,,-,,-,,-,,-,,-,,-,
261,-,1.5639898777008057,-,,-,,L,1.5639898777008057,-,,-,,-,,-,,-,,-,,-,,-,,-,,-,,-,,-,,-,,-,,-,,-,,-,,-,,-,,-,,-,,-,,-,,-,
262,-,2.299933433532715,-,,-,,D,2.299933433532715,-,,-,,-,,-,,-,,-,,-,,-,,-,,-,,-,,-,,-,,-,,-,,-,,-,,-,,-,,-,,-,,-,,-,,-,
263,-,2.820924997329712,-,,-,,H,2.820924997329712,-,,-,,-,,-,,-,,-,,-,,-,,-,,-,,-,,-,,-,,-,,-,,-,,-,,-,,-,,-,,-,,-,,-,,-,
264,-,1.3312279156276159,-,,-,,D,1.1929537057876587,-,,-,,-,,L,1.2502501010894775,L,1.3723978996276855,-,,-,,C,2.2255637645721436,-,,-,,-,,-,,-,,-,,-,,-,,-,,-,,D,1.5260480642318726,-,,I,0.8535691499710083,-,,-,,E,0.8978127241134644
265,-,2.0786226012490014,-,,E,1.9063581228256226,L,4.136598110198975,-,,-,,H,1.5671738386154175,T,2.440554141998291,T,2.387924909591675,-,,-,,G,1.4658989906311035,-,,E,2.2216010093688965,-,,-,,-,,-,,-,,-,,-,,-,,I,2.196927070617676,A,1.2378596067428589,H,1.5832948684692383,-,,-,,D,1.7206579446792603
266,-,5.483564853668213,-,,-,,-,,-,,-,,-,,-,,-,,-,,-,,-,,-,,-,,-,,-,,-,,-,,-,,-,,-,,-,,-,,-,,K,5.483564853668213,-,,-,,-,
267,Q,1.6375696108891413,-,,D,1.006946325302124,D,1.4543370008468628,-,,-,,E,1.6912776231765747,-,,-,,G,1.344470500946045,-,,-,,-,,D,1.830062985420227,-,,-,,E,1.5451459884643555,-,,-,,-,,C,1.2206599712371826,-,,K,1.961782455444336,G,2.220741033554077,T,1.9786648750305176,L,1.3420188426971436,L,2.040980577468872,G,1.65131676197052
268,N,2.066605436174493,S,1.1917014122009277,G,2.132671356201172,H,1.9243848323822021,D,2.774069309234619,D,2.7110934257507324,L,2.72869610786438,-,,-,,H,1.6088576316833496,-,,-,,-,,G,1.5906277894973755,D,2.992594003677368,D,2.6967763900756836,K,1.9264709949493408,-,,-,,Y,1.7783271074295044,S,1.247328519821167,G,1.6623302698135376,E,1.448623538017273,-,,N,1.5617855787277222,E,1.8013721704483032,E,3.6722147464752197,D,1.8155781030654907
269,K,2.383321079340848,L,1.6573442220687866,D,3.9794938564300537,N,2.336714267730713,E,1.7310619354248047,E,1.8201555013656616,I,1.9311256408691406,-,,-,,E,2.4159927368164062,-,,-,,Y,1.6191092729568481,D,2.364656925201416,E,1.8983689546585083,E,1.798034906387329,M,2.3837273120880127,S,1.706618070602417,S,6.930914878845215,L,4.0973615646362305,G,1.8139957189559937,A,1.715216875076294,N,1.5118435621261597,-,,A,1.684856653213501,K,1.2869173288345337,K,1.906220555305481,R,3.8433330059051514
270,E,2.100915440806636,A,2.345172643661499,E,1.5600051879882812,D,1.775447130203247,I,3.20841646194458,I,2.316941022872925,D,2.7418627738952637,I,2.0291385650634766,I,2.147822380065918,N,1.5985567569732666,I,1.5068840980529785,E,2.359837532043457,L,2.0439038276672363,G,1.8579753637313843,I,3.4677913188934326,I,2.299443244934082,I,1.533624291419983,E,1.887569546699524,E,2.426318407058716,E,1.8990486860275269,R,2.2244861125946045,L,1.6869683265686035,I,1.998344898223877,I,2.593792676925659,D,1.6458882093429565,I,1.4533476829528809,I,1.5639053583145142,E,2.5522243976593018
271,-,,-,,-,,-,,-,,-,,-,,-,,-,,-,,-,,-,,-,,-,,-,,-,,-,,-,,-,,-,,-,,-,,-,,-,,-,,-,,-,,-,
272,K,2.1120004102035805,P,2.257935047149658,I,1.562709093093872,N,2.7314059734344482,D,2.5569753646850586,D,2.024446964263916,D,2.134732484817505,P,2.0171544551849365,P,2.3290491104125977,E,2.9750983715057373,P,1.535292625427246,E,1.7942652702331543,D,1.2665318250656128,I,1.5768895149230957,D,3.0640690326690674,D,2.032672643661499,E,2.8363304138183594,L,1.5985703468322754,P,1.0669740438461304,P,3.7978618144989014,E,1.3853631019592285,R,1.0900673866271973,D,1.5097062587738037,D,0.85225510597229,I,3.187182903289795,D,0.8944358229637146,D,1.3322904109954834,V,5.61374568939209
273,-,2.068816650481451,-,,D,2.8668572902679443,F,1.1626193523406982,D,1.3159741163253784,D,1.26226806640625,D,1.4798269271850586,V,1.7233256101608276,V,1.6937377452850342,-,,V,1.3980079889297485,D,0.9544657468795776,D,1.7158994674682617,D,3.617277145385742,D,1.5331642627716064,D,1.2919833660125732,K,1.5573941469192505,A,5.149928569793701,A,1.536914587020874,-,,-,,K,1.726994276046753,P,4.002981185913086,G,4.207330226898193,S,2.1287333965301514,-,,-,,G,1.1194661855697632
274,-,2.3529406578644463,-,,E,1.7471102476119995,N,1.2588036060333252,N,1.8779184818267822,N,4.07858943939209,N,1.9469724893569946,C,2.737990379333496,C,2.939293384552002,-,,S,5.449437141418457,N,1.3376082181930542,P,3.875997304916382,A,2.9822580814361572,N,1.2527269124984741,N,4.094769477844238,E,1.1445118188858032,A,2.1956377029418945,A,2.2279722690582275,-,,S,4.181375026702881,P,1.343291997909546,-,,D,1.2439602613449097,S,2.3195512294769287,G,1.781280279159546,G,1.0010786056518555,D,1.0995007753372192
275,-,1.2199028730392456,-,,-,,V,1.2199028730392456,-,,-,,-,,-,,-,,-,,-,,-,,-,,-,,-,,-,,-,,-,,-,,-,,-,,-,,-,,-,,-,,-,,-,,-,
276,-,2.0274786949157715,-,,-,,N,2.0274786949157715,-,,-,,-,,-,,-,,-,,-,,-,,-,,-,,-,,-,,-,,-,,-,,-,,-,,-,,-,,-,,-,,-,,-,,-,
277,N,1.7673168182373047,P,1.5490514039993286,D,2.649719476699829,H,1.7770545482635498,H,1.6484167575836182,H,1.3464746475219727,N,1.4276894330978394,S,1.7344709634780884,S,1.586487054824829,A,1.1405366659164429,A,1.6648657321929932,M,2.604902744293213,S,1.48701810836792,N,1.5007033348083496,H,1.750548005104065,H,1.3191524744033813,N,1.2317403554916382,P,1.2905306816101074,P,1.048417329788208,N,1.1230546236038208,H,1.0518221855163574,S,2.0846729278564453,I,2.122483491897583,N,2.6439859867095947,S,1.2072243690490723,S,3.4074583053588867,S,2.113534927368164,N,3.2055375576019287
278,L,2.0044170132389776,L,1.3538994789123535,L,1.9920612573623657,H,3.273000478744507,L,1.0976814031600952,L,0.9231482744216919,L,1.3306821584701538,L,3.5324881076812744,L,3.013071298599243,M,1.160851240158081,L,2.947672128677368,I,2.8881752490997314,L,2.4051527976989746,I,1.4549190998077393,L,1.20185124874115,L,0.9245980978012085,L,3.383164167404175,L,1.4383037090301514,L,1.9357850551605225,L,1.7280457019805908,Q,2.0064094066619873,L,1.8554216623306274,L,3.2749409675598145,L,1.5506778955459595,L,1.569823145866394,I,1.9421745538711548,I,1.6869182586669922,L,2.248342514038086
279,A,2.0529857255794384,A,2.1519887447357178,S,1.127148985862732,V,2.080925941467285,L,2.3742997646331787,L,2.5769975185394287,L,2.120274782180786,S,2.425398111343384,S,2.6212382316589355,K,3.1035027503967285,S,2.576796531677246,V,2.678785562515259,A,2.217344045639038,E,1.9559396505355835,L,2.062741756439209,L,2.5347962379455566,L,1.0707159042358398,R,1.8606127500534058,H,1.6482433080673218,A,1.2305552959442139,K,1.280016541481018,F,3.223020553588867,H,1.608576774597168,S,1.7699722051620483,H,2.72554874420166,F,1.9026563167572021,L,1.4306541681289673,L,1.0718634128570557
280,T,2.1390454724982932,K,1.899627685546875,S,1.6786088943481445,L,1.7015347480773926,S,1.8971143960952759,S,1.9892622232437134,S,1.984023928642273,R,1.9821850061416626,R,1.893864393234253,D,1.5371476411819458,Q,2.3222084045410156,E,2.844794750213623,E,2.207075834274292,S,1.7130318880081177,S,1.8188533782958984,S,1.9451664686203003,S,3.166865825653076,S,1.541937232017517,G,1.6884628534317017,R,1.9648020267486572,Q,1.8370347023010254,K,1.7356370687484741,K,2.3358311653137207,S,2.033428907394409,K,2.054147243499756,S,2.9433436393737793,S,5.718947410583496,V,1.319290041923523
281,L,1.934145379949499,K,1.257743239402771,W,1.8496637344360352,I,1.6438924074172974,R,2.0008301734924316,C,2.1003670692443848,W,1.9940694570541382,E,1.5592726469039917,E,1.5968186855316162,H,1.988358974456787,E,1.5527888536453247,L,1.607494831085205,Y,2.6410675048828125,W,1.7021825313568115,C,1.9712018966674805,C,2.074415683746338,W,1.76535165309906,E,4.864302158355713,E,1.2428984642028809,Y,2.3964924812316895,E,2.9124104976654053,E,2.1064374446868896,K,1.192445158958435,S,1.3050955533981323,M,1.4143517017364502,S,1.76588773727417,L,1.657557487487793,W,2.0585272312164307
282,V,1.8170686893992953,V,3.1411893367767334,I,1.6956493854522705,I,1.803918480873108,I,1.1992542743682861,I,1.1926237344741821,I,1.4567731618881226,I,1.8333845138549805,I,2.01953125,V,1.1353875398635864,I,2.0872795581817627,V,2.626469612121582,V,1.4647841453552246,I,1.773939847946167,I,1.2142945528030396,I,1.2034049034118652,T,2.2404074668884277,V,2.0467021465301514,V,2.701244354248047,V,0.8454344868659973,I,1.487422227859497,V,2.2336819171905518,V,1.6942650079727173,I,2.9162368774414062,I,2.127265453338623,V,1.8207542896270752,V,1.7193067073822021,I,1.3802493810653687
283,N,1.821162270175086,S,1.4786230325698853,R,1.737473726272583,N,1.6651188135147095,H,1.6464513540267944,H,1.3320763111114502,R,1.5387243032455444,A,1.6572049856185913,A,2.1638646125793457,N,1.610917091369629,K,0.9619148373603821,V,2.47275972366333,R,1.5475913286209106,R,2.028118371963501,H,1.336739182472229,H,1.34001886844635,L,1.5248733758926392,A,1.4841409921646118,A,1.8181824684143066,R,1.7534472942352295,M,4.213466644287109,E,2.3439950942993164,E,1.7681113481521606,G,1.6709831953048706,E,1.6639131307601929,T,2.6657044887542725,S,1.9385771751403809,R,1.8083895444869995
284,H,1.9228633730499833,Q,1.9511535167694092,H,1.1732959747314453,H,2.91418719291687,H,2.412581205368042,H,2.5641887187957764,H,2.817486047744751,Y,2.123678684234619,Y,1.5789704322814941,H,0.886491060256958,F,1.4575690031051636,H,1.0343824625015259,Q,2.2457010746002197,H,2.437188148498535,H,2.55194354057312,H,2.5555179119110107,H,1.495395302772522,Q,1.6162029504776,Q,1.6459970474243164,Q,2.361949920654297,K,2.7657558917999268,H,1.5726889371871948,H,1.1947425603866577,H,1.3777118921279907,H,2.751051425933838,H,1.2701693773269653,H,1.328702688217163,H,1.8326081037521362
285,S,2.2086324625545077,A,2.4415860176086426,S,0.9884495139122009,A,2.947493076324463,S,1.5388853549957275,S,1.5717928409576416,S,2.8195877075195312,V,1.208463430404663,V,1.5529448986053467,A,7.346889972686768,V,1.5167534351348877,A,4.480957984924316,S,2.205263376235962,S,1.777060627937317,S,1.5983072519302368,S,1.5809972286224365,S,2.7040598392486572,A,2.6701133251190186,A,2.0599849224090576,S,2.319891929626465,S,1.4840562343597412,A,1.7162914276123047,A,2.4421308040618896,S,2.204854726791382,E,2.435908317565918,A,1.3555400371551514,A,1.3644624948501587,S,1.3003497123718262
286,L,1.8050735968130607,L,1.17588210105896,L,1.938517451286316,L,3.1084649562835693,L,1.2732009887695312,L,1.1770299673080444,L,1.6372337341308594,L,1.1086387634277344,L,1.3924564123153687,L,1.7997167110443115,M,1.4386969804763794,L,1.5113816261291504,L,2.4342539310455322,L,1.7817350625991821,L,1.2145978212356567,L,1.1803648471832275,L,1.1235156059265137,L,1.2761850357055664,L,2.3341081142425537,L,2.070622682571411,L,1.9286400079727173,L,1.1917859315872192,L,2.344491958618164,L,1.4155114889144897,L,1.1825777292251587,L,3.417623996734619,L,3.06731915473938,L,3.2124340534210205
287,E,2.570507758193546,E,4.815189838409424,D,1.3356308937072754,E,0.9700403809547424,E,5.5808844566345215,E,5.4078474044799805,E,1.712728500366211,E,1.8442659378051758,E,2.8757448196411133,D,1.7216912508010864,E,3.1924149990081787,E,1.2916983366012573,D,1.5463299751281738,E,1.54569411277771,E,5.402082920074463,E,5.387831211090088,E,2.9352974891662598,D,2.0663723945617676,D,2.830362558364868,D,3.334479331970215,A,1.5097965002059937,D,2.4925413131713867,D,1.4000869989395142,E,1.1813634634017944,R,2.097391128540039,E,1.3544316291809082,D,1.6088205575942993,E,1.962691068649292
288,F,1.8342582517200046,L,1.6435213088989258,L,1.8529081344604492,L,0.8160313367843628,I,1.3130483627319336,I,1.3427178859710693,I,1.8204915523529053,H,4.173952102661133,H,1.1791224479675293,I,1.1531345844268799,Y,1.252569556236267,L,1.8063182830810547,H,1.4325518608093262,I,1.7722595930099487,I,1.349368691444397,I,1.3381587266921997,L,2.1860263347625732,V,3.5738563537597656,V,2.4128823280334473,H,1.7342491149902344,Q,1.3699626922607422,G,1.312705159187317,M,2.105438709259033,I,3.739844799041748,V,1.070664644241333,Q,1.9973796606063843,N,1.9798462390899658,L,1.7959623336791992
289,P,1.9707440888440166,P,1.3299204111099243,P,3.480525493621826,P,1.4000413417816162,P,1.3675713539123535,P,1.3981285095214844,P,1.6551570892333984,G,1.6462019681930542,G,1.2323877811431885,P,2.9687581062316895,G,1.4024951457977295,P,1.8068691492080688,P,2.1503329277038574,P,4.01442289352417,P,1.4019852876663208,P,1.3914047479629517,P,1.1903501749038696,P,2.8113229274749756,P,1.7954837083816528,P,1.3470566272735596,P,1.7487965822219849,P,3.0097556114196777,P,1.5532037019729614,P,1.9558782577514648,P,1.9684244394302368,P,2.6626291275024414,R,1.3578271865844727,P,3.1631598472595215
290,L,1.8658007118437026,R,1.4340989589691162,L,1.4865806102752686,L,2.22817325592041,L,1.7654939889907837,L,1.7250943183898926,L,1.7518584728240967,W,1.9098166227340698,W,2.4540748596191406,L,1.9651262760162354,W,2.1173555850982666,R,1.6695337295532227,Y,1.6051571369171143,L,2.0240767002105713,L,1.703792929649353,L,1.7034229040145874,L,1.7110002040863037,R,1.2446260452270508,R,1.241501808166504,Y,2.016187906265259,R,2.227591037750244,F,1.1900335550308228,L,1.4264819622039795,L,4.564719200134277,W,1.6005959510803223,L,2.3759844303131104,L,1.734947919845581,L,1.4992928504943848
291,H,2.0250962575276694,H,2.1088931560516357,H,3.953437089920044,H,2.525259017944336,H,2.25687313079834,H,2.156421422958374,H,2.222019672393799,H,1.5918138027191162,H,1.3171024322509766,Y,2.9432461261749268,H,1.6516824960708618,H,2.2046337127685547,H,1.8062514066696167,H,1.2635949850082397,H,2.1374433040618896,H,2.1341712474823,H,1.5010695457458496,H,1.3194968700408936,H,1.2893123626708984,H,2.078197956085205,H,1.223314881324768,Y,2.649479866027832,H,4.298680305480957,H,1.7597405910491943,T,1.6972732543945312,H,1.3402024507522583,H,1.3287315368652344,H,1.919256329536438
292,W,1.7933843930562336,R,2.929096221923828,W,1.6960474252700806,W,4.031291961669922,W,1.3273874521255493,W,1.3731683492660522,W,1.6451739072799683,T,1.6576011180877686,T,1.4348900318145752,R,1.4855272769927979,T,1.4410362243652344,W,2.1911094188690186,L,2.20426607131958,W,1.43916916847229,W,1.3747828006744385,W,1.3670835494995117,W,1.197885274887085,L,1.904556393623352,L,1.9251580238342285,V,2.4901368618011475,K,1.7935832738876343,T,1.8121757507324219,W,1.5262565612792969,W,1.4049153327941895,A,1.602650761604309,W,1.758540391921997,W,1.4767255783081055,W,1.9311634302139282
293,R,2.1192354317064637,R,2.4252264499664307,R,1.6760843992233276,R,1.5098932981491089,R,2.8069167137145996,R,3.067448377609253,R,3.394773483276367,N,1.3949474096298218,N,1.461728572845459,R,1.2954165935516357,N,1.5458769798278809,M,1.6255598068237305,S,1.7880263328552246,R,1.9852639436721802,R,3.1600866317749023,R,3.025071144104004,R,4.032679557800293,R,1.7842903137207031,R,3.9625914096832275,S,1.462881326675415,T,2.449655532836914,T,1.1160399913787842,R,2.4889674186706543,R,1.5215383768081665,R,1.5835803747177124,R,2.235560417175293,R,1.1254475116729736,R,1.2938042879104614
294,M,1.807657586203681,M,3.3277533054351807,I,0.94774329662323,I,1.5389982461929321,I,1.7380847930908203,I,1.7821240425109863,I,1.7723156213760376,L,1.6045489311218262,L,1.6119312047958374,M,3.5865302085876465,L,1.3328438997268677,V,1.44563627243042,L,1.000244140625,A,1.256813883781433,I,1.7638342380523682,I,1.7756603956222534,I,2.5095770359039307,M,1.608447790145874,M,1.485238790512085,L,3.3973746299743652,V,1.7534890174865723,L,1.397239089012146,L,1.341221809387207,I,2.427619695663452,M,1.291425108909607,V,1.6935398578643799,V,1.869260311126709,I,1.5472592115402222
295,P,1.7663623447771426,A,1.3836185932159424,Q,2.585048198699951,T,2.5988805294036865,Q,1.9357041120529175,Q,1.9824308156967163,Q,1.6948411464691162,P,1.2384556531906128,P,1.2882505655288696,L,1.5984432697296143,P,1.2412242889404297,P,1.5709601640701294,T,2.494694709777832,Q,1.3210599422454834,Q,1.9641395807266235,Q,1.95509672164917,Q,2.125753402709961,A,2.4355530738830566,A,1.158402919769287,N,1.2557623386383057,R,3.597580909729004,D,1.5278280973434448,E,1.3807885646820068,Q,1.6754379272460938,D,1.327481985092163,P,1.1662073135375977,P,1.6261252164840698,H,1.5620132684707642
296,R,2.308889940932945,R,1.3880451917648315,G,2.515467405319214,R,1.2860121726989746,R,3.650317430496216,R,3.340515613555908,R,2.996384620666504,R,1.866256833076477,R,1.8937267065048218,R,1.6470338106155396,R,1.5006868839263916,R,1.6655453443527222,Q,1.5950404405593872,R,4.761172771453857,R,3.2625765800476074,R,3.27968692779541,R,1.0359715223312378,R,3.350001811981201,R,1.5336127281188965,Q,1.4839954376220703,G,1.2085418701171875,R,4.9075164794921875,K,1.1320416927337646,R,2.3846025466918945,H,2.6873526573181152,R,2.0904953479766846,R,2.5515599250793457,R,1.3258676528930664
297,L,2.1127612679092973,L,1.6451605558395386,L,1.368133306503296,S,1.416773796081543,L,1.4021657705307007,L,1.4257868528366089,L,1.4488410949707031,L,4.066166877746582,L,4.096198081970215,L,2.2551145553588867,L,4.0082783699035645,L,0.876673698425293,Y,4.862332344055176,L,1.5201103687286377,L,1.4299973249435425,L,1.4340912103652954,L,3.613949775695801,L,0.9392708539962769,L,1.5969525575637817,Y,1.8614774942398071,L,1.3122406005859375,L,1.0443456172943115,L,1.7447772026062012,L,1.793886661529541,V,3.3718206882476807,V,1.8224596977233887,V,3.5809085369110107,I,1.106640338897705
298,E,1.8648495409223769,E,1.5926332473754883,E,1.0840272903442383,E,1.6164755821228027,E,1.784924864768982,E,1.5956363677978516,E,1.8437159061431885,E,2.5348334312438965,E,2.5053560733795166,E,1.9165608882904053,E,2.38014817237854,E,2.18721866607666,K,1.134673833847046,E,2.2754173278808594,E,1.6215795278549194,E,1.6106253862380981,E,3.5271527767181396,E,1.6426724195480347,E,1.7792717218399048,K,1.923669695854187,T,1.170633316040039,H,1.3455705642700195,E,1.5395337343215942,E,1.5415188074111938,E,3.6587514877319336,E,1.4400075674057007,E,1.685417890548706,E,1.412911057472229
299,A,1.7362464119990666,A,1.9671573638916016,A,2.2934975624084473,A,1.8903448581695557,A,1.6225757598876953,A,1.6259868144989014,A,1.725509524345398,A,2.1050777435302734,A,2.0936992168426514,A,1.3925994634628296,A,2.1732566356658936,T,1.4936249256134033,-,,A,1.4541881084442139,A,1.667617917060852,A,1.6603689193725586,A,1.6902847290039062,-,,-,,A,1.8741027116775513,S,1.8144564628601074,H,1.5959149599075317,A,1.2001127004623413,E,1.2396175861358643,N,1.3290818929672241,A,1.4005942344665527,S,3.2628798484802246,A,1.0973639488220215
300,-,1.70229082637363,-,,R,2.987973213195801,R,2.001100540161133,R,1.6709206104278564,R,1.491783618927002,R,1.6791551113128662,-,,-,,-,,-,,-,,A,1.515084981918335,R,1.7381616830825806,R,1.5124915838241577,R,1.4940658807754517,K,1.3437645435333252,A,1.508634328842163,A,1.4925633668899536,-,,K,1.903515338897705,-,,R,1.905536413192749,R,1.6086935997009277,-,,K,1.8222242593765259,K,1.237779140472412,R,1.727786660194397
301,R,2.0356406569480896,R,3.2398173809051514,W,1.5466561317443848,W,1.627293348312378,W,1.9701595306396484,W,1.917664885520935,W,1.7575974464416504,R,2.7216672897338867,R,2.7453107833862305,R,1.5741006135940552,R,2.7600648403167725,R,2.3771908283233643,R,1.1524704694747925,W,2.525019884109497,W,1.9269731044769287,W,1.9477804899215698,-,,R,1.4439632892608643,R,1.9492065906524658,R,1.1325511932373047,-,,R,3.4018077850341797,W,1.4197778701782227,W,2.1721317768096924,R,1.4748889207839966,-,,-,,-,
302,W,2.4865967175539803,R,2.641636371612549,-,,-,,-,,-,,-,,N,3.14176344871521,N,2.6789722442626953,W,1.8154138326644897,N,2.5964341163635254,W,7.016481399536133,H,1.9059556722640991,-,,-,,-,,W,1.3854860067367554,R,2.0565097332000732,R,1.7369368076324463,H,4.3003106117248535,R,2.0132248401641846,W,2.1192591190338135,-,,-,,I,1.975443720817566,W,1.984116554260254,W,1.36922287940979,W,1.534976840019226
303,F,1.9324202051869146,Y,1.768183708190918,F,1.6807118654251099,F,1.600513219833374,F,1.6975829601287842,F,1.6438932418823242,F,1.7917664051055908,Y,1.2943791151046753,Y,1.2174489498138428,Y,1.2954905033111572,Y,1.7043979167938232,Y,1.2529343366622925,H,2.0107078552246094,F,2.152700424194336,F,1.6603789329528809,F,1.6629128456115723,F,1.942245364189148,F,1.8038458824157715,F,1.955052137374878,H,2.284520387649536,F,5.101511478424072,N,2.80082631111145,Y,2.5520737171173096,F,1.4470621347427368,W,2.018904209136963,F,2.0819411277770996,F,1.5394628047943115,F,2.213897705078125
304,I,1.864888902063723,I,1.3955131769180298,L,1.4914608001708984,I,2.195065498352051,L,1.36011803150177,L,1.3316653966903687,L,1.3673361539840698,I,1.5569459199905396,I,1.6667859554290771,I,1.9051276445388794,I,1.7979087829589844,I,1.7950644493103027,L,2.004042863845825,L,1.7354449033737183,L,1.3339548110961914,L,1.339842677116394,L,1.3378217220306396,I,1.9071531295776367,I,1.7251073122024536,L,1.2985000610351562,T,1.9309656620025635,I,2.0940988063812256,M,2.207240104675293,L,3.91440486907959,I,1.6377999782562256,I,1.7129840850830078,I,2.465625286102295,L,3.844022274017334
305,N,1.7311697800954182,E,2.004241704940796,D,2.033304214477539,D,1.2551289796829224,D,1.1792523860931396,D,1.2334942817687988,D,1.1892452239990234,D,1.4860446453094482,D,1.4186031818389893,D,2.1705851554870605,D,1.415851354598999,S,1.475892186164856,R,1.5170753002166748,D,1.6129261255264282,D,1.2199296951293945,D,1.2203103303909302,D,1.8260327577590942,E,1.2959985733032227,E,2.995368480682373,S,1.1130492687225342,S,1.6445531845092773,E,1.5526604652404785,D,2.4121997356414795,D,2.0841259956359863,E,1.5521049499511719,E,4.678630352020264,E,1.9065309762954712,D,1.2484445571899414
306,I,1.8100356658299763,E,1.6444262266159058,A,2.710725784301758,V,1.5066205263137817,A,1.6688742637634277,A,1.62502121925354,A,1.5974735021591187,V,1.6084147691726685,V,1.5979092121124268,A,2.2478697299957275,T,1.2122952938079834,I,1.3269600868225098,Y,2.0199813842773438,A,1.3627268075942993,A,1.6432394981384277,A,1.614687204360962,A,1.9932926893234253,Q,1.8875949382781982,Q,1.7726372480392456,Y,1.252252459526062,M,2.0107882022857666,N,1.5572373867034912,I,1.0103940963745117,A,1.832283854484558,E,1.2517497539520264,L,1.7596359252929688,V,3.780860424041748,A,3.3750104904174805
307,Y,1.75533304306177,Y,2.078686475753784,Y,1.58134126663208,Y,1.465282917022705,Y,1.2063144445419312,Y,1.1266738176345825,Y,1.167712926864624,F,1.7466504573822021,F,1.816251516342163,Y,1.7938098907470703,L,2.0602149963378906,-,,L,1.5541452169418335,Y,2.9642982482910156,Y,1.1534525156021118,Y,1.1338852643966675,Y,1.6416879892349243,Y,1.919175624847412,Y,2.3431506156921387,L,1.2368477582931519,I,1.5280733108520508,F,2.7179155349731445,Y,1.1308521032333374,Y,4.0724358558654785,I,1.3342173099517822,Y,1.7722679376602173,Y,1.7168301343917847,Y,1.376484990119934
308,R,2.1590979439871654,G,1.907390832901001,-,,-,,-,,-,,-,,G,1.125518798828125,G,1.1455812454223633,G,3.244304656982422,-,,-,,-,,-,,-,,-,,-,,-,,-,,Q,1.878141164779663,-,,N,2.4025676250457764,-,,-,,A,3.4101812839508057,-,,-,,-,
309,-,3.2529571056365967,-,,-,,-,,-,,-,,-,,-,,-,,-,,-,,-,,-,,-,,-,,-,,-,,-,,-,,-,,-,,I,3.1001946926116943,-,,-,,S,3.405719518661499,-,,-,,-,
310,-,1.9777709245681763,-,,-,,-,,-,,-,,-,,-,,-,,-,,-,,-,,-,,-,,-,,-,,-,,-,,-,,-,,-,,-,,-,,-,,S,1.9777709245681763,-,,-,,-,
311,-,1.7332148551940918,-,,-,,-,,-,,-,,-,,-,,-,,-,,-,,-,,-,,-,,-,,-,,-,,-,,-,,-,,-,,-,,-,,-,,A,1.7332148551940918,-,,-,,-,
312,-,1.436759114265442,-,,-,,-,,-,,-,,-,,-,,-,,-,,-,,-,,-,,-,,-,,-,,-,,-,,-,,-,,-,,-,,-,,-,,L,1.436759114265442,-,,-,,-,
313,-,1.8737633228302002,-,,-,,-,,-,,-,,-,,-,,-,,-,,-,,-,,-,,-,,-,,-,,-,,-,,-,,-,,-,,-,,-,,-,,W,1.8737633228302002,-,,-,,-,
314,-,3.605899930000305,-,,-,,-,,-,,-,,-,,-,,-,,-,,-,,-,,-,,-,,-,,-,,-,,-,,-,,-,,-,,I,4.771925449371338,-,,-,,F,2.4398744106292725,-,,-,,-,
315,-,1.4684439182281495,-,,-,,-,,-,,-,,-,,Q,1.497101902961731,Q,1.5370877981185913,-,,E,1.2485203742980957,-,,-,,-,,-,,-,,-,,-,,-,,-,,-,,E,1.8035622835159302,-,,-,,G,1.255947232246399,-,,-,,-,
316,-,1.5798277854919434,-,,-,,-,,-,,-,,-,,D,1.182485818862915,D,1.2169512510299683,-,,K,2.370464324951172,-,,-,,-,,-,,-,,-,,-,,-,,-,,-,,Q,1.8548223972320557,-,,-,,K,1.274415135383606,-,,-,,-,
317,-,2.0527305603027344,-,,-,,-,,-,,-,,-,,-,,-,,-,,-,,-,,-,,-,,-,,-,,-,,-,,-,,-,,-,,H,2.0527305603027344,-,,-,,-,,-,,-,,-,
318,-,1.296933650970459,-,,-,,-,,-,,-,,-,,-,,-,,-,,-,,-,,-,,-,,-,,-,,-,,-,,-,,-,,-,,M,1.296933650970459,-,,-,,-,,-,,-,,-,
319,-,1.9175902605056763,-,,-,,-,,-,,-,,-,,-,,-,,-,,-,,-,,-,,-,,-,,-,,-,,-,,-,,-,,-,,L,1.9175902605056763,-,,-,,-,,-,,-,,-,
320,-,1.719706376393636,-,,-,,-,,-,,-,,-,,P,1.648046612739563,P,1.6462395191192627,-,,D,2.175417184829712,Y,1.353400468826294,-,,-,,-,,-,,-,,-,,-,,-,,-,,E,1.0960477590560913,-,,-,,S,2.3990867137908936,-,,-,,-,
321,-,1.8799902200698853,-,,-,,-,,-,,-,,-,,I,1.8892619609832764,I,1.9032762050628662,-,,T,1.750364065170288,E,2.4858975410461426,-,,-,,-,,-,,-,,-,,-,,-,,-,,T,1.6713314056396484,-,,-,,S,1.5798101425170898,-,,-,,-,
322,-,2.073493242263794,-,,-,,-,,-,,-,,-,,Y,3.1683645248413086,Y,3.1943247318267822,-,,S,1.7703993320465088,R,1.613817572593689,-,,-,,-,,-,,-,,-,,-,,-,,-,,P,1.3134127855300903,-,,-,,Y,1.3806405067443848,-,,-,,-,
323,-,1.9734848539034526,-,,A,1.4081881046295166,E,4.014747142791748,A,1.863806962966919,A,1.8740015029907227,A,1.772679328918457,G,0.878967821598053,G,1.2471164464950562,-,,A,1.58856201171875,M,1.6205453872680664,-,,A,1.8811213970184326,A,1.8771005868911743,A,1.8031878471374512,A,3.7225751876831055,-,,-,,-,,K,1.2892320156097412,Y,2.4408769607543945,M,2.2494993209838867,S,1.5154544115066528,L,1.8588330745697021,E,2.0148918628692627,E,1.543586015701294,A,2.978208541870117
324,-,2.2786588271458945,-,,-,,-,,-,,-,,-,,-,,-,,-,,-,,-,,-,,-,,-,,-,,-,,-,,-,,-,,I,3.604640483856201,-,,-,,-,,-,,K,1.9021319150924683,K,1.3292040824890137,-,
325,-,1.4860084056854248,-,,-,,-,,-,,-,,-,,-,,-,,-,,-,,-,,-,,-,,-,,-,,-,,-,,-,,-,,A,1.4860084056854248,-,,-,,-,,-,,-,,-,,-,
326,-,2.0839743614196777,-,,-,,-,,-,,-,,-,,-,,-,,-,,-,,-,,-,,-,,-,,-,,-,,-,,-,,-,,G,2.0839743614196777,-,,-,,-,,-,,-,,-,,-,
327,-,2.1664792678572913,-,,R,2.5512750148773193,K,1.710009217262268,T,1.68289315700531,T,1.7159110307693481,T,1.6345555782318115,T,1.5391370058059692,T,1.5488510131835938,-,,W,1.308199167251587,S,4.055794715881348,Q,1.4652440547943115,R,2.0566558837890625,T,1.7552801370620728,T,1.6972793340682983,S,1.8839107751846313,G,3.2653696537017822,G,7.0519609451293945,-,,Q,1.4753077030181885,L,2.4854509830474854,R,1.9745922088623047,R,1.6473621129989624,R,1.8155168294906616,-,,-,,T,1.3419873714447021
328,H,1.8252201250621252,G,1.5721458196640015,-,,-,,-,,-,,-,,P,3.201313018798828,P,2.1859843730926514,K,1.7904576063156128,L,1.715163230895996,-,,S,2.0566673278808594,-,,-,,-,,-,,K,1.599604606628418,K,1.3322635889053345,T,2.2963075637817383,E,1.62391996383667,S,1.4570987224578857,-,,-,,L,1.215338110923767,K,1.8282160758972168,R,1.6786017417907715,-,
329,N,1.9714560233629668,E,1.3773868083953857,R,1.9853647947311401,K,1.4732242822647095,R,2.218027114868164,R,2.879103183746338,R,2.014482021331787,N,2.911503553390503,N,3.468076229095459,R,1.2115466594696045,N,1.9132219552993774,-,,L,1.2643826007843018,R,1.0900126695632935,R,2.973097562789917,R,2.9430110454559326,R,1.7653651237487793,Q,1.2530473470687866,Q,1.8162580728530884,L,1.64161217212677,D,1.149432897567749,N,1.1115517616271973,E,3.0357871055603027,R,1.726235270500183,S,1.6195952892303467,N,1.934035301208496,V,2.1545639038085938,R,2.3279318809509277
330,Q,2.300501199869009,N,2.2634761333465576,P,1.458993673324585,Q,1.7098342180252075,H,3.3586344718933105,H,2.6158220767974854,H,3.3420019149780273,I,1.03616464138031,I,1.0353538990020752,K,1.446947693824768,K,3.568930149078369,-,,P,4.22202205657959,P,1.0530363321304321,H,2.50944185256958,H,2.592754602432251,P,3.015599250793457,S,6.136455535888672,S,1.5643202066421509,P,1.2944608926773071,P,1.5138858556747437,Q,1.6141871213912964,E,1.7281876802444458,K,1.4600646495819092,C,4.2728424072265625,G,1.3010066747665405,G,2.26534104347229,H,1.4332661628723145
331,D,1.9414005096142108,G,1.8227227926254272,D,1.8517850637435913,D,1.896384358406067,D,1.5389535427093506,D,1.433005928993225,D,1.57400381565094,K,3.8775970935821533,K,3.901136875152588,D,1.83003830909729,N,1.0162248611450195,N,1.326315999031067,S,1.743949294090271,D,1.5107117891311646,D,1.494301438331604,D,1.4526989459991455,D,1.5255860090255737,D,1.4878449440002441,D,2.412747621536255,I,1.8402831554412842,E,2.1430559158325195,H,2.9208145141601562,G,2.002141237258911,D,1.4973818063735962,F,1.517174243927002,-,,A,1.5839649438858032,D,3.2755887508392334
332,V,2.5173278405116153,H,3.049384355545044,M,2.207785129547119,M,1.702610969543457,M,3.589176654815674,M,3.550755739212036,V,3.8099515438079834,M,1.1960251331329346,M,1.2201871871948242,A,3.384549856185913,A,3.924558401107788,A,1.9317197799682617,R,2.7333176136016846,M,4.091073989868164,M,3.643705368041992,M,3.543044328689575,M,1.5119497776031494,H,2.3983519077301025,H,1.630460500717163,R,1.4928417205810547,W,1.5504522323608398,T,1.1608179807662964,M,3.4346420764923096,M,1.7802050113677979,H,2.653531551361084,M,2.5500707626342773,-,,M,1.709354281425476
333,N,1.773544602923923,S,1.6358228921890259,N,1.30709707736969,D,2.2864770889282227,N,1.8309142589569092,N,1.8621033430099487,N,1.756808876991272,T,1.2557154893875122,T,1.322398066520691,N,2.1731948852539062,G,1.271614909172058,N,1.8749603033065796,D,1.523987889289856,N,1.2459349632263184,N,1.906026840209961,N,1.864944338798523,N,3.6348705291748047,D,1.4260900020599365,D,1.3290042877197266,C,1.2658064365386963,L,1.529189944267273,S,1.673460602760315,N,1.372099757194519,N,1.5370815992355347,K,2.8356499671936035,S,2.6665728092193604,S,1.837415337562561,N,1.6604617834091187
334,P,1.6550887469892148,P,1.763960838317871,P,2.0933244228363037,S,1.0450129508972168,P,1.5778517723083496,P,1.8721256256103516,P,4.078207492828369,Q,1.6109278202056885,Q,1.8803352117538452,K,1.7780029773712158,K,1.3063088655471802,P,1.388776421546936,A,1.2125757932662964,P,2.1361517906188965,P,1.565966248512268,P,1.7925602197647095,P,1.3273100852966309,G,1.6632080078125,G,1.1367759704589844,T,1.5956127643585205,Q,1.4972620010375977,R,1.4942015409469604,S,1.96345853805542,P,1.0271145105361938,M,1.1908936500549316,P,1.2702897787094116,P,1.7537460327148438,P,1.6654348373413086
335,I,1.6640132798088922,D,1.1043509244918823,L,1.8260011672973633,T,1.4604588747024536,I,1.5150058269500732,A,1.4450219869613647,I,1.5882374048233032,K,1.715872883796692,K,1.8018704652786255,Q,1.9189140796661377,K,1.7922484874725342,L,2.1854796409606934,A,1.0320900678634644,V,1.9601656198501587,V,1.4977331161499023,V,1.4626621007919312,I,2.262939214706421,D,1.2154239416122437,D,1.7827590703964233,A,1.3142648935317993,S,1.6030070781707764,D,2.054098606109619,S,1.813148856163025,I,1.4613962173461914,S,2.1258625984191895,T,2.2335572242736816,T,1.253157377243042,I,1.5026308298110962
336,L,2.007835944493612,L,1.8430907726287842,I,2.311640977859497,L,1.2751959562301636,I,2.3431949615478516,I,2.2974166870117188,I,2.6268370151519775,L,1.7348436117172241,L,1.871726632118225,L,1.5974498987197876,L,1.7950347661972046,L,1.3730239868164062,V,2.24357533454895,I,2.4799859523773193,I,2.3265795707702637,I,2.2944183349609375,I,1.8988374471664429,L,1.5845036506652832,L,1.3621644973754883,M,4.483393669128418,L,1.6960583925247192,I,2.4256861209869385,L,1.4455316066741943,I,1.075732707977295,L,2.088871479034424,L,1.6472656726837158,L,1.9918848276138306,I,2.097625970840454
337,L,1.8514796142224912,L,2.209868907928467,F,2.4630725383758545,L,1.1745553016662598,L,1.8392187356948853,L,1.7798868417739868,L,1.5477700233459473,L,1.5344234704971313,L,1.5219290256500244,L,1.5394023656845093,L,1.5125999450683594,L,1.194226622581482,E,1.6038402318954468,F,2.356949806213379,L,1.8410651683807373,L,1.793961524963379,F,1.2643095254898071,L,1.269708275794983,L,3.153895854949951,E,2.5237953662872314,L,2.239833354949951,L,1.869282841682434,L,1.9941916465759277,F,1.7400442361831665,Q,1.2617378234863281,V,3.0137298107147217,I,1.732911467552185,F,2.0137388706207275
338,E,2.1495584426102816,E,1.5004428625106812,K,2.9152989387512207,E,2.635265588760376,E,2.1456449031829834,E,2.483139991760254,E,2.917837381362915,E,1.6513196229934692,E,1.6718056201934814,E,2.2286462783813477,E,1.376389503479004,E,3.2371652126312256,R,1.077652931213379,E,1.4824624061584473,E,2.5609130859375,E,2.505908966064453,E,1.1358599662780762,E,2.0943076610565186,E,2.4597384929656982,E,3.345341205596924,R,2.9470415115356445,A,1.9458035230636597,E,1.7751237154006958,E,1.648287296295166,Q,1.376779317855835,E,1.4382699728012085,E,3.2392146587371826,E,2.242417335510254
339,F,1.7746888840640034,L,1.2234888076782227,L,1.9163228273391724,F,3.0624947547912598,L,1.6978676319122314,L,1.687089443206787,L,1.516444206237793,I,1.2369792461395264,I,1.2410376071929932,L,1.2420213222503662,L,2.170576572418213,L,1.3050307035446167,L,2.709597587585449,L,2.659301280975342,L,1.731993556022644,L,1.7036603689193726,L,1.4550411701202393,L,1.610910177230835,L,1.8110425472259521,L,1.5500092506408691,V,1.3440425395965576,L,1.8534547090530396,L,1.2227342128753662,L,3.2241649627685547,L,1.3189332485198975,L,1.3854033946990967,L,2.030074119567871,L,2.0068836212158203
340,A,1.6798271029083818,A,2.6324191093444824,A,1.859377384185791,A,1.6446797847747803,A,1.676642894744873,A,1.5487666130065918,A,1.3277157545089722,A,1.8775652647018433,A,1.8893877267837524,A,1.0167946815490723,A,1.433582067489624,A,0.9666965007781982,A,1.786755084991455,A,1.4430861473083496,A,1.5822209119796753,A,1.563696265220642,A,1.2040573358535767,A,2.6939783096313477,A,1.3648593425750732,A,1.2069042921066284,A,2.889826536178589,S,2.110102891921997,A,1.3364405632019043,A,1.997424840927124,A,1.3827276229858398,A,1.5305567979812622,A,1.6979892253875732,A,1.6910778284072876
341,E,2.288972779556557,K,1.783886194229126,K,1.780859112739563,K,3.077204942703247,K,3.023834228515625,K,2.7117974758148193,K,1.687710165977478,K,2.0880379676818848,K,2.101757764816284,I,4.430195331573486,K,1.9365234375,K,1.7454338073730469,V,1.6112284660339355,K,1.5379732847213745,K,2.847792863845825,K,2.7554335594177246,K,1.5080407857894897,I,1.9543999433517456,I,2.5338456630706787,L,1.173529028892517,E,2.5942156314849854,I,1.6426012516021729,M,2.0110437870025635,K,1.9098924398422241,V,2.7712836265563965,K,4.774188041687012,K,2.1263928413391113,K,1.6831634044647217
342,L,1.9816636023698029,L,4.859487533569336,L,1.7542035579681396,L,1.677406907081604,L,1.6388946771621704,L,1.659407138824463,L,1.7048338651657104,L,1.4647915363311768,L,1.5047211647033691,L,2.6706647872924805,L,1.5844049453735352,L,1.7347190380096436,A,1.750395655632019,L,3.774055004119873,L,1.6904419660568237,L,1.6638462543487549,L,1.5191339254379272,L,1.9097580909729004,L,1.5416594743728638,A,1.3476169109344482,I,1.1105389595031738,R,1.7334445714950562,L,1.940272331237793,L,3.5851328372955322,K,1.2296231985092163,L,3.1237432956695557,L,1.709851861000061,L,1.6218677759170532
343,D,1.8974409235848322,D,1.6816058158874512,N,2.22044038772583,D,1.5111799240112305,D,1.924946665763855,D,2.089428663253784,D,2.144929885864258,E,1.2459895610809326,E,1.225921869277954,D,1.1599352359771729,E,1.919662356376648,D,1.607582449913025,E,1.7942430973052979,N,1.4880620241165161,D,1.9137601852416992,D,2.075453042984009,E,1.962335228919983,D,1.9126667976379395,D,1.1561663150787354,D,1.2117960453033447,D,1.7153905630111694,D,3.242473840713501,H,3.2888026237487793,D,1.2640104293823242,N,2.158560276031494,D,1.7725270986557007,D,2.373814344406128,D,3.169220209121704
344,F,2.067077800079628,Y,1.279125690460205,F,1.1729118824005127,F,1.0205310583114624,F,1.2892658710479736,F,1.3440885543823242,F,1.88210928440094,F,5.09274435043335,F,4.954928874969482,F,1.3864269256591797,F,1.2623319625854492,F,4.179474353790283,F,2.307255983352661,F,2.2863550186157227,F,1.3805595636367798,F,1.351224660873413,F,3.980907917022705,Y,2.0232017040252686,Y,2.095703601837158,F,1.4604682922363281,S,1.8640412092208862,F,1.1152657270431519,F,1.8921509981155396,F,1.4469002485275269,Y,1.6585179567337036,F,2.409416437149048,F,1.8006346225738525,F,1.8745578527450562
345,N,2.2242658270729914,N,4.2730278968811035,N,2.163846731185913,N,1.4666895866394043,N,1.8454740047454834,N,1.6419754028320312,N,1.543002963066101,N,2.4129831790924072,N,2.352735996246338,N,3.0607964992523193,N,5.396246433258057,N,2.2267098426818848,Q,2.9475090503692627,N,2.769170045852661,N,1.689503788948059,N,1.6495624780654907,N,1.3982480764389038,N,1.4102920293807983,N,1.883770227432251,Q,1.7919267416000366,I,4.577066421508789,S,2.058342933654785,N,1.9150723218917847,N,1.364694595336914,T,1.912790060043335,D,1.8043748140335083,D,1.468062162399292,N,1.03130304813385
346,I,1.9477219758210358,K,1.336698293685913,I,1.9058403968811035,M,4.9050421714782715,I,1.8278560638427734,I,1.8019495010375977,I,2.5215578079223633,I,1.3024349212646484,I,1.4827746152877808,I,1.9414658546447754,I,1.985092282295227,I,2.0729305744171143,L,1.4645415544509888,I,1.4360358715057373,I,1.8592932224273682,I,1.8272454738616943,I,2.9760541915893555,Q,1.5366299152374268,Q,2.697805404663086,L,1.6163263320922852,R,2.0298032760620117,S,1.9597969055175781,I,1.5898263454437256,I,1.729312539100647,L,1.9808517694473267,M,1.8337323665618896,M,1.0319424867630005,I,1.9356532096862793
347,V,2.2773003666489213,V,2.2056689262390137,V,1.9511730670928955,V,2.0214712619781494,I,2.49360990524292,I,2.5261166095733643,I,2.0836329460144043,F,1.6573525667190552,F,1.8506098985671997,V,1.582070231437683,F,1.2870171070098877,V,1.4377645254135132,N,1.4286712408065796,V,1.7511461973190308,I,2.548583984375,I,2.5410284996032715,A,2.057807445526123,V,2.1533284187316895,V,1.3478670120239258,N,1.4274370670318604,L,1.473477840423584,S,2.0306034088134766,V,3.3463799953460693,I,3.3005435466766357,R,3.0652568340301514,V,2.8473739624023438,V,5.082717418670654,T,3.9883999824523926
348,Q,1.7656125051003915,Q,2.136916399002075,Q,1.6420071125030518,Q,1.1593647003173828,Q,1.3087983131408691,Q,1.2908649444580078,Q,2.5415408611297607,H,2.0824975967407227,H,1.9844657182693481,Q,1.3082202672958374,N,2.013192892074585,Q,1.3291146755218506,K,1.474269151687622,Q,2.60117244720459,Q,1.3252986669540405,Q,1.3169385194778442,Q,3.175032377243042,Q,2.63360857963562,Q,1.7553136348724365,K,1.5644354820251465,K,1.9528553485870361,Q,1.1279791593551636,Q,2.021165370941162,Q,1.4363490343093872,Q,1.4104604721069336,Q,1.3276393413543701,Q,2.1359078884124756,Q,1.61612868309021
349,A,2.095008276127003,S,2.2795064449310303,A,1.2332158088684082,S,1.8843289613723755,A,2.5149033069610596,A,2.3747684955596924,A,1.4053332805633545,S,2.387589693069458,S,2.31209135055542,S,2.161932945251465,S,2.268852949142456,A,2.037412643432617,S,2.3913025856018066,A,1.788447380065918,A,2.366835355758667,A,2.37608003616333,A,1.2993862628936768,A,2.6373283863067627,A,2.9693667888641357,L,2.8224949836730957,S,0.995797872543335,F,3.6243789196014404,T,2.435594081878662,A,1.6278212070465088,L,1.29604172706604,A,2.4341347217559814,A,1.0803250074386597,A,1.5599522590637207
350,A,2.2221369522589223,L,1.156177043914795,T,2.6404354572296143,T,2.4162704944610596,T,1.6485475301742554,T,1.6670091152191162,T,2.7278404235839844,L,4.034911155700684,L,4.052690505981445,A,3.501406192779541,L,2.256376266479492,T,2.4294891357421875,L,2.0173451900482178,T,1.1928882598876953,T,1.6890949010849,T,1.6973111629486084,L,2.221160888671875,Q,2.0150625705718994,Q,1.5636889934539795,L,3.417229652404785,L,1.0192465782165527,T,1.3517754077911377,T,2.5696048736572266,T,3.507035255432129,V,2.985262632369995,I,1.394835114479065,I,0.8680523633956909,T,1.9569505453109741
351,H,1.8431800206502278,H,1.3925567865371704,Y,1.633750081062317,H,2.1921098232269287,H,1.5483654737472534,H,1.498171091079712,Q,1.6462609767913818,Q,1.6698726415634155,Q,1.6809062957763672,H,1.5357576608657837,Q,3.394124746322632,H,1.6656593084335327,H,1.8431246280670166,Q,2.1056296825408936,H,1.494167447090149,H,1.4979217052459717,Q,1.4970479011535645,H,1.662825584411621,H,1.5088746547698975,H,1.607944130897522,T,3.758358955383301,Y,2.0152671337127686,F,1.1266711950302124,Q,2.3063066005706787,Y,2.538577079772949,H,1.9250473976135254,H,1.5423566102981567,Q,1.4782049655914307
352,Q,2.0328844564932362,Q,1.3086669445037842,Q,2.6314785480499268,Q,1.3100167512893677,Q,2.7955191135406494,Q,2.9274635314941406,Q,2.097294807434082,Q,1.3530395030975342,Q,1.3766227960586548,K,2.174205780029297,Q,1.7193684577941895,Q,1.5464816093444824,Q,1.8216400146484375,Q,2.4183807373046875,Q,3.019794464111328,Q,2.956263303756714,Q,1.4868557453155518,Q,1.920946478843689,Q,1.6778475046157837,Q,1.36416757106781,Q,2.3763978481292725,Q,1.2408536672592163,Q,3.4236366748809814,Q,1.7556498050689697,R,1.1263456344604492,L,1.9745292663574219,L,2.758023738861084,Q,2.326390027999878
353,A,1.8084857684594613,L,1.685962438583374,E,1.6184138059616089,E,1.7598804235458374,E,1.4619312286376953,E,1.5593944787979126,E,2.8081703186035156,K,2.3462047576904297,K,2.7221736907958984,R,1.4002363681793213,K,1.5623244047164917,Q,2.2594027519226074,G,1.1559358835220337,E,1.1494801044464111,E,1.5702308416366577,E,1.552072525024414,E,1.6743122339248657,S,1.4649394750595093,S,2.632230520248413,M,1.5624704360961914,G,0.9540636539459229,Q,2.614825963973999,T,3.0141382217407227,E,2.1775615215301514,D,1.6708914041519165,E,1.0006718635559082,E,1.3413162231445312,E,2.109880208969116
354,D,1.7885987891091242,E,1.654824137687683,E,1.517878532409668,D,2.108232259750366,E,1.621009111404419,E,2.0422089099884033,E,1.2498420476913452,E,1.637807846069336,E,1.778723120689392,D,1.1192708015441895,E,2.4127492904663086,D,2.454803943634033,E,2.6449050903320312,E,1.3573112487792969,E,1.8006855249404907,E,1.8220152854919434,E,1.467707872390747,E,2.2046923637390137,E,3.6176130771636963,E,1.243887186050415,E,1.1903589963912964,E,2.1754095554351807,N,1.4341347217559814,E,1.515181541442871,E,1.92461097240448,D,1.0838600397109985,D,1.458823561668396,E,1.7536202669143677
355,L,2.1700375322942382,L,2.773179292678833,L,2.563187599182129,L,1.3708802461624146,L,2.4238460063934326,L,2.5797276496887207,L,1.9974005222320557,L,1.4620319604873657,L,1.5935646295547485,L,1.2857880592346191,L,1.5848546028137207,L,2.7456374168395996,M,1.9178531169891357,L,1.9065667390823364,L,2.60172438621521,L,2.5840530395507812,L,1.5593233108520508,L,1.1723241806030273,L,1.6177750825881958,M,5.014193058013916,M,1.6722623109817505,L,1.5672483444213867,L,0.6326534152030945,L,1.3428430557250977,L,1.6895142793655396,L,5.739925384521484,L,3.5536746978759766,L,1.6389809846878052
356,K,1.9451773564020793,S,1.6864064931869507,K,2.08335280418396,K,2.039368152618408,K,2.6251564025878906,K,2.911186933517456,K,1.4223105907440186,K,2.401120901107788,K,2.3385090827941895,Q,1.8480455875396729,Q,1.3132290840148926,R,3.362464427947998,R,1.3267619609832764,K,1.7976741790771484,K,2.675820827484131,K,2.9360084533691406,K,1.751529574394226,T,1.3968150615692139,T,1.3632761240005493,Q,1.7376930713653564,S,2.0214507579803467,Q,1.7911157608032227,K,2.242459774017334,K,1.4340927600860596,A,1.1753932237625122,K,1.040238380432129,K,2.0222251415252686,R,1.7760831117630005
357,Q,2.118321520310861,E,1.819801688194275,D,1.5976693630218506,H,1.7687443494796753,D,1.730712890625,D,1.7447162866592407,D,1.4772963523864746,H,1.5359563827514648,H,1.284141182899475,E,1.0848413705825806,Y,2.9232289791107178,I,1.9107248783111572,E,1.4564497470855713,A,3.307220697402954,D,1.7097008228302002,D,1.7087879180908203,D,2.0273118019104004,E,2.984879732131958,E,1.4398781061172485,E,2.741641044616699,Q,1.8064556121826172,H,2.8803322315216064,S,4.143099308013916,D,1.7576121091842651,E,2.6869924068450928,H,2.042494297027588,H,2.506173849105835,D,3.1178176403045654
358,V,1.9613857997788324,I,1.627619981765747,V,2.560741662979126,L,3.3840041160583496,V,1.6144264936447144,V,1.7646193504333496,L,2.0427823066711426,L,2.0695438385009766,L,1.8189396858215332,V,1.9980244636535645,L,1.43745756149292,L,1.8503772020339966,I,1.7732881307601929,L,1.2915884256362915,V,1.695380687713623,V,1.6971439123153687,L,2.870062828063965,I,1.4396507740020752,I,1.9673333168029785,I,0.9037508368492126,T,2.012476682662964,L,2.546093702316284,L,2.3828840255737305,L,3.4042937755584717,V,1.7908939123153687,A,1.6790944337844849,A,1.3067407608032227,L,2.0282037258148193
359,S,1.812070440363001,S,3.226036548614502,S,1.7449630498886108,S,1.648484706878662,S,1.7606364488601685,S,1.47733473777771,S,2.2806599140167236,S,1.293169379234314,S,1.2277615070343018,S,1.7378506660461426,L,1.9092167615890503,S,1.4114247560501099,K,2.8130595684051514,S,1.993429183959961,S,1.5344150066375732,S,1.5162196159362793,S,1.8414525985717773,T,1.6321802139282227,I,2.155088424682617,K,1.896864891052246,F,2.4105942249298096,E,1.5501700639724731,S,1.232036828994751,S,1.1118985414505005,E,1.4165303707122803,S,2.0855586528778076,S,2.0855579376220703,S,1.9333072900772095
360,T,2.0507940142242997,R,1.3140432834625244,R,2.5713183879852295,R,1.4532603025436401,R,3.317739963531494,R,3.0252537727355957,R,1.8573957681655884,R,1.6049964427947998,R,1.4070113897323608,K,2.3360254764556885,R,1.1993317604064941,R,3.2879762649536133,R,1.4263684749603271,R,1.5408300161361694,R,3.0488479137420654,R,3.0135183334350586,R,1.6204620599746704,R,1.8087875843048096,R,1.8951979875564575,R,2.1637353897094727,K,3.748284339904785,S,1.4388889074325562,R,1.623724102973938,R,1.2793573141098022,R,2.0838027000427246,R,2.7045748233795166,R,1.1181631088256836,R,1.4825425148010254
361,W,1.8621216394283153,W,2.572979688644409,W,2.5966601371765137,W,1.7135145664215088,W,1.7017323970794678,W,1.7945348024368286,W,1.6848417520523071,W,1.3959699869155884,W,1.1851341724395752,W,2.916243553161621,W,1.562062382698059,W,1.7978770732879639,W,1.6181066036224365,W,1.5491043329238892,W,1.776511788368225,W,1.7714837789535522,W,1.6070632934570312,W,1.8559949398040771,W,2.8025331497192383,W,1.7863627672195435,W,1.8559800386428833,W,1.4914244413375854,W,1.4331837892532349,W,5.221640110015869,W,1.1854782104492188,W,1.113468885421753,W,1.2946957349777222,W,0.9927018880844116
362,W,1.877442631456587,W,2.2506966590881348,W,1.8743435144424438,W,3.206660032272339,W,1.85707426071167,W,1.8413469791412354,W,1.7647768259048462,W,1.7525818347930908,W,1.6273515224456787,W,1.5351598262786865,W,1.2698477506637573,W,1.2616090774536133,W,1.5580902099609375,W,4.178252696990967,W,1.8615179061889648,W,1.8499891757965088,W,2.0498011112213135,W,2.979046106338501,W,1.446302056312561,W,0.7882921099662781,W,1.617623209953308,V,1.5308175086975098,W,2.5355498790740967,W,2.0459840297698975,S,1.3373955488204956,W,1.6316351890563965,W,1.7721235752105713,W,1.2670824527740479
363,K,1.9097745286093817,K,1.4422180652618408,N,1.7369598150253296,R,2.2703115940093994,Q,1.5100641250610352,Q,1.4355850219726562,N,2.877236843109131,K,1.1203160285949707,K,1.077894926071167,E,3.4044089317321777,K,1.7190330028533936,K,1.2802772521972656,M,1.388706088066101,S,1.2967147827148438,Q,1.3786554336547852,Q,1.369996428489685,N,3.555466651916504,K,1.4495959281921387,K,1.7177815437316895,M,1.3919978141784668,T,1.462911605834961,K,1.6638954877853394,K,1.3337104320526123,N,2.0024209022521973,K,3.100752353668213,R,1.5232759714126587,R,3.970235824584961,N,3.083489418029785
364,S,1.737665057182312,Q,1.5555270910263062,S,2.2940866947174072,H,1.9240028858184814,N,1.0130943059921265,N,1.007333755493164,S,1.7326946258544922,D,1.925344467163086,D,2.0560216903686523,K,1.3753386735916138,E,1.0946614742279053,N,1.625097393989563,-,,S,1.981823205947876,N,1.0096567869186401,N,1.0121958255767822,D,1.3180052042007446,-,,-,,D,2.499983549118042,E,1.3509762287139893,E,2.398744583129883,D,3.29644513130188,D,1.1790978908538818,E,3.0167288780212402,D,1.2883166074752808,N,2.48396635055542,S,1.2648180723190308
365,-,1.8207941982481215,-,,S,2.5094680786132812,S,1.975372314453125,T,1.2466109991073608,T,1.2070398330688477,T,1.8379803895950317,-,,-,,-,,-,,-,,D,3.332794666290283,L,1.6140321493148804,T,1.2047159671783447,T,1.2079211473464966,T,1.4417698383331299,Q,2.4887287616729736,E,2.603330135345459,-,,L,1.3081352710723877,-,,L,1.1016340255737305,S,1.2280319929122925,-,,T,2.357123851776123,T,2.1677544116973877,A,1.9418517351150513
366,T,2.2713746577501297,L,1.9042543172836304,-,,-,,-,,-,,-,,S,3.1819610595703125,S,3.439805030822754,T,3.074256181716919,S,1.6714284420013428,T,2.767658233642578,L,2.548945188522339,-,,-,,-,,-,,L,2.0961740016937256,L,1.770796775817871,L,0.9407156109809875,-,,C,1.626615285873413,-,,-,,R,2.2338857650756836,-,,-,,-,
367,G,2.375747365951538,G,1.963808536529541,C,1.7936617136001587,K,1.537037968635559,R,2.504594564437866,R,2.4290788173675537,C,1.506034016609192,V,2.6305978298187256,V,3.6847760677337646,G,1.1195801496505737,-,,G,1.7963604927062988,G,2.0508298873901367,G,1.3199265003204346,R,2.450737714767456,R,2.4488041400909424,G,2.6621437072753906,G,2.5061264038085938,G,1.6974351406097412,G,3.387148380279541,G,2.088806629180908,-,,G,2.7552874088287354,S,2.3459692001342773,G,4.978700637817383,S,1.342810869216919,S,3.0640158653259277,G,3.329411506652832
368,-,,-,,-,,-,,-,,-,,-,,-,,-,,-,,-,,-,,-,,-,,-,,-,,-,,-,,-,,-,,-,,-,,-,,-,,-,,-,,-,,-,
369,L,1.9839480473445013,L,3.8172338008880615,L,1.089341402053833,L,2.013305187225342,L,1.3418482542037964,L,1.3289942741394043,L,1.0356031656265259,F,3.28743577003479,F,1.4197767972946167,L,2.423750638961792,D,2.891538143157959,L,2.574127435684204,L,2.565108299255371,L,1.8233932256698608,L,1.34047269821167,L,1.3403773307800293,I,1.991175889968872,L,2.7549526691436768,L,1.9092645645141602,L,1.5174205303192139,L,2.7140629291534424,R,1.647067904472351,L,2.6796438694000244,L,1.9356555938720703,-,,W,1.1737720966339111,W,2.021935224533081,L,0.9453915357589722
370,V,1.9096851260573775,V,1.46957266330719,A,2.15120792388916,G,1.626141905784607,A,2.264718770980835,A,2.1994669437408447,A,1.1461718082427979,S,1.8225212097167969,S,1.6640504598617554,V,0.9712203741073608,L,2.607074022293091,A,1.8237155675888062,A,2.3784899711608887,A,2.316572666168213,A,2.1775567531585693,A,2.2699203491210938,A,2.7399742603302,V,1.7119592428207397,V,1.9358659982681274,A,3.4088220596313477,E,1.064902424812317,L,1.7443331480026245,G,1.9078196287155151,P,1.6326695680618286,L,1.4573777914047241,D,1.2273893356323242,D,1.8398337364196777,V,2.002149820327759
371,E,2.1969044685363768,D,2.249361515045166,E,2.0363125801086426,E,3.701536178588867,E,3.3449180126190186,E,3.3026819229125977,E,2.7013652324676514,-,,-,,R,2.365083932876587,P,2.9752912521362305,E,1.5578696727752686,E,2.1007113456726074,E,1.7434669733047485,E,3.3200697898864746,E,3.3184475898742676,E,1.3613849878311157,E,1.6881673336029053,D,1.30730140209198,Q,1.6755293607711792,K,1.4902492761611938,D,2.1211540699005127,E,1.3219966888427734,Q,1.5091241598129272,C,2.560086488723755,T,2.247528314590454,T,1.2830263376235962,E,1.6399472951889038
372,N,2.0039832945223206,K,1.788565754890442,K,2.5939548015594482,K,2.645766496658325,K,1.4541676044464111,K,1.49429190158844,K,1.3063088655471802,Q,1.7752740383148193,Q,1.9808270931243896,K,2.7332770824432373,K,2.2545955181121826,K,1.824357032775879,E,1.9641430377960205,K,1.373938798904419,K,1.5458579063415527,K,1.5451503992080688,K,1.6590889692306519,K,1.069177508354187,K,2.6055784225463867,E,2.4411542415618896,D,2.583317518234253,Q,2.5757265090942383,Q,1.6676816940307617,K,1.4157160520553589,D,1.761303186416626,K,4.505004405975342,K,1.084025263786316,K,2.459298849105835
373,L,1.8753060521902862,L,1.1047322750091553,L,1.199338436126709,L,1.864424228668213,L,2.3671164512634277,L,2.380647659301758,L,2.191434860229492,L,1.2612742185592651,L,1.3020789623260498,L,1.4337913990020752,L,1.8050223588943481,L,1.9591078758239746,I,1.632889986038208,L,2.062727451324463,L,2.2911689281463623,L,2.2738196849823,L,2.0212655067443848,L,1.581832766532898,L,1.7528605461120605,I,2.3145995140075684,V,1.5942026376724243,L,0.9644773602485657,L,3.0915660858154297,L,3.415214776992798,M,1.5039609670639038,L,1.5353467464447021,L,2.5119175910949707,L,1.2164441347122192
374,S,1.8975225377965856,T,2.993381977081299,P,1.2778913974761963,N,1.2632094621658325,P,1.5532622337341309,P,1.5553843975067139,P,3.470802068710327,A,1.2603007555007935,T,1.4793199300765991,D,2.030789852142334,T,1.1167000532150269,P,1.593292474746704,P,1.2065534591674805,P,1.80014967918396,P,1.5588443279266357,P,1.5412318706512451,P,2.9986913204193115,G,2.034538507461548,S,1.3914544582366943,P,2.9973762035369873,E,2.536790370941162,Q,2.926265239715576,S,1.6200096607208252,P,1.7903902530670166,G,2.1223323345184326,T,2.4709293842315674,T,1.0837616920471191,S,1.559455156326294
375,F,2.191452463467916,F,1.3545408248901367,F,2.301687002182007,F,3.1317131519317627,F,2.9156949520111084,F,2.5892722606658936,F,1.5195528268814087,F,1.5935547351837158,F,1.625404715538025,F,3.1330995559692383,F,1.2250088453292847,F,1.5553995370864868,V,1.5182795524597168,F,4.639913082122803,F,2.598905324935913,F,2.8876454830169678,F,1.6389870643615723,F,1.873349905014038,F,1.7730367183685303,V,2.0263304710388184,K,1.8894355297088623,F,1.2157976627349854,F,2.620530605316162,F,1.8614856004714966,F,2.3107550144195557,F,1.9335126876831055,F,1.6484949588775635,F,3.7878284454345703
376,A,1.754097874517794,A,1.7748682498931885,V,1.8517942428588867,A,1.9100866317749023,V,1.105226993560791,V,1.188336730003357,V,2.2487850189208984,P,1.9354853630065918,P,1.9531973600387573,I,2.0726029872894287,A,1.4826350212097168,S,1.6743868589401245,V,1.7183160781860352,V,1.3536278009414673,V,1.1759309768676758,V,1.1561108827590942,A,1.7070797681808472,G,1.0421565771102905,G,2.087324857711792,A,1.9819167852401733,A,2.3778510093688965,A,0.9825485348701477,T,1.1641786098480225,V,1.2158770561218262,C,4.8868608474731445,A,2.026209831237793,A,1.7272523641586304,A,1.559995174407959
377,R,1.8144296518078558,R,1.996714472770691,R,1.6115096807479858,R,2.7937264442443848,R,1.5098425149917603,R,1.5385396480560303,R,1.64201819896698,R,1.382800817489624,R,1.3853156566619873,R,1.5629922151565552,R,2.1355056762695312,R,1.4849116802215576,R,3.663710594177246,R,2.6893818378448486,R,1.5294201374053955,R,1.5196861028671265,R,1.6142055988311768,R,1.0953304767608643,R,2.2075514793395996,R,1.4614760875701904,R,2.6916401386260986,R,1.5709953308105469,R,1.03082275390625,R,0.9469473958015442,R,2.3105013370513916,R,1.504223346710205,R,1.6290408372879028,R,2.480790138244629
378,D,2.3095096482170954,D,1.7664023637771606,D,2.0370469093322754,D,1.1993247270584106,D,3.2367024421691895,D,3.3550403118133545,D,3.03409743309021,H,2.7512757778167725,H,2.758625030517578,D,2.16245698928833,H,1.6843417882919312,D,1.954187273979187,D,0.9354615211486816,D,1.4301977157592773,D,3.3289437294006348,D,3.313783884048462,D,2.682265281677246,D,2.0239806175231934,D,3.2795608043670654,D,1.1542487144470215,S,1.4393123388290405,Q,3.8461244106292725,D,2.829397201538086,D,1.3029450178146362,E,3.3171181678771973,D,1.0055739879608154,D,2.0146443843841553,D,2.5137016773223877
379,R,2.031185785929362,R,2.548497200012207,R,1.8533397912979126,R,1.880077838897705,R,1.5083577632904053,R,1.5469436645507812,R,1.1608519554138184,R,1.7979434728622437,R,1.8096882104873657,R,1.3834809064865112,R,2.988171100616455,I,2.0178771018981934,Q,1.6171973943710327,R,1.7681678533554077,R,1.5363694429397583,R,1.515925407409668,R,2.293712854385376,R,3.232545852661133,R,1.7367894649505615,Q,1.2050304412841797,Q,2.1324234008789062,K,1.5743129253387451,R,2.4330074787139893,R,3.253030776977539,K,1.929968237876892,L,1.8071136474609375,M,4.797910690307617,R,1.5132813453674316
380,P,2.132744899502507,P,1.922264575958252,I,4.5967278480529785,L,1.207168459892273,L,2.2806529998779297,L,2.4470155239105225,L,1.494194507598877,H,2.0548195838928223,H,2.0791122913360596,L,1.1077760457992554,H,1.6361581087112427,L,2.4750709533691406,V,1.6001840829849243,L,1.4228841066360474,L,2.46016001701355,L,2.437924861907959,I,1.824877142906189,A,1.8481558561325073,P,3.3934926986694336,V,1.532050609588623,P,3.000260353088379,L,4.958125114440918,L,1.0156170129776,L,1.1954143047332764,T,2.1030311584472656,I,1.692795991897583,L,1.6139086484909058,V,2.184269428253174
381,V,2.1605509365046465,L,1.718513011932373,V,1.1934365034103394,M,3.1011743545532227,V,2.6594760417938232,V,2.5657804012298584,V,3.6277899742126465,V,2.167903184890747,V,2.1656579971313477,M,1.9750138521194458,V,1.6517982482910156,V,1.5892879962921143,M,2.780982494354248,V,1.7839361429214478,V,2.5588114261627197,V,2.561936378479004,V,1.4112788438796997,L,2.6348140239715576,L,1.611404299736023,Q,3.0102791786193848,L,1.9162062406539917,A,2.6663105487823486,V,0.9385380148887634,V,2.03642201423645,G,1.6467280387878418,V,1.996903657913208,V,2.277073860168457,V,2.087418556213379
382,E,1.9338921948715493,E,2.3687002658843994,E,2.3017122745513916,E,1.2542061805725098,E,1.8592461347579956,E,1.7993168830871582,E,1.5222841501235962,E,1.9521162509918213,E,1.979135274887085,E,2.5716371536254883,E,2.4455759525299072,E,1.9186385869979858,K,2.6002283096313477,E,1.6061955690383911,E,1.8286634683609009,E,1.8221323490142822,E,0.8623146414756775,E,1.6612435579299927,E,2.3051164150238037,K,0.8258260488510132,K,2.2562012672424316,Y,2.1938436031341553,E,0.9587090015411377,E,3.412733554840088,Y,2.363293409347534,E,1.4346843957901,E,2.1228928565979004,E,1.9884417057037354
383,N,2.0309227881608187,C,1.477236270904541,C,1.3081696033477783,A,2.167208194732666,S,2.2782981395721436,S,2.347243547439575,S,2.2045533657073975,Y,2.3723342418670654,Y,2.330843210220337,C,1.449674129486084,F,1.7651182413101196,N,1.5844073295593262,W,1.1695988178253174,S,2.06990647315979,S,2.3028085231781006,S,2.289795160293579,S,1.2176167964935303,C,4.545024871826172,C,1.315746545791626,W,1.3054620027542114,W,1.7565650939941406,F,2.7592358589172363,C,2.1013081073760986,S,1.9579949378967285,C,3.4694910049438477,N,1.6806954145431519,N,2.4470467567443848,S,1.1615326404571533
384,F,2.135774822146804,F,2.824523687362671,F,1.2891845703125,F,2.839017391204834,Y,1.9527796506881714,Y,2.050591230392456,Y,2.7213122844696045,Y,2.6196625232696533,Y,2.673858404159546,F,1.6761951446533203,Y,2.1276416778564453,M,0.9838356971740723,Y,1.3606715202331543,Y,1.5546040534973145,Y,2.179996967315674,Y,2.150505542755127,H,3.5366714000701904,F,1.358485221862793,F,1.6610713005065918,F,1.6953043937683105,H,3.4585683345794678,Y,0.7745668888092041,F,4.596863746643066,Y,1.9595452547073364,Y,0.8809410929679871,F,3.200446128845215,F,1.4398491382598877,Y,2.099226951599121
385,F,1.8034647085048534,L,1.5653380155563354,F,2.6137092113494873,L,1.6231305599212646,F,1.7935447692871094,F,1.9083894491195679,F,1.6613731384277344,T,1.351609468460083,T,1.365590214729309,F,1.2392733097076416,T,2.0546438694000244,F,2.2609643936157227,M,1.942916750907898,F,1.1854753494262695,F,1.7852730751037598,F,1.7749557495117188,Y,1.3910363912582397,M,2.2901268005371094,L,1.5417356491088867,V,2.516354560852051,T,1.8649256229400635,L,2.854799509048462,F,1.906303882598877,Y,1.9929916858673096,Y,1.2297348976135254,L,1.1641206741333008,L,1.3035986423492432,F,2.511631488800049
386,W,2.091201393692582,W,1.549716830253601,W,1.3731473684310913,W,2.332304000854492,W,1.1454120874404907,W,1.0620603561401367,W,2.287602663040161,L,1.2803571224212646,L,1.253287434577942,W,2.953535795211792,L,1.8041863441467285,W,2.7496423721313477,W,1.4281482696533203,W,2.3763582706451416,W,1.0932390689849854,W,1.079953670501709,W,2.3818135261535645,W,1.0616250038146973,W,4.56952428817749,W,5.4864678382873535,W,1.9310553073883057,S,1.720771074295044,W,2.4171955585479736,W,2.653167247772217,A,1.856028437614441,W,3.6993777751922607,W,1.7103748321533203,W,1.2060850858688354
387,T,2.01727846816734,T,2.091031789779663,A,1.410362958908081,E,1.4049679040908813,A,2.2322282791137695,A,2.233781337738037,A,2.084639310836792,A,2.7020280361175537,A,2.6842803955078125,S,5.548300743103027,A,1.3133307695388794,A,1.4039077758789062,S,3.120856523513794,A,1.3862946033477783,A,2.1329312324523926,A,2.313284158706665,A,2.6186671257019043,T,1.528557538986206,T,2.2878811359405518,M,1.0044517517089844,S,1.3636072874069214,A,1.8471812009811401,A,2.3128414154052734,A,1.1570734977722168,F,1.4390110969543457,T,2.1358511447906494,T,1.4616813659667969,A,1.247488260269165
388,V,2.0960975180972707,V,1.3983283042907715,I,2.1510837078094482,V,3.7302777767181396,I,2.5006322860717773,I,2.4470083713531494,I,2.004249095916748,-,,-,,V,1.3536487817764282,-,,V,2.0954794883728027,M,2.356928825378418,I,2.6130669116973877,I,2.532606363296509,I,2.4921493530273438,I,1.1979401111602783,M,2.050379991531372,V,2.352262258529663,M,1.6380336284637451,M,2.2376885414123535,-,,A,1.549867033958435,L,1.4911086559295654,-,,I,2.404348373413086,V,1.6876181364059448,I,1.829439401626587
389,G,1.995821808775266,G,1.925072431564331,G,2.099475383758545,G,1.8775156736373901,A,1.1833511590957642,A,1.1284496784210205,A,1.127982258796692,S,2.0910189151763916,S,2.104228973388672,G,1.984843134880066,S,3.459549903869629,G,4.018375396728516,-,,P,2.048557758331299,A,1.1544275283813477,A,1.1128172874450684,G,2.1849286556243896,-,,-,,T,1.8867605924606323,K,1.5200015306472778,A,1.9670542478561401,A,3.3843047618865967,G,3.245408535003662,A,1.1719779968261719,G,0.9688677787780762,G,2.293891668319702,G,1.960862159729004
390,-,1.8775887141625087,-,,A,1.8146698474884033,L,1.0987902879714966,L,1.2848619222640991,L,1.234637975692749,L,2.3162028789520264,C,1.8517098426818848,C,1.8194504976272583,-,,C,1.7220683097839355,A,1.7255642414093018,A,2.174865484237671,L,3.404370069503784,L,1.3163292407989502,L,1.2943751811981201,T,1.6499907970428467,G,3.822003126144409,G,1.501914620399475,-,,I,0.9077448844909668,G,1.2626402378082275,M,1.6920478343963623,L,1.7571626901626587,A,2.5977280139923096,F,1.1101034879684448,F,1.9109326601028442,T,3.7919650077819824
391,L,1.7242563009262084,I,1.7412141561508179,-,,-,,-,,-,,-,,I,1.499043345451355,I,1.574426531791687,M,1.9322141408920288,I,1.3102519512176514,L,1.985442876815796,A,1.6503907442092896,-,,-,,-,,-,,I,1.5546060800552368,L,2.430500030517578,A,1.3315616846084595,L,2.6456360816955566,T,1.2147964239120483,-,,-,,S,1.6610898971557617,S,2.189497947692871,S,1.1431726217269897,-,
392,I,2.0949767136573794,L,0.9980064034461975,F,4.526195526123047,K,1.4772305488586426,F,1.5532927513122559,F,1.7349950075149536,F,2.317631483078003,D,1.4724611043930054,D,1.6935336589813232,V,1.8595573902130127,A,1.6730823516845703,-,,L,3.8732361793518066,F,1.3043582439422607,F,1.622241497039795,F,1.7875044345855713,L,2.2354278564453125,L,2.655587911605835,L,2.00081729888916,I,3.0244131088256836,Q,2.322199583053589,M,3.641350269317627,T,2.185380458831787,F,2.446382522583008,T,1.4055193662643433,-,,Y,1.262369155883789,L,1.3016437292099
393,-,,-,,-,,-,,-,,-,,-,,-,,-,,-,,-,,-,,-,,-,,-,,-,,-,,-,,-,,-,,-,,-,,-,,-,,-,,-,,-,,-,
394,F,1.8411112213134766,P,1.6887099742889404,E,1.0946295261383057,F,1.602677583694458,E,2.217287063598633,E,2.070648431777954,E,1.0966111421585083,I,1.9444745779037476,I,1.9497056007385254,F,1.604662299156189,I,1.4815211296081543,F,1.8055403232574463,Q,3.6205484867095947,E,1.2016035318374634,E,2.1432132720947266,E,2.114276170730591,E,1.289889931678772,P,1.6538305282592773,P,1.700416088104248,Q,2.5692474842071533,-,,F,1.8511289358139038,P,1.638321042060852,E,2.735534906387329,C,1.091367244720459,Y,1.6690484285354614,-,,E,2.1928868293762207
395,Q,2.357081589875398,E,2.3693439960479736,P,2.64919114112854,E,1.4400265216827393,P,4.714316368103027,P,4.804815769195557,P,1.248523473739624,D,2.123126745223999,D,2.144216299057007,E,1.4006377458572388,D,1.817359209060669,E,2.5769236087799072,G,1.9118815660476685,P,2.414696455001831,P,4.740692615509033,P,4.728331565856934,P,1.5679259300231934,H,2.1409661769866943,E,1.9033863544464111,G,1.957617998123169,D,1.945570707321167,S,2.639233350753784,E,1.4349277019500732,A,1.2616891860961914,L,1.7863585948944092,L,1.5933895111083984,L,2.7800393104553223,P,1.5460150241851807
396,P,1.9120602828484994,P,2.3887741565704346,H,1.6301209926605225,P,1.7822641134262085,H,1.4057254791259766,H,1.4676986932754517,H,1.6427282094955444,P,2.641672372817993,P,2.691502809524536,P,1.6711134910583496,P,2.15874981880188,P,1.122128963470459,S,2.123735189437866,H,1.4244251251220703,H,1.3914800882339478,H,1.368618130683899,Y,4.12865686416626,P,2.1696321964263916,P,1.7666912078857422,A,1.3336994647979736,P,1.326253056526184,P,1.8834425210952759,P,2.0627217292785645,H,1.642223834991455,P,1.7200958728790283,P,1.5784311294555664,P,3.406981945037842,R,1.6960601806640625
397,Q,1.9396861791610718,K,1.857800841331482,Q,1.1387031078338623,E,1.131542682647705,Q,2.3254475593566895,Q,2.2919070720672607,Q,2.2249202728271484,Q,2.694624900817871,Q,2.7112843990325928,Q,1.2241307497024536,K,1.797600507736206,Q,2.297370672225952,S,1.3185282945632935,Q,2.412655830383301,Q,2.2946887016296387,Q,2.258942127227783,Q,1.5245189666748047,K,1.118685007095337,K,1.2229650020599365,S,1.2479674816131592,T,1.3174458742141724,E,1.7282518148422241,Q,2.637303590774536,K,2.7448618412017822,W,4.048478126525879,N,1.4843662977218628,N,1.5730564594268799,Q,1.7434786558151245
398,F,2.1372422951239125,Y,3.211684226989746,Y,0.9646391868591309,F,2.602287530899048,Y,2.189161539077759,Y,2.256387948989868,Y,4.4000773429870605,H,1.8926390409469604,H,1.89506995677948,Y,1.7457420825958252,H,2.8160078525543213,H,1.9285703897476196,F,1.3529815673828125,Y,3.6449923515319824,Y,2.2587661743164062,Y,2.258557081222534,Y,2.406193733215332,Y,1.3680362701416016,Y,1.9941658973693848,L,3.4144644737243652,L,1.7719570398330688,L,1.8038477897644043,F,1.279032588005066,F,1.5151972770690918,S,1.356522560119629,F,2.746570587158203,F,1.50932776927948,Y,1.1226617097854614
399,G,2.0437027083502874,S,1.8078173398971558,S,1.792899489402771,S,4.471406936645508,G,1.7114177942276,G,1.7963916063308716,G,1.3077514171600342,S,2.7599573135375977,S,2.73146653175354,Y,3.0939786434173584,S,1.517380714416504,S,1.2552529573440552,S,2.7149434089660645,G,1.0148931741714478,G,1.7400480508804321,G,1.7464486360549927,R,2.744588613510132,S,2.4551749229431152,S,1.527036190032959,S,1.5181655883789062,T,2.6824820041656494,S,2.4664459228515625,G,1.4590802192687988,G,1.0665132999420166,S,2.4313509464263916,S,1.4767271280288696,S,1.799414038658142,G,2.090940237045288
400,Y,1.8206686642434862,S,3.276263952255249,Y,1.9210045337677002,Y,1.4857679605484009,Y,1.3716415166854858,Y,1.4824994802474976,Y,2.0858349800109863,S,1.654707431793213,S,1.6009116172790527,T,2.0103490352630615,A,1.6471033096313477,Y,2.144737958908081,R,1.05709707736969,Y,3.0073087215423584,Y,1.3761320114135742,Y,1.3766659498214722,Y,1.634473443031311,S,1.3336782455444336,S,0.9943123459815979,R,2.254704475402832,E,1.5218279361724854,D,1.8203145265579224,R,3.2313666343688965,Y,2.025540828704834,D,1.247732162475586,R,1.9114301204681396,H,1.9698162078857422,Y,1.7148314714431763
401,C,1.8325894629513775,C,1.2544549703598022,Q,1.7534395456314087,F,2.231342077255249,Q,1.2615604400634766,Q,1.208131194114685,H,2.268028736114502,F,1.464615821838379,F,1.423570156097412,C,1.2126491069793701,F,1.9756221771240234,F,2.0887367725372314,Y,2.8282742500305176,Q,1.9273604154586792,Q,1.2475085258483887,Q,1.244438886642456,Q,1.5056101083755493,S,1.3320798873901367,V,1.455072283744812,C,1.644371747970581,Q,1.7392442226409912,A,4.9594221115112305,C,1.2786933183670044,E,2.806790351867676,V,1.8111928701400757,G,2.837954521179199,G,1.4074617624282837,Q,1.3122892379760742
402,R,2.4465540470900358,R,2.096944808959961,R,3.710360288619995,K,1.2796391248703003,R,2.6308634281158447,R,2.6030218601226807,R,1.4608756303787231,R,2.2483808994293213,R,2.1667752265930176,R,1.0508124828338623,R,2.3904621601104736,R,2.121002674102783,R,1.354284405708313,R,1.3180333375930786,R,2.5487029552459717,R,2.5101730823516846,R,2.371382474899292,R,1.342820405960083,R,4.487703323364258,R,1.5072169303894043,R,1.609645128250122,R,0.9885513782501221,Q,7.304491996765137,R,1.2460944652557373,R,1.3557426929473877,R,8.347536087036133,R,1.4137099981307983,R,2.5917320251464844
403,R,1.757275989762059,I,1.1503063440322876,K,1.4028451442718506,R,2.4913065433502197,R,1.7225078344345093,R,1.700149416923523,K,1.4875249862670898,L,1.8352577686309814,L,1.9914065599441528,V,3.5504772663116455,L,1.3095027208328247,R,1.5721572637557983,V,1.1260684728622437,K,2.841226816177368,R,1.7356969118118286,R,1.7326724529266357,S,1.8720296621322632,I,1.5205849409103394,I,1.877659797668457,I,2.7232437133789062,L,1.6280183792114258,T,1.3856642246246338,E,1.4654803276062012,K,1.2573436498641968,L,1.8795396089553833,R,0.9086369872093201,R,1.455757975578308,K,1.8233859539031982
404,M,1.8276516530248854,E,2.8288986682891846,M,1.5570178031921387,I,1.4804449081420898,V,1.622197151184082,V,1.604838490486145,I,1.395604133605957,G,1.5693960189819336,G,1.6236974000930786,E,1.315267562866211,G,4.033568382263184,L,3.1560990810394287,E,1.386114239692688,V,2.433154821395874,V,1.6206468343734741,V,1.6075057983398438,L,1.212612271308899,E,2.892092704772949,E,1.6107780933380127,E,1.0308102369308472,D,1.645903468132019,L,1.8410810232162476,V,1.9632880687713623,T,1.7507771253585815,V,2.285078763961792,T,0.991299569606781,T,1.545177698135376,L,1.3432443141937256
405,F,2.0982393556170993,L,2.3635571002960205,A,1.3258697986602783,S,1.747893214225769,A,2.7924880981445312,A,2.701399087905884,A,2.5729665756225586,F,1.6011419296264648,F,1.5104106664657593,L,1.840733528137207,F,1.6735286712646484,I,1.2580029964447021,I,1.3804172277450562,A,2.0782082080841064,A,2.7218031883239746,A,2.679717540740967,I,2.1558876037597656,S,3.9641458988189697,L,2.1697590351104736,L,2.494483709335327,L,1.5585016012191772,W,1.720467209815979,V,1.2783360481262207,A,1.8199520111083984,L,2.241971254348755,I,2.457427501678467,I,2.5268476009368896,V,2.016545295715332
406,T,1.9075184839743156,A,3.834230661392212,A,2.143281936645508,A,1.2361501455307007,A,1.678657054901123,A,1.697066068649292,A,1.637540340423584,A,0.9906392693519592,A,1.1244630813598633,T,1.354021668434143,A,1.65298593044281,T,2.132185459136963,T,3.295032501220703,T,0.9283356070518494,A,1.6990220546722412,A,1.701086163520813,A,2.2174909114837646,A,1.2536424398422241,A,1.590409278869629,T,1.5115101337432861,T,1.5384349822998047,A,1.735929250717163,A,1.9199832677841187,A,3.8616230487823486,T,1.318310022354126,T,2.923198699951172,T,1.652893304824829,A,2.874875783920288
407,K,1.6693666202050668,K,1.4702500104904175,I,1.7607768774032593,R,1.453906774520874,K,1.419337272644043,K,1.256224513053894,K,1.5292588472366333,K,1.969138741493225,K,1.884304404258728,K,1.5533063411712646,K,1.2161115407943726,K,1.9597281217575073,K,1.8664164543151855,K,1.6109402179718018,K,1.280593991279602,K,1.277061939239502,K,1.1975171566009521,K,1.7962331771850586,K,1.7839696407318115,K,1.1514487266540527,K,1.861625075340271,K,1.9745241403579712,K,1.5118908882141113,K,1.3137024641036987,K,1.8435918092727661,K,1.988626480102539,K,3.2764925956726074,K,1.8659205436706543
408,V,2.335414449373881,T,1.7327247858047485,I,5.416431427001953,L,1.9710004329681396,I,1.398560643196106,I,1.4115192890167236,I,2.2452096939086914,I,5.654883861541748,I,5.757659912109375,I,3.5740280151367188,M,1.7917190790176392,V,2.5866541862487793,I,1.4863265752792358,I,1.1320117712020874,I,1.4132736921310425,I,1.4093883037567139,I,1.2484427690505981,A,2.316570281982422,A,2.483330488204956,I,2.0416617393493652,P,1.4543043375015259,N,1.412445306777954,V,1.5121290683746338,I,2.238753318786621,A,1.5037726163864136,V,1.7797832489013672,V,1.8513946533203125,I,4.232210636138916
409,F,1.9639643209951896,I,1.4605287313461304,I,1.7523629665374756,F,1.52249014377594,I,2.4779350757598877,I,2.5013906955718994,I,2.1164870262145996,S,1.4725873470306396,S,1.320246696472168,A,1.3433202505111694,C,6.431846618652344,I,1.0492961406707764,I,1.6260985136032104,I,1.4865590333938599,I,2.5095534324645996,I,2.5163369178771973,I,1.7826364040374756,A,1.4408329725265503,I,2.250467538833618,V,3.145634174346924,I,1.2908378839492798,G,1.4831466674804688,A,1.7375037670135498,I,1.5331395864486694,A,1.7517575025558472,A,2.3205926418304443,A,1.2801578044891357,I,1.4232901334762573
410,A,2.158240243240639,A,1.5446523427963257,T,1.074305772781372,V,5.413642883300781,T,1.7089176177978516,T,1.7365446090698242,T,1.3717410564422607,H,1.6252708435058594,H,1.7293959856033325,T,1.26676607131958,H,1.5456644296646118,V,1.2497589588165283,S,1.587303638458252,T,5.694008827209473,T,1.6941680908203125,T,1.6905752420425415,A,1.9562811851501465,A,1.7220288515090942,S,1.4452327489852905,S,3.286417007446289,S,1.3697870969772339,V,1.6356229782104492,Q,2.3613524436950684,T,1.5137805938720703,V,3.8174238204956055,V,1.028264045715332,A,5.008922576904297,A,2.1946568489074707
411,L,2.6120099314936884,I,1.6116636991500854,F,2.8892834186553955,L,2.3148281574249268,L,5.391676902770996,L,5.4259748458862305,L,1.679542064666748,L,2.626394510269165,L,2.6771740913391113,L,1.4092543125152588,L,1.9661263227462769,F,3.7297983169555664,L,2.3493661880493164,L,1.6768500804901123,L,5.427524566650391,L,5.439216613769531,L,3.596879482269287,L,2.8849804401397705,I,1.2963488101959229,F,2.521848440170288,L,1.6046757698059082,L,1.5669286251068115,L,2.217717170715332,L,1.4222718477249146,V,1.1193395853042603,M,2.230461359024048,M,2.0405688285827637,L,1.4075736999511719
412,I,1.7717765481383712,L,3.1304118633270264,V,1.2415516376495361,I,1.2568080425262451,A,1.3111811876296997,A,1.3017526865005493,I,3.0178282260894775,G,1.8506230115890503,G,1.9954274892807007,I,1.8041843175888062,V,2.4089558124542236,I,1.5844662189483643,V,2.6946306228637695,I,1.6567426919937134,A,1.303240418434143,A,1.3065171241760254,T,1.3174351453781128,L,2.4060943126678467,L,1.9047620296478271,V,1.6499429941177368,V,2.5926685333251953,T,1.5479741096496582,I,1.1743043661117554,I,1.3965768814086914,I,1.2027257680892944,I,1.328978180885315,I,1.9149454832077026,I,1.5372376441955566
413,T,1.881278015949108,L,1.154463291168213,T,1.8860735893249512,T,1.5556892156600952,T,1.954128623008728,T,1.8770134449005127,T,1.9701063632965088,T,2.2432546615600586,T,2.068474769592285,T,1.9370313882827759,T,1.9051482677459717,S,2.7512705326080322,Y,1.0708136558532715,T,2.424124240875244,T,1.946620225906372,T,1.9306402206420898,T,2.4800963401794434,Y,1.2917863130569458,L,1.8309767246246338,Y,2.099195718765259,Y,3.6458609104156494,T,1.4862278699874878,I,2.020408868789673,T,2.1988935470581055,T,1.0725375413894653,T,1.2176928520202637,T,1.3955729007720947,S,1.3804043531417847
414,T,1.9237634340922039,V,1.9962215423583984,I,2.731121301651001,I,1.5883421897888184,S,1.2614551782608032,S,1.2642934322357178,S,4.722208023071289,V,1.2460436820983887,V,1.3301844596862793,T,2.1071014404296875,V,1.9209811687469482,I,1.4364523887634277,V,1.1786069869995117,S,1.6259167194366455,S,1.2635513544082642,S,1.248603105545044,V,1.5533313751220703,V,1.3808581829071045,V,1.7221916913986206,I,1.4139636754989624,V,1.2748477458953857,I,1.7766988277435303,I,1.4163527488708496,A,1.5304518938064575,V,1.6608167886734009,T,8.279500007629395,T,1.5217652320861816,V,1.4897515773773193
415,I,1.846049706141154,I,1.1616103649139404,I,2.046834707260132,I,1.4319462776184082,I,1.2748422622680664,I,1.281115174293518,L,1.2147451639175415,L,4.405322074890137,L,3.8948447704315186,I,1.7942546606063843,L,1.2073651552200317,I,1.3070354461669922,V,1.4841409921646118,L,2.1312193870544434,I,1.278302550315857,I,1.263878583908081,V,1.5637246370315552,I,3.0168423652648926,I,1.5178776979446411,V,1.4936670064926147,I,1.5741609334945679,V,1.6478943824768066,I,2.961916923522949,L,1.4828989505767822,A,2.9485435485839844,L,1.2726261615753174,L,1.770801067352295,V,1.414930820465088
416,D,2.1370765191537364,D,1.8538907766342163,D,3.7118594646453857,D,1.0069115161895752,D,1.2692874670028687,D,1.2625833749771118,D,2.462092399597168,D,4.588933944702148,D,4.6200056076049805,D,2.7704644203186035,D,3.6486330032348633,D,1.5191491842269897,D,3.106243371963501,D,1.0432668924331665,D,1.2728151082992554,D,1.2488963603973389,D,3.1952221393585205,D,1.504921317100525,D,2.104156017303467,D,1.1905702352523804,D,1.8897188901901245,D,1.331009030342102,D,1.6573538780212402,D,2.2036163806915283,D,2.6709678173065186,D,0.9845342636108398,D,1.412536382675171,D,2.171426773071289
417,D,1.9065981750135068,D,1.2252994775772095,D,0.9885613918304443,D,1.7729257345199585,D,1.1495691537857056,D,1.1390831470489502,D,1.2077479362487793,D,2.824854612350464,D,2.937480926513672,D,1.3833736181259155,D,4.634945392608643,D,1.188751459121704,D,3.024510145187378,D,2.080860137939453,D,1.1513384580612183,D,1.2394589185714722,D,1.3190401792526245,D,1.5095568895339966,D,1.3429677486419678,D,1.0388059616088867,D,1.4212592840194702,D,1.464964747428894,D,3.68353271484375,D,1.8730729818344116,D,2.0638389587402344,D,1.3556467294692993,D,1.3712495565414429,D,5.08545446395874
418,V,1.7901647399972986,I,1.6000020503997803,V,1.5794026851654053,I,1.6692423820495605,V,1.5179585218429565,V,1.5096206665039062,V,1.3829187154769897,I,1.9772052764892578,I,1.8002808094024658,I,2.7778513431549072,I,3.152067184448242,I,1.5051701068878174,I,1.103922724723816,V,1.4585485458374023,V,1.5018844604492188,V,1.487656593322754,V,2.1657934188842773,I,1.589572787284851,I,3.7297866344451904,I,2.0183653831481934,I,1.4773509502410889,F,1.041425347328186,I,1.2658885717391968,V,1.3095389604568481,F,1.810835599899292,V,1.5863900184631348,V,3.296926259994507,V,1.0188419818878174
419,Y,1.868690949899179,F,2.230851411819458,Y,3.691331624984741,Y,1.0294783115386963,Y,1.9921804666519165,Y,1.989568829536438,Y,1.2297937870025635,Y,1.166250467300415,Y,0.8508347272872925,Y,2.2455129623413086,Y,1.7348968982696533,Y,2.3944878578186035,F,2.9459733963012695,Y,1.8154910802841187,Y,1.9577850103378296,Y,1.9466100931167603,Y,1.353786587715149,F,2.262904405593872,F,1.3347704410552979,F,1.65280282497406,F,3.5404856204986572,F,1.5717955827713013,Y,1.3032288551330566,Y,1.5004223585128784,F,2.0735232830047607,Y,1.6259809732437134,Y,1.0024102926254272,Y,2.0114974975585938
420,D,2.0388075400281838,D,3.9789881706237793,D,2.7684547901153564,D,1.298466444015503,D,1.9504218101501465,D,1.9628205299377441,D,1.4258114099502563,D,1.379162311553955,D,1.2480757236480713,D,2.4260168075561523,D,0.9942073225975037,D,1.8892943859100342,D,1.6524605751037598,D,1.6654694080352783,D,1.9447343349456787,D,1.904354453086853,D,1.5223814249038696,D,1.2379543781280518,D,1.751065731048584,D,3.46940279006958,D,2.6170897483825684,D,4.435241222381592,D,0.9980217218399048,D,2.713491916656494,D,2.26189923286438,D,1.7375869750976562,D,2.305236577987671,D,1.5096933841705322
421,V,2.3917098575168185,T,1.396539330482483,V,1.1705516576766968,V,5.051064491271973,I,3.537400722503662,I,3.6073341369628906,I,1.4578129053115845,T,1.5045775175094604,T,1.4673850536346436,V,1.3955402374267578,T,1.3964381217956543,V,2.5571348667144775,L,1.9923583269119263,I,1.95966374874115,I,3.542928457260132,I,3.5268824100494385,V,2.417393684387207,T,4.254899024963379,T,2.4121899604797363,L,2.2040462493896484,V,1.1203815937042236,V,2.9920737743377686,V,1.2350589036941528,I,2.2689032554626465,V,3.62666392326355,V,2.526927947998047,V,1.6597896814346313,I,2.2942261695861816
422,Y,1.8104542405517012,H,2.4709384441375732,Y,1.2647221088409424,Y,1.7289410829544067,Y,1.4981980323791504,Y,1.4366791248321533,Y,2.203432321548462,F,1.2736865282058716,F,1.4730695486068726,Y,1.2892088890075684,F,2.4715497493743896,Y,1.2971279621124268,V,1.2756013870239258,Y,2.068143367767334,Y,1.498686671257019,Y,1.503349781036377,Y,1.587243676185608,Y,1.4174565076828003,Y,1.103520154953003,V,1.3036075830459595,Y,2.3004343509674072,A,1.3650602102279663,Y,4.195493698120117,Y,4.391295909881592,E,1.6319096088409424,F,1.2294189929962158,F,1.5922690629959106,Y,2.0112197399139404
423,G,1.9964143567615085,G,1.7316511869430542,G,2.192431926727295,G,2.3441662788391113,G,1.2272142171859741,G,1.2273989915847778,G,3.936763286590576,G,1.6882234811782837,G,1.7002969980239868,G,1.5819038152694702,G,2.177109718322754,G,1.5249683856964111,G,2.4136762619018555,G,2.385754346847534,G,1.2450416088104248,G,1.2423175573349,G,1.9944875240325928,G,1.3683593273162842,G,1.2233997583389282,G,2.2261178493499756,G,2.262880802154541,G,1.2765716314315796,G,4.394753932952881,G,1.272194266319275,G,2.4160408973693848,G,1.6180599927902222,G,2.319129467010498,G,2.912274122238159
424,T,2.220580107635922,T,1.9603698253631592,T,1.5343241691589355,T,1.8738343715667725,T,3.7032997608184814,T,3.7510688304901123,T,0.9640060067176819,T,1.5098838806152344,T,1.5627872943878174,S,1.6964994668960571,T,1.83126962184906,T,1.7034026384353638,T,2.7245564460754395,T,1.5446887016296387,T,3.692113161087036,T,3.703293800354004,T,1.3494616746902466,K,2.1915361881256104,E,1.903932809829712,T,1.3967585563659668,E,1.364080548286438,S,2.7502830028533936,T,1.234545350074768,T,2.102820634841919,S,1.321130394935608,T,2.323054075241089,T,6.866803169250488,T,1.3958585262298584
425,L,1.8017496930228338,L,1.2776905298233032,L,1.5843753814697266,L,1.8035521507263184,L,1.455170750617981,L,1.4709861278533936,L,1.8738764524459839,M,2.456915855407715,M,2.7180333137512207,L,3.073028802871704,I,2.4300923347473145,L,2.4515931606292725,L,1.1202558279037476,L,1.9686115980148315,L,1.4203832149505615,L,1.4110023975372314,L,2.479484796524048,M,1.4330029487609863,M,1.7590596675872803,R,1.3060595989227295,L,1.332426905632019,K,1.572304368019104,V,2.1950795650482178,L,1.1591771841049194,M,1.588196873664856,L,2.734426736831665,L,1.2003557682037354,L,1.3720993995666504
426,D,1.9917890032132466,D,2.143002986907959,E,1.9493635892868042,E,1.9408316612243652,D,2.802325963973999,D,2.8280069828033447,D,1.3214037418365479,D,2.4323105812072754,D,1.4524500370025635,N,2.6585443019866943,D,2.5973827838897705,D,1.762856364250183,E,2.047682046890259,D,2.5631496906280518,D,2.8049309253692627,D,2.809979200363159,D,1.808383584022522,D,1.3745017051696777,D,1.5327448844909668,E,1.7505836486816406,E,1.8195805549621582,E,2.1116034984588623,D,1.595367193222046,D,1.3252506256103516,V,1.4457780122756958,G,2.785341262817383,G,0.8447478413581848,D,1.2701994180679321
427,E,1.8817773660024006,E,2.3977465629577637,E,1.369344711303711,E,1.4902918338775635,E,1.2184771299362183,E,1.258370280265808,E,3.5567421913146973,E,1.3390123844146729,E,1.9225478172302246,E,1.0782012939453125,E,0.9069058895111084,E,2.5011565685272217,E,1.3349049091339111,E,1.3334776163101196,E,1.207338571548462,E,1.2058569192886353,E,4.04052734375,E,1.8317961692810059,D,1.5309151411056519,E,3.6528780460357666,E,1.8599565029144287,E,1.407729148864746,E,1.3022881746292114,E,1.2779773473739624,D,1.7371723651885986,E,5.220790863037109,E,1.477697730064392,E,1.3478853702545166
428,L,1.8319163543206674,L,1.1426969766616821,L,1.5586153268814087,L,2.07570743560791,L,1.130778193473816,L,1.1805002689361572,L,1.704891324043274,L,2.088580369949341,L,1.8662700653076172,L,2.8447203636169434,L,1.7008440494537354,L,1.0505586862564087,L,1.4363248348236084,L,1.4550374746322632,L,1.1490426063537598,L,1.1257060766220093,L,1.2655963897705078,L,1.467760682106018,L,3.285451650619507,L,1.8544762134552002,L,1.930886149406433,L,1.2840172052383423,L,3.160741090774536,L,1.3482353687286377,L,1.9042569398880005,L,4.336956024169922,L,2.742130756378174,L,1.3709590435028076
429,E,2.4059146068714283,I,1.6981912851333618,E,3.0946669578552246,E,1.550815224647522,Q,2.6134986877441406,Q,2.4011781215667725,Q,2.904961585998535,E,2.599590539932251,E,2.1972811222076416,K,1.498347520828247,E,1.5431362390518188,E,1.8156791925430298,S,1.3555315732955933,Q,6.860658168792725,Q,2.674882650375366,Q,2.6360158920288086,Q,2.1580395698547363,I,1.8594263792037964,I,1.914129376411438,S,1.1005170345306396,T,1.6234629154205322,E,1.3773847818374634,E,3.3363819122314453,Q,1.4969079494476318,E,3.0012714862823486,E,3.869908332824707,E,2.050642728805542,K,3.727187156677246
430,L,1.8227550983428955,L,2.9714105129241943,L,2.0254344940185547,L,1.7784404754638672,L,1.367647409439087,L,1.2779039144515991,L,1.2496486902236938,L,2.2885663509368896,L,2.2889657020568848,V,1.471850037574768,L,1.8154146671295166,L,1.598989486694336,A,1.7486779689788818,L,2.367629289627075,L,1.256362795829773,L,1.3414185047149658,L,1.4633113145828247,L,1.720510721206665,L,1.2239258289337158,C,2.061406373977661,I,2.3905961513519287,N,1.5836886167526245,L,1.3861325979232788,L,2.1101200580596924,K,1.789864420890808,Q,2.83024263381958,Q,2.415736198425293,L,1.3904924392700195
431,F,2.330935102921945,F,1.1831852197647095,F,3.037372350692749,F,2.3232803344726562,F,2.161411762237549,F,2.373781681060791,F,1.1777762174606323,F,4.4395575523376465,F,4.440700054168701,F,2.4223759174346924,F,4.438018321990967,F,1.48811674118042,F,2.189789056777954,F,2.0966246128082275,F,2.2501022815704346,F,2.4340977668762207,F,1.5506672859191895,F,1.9318292140960693,F,2.0305302143096924,F,1.3482720851898193,F,1.3999006748199463,L,1.8081083297729492,F,0.9435651302337646,F,4.593738555908203,L,0.9955209493637085,F,2.2576026916503906,F,2.423428535461426,F,3.195894241333008
432,T,2.082303453374792,T,2.170656204223633,T,1.2852612733840942,T,1.4518301486968994,T,3.413158655166626,T,3.454951763153076,T,2.639646053314209,T,1.5370742082595825,T,1.5148518085479736,T,3.6325795650482178,T,1.9911714792251587,T,1.0015277862548828,T,2.03007173538208,T,1.6073414087295532,T,3.3682968616485596,T,3.3206896781921387,T,1.318281888961792,T,2.011563777923584,T,2.7615134716033936,T,2.246992826461792,T,2.4005661010742188,V,1.437476396560669,T,1.2196909189224243,T,1.2978484630584717,T,2.45540452003479,T,1.5666515827178955,T,1.0921145677566528,T,1.9949800968170166
433,D,1.747021988586143,N,1.1337552070617676,D,1.9778990745544434,K,1.3778302669525146,D,1.9738026857376099,D,2.004610300064087,D,1.3574190139770508,A,1.4036016464233398,A,1.4662214517593384,H,1.3131884336471558,S,1.0277667045593262,L,1.5985491275787354,E,1.6373486518859863,N,1.8019708395004272,D,1.9594168663024902,D,1.93648362159729,D,1.326406717300415,D,1.459333062171936,D,2.8365819454193115,Q,1.5270260572433472,R,4.766611099243164,M,1.7489644289016724,N,1.3018206357955933,H,1.661312222480774,D,1.5227173566818237,D,1.2174606323242188,D,2.6413424015045166,D,1.1901532411575317
434,V,2.1228825008427656,A,2.7936208248138428,M,0.7862638235092163,A,1.7528607845306396,N,3.4730427265167236,N,3.4450807571411133,A,2.1835079193115234,A,2.415830135345459,A,2.4872541427612305,A,0.8121634125709534,A,1.293355941772461,A,2.0189437866210938,A,2.4303505420684814,L,2.158048152923584,N,3.5122132301330566,N,3.516092300415039,A,1.572788119316101,A,3.3128128051757812,A,2.1470863819122314,A,1.6833646297454834,V,1.3777234554290771,L,1.6075373888015747,A,2.2809247970581055,V,1.1472927331924438,A,1.2012205123901367,V,1.0262465476989746,V,2.0630245208740234,V,2.8191771507263184
435,V,2.086839199066162,I,1.3376964330673218,I,2.4779715538024902,V,2.5960493087768555,F,2.2108356952667236,F,2.2382168769836426,I,3.8998186588287354,V,1.8058909177780151,L,1.740364670753479,V,1.6564940214157104,I,1.5605759620666504,I,2.2871510982513428,V,1.349304437637329,F,1.1998939514160156,F,2.236070156097412,F,2.2296102046966553,I,2.4344797134399414,I,2.85282301902771,I,1.4343730211257935,I,1.603308916091919,V,1.5073623657226562,V,2.0056920051574707,I,1.7746473550796509,I,3.7927262783050537,V,1.7894036769866943,I,1.295505404472351,I,1.5720833539962769,M,3.4563093185424805
436,E,2.1440846434345953,R,3.4926865100860596,R,1.8329418897628784,E,3.514672040939331,R,1.0581886768341064,R,1.0694372653961182,Q,1.0315767526626587,K,1.6497246026992798,K,1.7607918977737427,K,1.4828063249588013,K,1.4778001308441162,Q,1.5727732181549072,K,2.8506946563720703,E,1.3385493755340576,R,1.0701478719711304,R,1.0701522827148438,R,4.0908989906311035,R,3.7663774490356445,R,1.3179363012313843,R,2.144558906555176,E,1.6602977514266968,E,3.3664231300354004,D,2.4646761417388916,R,3.0755057334899902,R,2.0613656044006348,N,1.3951250314712524,N,4.222071647644043,R,2.052105188369751
437,R,2.078788794853069,R,1.1654614210128784,R,1.2838302850723267,R,2.945261240005493,R,2.7721376419067383,R,2.7989370822906494,R,2.788032054901123,R,2.180762529373169,R,2.1840806007385254,R,1.77218496799469,R,2.378572940826416,R,4.671384334564209,M,2.02571964263916,R,1.155605673789978,R,2.865605115890503,R,2.7581892013549805,R,1.750366449356079,R,1.2901859283447266,R,1.4312684535980225,M,1.4714888334274292,R,1.3487472534179688,M,3.166212558746338,R,2.711737871170044,R,1.7180320024490356,R,1.5182626247406006,R,1.35822331905365,R,1.706717848777771,R,0.9102895855903625
438,W,2.375352802100005,W,1.1708201169967651,W,2.1888344287872314,W,1.126354455947876,W,3.1823201179504395,W,3.233400583267212,W,2.273515224456787,W,2.346522331237793,W,2.37027645111084,W,3.155628204345703,W,5.876461982727051,W,1.7131917476654053,W,3.1144728660583496,W,1.8949071168899536,W,3.2504937648773193,W,3.2033870220184326,W,1.8843615055084229,W,1.5502452850341797,W,1.5515414476394653,W,2.428269624710083,W,1.8737027645111084,W,2.9360601902008057,W,3.3893182277679443,W,1.2831573486328125,W,1.8606624603271484,W,2.2907509803771973,W,1.782903790473938,W,1.2029656171798706
439,D,1.8997013237741258,D,2.0401272773742676,D,4.178479194641113,D,1.8121758699417114,D,2.027374744415283,D,1.9234955310821533,D,0.9432336091995239,H,2.165116310119629,H,2.1029646396636963,D,3.5984857082366943,N,1.4294151067733765,D,0.9724394679069519,D,1.7444552183151245,D,1.3812376260757446,D,1.9253681898117065,D,1.9248170852661133,D,1.3814672231674194,D,1.1748095750808716,D,2.2728776931762695,D,1.4249165058135986,D,1.6193020343780518,D,1.7835224866867065,D,2.7393367290496826,D,1.1429299116134644,D,3.7226736545562744,D,1.1977276802062988,D,1.4588868618011475,D,1.204299807548523
440,I,2.0735925275545855,L,1.3337454795837402,N,2.0843825340270996,V,2.105463981628418,T,0.8894723057746887,T,0.8697389960289001,T,3.2070181369781494,P,4.693450927734375,P,4.603732585906982,I,1.7924038171768188,S,1.6085397005081177,T,2.365339994430542,T,1.3103101253509521,N,3.493248701095581,T,0.860736072063446,T,0.8595662117004395,I,2.3606321811676025,L,1.1299744844436646,L,1.9299112558364868,L,2.942368507385254,H,1.6969891786575317,E,2.0782113075256348,L,1.3757801055908203,T,2.323103666305542,-,,I,2.498016595840454,I,1.6286383867263794,A,1.8726304769515991
441,N,1.594327037334442,E,1.1060994863510132,I,1.7485177516937256,N,1.6849281787872314,E,1.1785831451416016,E,1.1743800640106201,E,2.9150331020355225,S,1.8373887538909912,S,1.8572078943252563,N,1.3688791990280151,-,,K,1.6163408756256104,V,1.961618185043335,A,1.7772753238677979,E,1.1780824661254883,E,1.1776981353759766,E,1.817324161529541,E,1.7256746292114258,E,2.447054147720337,A,1.983590841293335,K,0.6930361390113831,H,1.0777933597564697,E,0.9488534927368164,E,1.388101577758789,-,,K,1.126255750656128,K,1.959610939025879,E,2.1088483333587646
442,A,2.3084981203079225,A,1.5226037502288818,-,,-,,-,,-,,-,,-,,-,,A,3.562047004699707,S,2.786156415939331,-,,-,,-,,-,,-,,-,,-,,-,,A,1.9323310852050781,-,,H,1.7393523454666138,-,,-,,-,,-,,-,,-,
443,-,2.0806336817534072,-,,S,3.8342857360839844,A,1.114173412322998,S,1.3534759283065796,S,1.3516509532928467,S,2.027141571044922,A,1.7428675889968872,A,1.8946788311004639,-,,E,2.086636781692505,A,4.7622222900390625,A,1.4235823154449463,S,1.7222965955734253,S,1.3435591459274292,S,1.3309320211410522,S,2.9472646713256836,A,1.5887162685394287,A,2.3441646099090576,-,,G,2.4919567108154297,K,1.2446932792663574,A,1.3237358331680298,S,2.0164906978607178,-,,A,1.4785032272338867,A,3.228208303451538,S,3.2033379077911377
444,M,1.961202652366073,M,1.5590035915374756,I,2.2089757919311523,I,1.8036344051361084,L,2.1000266075134277,L,2.073793888092041,I,0.8373881578445435,T,2.133453845977783,T,1.8678748607635498,V,1.6092759370803833,I,1.5337046384811401,M,1.904504418373108,A,1.9794198274612427,I,1.1207863092422485,L,2.07163405418396,L,2.0683248043060303,I,1.290199637413025,M,0.7285617589950562,M,2.486426830291748,A,3.309068202972412,L,3.9680395126342773,V,1.3647122383117676,M,1.612083911895752,A,3.3212945461273193,A,1.6370348930358887,I,1.5968104600906372,I,2.2161197662353516,F,2.550318717956543
445,D,1.921412331086618,E,1.8775688409805298,S,1.7413661479949951,N,2.185035467147827,G,2.5451483726501465,G,2.543806552886963,S,1.2863521575927734,K,1.9100358486175537,K,1.9465548992156982,E,1.2223913669586182,E,1.1122204065322876,E,1.1398195028305054,D,2.7482552528381348,G,1.5094372034072876,G,2.56713604927063,G,2.5314104557037354,N,1.2336554527282715,E,2.267047166824341,E,2.4627649784088135,D,1.493188738822937,K,1.024552583694458,E,1.8470960855484009,E,1.5666755437850952,T,1.8034629821777344,E,1.842738389968872,E,2.7485108375549316,E,1.3624322414398193,D,3.359469413757324
446,Q,2.0512822380772344,D,1.7389180660247803,Q,5.9116973876953125,E,1.5777699947357178,G,1.8934708833694458,I,1.917883276939392,R,1.2919158935546875,W,1.7874797582626343,W,1.9264532327651978,N,2.0411813259124756,H,1.667068600654602,Q,2.5045483112335205,S,0.5930867195129395,R,1.1286585330963135,R,1.912257194519043,R,1.9012620449066162,Q,2.690613031387329,G,3.2332561016082764,G,1.8262273073196411,S,1.9134273529052734,T,1.1905280351638794,F,2.350156307220459,Q,3.407461404800415,Q,2.622328281402588,G,1.6686944961547852,Q,1.6817117929458618,Q,1.3587031364440918,Q,1.6478619575500488
447,L,1.7743005531805534,L,1.553950309753418,L,1.588152289390564,L,1.6487717628479004,L,1.2196154594421387,P,1.3315867185592651,L,1.8811405897140503,L,1.306114673614502,L,1.0585675239562988,M,2.609391689300537,L,0.9507482051849365,L,1.1876208782196045,L,1.3971493244171143,L,2.338446617126465,L,1.318448543548584,L,1.4890483617782593,L,1.4253641366958618,L,1.9563627243041992,L,1.322853446006775,L,1.2606838941574097,L,2.4400079250335693,Y,2.069664716720581,L,1.5650808811187744,L,2.0713019371032715,L,2.834226608276367,L,3.0560073852539062,L,3.0637598037719727,L,1.9620485305786133
448,P,1.918897842919385,P,2.0466065406799316,P,1.9369935989379883,P,2.6893599033355713,P,2.9859514236450195,P,2.945819854736328,P,2.3152918815612793,P,2.124479293823242,P,1.7215152978897095,P,0.7880118489265442,P,1.086349368095398,P,1.2231035232543945,P,4.150986194610596,P,1.5271295309066772,P,2.92508864402771,P,2.8722727298736572,P,1.5974637269973755,P,1.5773749351501465,P,1.1906147003173828,P,1.7345705032348633,P,2.0127410888671875,S,1.5928739309310913,P,2.6837329864501953,P,1.0169236660003662,G,1.280924916267395,P,1.1895232200622559,P,1.5890171527862549,P,1.005521297454834
449,D,2.1873073666184037,E,1.4620112180709839,Y,1.9694851636886597,E,1.5858263969421387,Y,1.7405815124511719,Y,1.746353030204773,Y,2.133408308029175,E,1.387304663658142,E,1.4362404346466064,E,1.737743616104126,E,5.9945831298828125,D,2.4582483768463135,S,2.8264687061309814,E,2.009429931640625,Y,1.7356635332107544,Y,1.693718671798706,S,4.997961521148682,E,2.5591840744018555,E,2.465400457382202,S,2.41326642036438,K,1.8574641942977905,E,2.92667818069458,E,1.4959838390350342,Y,1.9778188467025757,S,1.5290241241455078,D,1.065795660018921,D,1.5303033590316772,Y,2.3213515281677246
450,Y,1.9711455393720556,Y,2.99869704246521,Y,2.1909022331237793,Y,1.445061445236206,S,1.9729996919631958,S,1.963840365409851,Y,1.2732253074645996,Y,1.4446061849594116,Y,1.2673711776733398,Y,2.051724433898926,Y,1.220130443572998,Y,2.576059103012085,C,1.2020418643951416,Y,1.7135437726974487,S,1.9498597383499146,S,2.096313953399658,Y,1.4460121393203735,Y,1.3404219150543213,Y,3.1713948249816895,C,0.7882443070411682,Y,2.5319275856018066,Q,1.1595864295959473,Y,1.5115565061569214,Y,2.585206985473633,H,4.912472724914551,Y,0.7763665914535522,Y,4.289334774017334,Y,1.342028021812439
451,M,2.0691855086220636,M,4.070132732391357,M,1.6292266845703125,M,1.766762137413025,M,1.0615195035934448,M,1.046398639678955,M,3.5814361572265625,M,3.1434969902038574,M,2.74501895904541,L,2.4027600288391113,M,1.7443677186965942,M,4.047481536865234,M,3.428694725036621,L,1.2101866006851196,M,1.0540578365325928,M,1.0321166515350342,M,2.202406167984009,M,1.1762863397598267,M,1.281915545463562,M,1.0890854597091675,M,1.7296425104141235,V,1.961373209953308,M,2.1028549671173096,L,2.4775373935699463,S,1.6771665811538696,M,1.542820692062378,M,3.0989646911621094,M,1.5642982721328735
452,K,2.07719467304371,R,1.72408127784729,Q,1.3960795402526855,K,1.562230110168457,Q,2.295396327972412,Q,2.2770986557006836,Q,1.7898551225662231,K,1.850221872329712,K,1.887549877166748,Q,4.180957317352295,K,1.8022359609603882,K,0.8313877582550049,R,1.5214719772338867,Q,1.8792164325714111,Q,2.286057949066162,Q,2.233079195022583,Q,1.5931649208068848,K,1.5930207967758179,K,1.7268235683441162,R,3.6689276695251465,R,3.360379219055176,E,3.5819811820983887,K,2.3979058265686035,Q,1.1595988273620605,K,1.459778070449829,K,2.3126718997955322,K,1.8919191360473633,K,1.821165680885315
453,I,1.8983951807022095,I,1.4893306493759155,V,1.1019254922866821,M,3.8788509368896484,L,1.3701012134552002,L,1.4547234773635864,L,1.9734327793121338,G,2.1149706840515137,G,2.1754674911499023,L,1.0607787370681763,C,1.6432628631591797,V,1.5533260107040405,S,1.4381636381149292,L,5.1614155769348145,L,1.4626286029815674,L,1.4342693090438843,L,1.2746589183807373,I,4.197314262390137,I,1.3450523614883423,S,2.1928329467773438,V,1.6448023319244385,I,1.1020725965499878,T,1.4888157844543457,L,1.0560433864593506,T,1.747818946838379,I,1.7414524555206299,I,1.992142915725708,I,2.161015510559082
454,C,1.9283340109719171,C,1.664607286453247,C,1.3063687086105347,P,1.7139866352081299,F,1.647524118423462,F,1.5909831523895264,F,1.02128267288208,V,1.2450299263000488,V,1.308637261390686,G,1.694921612739563,V,1.610576868057251,C,1.7702387571334839,C,1.3328077793121338,F,2.993345260620117,F,1.6505625247955322,F,1.6526578664779663,C,2.4362447261810303,C,4.2611985206604,C,2.138026714324951,C,1.2372263669967651,C,1.5492991209030151,I,0.9003897905349731,C,1.5758326053619385,F,1.064673662185669,I,1.9294272661209106,C,6.159742832183838,C,2.1515719890594482,C,2.4578542709350586
455,F,2.582467520678485,Y,1.6991065740585327,Y,1.7649579048156738,F,1.1881160736083984,Y,1.62112295627594,Y,1.580113172531128,Y,2.292896032333374,Y,2.5884580612182617,Y,2.517576217651367,F,4.088189125061035,Y,6.265176296234131,Y,4.515069007873535,Y,2.4219577312469482,Y,2.379547119140625,Y,1.6069221496582031,Y,1.5948277711868286,Y,3.295872926712036,Y,2.2264273166656494,Y,2.5701262950897217,F,2.461763381958008,F,1.7340152263641357,F,1.2674680948257446,F,4.952700138092041,Y,3.9562649726867676,F,1.4136070013046265,F,3.2605292797088623,F,1.6410146951675415,Y,2.8227975368499756
456,L,1.9688273006015353,M,1.0843427181243896,L,1.3263684511184692,L,3.167649745941162,M,1.899054765701294,M,1.9041492938995361,M,1.3801172971725464,M,1.4384286403656006,M,1.456647276878357,L,1.4838457107543945,M,1.1746292114257812,L,2.4675142765045166,K,4.643773555755615,F,2.141296625137329,M,1.870298147201538,M,1.8653531074523926,L,2.31791090965271,M,1.4829059839248657,M,2.3861300945281982,R,1.4590795040130615,E,2.3400113582611084,S,2.3084681034088135,L,1.7746012210845947,F,2.347493886947632,E,1.7215207815170288,L,2.6368744373321533,F,1.3884042501449585,L,1.6914677619934082
457,T,2.046997586886088,A,1.5118275880813599,A,3.5751309394836426,V,1.3280144929885864,V,2.2627618312835693,V,2.2287001609802246,V,1.846874475479126,M,5.547523021697998,M,5.622195243835449,A,1.58651602268219,V,1.380905032157898,A,0.921774685382843,A,1.7699928283691406,A,2.554600715637207,V,2.2614364624023438,V,2.264228343963623,A,1.7605000734329224,A,1.326539158821106,A,1.5177557468414307,A,1.6527647972106934,A,1.5001897811889648,S,2.0897698402404785,A,1.8441061973571777,V,1.487522840499878,A,1.4890992641448975,G,0.9700133204460144,G,1.35718834400177,I,1.6110036373138428
458,L,2.0897216355359114,L,1.96261465549469,L,1.7020343542099,L,1.2176477909088135,I,1.679774522781372,I,1.7659809589385986,L,1.6858304738998413,L,1.37071692943573,L,1.3159370422363281,L,5.9953293800354,V,3.517568588256836,L,2.3734896183013916,L,2.3808248043060303,I,1.111863613128662,I,1.7732937335968018,I,1.7607160806655884,I,1.328311562538147,L,2.6335277557373047,L,3.1801958084106445,L,1.638239860534668,L,1.6447621583938599,I,1.4178396463394165,L,2.2159817218780518,L,1.307075023651123,L,2.229166269302368,L,2.369028091430664,L,1.3972856998443604,I,3.4474480152130127
459,H,2.0483946248337075,Y,0.7403022646903992,Y,1.5846487283706665,H,2.615452766418457,H,2.030715227127075,H,2.0413548946380615,Y,1.7183095216751099,Y,1.885596513748169,Y,1.7899384498596191,Y,3.662548780441284,F,1.427292823791504,I,1.599541187286377,H,1.4320652484893799,H,1.4746817350387573,H,2.0333824157714844,H,2.032288074493408,Y,1.1252597570419312,Y,2.604445695877075,Y,1.4248045682907104,H,4.0686516761779785,D,1.6674702167510986,Y,4.020465850830078,Y,1.9344868659973145,Y,2.5739524364471436,D,2.419593572616577,Y,2.2828493118286133,Y,1.9800434112548828,N,1.1365128755569458
460,N,1.9241116863709908,N,2.360865831375122,N,1.4452160596847534,N,2.1456711292266846,N,2.505841016769409,N,2.5365095138549805,N,2.3419454097747803,E,1.5734254121780396,E,1.5973423719406128,N,2.3397653102874756,E,1.7947556972503662,N,2.066035509109497,T,2.535485029220581,N,1.1436948776245117,N,2.5319199562072754,N,2.532644748687744,N,1.658862590789795,N,1.4299978017807007,N,0.8151074051856995,T,3.527205467224121,M,1.6097066402435303,D,3.099973201751709,N,1.3060932159423828,N,1.3598610162734985,D,1.2471870183944702,K,1.5840532779693604,N,1.6857846975326538,N,1.1760653257369995
461,S,2.4251571893692017,T,4.453126430511475,F,1.3128199577331543,T,3.710124969482422,F,3.035186767578125,F,2.969433069229126,F,1.1468837261199951,T,1.8673995733261108,T,1.8567135334014893,T,1.9986966848373413,T,1.6938040256500244,I,2.1534183025360107,V,1.1803057193756104,F,1.1830546855926514,F,3.046226978302002,F,3.0466628074645996,F,1.6831835508346558,T,1.9482223987579346,T,1.981537103652954,V,4.073319435119629,I,3.851200819015503,S,1.4164159297943115,S,1.2779970169067383,F,2.105804443359375,L,3.1387760639190674,S,1.02345609664917,S,2.5418384075164795,F,5.78363561630249
462,V,1.9230210361657318,T,2.089827060699463,V,3.4791207313537598,I,1.0186060667037964,V,1.793602705001831,V,1.8154126405715942,V,1.950988531112671,V,1.5056567192077637,V,1.406124472618103,I,2.714824676513672,V,2.8918216228485107,I,0.9977220892906189,T,1.334721326828003,V,1.5514049530029297,V,1.7995494604110718,V,1.7916882038116455,V,3.116300106048584,T,2.445566177368164,T,2.551762104034424,T,1.889355182647705,T,0.7870312929153442,V,1.4812800884246826,I,1.548607349395752,V,1.8755329847335815,V,2.4964866638183594,I,2.2098209857940674,I,1.6896164417266846,I,1.68913733959198
463,N,1.6476238745230216,N,2.120704174041748,S,1.7205517292022705,N,1.7113291025161743,S,1.8210289478302002,S,1.6797298192977905,S,2.5838992595672607,N,1.289599061012268,N,1.3035995960235596,N,1.2188584804534912,N,1.1263293027877808,N,2.3815736770629883,N,1.093450665473938,S,1.8811851739883423,S,1.6633188724517822,S,1.6622546911239624,S,2.0865559577941895,N,1.110813021659851,N,0.9207098484039307,N,1.6703121662139893,T,1.8029966354370117,N,1.065240740776062,N,1.718849778175354,S,1.4313883781433105,N,1.3113877773284912,N,2.2917869091033936,N,2.1727521419525146,F,1.6456387042999268
464,E,2.6412615731910423,E,2.1921546459198,E,1.0541936159133911,E,2.765007734298706,E,7.7176713943481445,E,7.703062534332275,E,2.773528575897217,E,1.7937978506088257,E,1.800734519958496,E,1.1119441986083984,E,1.7628579139709473,E,1.3162263631820679,E,1.516780972480774,E,2.18929123878479,E,7.714540481567383,E,7.711842060089111,E,2.712069034576416,E,0.8237234354019165,E,1.3937827348709106,D,1.5739963054656982,E,1.8905335664749146,Q,2.2386302947998047,E,1.6366626024246216,E,1.3127065896987915,E,1.7843540906906128,D,1.8702696561813354,D,1.1689492464065552,E,1.7847508192062378
465,M,2.1510883503490024,I,1.165586233139038,R,2.6958110332489014,M,1.4374264478683472,L,2.4048545360565186,L,2.340696096420288,L,1.4616098403930664,M,1.8053890466690063,M,1.7529562711715698,M,1.5026384592056274,L,3.1774392127990723,V,2.918152332305908,I,1.6869888305664062,V,0.9698203206062317,L,2.421401023864746,L,2.3885483741760254,L,1.560383677482605,I,2.1877405643463135,V,6.433802604675293,I,1.068162202835083,I,3.2489113807678223,L,3.035094738006592,I,1.2770310640335083,V,1.7853788137435913,V,2.4323840141296387,I,1.5315864086151123,I,1.3533251285552979,L,2.036266803741455
466,A,1.8632372772252117,C,0.936834454536438,A,1.7398943901062012,A,1.1690685749053955,A,2.531985282897949,A,2.5412893295288086,A,1.4948493242263794,A,2.0045831203460693,A,1.9578310251235962,G,2.4584715366363525,T,1.613073706626892,A,1.6394987106323242,A,1.1857986450195312,A,3.715573310852051,A,2.528297185897827,A,2.514350414276123,A,3.2537522315979004,C,1.791398286819458,C,1.4062914848327637,A,1.9349665641784668,S,1.5310877561569214,G,0.9715821146965027,G,2.0471534729003906,A,2.2048439979553223,R,1.1653214693069458,T,1.578811526298523,T,1.1594820022583008,A,1.2313165664672852
467,L,1.8815754105647404,Y,1.6431586742401123,-,,-,,-,,-,,-,,R,1.8155949115753174,R,1.8565272092819214,Y,1.9667956829071045,R,1.8506109714508057,Y,1.981253981590271,E,3.2647838592529297,-,,-,,-,,-,,Y,2.168750286102295,Y,1.5705125331878662,D,0.9274541139602661,-,,E,0.9396023154258728,-,,-,,L,2.593860387802124,-,,-,,-,
468,D,2.50573025809394,K,4.367166519165039,-,,-,,-,,-,,-,,E,1.4593799114227295,E,1.4872102737426758,E,1.2534983158111572,-,,E,2.1345717906951904,-,,-,,-,,-,,-,,R,3.7925500869750977,K,4.333781719207764,M,1.3360469341278076,-,,-,,-,,-,,K,2.387366771697998,-,,-,,-,
469,T,2.0065860946973166,I,1.3643202781677246,Y,1.0304133892059326,F,1.3327770233154297,Y,1.99823796749115,C,1.7862255573272705,Y,6.92547607421875,-,,-,,T,1.1448053121566772,-,,-,,-,,Y,2.0527567863464355,Y,1.990268349647522,Y,1.9643957614898682,Y,1.0903280973434448,-,,-,,V,1.6128629446029663,M,1.1513724327087402,-,,Y,1.8098182678222656,Y,2.021634340286255,-,,H,2.123347759246826,Y,3.3641512393951416,Y,1.3553581237792969
470,-,,-,,-,,-,,-,,-,,-,,-,,-,,-,,-,,-,,-,,-,,-,,-,,-,,-,,-,,-,,-,,-,,-,,-,,-,,-,,-,,-,
471,-,1.9315167400572035,-,,D,1.3380919694900513,D,1.7507750988006592,E,2.070767879486084,E,2.1683852672576904,D,2.684237241744995,-,,-,,-,,E,1.644492268562317,-,,I,1.7581119537353516,D,1.3356503248214722,E,2.073323965072632,E,2.0557353496551514,D,2.2387497425079346,-,,-,,-,,K,2.4191155433654785,K,2.8021247386932373,D,1.5474931001663208,H,2.258941411972046,-,,E,1.4465528726577759,E,1.7759666442871094,D,1.398785948753357
472,-,2.219428151845932,-,,I,1.790565013885498,V,1.8314309120178223,I,1.0438328981399536,I,1.125512719154358,G,2.3454997539520264,A,6.163609504699707,A,6.118741989135742,-,,A,4.131694793701172,V,0.7401647567749023,A,2.200500249862671,I,1.6865179538726807,I,1.0523982048034668,I,1.1069127321243286,I,1.4471187591552734,V,1.2526189088821411,V,2.3721072673797607,-,,I,2.4183456897735596,A,3.597829818725586,I,1.3021955490112305,I,2.1936004161834717,C,1.503220796585083,T,1.6020913124084473,T,2.8613879680633545,I,1.3783776760101318
473,M,1.956358379787869,L,2.4886388778686523,L,4.171370983123779,L,2.647285223007202,L,1.16812002658844,L,1.1712117195129395,L,3.0935873985290527,D,1.1717671155929565,D,1.3270047903060913,L,1.897531509399414,E,1.6354424953460693,L,2.161317825317383,Q,4.564697742462158,L,1.5382134914398193,L,1.180518388748169,L,1.1679739952087402,F,1.9165164232254028,L,1.6987515687942505,L,2.3278896808624268,E,1.3059035539627075,Y,2.7483363151550293,S,1.4684377908706665,L,1.8355846405029297,L,1.476352334022522,F,1.7106742858886719,L,1.6530909538269043,L,1.5479708909988403,L,1.7474862337112427
474,K,1.964652666339168,K,1.4879043102264404,K,1.3447670936584473,G,1.5088509321212769,K,1.3355811834335327,K,1.3192546367645264,K,1.8835041522979736,K,1.714426040649414,K,1.7801984548568726,S,1.991774559020996,K,1.371949315071106,K,1.5625131130218506,K,1.0348842144012451,K,4.104996681213379,K,1.3469527959823608,K,1.3108055591583252,R,1.7237573862075806,K,3.8312489986419678,R,5.431885719299316,R,1.8538402318954468,K,2.7076375484466553,L,2.5817878246307373,K,1.1335896253585815,K,2.555558204650879,Q,1.2728279829025269,A,2.156590223312378,A,1.227720022201538,K,1.4708151817321777
475,E,1.9411883619096544,Q,1.2150142192840576,D,3.733503580093384,D,2.790004014968872,E,1.311805248260498,E,1.255043387413025,E,1.539976716041565,S,1.979133129119873,S,1.170595407485962,A,0.968015193939209,T,1.3954359292984009,N,1.4321892261505127,E,1.7050572633743286,E,1.349713683128357,E,1.1646099090576172,E,1.1439224481582642,D,2.0608677864074707,D,1.8118667602539062,D,2.922498941421509,E,2.584320545196533,S,5.540014743804932,V,1.2150521278381348,E,1.9837596416473389,E,3.1961257457733154,Q,1.3594679832458496,N,0.9592669010162354,T,1.3141212463378906,D,3.310703992843628
476,Q,1.9419143111617476,N,3.631147861480713,Q,4.9097676277160645,Q,1.8068174123764038,K,1.7091119289398193,K,1.6774120330810547,K,1.3168134689331055,Q,1.477237343788147,Q,1.4246081113815308,Q,1.5597749948501587,Q,1.3188245296478271,H,2.4233791828155518,H,3.1602377891540527,K,1.3330929279327393,K,1.7081817388534546,K,1.6706006526947021,K,1.5571306943893433,T,2.106916904449463,T,2.0181195735931396,H,1.879997968673706,H,2.680967092514038,Q,1.7541872262954712,E,1.549086570739746,E,1.406064748764038,N,1.7143412828445435,K,1.5222740173339844,K,1.1373013257980347,K,1.978291392326355
477,R,2.251606340761538,G,2.6549766063690186,H,1.2823773622512817,N,1.3335217237472534,G,1.3981974124908447,G,1.403949499130249,G,1.2631386518478394,G,1.209070086479187,G,1.4774315357208252,G,3.5331785678863525,G,0.8941982984542847,D,4.809444427490234,G,1.5683821439743042,G,2.333531141281128,G,1.4130473136901855,G,1.4104188680648804,G,3.0881383419036865,G,4.8864054679870605,G,2.5742931365966797,G,4.728419303894043,G,1.6364619731903076,D,3.0269100666046143,G,4.100677490234375,G,1.5677571296691895,G,1.0551154613494873,G,1.572285771369934,G,2.7228548526763916,G,1.8491885662078857
478,F,2.2016664301907576,W,1.4025373458862305,F,0.8611135482788086,F,1.5234780311584473,F,2.758166551589966,F,2.5633463859558105,F,1.1482012271881104,R,1.4951815605163574,R,1.3702434301376343,I,1.8714882135391235,R,3.039581537246704,I,1.4493205547332764,S,2.277689218521118,F,1.165400743484497,F,2.658714771270752,F,2.6617093086242676,F,1.3498528003692627,R,3.3310277462005615,R,2.5150225162506104,V,1.1277191638946533,W,2.496314525604248,R,3.7086758613586426,R,1.5089596509933472,F,7.655719757080078,Q,1.4527463912963867,F,2.5992281436920166,F,2.438727378845215,F,1.0148272514343262
479,-,,-,,-,,-,,-,,-,,-,,-,,-,,-,,-,,-,,-,,-,,-,,-,,-,,-,,-,,-,,-,,-,,-,,-,,-,,-,,-,,-,
480,H,2.382883579642684,S,1.9885199069976807,N,1.8300633430480957,L,1.4532667398452759,I,1.8242809772491455,I,1.8025398254394531,I,2.0478625297546387,D,2.1168124675750732,D,2.1415717601776123,N,1.5275527238845825,N,3.4816675186157227,N,1.3178666830062866,N,6.2878947257995605,T,3.3684568405151367,I,1.810716986656189,I,1.8080427646636963,N,1.776806116104126,I,1.7757647037506104,I,1.3634371757507324,N,1.6762886047363281,N,3.8137762546539307,S,1.6283025741577148,N,1.3252109289169312,I,2.6033732891082764,D,2.2843995094299316,L,3.133441925048828,L,6.5568952560424805,N,1.5930445194244385
481,I,2.455053682680483,V,2.2321596145629883,S,1.5973550081253052,N,3.2104079723358154,A,1.8634189367294312,V,1.8662654161453247,T,1.4002902507781982,T,3.8453640937805176,T,3.8923377990722656,I,1.616498351097107,T,2.4456214904785156,V,3.352353096008301,H,3.146867036819458,S,2.6550912857055664,V,1.886428713798523,V,1.913728952407837,S,3.307086229324341,A,3.2112174034118652,V,1.3633253574371338,P,2.9569926261901855,P,1.840703010559082,I,5.613767623901367,V,1.2821756601333618,S,2.2590863704681396,I,2.4547364711761475,I,1.6696854829788208,I,2.1696062088012695,S,1.2338789701461792
482,I,1.6229261822170682,L,1.3440039157867432,I,1.730111002922058,I,1.238317608833313,I,0.9283429980278015,I,0.8925430774688721,I,3.1023519039154053,L,1.469799518585205,L,1.4993817806243896,I,1.301954984664917,L,1.3847767114639282,L,1.7785289287567139,V,1.625693440437317,I,1.3670521974563599,I,0.9153795838356018,I,0.9148690700531006,L,1.0858737230300903,L,3.0316078662872314,L,1.063944697380066,I,1.3242747783660889,T,1.0438129901885986,T,2.901085376739502,I,1.4065110683441162,I,1.813288927078247,K,1.6663658618927002,L,1.5372591018676758,L,1.9323607683181763,L,3.519515037536621
483,K,1.732578248889358,P,0.7420557737350464,P,1.6702771186828613,E,0.8564303517341614,P,1.8895725011825562,P,1.854038953781128,P,1.82639741897583,N,1.7060856819152832,N,1.447675347328186,P,1.25567626953125,N,1.2197028398513794,P,1.7164894342422485,N,2.657374620437622,V,1.443454623222351,P,1.8565796613693237,P,1.8551812171936035,P,1.330016851425171,P,1.2426971197128296,L,1.6876682043075562,N,2.375631809234619,Y,1.461787462234497,K,1.1932835578918457,P,2.353447675704956,P,2.2058515548706055,N,3.734632730484009,P,1.7932246923446655,P,1.286561369895935,S,2.1178178787231445
484,Y,2.4440943841580993,Y,2.0764737129211426,Y,1.4595706462860107,Y,2.0754470825195312,Y,1.07120943069458,Y,1.0128010511398315,Y,1.8786479234695435,Y,2.6742990016937256,Y,2.7172296047210693,N,1.2881953716278076,Y,4.764057636260986,Y,5.384288787841797,R,2.8954572677612305,Y,1.3037647008895874,Y,1.0513044595718384,Y,1.0521612167358398,Y,5.74992561340332,Y,1.1247557401657104,N,2.109187602996826,H,6.24908971786499,A,2.2178304195404053,H,2.8673155307769775,Y,2.945643186569214,F,1.8444035053253174,N,1.8368206024169922,Y,3.0589489936828613,Y,1.5591317415237427,Y,1.7225878238677979
485,L,2.208644818376612,L,2.1159534454345703,L,1.7795158624649048,L,1.5648818016052246,L,3.7629506587982178,L,3.6201260089874268,L,1.0404483079910278,A,1.4895052909851074,A,1.3202471733093262,L,3.459890842437744,V,1.561578631401062,L,2.0659029483795166,L,1.2036454677581787,L,3.0895090103149414,L,3.8478639125823975,L,3.83573055267334,L,2.3019018173217773,L,1.6729408502578735,L,1.5854501724243164,L,2.592999219894409,L,1.5994229316711426,L,3.5233397483825684,L,2.177245616912842,L,1.165271282196045,L,2.729024887084961,L,1.3355951309204102,I,1.3305578231811523,L,1.8619107007980347
486,K,1.9525978609367654,K,2.0710666179656982,Q,2.0952255725860596,K,1.2093064785003662,Q,1.6191271543502808,Q,1.550323486328125,Q,1.5861854553222656,R,4.893187522888184,R,5.3469085693359375,A,1.2550674676895142,R,1.124712586402893,T,2.1273415088653564,R,1.0995572805404663,Q,1.7101715803146362,Q,1.620344877243042,Q,1.6196733713150024,H,1.5161032676696777,K,2.0553390979766846,K,2.227149724960327,K,1.7708218097686768,R,1.332777738571167,V,1.089151382446289,R,2.698145866394043,H,1.3342539072036743,Q,3.1149377822875977,K,1.2930458784103394,K,2.2369637489318848,Q,1.123252511024475
487,K,1.8329100917886805,A,3.8782997131347656,R,1.280956745147705,K,2.7961230278015137,R,1.6958191394805908,R,1.6313096284866333,R,1.134145736694336,Q,1.9463707208633423,Q,2.010040521621704,R,2.2569100856781006,K,1.4974128007888794,K,2.305771589279175,K,1.54888117313385,R,1.7544231414794922,R,1.6918429136276245,R,1.6941978931427002,K,1.456527829170227,S,1.988629698753357,S,1.8641576766967773,K,2.728208303451538,Q,1.821555733680725,E,0.9723337888717651,N,1.3017975091934204,R,1.1706756353378296,Q,1.2292428016662598,K,2.0954275131225586,K,2.184757709503174,R,1.5527534484863281
488,A,2.0341417215488575,T,1.184429407119751,S,3.2811167240142822,S,2.307213544845581,S,1.6054370403289795,S,1.5979015827178955,S,3.595942258834839,A,1.5432809591293335,A,1.582293152809143,V,4.011255741119385,A,1.886968731880188,S,2.372607707977295,A,2.2577483654022217,S,1.918283224105835,S,1.5765067338943481,S,1.5783402919769287,S,1.8300540447235107,V,1.357288122177124,T,1.3598721027374268,A,3.4576263427734375,S,2.223357677459717,I,1.5094348192214966,T,2.2719264030456543,A,1.737658977508545,L,1.3151930570602417,A,1.6941351890563965,A,1.8920884132385254,S,1.9738658666610718
489,W,1.5923016292077523,W,1.7176134586334229,W,1.8488506078720093,L,2.0837502479553223,W,1.2043782472610474,W,1.3394625186920166,W,1.792480230331421,W,1.2651151418685913,W,1.3263816833496094,W,1.7336286306381226,W,1.2123457193374634,W,1.5072985887527466,W,1.6193894147872925,W,1.7165735960006714,W,1.1745309829711914,W,1.1728997230529785,W,1.3524091243743896,W,1.2506431341171265,W,1.8820244073867798,W,1.3612552881240845,W,1.5994595289230347,W,1.378999948501587,W,1.440062165260315,W,1.3778584003448486,W,2.1136560440063477,W,1.8966655731201172,W,1.735058307647705,W,2.8893532752990723
490,V,1.7097223025781136,I,3.6158597469329834,V,1.2422733306884766,V,2.074903726577759,V,1.4210305213928223,I,1.3181703090667725,A,2.530233144760132,E,1.2188249826431274,E,1.3852968215942383,G,1.781610131263733,E,1.21565580368042,A,1.3682711124420166,A,1.7498657703399658,V,1.1805680990219116,V,1.4094170331954956,V,1.4069528579711914,L,1.3023157119750977,I,2.1241872310638428,I,1.9824063777923584,A,1.143324613571167,A,1.1092320680618286,L,1.7116261720657349,T,1.3018558025360107,V,3.021260976791382,Y,1.0156399011611938,A,1.4207477569580078,A,2.599388837814331,L,2.5115833282470703
491,D,1.904813810631081,D,3.533273935317993,S,1.4358655214309692,D,3.2222373485565186,D,1.2925406694412231,D,1.2461756467819214,D,1.5683727264404297,A,1.6465429067611694,A,1.6309877634048462,E,0.8102965354919434,A,2.816716194152832,D,1.0098512172698975,V,2.2905468940734863,D,2.4035866260528564,D,1.2769463062286377,D,1.2774556875228882,D,1.45924711227417,E,1.9490420818328857,D,1.5352859497070312,M,1.7728838920593262,S,2.028329372406006,D,1.232362985610962,E,2.676116943359375,D,1.8549576997756958,E,3.845827579498291,D,1.535025954246521,D,1.8733494281768799,D,2.2061479091644287
492,L,2.7759152275544627,M,1.6873793601989746,L,1.3847261667251587,L,3.1411092281341553,L,7.914388656616211,L,7.849395275115967,L,1.0969083309173584,Y,1.5397108793258667,Y,1.4372353553771973,L,2.168928623199463,Y,0.9950303435325623,L,1.4729633331298828,L,1.3776558637619019,L,3.4003124237060547,L,7.903802394866943,L,7.904951095581055,L,1.6043227910995483,T,1.4294694662094116,M,1.4233808517456055,L,1.6954803466796875,L,2.0874435901641846,L,2.488009452819824,L,2.039349317550659,L,1.903639554977417,T,1.7363731861114502,L,3.287095785140991,L,1.1686477661132812,V,2.8120017051696777
493,C,2.199388047059377,I,4.6619110107421875,V,2.87418532371521,C,2.1630313396453857,A,1.8460620641708374,A,1.7525136470794678,V,1.4754834175109863,I,2.6812822818756104,I,2.9545178413391113,L,2.714723825454712,F,1.1993398666381836,C,1.6982697248458862,F,1.9847989082336426,L,4.043376922607422,A,1.901908278465271,A,1.9062325954437256,V,1.8377187252044678,I,1.4162333011627197,I,1.3101433515548706,F,1.417858600616455,C,2.0663833618164062,L,2.923680543899536,C,1.5911685228347778,V,0.9683385491371155,F,1.7568351030349731,C,5.578758716583252,C,1.5070080757141113,V,1.1517133712768555
494,R,1.7282025659525837,E,2.3391921520233154,E,1.594221591949463,K,6.467173099517822,E,1.2317843437194824,E,1.1777629852294922,E,1.6853621006011963,D,1.4832987785339355,D,1.3736964464187622,E,1.8208917379379272,D,1.4340779781341553,K,1.4233430624008179,D,0.9167081713676453,K,1.916991949081421,E,1.2560073137283325,E,1.2588776350021362,E,1.5337051153182983,E,1.2091261148452759,E,2.115306854248047,D,1.7365386486053467,K,1.9094616174697876,K,1.873903751373291,K,1.0586549043655396,E,1.687969446182251,H,1.659340262413025,K,1.616136908531189,K,1.5260255336761475,E,1.3559107780456543
495,Y,2.2156130693576954,G,1.3499088287353516,G,1.598459243774414,C,3.983748435974121,S,2.480717420578003,S,2.4324004650115967,A,2.068349599838257,S,1.3944207429885864,S,1.4492485523223877,A,2.284160852432251,S,1.741018295288086,S,2.9899022579193115,G,1.987383246421814,G,1.2160189151763916,S,2.448164939880371,S,2.450385093688965,A,2.748006582260132,A,4.6450581550598145,G,2.416487216949463,G,2.5855302810668945,A,1.7650701999664307,S,0.8597891330718994,A,3.9239559173583984,G,1.1503090858459473,S,2.1525447368621826,A,1.2934757471084595,S,2.9013540744781494,G,1.5056848526000977
496,Y,1.8327326421384458,F,2.684603214263916,Y,2.5593090057373047,Y,2.5918803215026855,F,1.7506599426269531,F,1.6839956045150757,Y,2.2916975021362305,Y,1.4014207124710083,Y,1.4571400880813599,F,0.9825296401977539,Y,2.209745407104492,Y,1.50228750705719,F,2.0697176456451416,Y,1.1137866973876953,F,1.7765724658966064,F,1.7761404514312744,Y,1.9587066173553467,Y,2.0270397663116455,F,1.1376349925994873,F,1.4932984113693237,F,1.3283724784851074,M,1.7287728786468506,F,1.5614869594573975,Y,3.3532400131225586,W,1.5720833539962769,Y,1.9643468856811523,Y,1.552449345588684,Y,1.954863429069519
497,L,1.9925439799273457,M,3.404630422592163,L,1.6147146224975586,L,1.890604853630066,L,1.7008898258209229,L,1.6434043645858765,L,2.933228015899658,M,1.6530741453170776,M,1.5477865934371948,L,3.4764907360076904,M,2.821500539779663,L,1.6148555278778076,M,2.6493031978607178,L,1.6942191123962402,L,1.6415001153945923,L,1.645188331604004,F,1.8425570726394653,M,1.6430410146713257,M,1.281335711479187,M,2.1237363815307617,L,1.1748478412628174,M,1.495450735092163,L,1.217458963394165,L,1.6944504976272583,L,1.3552967309951782,L,2.137606620788574,L,2.6503756046295166,F,3.2511398792266846
498,V,1.7143522059475933,L,1.2279062271118164,K,1.9020259380340576,Q,2.225759506225586,K,1.0894628763198853,K,1.0648287534713745,K,2.450986862182617,K,1.7548919916152954,K,1.816209316253662,V,4.604690074920654,E,1.1541168689727783,Q,1.4298882484436035,V,1.640059232711792,K,1.3555444478988647,K,1.0724807977676392,K,1.0723176002502441,V,1.1625126600265503,V,1.910552740097046,E,1.8955113887786865,T,1.0333657264709473,V,1.4350833892822266,T,2.1113548278808594,V,2.2512474060058594,Q,1.8941227197647095,M,1.838598370552063,V,1.4494069814682007,V,1.286970615386963,T,2.15761399269104
499,E,1.588072626679032,E,1.1181883811950684,E,1.8575419187545776,E,1.221329689025879,E,1.6231257915496826,E,1.719491720199585,E,1.8037625551223755,E,1.6766600608825684,E,1.7330673933029175,E,1.5596880912780762,E,1.0738160610198975,E,1.3792685270309448,E,1.8803001642227173,E,1.726133942604065,E,1.6271249055862427,E,1.629021167755127,E,1.48493230342865,E,1.1295065879821777,E,2.6565723419189453,E,1.347931981086731,E,1.704825520515442,E,2.099407196044922,E,1.4628074169158936,E,1.5601500272750854,E,1.7986280918121338,E,1.2356995344161987,E,1.4788415431976318,E,1.2901380062103271
500,A,1.8333957416039925,A,1.6959123611450195,A,1.3675199747085571,A,1.3671516180038452,A,2.1799094676971436,A,1.7360260486602783,A,1.5358853340148926,A,2.044271945953369,A,2.0357906818389893,A,2.0309994220733643,A,1.95645272731781,A,1.4939709901809692,A,1.3745559453964233,A,1.7121315002441406,A,2.283445119857788,A,2.2795372009277344,A,1.1392890214920044,V,1.415689468383789,A,1.2158119678497314,T,2.1182589530944824,A,2.7213518619537354,V,2.230544090270996,A,3.476732015609741,A,1.1860815286636353,A,1.9770801067352295,A,2.5317111015319824,A,1.3769142627716064,A,1.018660306930542
501,K,2.093537268815217,S,1.9216721057891846,Y,1.3357065916061401,K,1.0510644912719727,N,2.1040661334991455,N,2.133312702178955,K,1.2825511693954468,K,1.5323808193206787,K,1.6153286695480347,E,1.3404079675674438,K,1.204380750656128,K,1.9538757801055908,R,1.2090823650360107,K,2.208101511001587,N,1.9920482635498047,N,1.9898322820663452,K,3.931499719619751,K,1.6881085634231567,K,3.8304710388183594,K,2.728374481201172,K,2.2304368019104004,E,5.523102760314941,K,1.2067068815231323,K,1.401825189590454,K,2.1738510131835938,Q,1.9166408777236938,Q,1.9807212352752686,K,3.0399560928344727
502,W,1.902372121810913,W,1.980385661125183,W,1.2212411165237427,W,1.328357458114624,W,1.2166905403137207,W,1.3110909461975098,W,1.9874963760375977,W,1.392361044883728,W,1.4062286615371704,W,1.9752050638198853,W,1.6631373167037964,W,1.1778825521469116,W,1.2533358335494995,W,1.2286521196365356,W,1.2899187803268433,W,1.289446473121643,W,1.816314458847046,W,1.8605245351791382,W,4.243887901306152,W,1.6256990432739258,W,6.3854875564575195,-,,W,1.3665809631347656,W,3.86096453666687,W,1.7677829265594482,W,1.3468095064163208,W,2.211285352706909,W,1.2549084424972534
503,Y,2.033588100362707,L,1.2861157655715942,Y,3.2337779998779297,Y,1.4916801452636719,Y,1.2935495376586914,Y,1.3727004528045654,F,3.4384922981262207,I,1.2330005168914795,I,1.2567939758300781,T,1.6477947235107422,I,2.30747389793396,Y,3.1983466148376465,L,3.7773003578186035,Y,1.8273978233337402,Y,1.3358731269836426,Y,1.3407447338104248,F,2.3404541015625,F,1.9662519693374634,F,1.6728423833847046,L,1.6017801761627197,F,1.2440022230148315,W,1.0909154415130615,Y,2.8534014225006104,Y,2.9113824367523193,G,2.350105047225952,Y,2.546206474304199,Y,2.022585153579712,Y,2.2659099102020264
504,S,2.204884181022644,N,1.3460469245910645,Y,3.429410219192505,Y,1.3742377758026123,Y,2.9386181831359863,Y,4.808169841766357,Y,2.5074124336242676,S,1.9082378149032593,S,2.02003812789917,H,2.2935802936553955,S,3.1586556434631348,H,1.5591400861740112,A,1.4253313541412354,N,1.8460081815719604,Y,3.0660812854766846,Y,3.0628490447998047,H,1.4351855516433716,-,,-,,S,2.714932918548584,N,1.9006444215774536,R,1.3903738260269165,S,1.4510209560394287,Y,1.9884470701217651,K,2.6197640895843506,H,1.8073289394378662,H,1.5028387308120728,Y,1.5677508115768433
505,N,1.8057741948536463,T,2.848876953125,N,2.311041831970215,S,2.7782979011535645,S,1.2608449459075928,S,1.4081242084503174,N,1.2662231922149658,-,,-,,N,1.9224486351013184,-,,-,,T,1.8323583602905273,S,2.4156033992767334,S,1.3854910135269165,S,1.3846789598464966,D,1.2126190662384033,-,,-,,A,1.201040267944336,S,1.3697500228881836,L,2.3056135177612305,S,2.629117250442505,T,1.8281543254852295,G,1.4169954061508179,R,1.4684410095214844,R,2.0453553199768066,S,1.6301825046539307
506,-,1.693141870200634,-,,-,,-,,-,,-,,-,,S,2.0001213550567627,S,1.9767301082611084,-,,-,,N,1.0271836519241333,D,2.0977227687835693,-,,-,,-,,-,,S,2.849379777908325,N,0.7991079688072205,-,,-,,S,1.2434980869293213,-,,-,,L,1.5513912439346313,-,,-,,-,
507,K,1.8834735805338079,G,1.8664251565933228,-,,-,,-,,-,,-,,G,2.868534803390503,G,2.787646532058716,N,0.9344713687896729,N,1.4753283262252808,G,1.3178975582122803,-,,-,,-,,-,,-,,G,2.425915241241455,G,1.237686276435852,G,1.3922569751739502,-,,K,1.7462742328643799,-,,-,,T,2.6657729148864746,-,,-,,-,
508,Y,1.739940257299514,Y,1.2250356674194336,G,1.5567046403884888,G,1.8697458505630493,G,1.9123773574829102,G,1.505509853363037,G,1.3835644721984863,-,,-,,Y,1.1887239217758179,G,1.1484150886535645,-,,-,,G,1.7892532348632812,G,1.8359547853469849,G,1.8362168073654175,G,1.5203008651733398,G,1.9510443210601807,G,1.8077338933944702,Q,1.7078111171722412,G,1.099879503250122,-,,G,2.117307662963867,K,2.61379337310791,-,,G,1.4747426509857178,G,2.384089708328247,G,2.6105406284332275
509,R,1.9037745661205716,V,1.1935889720916748,Y,1.8070555925369263,Y,1.6429557800292969,Y,1.680432677268982,Y,1.4023830890655518,Y,2.8914992809295654,F,1.5667389631271362,F,1.5745809078216553,M,1.5641649961471558,Y,4.297392845153809,Y,4.225988388061523,Q,1.6895257234573364,Y,2.733518123626709,Y,1.774004340171814,Y,1.7799829244613647,Y,1.6492754220962524,S,1.2901965379714966,S,1.9020113945007324,V,1.837941288948059,Y,1.573578119277954,Y,1.9867743253707886,Y,1.5694589614868164,Y,1.9880926609039307,S,1.828317403793335,H,1.1079376935958862,H,1.2103898525238037,Y,1.6341270208358765
510,-,1.7758957147598267,-,,K,1.1573231220245361,Q,1.4626308679580688,T,1.866591215133667,T,1.6781831979751587,T,1.2646478414535522,L,1.4265658855438232,L,1.4403157234191895,-,,L,2.136791229248047,K,2.52374005317688,V,2.685253858566284,T,1.574111819267273,T,1.5995285511016846,T,1.5987505912780762,T,1.7523536682128906,A,1.3103669881820679,A,1.0735390186309814,-,,L,2.3868765830993652,V,1.9491305351257324,T,1.7458560466766357,T,1.4618326425552368,K,1.5055434703826904,I,2.568920850753784,I,1.3006718158721924,T,3.1519715785980225
511,P,2.2504708568255105,P,1.3299190998077393,P,1.454562783241272,P,1.3223848342895508,P,2.1381678581237793,P,2.0380265712738037,P,1.812903881072998,P,3.7383289337158203,P,3.7388269901275635,P,1.0441645383834839,P,2.1814894676208496,P,0.9964142441749573,P,1.197279691696167,P,3.8683743476867676,P,2.0360195636749268,P,2.036283493041992,P,2.0792737007141113,P,1.724174976348877,P,2.6481950283050537,P,2.035947561264038,P,4.017382621765137,P,1.9911901950836182,P,2.3500423431396484,P,1.1445703506469727,P,3.138277769088745,P,4.102261543273926,P,2.790072202682495,P,1.8081785440444946
512,S,2.388550153485051,N,2.30438232421875,S,3.3534481525421143,T,3.0725855827331543,S,2.1253502368927,S,2.0554749965667725,S,1.8570818901062012,T,1.3608070611953735,T,1.4005762338638306,T,2.437751054763794,M,4.886877536773682,N,4.006953716278076,T,1.2577100992202759,S,3.5598514080047607,S,2.122616767883301,S,2.124816417694092,T,2.6506803035736084,K,3.0674328804016113,K,2.3052818775177,D,3.116034507751465,T,1.5363812446594238,T,0.9739456176757812,T,1.9594324827194214,T,1.4608585834503174,S,2.142453193664551,T,4.3195013999938965,T,1.7249058485031128,N,1.3076627254486084
513,L,2.1364578759228743,M,1.7874679565429688,L,1.989928960800171,L,2.7621424198150635,L,3.0562570095062256,L,3.290353298187256,M,1.5483587980270386,F,1.1527667045593262,F,1.1953470706939697,F,1.7404544353485107,F,2.1667542457580566,L,5.230418682098389,A,1.400248408317566,L,2.1319823265075684,L,3.1778624057769775,L,3.1466917991638184,L,2.7557642459869385,L,2.270524501800537,L,1.5388885736465454,S,0.9815089702606201,T,1.75770103931427,E,1.7943978309631348,L,1.3144525289535522,M,3.5048582553863525,V,0.7165331840515137,L,1.5619524717330933,L,1.846125841140747,L,1.8646206855773926
514,Q,2.2052634203875505,E,1.8373242616653442,E,1.3398571014404297,Q,0.9574568271636963,E,1.3428516387939453,E,1.4229527711868286,E,2.107335090637207,E,6.149548530578613,E,6.146030426025391,K,1.4658111333847046,E,2.57529354095459,E,2.2467715740203857,E,4.011387825012207,E,1.2184618711471558,E,1.4195071458816528,E,1.4195332527160645,E,1.5502047538757324,E,2.379575729370117,E,1.258232593536377,E,2.4904472827911377,E,2.124338388442993,K,2.268889904022217,E,1.3473613262176514,E,2.0519137382507324,D,3.063945770263672,N,1.2492066621780396,N,2.710437536239624,E,1.3874356746673584
515,E,2.052317718664805,E,1.8046761751174927,E,3.2421960830688477,E,2.7306034564971924,E,1.6860345602035522,E,1.7821502685546875,E,2.19718337059021,E,2.1274590492248535,E,2.0900979042053223,D,1.9860563278198242,E,1.6519948244094849,E,0.872756838798523,D,2.1182756423950195,E,1.1684372425079346,E,1.655731439590454,E,1.6577284336090088,E,1.2807139158248901,E,1.3864727020263672,E,4.899788856506348,E,0.9997068047523499,E,1.403600811958313,E,2.632845401763916,E,1.4859589338302612,E,2.061802864074707,V,1.1640390157699585,E,1.639178991317749,E,3.10245943069458,E,4.584629058837891
516,Y,1.6392980526994776,Y,1.299182653427124,Y,1.1044092178344727,Y,1.6564159393310547,Y,1.8579916954040527,Y,1.674806833267212,Y,2.842317581176758,Y,1.6086668968200684,Y,1.5193612575531006,Y,2.7018275260925293,Y,1.5991356372833252,Y,1.3618478775024414,Y,1.2727030515670776,Y,1.3015971183776855,Y,1.81581711769104,Y,1.809079885482788,Y,1.1537270545959473,Y,2.0938055515289307,Y,1.3224220275878906,Y,1.5706493854522705,Y,1.6552983522415161,Y,2.4127535820007324,Y,1.6769005060195923,Y,0.980283260345459,Y,1.131542444229126,Y,0.9928901791572571,Y,2.077561140060425,Y,1.768053650856018
517,I,1.6504452096091375,V,2.350065231323242,L,2.1027233600616455,I,1.042016625404358,I,1.3556575775146484,I,1.3659409284591675,L,1.4210234880447388,L,1.552675485610962,L,1.5455819368362427,L,1.7289557456970215,H,1.7056893110275269,M,1.6989389657974243,L,0.9511747360229492,F,3.038588285446167,I,1.3276450634002686,I,1.327471137046814,L,1.8185306787490845,I,1.3281605243682861,I,1.095338225364685,L,0.9994745254516602,M,1.7160589694976807,M,1.9896862506866455,L,1.3950293064117432,L,3.0709915161132812,L,1.9255353212356567,L,1.560731053352356,L,1.8565651178359985,L,1.2917712926864624
518,E,2.200410352812873,E,1.7068287134170532,N,1.4676860570907593,E,1.0660244226455688,D,2.771622896194458,D,2.6796016693115234,N,1.765766978263855,D,1.6401753425598145,D,1.662293791770935,D,1.4610509872436523,E,1.247796654701233,D,1.4313843250274658,R,3.467231035232544,D,1.6510343551635742,D,2.762809991836548,D,2.7618212699890137,N,4.302862644195557,E,2.7793755531311035,E,1.9282164573669434,R,4.690873622894287,K,1.7384787797927856,I,1.9675474166870117,Q,1.69252347946167,N,1.1477158069610596,G,2.952012300491333,D,2.1168980598449707,D,2.1434319019317627,K,2.408015012741089
519,N,2.0749347342385187,N,5.654810428619385,N,1.9650201797485352,M,2.6911520957946777,N,2.2569406032562256,N,2.374865770339966,N,2.3871779441833496,N,1.986757755279541,N,2.0065460205078125,N,1.8005067110061646,N,0.9725097417831421,N,1.6074955463409424,N,1.8741861581802368,N,1.5778779983520508,N,2.237812042236328,N,2.2352981567382812,N,2.690605401992798,N,1.472181797027588,N,1.311558485031128,N,2.1454319953918457,N,1.8403936624526978,N,1.263158917427063,T,3.7527191638946533,Y,1.666863203048706,N,1.883777379989624,N,1.454585313796997,N,1.3618757724761963,N,1.5511295795440674
520,A,1.8212394140384816,G,3.416139841079712,A,2.1627707481384277,A,1.4908571243286133,G,1.2863672971725464,G,1.2703509330749512,A,1.7984200716018677,G,1.0887858867645264,G,1.1164476871490479,A,2.058042049407959,G,1.6801156997680664,A,2.7967987060546875,G,1.0114960670471191,A,1.9570361375808716,G,1.3259633779525757,G,1.3242555856704712,S,2.3048977851867676,G,1.4342303276062012,G,2.815680742263794,G,1.246680498123169,G,1.6959973573684692,A,2.088624954223633,S,2.9151909351348877,A,1.9904749393463135,A,1.4378236532211304,A,1.6640268564224243,A,1.5694421529769897,A,2.2265467643737793
521,W,1.8438925875557794,V,1.421878457069397,K,2.0225517749786377,W,0.962209939956665,S,1.7438886165618896,S,1.7180732488632202,Y,1.9376282691955566,K,1.48582124710083,K,1.476671576499939,W,1.739344596862793,K,1.6281611919403076,R,2.082839250564575,V,2.054353713989258,F,2.5828793048858643,S,1.772942066192627,S,1.7652292251586914,K,1.1007835865020752,A,2.651287317276001,V,1.2304105758666992,V,0.980597972869873,V,1.8893734216690063,S,1.020649790763855,W,2.0158936977386475,S,1.879556655883789,M,4.2708258628845215,C,2.2731661796569824,C,1.9247207641601562,K,2.1533615589141846
522,I,1.8756997850206163,T,2.556525230407715,I,1.1019587516784668,L,4.672904014587402,I,1.4691331386566162,V,1.398722529411316,I,1.9053679704666138,V,2.086362600326538,V,2.0185484886169434,R,2.7161905765533447,V,1.129927396774292,I,1.7026317119598389,I,1.496931552886963,M,1.9893800020217896,I,1.4814059734344482,I,1.493319034576416,I,2.4315075874328613,S,1.3436580896377563,S,1.8077528476715088,V,2.6531805992126465,V,0.9787293672561646,L,1.3011986017227173,I,1.2372850179672241,I,1.7918695211410522,T,1.7415109872817993,V,2.4028892517089844,V,1.7251955270767212,I,2.009807825088501
523,S,2.297452869238677,T,1.4814165830612183,S,1.5855931043624878,S,5.784212112426758,S,2.3832294940948486,S,2.177426815032959,S,1.213828206062317,S,1.8876187801361084,S,1.8370314836502075,S,3.002220392227173,S,1.915083646774292,S,1.1366111040115356,T,2.078062057495117,T,8.117098808288574,S,2.409090042114258,S,2.422797203063965,T,1.2325294017791748,T,2.7150042057037354,T,2.847736120223999,T,1.3876804113388062,S,2.2576303482055664,T,1.52849280834198,S,1.0956921577453613,T,2.3298869132995605,S,1.5800998210906982,S,1.8803852796554565,S,1.9180232286453247,T,1.826746940612793
524,I,1.934314899974399,A,1.7706676721572876,I,1.8223896026611328,I,1.1057382822036743,I,2.6491897106170654,I,2.44555401802063,I,1.670893669128418,F,1.1954752206802368,F,1.2263858318328857,V,1.6257038116455078,S,2.2205233573913574,I,1.8000409603118896,S,1.2155160903930664,I,1.5264899730682373,I,2.6113088130950928,I,2.6287331581115723,I,1.02113938331604,V,1.2204062938690186,A,1.5489771366119385,S,1.127715826034546,S,2.3373982906341553,F,2.9111709594726562,I,2.5632944107055664,I,3.105039358139038,I,3.2311434745788574,I,1.9404661655426025,I,2.2931461334228516,V,1.4119946956634521
525,G,1.803708553314209,G,1.537899374961853,S,2.4958581924438477,G,1.100080966949463,G,2.146125078201294,G,2.025481700897217,G,1.3445920944213867,G,2.5427377223968506,G,2.0821995735168457,S,1.1744307279586792,A,1.9606595039367676,G,1.5356959104537964,G,2.2288880348205566,G,1.2525724172592163,G,2.2105889320373535,G,2.252666473388672,I,1.7371342182159424,G,1.351239562034607,G,1.5810041427612305,G,2.347257614135742,G,1.2852838039398193,G,2.5992228984832764,G,1.4533395767211914,G,1.6542222499847412,A,1.48196542263031,S,1.567553997039795,S,1.6170094013214111,T,2.1344213485717773
526,A,1.8434742247616802,A,1.058603286743164,A,1.5608837604522705,G,1.2677072286605835,A,2.097686529159546,A,2.875472068786621,A,2.492163896560669,Y,1.7538319826126099,Y,1.5130445957183838,G,1.5855145454406738,Y,1.4908404350280762,V,1.1037812232971191,V,1.694697380065918,A,1.0310490131378174,A,2.4528989791870117,A,2.223127841949463,C,1.7089014053344727,A,2.842679500579834,A,2.5522868633270264,V,1.5154293775558472,V,1.5280647277832031,L,1.8840018510818481,S,1.7792787551879883,A,1.2340542078018188,A,2.352693557739258,G,1.5025880336761475,G,1.6753554344177246,C,2.9971675872802734
527,P,2.0298254004231207,Y,2.581434488296509,P,1.8919501304626465,P,1.3320214748382568,V,1.954482913017273,V,1.879263997077942,T,2.412559747695923,R,1.5544155836105347,R,1.476252794265747,M,1.3480466604232788,R,1.2800135612487793,P,2.3262932300567627,P,2.166292428970337,P,1.35617196559906,V,1.9788545370101929,V,1.9933390617370605,P,1.9064586162567139,Y,1.4051655530929565,Y,0.9909158945083618,P,2.0638999938964844,H,2.3620526790618896,G,3.2410309314727783,L,2.610245704650879,P,2.175551176071167,H,1.5300217866897583,P,4.109800815582275,P,2.4387152194976807,P,2.440034866333008
528,T,1.7765778832965426,M,1.9713023900985718,T,1.2683213949203491,V,2.6969432830810547,A,2.286064863204956,A,2.466763734817505,P,2.7715485095977783,I,1.1553908586502075,I,1.0805833339691162,V,1.7992677688598633,V,1.3250616788864136,M,1.3210082054138184,L,2.2375102043151855,P,1.176666021347046,A,2.261465549468994,A,2.3474619388580322,A,2.8646910190582275,M,1.340651512145996,M,1.431882619857788,L,1.212559461593628,L,1.3904330730438232,P,1.1948684453964233,P,2.539310932159424,A,1.7716044187545776,T,1.7599341869354248,V,1.6796956062316895,V,1.3138948678970337,M,1.3027169704437256
529,I,2.031844452575401,A,1.209368109703064,I,4.329905986785889,I,1.3789927959442139,V,2.7289679050445557,V,2.648607015609741,V,1.9872252941131592,G,1.6067235469818115,G,1.517959713935852,L,2.512104034423828,A,2.6174001693725586,V,2.592862606048584,T,1.1564810276031494,V,1.2037632465362549,V,2.4329419136047363,V,2.5954504013061523,I,2.9206788539886475,V,1.6384621858596802,A,2.6367602348327637,V,2.1495509147644043,V,1.6030893325805664,I,1.1572309732437134,M,1.106196403503418,V,2.093339681625366,M,2.521656036376953,A,1.1059800386428833,A,1.6050177812576294,I,1.8030840158462524
530,L,1.7736143513962075,L,1.2015165090560913,I,1.5800670385360718,L,2.1245503425598145,L,2.181145429611206,L,1.9146181344985962,I,1.2052881717681885,T,1.048815131187439,T,1.0436022281646729,L,2.180436611175537,T,0.9502055048942566,L,1.5140902996063232,F,3.999706268310547,L,1.554535984992981,L,1.933950424194336,L,2.0122501850128174,V,1.8797529935836792,L,1.169337272644043,F,3.086027145385742,F,1.444148302078247,M,1.7506251335144043,V,1.4028323888778687,Q,2.554291009902954,I,2.134277582168579,V,1.5363084077835083,L,1.0355592966079712,L,1.9900732040405273,L,1.4595764875411987
531,V,2.222025063302782,V,3.3389029502868652,S,3.032029390335083,V,2.055760145187378,S,2.18314266204834,S,2.4284682273864746,S,3.009223699569702,L,4.012880802154541,L,3.9865643978118896,T,1.7581686973571777,L,1.8172146081924438,V,1.3899338245391846,M,1.7364153861999512,S,1.7818268537521362,S,2.031980514526367,S,2.285580635070801,S,1.2282150983810425,V,2.942307472229004,A,1.254133701324463,V,1.9028338193893433,L,2.4375112056732178,L,1.333520531654358,T,1.868201494216919,S,1.3900034427642822,L,1.7235499620437622,M,3.942094564437866,M,1.8193769454956055,S,1.3048356771469116
532,H,2.0143280956480236,H,1.1943824291229248,Q,1.4436657428741455,H,1.7666734457015991,Q,1.5302695035934448,Q,1.4801863431930542,Q,2.207782745361328,Q,1.6330758333206177,Q,1.6056408882141113,H,1.6920785903930664,Q,3.1701486110687256,H,2.1098716259002686,H,1.5301659107208252,Q,2.442486524581909,Q,1.8728748559951782,Q,1.5111119747161865,E,2.017540216445923,H,1.9044172763824463,H,2.408522367477417,H,2.6627001762390137,H,1.7045483589172363,P,1.4799888134002686,Y,4.566054344177246,Q,1.7942843437194824,T,1.2073924541473389,H,2.6342437267303467,H,1.501178503036499,Q,3.31557297706604
533,A,1.8087137985229491,L,1.1187365055084229,L,1.0545313358306885,A,1.0696086883544922,V,1.5330384969711304,V,1.5410876274108887,V,2.222104787826538,P,2.1425676345825195,P,2.117405891418457,G,3.47921085357666,-,,S,2.1670925617218018,I,1.744763970375061,A,1.2287098169326782,V,1.5644229650497437,V,1.6655094623565674,I,1.5127371549606323,L,1.7698675394058228,I,2.48747181892395,L,1.257122278213501,A,1.6812382936477661,-,,V,1.7365349531173706,I,1.3207287788391113,A,1.9163354635238647,V,1.2058981657028198,V,4.154576301574707,I,1.5265436172485352
534,Y,2.0017030187275098,F,1.5990623235702515,Y,1.1414463520050049,Y,2.2339532375335693,Y,1.2769068479537964,Y,1.1342353820800781,F,2.490078926086426,-,,-,,Y,1.882070779800415,P,1.0189740657806396,-,,F,2.8354477882385254,Y,2.4775125980377197,Y,1.0758795738220215,Y,1.131850004196167,Y,1.6489449739456177,F,1.8893426656723022,F,1.7426782846450806,L,4.260522842407227,Y,2.8102266788482666,A,1.235459804534912,F,1.8500399589538574,Y,2.5521113872528076,-,,H,1.6556506156921387,H,3.9791018962860107,Y,2.1176724433898926
535,-,1.9157599359750748,-,,F,2.5122342109680176,F,1.693939208984375,F,1.3830004930496216,F,1.4077997207641602,F,2.1747889518737793,I,2.5171189308166504,I,2.4858875274658203,-,,I,1.2725967168807983,L,1.790464997291565,S,1.0863842964172363,F,2.5957155227661133,F,1.4938023090362549,F,1.3825128078460693,F,2.030984401702881,F,4.6311421394348145,F,1.219416856765747,-,,I,1.5200508832931519,L,1.4466735124588013,A,3.6658101081848145,F,1.6911227703094482,S,1.3399882316589355,F,2.1799120903015137,F,1.2730653285980225,F,1.1838264465332031
536,F,1.840441107749939,F,1.4033633470535278,T,1.791759729385376,C,1.049136757850647,T,1.9520127773284912,T,1.930066466331482,T,1.5674159526824951,L,1.181733250617981,L,1.2136869430541992,F,2.0333781242370605,L,1.768775463104248,F,2.346958875656128,M,2.0785324573516846,T,1.2978748083114624,T,1.9206228256225586,T,1.9470936059951782,A,1.3610107898712158,-,,-,,F,1.8870631456375122,L,2.834357500076294,Y,1.7975449562072754,L,4.034277439117432,M,2.2937111854553223,C,1.8250612020492554,L,1.4650776386260986,L,1.3445384502410889,T,1.6859740018844604
537,F,2.0155694007873537,L,3.0693142414093018,L,1.4242684841156006,F,2.5942087173461914,L,1.735752820968628,L,1.5129294395446777,L,1.3486071825027466,T,1.284584403038025,T,1.3222148418426514,L,1.0941756963729858,T,1.2081331014633179,L,1.6898638010025024,L,1.7886207103729248,L,1.8777533769607544,L,1.6438096761703491,L,1.6642812490463257,F,1.8722341060638428,-,,-,,M,1.4788239002227783,L,4.896167278289795,F,4.8753886222839355,L,2.0583150386810303,L,2.3542678356170654,L,2.017554759979248,T,1.7890032529830933,T,1.9099750518798828,I,1.878987431526184
538,-,1.9113269805908204,-,,A,2.886730194091797,T,1.3122735023498535,A,2.187126636505127,A,2.146573305130005,A,1.4745336771011353,-,,-,,-,,-,,-,,G,1.5669242143630981,G,1.2893562316894531,A,2.177762031555176,A,2.2218918800354004,A,1.4148952960968018,L,1.932347059249878,L,1.7624455690383911,-,,-,,-,,G,1.890673041343689,A,2.1153624057769775,-,,-,,-,,A,2.2910096645355225
539,V,1.6628855677211987,I,1.2367963790893555,N,1.9523444175720215,N,2.0130252838134766,-,,-,,-,,L,1.30198073387146,L,1.2620487213134766,M,2.398059844970703,L,0.9716919660568237,V,1.4514299631118774,Y,1.346514105796814,-,,-,,-,,N,2.53902006149292,I,1.4225937128067017,I,3.3692893981933594,L,1.4946997165679932,-,,V,1.0402748584747314,K,1.2783178091049194,-,,L,1.7366985082626343,-,,-,,S,1.4542691707611084
540,T,2.048592139173437,G,2.2040560245513916,S,1.9588663578033447,P,1.6783101558685303,N,2.623750925064087,N,2.3332676887512207,T,2.754000663757324,G,1.748213529586792,G,1.7073332071304321,N,2.067641496658325,N,2.203244686126709,T,1.7828385829925537,D,2.0568220615386963,S,1.4320353269577026,N,2.486086368560791,N,2.3981571197509766,S,2.6549618244171143,G,2.7472939491271973,G,2.1084940433502197,G,2.754688262939453,G,1.5552313327789307,G,1.1449835300445557,N,1.124301552772522,K,2.3691883087158203,G,2.2183454036712646,S,1.6695023775100708,S,1.4280585050582886,S,2.1023144721984863
541,N,2.1655597127974033,Q,2.9163384437561035,-,,I,2.0182113647460938,-,,-,,-,,T,2.3104465007781982,T,2.324045419692993,Q,2.423356533050537,A,3.538353443145752,N,2.234055757522583,D,3.521486282348633,-,,-,,-,,-,,E,2.4521548748016357,E,1.8140714168548584,-,,E,0.8192178606987,P,1.5767009258270264,L,1.5984646081924438,-,,P,1.635758638381958,V,2.189073324203491,V,1.2772200107574463,-,
542,P,2.026406103914434,G,1.3011847734451294,-,,-,,S,1.6484205722808838,S,1.6453534364700317,S,1.6286455392837524,P,1.8232879638671875,P,2.0826501846313477,D,3.9230964183807373,W,1.4949595928192139,Q,1.325946569442749,P,2.0615897178649902,S,4.750692844390869,S,1.6666767597198486,S,1.640649437904358,-,,G,1.6511508226394653,G,1.340124487876892,H,1.1139028072357178,E,1.1508468389511108,K,2.0637216567993164,-,,S,2.6856026649475098,G,3.94450044631958,S,1.5804342031478882,S,2.0574965476989746,-,
543,I,2.0626739572595665,V,1.6731213331222534,T,2.3546674251556396,T,3.953742504119873,I,1.907819151878357,I,1.8512004613876343,I,1.8728162050247192,F,2.2406346797943115,F,2.4386796951293945,V,4.382772445678711,L,2.47509503364563,I,1.9441226720809937,S,2.4517784118652344,M,1.9879041910171509,I,1.8925427198410034,I,1.8744537830352783,I,2.3937580585479736,L,1.1570159196853638,V,1.3992469310760498,D,1.5988422632217407,L,1.1703150272369385,I,1.217191219329834,A,2.15071964263916,K,2.208923101425171,F,1.009637475013733,S,1.7585605382919312,S,2.5874340534210205,I,1.7392019033432007
544,T,2.2789045572280884,T,2.4766082763671875,D,6.958719730377197,K,2.0186169147491455,E,1.2623270750045776,E,1.459731101989746,D,2.2286603450775146,P,2.243452310562134,P,2.096806764602661,K,2.379028081893921,P,1.7267664670944214,T,1.3860442638397217,T,1.2735631465911865,E,2.449397563934326,E,1.2739057540893555,E,1.2381185293197632,D,2.417778491973877,T,1.926331877708435,T,1.3425428867340088,V,2.089970350265503,T,1.4613792896270752,S,3.1729483604431152,P,2.4425745010375977,E,2.4809443950653076,P,1.23407781124115,I,4.725947380065918,T,1.5479967594146729,E,4.216184616088867
545,K,1.936088756278709,E,1.0738190412521362,E,1.132688283920288,E,1.2155286073684692,K,2.42415714263916,K,2.7631595134735107,K,1.5588568449020386,H,3.050189971923828,H,2.886592149734497,D,1.9176868200302124,D,1.5562403202056885,K,3.0948657989501953,E,1.2898038625717163,K,1.1008996963500977,K,2.297428846359253,K,2.7656164169311523,K,1.5199644565582275,H,1.8160357475280762,H,1.3004995584487915,S,1.26956045627594,K,4.119753837585449,E,2.034632921218872,E,1.730047345161438,K,1.3099136352539062,V,1.5741291046142578,E,1.3391690254211426,K,2.6759541034698486,K,1.4572029113769531
546,E,1.8546599988584165,E,1.2979539632797241,T,1.0251376628875732,S,2.0790233612060547,P,1.5105805397033691,P,1.5564987659454346,P,2.09690523147583,H,1.1429448127746582,H,1.21490478515625,D,1.5716428756713867,Y,5.276935577392578,E,1.4766072034835815,E,1.653205156326294,P,1.3161909580230713,P,1.5296553373336792,P,1.4956387281417847,T,2.2390687465667725,Q,1.1916053295135498,Q,1.6556143760681152,Q,1.2276641130447388,E,1.456967830657959,S,3.065973997116089,S,1.9104795455932617,P,1.4721581935882568,H,1.9625154733657837,E,2.3016116619110107,E,2.394213914871216,P,2.9541218280792236
547,A,1.884456684956184,N,2.315153121948242,V,1.4780802726745605,M,2.4900991916656494,K,2.07833194732666,K,1.9337527751922607,V,1.3621271848678589,I,0.9403183460235596,I,0.9613826274871826,A,2.078977584838867,I,1.4215463399887085,A,1.44573974609375,E,2.523935556411743,I,1.4487022161483765,K,2.1561779975891113,K,2.109976291656494,E,2.772242307662964,N,1.54831862449646,N,4.476491451263428,N,2.3321499824523926,K,1.8871047496795654,I,1.4658539295196533,-,,V,1.2187986373901367,Q,1.2195783853530884,I,1.6658899784088135,I,2.1533374786376953,E,1.5118070840835571
548,L,2.3569788226374873,V,2.437525510787964,I,1.2584718465805054,K,1.208454966545105,I,1.2523155212402344,I,1.2295387983322144,I,2.043160915374756,L,4.528997898101807,L,4.313291549682617,I,1.7706047296524048,L,2.212493896484375,L,3.603214979171753,E,1.9838991165161133,I,1.613172173500061,I,1.2566635608673096,I,1.2267987728118896,V,1.9170268774032593,V,1.839118480682373,S,2.4693994522094727,A,3.4249637126922607,V,2.443988800048828,V,2.6880412101745605,S,2.6976053714752197,I,1.623173713684082,L,4.656642913818359,H,2.3907008171081543,H,2.0757954120635986,L,3.473367214202881
549,D,2.346111926767561,K,1.7970095872879028,E,1.0347208976745605,F,2.345393180847168,E,4.268787860870361,E,4.274590015411377,E,1.6323800086975098,Q,3.9521825313568115,Q,3.6231369972229004,E,1.2236865758895874,K,1.9844746589660645,D,5.0073628425598145,E,1.3555684089660645,E,2.793881893157959,E,4.210976600646973,E,4.179645538330078,E,1.26954984664917,L,2.0923125743865967,Q,0.996182382106781,A,1.7674400806427002,E,1.5511631965637207,K,1.0826010704040527,D,2.137515068054199,E,1.7300007343292236,W,1.291153073310852,Q,3.151921033859253,H,1.1824764013290405,E,1.4089089632034302
550,C,1.9334086999297142,L,2.4190142154693604,S,2.3053808212280273,F,2.575530529022217,S,1.5606259107589722,S,1.6363273859024048,S,2.1203181743621826,E,0.9494909644126892,E,1.0203289985656738,S,1.4342173337936401,-,,-,,A,2.2714719772338867,S,1.1888070106506348,S,1.5565388202667236,S,1.5425751209259033,S,1.6760541200637817,F,2.3425190448760986,L,3.622925281524658,E,2.329796314239502,L,2.041266441345215,-,,F,2.674330711364746,S,1.758143424987793,S,2.2919116020202637,C,1.437434434890747,C,1.70561683177948,S,1.94118332862854
551,-,1.4901779095331829,L,2.2517752647399902,-,,-,,-,,-,,-,,I,1.175550103187561,I,1.281898021697998,-,,-,,-,,-,,-,,-,,-,,-,,F,1.9055746793746948,F,1.1514798402786255,F,1.174789547920227,-,,-,,-,,-,,-,,-,,-,,-,
552,-,1.8563595215479534,-,,-,,-,,-,,-,,-,,-,,-,,-,,G,1.061660647392273,S,1.329268455505371,I,1.3801448345184326,-,,-,,-,,-,,K,1.6821516752243042,T,3.5194661617279053,-,,-,,D,2.1654653549194336,-,,-,,-,,-,,-,,-,
553,L,2.0886538219451904,V,1.5968081951141357,L,2.255000352859497,T,1.135250449180603,M,3.9426846504211426,M,3.927436590194702,L,1.1079624891281128,-,,-,,L,1.7171790599822998,I,1.2970372438430786,L,1.2880793809890747,I,1.705763816833496,M,1.4595969915390015,M,3.962031841278076,M,3.9653067588806152,I,1.7436293363571167,Q,2.596294641494751,Q,2.864046096801758,V,1.195754051208496,I,2.091620922088623,P,1.1970082521438599,A,1.76919686794281,F,2.5306732654571533,Q,1.4723949432373047,I,1.6522217988967896,I,2.1802473068237305,M,1.5631202459335327
554,E,1.8126478636706318,K,1.4753831624984741,Y,1.7670841217041016,E,1.1480464935302734,Y,1.3532823324203491,Y,1.3507869243621826,Y,4.001089572906494,D,1.9534785747528076,D,1.8465090990066528,E,1.5514028072357178,D,3.430598735809326,T,1.3523749113082886,D,2.8401670455932617,Y,1.179927945137024,Y,1.3647651672363281,Y,1.3425023555755615,Y,1.0372620820999146,K,0.9020867347717285,K,2.8806962966918945,D,1.6353784799575806,E,1.2215546369552612,E,1.8056690692901611,E,1.4387108087539673,Y,2.2717690467834473,R,3.238813877105713,Q,1.3807982206344604,E,1.2768540382385254,Y,1.8944997787475586
555,E,1.8889577870185559,P,1.6974706649780273,E,0.8465860486030579,G,1.031262993812561,K,1.7889920473098755,K,1.8630791902542114,E,1.845762014389038,F,1.202437162399292,F,1.2171123027801514,N,3.043546438217163,F,2.1329545974731445,N,1.708007574081421,H,1.602906346321106,E,1.721421241760254,K,1.8307400941848755,K,1.82008695602417,K,3.211178779602051,P,1.946980357170105,P,1.6975066661834717,H,3.0201687812805176,S,1.782875895500183,-,,K,1.5345782041549683,E,1.7514828443527222,R,3.201735496520996,R,2.3818042278289795,R,1.3153901100158691,K,1.9168354272842407
556,Y,2.1524502215562045,Y,3.1689908504486084,Y,1.629432201385498,Y,2.4726321697235107,Y,1.6069151163101196,Y,1.639553189277649,Y,3.631957530975342,P,2.140753746032715,P,2.18402361869812,F,2.588433265686035,P,1.2689529657363892,Y,1.1689720153808594,M,1.7995734214782715,Y,3.3112223148345947,Y,1.6143672466278076,Y,1.6076154708862305,Y,1.5857608318328857,Y,2.527801990509033,Y,4.578421592712402,I,1.2958118915557861,N,1.9185909032821655,Y,2.622178554534912,I,2.3652777671813965,Y,1.7773971557617188,H,0.9619892835617065,T,2.7145044803619385,T,1.8478970527648926,Y,2.0871293544769287
557,P,2.0681669270550764,P,1.932651400566101,H,7.690762519836426,P,1.3776150941848755,H,1.741309642791748,H,1.7977685928344727,H,1.2646597623825073,S,2.2051877975463867,S,2.221165180206299,H,2.4127373695373535,S,1.8239175081253052,P,1.6852391958236694,P,2.3478307723999023,D,1.5397496223449707,H,1.7935936450958252,H,1.7773218154907227,H,1.959162950515747,H,1.9236562252044678,P,1.5441465377807617,P,1.5216025114059448,P,2.7074320316314697,D,1.287064790725708,S,1.555851697921753,D,1.3408006429672241,Q,1.6543375253677368,E,1.292851209640503,Q,3.646282434463501,H,1.7958085536956787
558,N,2.147545342092161,K,3.047715187072754,N,1.2285939455032349,N,1.5155060291290283,H,1.644402265548706,H,1.6405150890350342,R,2.535317897796631,S,1.5018301010131836,S,1.5409189462661743,D,2.644712448120117,R,3.7863047122955322,D,2.761603832244873,S,2.3444743156433105,N,1.6084572076797485,H,1.5404777526855469,H,1.6365827322006226,D,2.2946653366088867,K,3.199707508087158,K,3.325110912322998,P,2.659013271331787,G,2.076814889907837,E,1.7250916957855225,D,1.4089515209197998,E,1.5044903755187988,D,0.8148127794265747,N,2.134949207305908,N,2.548844814300537,D,3.313859462738037
559,I,2.2499682859138206,L,1.118762493133545,I,2.1753294467926025,I,2.4974045753479004,I,2.1809539794921875,I,2.1517436504364014,I,1.6100459098815918,L,1.8676520586013794,L,1.981656551361084,L,2.772366762161255,F,2.4057085514068604,I,1.8476234674453735,I,3.6215903759002686,I,1.5259596109390259,I,2.1511168479919434,I,2.1414167881011963,I,1.5973260402679443,P,5.541656494140625,V,1.6762210130691528,V,1.5455464124679565,I,4.277616024017334,L,2.9704434871673584,I,1.6203570365905762,I,1.4914155006408691,I,2.437248706817627,I,1.3045246601104736,I,1.6216049194335938,I,2.6158523559570312
560,I,2.7191136059937655,F,1.1917728185653687,L,3.034086227416992,I,4.806472301483154,L,4.758197784423828,L,4.7589802742004395,L,1.645709753036499,N,2.370474100112915,N,2.457271099090576,F,1.3438581228256226,N,1.6856420040130615,I,1.0310280323028564,I,4.569468975067139,L,3.3692808151245117,L,4.736169338226318,L,4.710427284240723,L,1.4962093830108643,F,1.915592074394226,F,1.25201416015625,I,1.5290032625198364,V,2.723193883895874,F,2.0115814208984375,L,3.637068271636963,I,2.559934616088867,T,3.153106927871704,V,1.393876075744629,V,1.5647544860839844,L,3.7108938694000244
561,R,2.1151711455097906,S,1.2252086400985718,Y,1.5306812524795532,Q,1.16254460811615,R,3.7883670330047607,R,3.7345051765441895,R,1.5474660396575928,D,2.3001296520233154,R,2.2905373573303223,K,2.0539090633392334,D,1.6860274076461792,R,1.813094139099121,S,2.049734592437744,R,2.0244662761688232,R,3.7443695068359375,R,3.746152400970459,Y,1.9698659181594849,S,2.470404863357544,S,1.838876724243164,S,2.733914375305176,S,1.5236976146697998,K,2.342538595199585,R,2.2823801040649414,R,1.236509919166565,S,1.9731690883636475,H,1.5520070791244507,R,1.4099452495574951,Y,1.079118251800537
562,W,2.0265185700522528,Y,1.6059600114822388,L,2.0896294116973877,Q,1.3386099338531494,L,2.175088882446289,L,2.1729471683502197,L,2.034285545349121,L,1.7784309387207031,L,1.8513331413269043,W,1.4327870607376099,L,1.7847323417663574,W,1.8831568956375122,C,1.7886749505996704,V,2.772508382797241,L,2.162489175796509,L,2.148486375808716,L,1.9751055240631104,A,1.7849490642547607,A,3.419642448425293,C,3.9690980911254883,S,1.3106932640075684,L,1.5315309762954712,L,1.003675937652588,L,4.2026143074035645,L,2.665696620941162,Y,1.4732859134674072,Y,1.2582978010177612,L,1.102291226387024
563,S,2.0557457959210432,S,1.2895009517669678,S,1.9515917301177979,S,3.5294950008392334,S,2.6967601776123047,S,2.685610294342041,S,2.1454522609710693,A,1.5569679737091064,A,1.4253336191177368,S,2.0037312507629395,A,1.6027100086212158,S,2.0136454105377197,P,1.923335075378418,S,1.814004898071289,S,2.7441093921661377,S,2.7386345863342285,S,2.0072450637817383,A,2.0443243980407715,A,1.7966920137405396,P,2.2365379333496094,A,1.5021846294403076,M,2.2501330375671387,G,1.9719685316085815,S,1.8255563974380493,L,1.7104700803756714,V,1.8721916675567627,V,2.616288185119629,S,1.5506619215011597
564,S,2.065639676871123,G,4.072108745574951,G,2.6205151081085205,C,1.3333015441894531,G,1.135626196861267,G,1.1381020545959473,G,3.4946088790893555,C,1.8790102005004883,C,1.9389493465423584,S,1.6781208515167236,S,1.3216993808746338,A,1.4659209251403809,A,1.4306509494781494,G,1.838491678237915,G,1.1271060705184937,G,1.1245737075805664,G,1.4883816242218018,G,2.540151834487915,G,1.2138009071350098,A,2.3687033653259277,A,2.003587245941162,S,2.390094757080078,G,4.965522766113281,G,2.998889923095703,M,3.402547597885132,S,1.4105134010314941,S,1.758594274520874,G,1.6326979398727417
565,I,1.594671403920209,R,1.3695701360702515,T,1.3756375312805176,L,1.2845501899719238,L,1.0849732160568237,L,1.090889573097229,M,1.5402679443359375,S,1.4750479459762573,S,1.3974575996398926,M,1.4908738136291504,S,1.4793146848678589,T,1.4420069456100464,K,2.2568256855010986,M,1.494438648223877,L,1.0898116827011108,L,1.0894532203674316,M,3.9591031074523926,R,1.5281952619552612,R,1.2801289558410645,K,2.2307608127593994,T,1.626465916633606,T,1.5086294412612915,M,1.4239610433578491,M,1.2775814533233643,V,1.1286102533340454,L,2.3706307411193848,L,2.209808588027954,L,1.5511335134506226
566,I,1.7698322865698073,I,0.7076897621154785,I,1.1856458187103271,I,1.8393547534942627,L,1.505228877067566,L,1.5269403457641602,L,2.3556711673736572,I,1.528051495552063,I,1.5924102067947388,L,1.5262842178344727,F,1.6964613199234009,I,1.660721778869629,I,1.5855638980865479,L,1.944420337677002,L,1.5078550577163696,L,1.5104079246520996,L,1.2417960166931152,I,1.417962908744812,I,2.8635520935058594,I,3.745042562484741,I,1.307727336883545,C,4.2489495277404785,M,1.1166648864746094,L,2.2752163410186768,L,0.8288945555686951,I,1.57375967502594,I,1.6154471635818481,L,1.8777517080307007
567,A,2.001126187819022,L,3.0125010013580322,L,1.9906295537948608,V,1.5195670127868652,V,1.4304574728012085,V,1.4497792720794678,V,3.628455877304077,L,1.5377328395843506,L,1.6965750455856323,F,1.6218674182891846,L,1.0500118732452393,F,3.8624794483184814,L,1.4701132774353027,V,1.0234192609786987,V,1.4689017534255981,V,1.4661649465560913,A,3.3792994022369385,F,2.5748112201690674,L,1.3471400737762451,L,4.540156841278076,L,2.031984806060791,G,2.350518226623535,I,1.6102944612503052,V,1.551236629486084,T,1.1251944303512573,F,1.8167529106140137,F,1.2694655656814575,L,2.2048964500427246
568,R,2.1536726112718934,R,1.3255935907363892,R,1.4084974527359009,R,2.6898324489593506,R,1.4356825351715088,R,1.4302115440368652,R,1.0025975704193115,R,1.6063909530639648,R,1.6065175533294678,R,1.7738654613494873,R,3.508802652359009,R,2.781721353530884,R,2.3896172046661377,R,3.019388437271118,R,1.4356967210769653,R,1.4379574060440063,R,1.747598648071289,R,1.8931214809417725,R,7.5210957527160645,R,2.391758441925049,R,1.7101726531982422,R,2.05124568939209,R,1.3865622282028198,R,1.2245326042175293,R,2.006772756576538,R,1.2158482074737549,R,4.50838565826416,R,1.6396934986114502
569,L,1.9773582970654522,L,5.370207786560059,L,2.658703088760376,L,1.6800942420959473,L,1.1051660776138306,L,1.1118992567062378,L,1.4581735134124756,L,1.3831942081451416,L,1.3700239658355713,L,1.5722992420196533,L,1.422212839126587,L,1.3480280637741089,L,1.5502347946166992,L,2.5143110752105713,L,1.1166129112243652,L,1.1164815425872803,L,3.2049338817596436,L,3.5944998264312744,L,2.6640467643737793,L,2.2924270629882812,L,3.4510114192962646,L,1.4277762174606323,L,1.5838180780410767,L,1.4751217365264893,L,2.044372320175171,L,1.236587643623352,L,1.250990867614746,L,2.3854455947875977
570,A,2.1544703797057823,W,2.400632381439209,A,2.8214972019195557,A,2.2609379291534424,H,2.2523398399353027,H,2.183969736099243,P,1.162121295928955,K,3.8977043628692627,K,3.8996362686157227,Y,2.05835223197937,R,1.7162564992904663,N,1.2785416841506958,W,2.7312700748443604,P,2.5801496505737305,H,2.2186005115509033,H,2.235734701156616,P,1.4699163436889648,W,2.1142048835754395,W,0.9415679574012756,W,2.0213282108306885,W,2.325085163116455,L,2.5697834491729736,P,1.588167428970337,P,2.4258720874786377,L,2.5980193614959717,A,1.3624870777130127,T,1.526070475578308,P,1.5304534435272217
571,D,2.175892330982067,D,2.6509156227111816,D,1.3304733037948608,D,4.4374470710754395,D,2.21890926361084,D,2.1282920837402344,D,1.6273502111434937,G,1.2198067903518677,G,1.209763526916504,N,2.911931037902832,G,1.4573602676391602,D,1.1830286979675293,D,1.9567592144012451,D,2.0275166034698486,D,2.1621761322021484,D,2.1787562370300293,D,2.7825286388397217,D,1.4629591703414917,D,1.0154911279678345,D,1.2546710968017578,D,6.327619552612305,N,2.080609083175659,D,2.615941286087036,D,1.8303003311157227,N,2.2740836143493652,D,3.1447176933288574,D,1.3873592615127563,D,1.8723260164260864
572,D,2.03421264141798,D,1.3810222148895264,D,1.1666158437728882,D,2.3185040950775146,D,2.670851707458496,D,2.678910732269287,D,1.2750682830810547,D,1.4356131553649902,D,1.479753851890564,D,2.0039539337158203,D,1.598546028137207,D,1.335909128189087,-,,D,1.8343021869659424,D,2.635387420654297,D,2.6150033473968506,D,1.5432859659194946,-,,-,,D,1.918035626411438,D,0.947544276714325,D,1.8722662925720215,D,1.1045976877212524,D,3.3058042526245117,D,4.15180778503418,D,3.7783830165863037,D,1.7108688354492188,D,2.059067726135254
573,-,1.8423930962880453,-,,L,1.174881935119629,F,1.0800868272781372,L,1.5723040103912354,L,1.5589218139648438,L,3.8953492641448975,-,,-,,-,,-,,-,,-,,L,2.370090961456299,L,1.568224310874939,L,1.5726183652877808,L,1.3547260761260986,-,,-,,-,,L,0.9985325336456299,-,,L,1.774729609489441,L,2.14878511428833,-,,L,2.1195828914642334,L,3.151637315750122,L,1.2954254150390625
574,-,2.5332388162612913,-,,-,,G,3.8980352878570557,-,,-,,-,,-,,-,,-,,-,,-,,D,2.966890573501587,-,,-,,-,,-,,D,2.225848436355591,D,1.6469981670379639,-,,-,,-,,G,1.9284216165542603,-,,-,,-,,-,,-,
575,L,2.106881390015284,L,4.480753421783447,-,,-,,-,,-,,-,,I,2.3828258514404297,I,2.280811309814453,L,1.617050290107727,T,1.7025854587554932,L,2.365219831466675,M,2.664332866668701,-,,-,,-,,-,,L,1.564119577407837,L,1.0855857133865356,L,1.397031545639038,-,,V,1.2968536615371704,-,,-,,I,2.4454071521759033,-,,-,,-,
576,G,1.7506336021423339,G,1.8513981103897095,G,1.890284776687622,-,,G,2.0014584064483643,G,2.176079273223877,G,1.2925183773040771,L,1.2253689765930176,H,1.4039582014083862,A,1.5310089588165283,R,1.1830878257751465,G,1.9354803562164307,G,1.2224807739257812,G,1.2435581684112549,G,2.149625778198242,G,1.9929442405700684,G,1.753790259361267,G,1.275674819946289,G,1.4721653461456299,G,1.0890040397644043,G,1.1810457706451416,Q,2.2362351417541504,-,,G,3.494582414627075,Q,2.025695323944092,G,1.908021092414856,G,1.393151044845581,G,2.8372225761413574
577,T,2.0313000369954994,T,3.325282335281372,T,1.1144627332687378,T,3.2366676330566406,T,1.3131892681121826,T,1.3002026081085205,T,1.9771016836166382,T,1.8940284252166748,T,2.138322114944458,A,0.6830011606216431,C,3.9344565868377686,T,1.537603497505188,S,2.70750093460083,T,2.439866542816162,T,1.3303905725479126,T,1.3290972709655762,T,2.0116922855377197,T,1.2942885160446167,T,1.6062711477279663,S,5.039269924163818,S,1.7056670188903809,T,1.5398883819580078,T,2.0899150371551514,T,1.7382564544677734,S,2.8189070224761963,T,1.6015100479125977,T,1.3035475015640259,T,1.8347142934799194
578,S,2.015844300941185,A,1.6211261749267578,S,4.432223796844482,F,1.8014369010925293,S,1.7236493825912476,S,1.7342031002044678,S,1.4211359024047852,Y,1.7377907037734985,Y,1.4104993343353271,L,3.3425114154815674,Y,3.272616386413574,S,1.5499504804611206,A,1.3619459867477417,S,2.918393850326538,S,1.6184779405593872,S,1.7299563884735107,S,2.0006930828094482,S,1.4995763301849365,A,1.6008967161178589,A,1.5679450035095215,A,1.6066569089889526,F,1.9057687520980835,S,1.755047082901001,L,1.5000379085540771,Y,4.127662181854248,S,1.9157953262329102,S,1.4042974710464478,A,1.8675016164779663
579,T,2.119404642670243,K,1.287465214729309,Q,1.439223051071167,S,1.5564274787902832,L,1.5212719440460205,L,1.5131973028182983,P,1.3398466110229492,Q,3.341295003890991,Q,3.549243450164795,A,1.9956694841384888,K,2.6230380535125732,S,2.125030279159546,E,1.2699670791625977,S,1.7962710857391357,L,1.490862250328064,L,1.5231045484542847,S,4.10978889465332,Q,1.3638129234313965,K,2.790517807006836,K,3.390564203262329,K,1.1432223320007324,E,4.0382280349731445,T,2.9693872928619385,P,1.370693564414978,L,0.986603856086731,L,1.8798497915267944,L,2.0527563095092773,L,2.756587505340576
580,D,2.073799188490267,E,1.7273012399673462,H,3.3820199966430664,D,2.245084047317505,F,1.7920902967453003,F,1.8073004484176636,F,4.79500675201416,A,2.1291799545288086,A,1.6725760698318481,D,1.9740574359893799,A,1.2131774425506592,D,1.817702293395996,D,1.586134433746338,F,1.9907578229904175,F,1.7749228477478027,F,1.7903225421905518,F,1.695138692855835,E,2.200028896331787,E,0.9757383465766907,D,2.1436338424682617,D,2.668644428253174,R,3.0280463695526123,D,1.682903528213501,F,1.318542242050171,K,1.5233734846115112,G,2.5562710762023926,G,2.645311117172241,H,1.8573124408721924
581,E,1.8928425267890647,E,2.5232598781585693,E,1.6903111934661865,E,1.0263481140136719,E,2.597933769226074,E,2.167232036590576,E,1.220231056213379,E,1.6440834999084473,E,1.7779639959335327,E,1.9325872659683228,D,1.7900913953781128,E,1.7361557483673096,E,2.304319143295288,E,2.3665130138397217,E,2.678030490875244,E,2.656203269958496,E,3.4151501655578613,E,1.5513908863067627,E,1.6005885601043701,E,1.594264268875122,E,1.8425209522247314,E,1.0242780447006226,E,1.6445578336715698,E,1.9487073421478271,E,1.121519684791565,E,1.7622841596603394,E,1.2095959186553955,E,2.2806265354156494
582,L,2.187799369847333,Q,2.3724772930145264,L,1.8759485483169556,L,1.0306614637374878,K,1.3748219013214111,K,1.4108079671859741,M,3.0338692665100098,R,2.27207088470459,R,2.5727808475494385,I,1.4894061088562012,R,3.151071071624756,L,6.178099632263184,A,1.8996295928955078,M,3.472292900085449,K,1.3726716041564941,K,1.3616830110549927,M,1.3738806247711182,E,2.790041446685791,Q,4.3910980224609375,A,1.9644612073898315,N,2.3423056602478027,Y,1.6948903799057007,L,1.1553056240081787,M,1.211926817893982,E,1.0131051540374756,M,2.6810638904571533,M,1.8477685451507568,L,1.7364435195922852
583,K,1.503715161924009,E,1.6722362041473389,E,1.563645362854004,N,1.4862524271011353,K,0.8956634998321533,K,0.8917964696884155,K,1.6204568147659302,S,1.1297969818115234,S,1.1703563928604126,D,1.4160373210906982,D,1.7007591724395752,K,1.1351767778396606,Q,1.419631004333496,E,2.4200210571289062,K,0.8787137866020203,K,0.8876423239707947,K,1.1457782983779907,E,1.5114229917526245,E,1.8036205768585205,Q,1.1655715703964233,Q,1.4370529651641846,N,2.081826686859131,K,1.0768423080444336,K,3.038712739944458,D,1.9454265832901,E,1.788407564163208,E,1.5645346641540527,K,1.7529268264770508
584,R,1.8382867751298126,R,1.1456592082977295,R,1.7612920999526978,R,2.4865808486938477,R,2.0647294521331787,R,1.9744038581848145,R,1.8441171646118164,R,1.244929552078247,R,1.118457555770874,K,3.1792078018188477,R,1.0242784023284912,R,1.2375502586364746,E,1.5351101160049438,R,2.284709930419922,R,2.089421510696411,R,2.079167366027832,R,2.1240289211273193,R,2.064075469970703,R,1.5279452800750732,E,2.2563700675964355,D,2.340033769607544,E,1.0130515098571777,R,1.8665821552276611,R,1.662645936012268,E,1.1242270469665527,R,3.2114133834838867,R,2.039975166320801,R,1.3337790966033936
585,G,1.9841917797371194,G,2.8609347343444824,G,1.7007825374603271,G,2.2932283878326416,G,1.50686514377594,G,1.4853298664093018,G,1.575776219367981,G,1.9749194383621216,G,1.9069130420684814,D,1.0929312705993652,G,2.060131311416626,G,2.3142545223236084,G,1.9648957252502441,G,2.8203582763671875,G,1.5265791416168213,G,1.524375557899475,G,1.7490891218185425,G,3.9307861328125,G,1.5144267082214355,G,1.3338128328323364,G,2.4104151725769043,G,1.397251009941101,G,2.797146797180176,G,2.2646994590759277,G,1.281524658203125,G,2.2339017391204834,G,2.723390579223633,G,1.3284586668014526
586,D,1.9290131330490112,D,1.4862021207809448,D,1.7475168704986572,D,2.1447982788085938,D,2.191995620727539,D,2.115875482559204,D,1.3250924348831177,E,1.4866876602172852,E,1.8656671047210693,K,1.7164735794067383,E,3.3754124641418457,D,1.4380176067352295,F,3.1942925453186035,D,2.0467007160186768,D,2.1643426418304443,D,2.126713991165161,D,1.3916103839874268,D,1.2930301427841187,D,1.3856077194213867,L,1.2849317789077759,T,1.5360788106918335,-,,D,1.303289532661438,D,1.4851560592651367,K,2.2152464389801025,D,1.154543161392212,D,2.895559072494507,D,3.783499240875244
587,V,1.9393737086882958,L,7.191159725189209,V,1.0473401546478271,V,1.5948586463928223,V,1.3419991731643677,V,1.3181371688842773,V,3.1579995155334473,K,1.5522141456604004,K,1.5711028575897217,S,1.7212525606155396,E,1.6455731391906738,V,1.6893842220306396,D,1.3105581998825073,V,4.702173233032227,V,1.3342409133911133,V,1.3103793859481812,V,1.1792091131210327,M,1.3325010538101196,L,2.2755889892578125,D,1.436936855316162,D,2.764741897583008,K,0.9084135293960571,V,1.2321295738220215,V,1.3970465660095215,-,,T,1.8807659149169922,T,1.8698523044586182,V,1.6581575870513916
588,P,2.1553633742862277,A,2.048114776611328,P,1.8890669345855713,P,3.704082489013672,P,1.338429570198059,P,1.3426010608673096,P,1.363088846206665,S,3.6288561820983887,S,3.6035022735595703,P,1.4631743431091309,A,1.043424129486084,S,2.066401958465576,G,2.0606656074523926,P,1.7763913869857788,P,1.348503589630127,P,1.3437625169754028,A,1.5241150856018066,A,1.9704667329788208,A,1.4045459032058716,G,1.579158902168274,G,2.643383264541626,L,3.651933193206787,P,2.9380712509155273,A,4.553654193878174,I,2.913992166519165,L,2.2074341773986816,L,1.325332522392273,P,1.4626580476760864
589,K,1.633098182854829,S,1.0784043073654175,K,3.630958318710327,K,1.5081923007965088,K,1.3685356378555298,K,1.3458081483840942,K,2.3506593704223633,S,1.1954898834228516,S,1.1694148778915405,N,1.3420827388763428,S,1.9100580215454102,K,2.1626482009887695,S,1.832665205001831,K,1.1075619459152222,K,1.3565067052841187,K,1.352623701095581,K,1.8090095520019531,S,1.6537576913833618,S,1.7586921453475952,S,1.072159767150879,S,1.8051578998565674,N,1.3807547092437744,K,1.6400201320648193,K,1.1674996614456177,N,1.5635544061660767,K,1.5290560722351074,K,2.799861192703247,K,1.202518343925476
590,A,1.9924752535643402,S,0.965973973274231,A,1.726538062095642,S,1.9252674579620361,A,1.772458791732788,A,1.5499132871627808,A,2.225935935974121,C,2.739854574203491,C,2.700270414352417,A,1.5671663284301758,C,1.4963043928146362,S,2.689711093902588,Y,1.6938424110412598,S,1.6775819063186646,A,1.7451651096343994,A,1.647780179977417,A,2.087850332260132,S,2.275697708129883,C,1.1279871463775635,Y,3.806137800216675,Y,1.1222984790802002,S,3.0775949954986572,S,1.4351541996002197,S,2.7230618000030518,Y,1.8134818077087402,S,1.6668590307235718,S,2.1871907711029053,A,2.3497538566589355
591,I,1.9411165846718683,I,1.5795316696166992,I,2.049231767654419,I,2.295729160308838,V,1.82594633102417,V,1.690422534942627,I,1.6064903736114502,I,2.549217462539673,I,2.552640438079834,I,4.678934574127197,I,1.443315029144287,I,1.015676736831665,R,2.268082618713379,V,2.6470932960510254,V,1.7903887033462524,V,1.7541770935058594,I,1.7138392925262451,I,1.0614807605743408,V,1.7802735567092896,K,1.446408987045288,V,1.103910207748413,V,2.01849365234375,I,2.4113264083862305,I,2.0224239826202393,V,2.0380496978759766,I,1.485209345817566,I,1.8306816816329956,M,1.751172423362732
592,Q,1.9156597256660461,D,1.5004695653915405,Q,1.8239775896072388,Q,2.11861252784729,E,3.171680212020874,E,2.9917335510253906,L,1.692703366279602,S,1.0369850397109985,S,1.1050406694412231,S,1.2999536991119385,S,1.8271723985671997,Q,3.0964789390563965,D,0.8205947279930115,Q,1.175431489944458,E,3.210270404815674,E,3.202510118484497,Q,2.0012147426605225,R,2.0038132667541504,Q,1.257856845855713,E,1.7749303579330444,E,1.5289994478225708,S,2.868861436843872,Q,2.276848316192627,Q,2.323267698287964,W,1.8976373672485352,Q,1.2916953563690186,Q,1.3479487895965576,Q,1.076124668121338
593,C,2.0909728562390364,L,1.6308985948562622,C,3.4601242542266846,C,1.3658332824707031,I,1.3665988445281982,I,1.4869855642318726,L,1.4465025663375854,C,1.3321006298065186,C,1.3627586364746094,C,1.6736822128295898,C,3.5432827472686768,C,3.8545913696289062,F,1.5144436359405518,L,1.1068605184555054,I,1.5436229705810547,I,1.5417826175689697,C,4.703104019165039,L,1.546316385269165,L,1.4706237316131592,L,2.183180809020996,C,2.174630880355835,L,2.1284103393554688,C,1.670318365097046,I,3.2626209259033203,M,4.017127990722656,L,1.0250403881072998,L,2.2142632007598877,C,1.830561637878418
594,Y,1.7726044544467219,F,2.5169436931610107,Y,2.0107693672180176,Y,1.236262321472168,C,1.1916918754577637,C,1.4175927639007568,Y,1.8694034814834595,Y,1.9112215042114258,Y,1.878415822982788,Y,2.4827449321746826,Y,1.356347918510437,Y,1.582130789756775,Y,1.858068585395813,Y,1.384185791015625,C,1.2283931970596313,C,1.2241122722625732,Y,1.2755537033081055,F,2.0645556449890137,F,1.0013490915298462,Y,1.0406396389007568,Y,2.5446853637695312,L,1.830336570739746,Y,1.2374253273010254,Y,0.6651609539985657,Y,3.5670888423919678,H,3.636878728866577,Y,1.754656195640564,Y,2.093705892562866
595,M,2.2043182165534407,M,1.4434378147125244,M,2.548288345336914,M,1.3932863473892212,M,2.2528223991394043,M,2.0453619956970215,M,3.257495880126953,M,3.9907610416412354,M,3.9180796146392822,M,1.4777898788452148,M,4.516058921813965,M,2.5242762565612793,L,3.9550609588623047,M,3.085909605026245,M,1.9690039157867432,M,1.968868374824524,M,1.6821045875549316,M,1.461362361907959,M,1.0279878377914429,L,2.439502716064453,L,1.1450960636138916,V,1.4917415380477905,M,1.7416919469833374,M,1.5593130588531494,M,1.2076442241668701,M,1.974891185760498,M,2.4723141193389893,M,0.9664408564567566
596,N,1.906610855349788,R,2.2585525512695312,K,2.3277876377105713,Y,1.8530784845352173,K,3.3298628330230713,K,2.9069344997406006,K,1.1364424228668213,K,1.0799109935760498,K,1.097610354423523,Y,1.2192509174346924,K,2.754692554473877,N,1.634624719619751,M,1.458364725112915,K,1.5272302627563477,K,3.1436893939971924,K,3.2050914764404297,K,1.9336659908294678,K,1.7203569412231445,K,1.5031919479370117,K,2.0287535190582275,N,1.8400135040283203,L,2.1608242988586426,H,1.5639451742172241,K,1.6198043823242188,I,1.5407143831253052,H,1.4395177364349365,H,1.6368036270141602,K,1.557777762413025
597,E,2.0264524353875055,E,0.7402514815330505,D,1.6923328638076782,D,3.705897808074951,E,0.9290879368782043,E,1.1245958805084229,E,1.1253082752227783,D,5.211320400238037,D,5.123107433319092,E,1.8920365571975708,D,1.6173691749572754,E,1.066975474357605,E,2.7911345958709717,E,1.907647967338562,E,1.5524559020996094,E,1.6195673942565918,E,2.3280417919158936,E,1.2453092336654663,E,1.9472681283950806,E,2.0783419609069824,E,1.7013882398605347,H,1.601909875869751,E,1.2294172048568726,E,2.0002706050872803,E,1.3327126502990723,E,1.3464651107788086,E,2.268544912338257,E,3.535456895828247
598,T,1.991769484111241,N,1.9520421028137207,-,,-,,-,,-,,-,,N,2.270094156265259,N,2.2021939754486084,H,1.6555148363113403,N,1.3649098873138428,-,,N,0.97618567943573,-,,-,,-,,-,,Y,1.9233582019805908,K,1.0477070808410645,N,1.7337827682495117,Y,4.588757514953613,G,2.622730255126953,-,,-,,N,1.928886890411377,T,1.993147373199463,T,1.6254620552062988,-,
599,-,2.150999870300293,N,4.451739311218262,T,2.4419775009155273,T,1.4871963262557983,R,2.7730722427368164,R,4.249194145202637,R,2.118424892425537,P,1.2431586980819702,P,1.2686002254486084,-,,P,1.6300084590911865,K,2.3974156379699707,P,3.5238945484161377,T,2.2359566688537598,R,3.1092493534088135,R,2.575016498565674,H,2.2761855125427246,K,1.3871493339538574,S,1.2577698230743408,P,0.727526068687439,K,1.3652317523956299,G,1.4063013792037964,A,3.3607821464538574,Q,1.1811707019805908,N,2.330599069595337,-,,G,1.2388428449630737,K,1.738533616065979
600,G,1.9761120424820826,I,1.5107293128967285,N,2.7954046726226807,G,1.7452962398529053,N,1.8380677700042725,N,1.0020595788955688,N,3.4398796558380127,G,1.2723350524902344,G,1.285211443901062,S,2.0932445526123047,G,2.0963656902313232,G,1.8146882057189941,S,1.0854732990264893,N,3.507697582244873,N,0.9177029132843018,N,0.9875468015670776,N,0.8312426209449768,L,3.0847599506378174,L,1.4334301948547363,G,1.3528963327407837,G,1.5082712173461914,S,2.05664324760437,G,2.1724467277526855,N,1.3633047342300415,Q,2.0200328826904297,G,4.960324764251709,-,,N,3.203857660293579
601,A,2.0442440509796143,T,1.3053903579711914,A,2.5454297065734863,A,3.3132143020629883,D,1.7833729982376099,V,1.6311248540878296,A,1.5318577289581299,S,2.2317936420440674,S,1.9299424886703491,V,1.9289034605026245,S,3.2098135948181152,A,4.503155708312988,R,1.4971261024475098,A,1.5708959102630615,V,2.0579872131347656,V,2.1514768600463867,A,1.534752607345581,S,1.389087200164795,-,,L,2.007894515991211,S,2.212231397628784,M,1.6356430053710938,V,1.5456639528274536,A,1.7967329025268555,A,1.6499319076538086,A,1.6296881437301636,A,3.461138963699341,V,1.0960958003997803
602,S,1.8593934951005158,S,1.3156919479370117,S,2.2973084449768066,S,1.3951668739318848,T,1.9119668006896973,T,1.8205993175506592,T,2.2180519104003906,T,1.794350028038025,T,1.8588329553604126,S,1.6861233711242676,T,1.2517263889312744,S,1.7438764572143555,S,1.501110553741455,T,1.6359957456588745,T,1.910783290863037,T,1.9127479791641235,S,3.387709856033325,T,1.3863862752914429,T,1.4730733633041382,A,3.2262513637542725,T,1.3611838817596436,S,1.933811068534851,T,1.6979953050613403,T,1.4497400522232056,S,1.1002522706985474,T,1.5623563528060913,T,1.9687156677246094,P,3.4018168449401855
603,E,1.8415143754747179,D,1.3571457862854004,E,4.363591194152832,E,3.140026330947876,E,1.6174132823944092,E,1.702016830444336,E,1.0321581363677979,E,2.415708303451538,E,2.3989481925964355,E,1.397781491279602,E,1.6285609006881714,E,1.2540051937103271,P,1.670420527458191,E,1.2155190706253052,E,1.7332202196121216,E,1.7392672300338745,E,1.6425364017486572,V,1.3158479928970337,E,1.3437994718551636,A,1.0717048645019531,V,1.033604621887207,I,2.961786985397339,E,1.7869329452514648,R,3.082932710647583,I,1.190551996231079,E,2.2947452068328857,E,1.8202322721481323,E,1.5104299783706665
604,E,1.6502630445692275,E,2.5100324153900146,-,,-,,-,,-,,-,,E,1.3606208562850952,E,1.4379746913909912,E,2.2586638927459717,E,1.7399060726165771,E,1.1464065313339233,-,,-,,-,,-,,-,,-,,-,,G,1.6180517673492432,-,,S,1.2184232473373413,-,,-,,D,1.5622879266738892,-,,-,,-,
605,-,1.5073111057281494,-,,-,,-,,-,,-,,-,,-,,-,,-,,-,,-,,-,,-,,-,,-,,-,,-,,-,,-,,-,,D,1.5073111057281494,-,,-,,-,,-,,-,,-,
606,-,2.035915321425388,-,,R,2.4977972507476807,D,1.2823607921600342,E,1.4422942399978638,E,1.5470986366271973,I,2.1419031620025635,-,,-,,-,,-,,-,,G,2.02481746673584,E,2.406571865081787,E,1.5545793771743774,E,1.5542371273040771,E,1.4346883296966553,E,1.3053842782974243,E,3.258829355239868,-,,D,3.1178290843963623,A,0.8837794661521912,D,1.3635485172271729,E,2.6710426807403564,-,,P,3.7475290298461914,P,2.605339527130127,K,1.8427609205245972
607,-,,-,,-,,-,,-,,-,,-,,-,,-,,-,,-,,-,,-,,-,,-,,-,,-,,-,,-,,-,,-,,-,,-,,-,,-,,-,,-,,-,
608,-,,-,,-,,-,,-,,-,,-,,-,,-,,-,,-,,-,,-,,-,,-,,-,,-,,-,,-,,-,,-,,-,,-,,-,,-,,-,,-,,-,
609,G,2.1909567346939673,E,1.2401180267333984,E,1.410813808441162,E,1.7116373777389526,E,3.5877184867858887,E,3.7560243606567383,E,1.4379240274429321,D,2.2883529663085938,D,2.3361191749572754,V,3.681957721710205,D,2.718226909637451,E,1.7866243124008179,E,2.0415380001068115,E,1.0666956901550293,E,3.4448819160461426,E,3.4398772716522217,E,1.5994631052017212,E,1.5821211338043213,E,1.8338887691497803,E,0.8616111278533936,E,1.4184857606887817,-,,V,2.667959213256836,E,1.5956100225448608,D,1.535151720046997,E,1.3899134397506714,E,4.359331130981445,E,2.1728296279907227
610,A,1.953142056098351,G,1.7905241250991821,A,2.9437456130981445,A,1.107161045074463,A,2.043879508972168,A,1.9004497528076172,A,1.8712424039840698,A,2.514662504196167,A,2.4677345752716064,A,1.4082722663879395,A,2.0705649852752686,A,3.1051888465881348,A,1.346150517463684,A,1.2706807851791382,A,1.9512932300567627,A,1.9400585889816284,A,1.3665223121643066,A,3.726900339126587,A,1.1896857023239136,A,1.0338199138641357,A,2.091519594192505,-,,A,4.082364559173584,A,1.1588901281356812,S,1.2299758195877075,A,1.5279057025909424,A,1.805237889289856,A,1.837262749671936
611,R,1.9319405953089397,R,1.2390999794006348,V,2.0679399967193604,R,1.0887473821640015,E,2.161924362182617,E,2.168287515640259,Q,1.6283817291259766,V,2.531836986541748,V,2.8343605995178223,R,1.5792067050933838,L,1.9501097202301025,I,2.248274564743042,E,2.304060935974121,V,1.7214858531951904,E,2.2185416221618652,E,2.1967220306396484,R,1.307563304901123,R,1.3414266109466553,R,1.778855323791504,E,1.1623605489730835,R,1.4272058010101318,K,3.847464084625244,R,1.7185678482055664,E,1.068860650062561,V,2.176635980606079,R,1.8633019924163818,R,2.3806843757629395,R,2.150489568710327
612,E,2.4056629869672985,K,1.3873802423477173,E,1.0379328727722168,E,2.8851637840270996,E,1.4508910179138184,E,1.4442296028137207,E,3.082780361175537,A,3.273472547531128,T,2.9120731353759766,E,1.3588980436325073,N,10.290468215942383,E,2.2748706340789795,A,1.437336802482605,E,1.965524673461914,E,1.4750012159347534,E,1.459686517715454,E,4.003698825836182,S,1.8512489795684814,S,1.8632863759994507,E,2.451613426208496,T,1.9534580707550049,R,1.2361103296279907,D,2.265065908432007,E,3.1165201663970947,R,2.5181708335876465,S,2.2881124019622803,S,2.197568655014038,E,1.472337007522583
613,Y,1.8487309261604592,C,1.4105582237243652,H,1.341854214668274,H,2.366488456726074,H,2.144705057144165,H,2.094468832015991,H,2.1487717628479004,Y,1.968943476676941,Y,2.0485119819641113,H,1.6043413877487183,H,1.0824801921844482,H,1.3010278940200806,H,2.7210211753845215,H,1.4061272144317627,H,2.157600164413452,H,2.137533664703369,H,1.8922505378723145,C,1.2643561363220215,R,1.1923410892486572,H,2.918152332305908,H,2.003587484359741,K,1.207136869430542,H,2.250312328338623,H,2.111515998840332,H,2.5132501125335693,Y,1.2355151176452637,Y,1.3941807746887207,H,1.9987025260925293
614,I,2.1793343402721264,I,1.3937517404556274,V,1.9300041198730469,I,3.1665031909942627,V,3.027928590774536,V,3.7208542823791504,V,2.318833112716675,I,1.2350850105285645,I,1.2170759439468384,V,1.3814682960510254,I,0.9255784749984741,I,1.1540130376815796,M,1.3375533819198608,V,1.9493038654327393,V,3.0523669719696045,V,3.3015332221984863,I,1.5573036670684814,V,1.1999521255493164,I,4.539926528930664,V,1.456284761428833,V,1.4166544675827026,L,1.9874354600906372,I,3.5505664348602295,V,1.386045217514038,V,1.1503591537475586,I,1.4472979307174683,I,5.789382457733154,V,2.2489657402038574
615,K,1.5556795464621649,L,1.0188077688217163,K,1.1833337545394897,K,1.0725291967391968,K,1.0828232765197754,K,1.0635225772857666,R,1.341990351676941,N,1.2591462135314941,N,1.2371398210525513,K,4.590263366699219,N,1.1804205179214478,E,1.7417255640029907,R,1.6820261478424072,R,2.2847750186920166,K,1.0766708850860596,K,1.0629165172576904,R,1.2721178531646729,L,1.2249020338058472,L,1.0558960437774658,R,1.877655267715454,A,1.6035584211349487,Q,1.3282561302185059,M,3.056368350982666,R,1.0695117712020874,Q,1.024705171585083,K,1.9569885730743408,K,1.956450343132019,R,1.6988468170166016
616,Y,2.224386782557876,K,2.2716333866119385,F,1.0325982570648193,F,0.9777399897575378,Y,3.010707139968872,Y,3.0127789974212646,F,1.4305363893508911,G,1.5626004934310913,A,1.531538963317871,T,2.00236439704895,A,1.4043307304382324,F,1.7200781106948853,G,1.7209166288375854,F,1.5786153078079224,Y,3.0021140575408936,Y,2.982199192047119,F,1.3234009742736816,E,6.984109878540039,E,1.8596230745315552,R,1.3863584995269775,Q,2.7105185985565186,K,3.6715543270111084,G,1.6503567695617676,F,2.806539535522461,T,2.681637763977051,L,1.2564475536346436,S,1.555590271949768,F,2.931553840637207
617,L,2.1376224403028137,I,1.8740348815917969,L,2.727538585662842,L,1.224292516708374,L,1.853944182395935,L,1.8167071342468262,L,3.134657859802246,M,2.1359386444091797,M,1.9991167783737183,L,2.176344871520996,M,1.188904881477356,L,5.051633358001709,L,1.1400493383407593,L,4.034295558929443,L,1.8200526237487793,L,1.7955154180526733,L,1.624942421913147,E,1.7481657266616821,E,2.0284717082977295,L,1.7776072025299072,K,1.9556090831756592,P,0.9764590263366699,L,1.89687979221344,M,3.2930378913879395,I,1.6045643091201782,L,3.2223641872406006,L,1.7425605058670044,L,1.8721174001693726
618,I,1.9676478924574676,I,3.975252866744995,I,3.274207592010498,I,2.6530423164367676,I,1.554785132408142,I,1.5898699760437012,I,1.4504472017288208,V,1.280898928642273,V,1.3055342435836792,I,3.788276195526123,V,1.1380690336227417,I,1.0495855808258057,I,1.4620851278305054,N,3.3473339080810547,I,1.5760481357574463,I,1.5767754316329956,M,1.0267882347106934,I,1.7865663766860962,I,1.5643051862716675,I,2.3636226654052734,I,1.6465137004852295,I,1.4733071327209473,F,2.0115432739257812,I,1.7090400457382202,I,3.736746311187744,I,1.2695653438568115,I,1.5884779691696167,I,1.9278051853179932
619,S,2.1194520394007363,D,1.1408543586730957,R,1.4180452823638916,C,1.1872693300247192,R,1.8231922388076782,R,1.8498353958129883,R,2.7592127323150635,N,1.8305587768554688,N,1.829979419708252,D,2.9959378242492676,N,3.0304079055786133,Q,1.866788625717163,A,3.1418373584747314,R,1.7884703874588013,R,1.8162556886672974,R,1.8240326642990112,R,2.881502866744995,S,1.508192539215088,K,1.9021875858306885,A,1.8674559593200684,S,2.0760180950164795,D,1.0323104858398438,Q,4.553164958953857,R,1.8229122161865234,N,1.9975876808166504,N,2.776496410369873,D,1.013256549835205,R,3.4914417266845703
620,A,2.2428842650519476,N,1.1117061376571655,E,1.532761573791504,E,2.2891952991485596,E,3.6576077938079834,E,3.7578656673431396,E,1.7704492807388306,K,1.5001726150512695,K,1.4623582363128662,K,2.698601245880127,D,1.8908636569976807,E,2.510341167449951,R,3.095695734024048,E,1.3517651557922363,E,3.699676752090454,E,3.724214792251587,E,1.8693432807922363,R,1.5861071348190308,G,2.5837268829345703,G,1.4376795291900635,R,1.7690256834030151,T,4.098154544830322,E,1.2988672256469727,E,1.8621479272842407,V,1.8149285316467285,K,1.7626303434371948,K,1.6960082054138184,E,2.725980758666992
621,T,2.060431886602331,L,1.2646304368972778,T,2.492743492126465,T,1.0961995124816895,A,3.751054286956787,A,3.8351032733917236,A,1.3048241138458252,S,1.4783748388290405,S,1.6104094982147217,A,2.2664051055908203,I,0.7993947267532349,T,1.045145034790039,E,1.6922425031661987,A,1.2108516693115234,A,3.8089759349823,A,3.8075525760650635,A,2.1086292266845703,L,1.9920936822891235,L,2.20522403717041,E,1.0239520072937012,A,2.14076566696167,C,1.1421558856964111,T,1.2990086078643799,A,1.676835298538208,K,2.0503010749816895,T,1.589053988456726,T,4.748447418212891,A,2.191287040710449
622,W,2.242096194514522,W,1.6615817546844482,W,3.013420820236206,W,1.3308608531951904,W,4.0223236083984375,W,4.012951850891113,W,1.8973604440689087,L,3.5223655700683594,L,3.4667975902557373,W,1.6599349975585938,I,1.4740526676177979,W,1.6920464038848877,W,1.7616266012191772,W,0.9744735956192017,W,4.055597305297852,W,4.048952579498291,W,1.8165289163589478,W,1.873655915260315,W,1.5613501071929932,W,2.1464219093322754,W,0.8532490730285645,R,1.4306190013885498,W,1.803175687789917,W,2.439725160598755,K,2.3646199703216553,W,1.9848791360855103,W,1.5348193645477295,S,2.133206367492676
623,K,2.095563151218273,K,1.1920349597930908,K,1.4589457511901855,K,1.5708914995193481,K,2.1027119159698486,K,1.9170457124710083,K,3.5997002124786377,K,1.6527605056762695,K,1.542061686515808,M,1.4583806991577148,K,5.769992828369141,E,1.929003119468689,E,2.003962993621826,K,1.7810680866241455,K,1.980222225189209,K,1.9886746406555176,K,1.7751336097717285,K,1.762668490409851,R,2.233895778656006,E,1.9020917415618896,K,5.211068153381348,R,2.088315010070801,K,1.5950372219085693,K,1.5728628635406494,Q,1.8120344877243042,K,2.04976487159729,K,1.0604557991027832,K,1.5694202184677124
624,K,2.273326074635541,E,2.6055071353912354,E,1.4900004863739014,D,1.673614501953125,E,3.577505111694336,E,3.590052604675293,E,3.803025245666504,E,1.779710054397583,E,1.9031673669815063,K,4.688735485076904,E,1.6442095041275024,A,1.7042275667190552,V,1.4081475734710693,K,3.1521849632263184,E,3.344355821609497,E,3.34940505027771,H,1.4176418781280518,D,1.212504267692566,D,1.4303723573684692,E,3.206894874572754,R,1.8821922540664673,D,1.9847084283828735,K,1.1742058992385864,E,1.2755577564239502,E,1.2189414501190186,K,3.200490713119507,K,2.0035810470581055,Q,1.6588646173477173
625,M,2.141497011537905,L,1.5447012186050415,M,1.19731605052948,M,1.7348825931549072,M,2.1349399089813232,M,2.195794105529785,M,3.0656650066375732,L,1.3741766214370728,L,1.344642162322998,M,4.277263164520264,L,1.3295056819915771,M,1.139039158821106,L,1.3030859231948853,M,1.6495264768600464,M,2.15230393409729,M,2.1515088081359863,M,5.518081188201904,L,2.9358553886413574,L,1.808415174484253,L,1.2665960788726807,L,1.0112918615341187,L,1.9001905918121338,L,1.5098845958709717,M,2.6440987586975098,F,2.7643606662750244,L,1.4500689506530762,L,1.8740233182907104,M,4.543201923370361
626,N,2.1957464483049183,N,1.4162769317626953,N,3.029449462890625,N,3.43042254447937,N,2.363860607147217,N,2.486510753631592,N,2.2145678997039795,N,1.6960275173187256,N,1.4925633668899536,I,1.1311739683151245,N,2.1943254470825195,N,1.5496160984039307,N,2.117825508117676,N,1.2621287107467651,N,2.517496109008789,N,2.5041182041168213,N,1.7688863277435303,N,2.308171272277832,N,1.6083059310913086,N,2.7210302352905273,N,2.847885847091675,L,1.502557396888733,N,4.121732711791992,N,1.3272056579589844,I,1.3943510055541992,N,2.7366204261779785,N,3.9114556312561035,N,1.6305885314941406
627,K,1.9335871493374859,G,1.3095972537994385,T,0.8298037052154541,K,1.2854832410812378,T,2.1449873447418213,T,2.1354990005493164,T,2.493795871734619,W,2.663832664489746,W,2.4072959423065186,E,2.383363962173462,W,1.544071078300476,T,1.7707593441009521,R,4.876450061798096,T,0.9620653390884399,T,2.1663947105407715,T,2.170832872390747,T,2.1245310306549072,E,1.945605754852295,G,1.9429322481155396,R,1.5381393432617188,R,1.2399808168411255,S,2.354565382003784,E,1.577199101448059,T,2.7114481925964355,Q,2.0514936447143555,K,1.0070233345031738,K,1.102695345878601,T,1.4670064449310303
628,D,1.788039755821228,E,2.540593147277832,V,1.5644222497940063,-,,A,1.635599970817566,A,1.7889318466186523,A,2.9525933265686035,E,2.585104465484619,E,2.3805747032165527,A,1.7167539596557617,E,1.3214788436889648,-,,E,1.5239008665084839,A,2.1152052879333496,A,1.820739984512329,A,1.6852437257766724,A,1.5661263465881348,G,2.2934842109680176,E,1.8029009103775024,E,1.4034228324890137,E,1.0495630502700806,L,1.3765802383422852,Y,1.1180440187454224,T,1.8662433624267578,R,2.1565229892730713,E,1.7741341590881348,E,1.0977394580841064,V,1.5650899410247803
629,R,1.916765699783961,L,1.472825527191162,-,,-,,-,,-,,-,,F,1.861775517463684,F,1.7910041809082031,R,1.3833798170089722,L,1.864810585975647,A,2.930011034011841,C,1.3326001167297363,-,,-,,-,,-,,L,2.7255733013153076,L,2.415280342102051,C,1.8244421482086182,-,,V,1.869032621383667,-,,-,,V,1.5304532051086426,-,,-,,-,
630,A,1.8188844102400321,V,3.0916922092437744,T,2.1626994609832764,N,1.4422606229782104,T,1.4991453886032104,T,1.3673392534255981,T,3.0139877796173096,L,0.921339213848114,L,0.925254225730896,I,2.3745408058166504,L,1.5090250968933105,Q,3.4328083992004395,F,1.9017282724380493,E,2.698080062866211,T,1.3807131052017212,T,1.4961212873458862,A,1.586456298828125,I,1.5465160608291626,V,2.1822926998138428,F,1.6095961332321167,C,2.4054067134857178,L,2.2976808547973633,L,1.5357662439346313,M,1.389338493347168,L,1.0449793338775635,R,1.1161348819732666,R,1.6677919626235962,S,1.5111842155456543
631,A,1.6146265608923775,S,1.608763575553894,-,,-,,-,,-,,-,,R,1.2862741947174072,R,1.2257338762283325,A,1.45914626121521,-,,S,2.3558509349823,-,,-,,-,,-,,-,,-,,-,,S,1.9418809413909912,-,,-,,-,,-,,S,1.4247361421585083,-,,-,,-,
632,-,,-,,-,,-,,-,,-,,-,,-,,-,,-,,-,,-,,-,,-,,-,,-,,-,,-,,-,,-,,-,,-,,-,,-,,-,,-,,-,,-,
633,S,3.351440246288593,R,2.3574864864349365,T,1.8410847187042236,D,1.8643763065338135,A,6.732448577880859,A,6.726980686187744,A,2.316739082336426,-,,-,,C,1.4540449380874634,-,,-,,-,,A,1.8279712200164795,T,6.74610710144043,T,6.730632305145264,-,,-,,-,,A,1.4582350254058838,-,,-,,V,2.1072163581848145,A,1.4054003953933716,-,,-,,-,,-,
634,S,2.1483913574899947,-,,-,,-,,A,1.513961672782898,A,1.5054837465286255,A,1.7989977598190308,-,,-,,S,2.80279278755188,-,,-,,-,,A,2.8855419158935547,A,1.522167444229126,A,1.5006914138793945,A,2.846405267715454,-,,-,,S,1.438129186630249,L,2.7501726150512695,-,,-,,A,1.9131072759628296,-,,A,2.194744825363159,A,4.2111687660217285,A,1.194114327430725
635,-,1.1523816585540771,-,,-,,-,,-,,-,,-,,-,,-,,-,,-,,-,,-,,-,,-,,-,,-,,-,,-,,P,1.1523816585540771,-,,-,,-,,-,,-,,-,,-,,-,
636,-,4.478147506713867,-,,-,,-,,-,,-,,-,,-,,-,,-,,-,,-,,-,,-,,-,,-,,-,,-,,-,,S,4.478147506713867,-,,-,,-,,-,,-,,-,,-,,-,
637,-,2.790391445159912,-,,-,,-,,-,,-,,-,,-,,-,,-,,-,,-,,-,,-,,-,,-,,-,,-,,-,,R,2.790391445159912,-,,-,,-,,-,,-,,-,,-,,-,
638,-,1.9335614442825317,-,,-,,-,,-,,-,,-,,-,,-,,-,,-,,-,,-,,-,,-,,-,,-,,-,,-,,S,1.9335614442825317,-,,-,,-,,-,,-,,-,,-,,-,
639,-,2.008831044038137,-,,A,1.8148057460784912,E,1.1943717002868652,-,,-,,-,,-,,-,,-,,R,1.1146355867385864,-,,-,,-,,-,,-,,A,1.3392080068588257,S,2.24344801902771,Y,4.352643966674805,S,2.2840054035186768,N,2.522627830505371,R,1.7955498695373535,-,,-,,D,2.1255760192871094,T,1.6938447952270508,I,1.6252555847167969,-,
640,-,2.031018942594528,-,,S,2.237105131149292,D,1.4097473621368408,A,1.315502643585205,A,1.3126041889190674,A,1.4547054767608643,P,1.5608867406845093,P,1.5366889238357544,-,,S,1.7915953397750854,K,2.24813175201416,C,1.6662698984146118,G,1.457793951034546,A,1.33170747756958,A,1.3105964660644531,D,2.7426695823669434,I,2.217926263809204,N,3.423504114151001,P,3.0320470333099365,P,4.247776031494141,E,1.9277229309082031,E,4.1948041915893555,-,,Q,1.5580567121505737,V,1.9557912349700928,V,1.2871838808059692,A,1.523637294769287
641,-,2.525011195586278,H,2.2572827339172363,D,1.9290785789489746,N,1.7861473560333252,G,1.7331931591033936,G,1.7609739303588867,D,5.1901092529296875,D,1.7488667964935303,D,1.6104236841201782,-,,N,1.5495954751968384,N,1.1403234004974365,R,1.4882714748382568,D,5.2002973556518555,G,1.6650896072387695,G,1.7444013357162476,D,1.8817375898361206,K,4.7495927810668945,K,1.9255017042160034,A,3.815246105194092,C,2.0063581466674805,E,2.4554834365844727,S,1.2868976593017578,N,4.255214691162109,H,4.65029764175415,N,2.459184169769287,S,1.9458699226379395,D,3.414853096008301
642,P,2.3989778619546156,A,1.3352078199386597,C,1.527994155883789,S,2.603588342666626,C,2.5207226276397705,C,2.585587978363037,C,2.0486440658569336,S,2.4901463985443115,S,2.5181801319122314,E,2.276402711868286,D,1.3725625276565552,S,1.006252646446228,R,5.64614200592041,S,1.2610667943954468,C,2.6983675956726074,C,2.578731060028076,C,1.3422778844833374,D,2.821681499481201,-,,T,2.2883124351501465,P,3.0684425830841064,S,1.3431689739227295,S,1.1469390392303467,S,4.082931041717529,C,1.0979351997375488,S,5.160121440887451,S,2.1214170455932617,C,3.43060040473938
643,F,1.8411890363693237,-,,P,2.0789551734924316,C,1.405853509902954,P,1.3030916452407837,P,1.2976655960083008,P,1.193598985671997,N,1.782112956047058,N,1.9420915842056274,H,1.6172817945480347,N,4.060531139373779,P,1.813432216644287,T,3.4376561641693115,P,1.5173218250274658,P,1.3145344257354736,P,1.2982534170150757,P,2.3137176036834717,A,2.1132967472076416,N,3.1484508514404297,T,1.4047396183013916,-,,V,1.58406662940979,L,1.1855427026748657,D,2.763859987258911,N,1.4015021324157715,E,1.2602636814117432,E,1.6729739904403687,P,1.118931531906128
644,-,2.073268159672066,L,2.533596992492676,F,2.513683557510376,F,1.8438153266906738,F,1.4717766046524048,F,1.4803565740585327,L,2.296159267425537,A,0.9825664758682251,A,0.7820520997047424,M,2.025911808013916,I,1.5304455757141113,L,3.537710189819336,F,1.3768764734268188,L,1.747437596321106,F,1.4267578125,F,1.4801257848739624,F,2.8134701251983643,L,2.5659048557281494,L,1.7921009063720703,F,2.6837141513824463,F,2.413571834564209,V,4.2822041511535645,P,3.4812660217285156,L,2.982808828353882,L,1.6627323627471924,S,1.2640806436538696,S,1.3565936088562012,F,1.6505206823349
645,S,2.2630331241167507,P,2.7299959659576416,T,1.7197158336639404,S,1.7845344543457031,M,2.8363723754882812,M,2.808133125305176,T,2.3761048316955566,P,3.2306125164031982,P,3.0996479988098145,T,1.4885993003845215,P,1.3699355125427246,S,1.5223442316055298,P,2.34382700920105,V,1.5640134811401367,M,2.8353474140167236,M,2.826427698135376,E,3.1951358318328857,P,1.3878103494644165,P,1.6789621114730835,P,2.1951546669006348,S,1.4848206043243408,P,2.125394344329834,-,,R,3.7576212882995605,P,2.129054307937622,S,1.922592282295227,S,2.16854190826416,P,2.258161783218384
646,H,2.1815945793081215,L,2.0324721336364746,D,1.3235852718353271,E,3.3169970512390137,D,1.6713238954544067,D,1.6214269399642944,D,1.3544117212295532,I,1.0019543170928955,I,1.0145703554153442,D,1.67056405544281,M,2.538334846496582,E,1.6768746376037598,S,1.7486428022384644,S,1.5990077257156372,D,1.6285474300384521,D,1.6161738634109497,S,3.435974597930908,L,1.4336110353469849,L,3.476861000061035,A,1.3289974927902222,R,4.451050758361816,R,4.026961326599121,H,1.5301260948181152,G,3.3654515743255615,K,2.883883237838745,Q,1.4434757232666016,R,1.6706851720809937,D,4.041088581085205
647,I,2.061601064823292,A,1.6995550394058228,D,1.0549507141113281,T,2.5377614498138428,E,1.9189016819000244,E,1.885783076286316,D,1.1519970893859863,T,1.8941497802734375,T,1.9064511060714722,P,1.2199015617370605,L,1.5455526113510132,T,2.307936668395996,N,3.0606653690338135,D,3.1519405841827393,E,1.9227170944213867,E,1.883878469467163,D,1.4276340007781982,T,3.7695868015289307,S,1.8279383182525635,G,2.1023123264312744,S,1.2240334749221802,P,1.8485969305038452,A,1.3944640159606934,D,2.532630681991577,S,3.3881890773773193,E,1.2256754636764526,E,4.605432987213135,D,1.17459237575531
648,F,2.0968604352739124,I,1.2076550722122192,L,0.912650465965271,F,1.6819725036621094,L,2.615776300430298,L,2.529820680618286,L,3.216881513595581,S,4.101758003234863,S,4.30377721786499,L,1.5916965007781982,A,1.6774113178253174,F,1.616539716720581,L,1.9073954820632935,V,1.708310842514038,L,2.5824053287506104,L,2.5450170040130615,L,2.7428817749023438,I,1.7006220817565918,I,1.5964961051940918,F,2.382124900817871,F,1.2604774236679077,C,3.575183629989624,F,2.170480966567993,V,1.5401724576950073,F,1.8007162809371948,F,1.2798957824707031,F,1.1653530597686768,F,1.2017593383789062
649,I,1.9606558349397447,I,1.6918762922286987,V,1.8761820793151855,V,3.5186760425567627,N,1.5182360410690308,N,1.4657158851623535,V,2.025993585586548,K,1.312041997909546,K,1.354190468788147,I,2.7686927318573,K,2.0884342193603516,I,1.9377524852752686,V,1.8333474397659302,V,1.325554370880127,N,1.4891585111618042,N,1.4613293409347534,V,3.0198400020599365,V,1.4124031066894531,I,1.9528279304504395,T,1.0565080642700195,S,2.306347608566284,K,1.1607418060302734,I,2.479241371154785,V,1.777732491493225,K,2.2228336334228516,I,4.52545690536499,I,2.0747129917144775,V,1.2818801403045654
650,E,2.440046027854637,K,1.4601643085479736,A,2.810133218765259,E,1.1016175746917725,V,3.2910563945770264,V,3.626877784729004,A,1.5371429920196533,K,2.3569283485412598,K,2.2577786445617676,D,1.5944383144378662,K,1.1137363910675049,E,1.9382174015045166,Q,3.8180110454559326,A,2.900516986846924,V,3.6531553268432617,V,3.602710247039795,V,4.18381929397583,K,2.198796033859253,K,1.6000474691390991,Q,1.264398455619812,K,2.3356881141662598,E,2.0927228927612305,D,1.6518783569335938,M,4.701414585113525,Q,3.2782130241394043,D,1.313146948814392,D,1.849455714225769,A,2.3491768836975098
651,I,1.7731952314023618,A,1.6909170150756836,V,1.7126643657684326,V,1.0392508506774902,A,1.105415940284729,A,1.1888829469680786,A,2.166182279586792,H,3.639646053314209,H,3.1739065647125244,M,1.9544306993484497,H,1.8170493841171265,V,3.0065207481384277,V,1.9502254724502563,V,1.625016450881958,A,1.0885320901870728,A,1.1838654279708862,G,2.099453926086426,V,2.0387001037597656,V,1.385754108428955,A,1.3874658346176147,A,1.3820199966430664,L,1.8866219520568848,H,1.121565341949463,A,1.5002199411392212,L,1.6285901069641113,Y,2.7139534950256348,Y,1.2195665836334229,A,1.1698535680770874
652,A,1.5973176426357694,A,1.4102567434310913,A,1.283783197402954,C,1.2180650234222412,A,1.433964490890503,A,1.4187039136886597,A,1.5264534950256348,A,1.716026782989502,A,1.698311448097229,A,1.2667969465255737,A,2.6549766063690186,A,1.2078789472579956,C,1.361055612564087,A,1.8371270895004272,A,1.4335198402404785,A,1.4173555374145508,A,1.5653984546661377,A,1.268455982208252,A,1.4387178421020508,A,2.052872896194458,C,1.0655571222305298,F,1.382813572883606,A,2.4102516174316406,A,1.2332223653793335,H,1.3714107275009155,A,3.332859754562378,A,1.6170293092727661,A,1.5047110319137573
653,L,2.0778726471794977,F,4.858148097991943,T,1.1581897735595703,K,1.5503759384155273,A,1.4846696853637695,A,1.4792505502700806,A,2.9196598529815674,F,1.5569099187850952,F,1.5258017778396606,I,2.3044252395629883,F,2.07326340675354,K,7.307295322418213,L,2.3893260955810547,A,1.8937227725982666,A,1.5183310508728027,A,1.4906415939331055,A,1.7051432132720947,L,1.2196789979934692,L,1.4359968900680542,L,1.664158582687378,L,1.7717527151107788,W,3.984839677810669,M,1.584719181060791,A,1.4688745737075806,F,1.2990703582763672,T,1.1878471374511719,T,1.574918508529663,A,1.695550560951233
654,N,2.2055107399269387,N,2.401642322540283,N,1.9731076955795288,N,3.632645606994629,N,1.5309354066848755,N,1.4706577062606812,N,1.1188809871673584,D,1.9972527027130127,D,2.0785138607025146,N,1.8446764945983887,D,1.3373674154281616,N,1.4096964597702026,N,1.8123326301574707,N,3.298631429672241,N,1.477152943611145,N,1.4739232063293457,S,4.576271057128906,N,1.6100963354110718,N,4.370889186859131,N,1.3242241144180298,N,1.5567152500152588,K,1.7706775665283203,N,4.250011444091797,N,2.771564245223999,S,1.3382253646850586,N,1.6254512071609497,N,3.5918045043945312,N,1.9054428339004517
655,L,1.7872621174211856,M,2.830838680267334,L,3.8381683826446533,L,1.722226619720459,L,1.1780341863632202,L,1.1612579822540283,L,1.5155551433563232,I,2.1730504035949707,I,2.226344347000122,L,2.2758119106292725,I,2.2576043605804443,I,1.1614482402801514,T,1.0367964506149292,L,1.8408918380737305,L,1.1793804168701172,L,1.166364312171936,L,1.5753666162490845,I,3.2566165924072266,M,1.1646168231964111,A,2.9649441242218018,I,1.7153948545455933,M,1.065562129020691,L,1.4986248016357422,L,1.2957823276519775,C,1.9212640523910522,L,1.5321396589279175,L,0.9320435523986816,L,1.7699483633041382
656,A,2.062020765410529,A,3.300929069519043,A,2.2292752265930176,A,1.5794451236724854,G,1.8270426988601685,G,1.789586067199707,G,1.5088661909103394,L,2.451909065246582,L,2.337171792984009,A,2.081731081008911,T,1.8699638843536377,T,1.2690231800079346,A,1.6054795980453491,G,1.7474907636642456,G,1.7896397113800049,G,1.7927331924438477,G,1.2316588163375854,A,1.7347044944763184,A,2.1905617713928223,A,1.2847824096679688,A,3.866771936416626,C,1.3582886457443237,G,1.3458620309829712,G,1.9426469802856445,L,1.130840539932251,V,5.496730804443359,A,3.6240041255950928,G,1.287421464920044
657,R,2.0982967506755483,R,2.4574365615844727,-,,-,,-,,-,,-,,R,1.1891719102859497,R,1.3118349313735962,R,3.279521942138672,R,1.358737826347351,K,2.3737220764160156,-,,-,,-,,-,,-,,R,3.340604305267334,R,2.4579782485961914,R,1.8233660459518433,-,,K,2.2587265968322754,-,,-,,K,1.230163812637329,-,,-,,-,
658,-,4.44651460647583,-,,-,,-,,-,,-,,-,,-,,-,,-,,-,,-,,-,,-,,-,,-,,-,,-,,-,,-,,-,,V,4.44651460647583,-,,-,,-,,-,,-,,-,
659,-,1.9478635752902311,-,,R,1.6123788356781006,R,3.2883102893829346,R,1.8639119863510132,R,1.7655547857284546,R,1.368704080581665,-,,-,,-,,-,,-,,R,3.0273351669311523,R,1.7529922723770142,R,1.6540254354476929,R,1.757218360900879,R,1.9970682859420776,-,,-,,-,,R,2.0734522342681885,C,0.9884000420570374,R,1.335047721862793,R,3.1136648654937744,-,,R,1.2134220600128174,R,1.7705199718475342,R,2.531674385070801
660,-,,-,,-,,-,,-,,-,,-,,-,,-,,-,,-,,-,,-,,-,,-,,-,,-,,-,,-,,-,,-,,-,,-,,-,,-,,-,,-,,-,
661,-,,-,,-,,-,,-,,-,,-,,-,,-,,-,,-,,-,,-,,-,,-,,-,,-,,-,,-,,-,,-,,-,,-,,-,,-,,-,,-,,-,
662,-,,-,,-,,-,,-,,-,,-,,-,,-,,-,,-,,-,,-,,-,,-,,-,,-,,-,,-,,-,,-,,-,,-,,-,,-,,-,,-,,-,
663,-,,-,,-,,-,,-,,-,,-,,-,,-,,-,,-,,-,,-,,-,,-,,-,,-,,-,,-,,-,,-,,-,,-,,-,,-,,-,,-,,-,
664,-,,-,,-,,-,,-,,-,,-,,-,,-,,-,,-,,-,,-,,-,,-,,-,,-,,-,,-,,-,,-,,-,,-,,-,,-,,-,,-,,-,
665,-,,-,,-,,-,,-,,-,,-,,-,,-,,-,,-,,-,,-,,-,,-,,-,,-,,-,,-,,-,,-,,-,,-,,-,,-,,-,,-,,-,
666,M,2.088593845184033,A,3.9183764457702637,A,1.2983767986297607,T,1.9563533067703247,A,2.6670944690704346,A,2.518907308578491,A,1.273815631866455,A,1.9057928323745728,A,1.899181842803955,V,1.0949976444244385,A,1.895107388496399,A,1.1553502082824707,M,1.2585214376449585,A,2.5555362701416016,A,2.530578136444092,A,2.519598960876465,V,2.3673248291015625,T,1.5364969968795776,A,3.4862191677093506,M,1.8077144622802734,T,1.348242163658142,-,,V,1.6572476625442505,D,1.6343879699707031,V,2.535109281539917,M,3.3212475776672363,M,1.9268767833709717,V,2.2349843978881836
667,A,2.089943587779999,S,1.7053736448287964,A,4.8502397537231445,A,2.0116424560546875,A,2.426875352859497,A,2.539170026779175,A,2.250087261199951,F,2.2747867107391357,F,1.8161183595657349,S,2.0674033164978027,L,1.5055391788482666,S,1.189510464668274,V,1.7187601327896118,A,1.3974591493606567,A,2.5567853450775146,A,2.5574445724487305,A,1.2654638290405273,S,2.2810885906219482,S,1.278507947921753,V,2.312169075012207,V,1.6900707483291626,-,,S,1.5583523511886597,A,1.5858405828475952,F,2.1076793670654297,A,1.3972371816635132,A,1.3108081817626953,A,4.684119701385498
668,Q,1.8808631190547236,Q,1.732518196105957,Q,1.1006128787994385,L,4.742387294769287,Q,1.9338281154632568,Q,2.1056606769561768,Q,1.8395533561706543,Y,2.551104784011841,Y,2.4070558547973633,S,1.924999475479126,H,1.8658498525619507,H,1.4380558729171753,S,1.8974250555038452,Q,1.717774510383606,Q,2.0970277786254883,Q,2.0961310863494873,N,1.4731028079986572,Q,1.2018721103668213,Q,1.1088565587997437,G,2.0729598999023438,P,1.3664809465408325,Y,3.5759479999542236,Y,1.1529582738876343,Q,2.011035680770874,N,0.9994949102401733,Q,1.331864595413208,H,1.7876086235046387,N,1.2511370182037354
669,C,2.0468636000597917,V,2.9153640270233154,F,1.7089892625808716,F,2.932915210723877,F,2.1753768920898438,F,2.201552391052246,F,2.0371241569519043,H,1.3194427490234375,H,1.3342502117156982,C,1.1528575420379639,H,1.441813588142395,F,1.3012655973434448,V,2.883242607116699,F,1.4209779500961304,F,2.184229850769043,F,2.1792657375335693,F,1.1576825380325317,V,1.5733299255371094,V,2.4898195266723633,V,1.2485054731369019,L,2.829702854156494,F,5.583128452301025,C,1.1662659645080566,F,1.4361228942871094,M,1.5793466567993164,F,2.17353892326355,F,1.5662438869476318,F,3.2729623317718506
670,L,1.93669327100118,V,1.730149507522583,I,1.6654545068740845,M,1.9247299432754517,V,1.5969783067703247,V,1.6010218858718872,M,2.585085391998291,L,1.7911911010742188,L,1.6124857664108276,M,1.4689165353775024,L,1.864410638809204,M,1.4381952285766602,M,1.5980907678604126,M,1.4274531602859497,V,1.5899523496627808,V,1.5912362337112427,V,2.382941246032715,V,2.8162131309509277,V,1.8844739198684692,M,1.6924676895141602,M,2.8845021724700928,F,2.44461727142334,T,0.7017133235931396,M,3.1048636436462402,F,4.1554856300354,M,0.9187357425689697,M,1.9925220012664795,V,1.8268312215805054
671,Y,2.381008035861529,Y,1.5512152910232544,Y,1.6534043550491333,Y,3.5813748836517334,Y,3.314579486846924,Y,3.2338454723358154,Y,1.9555790424346924,Y,3.3372349739074707,Y,3.7024130821228027,Y,1.4178187847137451,Y,5.3974785804748535,Y,2.6714627742767334,Y,1.3261622190475464,Y,1.7589917182922363,Y,3.2303948402404785,Y,3.2274582386016846,-,,Y,2.10632586479187,Y,1.2474547624588013,Y,2.7744455337524414,Y,0.9837831854820251,Y,1.1302566528320312,Y,3.9118738174438477,Y,1.1909310817718506,F,2.694275140762329,Y,1.3690780401229858,Y,1.788886547088623,Y,1.3494845628738403
672,-,1.8145880699157715,-,,-,,-,,-,,-,,-,,-,,-,,-,,-,,-,,-,,-,,-,,-,,Y,1.8145880699157715,-,,-,,-,,-,,-,,-,,-,,-,,-,,-,,-,
673,Q,1.6057514217164781,Q,1.5446975231170654,L,2.1876049041748047,Q,2.292102575302124,L,1.0042518377304077,L,1.075420618057251,L,1.915662407875061,K,1.3868345022201538,K,1.3768690824508667,Q,1.3049697875976562,I,1.5450561046600342,L,1.7527720928192139,S,1.5931068658828735,F,2.246990442276001,L,1.0708856582641602,L,1.0702811479568481,V,2.27876353263855,K,1.1755849123001099,K,1.7587661743164062,G,2.6402950286865234,S,1.7043417692184448,S,1.4785577058792114,K,2.094935178756714,L,1.3856022357940674,N,1.025546669960022,G,1.5478971004486084,G,1.4953343868255615,V,1.4021581411361694
674,H,1.9823056551126332,H,1.5831817388534546,D,3.6281981468200684,Y,1.03366219997406,D,3.552492141723633,D,3.553961992263794,D,1.4570544958114624,H,1.3021577596664429,H,1.2206857204437256,Y,2.0724360942840576,Y,1.854790210723877,-,,Y,2.5596983432769775,D,0.8997360467910767,D,3.540834665298462,D,3.5463569164276123,E,1.9894912242889404,H,1.3460009098052979,H,1.4339054822921753,Y,1.5737807750701904,Y,2.7157557010650635,T,0.7139205932617188,H,1.5077852010726929,D,1.9091825485229492,S,1.2621594667434692,E,1.3725510835647583,E,2.585454225540161,D,1.3247133493423462
675,G,1.947879359126091,E,1.2263808250427246,G,1.4689792394638062,G,1.2847129106521606,G,2.062542676925659,G,1.7014329433441162,G,3.130141496658325,R,1.0312503576278687,R,1.0238312482833862,G,4.887269496917725,R,1.3368841409683228,-,,N,1.906697154045105,G,1.554769515991211,G,1.7526811361312866,G,1.7527483701705933,G,2.9676766395568848,-,,-,,D,1.3267548084259033,D,2.144421339035034,T,1.2971951961517334,G,1.6765341758728027,G,1.327831506729126,S,4.156418800354004,G,2.54105544090271,G,1.250783920288086,G,1.9401112794876099
676,D,1.7806736106673877,E,1.4614287614822388,D,1.3646067380905151,D,1.793889045715332,D,1.0763620138168335,D,1.1093018054962158,D,0.8341178894042969,D,2.492347002029419,D,2.603732109069824,D,2.8612112998962402,D,2.8638429641723633,-,,K,1.100616693496704,D,3.4217424392700195,D,1.106762170791626,D,1.1063569784164429,D,1.258047103881836,-,,-,,G,2.225939989089966,D,1.9481654167175293,D,1.024708867073059,D,3.971911668777466,D,1.1051619052886963,N,1.6099591255187988,D,1.8901060819625854,D,1.6277470588684082,D,0.8781015276908875
677,G,1.7641732039905729,D,1.5039728879928589,G,2.7874815464019775,G,1.0502783060073853,G,1.342956304550171,G,1.3995798826217651,-,,G,0.9991000294685364,G,0.9028064012527466,G,1.310685157775879,G,1.666839361190796,-,,E,1.7388182878494263,-,,G,1.4052070379257202,G,1.3981902599334717,G,1.5327906608581543,-,,-,,E,2.054839849472046,D,1.5195629596710205,G,1.5328211784362793,G,2.3693618774414062,-,,I,2.6024889945983887,E,2.439943313598633,E,2.007751703262329,G,3.482161283493042
678,H,2.0999766506932,S,4.684051513671875,H,1.6551871299743652,H,1.8058587312698364,H,1.2232500314712524,H,1.1786905527114868,-,,F,1.131503701210022,F,0.8800025582313538,I,1.7765458822250366,F,2.892923355102539,-,,Q,5.429398536682129,-,,H,1.1816679239273071,H,1.1862025260925293,F,1.9105619192123413,E,2.0955569744110107,D,2.131063222885132,R,3.5604567527770996,-,,F,1.5666122436523438,F,2.1941962242126465,-,,F,0.9095443487167358,D,2.543930768966675,D,1.366990327835083,F,2.8952910900115967
679,G,1.8047743408303512,Y,1.1491279602050781,G,2.60347056388855,A,1.2747557163238525,G,2.11256742477417,G,2.1893367767333984,-,,S,1.221745491027832,S,1.2351350784301758,K,2.193479061126709,S,1.7831414937973022,-,,R,1.3773400783538818,-,,G,2.1842761039733887,G,2.192009925842285,-,,Q,2.4865493774414062,Q,1.4490052461624146,R,1.8038909435272217,-,,-,,S,2.1049814224243164,-,,D,1.4411816596984863,F,1.7551134824752808,F,1.7336046695709229,-,
680,L,2.5814499940190996,-,,-,,S,1.5473484992980957,-,,-,,-,,V,5.973534107208252,V,5.9590935707092285,D,2.4871158599853516,V,1.6662975549697876,-,,-,,-,,-,,-,,G,1.50364351272583,H,1.8407819271087646,D,1.2605392932891846,-,,-,,S,1.5096330642700195,D,3.1416258811950684,-,,T,1.2870469093322754,G,1.9145103693008423,R,4.410041809082031,G,1.6390875577926636
681,-,2.7622668743133545,-,,-,,-,,-,,-,,-,,-,,-,,-,,-,,-,,-,,-,,-,,-,,-,,-,,-,,-,,-,,-,,G,2.7622668743133545,-,,-,,-,,-,,-,
682,-,1.03612220287323,-,,-,,-,,-,,-,,-,,-,,-,,-,,-,,-,,-,,-,,-,,-,,-,,-,,-,,-,,-,,-,,F,1.03612220287323,-,,-,,-,,-,,-,
683,-,1.9232536554336548,-,,-,,-,,-,,-,,-,,-,,-,,-,,-,,-,,-,,-,,-,,-,,-,,-,,-,,-,,-,,-,,G,1.9232536554336548,-,,-,,-,,-,,-,
684,G,2.1509025380724953,-,,V,1.5080461502075195,-,,V,2.0863099098205566,V,2.1702191829681396,G,3.6974923610687256,A,2.7592666149139404,A,2.2908730506896973,P,1.5844297409057617,A,1.8105101585388184,-,,-,,G,1.679720401763916,V,2.1913368701934814,V,2.175062656402588,V,1.1466084718704224,T,1.8239933252334595,T,1.80201256275177,-,,-,,S,1.4276039600372314,D,2.2373228073120117,G,1.8620878458023071,D,3.24674654006958,L,4.079873085021973,L,2.192866802215576,D,1.3965708017349243
685,-,,-,,-,,-,,-,,-,,-,,-,,-,,-,,-,,-,,-,,-,,-,,-,,-,,-,,-,,-,,-,,-,,-,,-,,-,,-,,-,,-,
686,-,2.5012484107698714,-,,Q,2.4302475452423096,Q,1.4894849061965942,Q,4.043441295623779,Q,4.093453407287598,N,1.9523519277572632,-,,-,,-,,-,,-,,-,,N,1.106770634651184,Q,4.1173200607299805,Q,4.085409641265869,Q,1.4940745830535889,Y,2.9482107162475586,Y,2.199003219604492,-,,-,,-,,P,1.3895416259765625,N,1.87313973903656,-,,-,,-,,Q,1.7950284481048584
687,N,2.4934807370106378,F,1.9040933847427368,H,1.7422796487808228,N,1.5236092805862427,H,1.9473658800125122,H,2.0691776275634766,H,1.0369852781295776,R,3.727971076965332,R,2.438918352127075,E,1.6245677471160889,N,3.6428921222686768,H,3.2566773891448975,L,1.8179112672805786,Q,3.896970272064209,H,2.0827786922454834,H,2.065643548965454,H,2.6582252979278564,M,1.6016712188720703,F,5.322535991668701,L,2.167051315307617,-,,Q,2.0922257900238037,G,1.5371074676513672,H,2.3002917766571045,T,5.4069976806640625,-,,-,,H,1.979589581489563
688,R,2.079966474037904,S,2.2490620613098145,S,1.3570916652679443,C,4.281510353088379,S,1.5823752880096436,S,1.650454044342041,S,1.31181800365448,N,2.238243341445923,N,1.9157040119171143,A,1.6873313188552856,K,3.8807373046875,S,1.8054604530334473,P,1.658420205116272,S,1.49515700340271,S,1.659103274345398,S,1.6288962364196777,S,2.5476605892181396,L,2.660278797149658,S,1.3623489141464233,P,1.792853832244873,-,,V,2.0191922187805176,S,3.999476671218872,S,2.388066291809082,D,0.93351811170578,D,1.0796265602111816,D,2.99446439743042,S,1.9002773761749268
689,E,2.5095237588882444,S,3.0864336490631104,E,1.7197413444519043,L,3.153456449508667,K,1.7310340404510498,K,1.738606572151184,Q,0.9572904109954834,E,8.383301734924316,E,8.94613265991211,R,1.6464438438415527,E,2.4001824855804443,D,1.8060849905014038,V,2.2692534923553467,S,1.164479374885559,K,1.649653673171997,K,1.722865343093872,K,2.4232826232910156,S,1.5586445331573486,S,1.2077797651290894,V,2.8403027057647705,-,,E,2.8011794090270996,Q,1.7883272171020508,Q,2.647336483001709,-,,V,1.4637539386749268,V,2.5913166999816895,K,1.0412105321884155
690,T,1.8035175708624034,V,1.3635802268981934,I,2.596451759338379,S,1.6038057804107666,I,1.8953545093536377,I,1.9601765871047974,L,2.8874948024749756,I,2.3397202491760254,I,1.7252569198608398,T,1.8220863342285156,T,1.6582235097885132,V,1.8041725158691406,L,1.3398747444152832,L,1.712077021598816,I,1.963531255722046,I,1.9350917339324951,I,1.956697702407837,V,1.3901746273040771,V,2.3868248462677,L,1.0350346565246582,-,,R,1.4086713790893555,E,1.4654805660247803,L,2.018648624420166,L,1.2979296445846558,I,2.492593765258789,I,1.4985976219177246,M,1.3339054584503174
691,K,1.9319664514981782,D,1.198434591293335,H,1.9238532781600952,K,1.4320695400238037,H,2.4554085731506348,H,2.3186681270599365,H,2.117344856262207,R,1.6171743869781494,R,1.9685674905776978,K,1.238417625427246,K,3.3687469959259033,K,1.5573956966400146,E,2.240267753601074,Q,2.0182912349700928,H,2.3354575634002686,H,2.3034985065460205,H,1.9424511194229126,D,2.3143086433410645,D,1.1659150123596191,D,1.7221319675445557,-,,A,1.0964019298553467,K,2.3882744312286377,Q,1.5723949670791626,L,1.2277336120605469,K,0.9148033857345581,K,1.5608991384506226,L,4.232217311859131
692,D,1.9589074712533217,N,2.4563772678375244,Q,1.4010483026504517,E,1.3270491361618042,Q,1.826457142829895,Q,1.6808339357376099,Q,3.9451630115509033,N,4.1248979568481445,N,3.576934337615967,D,2.2166876792907715,K,2.1520307064056396,S,1.0638049840927124,D,2.2815656661987305,Q,1.4471435546875,Q,1.696771264076233,Q,1.830078125,Q,1.7347763776779175,N,1.0208711624145508,N,1.6944782733917236,D,1.1941719055175781,-,,K,1.6668778657913208,K,1.4107969999313354,H,2.0896284580230713,L,2.5481081008911133,S,1.6354618072509766,S,1.9051682949066162,Q,1.0044119358062744
693,R,2.0044082403182983,Y,2.2375152111053467,Q,3.313124656677246,R,2.937643527984619,Q,1.6350576877593994,Q,1.6347570419311523,R,1.9315096139907837,L,2.2389369010925293,L,2.336282968521118,R,1.884200096130371,L,1.1625880002975464,S,1.6002922058105469,Y,2.306356191635132,W,1.480092167854309,Q,1.647168517112732,Q,1.614317774772644,Q,3.537781000137329,Y,1.5606025457382202,Y,1.230269432067871,Y,1.8279393911361694,-,,E,2.862921953201294,M,2.388648509979248,R,2.773735284805298,D,2.2626559734344482,H,1.5007456541061401,H,1.074641466140747,Q,1.1348304748535156
694,I,1.6442452256496136,V,1.1183618307113647,M,1.288268804550171,I,1.000473141670227,M,1.249839186668396,M,1.2695025205612183,I,1.4009164571762085,V,1.3920778036117554,V,2.035548210144043,V,2.4322242736816406,V,3.472494602203369,I,2.3630759716033936,A,1.0191354751586914,I,1.628161907196045,M,1.27399480342865,M,1.2660629749298096,M,1.6980090141296387,V,1.6391419172286987,V,2.0991039276123047,V,1.5913063287734985,-,,V,1.3836874961853027,F,1.3961389064788818,I,1.4360160827636719,I,1.9505493640899658,V,1.436100959777832,V,1.416503667831421,I,2.493680238723755
695,L,2.0735313640191007,Q,0.9153677225112915,G,1.5442036390304565,F,1.3666179180145264,G,2.742267370223999,G,2.742903470993042,A,1.5705935955047607,K,3.0483267307281494,K,2.7066707611083984,M,2.157980442047119,M,1.2673097848892212,S,1.7741824388504028,A,3.658665657043457,V,2.0848748683929443,G,2.7561028003692627,G,2.7269866466522217,A,1.285536289215088,E,1.0178886651992798,D,0.9417441487312317,R,2.60306978225708,-,,D,2.599752902984619,M,1.332231879234314,A,3.0118367671966553,H,1.091109275817871,L,1.6731237173080444,S,3.4813485145568848,A,1.8111196756362915
696,S,1.7751830036823566,A,1.5565354824066162,G,1.5864700078964233,A,2.3422605991363525,G,1.3116447925567627,G,1.3085083961486816,S,2.1046297550201416,T,1.2930512428283691,T,1.127522349357605,S,2.100224256515503,E,1.3591536283493042,K,1.1260273456573486,M,1.2972655296325684,S,1.6469768285751343,G,1.301098108291626,G,1.2873265743255615,E,1.8013757467269897,A,4.129803657531738,A,3.8985142707824707,M,2.390230894088745,-,,A,1.0840976238250732,S,2.0454978942871094,N,1.064875841140747,E,1.4291493892669678,S,1.9874389171600342,S,1.4042680263519287,A,2.1708109378814697
697,L,1.7076825866332421,L,1.9258161783218384,L,1.026950478553772,L,1.8132526874542236,L,1.4187867641448975,L,1.466458797454834,L,1.9318897724151611,T,1.280043363571167,T,1.0430538654327393,I,1.3012487888336182,T,1.4013479948043823,I,1.3956741094589233,M,1.4613045454025269,M,1.3086342811584473,L,1.4502127170562744,L,1.4500125646591187,L,1.4131319522857666,L,2.1138086318969727,L,1.6425440311431885,L,2.699406862258911,-,,V,1.4854801893234253,L,1.852029800415039,L,1.2697298526763916,A,1.7038593292236328,L,1.4865429401397705,L,1.015453577041626,L,6.0430731773376465
698,L,1.895504002387707,F,1.4665510654449463,L,1.3395392894744873,I,1.5322154760360718,M,2.0352888107299805,M,2.173460006713867,L,1.4805331230163574,V,1.4113719463348389,V,1.245944857597351,I,2.791231393814087,L,2.9642093181610107,L,2.110799789428711,L,1.1089273691177368,L,1.543213129043579,M,2.1650190353393555,M,2.1539626121520996,L,1.7689216136932373,F,4.082358360290527,F,1.7974820137023926,L,1.3293308019638062,-,,I,1.1863892078399658,F,2.430251121520996,L,1.2342236042022705,F,1.5207265615463257,L,1.515089511871338,L,2.3914263248443604,M,2.5046377182006836
699,I,2.0477811121023617,F,0.9885373115539551,F,2.7572150230407715,I,1.6584689617156982,F,1.8283474445343018,F,1.8381297588348389,F,1.9324963092803955,I,3.4369401931762695,I,4.033937454223633,I,1.4206024408340454,L,1.4864798784255981,F,1.57905113697052,V,2.615203619003296,F,4.378322601318359,F,1.816184639930725,F,1.8150177001953125,F,0.9728303551673889,F,1.1298408508300781,F,1.1903923749923706,F,2.0213441848754883,-,,N,3.272974729537964,A,1.1616437435150146,F,2.1292617321014404,V,2.0306215286254883,F,2.4099464416503906,F,1.9333261251449585,F,1.4051923751831055
700,Q,1.8946878027915954,T,4.014108657836914,Q,1.5536202192306519,N,2.011807918548584,K,1.989959716796875,E,1.965614676475525,E,1.2042194604873657,E,1.4203099012374878,E,1.252258539199829,K,1.2584308385849,E,1.292485237121582,E,4.004985332489014,L,2.2123329639434814,E,1.8348830938339233,E,2.003758668899536,E,2.0083091259002686,Y,3.188445806503296,T,1.3147037029266357,T,1.380833625793457,-,,-,,E,1.6337854862213135,E,0.9173302054405212,K,2.75093412399292,S,1.9003565311431885,T,1.1781017780303955,T,1.48624587059021,E,1.5893735885620117
701,P,2.600931723912557,P,1.4020262956619263,P,1.287835717201233,P,1.7705774307250977,P,4.866672515869141,P,4.885343551635742,P,2.7877514362335205,P,2.726853132247925,P,2.1362922191619873,P,3.1934585571289062,S,2.118231773376465,P,1.5906562805175781,-,,P,1.3492100238800049,P,4.957697868347168,P,4.960544586181641,P,3.0452499389648438,P,1.9125087261199951,Q,2.7400083541870117,-,,-,,P,1.8158875703811646,P,1.2428189516067505,P,1.5318964719772339,P,4.211578369140625,P,1.8909573554992676,P,1.4298280477523804,P,2.5684762001037598
702,I,2.0515834144924,F,3.4940874576568604,Y,3.621952772140503,I,2.4874069690704346,Y,1.5659630298614502,Y,1.5631755590438843,Y,1.23598313331604,V,2.43108868598938,V,2.1800649166107178,F,1.378851294517517,M,1.4121966361999512,I,2.3747920989990234,-,,Y,1.653605341911316,Y,1.556243658065796,Y,1.5551255941390991,Y,1.4546414613723755,L,1.455489158630371,-,,-,,-,,L,2.152766466140747,L,1.7739691734313965,Y,1.2562251091003418,P,3.7785239219665527,I,3.303527593612671,I,1.6939769983291626,Y,1.8067615032196045
703,P,1.9699904244879018,N,1.5464656352996826,V,1.745697021484375,N,1.7132112979888916,V,2.0921685695648193,L,2.110297203063965,A,1.316992998123169,P,1.417654275894165,P,1.5755574703216553,D,1.6349235773086548,L,1.382875680923462,I,2.2413573265075684,-,,A,1.9633612632751465,V,2.1125879287719727,V,2.101816177368164,Q,1.3182767629623413,L,1.8325542211532593,-,,-,,-,,K,1.4583970308303833,Q,4.39233922958374,V,2.340153455734253,Q,2.142979383468628,Q,2.0537328720092773,Q,3.1482770442962646,D,1.6681033372879028
704,-,1.9863602916399639,-,,-,,F,2.607377052307129,-,,-,,-,,-,,-,,-,,-,,-,,-,,-,,-,,-,,-,,S,4.013143539428711,-,,-,,-,,L,1.4193141460418701,V,1.020817518234253,-,,-,,G,1.5118581056594849,G,1.345651388168335,-,
705,L,2.007498621940613,-,,-,,H,2.3046298027038574,-,,-,,-,,L,2.302701234817505,L,1.9336155652999878,T,1.819854736328125,F,1.287959098815918,I,1.0636932849884033,-,,-,,-,,-,,-,,S,1.5927155017852783,-,,-,,-,,Q,3.826810359954834,D,3.154585123062134,-,,V,1.5552897453308105,I,1.5746099948883057,I,1.6735190153121948,-,
706,N,2.349382185935974,-,,-,,E,1.1191684007644653,-,,-,,-,,-,,-,,S,2.9320502281188965,-,,-,,-,,-,,-,,-,,-,,-,,-,,-,,-,,G,2.023102283477783,E,2.2897706031799316,-,,P,3.382819414138794,-,,-,,-,
707,K,1.5228968411684036,-,,-,,-,,-,,-,,-,,-,,-,,E,1.9677140712738037,-,,-,,-,,-,,-,,-,,-,,-,,-,,-,,-,,S,1.5215903520584106,A,1.7299364805221558,-,,K,0.8723464608192444,-,,-,,-,
708,D,1.6578092277050018,-,,-,,-,,-,,-,,-,,-,,-,,I,2.4213011264801025,-,,-,,-,,-,,-,,-,,-,,-,,-,,-,,-,,H,2.092827320098877,K,1.0489482879638672,-,,F,1.0681601762771606,-,,-,,-,
709,-,2.5941062569618225,-,,-,,-,,-,,-,,-,,-,,-,,P,1.5678746700286865,-,,-,,-,,-,,-,,-,,-,,-,,-,,-,,-,,T,2.5392298698425293,G,5.003988265991211,-,,K,1.2653322219848633,-,,-,,-,
710,-,1.6356340646743774,-,,-,,-,,-,,-,,-,,-,,-,,-,,-,,-,,-,,-,,-,,-,,-,,-,,-,,-,,-,,L,2.4479386806488037,I,1.1368838548660278,-,,P,1.3220796585083008,-,,-,,-,
711,-,1.7725671529769897,-,,-,,-,,-,,-,,-,,-,,-,,-,,-,,-,,-,,-,,-,,-,,-,,-,,-,,-,,-,,V,1.7725671529769897,-,,-,,-,,-,,-,,-,
712,-,,-,,-,,-,,-,,-,,-,,-,,-,,-,,-,,-,,-,,-,,-,,-,,-,,-,,-,,-,,-,,-,,-,,-,,-,,-,,-,,-,
713,-,,-,,-,,-,,-,,-,,-,,-,,-,,-,,-,,-,,-,,-,,-,,-,,-,,-,,-,,-,,-,,-,,-,,-,,-,,-,,-,,-,
714,-,,-,,-,,-,,-,,-,,-,,-,,-,,-,,-,,-,,-,,-,,-,,-,,-,,-,,-,,-,,-,,-,,-,,-,,-,,-,,-,,-,
