MSA_Column,Q93X23_Residue,Mean_GAT_Attention,A0A1C9J6A7_AA,A0A1C9J6A7_GAT_ATT,A7IZZ1_AA,A7IZZ1_GAT_ATT,B3TPQ7_AA,B3TPQ7_GAT_ATT,E2E2P1_AA,E2E2P1_GAT_ATT,F6M8I0_AA,F6M8I0_GAT_ATT,Q20HU7_AA,Q20HU7_GAT_ATT,Q2XSC6_AA,Q2XSC6_GAT_ATT,Q5SBP0_AA,Q5SBP0_GAT_ATT,Q6PWU2_AA,Q6PWU2_GAT_ATT,Q84KL4_AA,Q84KL4_GAT_ATT,Q8L5K3_AA,Q8L5K3_GAT_ATT,Q9M7D0_AA,Q9M7D0_GAT_ATT,Q9M7D1_AA,Q9M7D1_GAT_ATT
1,-,,-,,-,,-,,-,,-,,-,,-,,-,,-,,-,,-,,-,,-,
2,-,,-,,-,,-,,-,,-,,-,,-,,-,,-,,-,,-,,-,,-,
3,-,,-,,-,,-,,-,,-,,-,,-,,-,,-,,-,,-,,-,,-,
4,-,,-,,-,,-,,-,,-,,-,,-,,-,,-,,-,,-,,-,,-,
5,-,,-,,-,,-,,-,,-,,-,,-,,-,,-,,-,,-,,-,,-,
6,-,,-,,-,,-,,-,,-,,-,,-,,-,,-,,-,,-,,-,,-,
7,T,2.0707533756891885,-,,-,,-,,K,2.088798999786377,-,,-,,K,2.173845052719116,-,,C,1.9496160745620728,-,,-,,-,,-,
8,S,1.6847569346427917,-,,-,,E,2.3312301635742188,P,1.6102333068847656,-,,-,,S,1.304543375968933,-,,E,1.4930208921432495,-,,-,,-,,-,
9,P,2.1866981983184814,-,,-,,L,1.885448694229126,A,2.8169498443603516,-,,-,,V,1.8410053253173828,-,,E,2.2033889293670654,-,,-,,-,,-,
10,D,1.8942691802978515,-,,-,,M,1.9505634307861328,E,1.9316105842590332,S,1.596444010734558,-,,D,2.2185075283050537,-,,I,1.77422034740448,-,,-,,-,,-,
11,I,2.101179099082947,-,,-,,T,1.9584728479385376,I,1.7409875392913818,E,2.016314744949341,-,,E,1.8663685321807861,-,,I,2.9237518310546875,-,,-,,-,,-,
12,L,2.157470774650574,-,,-,,A,1.639936923980713,T,1.8472342491149902,N,2.2899656295776367,-,,T,3.1163299083709717,-,,V,1.8938871622085571,-,,-,,-,,-,
13,R,1.7778504371643067,-,,-,,R,1.7043029069900513,R,1.72871732711792,R,1.6227703094482422,-,,R,1.8543277978897095,-,,R,1.9791338443756104,-,,-,,-,,-,
14,R,1.7844025135040282,-,,-,,R,1.9069024324417114,R,2.0051844120025635,R,1.784258484840393,-,,R,1.914883017539978,-,,R,1.3107842206954956,-,,-,,-,,-,
15,S,1.7779755592346191,-,,-,,S,1.8712905645370483,S,1.8230597972869873,A,2.150294303894043,-,,S,1.350437879562378,-,,T,1.6947952508926392,-,,-,,-,,-,
16,A,1.993364143371582,-,,-,,A,2.490523099899292,A,1.8094518184661865,S,1.9931626319885254,-,,G,1.7382473945617676,-,,A,1.9354357719421387,-,,-,,-,,-,
17,N,2.248626732826233,-,,-,,N,1.7784510850906372,N,1.6262106895446777,N,2.786181688308716,-,,N,1.672133207321167,-,,N,3.380156993865967,-,,-,,-,,-,
18,Y,2.3198781490325926,-,,-,,Y,1.9710615873336792,Y,1.9082763195037842,Y,2.6166114807128906,-,,Y,3.4868099689483643,-,,Y,1.6166313886642456,-,,-,,-,,-,
19,Q,2.1169060945510862,-,,-,,H,2.7229723930358887,E,2.1603872776031494,K,1.57634699344635,-,,N,2.0895614624023438,-,,H,2.0352623462677,-,,-,,-,,-,
20,P,2.1801492486681258,P,2.4747886657714844,-,,P,1.7239618301391602,P,3.5571649074554443,P,1.992457628250122,-,,P,1.6727464199066162,-,,P,1.5842080116271973,-,,P,2.2557172775268555,-,,-,
21,S,1.7359126955270767,S,1.3007041215896606,P,1.97025465965271,N,2.3931400775909424,S,1.7643470764160156,S,1.6737821102142334,-,,T,1.7407660484313965,-,,T,1.7850645780563354,-,,S,1.2592428922653198,-,,-,
22,I,1.6563711315393448,I,1.0725263357162476,I,1.152766227722168,I,1.807661533355713,L,1.9596714973449707,S,1.8217406272888184,-,,A,1.7478396892547607,-,,I,2.2661118507385254,-,,I,1.4226512908935547,-,,-,
23,W,2.030183106660843,W,2.473473072052002,W,2.025675058364868,W,1.6788151264190674,W,1.878892421722412,W,1.8901972770690918,-,,W,2.1161303520202637,-,,W,2.0417816638946533,-,,W,2.1364998817443848,-,,-,
24,N,2.1928606778383255,D,2.3474690914154053,S,2.345507860183716,D,1.9285931587219238,D,1.4370688199996948,D,1.9305038452148438,-,,D,2.856424570083618,-,,D,2.5964484214782715,-,,D,2.100869655609131,-,,-,
25,H,2.263401687145233,H,3.540071487426758,F,2.2861411571502686,Y,2.1547186374664307,F,1.7861721515655518,Y,1.6295759677886963,-,,F,1.3656091690063477,-,,Y,2.0503218173980713,-,,H,3.294603109359741,-,,-,
26,D,2.2832053154706955,D,1.631420373916626,D,1.401917576789856,D,2.0765464305877686,D,3.9851205348968506,E,3.1519601345062256,-,,N,1.4822046756744385,-,,D,1.9822776317596436,-,,D,2.5541951656341553,-,,-,
27,Y,1.9374479353427887,F,1.8176571130752563,F,2.4814000129699707,S,2.0978457927703857,Y,1.4677302837371826,F,1.971478819847107,-,,Y,2.0252742767333984,-,,Y,1.764511227607727,-,,F,1.8736859560012817,-,,-,
28,I,1.9453262835741043,L,2.3897199630737305,V,2.0804550647735596,V,2.0810863971710205,L,1.3241523504257202,L,1.6317620277404785,-,,I,2.7166638374328613,-,,V,1.852717399597168,-,,L,1.486053228378296,-,,-,
29,E,1.8573395907878876,Q,1.7305032014846802,Q,1.6147726774215698,Q,2.1932647228240967,Q,1.5566550493240356,Q,1.4914615154266357,-,,Q,1.9360193014144897,-,,Q,2.2814342975616455,-,,Q,2.0546059608459473,-,,-,
30,S,1.904226541519165,S,2.163043975830078,S,2.046757459640503,S,1.8662408590316772,S,1.2611781358718872,S,2.055569887161255,-,,S,2.0306525230407715,-,,S,1.7072758674621582,-,,S,2.1030936241149902,-,,-,
31,L,1.8613176941871643,L,1.9335484504699707,-,,-,,L,1.995846152305603,L,1.4369001388549805,-,,L,1.8284900188446045,L,2.0164999961853027,-,,-,,L,1.9566214084625244,-,,-,
32,R,1.9009572466214497,N,1.1155719757080078,-,,-,,N,2.7089452743530273,A,2.5924315452575684,-,,D,1.807870626449585,N,1.7631489038467407,-,,-,,N,1.4177751541137695,-,,-,
33,I,2.187558200624254,S,1.3569587469100952,L,2.0742478370666504,L,2.003919839859009,G,3.6632375717163086,T,2.8921549320220947,-,,N,1.8939558267593384,N,2.513807773590088,L,1.632209300994873,-,,S,1.657531976699829,-,,-,
34,E,1.909409721692403,N,3.447050094604492,P,1.1319479942321777,T,1.592801809310913,H,1.5192159414291382,S,3.3229541778564453,-,,Q,1.681199312210083,Y,1.476698398590088,R,1.5266345739364624,-,,N,1.4861851930618286,-,,-,
35,Y,1.8960031032562257,-,,I,1.6678696870803833,S,1.689276933670044,Q,1.8381550312042236,H,1.30416738986969,-,,-,,-,,S,2.980546474456787,-,,-,,-,,-,
36,-,1.9084753096103668,Y,2.282360076904297,Q,1.8536136150360107,D,1.945026159286499,H,1.7677446603775024,N,1.8360801935195923,-,,-,,H,1.4310901165008545,D,1.7521693706512451,-,,Y,2.3997182846069336,-,,-,
37,V,1.9262245893478394,T,1.6952095031738281,-,,-,,-,,-,,-,,-,,-,,-,,-,,T,2.1572396755218506,-,,-,
38,-,,-,,-,,-,,-,,-,,-,,-,,-,,-,,-,,-,,-,,-,
39,-,2.2543105568204607,-,,Y,2.8652117252349854,Y,2.199880599975586,Y,1.4413610696792603,T,3.226327657699585,-,,Y,2.1677775382995605,H,1.8931629657745361,Y,1.986452341079712,-,,-,,-,,-,
40,-,2.145082116127014,-,,K,3.4241933822631836,K,2.557516574859619,K,1.4590984582901,A,2.3875935077667236,-,,K,2.277195692062378,K,1.2262176275253296,V,1.6837595701217651,-,,-,,-,,-,
41,G,2.235188272264269,D,2.3178629875183105,G,1.7232550382614136,A,2.5737357139587402,K,1.9705522060394287,Q,1.1811652183532715,-,,K,2.3405117988586426,E,3.7831690311431885,G,2.269879102706909,-,,D,1.9565633535385132,-,,-,
42,E,1.9424313439263239,E,1.5077177286148071,E,1.5723989009857178,Y,1.849220633506775,E,2.6477770805358887,E,1.5062644481658936,-,,E,2.19972562789917,E,1.830845832824707,E,2.7179884910583496,-,,E,1.6499433517456055,-,,-,
43,T,2.000010516908434,T,1.935481071472168,S,1.1549115180969238,T,1.9089887142181396,E,2.700032949447632,K,1.3215384483337402,-,,R,1.7110023498535156,R,2.7889657020568848,T,1.6692445278167725,-,,A,2.809929370880127,-,,-,
44,C,2.025322993596395,Y,2.2606401443481445,Y,2.1217238903045654,Y,1.832081913948059,Q,1.855298638343811,H,2.6443228721618652,-,,Y,1.6069421768188477,Y,1.8685091733932495,Y,1.9156650304794312,-,,Y,2.12272310256958,-,,-,
45,T,2.071525600221422,K,2.288487434387207,T,1.8370215892791748,L,1.7313141822814941,L,1.7811388969421387,M,3.326052188873291,-,,S,1.6241375207901,L,2.3284616470336914,T,1.9763352870941162,-,,K,1.7507816553115845,-,,-,
46,R,1.9105278253555298,R,2.204878330230713,S,2.262601137161255,E,1.573117733001709,K,1.3918797969818115,K,1.6665825843811035,-,,T,2.1666812896728516,R,1.6626254320144653,R,1.6397676467895508,-,,R,2.6266164779663086,-,,-,
47,Q,1.9450170066621568,R,1.9283556938171387,R,2.8361740112304688,R,1.7859079837799072,R,2.0689034461975098,M,1.6435662508010864,-,,R,2.0903611183166504,R,2.0504698753356934,R,1.9106709957122803,-,,R,1.1907436847686768,-,,-,
48,I,1.956237965159946,A,3.318647623062134,L,2.3288888931274414,V,1.90812087059021,E,1.5476694107055664,A,1.8319475650787354,-,,H,2.1441731452941895,Q,1.7015272378921509,L,1.6595077514648438,-,,A,1.1656591892242432,-,,-,
49,N,2.0169584486219616,E,1.3517277240753174,N,1.466194987297058,E,3.0549654960632324,E,1.7940303087234497,E,3.0398800373077393,-,,A,2.0534863471984863,A,1.6084381341934204,D,1.7136362791061401,-,,E,2.0702667236328125,-,,-,
50,V,1.9612274037467108,E,1.2599239349365234,K,1.7022087574005127,K,1.7733585834503174,E,2.463972568511963,K,2.0085055828094482,-,,E,2.41025710105896,D,1.7570701837539673,K,2.537187099456787,-,,E,1.738562822341919,-,,-,
51,L,2.172804117202759,L,1.8906608819961548,L,3.5948562622070312,L,2.3270153999328613,L,2.2509021759033203,L,2.419274091720581,-,,L,2.0990841388702393,L,1.5555806159973145,L,1.630326509475708,L,1.9074956178665161,L,2.0528454780578613,-,,-,
52,K,2.03216628594832,K,1.6372205018997192,E,2.8132164478302,K,1.4597713947296143,I,2.42616605758667,K,1.6439229249954224,-,,T,2.2033729553222656,I,1.8077644109725952,K,2.5607776641845703,I,1.757448673248291,R,1.9597324132919312,I,2.0844357013702393,-,
53,E,2.354368665001609,G,2.252652645111084,K,2.353780508041382,E,2.103473424911499,V,2.307454824447632,E,1.1924018859863281,-,,V,2.210364580154419,E,1.9717772006988525,R,3.2196216583251953,D,2.1501667499542236,G,4.264947891235352,V,1.8714139461517334,-,
54,Q,1.8311933224851435,K,2.027843475341797,D,1.8053674697875977,D,1.6023293733596802,Q,1.923556923866272,E,0.8158904910087585,-,,Q,1.5753769874572754,K,2.2686357498168945,D,1.7672748565673828,E,2.035719871520996,K,1.9301437139511108,E,2.3909876346588135,-,
55,V,1.9924849380146374,V,3.924882650375366,V,2.1509854793548584,V,1.7955975532531738,V,1.8817486763000488,V,1.9793696403503418,-,,V,1.460278034210205,V,2.160372734069824,V,1.7081812620162964,V,1.556594967842102,V,1.6277973651885986,V,1.6715259552001953,-,
56,R,1.994328810618474,K,2.2466611862182617,K,2.7956383228302,R,1.9358901977539062,K,1.327141284942627,K,2.162321090698242,K,1.9345149993896484,K,1.3655198812484741,K,1.9327068328857422,K,2.197263240814209,R,1.892805814743042,K,2.6694211959838867,K,1.4313124418258667,K,2.0350780487060547
57,M,1.783117496050321,T,1.7730013132095337,R,1.1705455780029297,R,1.7836833000183105,M,1.3892301321029663,S,1.8742161989212036,K,1.537726879119873,K,1.770719051361084,M,2.005230188369751,P,1.2903014421463013,D,2.49908447265625,I,2.125142812728882,G,2.068958044052124,E,1.8926880359649658
58,M,2.2563829513696523,A,3.985262393951416,M,1.430450201034546,T,1.4926319122314453,L,1.573142647743225,M,2.601625442504883,M,3.0950117111206055,L,2.501567840576172,I,2.118298053741455,M,1.5272258520126343,I,2.3864994049072266,A,1.9416371583938599,I,2.084319829940796,M,2.595305919647217
59,L,1.8960343140822191,I,2.3774142265319824,L,1.2258532047271729,L,2.434661865234375,L,2.0805959701538086,I,1.061532735824585,F,1.8039767742156982,L,1.9755090475082397,L,2.2689027786254883,L,2.318446397781372,F,1.7062424421310425,I,1.597569227218628,F,2.1485347747802734,F,1.6492066383361816
60,H,2.0333993236223855,K,1.488162875175476,I,2.0689845085144043,Q,1.959159255027771,G,2.513556718826294,-,,R,1.4746702909469604,E,2.3172621726989746,K,2.839355707168579,G,1.6892352104187012,S,2.335827112197876,K,1.6117310523986816,T,2.5931124687194824,N,1.5097345113754272
61,K,1.522456705570221,D,0.9434244632720947,-,,-,,-,,-,,S,1.9493215084075928,-,,-,,-,,S,1.4548332691192627,D,1.4691613912582397,S,1.8361623287200928,S,1.481837272644043
62,V,2.0145893692970276,-,,-,,-,,-,,-,,M,1.7573212385177612,-,,-,,-,,M,2.2326273918151855,-,,I,1.8509196043014526,M,2.217489242553711
63,-,2.1349522471427917,-,,-,,-,,-,,-,,S,1.8886922597885132,-,,-,,-,,S,1.7764886617660522,-,,S,2.2087154388427734,P,2.665912628173828
64,-,2.229790508747101,-,,-,,-,,-,,-,,K,2.3616204261779785,-,,-,,-,,L,2.68538236618042,-,,A,1.4862594604492188,S,2.385899782180786
65,-,1.8854646285374959,-,,-,,-,,-,,-,,E,1.9254240989685059,-,,-,,-,,-,,-,,E,2.007063865661621,E,1.7239059209823608
66,-,2.2270158529281616,-,,-,,-,,-,,-,,D,2.4207725524902344,-,,-,,-,,-,,-,,-,,D,2.033259153366089
67,-,,-,,-,,-,,-,,-,,-,,-,,-,,-,,-,,-,,-,,-,
68,-,1.5771235227584839,-,,-,,-,,-,,-,,-,,-,,-,,-,,-,,-,,D,1.5771235227584839,-,
69,-,1.8722790479660034,-,,-,,-,,-,,-,,E,1.9218544960021973,-,,-,,-,,-,,-,,G,2.0898284912109375,G,1.6051541566848755
70,-,2.178340971469879,-,,-,,-,,-,,-,,E,1.8263981342315674,-,,-,,-,,E,1.568769931793213,-,,E,3.1542909145355225,E,2.163904905319214
71,-,1.9389112293720245,-,,-,,-,,-,,-,,L,1.9512596130371094,-,,-,,-,,D,1.9286948442459106,-,,L,1.560091495513916,S,2.315598964691162
72,-,1.9516661614179611,-,,G,1.9862440824508667,E,1.6783825159072876,-,,-,,I,1.9945995807647705,-,,E,2.168085813522339,K,3.0234248638153076,G,1.6268894672393799,-,,I,1.5607497692108154,M,1.5749531984329224
73,-,2.2226788282394407,-,,-,,-,,-,,K,2.1193466186523438,T,2.4941697120666504,-,,-,,-,,E,2.249263286590576,-,,T,2.288996934890747,S,1.9616175889968872
74,-,,-,,-,,-,,-,,-,,-,,-,,-,,-,,-,,-,,-,,-,
75,-,2.3622049540281296,-,,-,,A,3.7590136528015137,T,2.046617269515991,G,2.4171085357666016,P,2.354147434234619,E,2.505459785461426,E,2.4787309169769287,-,,-,,-,,P,1.5782508850097656,P,1.758311152458191
76,-,1.9329817096392314,V,1.6097248792648315,V,1.8899128437042236,-,,K,2.456057071685791,Q,1.291761040687561,L,1.6984587907791138,E,1.7995268106460571,K,1.787238597869873,V,1.465382695198059,F,2.485741138458252,V,2.5976858139038086,L,1.8349968194961548,L,2.279294013977051
77,V,2.0879872670540442,T,1.3886997699737549,E,2.4106438159942627,V,2.7754664421081543,M,2.1052370071411133,M,1.9798604249954224,N,1.9471296072006226,M,2.341634511947632,M,1.7578250169754028,K,2.274446725845337,S,2.1260154247283936,I,1.7561579942703247,N,2.405491590499878,N,1.8752261400222778
78,N,2.154768329400283,E,1.483616590499878,N,1.4640653133392334,G,2.951474905014038,E,3.4328999519348145,E,2.182551860809326,D,1.9310706853866577,E,1.3274604082107544,E,1.535746693611145,K,2.3362205028533936,D,2.5034477710723877,E,1.3995182514190674,D,3.0373523235321045,D,2.426563024520874
79,P,1.7874392729539137,P,1.3401049375534058,S,2.315718412399292,L,2.0026373863220215,A,1.4544007778167725,P,1.7727946043014526,L,1.6669776439666748,A,2.284911870956421,A,1.7049413919448853,P,1.5781662464141846,L,1.527987003326416,P,1.421863079071045,L,2.298638343811035,L,1.867568850517273
80,L,1.6789417358545156,L,1.412901520729065,L,1.5529968738555908,L,1.213900089263916,V,2.056440830230713,V,1.3688671588897705,I,1.6807645559310913,V,1.7726037502288818,L,1.6777997016906738,L,1.9541149139404297,I,1.679080843925476,L,1.609760046005249,I,1.9125620126724243,I,1.9344502687454224
81,E,1.9370574676073515,D,2.388479471206665,A,1.5975795984268188,D,1.6793441772460938,K,2.1080124378204346,A,1.3699092864990234,Q,1.6151083707809448,Q,2.1778664588928223,Q,2.0938844680786133,D,2.290480613708496,Q,1.480079174041748,D,2.701179265975952,Q,1.4864295721054077,E,2.193394184112549
82,Q,2.050390757047213,Q,2.927072048187256,Q,2.2689385414123535,Q,1.4829996824264526,Q,1.455142855644226,K,3.951052188873291,R,2.0806145668029785,K,1.7637836933135986,Q,1.9129085540771484,Q,0.9729224443435669,R,2.185011386871338,Q,2.295792818069458,R,1.5437710285186768,R,1.8150700330734253
83,L,2.4587492576012244,L,5.024069309234619,L,1.3022922277450562,L,2.7292897701263428,L,2.5756800174713135,L,1.699951410293579,L,2.222053050994873,L,2.6805715560913086,L,1.969557762145996,L,1.9647564888000488,L,1.7561923265457153,L,3.293613910675049,L,2.6527204513549805,L,2.092992067337036
84,E,1.9933021985567534,E,2.435267686843872,E,2.782503604888916,E,2.022672176361084,E,1.699052095413208,E,1.6262983083724976,W,1.8186919689178467,E,1.8840279579162598,E,2.1009304523468018,E,1.7662943601608276,W,2.4961748123168945,E,2.070446491241455,L,1.4496002197265625,W,1.7609684467315674
85,L,2.0131247960604153,L,3.112389326095581,L,1.5647854804992676,L,1.398017168045044,L,1.9194308519363403,L,2.0895652770996094,M,3.0891122817993164,L,1.5401732921600342,L,2.1610376834869385,L,1.2965340614318848,M,1.8427788019180298,L,1.5532188415527344,M,2.608765125274658,M,1.994814157485962
86,I,2.0258593559265137,I,3.0204837322235107,I,2.2398643493652344,V,2.10587477684021,I,1.5590274333953857,I,1.4264941215515137,V,1.8161596059799194,I,1.4209178686141968,I,2.662365198135376,I,1.209399938583374,V,2.291071891784668,I,1.751659631729126,V,2.9021236896514893,V,1.9307293891906738
87,E,2.2040385833153358,D,1.635375738143921,D,1.1306744813919067,D,3.9685680866241455,D,2.0196242332458496,N,1.8395607471466064,D,1.8280178308486938,E,2.2393884658813477,D,2.079145669937134,D,2.997373342514038,D,1.9709482192993164,D,1.9739136695861816,D,3.103116273880005,D,1.8667948246002197
88,I,1.9452775441683257,N,1.2938752174377441,T,1.5196714401245117,C,0.8184221982955933,D,2.673848867416382,I,2.5931739807128906,S,1.9991925954818726,D,2.8157427310943604,D,1.693485975265503,V,2.0553910732269287,N,1.4167165756225586,N,2.0676188468933105,N,2.013831377029419,S,2.327637195587158
89,L,2.5033472226216245,L,1.9260303974151611,I,1.4631054401397705,I,2.146209239959717,L,3.118911027908325,V,2.8547117710113525,V,2.019745349884033,L,5.175317764282227,L,1.504671335220337,L,3.4229421615600586,V,2.5229156017303467,L,1.5814087390899658,V,3.0386765003204346,V,1.7688685655593872
90,Q,2.016116582430326,Q,3.456191062927246,Q,1.962074637413025,H,1.858634114265442,K,2.0199432373046875,Q,1.6201571226119995,E,1.8865505456924438,K,1.6309223175048828,R,1.3172829151153564,Q,1.331238031387329,E,2.137594699859619,Q,2.561472177505493,E,2.0240252017974854,E,2.4034295082092285
91,R,1.875478799526508,R,2.4820897579193115,R,2.068557024002075,R,2.2598342895507812,N,1.3945786952972412,R,2.067302703857422,R,1.7660036087036133,N,1.9980707168579102,N,1.8822283744812012,R,1.7201858758926392,R,2.005735158920288,R,1.1636425256729126,R,1.322270154953003,R,2.250725507736206
92,L,1.824562430381775,L,2.4035744667053223,L,2.1193583011627197,L,1.2861857414245605,L,1.3820608854293823,L,2.0185577869415283,L,1.883737325668335,L,0.902552604675293,L,1.669542908668518,L,1.559386134147644,L,1.4392354488372803,L,3.457151174545288,L,1.5053646564483643,L,2.092604160308838
93,G,2.0236888115222635,G,1.895304799079895,G,2.580379009246826,G,1.8903816938400269,G,2.2698616981506348,G,2.4773902893066406,G,2.91876220703125,G,1.709255337715149,G,2.0278167724609375,G,1.475754976272583,G,1.6175885200500488,G,1.6516003608703613,G,2.197563409805298,G,1.5962954759597778
94,L,1.8836559974230254,L,3.739610195159912,I,2.821704387664795,V,2.017026901245117,L,1.8152703046798706,L,1.3870646953582764,I,1.80801260471344,I,1.4579318761825562,L,1.936444640159607,I,1.0721819400787354,I,1.3032715320587158,L,1.8324713706970215,I,1.2864362001419067,I,2.010101318359375
95,S,2.1465447590901303,A,1.6755945682525635,S,4.085827350616455,G,2.7303621768951416,S,1.1839510202407837,K,1.6748701333999634,D,1.8186057806015015,S,1.2543996572494507,S,2.488240957260132,Y,1.8450920581817627,D,2.7209014892578125,A,2.5680644512176514,D,1.7667406797409058,D,2.0924315452575684
96,Y,1.9695003491181593,Y,1.8246870040893555,Y,1.563194751739502,Y,1.2014647722244263,Y,1.29586923122406,Y,1.4945660829544067,R,2.0020930767059326,Y,3.6034646034240723,Y,2.521139144897461,Y,3.485882520675659,R,2.1104001998901367,H,1.0019036531448364,R,1.470363736152649,R,2.028475761413574
97,H,1.9367438921561608,H,1.2010828256607056,R,0.9967104196548462,H,1.4537185430526733,F,3.2294108867645264,R,1.4296965599060059,H,1.9541435241699219,P,2.9783942699432373,C,2.4918861389160156,H,1.2740517854690552,H,3.222074270248413,R,1.0817508697509766,H,2.1327316761016846,H,1.7320188283920288
98,F,1.9998054412695079,F,1.0354623794555664,F,1.942471981048584,F,1.618331789970398,F,2.3354015350341797,F,2.6954116821289062,F,1.8879635334014893,F,2.4974825382232666,F,2.6507415771484375,F,1.5106900930404663,F,2.205888509750366,F,2.5457279682159424,F,1.7180299758911133,F,1.3538671731948853
99,E,1.8625435737463145,E,1.159287452697754,E,1.4436150789260864,D,1.25462806224823,R,2.4391374588012695,E,1.575527548789978,K,1.6168705224990845,K,1.8890050649642944,D,2.1125619411468506,K,2.039241313934326,K,2.6608500480651855,E,1.113633394241333,K,2.218759775161743,K,2.689948797225952
100,E,1.8969022310697115,P,1.9469754695892334,N,1.648240566253662,K,1.2326855659484863,D,1.3339803218841553,S,3.3825013637542725,N,1.1811096668243408,D,1.1461317539215088,D,2.3189475536346436,D,3.3215980529785156,N,1.5073838233947754,T,1.7247337102890015,N,2.192737102508545,K,1.7227040529251099
101,E,1.7104920423947847,E,1.6933048963546753,E,1.6515719890594482,E,1.7184094190597534,E,1.8578624725341797,E,1.2231669425964355,E,2.7479441165924072,N,1.4446481466293335,Q,1.3683571815490723,E,1.7329422235488892,E,1.2155263423919678,E,1.647251009941101,E,2.2987747192382812,E,1.6366370916366577
102,I,2.0080094245763926,I,1.9136372804641724,I,1.7965435981750488,I,2.4792380332946777,I,2.9755752086639404,I,1.8141604661941528,I,2.1798017024993896,I,1.1829389333724976,I,2.226069927215576,I,1.794755220413208,I,2.0726125240325928,I,1.3188996315002441,I,1.3982856273651123,I,2.9516043663024902
103,K,2.0899747151594896,R,1.2780320644378662,I,2.7005679607391357,K,1.772556185722351,K,1.1904993057250977,K,1.8072696924209595,K,2.8079118728637695,Q,3.084547281265259,N,1.6032991409301758,K,3.394113779067993,K,1.5585503578186035,R,1.4047821760177612,K,1.909483790397644,K,2.658057689666748
104,R,2.062350740799537,N,1.1497329473495483,S,4.59275484085083,E,1.3872551918029785,K,2.625779628753662,E,1.622658133506775,S,1.6787751913070679,Q,1.1854379177093506,H,2.0332393646240234,R,2.6788554191589355,S,1.7991151809692383,N,2.5687203407287598,A,1.8775243759155273,S,1.6107110977172852
105,I,2.0623800662847667,I,2.485940456390381,I,2.9876768589019775,I,1.6699570417404175,I,2.0928964614868164,E,1.8084616661071777,A,2.795956611633301,I,1.7279072999954224,I,2.6773669719696045,I,1.2875661849975586,A,2.827272415161133,I,1.764932632446289,A,1.4129246473312378,A,1.2720816135406494
106,L,2.0061837893265944,L,2.349254846572876,L,2.094928741455078,L,2.8490405082702637,L,1.5431042909622192,L,2.2343361377716064,L,1.5764667987823486,L,2.059964418411255,L,3.407222270965576,L,1.3139508962631226,L,1.880197525024414,L,1.755303978919983,L,1.7734270095825195,L,1.2431918382644653
107,D,2.133299845915574,R,1.1854548454284668,K,1.7474710941314697,K,3.000795364379883,T,2.253730297088623,L,2.8668248653411865,D,1.2281525135040283,N,2.1302034854888916,T,1.871929407119751,N,1.4880242347717285,D,1.296567678451538,N,3.2317683696746826,D,3.801755666732788,D,1.6302201747894287
108,G,1.740540256867042,N,1.3027223348617554,E,2.011355400085449,T,1.6336731910705566,S,2.4820165634155273,S,1.773656964302063,Y,1.3924713134765625,Q,1.3075085878372192,T,1.2579469680786133,G,1.7058780193328857,Y,2.3155765533447266,N,1.7364628314971924,Y,2.2442543506622314,Y,1.4635002613067627
109,V,2.270828026991624,I,4.438374042510986,K,1.485355257987976,I,2.8605382442474365,I,1.8009668588638306,L,2.330418586730957,V,1.8379755020141602,I,1.5825059413909912,I,1.012826681137085,I,2.129183530807495,V,1.291457176208496,I,2.5838823318481445,V,2.371250867843628,V,3.7960293292999268
110,Y,2.280273661017418,H,2.1656336784362793,-,,S,2.247886896133423,Y,1.250294804573059,-,,-,,Y,4.8843159675598145,Y,1.9692169427871704,Y,1.5181974172592163,Y,2.707287549972534,Y,1.4993560314178467,-,,-,
111,-,,-,,-,,-,,-,,-,,-,,-,,-,,-,,-,,-,,-,,-,
112,-,,-,,-,,-,,-,,-,,-,,-,,-,,-,,-,,-,,-,,-,
113,-,,-,,-,,-,,-,,-,,-,,-,,-,,-,,-,,-,,-,,-,
114,-,,-,,-,,-,,-,,-,,-,,-,,-,,-,,-,,-,,-,,-,
115,N,1.886037609793923,N,2.5609326362609863,F,1.3042643070220947,T,1.810079574584961,N,1.9430546760559082,-,,Y,2.5535359382629395,N,1.552582859992981,N,1.7424936294555664,N,1.8805513381958008,-,,N,1.4684875011444092,Y,1.450541615486145,Y,2.4798896312713623
116,N,2.1123845360495825,H,1.997374415397644,-,,E,1.3818092346191406,N,2.735687732696533,-,,S,2.7822577953338623,E,1.6580390930175781,Q,1.1339881420135498,Q,3.3777127265930176,S,1.2198752164840698,N,1.6614196300506592,S,3.074626922607422,S,2.2134389877319336
117,D,2.3734577298164368,N,1.8909387588500977,-,,-,,-,,-,,Y,4.380112171173096,-,,-,,-,,Y,2.0363471508026123,N,1.8078148365020752,Y,2.364924192428589,Y,1.7606092691421509
118,H,2.622986759458269,-,,-,,-,,S,1.7915343046188354,-,,W,1.6867989301681519,H,2.977343797683716,H,3.017421245574951,-,,W,1.4610271453857422,-,,W,4.578259468078613,W,2.848522424697876
119,G,2.209199547767639,-,,-,,-,,F,1.52211594581604,-,,N,1.1062092781066895,K,2.900845766067505,S,2.9337267875671387,-,,S,3.125553846359253,-,,N,2.1273021697998047,N,1.7486430406570435
120,G,2.0571677684783936,-,,-,,-,,E,3.2084362506866455,-,,E,1.872175931930542,-,,C,2.1435296535491943,-,,E,1.5317856073379517,-,,E,1.7963016033172607,E,1.790777564048767
121,-,,-,,-,,-,,-,,-,,-,,-,,-,,-,,-,,-,,-,,-,
122,D,2.1408448934555055,-,,-,,-,,-,,-,,K,2.5656797885894775,-,,F,1.9754424095153809,-,,K,3.29522705078125,-,,K,1.337454915046692,K,1.5304203033447266
123,T,1.7478922605514526,-,,-,,-,,N,3.286085605621338,-,,G,1.30826735496521,-,,H,1.2081830501556396,-,,G,1.891910195350647,-,,G,1.482442021369934,G,1.3104653358459473
124,W,1.7883897423744202,-,,-,,-,,-,,Y,1.2313122749328613,I,2.6619739532470703,-,,Y,1.6709105968475342,-,,I,1.4967058897018433,-,,I,1.4234504699707031,I,2.245985269546509
125,K,2.255956490834554,-,,-,,P,1.8147087097167969,-,,K,1.488555908203125,G,2.293459892272949,C,1.6597295999526978,H,1.9924193620681763,Y,3.507707357406616,G,1.2718091011047363,-,,G,4.589962005615234,G,1.6852564811706543
126,A,2.1908458918333054,-,,-,,N,2.0070643424987793,-,,D,2.486020565032959,C,2.1444787979125977,C,1.442903995513916,-,,N,2.40444278717041,C,1.5335029363632202,-,,S,1.771927833557129,C,3.7364258766174316
127,-,,-,,-,,-,,-,,-,,-,,-,,-,,-,,-,,-,,-,,-,
128,-,,-,,-,,-,,-,,-,,-,,-,,-,,-,,-,,-,,-,,-,
129,-,2.092944372784008,K,1.5129687786102295,-,,N,1.5285322666168213,-,,G,1.6571428775787354,G,1.72370445728302,H,2.172337055206299,E,3.1772773265838623,R,2.215855121612549,G,2.8880598545074463,K,1.7394564151763916,G,2.061915159225464,G,2.3451387882232666
130,-,1.8289737171596951,D,1.4576525688171387,-,,M,1.4863022565841675,-,,T,1.4118053913116455,-,,N,2.4152235984802246,A,1.624558448791504,H,2.0559818744659424,T,1.9168668985366821,D,2.20120906829834,S,1.8911633491516113,-,
131,-,2.054361939430237,Y,1.463618278503418,-,,-,,-,,D,1.1516880989074707,R,2.1123037338256836,S,1.386492133140564,A,1.111573338508606,E,1.3055657148361206,K,4.837839603424072,Y,1.4387099742889404,-,,R,3.681466579437256
132,-,1.9567323724428813,N,2.1994829177856445,-,,G,1.6068074703216553,N,1.7197932004928589,A,2.9251232147216797,D,1.4651604890823364,E,1.5456726551055908,T,1.7394102811813354,E,1.6021051406860352,S,2.4906363487243652,N,1.967565655708313,D,2.1203150749206543,D,2.0987160205841064
133,-,2.2349904278914132,W,1.9033746719360352,-,,L,3.1839652061462402,N,1.3577584028244019,W,3.4091873168945312,S,2.499915838241577,V,1.7146745920181274,S,2.7120680809020996,W,1.6505954265594482,I,1.4143648147583008,W,3.5112578868865967,S,1.5927530527114868,S,1.8699698448181152
134,E,2.2500698566436768,R,2.072600841522217,-,,I,1.6750686168670654,K,1.610824704170227,W,1.2595148086547852,V,1.994307279586792,E,2.987877130508423,E,3.05531644821167,Q,1.6986758708953857,I,3.758704900741577,R,1.5171185731887817,G,2.98616361618042,V,2.3846654891967773
135,-,2.1728720448233863,K,2.6119115352630615,-,,D,2.3686039447784424,V,1.8357964754104614,V,2.0284314155578613,V,3.4510905742645264,E,1.9278110265731812,E,1.2055432796478271,K,2.178133726119995,-,,K,2.525252342224121,V,1.4070992469787598,F,2.3619189262390137
136,-,1.8232239943284254,E,1.1130831241607666,Y,2.5236923694610596,G,1.9233872890472412,G,1.3870062828063965,D,1.8765255212783813,A,1.910709023475647,K,1.232212781906128,A,1.485595703125,D,1.645998239517212,T,3.348320245742798,E,1.760110855102539,A,2.2630093097686768,P,1.2322611808776855
137,N,2.054962497491103,N,2.0685153007507324,D,2.7833945751190186,D,3.4661784172058105,D,1.8381296396255493,N,1.957610011100769,D,2.572582244873047,D,1.526843786239624,N,3.1462693214416504,D,1.9896858930587769,N,1.2206535339355469,N,1.406901478767395,D,1.1372736692428589,D,1.6004745960235596
138,L,2.036081002308772,L,1.7119213342666626,L,1.740370750427246,L,1.7853083610534668,L,2.1359355449676514,L,1.5310207605361938,L,2.6764121055603027,L,3.275801181793213,L,1.7379255294799805,L,1.844199538230896,L,2.0332305431365967,L,2.0041449069976807,L,2.296736717224121,V,1.6960457563400269
139,Y,1.973332249201261,Y,1.6090059280395508,Y,2.328385353088379,Y,2.0762572288513184,Y,3.4527840614318848,H,2.0141849517822266,N,2.2039358615875244,Y,2.1499388217926025,Y,1.450519323348999,Y,1.7211146354675293,N,1.479203462600708,Y,1.5169979333877563,N,1.4258747100830078,N,2.2251169681549072
140,A,2.055831927519578,A,1.4602521657943726,A,3.4259445667266846,A,1.4650795459747314,F,3.0631051063537598,A,1.7592179775238037,S,1.5000280141830444,F,2.121260166168213,F,2.7068655490875244,A,1.3532179594039917,S,2.8766441345214844,A,1.3884313106536865,S,2.054936170578003,S,1.5508323907852173
141,T,1.8804830771226149,T,1.442591667175293,T,2.297025442123413,M,1.2811634540557861,T,1.3313614130020142,T,2.036464214324951,T,1.4299674034118652,T,2.0510332584381104,T,2.7946834564208984,T,1.3287218809127808,T,3.1400723457336426,T,1.5308122634887695,T,1.4814980030059814,T,2.3008852005004883
142,A,2.0663246466563296,S,1.648295283317566,A,1.6856752634048462,A,2.984673023223877,A,3.128750801086426,A,1.6195155382156372,A,1.5221683979034424,A,1.562939167022705,A,1.315240502357483,A,2.9342424869537354,A,2.0900888442993164,S,3.256206750869751,A,1.6124669313430786,A,1.5019574165344238
143,L,1.8351379908048189,L,2.46444034576416,L,1.7855255603790283,L,1.298990249633789,L,1.632279872894287,L,1.7313152551651,L,2.4366774559020996,L,1.5470409393310547,L,1.2689619064331055,L,1.3158177137374878,L,2.014350175857544,L,1.9303147792816162,L,2.7321319580078125,S,1.6989476680755615
144,K,2.110852003097534,E,2.487706184387207,Q,2.881742000579834,Y,1.720361590385437,G,2.792125940322876,R,1.4945714473724365,G,1.584623098373413,R,1.3953287601470947,G,1.7454864978790283,E,1.411634922027588,G,1.907497525215149,E,2.829155206680298,G,2.354922294616699,G,2.835920572280884
145,F,1.916021933922401,F,2.1909661293029785,F,1.732100009918213,F,1.8720734119415283,F,1.9943252801895142,F,2.034100294113159,F,2.279639720916748,F,2.454059362411499,F,1.6526144742965698,F,1.6955583095550537,F,2.105484962463379,F,1.464172124862671,F,1.233665943145752,F,2.1995251178741455
146,R,2.083854235135592,R,1.9342337846755981,R,3.1847307682037354,R,1.9544867277145386,R,2.190065860748291,R,0.9760385751724243,R,1.3975929021835327,R,2.6993181705474854,R,2.546792507171631,R,2.5186307430267334,R,2.041304588317871,R,2.2205748558044434,R,2.238352060317993,R,1.187983512878418
147,L,1.7988164333196788,L,2.0019655227661133,L,1.9454398155212402,L,1.3019521236419678,L,1.4855234622955322,L,1.847758412361145,T,1.6502516269683838,L,1.549241065979004,L,1.8781017065048218,L,2.3194403648376465,T,1.5838546752929688,L,2.113565683364868,I,1.3204880952835083,T,2.387031078338623
148,L,1.8097254954851592,L,2.6261684894561768,L,1.8946536779403687,L,1.2502018213272095,L,1.3328254222869873,L,1.8310059309005737,L,2.688363790512085,L,1.1812644004821777,L,2.101344347000122,L,1.8148417472839355,L,2.415247678756714,L,1.3714276552200317,L,1.6496113538742065,L,1.3694751262664795
149,R,1.8666930290368886,R,1.8818918466567993,R,1.974125862121582,R,1.9968178272247314,R,1.3978962898254395,R,2.000119924545288,R,2.363165855407715,R,1.2531460523605347,R,3.3766114711761475,R,1.900773286819458,R,1.3441954851150513,R,1.3737108707427979,R,1.9357744455337524,R,1.4687801599502563
150,Q,2.124384962595426,Q,1.0412249565124512,Q,2.830122709274292,Q,1.3348784446716309,Q,2.7178404331207275,E,2.246072769165039,L,1.2343201637268066,Q,2.6001858711242676,E,2.9852728843688965,Q,3.083660840988159,L,1.5210384130477905,Q,2.195451259613037,L,2.1935949325561523,L,1.633340835571289
151,H,2.4233302794969998,H,1.391555905342102,Y,1.053097128868103,H,1.6205641031265259,H,1.9574638605117798,N,4.126841068267822,H,2.455570936203003,Q,3.570324659347534,H,1.325361728668213,H,3.9183907508850098,H,1.9017820358276367,H,1.8610337972640991,H,3.613386631011963,H,2.707921028137207
152,G,1.769112541125371,G,1.6379992961883545,G,1.3013322353363037,G,1.6754796504974365,G,1.6238985061645508,G,1.5974857807159424,G,1.406752109527588,G,1.296399712562561,G,1.7242076396942139,G,1.2774535417556763,G,2.6960556507110596,G,1.380667805671692,G,2.188004493713379,G,3.1927266120910645
153,Y,2.1825743271754336,Y,1.7069584131240845,F,1.2360233068466187,Y,4.482991695404053,F,1.3047369718551636,I,3.164541244506836,Y,1.3398120403289795,F,1.7180861234664917,F,2.2322819232940674,Y,1.2645649909973145,Y,2.6874656677246094,Y,1.476059913635254,Y,2.3950414657592773,Y,3.3649024963378906
154,S,1.711019910298861,P,1.4850722551345825,E,1.2141729593276978,E,2.127344846725464,N,1.394301176071167,F,1.2543904781341553,N,1.7297993898391724,E,2.970895528793335,K,2.292109966278076,D,1.38934326171875,P,2.5374321937561035,P,1.069352388381958,S,1.0362638235092163,S,1.7427805662155151
155,V,1.9309061949069684,V,1.4722703695297241,V,1.4331446886062622,V,2.0247228145599365,V,2.824254035949707,V,1.8402433395385742,V,2.602370262145996,V,1.34287428855896,V,1.9808450937271118,V,1.4693304300308228,V,1.8695237636566162,V,1.9245353937149048,V,3.2286715507507324,V,1.0889945030212402
156,S,1.6917873203754425,S,1.0692968368530273,P,2.126206874847412,P,1.9066424369812012,S,1.4382108449935913,P,2.6389505863189697,-,,S,1.3472225666046143,S,1.689009189605713,P,0.9784777760505676,S,1.5183383226394653,S,2.2055177688598633,-,,-,
157,Q,2.4770051638285318,-,,-,,-,,-,,-,,S,2.769847869873047,-,,-,,-,,-,,-,,S,1.8303985595703125,S,2.8307690620422363
158,-,2.083406145756061,Q,1.734691858291626,Q,1.7105852365493774,Q,2.9312517642974854,Q,1.2521617412567139,Q,1.518911361694336,S,3.7440290451049805,Q,1.9386643171310425,Q,2.087035655975342,Q,1.757827877998352,A,2.9876906871795654,Q,1.6175260543823242,S,1.734611988067627,S,2.0692923069000244
159,-,,-,,-,,-,,-,,-,,-,,-,,-,,-,,-,,-,,-,,-,
160,E,1.8997214940878062,E,1.1148865222930908,E,1.6983766555786133,G,1.593029260635376,R,1.9610226154327393,D,1.5885987281799316,E,1.8297171592712402,E,3.296440839767456,E,1.3986856937408447,D,1.6641665697097778,D,2.4651737213134766,E,2.339836359024048,D,2.104231357574463,E,1.6422139406204224
161,V,1.8280186836536114,V,1.567994236946106,I,3.0528907775878906,V,1.398653268814087,I,3.147759199142456,V,1.4744548797607422,V,1.3125550746917725,V,1.368471384048462,V,1.4415700435638428,V,1.9027142524719238,V,1.6522963047027588,V,1.1820305585861206,V,2.062880277633667,V,2.199972629547119
162,F,2.1686386603575487,F,2.8291454315185547,F,1.8163414001464844,F,1.3899660110473633,F,1.9244753122329712,F,2.565669059753418,L,2.3673086166381836,F,1.5495800971984863,F,1.3560926914215088,F,1.6697742938995361,L,2.2914085388183594,F,4.272315979003906,L,2.0802531242370605,L,2.0799720287323
163,N,1.7452562955709605,S,1.3240044116973877,N,1.7653532028198242,N,1.4076443910598755,D,1.6071876287460327,E,1.4706792831420898,K,2.047480583190918,D,1.3798975944519043,D,3.4644887447357178,S,1.9223639965057373,K,1.8703420162200928,N,1.1667016744613647,E,1.3927679061889648,K,1.8694204092025757
164,S,1.8745912863658025,G,4.247982978820801,N,1.570148229598999,R,1.4390182495117188,C,2.3497636318206787,T,1.6270605325698853,V,1.6765761375427246,H,1.5966554880142212,R,1.758476734161377,R,1.9814289808273315,H,1.719107985496521,G,1.515131950378418,H,1.613745927810669,V,1.2745898962020874
165,F,2.0956185230842004,F,1.4532442092895508,F,1.7471433877944946,F,1.084907054901123,F,2.609647750854492,F,1.9166427850723267,F,1.8364412784576416,F,1.6797658205032349,F,1.821004033088684,F,5.6829986572265625,F,1.2236876487731934,F,2.7730772495269775,F,1.8371502161026,F,1.5773307085037231
166,K,1.8547126054763794,K,2.734525442123413,K,2.281740427017212,M,2.2511179447174072,K,1.6211919784545898,-,,E,1.819765567779541,K,1.1341023445129395,K,1.4124934673309326,K,1.4301682710647583,R,1.9891917705535889,K,1.4414691925048828,K,2.3483574390411377,Q,1.79242742061615
167,-,,-,,-,,-,,-,,-,,-,,-,,-,,-,,-,,-,,-,,-,
168,D,2.103203241641705,D,3.3232271671295166,N,1.9182528257369995,D,1.5674865245819092,N,1.7588996887207031,K,2.6642394065856934,D,1.952679991722107,N,3.8453946113586426,N,1.3908895254135132,D,2.1804559230804443,N,1.7894580364227295,D,1.7255840301513672,E,1.7730748653411865,D,1.451999545097351
169,-,1.809465765953064,-,,-,,-,,-,,-,,-,,-,,-,,-,,-,,-,,E,1.809465765953064,-,
170,-,2.1419901166643416,-,,H,1.4120423793792725,-,,E,1.5867218971252441,D,3.169774293899536,-,,E,1.4861713647842407,E,2.9906606674194336,D,1.9682379961013794,-,,-,,K,2.380322217941284,-,
171,E,1.7144450346628826,D,1.273927927017212,K,2.5474255084991455,D,1.8806462287902832,K,1.4335544109344482,K,2.042656898498535,Q,1.2959260940551758,K,2.1780426502227783,K,1.3333840370178223,-,,Q,1.239505410194397,D,2.063617467880249,E,1.4811229705810547,Q,1.8035308122634888
172,R,1.8584845891365638,K,1.2821877002716064,T,1.4098149538040161,S,2.961907386779785,G,1.8803060054779053,S,3.179649829864502,N,1.6223150491714478,G,1.3899859189987183,G,1.3585890531539917,T,1.8549981117248535,I,2.8171043395996094,Q,1.4437676668167114,K,1.5146350860595703,N,1.4450385570526123
173,G,1.834144298846905,V,1.8720157146453857,G,1.3324198722839355,S,2.168602466583252,I,1.0654174089431763,G,2.062225341796875,G,2.884554862976074,T,1.6065119504928589,T,1.6812520027160645,G,1.3999173641204834,G,1.6709681749343872,G,1.6407219171524048,G,2.2519261837005615,G,2.2073426246643066
174,S,2.1757929783601027,G,1.5466210842132568,E,2.85790753364563,S,1.9422580003738403,H,2.137899875640869,K,1.9168903827667236,Q,1.3595552444458008,D,1.707317590713501,D,3.142683982849121,S,2.013308525085449,Q,2.582341432571411,G,2.334712505340576,Q,2.6754801273345947,Q,2.0683324337005615
175,F,2.241937965154648,F,1.602845311164856,F,2.924772024154663,F,2.6351749897003174,F,1.6453946828842163,F,1.6450122594833374,F,2.621788263320923,F,5.150613307952881,F,1.8689125776290894,F,2.22245192527771,-,,F,1.1096739768981934,F,1.328736424446106,F,2.1478798389434814
176,-,,-,,-,,-,,-,,-,,-,,-,,-,,-,,-,,-,,-,,-,
177,K,1.9849330945448442,-,,K,3.4095077514648438,K,2.102465867996216,D,3.013174057006836,K,1.9417121410369873,A,1.6429004669189453,K,1.5359594821929932,R,1.6498994827270508,K,1.5430444478988647,F,1.2047346830368042,-,,V,1.906653881072998,A,1.884211778640747
178,A,1.981020414829254,-,,A,1.214965581893921,A,1.6682641506195068,E,1.6876300573349,-,,C,2.388634204864502,P,1.5002615451812744,P,2.3169379234313965,A,2.0180163383483887,V,2.123436689376831,-,,C,1.224430799484253,F,3.6676268577575684
179,C,2.062067687511444,-,,N,1.244460105895996,S,2.0648467540740967,T,1.9972474575042725,S,1.6056817770004272,-,,-,,-,,C,3.1173856258392334,S,2.3427844047546387,-,,-,,-,
180,L,1.8781039476394654,I,1.7219369411468506,I,1.8620450496673584,L,1.8262346982955933,L,2.040365219116211,Q,2.2330515384674072,-,,N,2.065965175628662,D,2.070388078689575,L,1.5840126276016235,C,1.7974984645843506,I,1.5795416831970215,-,,-,
181,C,1.7006945518346934,C,1.2853422164916992,S,1.6700873374938965,C,1.2771607637405396,I,2.994720697402954,L,1.7887377738952637,S,1.3883112668991089,L,2.9439849853515625,L,1.5383901596069336,C,1.322077751159668,P,1.4245762825012207,C,1.755833387374878,S,1.7165807485580444,S,1.0032258033752441
182,E,2.0501964634115044,D,1.4764783382415771,N,1.204722285270691,-,,G,1.21555495262146,C,1.215417742729187,P,2.8850042819976807,A,1.303255319595337,V,1.4102872610092163,-,,S,4.721428394317627,D,1.5058293342590332,A,2.1729490756988525,P,3.4412341117858887
183,-,2.2156604131062827,-,,-,,-,,-,,-,,S,2.100878953933716,-,,-,,-,,-,,-,,I,1.6495583057403564,S,2.8965439796447754
184,-,,-,,-,,-,,-,,-,,-,,-,,-,,-,,-,,-,,-,,-,
185,-,,-,,-,,-,,-,,-,,-,,-,,-,,-,,-,,-,,-,,-,
186,-,,-,,-,,-,,-,,-,,-,,-,,-,,-,,-,,-,,-,,-,
187,-,,-,,-,,-,,-,,-,,-,,-,,-,,-,,-,,-,,-,,-,
188,-,,-,,-,,-,,-,,-,,-,,-,,-,,-,,-,,-,,-,,-,
189,-,,-,,-,,-,,-,,-,,-,,-,,-,,-,,-,,-,,-,,-,
190,-,,-,,-,,-,,-,,-,,-,,-,,-,,-,,-,,-,,-,,-,
191,-,,-,,-,,-,,-,,-,,-,,-,,-,,-,,-,,-,,-,,-,
192,-,,-,,-,,-,,-,,-,,-,,-,,-,,-,,-,,-,,-,,-,
193,-,,-,,-,,-,,-,,-,,-,,-,,-,,-,,-,,-,,-,,-,
194,-,,-,,-,,-,,-,,-,,-,,-,,-,,-,,-,,-,,-,,-,
195,-,,-,,-,,-,,-,,-,,-,,-,,-,,-,,-,,-,,-,,-,
196,-,,-,,-,,-,,-,,-,,-,,-,,-,,-,,-,,-,,-,,-,
197,-,,-,,-,,-,,-,,-,,-,,-,,-,,-,,-,,-,,-,,-,
198,-,,-,,-,,-,,-,,-,,-,,-,,-,,-,,-,,-,,-,,-,
199,-,,-,,-,,-,,-,,-,,-,,-,,-,,-,,-,,-,,-,,-,
200,-,,-,,-,,-,,-,,-,,-,,-,,-,,-,,-,,-,,-,,-,
201,-,1.8287470042705536,-,,-,,-,,-,,-,,K,2.5639092922210693,-,,-,,-,,E,1.5388708114624023,-,,Q,1.9890949726104736,T,1.223112940788269
202,-,1.5761438310146332,-,,-,,-,,-,,-,,T,1.6739466190338135,-,,-,,-,,T,1.5175708532333374,-,,T,1.8421478271484375,K,1.2709100246429443
203,-,2.048602133989334,-,,-,,-,,-,,-,,E,2.9667673110961914,-,,-,,-,,E,2.193044900894165,-,,E,1.395914912223816,E,1.638681411743164
204,-,1.9844381213188171,-,,-,,N,1.5187277793884277,E,1.4097455739974976,K,3.440753698348999,G,1.1696125268936157,D,1.4081875085830688,D,1.9820798635482788,E,2.6036858558654785,E,2.085819721221924,-,,E,2.34374737739563,R,1.8820213079452515
205,D,1.7196162297175481,D,1.2820243835449219,D,1.7176823616027832,D,3.234442949295044,D,2.153862476348877,D,1.565996527671814,E,1.3667513132095337,D,1.6551591157913208,D,1.4674803018569946,D,1.8646255731582642,D,1.1676772832870483,D,0.991008996963501,E,2.23012375831604,D,1.6581759452819824
206,T,2.332829768841083,F,1.1356183290481567,I,2.8206353187561035,V,4.249361038208008,I,2.1759021282196045,V,2.188033103942871,I,1.9378262758255005,T,1.6525158882141113,T,1.6570415496826172,M,1.8868457078933716,I,3.2954280376434326,F,2.131730794906616,I,3.589996337890625,I,1.605852484703064
207,K,2.0254262318977942,K,1.2108697891235352,M,1.3511301279067993,K,1.8311550617218018,K,1.8406792879104614,R,2.1333811283111572,R,2.4002349376678467,K,1.9738034009933472,Q,1.1039842367172241,K,1.3067885637283325,R,1.3007285594940186,K,3.7628262042999268,K,2.8722808361053467,R,3.2426788806915283
208,G,1.9636022127591646,G,2.547121524810791,G,1.9739183187484741,G,1.2557404041290283,A,1.649095892906189,G,2.338059186935425,S,1.5697885751724243,G,1.6516965627670288,G,1.692383050918579,G,1.9234791994094849,I,1.0795344114303589,G,1.7620656490325928,S,4.945306777954102,T,1.138639211654663
209,M,2.352288998090304,I,4.7210259437561035,A,2.125551223754883,M,1.6193044185638428,T,2.0303409099578857,L,3.6533238887786865,A,1.6393492221832275,L,3.352818727493286,L,2.019638776779175,M,1.6838406324386597,M,2.079235553741455,I,1.486716389656067,V,1.5570721626281738,V,2.611539125442505
210,L,2.43358943095574,L,1.9896730184555054,L,1.9132306575775146,L,2.5598535537719727,L,2.940885305404663,L,1.3769683837890625,L,2.195535659790039,L,1.2721424102783203,L,4.70534610748291,L,1.9387449026107788,V,1.8148400783538818,L,4.7229132652282715,L,1.7079731225967407,L,2.498556137084961
211,S,1.9623294885341938,S,1.4982582330703735,G,1.2225452661514282,S,2.3667685985565186,Q,1.9178712368011475,S,1.2944269180297852,N,1.750054955482483,Q,1.8964178562164307,Q,1.6362621784210205,C,1.3361250162124634,N,0.8857535123825073,S,3.409299612045288,N,1.2030155658721924,N,5.093484401702881
212,L,2.0583286743897657,L,3.825908660888672,L,2.155209541320801,L,1.646138310432434,L,2.5677101612091064,L,1.2404825687408447,L,1.523450493812561,L,1.963989496231079,L,1.792175054550171,L,1.6238658428192139,L,2.4914438724517822,L,1.4943927526474,L,2.0484321117401123,L,2.3850739002227783
213,Y,2.429742831450242,H,4.719573974609375,Y,2.8767008781433105,Y,1.3400856256484985,Y,2.0760395526885986,Y,2.2979564666748047,Y,3.234754800796509,Y,2.513395309448242,Y,2.0350120067596436,Y,2.245112895965576,Y,3.594867706298828,H,1.4288994073867798,F,2.165404796600342,Y,1.0588533878326416
214,E,2.117941494171436,E,1.5404832363128662,E,4.12448263168335,E,1.8826907873153687,E,1.8362849950790405,E,1.2815630435943604,R,3.05145001411438,E,1.8669713735580444,E,1.942642331123352,E,3.601590633392334,R,1.422029733657837,E,2.2096829414367676,R,1.8430520296096802,R,0.9303156733512878
215,A,2.126658563430493,A,1.5507066249847412,A,1.3522734642028809,A,1.5657581090927124,A,1.872529149055481,A,4.126194953918457,A,4.950309753417969,A,1.8132646083831787,A,2.8178417682647705,A,1.1640146970748901,A,0.9198992848396301,A,2.297391414642334,A,1.2090215682983398,A,2.0073559284210205
216,S,2.008390078177819,S,2.5704243183135986,S,1.2696648836135864,S,1.6472835540771484,S,1.6232399940490723,S,1.258716106414795,S,1.802194356918335,S,1.2005549669265747,S,1.6023842096328735,S,4.202689170837402,S,1.3682223558425903,S,2.179104804992676,S,2.2871410846710205,S,3.0974512100219727
217,F,1.8186253034151518,Y,1.6585454940795898,F,1.3287312984466553,Y,1.8883001804351807,F,0.9537945985794067,Y,1.9436575174331665,L,1.8626209497451782,F,2.0022566318511963,F,2.3885209560394287,Y,1.6824005842208862,L,1.9967581033706665,Y,1.960298776626587,L,2.4102115631103516,F,1.5660322904586792
218,F,1.7370305611537054,Y,3.332127809524536,H,1.282457709312439,L,1.7483011484146118,H,2.133254289627075,L,1.4521255493164062,I,1.104805827140808,L,1.9184802770614624,L,2.1078906059265137,L,1.9428668022155762,I,1.1720900535583496,Y,1.9212563037872314,I,1.2588613033294678,I,1.2068796157836914
219,L,2.189755017107183,S,1.787752389907837,G,1.5239155292510986,A,1.9759999513626099,L,2.1294069290161133,G,2.1406755447387695,-,,L,2.8026700019836426,L,1.1373021602630615,C,2.1163008213043213,A,3.438143014907837,S,1.378685474395752,A,3.6564533710479736,-,
220,-,1.524100701014201,-,,-,,-,,-,,-,,A,1.7341002225875854,-,,-,,-,,F,1.4927476644515991,-,,-,,A,1.345454216003418
221,-,,-,,-,,-,,-,,-,,-,,-,,-,,-,,-,,-,,-,,-,
222,I,2.269344714971689,L,1.9209760427474976,K,1.4132788181304932,L,4.06081485748291,R,2.930694103240967,W,2.0883710384368896,F,2.8962507247924805,R,1.9114118814468384,R,1.892338752746582,V,1.7375091314315796,P,2.364699125289917,L,2.098161458969116,F,1.5661836862564087,F,2.6207916736602783
223,E,1.7088384444896991,E,1.6631277799606323,K,1.572731375694275,E,1.3295884132385254,E,1.9274357557296753,E,1.4680529832839966,P,1.5379283428192139,E,1.6142574548721313,E,1.771851658821106,Q,2.070284128189087,V,2.26645565032959,E,1.45945143699646,P,2.0606815814971924,P,1.473053216934204
224,-,1.9153791666030884,-,,-,,-,,-,,-,,-,,-,,-,,-,,A,1.9153791666030884,-,,-,,-,
225,-,1.628967046737671,-,,-,,-,,-,,-,,-,,-,,-,,-,,F,1.628967046737671,-,,-,,-,
226,-,2.2157387733459473,-,,-,,-,,-,,-,,-,,-,,-,,-,,P,2.2157387733459473,-,,-,,-,
227,G,2.1211060744065504,G,1.3302206993103027,G,1.5292656421661377,G,4.285805702209473,G,1.6695401668548584,G,3.443661689758301,G,1.0033280849456787,A,2.072709560394287,G,3.359145164489746,G,1.5609347820281982,G,1.8906199932098389,G,2.4868836402893066,G,1.8255441188812256,G,1.1167197227478027
228,-,,-,,-,,-,,-,,-,,-,,-,,-,,-,,-,,-,,-,,-,
229,E,1.8262653534228985,E,1.6623725891113281,E,1.685928225517273,E,1.6252278089523315,E,1.9680521488189697,E,1.902022361755371,E,2.1023306846618652,E,1.8688071966171265,E,1.57187020778656,E,1.3574260473251343,E,2.4949405193328857,E,1.7585630416870117,E,1.8205937147140503,E,1.9233150482177734
230,N,1.8836281207891612,S,2.4111080169677734,S,1.9714330434799194,T,2.022146463394165,N,1.6162298917770386,D,1.8565433025360107,K,2.5552401542663574,D,1.2412354946136475,D,1.6015352010726929,S,1.2753610610961914,K,0.9725544452667236,S,2.9371819496154785,K,1.4006826877593994,K,2.6259138584136963
231,I,1.98579714848445,I,2.182053565979004,I,1.8199554681777954,T,2.317355155944824,T,1.1555262804031372,L,1.2055789232254028,V,1.4865765571594238,T,2.990386486053467,T,2.333775043487549,T,2.445892333984375,V,1.4051759243011475,I,2.6470847129821777,V,1.7817174196243286,V,2.0442850589752197
232,-,2.327061116695404,-,,L,2.160405397415161,L,1.5251516103744507,L,4.136606693267822,-,,-,,-,,-,,M,1.4860807657241821,-,,-,,-,,-,
233,L,1.828911476665073,M,2.7489285469055176,-,,-,,-,,L,2.3737714290618896,M,1.1114791631698608,L,1.5236836671829224,L,1.7299797534942627,-,,M,1.5267473459243774,M,1.3245806694030762,M,2.0209734439849854,M,2.1000592708587646
234,E,2.431747005536006,E,2.3329527378082275,E,2.854423999786377,D,2.8000147342681885,E,1.6588329076766968,D,1.4925493001937866,E,1.9078952074050903,E,2.2619388103485107,E,2.3314433097839355,E,4.858781337738037,E,3.5142502784729004,E,1.3541042804718018,E,2.230088233947754,E,2.0154359340667725
235,E,1.757219598843501,E,1.2464388608932495,E,1.4409950971603394,E,1.3382568359375,L,2.097362518310547,E,1.770222783088684,D,2.778689384460449,L,2.282034397125244,F,1.6331076622009277,Q,1.2207781076431274,E,1.6507197618484497,E,2.552123785018921,E,1.0035473108291626,E,1.8295782804489136
236,A,1.8680547934312086,A,2.2852139472961426,A,1.9015055894851685,A,1.533981204032898,A,2.2588608264923096,A,2.104585886001587,A,2.0791678428649902,A,1.9911391735076904,A,2.0863070487976074,A,1.9942270517349243,A,1.7444548606872559,A,1.1839678287506104,A,1.432085394859314,A,1.6892156600952148
237,R,1.866456884604234,W,2.577763557434082,R,2.2477309703826904,K,1.1402068138122559,R,1.8797683715820312,K,1.1101291179656982,E,2.122119188308716,R,3.23154616355896,R,1.6403276920318604,R,1.5573583841323853,E,1.2284315824508667,W,1.5188366174697876,E,1.5635526180267334,E,2.4461684226989746
238,D,1.6887051371427684,Q,0.8113991618156433,I,1.055174469947815,A,2.058382272720337,Q,2.168286085128784,K,2.709784507751465,I,1.6102689504623413,Q,1.4483890533447266,Q,1.106387972831726,D,1.4876480102539062,S,1.3773257732391357,Q,1.9492381811141968,I,3.0898919105529785,I,1.0809904336929321
239,F,2.0267836864178,F,1.0592918395996094,F,1.4709504842758179,F,1.5959677696228027,I,1.3320457935333252,F,2.860201597213745,F,1.650102972984314,F,1.1836040019989014,F,4.3883466720581055,F,1.6372849941253662,F,1.9511964321136475,F,3.9699342250823975,F,1.7680028676986694,F,1.4812582731246948
240,S,2.131144431921152,T,2.4147727489471436,T,3.2348639965057373,T,4.320756912231445,S,1.238625407218933,S,2.066070318222046,S,1.7223244905471802,S,1.243316650390625,A,2.096555471420288,A,2.359405755996704,S,2.252692222595215,T,1.4412676095962524,S,1.6702696084976196,S,1.6439564228057861
241,T,2.060549543454097,S,3.6186366081237793,T,1.3606081008911133,Y,1.1713778972625732,T,2.1545560359954834,T,1.5946907997131348,S,2.2617313861846924,T,2.9274778366088867,T,1.5915443897247314,H,2.6780474185943604,E,1.657791256904602,S,3.3432202339172363,K,1.156922459602356,S,1.27053964138031
242,K,1.9393247778599079,K,0.9614860415458679,K,2.281777858734131,R,1.705983281135559,K,2.5227837562561035,T,1.3586454391479492,R,1.0616731643676758,K,0.9902838468551636,K,3.1255812644958496,R,2.034942150115967,K,3.56225848197937,K,1.400757074356079,I,1.6583342552185059,R,2.546715497970581
243,H,1.921133591578557,H,3.1452505588531494,C,2.5578558444976807,H,1.575068473815918,Y,0.8809919357299805,N,1.344380259513855,Y,1.396354079246521,L,3.2347357273101807,F,1.96419358253479,H,1.3012350797653198,Y,1.9477628469467163,H,1.2687538862228394,Y,2.540179491043091,Y,1.8179749250411987
244,L,2.132296947332529,L,1.898229718208313,L,1.7549625635147095,L,4.52632999420166,L,3.748717784881592,L,1.2492060661315918,L,1.5330778360366821,L,2.4353318214416504,L,1.3964099884033203,L,1.8851158618927002,L,1.4943010807037354,L,2.150805950164795,L,2.3717458248138428,L,1.2756258249282837
245,E,1.9572937671954815,K,1.5612542629241943,K,1.3708527088165283,R,1.5599327087402344,Q,1.5041558742523193,N,2.010148048400879,K,3.4996848106384277,Q,2.24948787689209,Q,1.8022972345352173,G,2.3397300243377686,K,1.223582148551941,K,2.6097278594970703,K,1.6644504070281982,K,2.0495150089263916
246,E,1.9905933416806734,E,1.375378131866455,K,1.4032021760940552,G,1.4875502586364746,K,2.222126007080078,N,2.2627296447753906,E,1.6016101837158203,K,1.5272046327590942,K,1.551169753074646,K,1.4570719003677368,E,2.4474105834960938,E,2.8904364109039307,E,3.2367539405822754,E,2.415069818496704
247,Y,1.768447908488187,M,2.116109848022461,Y,1.4458283185958862,-,,M,1.6545190811157227,-,,A,1.7129441499710083,K,1.8436501026153564,K,1.6757429838180542,G,1.7976573705673218,T,1.8060733079910278,V,1.2500218152999878,A,1.9681047201156616,A,2.1822752952575684
248,-,,-,,-,,-,,-,,-,,-,,-,,-,,-,,-,,-,,-,,-,
249,-,,-,,-,,-,,-,,-,,-,,-,,-,,-,,-,,-,,-,,-,
250,-,,-,,-,,-,,-,,-,,-,,-,,-,,-,,-,,-,,-,,-,
251,V,1.59024328738451,M,2.415769338607788,K,2.0532703399658203,-,,V,1.9365510940551758,-,,V,1.2321875095367432,-,,-,,-,,L,0.96832275390625,M,0.8470835089683533,L,1.5323501825332642,V,1.7364115715026855
252,K,1.7164348512887955,I,0.9189499616622925,L,1.4050191640853882,-,,D,2.2080209255218506,-,,Q,1.4904906749725342,-,,-,,-,,Q,1.652880072593689,I,1.441802978515625,Q,1.1927495002746582,Q,3.421565532684326
253,-,2.125307321548462,-,,M,2.125307321548462,-,,-,,-,,-,,-,,-,,-,,-,,-,,-,,-,
254,-,2.9015785853068032,-,,S,3.4548118114471436,-,,-,,-,,-,,-,,-,,-,,K,2.663682699203491,-,,N,2.5862412452697754,-,
255,-,2.2475772755486623,-,,S,1.821805477142334,L,3.056285858154297,-,,-,,-,,V,1.499505639076233,V,2.071420192718506,L,2.5511133670806885,I,2.364086389541626,-,,I,2.368824005126953,-,
256,-,1.7989971439043682,-,,S,1.311806082725525,K,2.1108992099761963,-,,-,,-,,D,1.2389367818832397,E,1.7374706268310547,E,1.1254287958145142,P,3.2694413661956787,-,,-,,-,
257,-,,-,,-,,-,,-,,-,,-,,-,,-,,-,,-,,-,,-,,-,
258,-,,-,,-,,-,,-,,-,,-,,-,,-,,-,,-,,-,,-,,-,
259,-,,-,,-,,-,,-,,-,,-,,-,,-,,-,,-,,-,,-,,-,
260,-,,-,,-,,-,,-,,-,,-,,-,,-,,-,,-,,-,,-,,-,
261,-,,-,,-,,-,,-,,-,,-,,-,,-,,-,,-,,-,,-,,-,
262,-,,-,,-,,-,,-,,-,,-,,-,,-,,-,,-,,-,,-,,-,
263,-,,-,,-,,-,,-,,-,,-,,-,,-,,-,,-,,-,,-,,-,
264,-,2.0564706921577454,-,,-,,-,,-,,-,,-,,E,2.8914291858673096,E,1.2215121984481812,-,,-,,-,,-,,-,
265,-,1.9381225903828938,-,,-,,-,,E,1.9549452066421509,V,1.454436182975769,-,,N,2.4049863815307617,-,,-,,-,,-,,-,,-,
266,-,,-,,-,,-,,-,,-,,-,,-,,-,,-,,-,,-,,-,,-,
267,Q,1.7542190949122112,-,,N,1.3168901205062866,-,,G,2.90096378326416,K,1.265645980834961,-,,G,0.8179447650909424,-,,Q,1.7308615446090698,-,,S,2.4930083751678467,-,,-,
268,N,1.887462888445173,-,,N,1.7810183763504028,G,1.3696742057800293,R,2.0005388259887695,E,1.7660589218139648,-,,D,1.420575499534607,K,3.9531896114349365,-,,-,,K,0.921184778213501,-,,-,
269,K,1.8499492526054382,-,,N,1.9295085668563843,N,1.1026875972747803,I,1.2385501861572266,S,1.7239935398101807,K,2.543647289276123,D,1.4327385425567627,M,1.6479631662368774,N,2.354433536529541,-,,N,2.674499273300171,-,,K,1.8514708280563354
270,E,2.1602434582180448,-,,N,2.2037079334259033,I,2.379868507385254,-,,I,2.440103054046631,I,2.1418848037719727,K,3.0287435054779053,I,1.9858839511871338,I,2.087725877761841,-,,M,1.541034460067749,-,,I,1.6332390308380127
271,-,1.795437216758728,-,,-,,-,,-,,-,,-,,-,,-,,-,,-,,E,1.795437216758728,-,,-,
272,K,2.06299871748144,-,,M,3.112429141998291,D,1.303591251373291,N,1.862595558166504,S,1.6233917474746704,P,1.5378245115280151,I,3.3768599033355713,E,1.9962849617004395,D,3.057589054107666,-,,E,1.170992374420166,A,2.528111457824707,P,1.1233159303665161
273,-,2.1841444877477794,D,0.984315037727356,T,1.4921033382415771,S,1.7538838386535645,D,1.558092713356018,S,1.577104926109314,D,3.6627774238586426,E,2.0398736000061035,E,3.0599610805511475,Q,1.3188037872314453,D,2.922938585281372,D,3.7916619777679443,V,1.7897067070007324,V,2.442655324935913
274,-,2.182591043985807,V,1.275635838508606,L,1.4271172285079956,N,1.9721825122833252,E,1.0228193998336792,N,4.412037372589111,C,2.000220537185669,D,2.1381564140319824,E,2.2799785137176514,N,1.6774486303329468,C,3.6388301849365234,V,1.6835225820541382,S,3.1497576236724854,S,1.695976734161377
275,-,,-,,-,,-,,-,,-,,-,,-,,-,,-,,-,,-,,-,,-,
276,-,,-,,-,,-,,-,,-,,-,,-,,-,,-,,-,,-,,-,,-,
277,N,1.786402404308319,F,2.8048362731933594,-,,-,,N,2.5130045413970947,T,1.52988862991333,S,1.6144744157791138,N,1.393078327178955,N,1.4781248569488525,-,,S,1.5448228120803833,F,1.574812650680542,S,1.6697670221328735,S,1.7412145137786865
278,L,2.237829226713914,V,1.2238820791244507,I,4.014564037322998,L,1.161423683166504,L,3.046921968460083,L,2.1316304206848145,L,1.1688892841339111,L,4.4663519859313965,L,1.0536892414093018,L,1.5608819723129272,L,2.5797269344329834,V,2.1402223110198975,L,2.9813170433044434,L,1.5622789859771729
279,A,2.369812552745526,A,4.760685920715332,S,3.0004470348358154,K,1.1266071796417236,S,2.3344948291778564,G,1.7326867580413818,S,2.4765267372131348,L,2.905097723007202,L,1.2402831315994263,A,2.2171390056610107,S,1.4242377281188965,A,2.501829147338867,S,2.2179203033447266,S,2.86960768699646
280,T,2.0656538284741917,E,2.342482328414917,L,3.188534736633301,G,2.267845630645752,S,1.3335274457931519,R,1.5823888778686523,Q,1.7999067306518555,L,1.4481266736984253,S,3.0344274044036865,I,2.054971694946289,R,1.3143731355667114,E,2.668153762817383,R,1.6664485931396484,Q,2.152312755584717
281,L,1.7139822382193346,Q,1.4260257482528687,L,1.7615976333618164,L,2.1711394786834717,W,1.5052034854888916,L,1.114701271057129,E,2.2480647563934326,W,1.1792179346084595,W,0.9905956387519836,E,1.7107820510864258,E,1.0353196859359741,Q,2.0322813987731934,E,1.708626389503479,E,3.3982136249542236
282,V,2.404656850374662,A,1.7120869159698486,V,1.7722864151000977,V,3.8091516494750977,I,3.1133434772491455,V,1.5386555194854736,I,1.6214678287506104,I,1.714737892150879,T,3.5792737007141113,V,4.907325267791748,I,1.0688931941986084,A,2.128289222717285,I,2.1026458740234375,I,2.1923820972442627
283,N,1.7520859699982863,K,1.6197901964187622,N,1.3029770851135254,E,1.1990206241607666,R,2.5673861503601074,K,1.2612707614898682,A,2.6707470417022705,R,1.6804780960083008,L,2.3570165634155273,K,2.1053714752197266,G,2.325324058532715,K,0.8968321084976196,E,1.1109263896942139,D,1.6799770593643188
284,H,1.9535594903505766,R,1.2549737691879272,H,1.722938060760498,H,1.577405333518982,H,1.653102993965149,H,1.7531135082244873,Y,1.7941585779190063,R,1.3135977983474731,H,2.3239150047302246,H,1.8899750709533691,D,5.8807806968688965,R,1.2218663692474365,Y,1.6381250619888306,Y,1.3723211288452148
285,S,2.0250604427777805,A,1.825751543045044,A,1.8140486478805542,A,1.6585865020751953,S,2.741429328918457,A,1.6041927337646484,A,3.2919249534606934,S,1.724571704864502,S,1.396069884300232,A,1.8715980052947998,V,1.5141500234603882,A,2.6298329830169678,V,1.5889084339141846,T,2.6647210121154785
286,L,1.836682154582097,L,1.737288236618042,L,1.6004832983016968,L,2.003521203994751,L,1.2860472202301025,L,1.44993257522583,L,2.156639575958252,L,1.8694723844528198,L,1.7678923606872559,L,1.451745629310608,L,3.0992963314056396,L,2.9295711517333984,L,1.4163119792938232,L,1.1086660623550415
287,E,1.7825665382238536,E,1.5051612854003906,E,0.8876457214355469,E,2.273780345916748,D,1.7978156805038452,N,2.5863847732543945,E,2.120173215866089,E,1.3555794954299927,E,1.621659755706787,E,1.6395140886306763,E,1.6491005420684814,E,2.300011157989502,E,1.9652354717254639,E,1.4713034629821777
288,F,1.9359944692024817,L,2.0105557441711426,M,1.3857977390289307,L,1.7073240280151367,L,1.275872826576233,L,2.2597811222076416,Y,1.5566809177398682,L,3.8958921432495117,L,1.1548573970794678,L,3.4157776832580566,H,1.7635778188705444,L,1.629185438156128,D,1.4414805173873901,Y,1.671144723892212
289,P,2.189101512615497,P,3.529533863067627,P,4.230847358703613,P,2.0758721828460693,P,1.4928377866744995,P,3.1546285152435303,G,2.3186004161834717,P,1.8559187650680542,P,2.779918909072876,P,1.5075652599334717,G,1.223325490951538,P,1.5749516487121582,G,1.4151523113250732,G,1.2991671562194824
290,L,2.177324991959792,L,3.7973086833953857,L,0.9119141101837158,L,2.334543228149414,L,4.115779876708984,L,1.4955322742462158,W,1.1431626081466675,L,1.8391706943511963,L,2.00406551361084,L,1.658003807067871,W,1.1826858520507812,L,1.3097206354141235,W,2.3296680450439453,W,4.183669567108154
291,H,1.5810334086418152,H,0.8537477254867554,Q,3.0392792224884033,H,1.7345633506774902,H,1.3259127140045166,H,1.3728278875350952,H,1.7607210874557495,H,2.6970455646514893,H,0.9209476113319397,H,1.5861260890960693,H,1.15153169631958,H,1.5415685176849365,Q,1.3775866031646729,H,1.1915762424468994
292,W,1.6768705478081336,W,1.3946278095245361,W,1.4595552682876587,W,1.8398308753967285,W,3.4106011390686035,W,1.4225404262542725,T,2.0334818363189697,W,1.4923808574676514,W,1.5332677364349365,W,1.537679672241211,T,1.3016889095306396,W,1.1043004989624023,T,1.4982426166534424,T,1.771119475364685
293,R,1.8396458992591271,K,2.585900068283081,R,1.5547350645065308,R,1.3843251466751099,R,1.7053416967391968,S,1.5188571214675903,N,1.1854733228683472,R,1.8356221914291382,R,1.488311767578125,R,1.0622831583023071,N,3.9375929832458496,K,2.223811149597168,N,1.5568822622299194,N,1.876260757446289
294,M,2.068106798025278,A,2.533191680908203,I,2.3652143478393555,V,2.0384082794189453,I,1.6714797019958496,A,1.8985352516174316,M,1.8300918340682983,V,1.8330352306365967,I,3.279597759246826,M,1.67227303981781,L,2.6123266220092773,V,2.4543874263763428,M,1.433797836303711,M,1.2630493640899658
295,P,2.259358470256512,P,2.476571798324585,T,1.3835632801055908,L,3.7140915393829346,Q,3.0105080604553223,A,5.100146770477295,P,1.1930495500564575,Q,1.6039427518844604,Q,2.6507225036621094,P,1.081604242324829,P,2.014164447784424,P,2.2925636768341064,P,1.3246994018554688,P,1.5260320901870728
296,R,1.7367374897003174,M,1.4382963180541992,R,2.367280960083008,R,1.4858534336090088,R,1.5309410095214844,R,1.9376490116119385,R,1.6025339365005493,R,1.670501947402954,R,2.363072633743286,R,1.6697850227355957,R,2.3858754634857178,M,1.4359726905822754,R,1.2969733476638794,R,1.3928515911102295
297,L,2.10090395120474,L,1.4805899858474731,S,1.3363473415374756,L,2.548708915710449,L,1.9016567468643188,Y,1.6279183626174927,L,2.5206990242004395,L,1.5729411840438843,L,2.1914830207824707,L,2.1641390323638916,L,2.777374744415283,L,1.635334849357605,L,4.236490249633789,L,1.3180679082870483
298,E,1.7741466393837562,E,1.4965262413024902,E,1.320543646812439,E,2.4024789333343506,E,1.4446511268615723,E,2.517197847366333,E,1.2948203086853027,E,1.2331136465072632,E,1.9485782384872437,E,2.695521116256714,E,1.2684245109558105,E,2.1633877754211426,E,2.0321497917175293,E,1.2465131282806396
299,A,1.838231242620028,A,1.9370481967926025,A,1.196715235710144,A,1.737929105758667,A,2.501363515853882,A,1.631411075592041,A,1.4358603954315186,A,1.4547876119613647,A,1.6690120697021484,A,2.839695453643799,A,1.5846192836761475,A,2.3762662410736084,T,2.18534255027771,T,1.346955418586731
300,-,1.9560884918485368,-,,K,2.794980049133301,R,1.1989649534225464,R,1.7553378343582153,R,1.9534215927124023,-,,R,1.5467642545700073,K,2.786064863204956,R,1.65708589553833,-,,-,,-,,-,
301,R,2.2318473935127257,R,1.5509843826293945,W,1.5008889436721802,W,1.564008355140686,W,1.5263911485671997,-,,R,1.6043193340301514,-,,-,,W,3.599477767944336,R,1.4776921272277832,R,2.563039779663086,R,2.899827480316162,R,4.031844615936279
302,W,1.8741570214430492,W,1.0646673440933228,F,3.069624662399292,Y,1.576709270477295,-,,W,1.3773280382156372,N,1.475508213043213,G,1.1630771160125732,W,2.924159288406372,F,1.184287428855896,N,1.4241864681243896,W,1.6261029243469238,N,3.155877113342285,N,2.4483563899993896
303,F,1.6376193463802338,F,1.8861665725708008,I,2.7127861976623535,-,,F,1.3040364980697632,F,1.1067758798599243,Y,1.486789584159851,F,1.7150636911392212,F,1.1585195064544678,I,1.2695643901824951,Y,1.9355651140213013,F,1.5816287994384766,Y,1.2166264057159424,Y,2.277909517288208
304,I,1.7122333645820618,I,2.295518398284912,E,1.3611071109771729,I,1.4705089330673218,L,1.0494866371154785,I,1.7698402404785156,M,1.4335432052612305,L,1.673369288444519,L,1.5469549894332886,-,,I,1.2972066402435303,I,1.5014663934707642,I,1.780529260635376,L,3.367269277572632
305,N,1.9800839149034941,H,1.3784804344177246,E,1.116999864578247,D,1.6038738489151,D,1.392101526260376,D,1.72756028175354,D,3.943324565887451,D,2.219062328338623,D,2.1182820796966553,D,1.485036015510559,D,1.5813329219818115,H,1.8044514656066895,D,1.4670969247817993,D,3.9034886360168457
306,I,1.9097162668521588,V,1.5198311805725098,I,3.5896613597869873,T,1.441354751586914,A,2.5764293670654297,E,1.097674012184143,V,2.3716800212860107,A,3.557631015777588,A,1.0670214891433716,V,1.9497854709625244,V,1.6388298273086548,I,1.3325726985931396,V,1.2630867958068848,V,1.4207534790039062
307,Y,2.176789026993972,Y,1.828913688659668,Y,2.744072437286377,Y,3.6061291694641113,Y,1.6380735635757446,Y,4.1024956703186035,F,2.2651755809783936,Y,1.3880953788757324,Y,1.6679925918579102,Y,2.834890365600586,F,1.5967175960540771,Y,1.097876787185669,L,1.941380500793457,F,1.5864440202713013
308,R,1.9105434894561768,E,2.5958032608032227,-,,-,,-,,-,,G,2.7243449687957764,-,,-,,-,,G,1.8772751092910767,E,0.7172554731369019,-,,G,1.6380386352539062
309,-,1.8477555513381958,-,,-,,-,,-,,-,,H,2.7001287937164307,-,,-,,-,,Q,1.724062442779541,-,,-,,H,1.1190754175186157
310,-,1.751571536064148,-,,-,,-,,-,,-,,-,,-,,-,,-,,D,1.751571536064148,-,,-,,-,
311,-,1.2122511863708496,-,,-,,-,,-,,-,,-,,-,,-,,-,,T,1.2122511863708496,-,,-,,-,
312,-,,-,,-,,-,,-,,-,,-,,-,,-,,-,,-,,-,,-,,-,
313,-,,-,,-,,-,,-,,-,,-,,-,,-,,-,,-,,-,,-,,-,
314,-,1.5287488102912903,-,,-,,-,,-,,-,,P,1.4303821325302124,-,,-,,-,,-,,-,,-,,P,1.6271154880523682
315,-,1.325005332628886,-,,-,,-,,-,,-,,S,1.6710983514785767,-,,-,,-,,-,,-,,G,1.1276639699935913,T,1.1762536764144897
316,-,1.5417873462041218,-,,-,,-,,-,,-,,S,1.4052848815917969,-,,-,,-,,-,,-,,E,1.6564302444458008,S,1.563646912574768
317,-,2.8188782930374146,-,,-,,-,,-,,-,,P,2.173699140548706,-,,-,,-,,-,,-,,-,,P,3.464057445526123
318,-,1.6896347999572754,-,,-,,-,,-,,-,,W,1.94888174533844,-,,-,,-,,-,,-,,-,,W,1.4303878545761108
319,-,1.355122447013855,-,,-,,-,,-,,-,,L,1.190110683441162,-,,-,,-,,-,,-,,-,,L,1.5201342105865479
320,-,1.4850250482559204,-,,-,,-,,-,,-,,K,1.3302987813949585,-,,-,,-,,-,,-,,N,1.4558205604553223,K,1.6689558029174805
321,-,2.2422678073247275,-,,-,,-,,-,,-,,K,3.190993070602417,-,,-,,-,,-,,-,,D,1.9367173910140991,K,1.599092960357666
322,-,1.9232088327407837,-,,-,,-,,-,,-,,N,1.7483092546463013,-,,-,,-,,K,2.776855707168579,-,,R,1.8601030111312866,K,1.3075673580169678
323,-,2.2793246865272523,-,,E,1.2690582275390625,E,1.9391840696334839,A,1.660164713859558,-,,K,1.6349645853042603,V,3.7144734859466553,A,2.070078134536743,E,1.8503563404083252,N,3.410630226135254,-,,D,3.080327033996582,R,2.1640100479125977
324,-,,-,,-,,-,,-,,-,,-,,-,,-,,-,,-,,-,,-,,-,
325,-,,-,,-,,-,,-,,-,,-,,-,,-,,-,,-,,-,,-,,-,
326,-,,-,,-,,-,,-,,-,,-,,-,,-,,-,,-,,-,,-,,-,
327,-,1.911806093321906,-,,R,2.2122068405151367,R,3.3647613525390625,A,1.8719773292541504,E,1.9547843933105469,-,,R,1.4784348011016846,S,1.4454575777053833,K,2.087425708770752,M,1.4620673656463623,-,,E,1.3291394710540771,-,
328,H,2.0794175692967007,K,2.869131565093994,-,,-,,-,,K,2.1511151790618896,T,1.419555425643921,-,,-,,-,,E,1.5322331190109253,R,1.8814514875411987,T,1.276930809020996,T,3.4255053997039795
329,N,1.9453607981021588,R,1.8532960414886475,K,1.8817996978759766,M,1.1826847791671753,R,2.9521520137786865,E,2.088163375854492,Q,1.8210334777832031,R,1.9932323694229126,R,2.7900631427764893,R,1.7231277227401733,P,1.6651055812835693,R,1.6170942783355713,L,2.5753836631774902,Q,1.1465542316436768
330,Q,1.9626081264936006,E,1.6047587394714355,Q,1.1395113468170166,E,1.365501880645752,E,1.6679415702819824,E,1.8112083673477173,Y,1.5897395610809326,P,1.4360188245773315,P,1.7091044187545776,Q,1.306853175163269,N,1.8147023916244507,E,2.231083393096924,Y,3.857651710510254,Y,3.979830265045166
331,D,2.0857764849295983,D,1.165634274482727,D,1.410768985748291,D,2.924818992614746,D,3.294539213180542,N,1.2694567441940308,M,2.2891907691955566,D,2.3514621257781982,D,1.7126920223236084,D,1.8381917476654053,R,1.607000708580017,D,3.8684582710266113,M,1.9818462133407593,L,1.4010342359542847
332,V,2.230821939615103,K,2.4060487747192383,M,2.8143692016601562,M,2.827298879623413,K,1.553406834602356,V,1.8461562395095825,D,3.5608348846435547,M,1.446977138519287,M,3.4206576347351074,M,1.9658262729644775,K,1.7639344930648804,K,1.8540339469909668,N,1.895370364189148,D,1.64577054977417
333,N,1.9353812291071966,N,1.1768486499786377,N,1.3748866319656372,N,2.5546388626098633,N,1.38033127784729,N,2.159372091293335,G,1.1609256267547607,N,3.3226780891418457,N,1.4072625637054443,N,2.6403234004974365,T,1.4144885540008545,N,2.510847806930542,M,2.180924415588379,S,1.8764280080795288
334,P,1.8770830218608563,H,0.8900402188301086,P,1.2244489192962646,P,2.007988452911377,P,1.8741651773452759,P,1.9925750494003296,E,3.954679012298584,P,1.6486462354660034,P,1.7932085990905762,P,1.0589224100112915,E,2.434231996536255,H,1.7835286855697632,E,1.7544307708740234,E,1.9852137565612793
335,I,1.9511956434983473,L,1.9317011833190918,T,1.4368966817855835,L,2.125089645385742,L,2.2274858951568604,N,2.1229028701782227,K,1.342827558517456,I,1.5087825059890747,I,1.977152943611145,I,4.185094833374023,K,1.9216197729110718,L,1.463355541229248,K,1.703289270401001,K,1.4193446636199951
336,L,1.6053609114426832,L,2.3549349308013916,L,1.417349934577942,L,1.7119460105895996,I,1.4641368389129639,L,1.8701529502868652,L,1.435798168182373,V,1.408668875694275,I,1.689199686050415,L,1.8460530042648315,L,1.125918984413147,L,1.9114110469818115,L,1.4505211114883423,L,1.1836003065109253
337,L,2.141734930185171,L,2.026308298110962,L,1.4231724739074707,L,1.325728416442871,F,3.9673519134521484,L,3.985419511795044,L,1.8473061323165894,F,1.7701226472854614,F,1.8229409456253052,L,1.5537883043289185,L,1.9698326587677002,L,1.4327541589736938,L,1.8221997022628784,L,2.8956289291381836
338,E,1.8848364628278291,E,1.9351098537445068,E,3.9418632984161377,E,1.6149542331695557,E,1.5703339576721191,K,2.5403671264648438,E,1.6740365028381348,E,1.6522796154022217,E,1.8070255517959595,E,1.2997114658355713,E,1.6171319484710693,E,2.192821502685547,E,1.42984139919281,E,1.2273975610733032
339,F,2.2236078060590305,L,4.054172039031982,F,1.9864211082458496,L,1.9555110931396484,L,1.524670124053955,Y,2.118593454360962,L,2.1921427249908447,L,1.7277374267578125,L,1.1647652387619019,F,4.591846942901611,L,1.6446115970611572,L,1.4336953163146973,I,1.9148812294006348,L,2.597853183746338
340,A,1.44890688932859,A,1.3538124561309814,A,1.4763988256454468,A,1.4320247173309326,A,1.2989734411239624,A,1.1176257133483887,A,1.2824054956436157,A,1.4863183498382568,A,1.257750391960144,A,1.3767011165618896,A,1.7548868656158447,A,1.3039108514785767,A,1.6407055854797363,A,2.0542757511138916
341,E,2.1833854134266195,K,2.2371599674224854,K,5.638009548187256,K,2.3958983421325684,K,1.554587960243225,K,0.8218451142311096,K,1.6787790060043335,K,3.99491286277771,K,1.6245005130767822,K,1.7873711585998535,K,2.176593780517578,K,1.2130725383758545,K,1.6543759107589722,K,1.6069036722183228
342,L,1.9578849535721998,L,1.6526055335998535,L,1.5443850755691528,L,2.205246686935425,L,1.605945348739624,F,1.4571436643600464,L,1.3333686590194702,L,2.228215217590332,L,1.1563105583190918,L,1.2443175315856934,L,2.889214277267456,M,5.259027481079102,L,1.2542632818222046,L,1.6224610805511475
343,D,1.7351001867881188,E,1.0768582820892334,D,1.7350027561187744,D,1.3424150943756104,D,1.1540131568908691,D,1.5347557067871094,E,2.3985390663146973,D,2.350651502609253,E,2.056788682937622,D,1.5957939624786377,E,1.382858157157898,E,1.785626769065857,E,2.277012586593628,E,1.865986704826355
344,F,1.9023402837606578,F,2.4522385597229004,F,1.559010624885559,F,1.0237609148025513,F,2.8196840286254883,F,1.5198194980621338,F,1.7477048635482788,F,1.0413227081298828,F,1.6982102394104004,F,1.805600643157959,F,3.314556121826172,F,1.5442290306091309,F,1.811463713645935,F,2.392822742462158
345,N,2.0451695368840146,N,1.3234268426895142,N,2.1436517238616943,N,5.145571708679199,N,1.388641357421875,N,1.2859704494476318,N,1.5089503526687622,N,1.7163081169128418,N,2.185965061187744,N,1.5863018035888672,N,3.6699492931365967,N,1.6964807510375977,N,1.7071723937988281,N,1.2288141250610352
346,I,2.2465201891385593,T,1.6002130508422852,M,1.7004485130310059,I,1.6759226322174072,I,1.9178365468978882,I,3.879410982131958,I,1.3604754209518433,I,2.0369184017181396,I,2.5311496257781982,M,1.7615998983383179,I,2.6423399448394775,T,1.8547191619873047,I,1.3145333528518677,I,4.929194927215576
347,V,2.578204265007606,L,1.289354920387268,L,1.043039321899414,V,1.8517740964889526,I,2.8295693397521973,V,3.214308023452759,F,5.374530792236328,T,2.447319507598877,A,1.4922817945480347,V,2.256495952606201,F,3.182086944580078,L,1.4638530015945435,F,5.06082010269165,F,2.0112216472625732
348,Q,2.4452189665574293,Q,1.9015957117080688,Q,2.0553505420684814,Q,1.3465906381607056,Q,4.537889003753662,Q,3.1621901988983154,H,1.9208292961120605,Q,1.2697620391845703,Q,3.7618966102600098,Q,1.5045859813690186,Q,2.6298351287841797,Q,3.183000326156616,H,2.2262535095214844,H,2.288067579269409
349,A,2.0442705062719493,A,1.5740479230880737,S,2.4602437019348145,N,1.54086172580719,A,1.2665010690689087,S,1.4211921691894531,S,1.263791561126709,A,2.9804394245147705,A,2.1478512287139893,A,3.127048969268799,S,1.6613895893096924,A,2.3650712966918945,S,1.4516499042510986,S,3.3154280185699463
350,A,1.9583908502872174,I,3.807455062866211,T,1.1878117322921753,V,1.8888622522354126,T,1.3060905933380127,I,2.5466604232788086,L,1.9055308103561401,T,1.8251254558563232,L,1.584912896156311,T,1.763884425163269,I,1.6692225933074951,I,1.8770966529846191,L,2.0747718811035156,L,2.0216562747955322
351,H,2.1413325804930468,Y,1.909754753112793,Y,1.1894850730895996,Y,3.2001500129699707,Q,3.8621914386749268,H,1.240639328956604,Q,2.12934947013855,Q,1.6106555461883545,Q,1.566108226776123,H,1.851084589958191,Q,1.3864809274673462,Y,3.605304718017578,Q,2.6726059913635254,Q,1.613513469696045
352,Q,1.9080245678241436,Q,2.378476619720459,Q,2.342399835586548,Q,1.5595722198486328,Q,1.2145178318023682,Q,1.3128451108932495,Q,2.201653003692627,Q,2.9204227924346924,Q,2.728846788406372,Q,1.1822129487991333,K,1.1159659624099731,Q,1.6274183988571167,Q,2.037106990814209,Q,2.1828808784484863
353,A,2.1121450387514553,E,1.0913463830947876,E,2.209239959716797,G,2.4557628631591797,E,2.5048933029174805,R,2.1360349655151367,E,3.842045783996582,E,1.2930011749267578,E,1.5304843187332153,E,0.9498831033706665,T,3.0430595874786377,E,1.0373796224594116,R,3.91636061668396,K,1.4483938217163086
354,D,1.6109390533887422,E,1.3445231914520264,E,1.852177619934082,Q,1.7088230848312378,E,1.231764316558838,E,1.254209280014038,E,1.703970193862915,E,1.8691116571426392,E,2.315258026123047,D,1.567678451538086,E,1.7211158275604248,E,1.4429181814193726,E,1.729199767112732,E,1.2014580965042114
355,L,1.9756391782027025,L,2.0407252311706543,L,2.41184401512146,V,1.9107248783111572,L,1.3733054399490356,L,1.8752174377441406,L,1.5107848644256592,L,1.6936590671539307,L,1.6382544040679932,L,3.511636257171631,L,2.709953784942627,L,1.5270925760269165,L,1.4862663745880127,L,1.993844985961914
356,K,2.1096756274883566,K,5.327395439147949,K,1.5503665208816528,R,1.4122989177703857,K,2.5578103065490723,G,1.9446138143539429,Q,2.1816606521606445,K,2.5151233673095703,K,1.4970101118087769,R,1.789291262626648,E,1.4071059226989746,K,1.4589447975158691,K,2.3227639198303223,Q,1.4613981246948242
357,Q,2.0263038598574123,D,1.3348692655563354,V,1.289815902709961,K,2.078131914138794,E,2.785008668899536,N,3.7374823093414307,Y,1.6813303232192993,D,1.6803441047668457,D,1.5941321849822998,H,2.19551420211792,S,2.467588424682617,E,2.1384143829345703,D,1.6330701112747192,Y,1.7262483835220337
358,V,1.795636012003972,I,1.5342549085617065,L,2.338381767272949,M,1.1940828561782837,V,1.6921889781951904,L,1.7591012716293335,I,1.3936192989349365,L,1.7734405994415283,L,1.7561901807785034,M,3.9555342197418213,L,1.9326820373535156,I,1.460715413093567,L,1.3362126350402832,L,1.216863989830017
359,S,2.021670203942519,S,1.8782225847244263,S,2.3870983123779297,S,1.0499677658081055,S,1.5013238191604614,A,1.4887539148330688,S,2.6358642578125,S,3.1509439945220947,S,2.119194984436035,S,1.989562749862671,L,1.842403769493103,S,1.756677269935608,S,2.7752506732940674,S,1.7064485549926758
360,T,1.8667403642947857,G,3.5320756435394287,R,1.429943323135376,G,1.5037426948547363,R,2.041425943374634,R,1.3519625663757324,R,1.5495373010635376,R,1.7276403903961182,R,2.719942808151245,S,2.784144639968872,R,1.2744420766830444,G,1.5353463888168335,R,1.3883275985717773,R,1.429093360900879
361,W,2.0418243316503673,W,1.7563713788986206,W,1.232109785079956,W,3.6264283657073975,W,1.143730640411377,W,2.393458843231201,W,2.0656254291534424,W,1.8645720481872559,W,1.8231093883514404,W,1.3798987865447998,W,2.1505894660949707,W,3.4538426399230957,W,2.010986328125,W,1.6429932117462158
362,W,1.832252603310805,W,1.3083781003952026,W,1.7143902778625488,W,1.6609395742416382,W,2.5299859046936035,W,2.331984281539917,W,1.3124107122421265,W,1.082429051399231,W,1.5689780712127686,W,2.700395345687866,W,3.155609607696533,W,1.9245002269744873,W,1.3970932960510254,W,1.132189393043518
363,K,1.6059993413778453,K,1.407379150390625,K,1.2968275547027588,K,1.713963270187378,N,2.0335309505462646,V,2.1125309467315674,K,1.7044641971588135,N,0.8409162759780884,N,1.6337178945541382,S,1.193611979484558,N,2.254560708999634,K,1.6179221868515015,K,1.4156616926193237,I,1.6529046297073364
364,S,2.063991931768564,D,0.936821699142456,D,2.301198959350586,D,3.974374771118164,D,1.628146767616272,E,1.0701711177825928,D,1.5042592287063599,S,1.1181716918945312,D,2.51301646232605,S,1.3690545558929443,D,1.1482843160629272,D,5.129843711853027,D,1.2151135206222534,H,2.923438310623169
365,-,2.0209902226924896,-,,S,2.904848337173462,L,1.773712396621704,S,0.9493646025657654,-,,-,,T,1.787852168083191,T,2.9577791690826416,T,1.7523846626281738,-,,-,,-,,-,
366,T,2.151514101028442,T,1.1721879243850708,K,1.4087140560150146,G,2.422877311706543,-,,T,4.442187309265137,S,1.7985256910324097,-,,-,,R,1.3762121200561523,S,1.5912022590637207,T,3.0039923191070557,S,1.6936771869659424,S,2.605564832687378
367,G,1.8806595669852362,G,2.2559261322021484,L,3.560755729675293,-,,C,1.5047898292541504,G,1.4173182249069214,-,,G,0.7104064226150513,G,2.2505056858062744,L,1.6195474863052368,G,2.7141366004943848,G,0.892549991607666,-,,-,
368,-,,-,,-,,-,,-,,-,,-,,-,,-,,-,,-,,-,,-,,-,
369,L,1.7998204588890077,L,1.574710726737976,-,,L,1.3975707292556763,L,3.511821985244751,L,1.8074299097061157,G,1.1722389459609985,L,1.28038489818573,I,1.1690495014190674,-,,-,,L,1.513023853302002,G,1.1197774410247803,G,3.4521965980529785
370,V,2.154872307410607,G,2.843238115310669,G,1.6520037651062012,G,2.948390007019043,A,1.3207451105117798,D,1.7496111392974854,L,1.7213828563690186,A,4.032581806182861,A,2.607126474380493,G,1.5886690616607666,S,2.2078654766082764,G,1.6790302991867065,F,1.811011791229248,L,1.8516840934753418
371,E,2.2388389905293784,E,1.5150930881500244,E,1.1628724336624146,Q,1.3146448135375977,E,2.1369435787200928,-,,P,3.088827133178711,E,2.7684929370880127,E,1.5613183975219727,E,4.090762615203857,P,2.647725820541382,E,2.070856809616089,S,2.75760817527771,P,1.7509220838546753
372,N,2.206664122067965,K,2.131031036376953,K,2.6126489639282227,K,2.1113734245300293,K,3.4355640411376953,K,1.649276614189148,K,3.325129270553589,K,1.916886806488037,K,2.533519744873047,K,2.177793264389038,Q,1.747267723083496,K,1.2941105365753174,H,2.638740301132202,E,1.11329185962677
373,L,1.8497443015758808,L,1.8730744123458862,L,1.8154445886611938,L,1.9979548454284668,L,1.8126550912857056,L,2.1824758052825928,L,1.8549913167953491,L,1.1554046869277954,L,1.484938621520996,L,2.3296329975128174,I,2.0125832557678223,L,1.2831730842590332,L,2.967927932739258,L,1.2764192819595337
374,S,1.7684917725049532,S,1.4014166593551636,P,1.627957820892334,G,1.2228652238845825,P,2.6780381202697754,S,2.3620336055755615,A,1.7886618375778198,P,2.267800807952881,P,1.5507079362869263,N,1.4364246129989624,T,0.9729601144790649,S,2.6077182292938232,T,1.6257404088974,T,1.4480676651000977
375,F,1.983503873531635,F,3.4849934577941895,F,2.8742141723632812,F,2.0056064128875732,F,1.688718318939209,F,2.0056145191192627,F,2.2056660652160645,F,0.959888219833374,F,2.029806613922119,F,1.1479331254959106,F,1.3279242515563965,F,2.5451431274414062,F,1.8966357707977295,F,1.6134063005447388
376,A,1.9093326513583844,A,2.901104211807251,V,1.6649363040924072,A,1.5012824535369873,V,2.6885924339294434,V,1.8204015493392944,S,1.2066391706466675,A,1.4160958528518677,A,3.0706982612609863,A,2.5249669551849365,T,1.7785499095916748,A,1.2953522205352783,S,1.1263056993484497,G,1.8263994455337524
377,R,1.988162297468919,R,1.9236655235290527,R,1.1725866794586182,R,3.859490156173706,R,1.1651631593704224,R,1.4142643213272095,R,1.3245409727096558,R,2.9356918334960938,R,1.7041902542114258,R,2.372663736343384,R,1.7097522020339966,R,1.9739984273910522,R,1.3688634634017944,R,2.921239137649536
378,D,1.5875389667657704,N,1.4821768999099731,D,1.251152515411377,D,2.2317240238189697,D,1.644333839416504,N,2.556735038757324,H,1.577717900276184,D,1.399572491645813,D,1.7032601833343506,D,1.0767176151275635,H,1.1804139614105225,N,1.3203667402267456,H,1.6900627613067627,H,1.5237725973129272
379,R,2.248371128852551,R,0.9752854704856873,R,3.600109815597534,R,1.779745101928711,R,3.7456347942352295,T,2.2706351280212402,R,1.7112561464309692,R,1.9568510055541992,R,1.8884576559066772,R,1.4322654008865356,R,2.4181289672851562,R,3.233996629714966,R,2.7991294860839844,R,1.4173290729522705
380,P,1.9021199208039503,L,2.3442752361297607,L,1.5559377670288086,L,1.497668743133545,I,1.3762311935424805,L,1.8465163707733154,H,1.7905234098434448,V,2.507645845413208,I,2.600541114807129,L,1.6546311378479004,H,1.9853389263153076,L,1.558117151260376,H,1.4260718822479248,H,2.5840601921081543
381,V,2.242473501425523,V,1.9825574159622192,V,2.12884259223938,M,1.1494942903518677,V,2.869100570678711,M,2.3404295444488525,V,2.472882032394409,V,3.874505043029785,V,2.572911262512207,M,1.8431257009506226,V,1.6295326948165894,V,1.7700241804122925,V,2.7302277088165283,V,1.788522481918335
382,E,2.2209239097741933,A,1.1133460998535156,E,2.6859514713287354,E,2.2677605152130127,K,2.5620481967926025,Q,1.131101131439209,E,1.6111879348754883,E,2.0649805068969727,E,1.9186781644821167,E,5.2935614585876465,E,2.6452383995056152,A,1.3661061525344849,E,1.8222404718399048,E,2.38981032371521
383,N,1.9211217715190008,S,2.7197792530059814,C,1.3031455278396606,G,2.3251307010650635,C,1.3827834129333496,N,1.2442649602890015,Y,1.6489003896713257,S,2.4746994972229004,S,1.4226902723312378,N,1.3156810998916626,Y,1.894352912902832,S,3.808572769165039,F,2.027761936187744,Y,1.406820297241211
384,F,1.831429293522468,F,3.3137423992156982,F,1.065529704093933,F,1.0578532218933105,C,1.8737181425094604,F,1.1300294399261475,Y,3.2500417232513428,Y,1.844285011291504,H,0.9086248278617859,F,1.6555746793746948,Y,1.821908950805664,F,1.4843217134475708,Y,2.305272340774536,Y,2.0976786613464355
385,F,1.7935038254811213,L,1.5416828393936157,L,1.1008238792419434,L,2.767620086669922,F,1.9667606353759766,M,2.7100863456726074,T,1.5368558168411255,F,1.0753697156906128,Y,1.1131603717803955,L,2.967522382736206,T,1.4835857152938843,L,1.8955469131469727,A,1.8889821767807007,T,1.2675528526306152
386,W,2.2657302984824548,W,1.747206687927246,W,2.8078815937042236,W,1.5104657411575317,W,1.5423141717910767,W,1.7409993410110474,L,1.9638859033584595,W,2.6015541553497314,W,2.690471887588501,W,1.7482390403747559,L,1.8219925165176392,W,3.852370500564575,L,2.2756590843200684,L,3.1514532566070557
387,T,2.0011724600425134,S,1.8573925495147705,Q,3.326061725616455,T,1.8237687349319458,A,1.123497724533081,G,4.98516321182251,G,1.341346025466919,A,2.10251784324646,A,1.1492249965667725,T,1.1922101974487305,A,1.3212724924087524,S,1.7683357000350952,A,1.979196310043335,S,2.0452544689178467
388,V,2.152402334743076,M,2.3550736904144287,V,1.9384872913360596,I,3.7743029594421387,V,2.2968854904174805,C,1.8010144233703613,-,,M,1.1320475339889526,I,2.491644859313965,V,1.5141220092773438,-,,M,2.068042755126953,-,,-,
389,G,2.186155575972337,G,1.6518666744232178,G,4.173017501831055,G,1.3434776067733765,G,2.505655288696289,A,1.8633428812026978,S,1.9254124164581299,G,1.2513138055801392,G,2.554309606552124,G,2.2905309200286865,S,4.183394432067871,G,1.4345026016235352,S,1.8580762147903442,S,1.385122537612915
390,-,1.8207980611107566,-,,V,1.9746556282043457,V,2.0771758556365967,L,1.0255249738693237,M,3.5542917251586914,C,1.52238130569458,T,1.6607615947723389,T,1.8368221521377563,V,1.7622557878494263,C,1.8973294496536255,-,,C,1.2296391725540161,C,1.487941026687622
391,L,2.025858481725057,I,1.6361149549484253,-,,-,,-,,-,,I,3.716874122619629,-,,-,,-,,I,1.592738389968872,I,1.3807199001312256,I,2.1260926723480225,I,1.7026108503341675
392,I,1.8517008469654963,A,1.7838037014007568,R,1.0676511526107788,K,2.5089030265808105,F,2.7283568382263184,V,1.4016660451889038,A,1.688766598701477,F,1.8408795595169067,L,2.452582597732544,I,1.925799012184143,A,1.6182371377944946,A,1.4417685270309448,E,2.028998613357544,A,1.58469820022583
393,-,,-,,-,,-,,-,,-,,-,,-,,-,,-,,-,,-,,-,,-,
394,F,2.0575141264842105,F,3.0801844596862793,F,1.3690598011016846,F,1.5097780227661133,E,1.8608530759811401,F,1.5684068202972412,T,2.850776195526123,E,3.9035160541534424,E,1.5584399700164795,F,2.634328842163086,F,1.2712368965148926,F,2.107203722000122,T,1.021409511566162,T,2.0124902725219727
395,Q,1.8334875198510976,E,1.3499035835266113,E,2.271735429763794,E,1.08848237991333,L,2.0069632530212402,E,1.2465232610702515,D,1.7852108478546143,P,1.310071349143982,P,2.779538154602051,E,2.0186595916748047,E,2.4960861206054688,E,1.9782679080963135,D,1.547530174255371,E,1.956365704536438
396,P,1.8838922610649695,P,1.841252326965332,P,1.223178505897522,P,1.607820749282837,L,3.16459321975708,P,1.5910714864730835,P,1.0993798971176147,H,2.230181932449341,Y,1.192583441734314,P,1.3486993312835693,P,2.0073957443237305,P,2.323420524597168,R,2.004019021987915,P,2.8570032119750977
397,Q,1.6823964210656972,Q,2.5214860439300537,Q,1.7907906770706177,Q,1.6917089223861694,E,1.3396618366241455,Q,1.5575060844421387,K,1.7678663730621338,Q,1.5925651788711548,Q,1.381058692932129,Q,1.5385090112686157,Q,2.030214786529541,Q,0.9276015758514404,K,1.8005292415618896,K,1.9316550493240356
398,F,2.1755881951405454,F,1.8912609815597534,F,1.6210561990737915,F,1.6242618560791016,F,2.145695686340332,Y,1.656374216079712,H,1.899625539779663,Y,1.45634126663208,Y,3.8449628353118896,Y,3.373816728591919,H,2.7965986728668213,F,1.6863833665847778,H,2.199188232421875,H,2.087080955505371
399,G,2.0705930177982035,A,2.0186619758605957,S,1.624607801437378,A,1.994882345199585,G,1.4538874626159668,G,1.55405592918396,R,1.8329968452453613,G,1.496978521347046,R,1.513120412826538,G,3.0451009273529053,S,1.5673590898513794,A,4.094230651855469,S,2.6185848712921143,S,2.1032423973083496
400,Y,2.1526968479156494,Y,1.3247472047805786,Y,2.975097417831421,Q,2.7502939701080322,Y,1.5617598295211792,K,3.036602258682251,A,2.4758493900299072,Y,1.3127812147140503,Y,2.249901533126831,Y,1.850257396697998,G,2.026190996170044,Y,1.8494267463684082,G,3.2023024559020996,A,1.369848608970642
401,C,2.078081103471609,C,1.4431401491165161,F,1.6681228876113892,C,5.431574821472168,Q,1.4301891326904297,V,1.864160418510437,F,1.3586931228637695,Q,2.265390396118164,Q,2.729389190673828,C,1.5131638050079346,F,1.5969645977020264,C,1.8285832405090332,F,2.4921069145202637,F,1.393575668334961
402,R,1.9481734862694373,R,1.9348469972610474,R,3.152766704559326,R,1.2888789176940918,R,1.1591888666152954,R,1.3925608396530151,R,2.1122443675994873,R,1.825868010520935,R,1.6614009141921997,R,1.8215694427490234,R,1.426880121231079,R,2.1018614768981934,R,1.9922820329666138,R,3.455906629562378
403,R,1.9472726308382475,R,3.2765817642211914,I,2.5559980869293213,E,1.4364902973175049,K,2.399153470993042,D,1.3030486106872559,L,1.7471176385879517,E,1.1759546995162964,S,1.4985984563827515,R,2.074559450149536,L,1.5733087062835693,R,2.5507898330688477,L,1.7897312641143799,L,1.9332119226455688
404,M,2.1964745980042677,V,1.2465779781341553,M,2.8501267433166504,V,2.805441379547119,I,1.5100919008255005,A,2.645848035812378,G,1.74599289894104,L,2.4383506774902344,L,2.5804333686828613,M,2.1410655975341797,G,1.5860460996627808,V,4.068885326385498,G,1.2816922664642334,G,1.65361750125885
405,F,1.9309001885927641,L,4.017317771911621,D,4.178703308105469,L,1.024093508720398,T,1.586543083190918,A,1.1324471235275269,F,2.117569923400879,V,1.8498363494873047,I,1.9653195142745972,S,1.5489877462387085,F,1.5784173011779785,L,1.3617390394210815,F,1.1797641515731812,F,1.5609636306762695
406,T,1.993802785873413,T,1.4129692316055298,T,2.129375457763672,T,3.2675085067749023,A,2.272411823272705,V,0.8642364740371704,V,3.6056723594665527,A,1.313897967338562,A,1.2323356866836548,T,1.5650041103363037,A,1.532414436340332,T,2.1913299560546875,A,2.3223156929016113,A,2.2099645137786865
407,K,1.9592523116331835,I,1.5924196243286133,K,2.1812033653259277,K,1.4112789630889893,I,1.8775339126586914,K,1.189581274986267,K,1.5417286157608032,K,1.8023260831832886,K,2.259988784790039,K,1.6985946893692017,K,1.0987823009490967,I,1.6163725852966309,K,1.5732606649398804,K,5.627209186553955
408,V,2.26207827604734,S,3.2087419033050537,L,2.2546162605285645,I,3.2632293701171875,I,1.540601372718811,Q,1.9862446784973145,T,1.5711345672607422,I,2.6814467906951904,I,2.1923975944519043,V,2.5637593269348145,A,1.56471586227417,S,1.6558303833007812,M,1.7027521133422852,T,3.2215473651885986
409,F,1.9280469050774207,I,1.0761783123016357,Y,1.809901475906372,N,1.5506409406661987,I,1.4623606204986572,A,2.44983172416687,C,1.2877254486083984,I,2.057216167449951,I,1.2012622356414795,N,1.2367123365402222,C,5.9924516677856445,I,1.7701715230941772,C,1.280948519706726,C,1.8892087936401367
410,A,2.2386052425091085,A,1.9402074813842773,V,2.431568145751953,Q,2.727700710296631,H,1.884765863418579,S,3.276606321334839,H,1.960364818572998,A,3.9570229053497314,A,1.2755364179611206,T,1.0136821269989014,H,1.565812349319458,A,1.7922383546829224,H,2.158496856689453,H,3.117865800857544
411,L,2.46838954778818,L,1.7996575832366943,L,1.1348949670791626,L,1.47969388961792,L,1.8449759483337402,L,2.7586543560028076,L,6.8260979652404785,L,1.3012919425964355,L,1.8653048276901245,L,2.8047287464141846,I,1.645097255706787,L,1.5702767372131348,L,4.888282299041748,L,2.17010760307312
412,I,2.2749051405833316,I,1.1924713850021362,L,1.5914313793182373,I,2.0808792114257812,I,4.385807037353516,I,2.604930877685547,N,2.5997629165649414,A,2.1004202365875244,T,1.98828125,I,1.6188353300094604,L,2.373697280883789,I,2.389129877090454,I,2.8981270790100098,I,1.7499929666519165
413,T,2.184693611585177,T,2.6157796382904053,T,3.295464038848877,T,1.4486792087554932,T,1.3127168416976929,A,3.365330934524536,T,1.5160157680511475,T,1.4612481594085693,T,3.529850721359253,T,1.9950438737869263,T,1.9829893112182617,T,1.8374096155166626,T,1.4435783624649048,T,2.5969104766845703
414,T,2.169108427487887,V,1.4603939056396484,I,1.3761870861053467,T,3.128857374191284,A,2.32779598236084,M,2.1920480728149414,V,3.40925669670105,V,1.4410322904586792,V,1.1942403316497803,I,1.7332665920257568,V,2.3243799209594727,V,1.6053770780563354,V,2.5558664798736572,V,3.4497077465057373
415,I,2.545439784343426,I,2.0004994869232178,I,2.0222318172454834,I,1.6911442279815674,I,2.2328739166259766,V,5.564289093017578,L,1.4131591320037842,V,1.2876275777816772,V,2.2443041801452637,I,2.7671782970428467,L,1.1875158548355103,I,4.953510761260986,L,1.711351990699768,L,4.015030860900879
416,D,1.7961558103561401,D,1.3081822395324707,D,1.251306414604187,D,1.0051000118255615,D,1.403548240661621,D,1.3112566471099854,D,1.8387176990509033,D,1.5083616971969604,D,2.2660257816314697,D,1.2928022146224976,D,4.499443054199219,D,1.3926184177398682,D,1.7261016368865967,D,2.5465614795684814
417,D,2.0735544699888964,D,2.180739641189575,D,2.761324405670166,D,1.8532474040985107,D,1.329633116722107,D,1.2991200685501099,D,1.2588714361190796,D,1.4409619569778442,D,1.5905770063400269,D,1.4192438125610352,D,5.052020072937012,D,1.7778527736663818,D,2.8002569675445557,D,2.192359447479248
418,V,2.4261599687429576,I,2.1027002334594727,M,1.7374275922775269,V,1.431270718574524,V,1.6562771797180176,V,1.2558892965316772,I,2.911839008331299,V,2.293280839920044,V,3.4134109020233154,V,3.4255449771881104,M,2.783106565475464,I,3.2797834873199463,I,4.083693027496338,I,1.1658557653427124
419,Y,2.3370798184321475,Y,1.9904671907424927,H,1.889134168624878,Y,2.496445655822754,Y,1.7619041204452515,Y,1.5542943477630615,Y,4.64954137802124,Y,4.350496768951416,Y,1.3951890468597412,Y,1.5195337533950806,Y,1.999873399734497,Y,1.3873623609542847,Y,3.851625442504883,Y,1.5361700057983398
420,D,1.9239659492786114,D,1.3991795778274536,D,1.4972182512283325,D,1.7537544965744019,D,2.224334955215454,D,4.422814846038818,D,2.6674458980560303,D,1.0046392679214478,D,2.1564128398895264,D,1.4232020378112793,D,1.058218002319336,D,1.1993380784988403,D,3.1124844551086426,D,1.0925146341323853
421,V,2.2733941903481116,V,1.5242722034454346,I,1.82272207736969,V,3.717796564102173,V,3.563725233078003,V,2.1422183513641357,T,2.4256157875061035,V,1.850395679473877,V,1.4769766330718994,V,3.6964850425720215,L,1.335192084312439,V,1.8960546255111694,T,2.8694276809692383,T,1.2332425117492676
422,Y,1.7827454530275786,Y,1.6621123552322388,Y,3.6748087406158447,Y,1.3731319904327393,Y,1.340244174003601,Y,2.146451234817505,F,1.3274201154708862,Y,1.3492909669876099,Y,1.4928923845291138,Y,1.1276054382324219,F,1.7365381717681885,Y,2.77097487449646,F,1.0369621515274048,F,2.137258291244507
423,G,2.1735903849968543,G,2.4010767936706543,G,1.335711121559143,G,1.3619847297668457,G,1.3235372304916382,G,1.8452188968658447,G,1.6846649646759033,G,2.7871062755584717,G,2.5633602142333984,G,4.495770454406738,G,1.5863703489303589,G,2.367328643798828,G,1.4483553171157837,G,3.056190013885498
424,T,1.8259203342291026,T,3.7330501079559326,T,1.3495607376098633,S,1.39034903049469,T,1.8576257228851318,S,1.3572096824645996,T,1.2618564367294312,T,1.9379593133926392,T,1.8038499355316162,T,2.378108501434326,T,1.312227487564087,T,1.554215431213379,T,1.1589248180389404,T,2.6420271396636963
425,L,1.9577193351892324,L,1.328214406967163,L,1.3606226444244385,L,1.6122808456420898,L,3.0309510231018066,L,2.845813274383545,M,1.3826954364776611,L,2.807408332824707,L,1.5431878566741943,M,1.9003244638442993,V,2.438305616378784,L,1.732473373413086,M,0.8578946590423584,M,2.6101794242858887
426,D,1.8013746463335478,D,1.5634630918502808,E,2.1466827392578125,E,1.6032510995864868,D,1.7365684509277344,E,1.4711189270019531,D,1.6855963468551636,E,1.27162766456604,D,1.2972803115844727,D,1.7582478523254395,D,3.2200169563293457,D,2.8834779262542725,E,1.1488685607910156,D,1.6316704750061035
427,E,2.521729194200956,E,1.777535319328308,E,1.5547245740890503,E,3.923555374145508,E,3.0896339416503906,E,1.3006294965744019,E,2.922233819961548,E,1.2271753549575806,E,2.4043328762054443,E,5.710171699523926,E,1.934493064880371,E,1.170046329498291,E,4.234252452850342,E,1.5336952209472656
428,L,1.8426430041973407,L,1.7571430206298828,L,2.6309688091278076,L,1.3231011629104614,L,1.1680315732955933,L,2.050128698348999,I,1.4062843322753906,L,2.7098517417907715,L,1.9058259725570679,L,1.2173104286193848,L,2.3303351402282715,L,1.4305832386016846,L,1.481474757194519,I,2.5433201789855957
429,E,1.7771265965241652,E,1.3206838369369507,Q,1.3820436000823975,E,3.4408440589904785,Q,1.178965449333191,E,1.4884668588638306,E,2.200566530227661,E,1.3707940578460693,Q,4.070210933685303,E,0.840457558631897,K,1.8579825162887573,E,1.483424186706543,E,1.2691222429275513,E,1.199083924293518
430,L,2.160754469724802,I,2.2583694458007812,L,2.105595827102661,L,1.8542886972427368,L,2.1229639053344727,I,1.4086787700653076,L,1.1526042222976685,L,1.5993151664733887,L,1.2590330839157104,L,1.556351900100708,L,1.9719440937042236,I,5.561705589294434,L,3.079538106918335,L,2.159419298171997
431,F,2.521744443820073,F,2.1330063343048096,F,4.1365966796875,F,1.6032605171203613,L,1.3819043636322021,F,1.7568186521530151,F,1.9670771360397339,F,4.6426682472229,F,2.7059359550476074,F,4.011037826538086,F,1.8304167985916138,F,1.72539484500885,F,1.7992883920669556,F,3.0892720222473145
432,T,2.0386289541537943,T,2.4603192806243896,T,1.717882513999939,T,2.5336427688598633,T,2.8307852745056152,T,1.576680302619934,T,2.829266309738159,T,0.9546568393707275,T,1.4134089946746826,T,1.8524407148361206,T,3.5865557193756104,T,1.2181905508041382,T,1.4966620206832886,N,2.0316851139068604
433,D,1.8917050178234394,D,1.4914631843566895,N,1.1713205575942993,K,2.7183666229248047,N,4.05637788772583,D,1.449601650238037,E,1.7127610445022583,D,2.155649185180664,D,1.4969806671142578,D,2.025892972946167,A,1.255748987197876,D,1.0319777727127075,A,2.482531785964966,E,1.5434929132461548
434,V,1.6116807414935186,A,1.8535616397857666,A,1.8114310503005981,A,1.6240291595458984,A,0.8490142226219177,I,1.458978533744812,A,2.482131242752075,A,1.5485402345657349,A,1.336174726486206,V,2.035097599029541,A,2.095940351486206,A,1.1396591663360596,A,1.353437900543213,A,1.3638538122177124
435,V,1.9767572100345905,V,3.6206910610198975,L,1.8884482383728027,V,1.1166162490844727,I,2.457709312438965,V,1.2183808088302612,V,3.435065746307373,I,0.9198132157325745,I,1.2866992950439453,V,1.6705881357192993,I,1.3794233798980713,V,1.193647027015686,F,2.2383785247802734,V,3.2723827362060547
436,E,2.0756809344658484,A,1.545491099357605,Q,3.3772976398468018,D,1.6703128814697266,R,1.6439392566680908,D,1.9229822158813477,R,1.3669341802597046,R,2.2015674114227295,R,1.5675878524780273,D,1.3432804346084595,K,1.2307029962539673,E,2.982712745666504,K,4.133227348327637,R,1.9978160858154297
437,R,2.5894107543505154,R,1.1584454774856567,R,1.0628998279571533,R,3.892768621444702,R,1.4759111404418945,R,3.035926103591919,R,1.1339126825332642,R,2.9245665073394775,R,2.4051003456115723,R,3.914642810821533,R,2.0602617263793945,R,6.2925705909729,R,1.5134352445602417,R,2.791898727416992
438,W,2.1233583138539243,W,1.3350176811218262,W,2.1980323791503906,W,1.6400656700134277,W,1.8844960927963257,W,2.865272045135498,W,1.9411565065383911,W,3.1915078163146973,W,4.668332576751709,W,1.2898085117340088,W,1.6505305767059326,W,2.535599946975708,W,1.4004840850830078,W,1.0033541917800903
439,D,2.2734416289763018,D,4.646322727203369,D,1.9557366371154785,D,2.359203577041626,D,4.325860500335693,D,1.3317805528640747,-,,D,1.661176085472107,D,1.740637183189392,D,1.0409114360809326,D,1.749079942703247,D,1.4796323776245117,D,2.7175168991088867,-,
440,I,2.3449518497173605,I,1.3560503721237183,L,1.3967516422271729,T,2.785630226135254,T,2.88301157951355,I,5.268655776977539,D,2.7118349075317383,R,1.8750100135803223,I,1.7594457864761353,I,1.6469271183013916,P,4.346524238586426,I,1.6436666250228882,P,1.523268699645996,N,1.2875970602035522
441,N,1.7397986558767466,N,1.0049748420715332,K,2.402348518371582,N,1.3807039260864258,L,1.0605323314666748,T,2.2267837524414062,P,1.777343988418579,E,2.001831293106079,E,1.3817813396453857,N,1.575457215309143,S,1.4963302612304688,N,1.6649936437606812,S,2.431070327758789,P,2.213231086730957
442,A,2.0927703380584717,Y,1.1892452239990234,-,,-,,-,,-,,S,2.7271857261657715,-,,-,,-,,-,,Y,2.1825733184814453,-,,S,2.2720770835876465
443,-,2.1494907415830173,A,1.5780229568481445,E,1.6352388858795166,A,1.4376413822174072,S,1.2341288328170776,G,1.7041409015655518,E,1.1377886533737183,S,7.163442134857178,S,2.3938028812408447,A,1.0462214946746826,A,1.6113101243972778,A,1.186639666557312,A,3.792050838470459,E,2.0229508876800537
444,M,2.1047740257703342,L,1.271395206451416,L,2.4746382236480713,M,3.523134469985962,I,1.1783939599990845,I,1.2560698986053467,T,1.2869601249694824,I,3.2432122230529785,I,1.6588648557662964,M,1.381561517715454,T,2.549473524093628,L,1.5149067640304565,T,1.670837640762329,K,4.352613925933838
445,D,2.3018005261054406,K,2.3268017768859863,D,1.1155072450637817,E,1.1783751249313354,D,2.3696813583374023,D,3.748500347137451,E,2.0006766319274902,D,5.020645618438721,N,2.887575626373291,D,1.7648248672485352,D,1.9720964431762695,K,2.340574264526367,D,1.6530840396881104,E,1.5450634956359863
446,Q,2.1599133748274584,H,4.323031902313232,K,1.4960576295852661,E,1.1772563457489014,Q,2.3355653285980225,K,1.6667125225067139,S,1.8526198863983154,Q,1.9391014575958252,Q,1.2485132217407227,P,4.176137447357178,C,2.130403757095337,H,1.6991848945617676,L,2.4004580974578857,R,1.6338313817977905
447,L,2.2043467576687155,L,2.657965898513794,L,2.4516093730926514,L,1.0848315954208374,L,2.19320011138916,L,1.2958080768585205,L,2.4675188064575195,L,3.533329963684082,L,1.2150328159332275,L,1.7724238634109497,L,1.308835506439209,L,5.215677738189697,L,1.7673366069793701,L,1.6929374933242798
448,P,1.9265101781258216,P,1.1715421676635742,P,1.2056289911270142,P,1.344498872756958,P,1.5107243061065674,P,1.3487498760223389,P,4.452188968658447,P,1.4412907361984253,P,2.675147533416748,P,1.17902672290802,P,2.355071783065796,P,2.085880994796753,P,2.1315231323242188,P,2.1433582305908203
449,D,1.6343278976587148,G,1.0936051607131958,D,1.0045654773712158,E,2.0717992782592773,Y,2.6711277961730957,R,1.7283579111099243,D,1.562970757484436,Y,1.927011489868164,S,1.3867778778076172,E,1.8876688480377197,Q,1.3964226245880127,G,1.2944282293319702,E,1.1249135732650757,E,2.096613645553589
450,Y,1.8390853267449598,Y,1.626969575881958,Y,1.5619149208068848,Y,3.485374689102173,Y,1.2945448160171509,N,1.5251848697662354,Y,1.969566822052002,Y,0.8350398540496826,Y,1.6324419975280762,Y,3.075615882873535,Y,1.6295433044433594,Y,2.2842931747436523,Y,2.0073585510253906,Y,0.9802607893943787
451,M,2.1584089627632728,M,2.52725887298584,M,2.676720142364502,M,2.041097640991211,M,1.9766428470611572,I,1.2922475337982178,M,2.840045928955078,M,1.7812260389328003,M,4.792159557342529,M,1.407094955444336,M,2.0556511878967285,M,1.5782674551010132,M,1.3902586698532104,M,1.7006456851959229
452,K,2.078542718520531,K,1.6853580474853516,K,2.5937228202819824,K,2.7049288749694824,Q,2.5821025371551514,S,2.194131851196289,K,1.8962647914886475,Q,1.0336122512817383,Q,1.1968852281570435,K,2.0913827419281006,K,1.757790446281433,K,4.357574462890625,K,1.4429751634597778,K,1.4843261241912842
453,I,2.2415913068331204,M,1.2475398778915405,T,3.761575698852539,I,2.1172029972076416,L,1.3622124195098877,M,2.644068717956543,G,2.026731252670288,L,1.1939855813980103,L,2.447150945663452,L,5.6267499923706055,G,1.2453571557998657,M,1.2460609674453735,G,2.8082480430603027,E,1.4138033390045166
454,C,1.7599666210321279,C,2.562861204147339,A,1.3837004899978638,C,1.4554606676101685,C,1.618232011795044,I,1.7354551553726196,V,1.1992926597595215,C,1.725229024887085,C,1.529571771621704,C,1.925127625465393,I,1.2886139154434204,C,2.1204283237457275,L,1.7918167114257812,I,2.543776512145996
455,F,1.996049926831172,F,1.8451253175735474,F,2.7687675952911377,F,1.9225761890411377,Y,1.851353406906128,L,1.0808452367782593,Y,2.2580299377441406,F,3.83292818069458,Y,1.1210116147994995,F,1.4312365055084229,Y,2.7147226333618164,F,1.0503467321395874,Y,2.138995409011841,Y,1.9327102899551392
456,L,2.008751461139092,L,5.066220760345459,Y,2.9303691387176514,L,2.887608766555786,M,1.5209376811981201,L,1.4645298719406128,M,1.4748644828796387,L,1.784245252609253,L,2.470060110092163,L,1.3596352338790894,M,1.414467215538025,L,0.7992503046989441,M,1.1835561990737915,M,1.758023977279663
457,T,2.2214592695236206,A,1.8622674942016602,F,1.341491460800171,A,1.4684382677078247,T,2.665595293045044,T,2.1967060565948486,V,1.239522933959961,T,1.7183923721313477,A,3.504147529602051,A,2.0092813968658447,M,4.452677249908447,A,2.2475945949554443,V,2.915221929550171,A,1.257633924484253
458,L,2.0779527517465444,L,1.5416942834854126,T,1.2644968032836914,L,2.416754722595215,L,3.152708053588867,M,2.907292127609253,L,2.87001371383667,V,1.3835384845733643,I,2.382166624069214,L,1.4759336709976196,V,1.3480985164642334,L,2.7857532501220703,V,1.1972339153289795,L,2.2877016067504883
459,H,2.1904994616141686,Y,2.4640212059020996,Y,1.888604998588562,Y,4.60129451751709,H,1.8533774614334106,F,1.619347333908081,Y,1.8633842468261719,N,1.3684062957763672,Y,2.018638849258423,Y,1.304352045059204,Y,1.571898341178894,Y,1.8613777160644531,Y,4.777222156524658,Y,1.2845678329467773
460,N,2.1750948979304385,N,1.3709068298339844,N,1.717802882194519,N,1.5358176231384277,N,3.4510488510131836,N,2.564007043838501,E,1.5014517307281494,N,3.098452091217041,N,1.3251723051071167,N,1.3112295866012573,N,1.1682804822921753,N,2.75750732421875,E,1.3470253944396973,E,5.1275315284729
461,S,1.6591316278164203,F,3.348510980606079,F,1.411818027496338,T,1.959325909614563,Y,1.9878171682357788,T,1.3744958639144897,A,1.251785159111023,F,0.9880921840667725,F,1.1369826793670654,S,1.6991326808929443,T,1.6394621133804321,F,1.7436814308166504,T,1.8162716627120972,A,1.211335301399231
462,V,1.677348861327538,V,1.641005039215088,T,2.099651336669922,V,1.720201849937439,V,1.6386488676071167,A,1.104915738105774,L,2.323834180831909,V,1.2688618898391724,V,1.6985942125320435,T,1.557863712310791,V,1.8941564559936523,V,1.376994013786316,V,1.911483645439148,L,1.569324254989624
463,N,1.8913738360771766,N,1.970451831817627,N,1.713321328163147,N,1.8722541332244873,S,1.514886498451233,N,1.2679896354675293,T,1.2257755994796753,F,5.161255836486816,S,1.9123568534851074,N,1.4739253520965576,N,1.2999460697174072,N,1.1932591199874878,N,1.858389139175415,T,2.1240484714508057
464,E,2.1468062492517324,E,1.0336676836013794,E,1.3271111249923706,E,1.6882963180541992,D,1.413381814956665,Q,1.1404365301132202,E,4.705986499786377,E,1.6623358726501465,E,3.741182804107666,E,3.700847864151001,E,1.7382638454437256,E,2.96480655670166,E,1.363645315170288,D,1.4285190105438232
465,M,1.8621789308694692,F,1.1472663879394531,L,1.6180436611175537,I,1.2958489656448364,L,4.501231670379639,I,1.8723219633102417,M,1.321540355682373,L,1.554201364517212,L,2.3477401733398438,M,1.883573055267334,M,1.0747637748718262,F,2.7886433601379395,I,1.27315354347229,M,1.5299978256225586
466,A,2.1080842293225803,A,2.4089889526367188,A,2.7111010551452637,A,1.4545356035232544,G,1.7799361944198608,G,2.1258368492126465,A,1.5247688293457031,A,1.41615629196167,A,2.96972393989563,A,1.6405670642852783,S,3.8504438400268555,A,1.58267343044281,A,2.0416998863220215,A,1.89866304397583
467,L,2.225236475467682,Y,2.4475338459014893,-,,-,,-,,-,,Q,2.4626781940460205,-,,-,,-,,A,1.6756314039230347,Y,3.2609915733337402,R,1.4623711109161377,R,2.042212724685669
468,D,2.02056356271108,Y,1.5629838705062866,-,,-,,-,,-,,-,,-,,-,,-,,E,2.7714357376098633,Y,1.7272710800170898,-,,-,
469,T,2.0650278594758777,V,3.537468671798706,F,1.3504186868667603,Y,1.8139050006866455,Y,2.1303725242614746,Y,3.6974778175354004,-,,H,1.6492174863815308,Y,1.2295987606048584,Y,1.3950436115264893,-,,V,1.7817481756210327,-,,-,
470,-,,-,,-,,-,,-,,-,,-,,-,,-,,-,,-,,-,,-,,-,
471,-,1.9616802215576172,-,,D,4.172683238983154,D,1.6842862367630005,D,1.3107678890228271,D,2.1553573608398438,E,1.30802583694458,D,1.271543264389038,D,2.8980679512023926,D,1.6705142259597778,-,,-,,E,1.6839003562927246,E,1.461655855178833
472,-,1.8159774541854858,-,,V,2.256103038787842,T,1.4759528636932373,I,2.2948250770568848,L,1.350165843963623,A,1.5091158151626587,V,1.3876798152923584,I,1.123423457145691,A,1.0793678760528564,A,3.403538703918457,-,,A,2.5208096504211426,A,1.5747698545455933
473,M,1.8925922008661122,L,2.6020824909210205,L,1.573609471321106,L,2.8272061347961426,L,1.6640807390213013,L,1.1918962001800537,E,1.3433178663253784,L,1.4252170324325562,F,2.2500686645507812,L,2.293886423110962,Q,1.3191555738449097,L,1.5370867252349854,D,1.9727559089660645,E,2.603335380554199
474,K,1.858056407708388,K,1.3479728698730469,Q,2.283277750015259,K,1.7136800289154053,K,1.2140997648239136,R,1.906195044517517,K,2.217374563217163,K,1.5017937421798706,R,1.4680390357971191,K,1.8145478963851929,K,2.4085419178009033,K,1.396568775177002,K,2.9051036834716797,K,1.9775382280349731
475,E,1.7173406940240126,Q,1.069551944732666,E,0.8376172184944153,E,1.7352381944656372,D,1.2700775861740112,D,2.2272167205810547,T,1.4095358848571777,D,1.9320961236953735,D,1.6784589290618896,E,3.589834690093994,A,1.1289310455322266,Q,1.8315242528915405,S,1.4485111236572266,T,2.166835308074951
476,Q,1.7688831090927124,Q,2.4156835079193115,H,2.320317268371582,Q,1.2687013149261475,R,1.579262137413025,R,3.618058681488037,Q,1.5646767616271973,K,1.4500364065170288,K,1.8555078506469727,H,1.2386194467544556,Q,1.1331027746200562,Q,1.7620859146118164,Q,1.1466281414031982,Q,1.642800211906433
477,R,1.9294381508460412,D,1.7795783281326294,G,2.0044827461242676,G,1.4177813529968262,G,1.9810822010040283,G,2.1845290660858154,G,1.706159234046936,S,2.5748722553253174,G,2.206754207611084,G,1.209031105041504,G,1.2085888385772705,D,1.1247265338897705,G,2.027484178543091,G,3.657625913619995
478,F,1.4865875152441173,F,1.3679728507995605,F,1.0257488489151,V,2.1362051963806152,I,1.3589049577713013,F,1.2221425771713257,R,1.7158318758010864,F,1.8404780626296997,F,1.559867262840271,L,1.253332257270813,R,1.233967900276184,F,1.761531114578247,R,1.2355823516845703,R,1.6140724420547485
479,-,,-,,-,,-,,-,,-,,-,,-,,-,,-,,-,,-,,-,,-,
480,H,2.0874284964341383,D,3.51820969581604,V,2.542829990386963,D,1.9128249883651733,N,2.5891783237457275,N,1.157826542854309,D,2.4652013778686523,N,1.90972900390625,N,3.2488698959350586,H,1.0687941312789917,D,2.426288604736328,D,1.735496997833252,E,1.256764531135559,D,1.3045563697814941
481,I,1.801683811041025,M,2.081432580947876,H,1.3303114175796509,V,1.6129202842712402,T,1.7465499639511108,G,1.6796605587005615,T,1.4625152349472046,C,1.0544990301132202,S,1.283179759979248,I,2.906923294067383,T,4.2787322998046875,L,1.442155122756958,T,1.2883944511413574,T,1.2546155452728271
482,I,2.108840740644015,L,1.897868275642395,I,2.0539753437042236,I,3.2083237171173096,I,1.5048763751983643,I,1.497090458869934,L,4.08223819732666,L,1.4935619831085205,L,1.7671632766723633,V,2.2047719955444336,L,1.6870887279510498,L,3.47404408454895,L,1.2520487308502197,L,1.2918784618377686
483,K,1.9085002037195058,L,1.1718612909317017,E,1.6338142156600952,P,1.1893795728683472,P,1.2644150257110596,P,1.8865089416503906,N,1.6196308135986328,P,2.359668016433716,P,3.2372488975524902,S,1.509418249130249,N,1.4920074939727783,L,1.6298288106918335,N,4.503756523132324,N,1.3129647970199585
484,Y,2.180375475149888,S,1.5434820652008057,Y,2.6254537105560303,Y,1.2620580196380615,H,1.3956352472305298,H,3.441312551498413,Y,1.3628590106964111,H,2.9076929092407227,Y,1.0909781455993652,Y,2.547261953353882,Y,2.144355535507202,S,1.6008260250091553,D,2.4453115463256836,Y,3.977654457092285
485,L,1.4621617243840144,I,1.8835848569869995,F,1.7298262119293213,L,1.1918978691101074,I,1.1996173858642578,I,1.3573516607284546,A,1.2677274942398071,L,1.8470985889434814,L,1.4314343929290771,L,1.0027107000350952,A,1.0753862857818604,I,1.5939668416976929,A,1.5842986106872559,A,1.8432015180587769
486,K,2.535799035659203,K,1.672402024269104,K,1.4175474643707275,Q,2.041107654571533,H,2.314669370651245,A,1.4593161344528198,R,1.4210647344589233,Q,2.7935259342193604,H,5.667120456695557,R,3.0743114948272705,R,5.377658843994141,K,1.339778184890747,R,2.85347843170166,R,1.5334067344665527
487,K,1.7339516694729145,H,1.26713228225708,K,2.0874240398406982,K,1.6832767724990845,Q,1.6399191617965698,Q,2.264127016067505,K,1.0834681987762451,R,1.4742079973220825,K,2.2816667556762695,K,1.9538259506225586,Q,2.2213385105133057,N,1.1845736503601074,R,1.4172029495239258,K,1.983208417892456
488,A,2.303133166753329,A,2.356743812561035,L,2.282839059829712,S,2.078587770462036,T,2.194746971130371,A,2.5864980220794678,A,3.746596336364746,S,1.100090742111206,S,1.4562592506408691,A,2.437453508377075,A,1.4757424592971802,A,2.6652774810791016,A,4.358391761779785,A,1.2015039920806885
489,W,2.0533970961203942,W,1.4251987934112549,M,3.151555061340332,W,1.4457201957702637,W,1.4497438669204712,W,2.003401517868042,W,2.2737505435943604,W,1.4352246522903442,W,1.4013595581054688,W,2.543462038040161,W,1.104311227798462,W,1.1287490129470825,W,1.9553163051605225,W,5.376369476318359
490,V,2.1223425956872792,L,1.6094098091125488,V,1.833057165145874,A,2.555630683898926,V,1.70517098903656,A,2.398836374282837,E,1.7670079469680786,L,1.5982472896575928,L,1.7693709135055542,S,4.72783899307251,E,1.2213034629821777,L,3.3562004566192627,E,1.407033085823059,E,1.6413465738296509
491,D,1.6749062171349158,G,3.0829806327819824,E,1.3944141864776611,D,1.088878870010376,S,1.4308810234069824,T,2.3784677982330322,I,2.459104061126709,D,1.625815510749817,D,1.2266371250152588,D,1.9554717540740967,D,1.2835946083068848,G,1.5005543231964111,A,1.119324803352356,V,1.2276561260223389
492,L,1.5867626483623798,L,1.9957337379455566,L,1.7704113721847534,L,2.4332783222198486,L,2.005413293838501,L,2.0182383060455322,Y,1.3825620412826538,L,2.2079834938049316,L,1.4297301769256592,L,0.8029942512512207,C,1.408902645111084,L,1.058445930480957,Y,1.0834550857543945,Y,1.0307657718658447
493,C,2.4341363540062537,I,1.7776100635528564,C,1.308679461479187,C,1.9297653436660767,V,5.283638000488281,C,1.3474962711334229,L,4.289802074432373,A,2.5697977542877197,V,1.4117546081542969,C,4.8761115074157715,L,2.8422045707702637,I,1.424551248550415,L,1.384623646736145,L,1.1977380514144897
494,R,1.7884293702932506,Q,1.2125259637832642,K,2.584686517715454,K,2.4263954162597656,E,3.1638550758361816,K,1.4288935661315918,D,1.6227023601531982,E,2.6968259811401367,E,1.5776711702346802,K,1.249552845954895,D,1.1699857711791992,Q,1.5446635484695435,D,1.433966875076294,D,1.1378567218780518
495,Y,1.6322736189915583,A,1.403541088104248,H,1.7315462827682495,A,3.919987440109253,A,0.7860128879547119,K,1.2383906841278076,S,1.2366259098052979,A,1.4126476049423218,A,1.958893060684204,S,1.2402087450027466,S,1.0980747938156128,A,1.5786579847335815,S,2.457857370376587,S,1.1571131944656372
496,Y,1.9809411672445445,Y,1.7703232765197754,H,2.401331901550293,Y,4.829261779785156,Y,2.937464952468872,Y,1.4820618629455566,Y,1.2039602994918823,Y,1.1754833459854126,Y,1.398946762084961,Y,1.4378470182418823,H,1.6097075939178467,Y,0.9182621240615845,Y,1.9172399044036865,Y,2.670344352722168
497,L,2.3769450095983653,L,3.1166303157806396,L,1.2829731702804565,L,1.3130117654800415,L,2.572728157043457,L,3.1592469215393066,I,1.1170622110366821,L,1.6337509155273438,F,2.9249536991119385,L,1.5548228025436401,M,2.8883063793182373,L,5.758806228637695,M,1.7586115598678589,T,1.8193809986114502
498,V,2.023450296658736,V,1.4165329933166504,Q,1.006062388420105,V,0.8633571267127991,K,4.201422214508057,K,0.9916543960571289,Q,1.1163876056671143,V,2.942619800567627,Q,1.829542875289917,L,2.217362642288208,Q,1.366334080696106,V,4.238725662231445,K,3.1076080799102783,Q,1.0072439908981323
499,E,2.0543514765225925,E,3.064005136489868,E,2.283130168914795,E,3.9310390949249268,E,1.1119364500045776,E,1.3013360500335693,E,1.2529828548431396,E,4.0980634689331055,E,1.6958611011505127,E,1.0792384147644043,E,1.8594906330108643,E,1.2916496992111206,E,1.3623738288879395,E,2.375462293624878
500,A,1.7506436705589294,A,1.702095866203308,A,1.8717529773712158,A,1.3522024154663086,A,1.8151988983154297,A,1.5148167610168457,A,2.627678155899048,A,1.8008149862289429,A,1.222681999206543,A,1.6713180541992188,A,2.0513601303100586,A,0.6490513682365417,A,1.8898930549621582,A,2.589503049850464
501,K,1.6960883032191882,K,1.1934669017791748,K,1.6946687698364258,R,1.2435764074325562,K,1.5131365060806274,K,2.494279384613037,-,,K,1.2033580541610718,K,1.4275054931640625,K,2.7058591842651367,K,1.3633763790130615,K,2.1463072299957275,E,1.6714370250701904,-,
502,W,1.7842134970885057,W,1.5883252620697021,W,4.113269805908203,W,1.7808209657669067,W,1.7893009185791016,W,1.3973472118377686,K,1.7038453817367554,W,1.153180480003357,W,1.1082062721252441,W,1.0948023796081543,W,2.0397346019744873,W,2.169415235519409,W,1.9204440116882324,K,1.336082935333252
503,Y,2.6529857287040124,Y,2.1904137134552,F,5.806970596313477,Y,1.3309311866760254,Y,1.550498127937317,Y,4.77309513092041,W,1.021819829940796,Y,2.8476204872131348,Y,3.962233304977417,Y,2.4296672344207764,I,1.5581645965576172,Y,2.9695487022399902,I,1.5811042785644531,W,2.466747283935547
504,S,1.750535942040957,H,1.4964536428451538,Y,1.3571394681930542,Y,2.1859683990478516,E,0.8294643759727478,H,1.820502758026123,I,2.7854809761047363,H,1.2714725732803345,H,1.8050870895385742,Y,1.571288824081421,A,2.526597261428833,H,1.549773931503296,S,1.751315951347351,I,1.8064219951629639
505,N,1.773724620992487,-,,S,1.179721474647522,S,1.2059189081192017,S,2.70805025100708,S,1.8773772716522217,A,1.6081938743591309,S,2.0208542346954346,S,2.307995080947876,S,1.7091012001037598,T,1.899956226348877,-,,S,1.3874547481536865,A,1.6063475608825684
506,-,1.824842643737793,S,1.3424208164215088,-,,-,,-,,-,,S,1.6307834386825562,-,,-,,-,,G,2.148796319961548,S,2.0298125743865967,-,,S,1.9724000692367554
507,K,2.1986323297023773,K,2.93994140625,-,,-,,-,,-,,G,2.2911431789398193,-,,-,,-,,-,,K,2.213904857635498,-,,G,1.349539875984192
508,Y,1.6368694067001344,Y,3.0047237873077393,G,1.4714477062225342,G,1.6795856952667236,G,1.6168206930160522,G,1.1684441566467285,-,,R,1.6604186296463013,G,1.4339948892593384,R,1.2353659868240356,-,,Y,1.3733091354370117,G,1.724583387374878,-,
509,R,1.8550300964942346,T,1.4956809282302856,Y,2.193925619125366,Y,2.8694815635681152,Y,1.0332568883895874,Y,2.4365921020507812,Y,1.9412487745285034,Y,1.6884713172912598,Y,1.196394920349121,Y,2.701260566711426,F,1.5958107709884644,T,1.346073865890503,Y,1.980849266052246,Y,1.6363446712493896
510,-,1.8235972686247393,-,,K,1.5961538553237915,T,1.2192786931991577,T,1.3675071001052856,K,1.3751829862594604,L,2.3139448165893555,T,1.8020919561386108,T,1.5316224098205566,T,2.0194785594940186,L,1.7068394422531128,-,,L,3.2100729942321777,L,1.917397141456604
511,P,2.116578826537499,P,1.6919764280319214,P,3.7010838985443115,P,2.863276243209839,P,1.7398700714111328,P,1.2163982391357422,P,1.8072565793991089,P,2.1185355186462402,P,1.5910730361938477,P,1.4258850812911987,P,3.6403374671936035,P,1.1109381914138794,P,1.4009839296340942,P,3.2079100608825684
512,S,2.1335946871684146,K,2.603131055831909,T,1.9338974952697754,T,1.7043819427490234,S,3.0336503982543945,T,2.979292154312134,T,1.2299140691757202,S,2.3445911407470703,S,1.754246473312378,S,2.9944190979003906,T,1.6393972635269165,K,1.9904958009719849,T,1.5985709428787231,T,1.9307430982589722
513,L,2.0370367490328274,L,3.6306726932525635,L,1.9030054807662964,L,1.4052989482879639,L,1.3940707445144653,L,1.7531083822250366,F,1.097388744354248,L,1.4576340913772583,L,2.1464345455169678,L,1.6439377069473267,F,1.8090740442276,L,1.6380107402801514,F,3.9011189937591553,F,2.7017226219177246
514,Q,2.22249868282905,E,2.4332237243652344,Q,0.9035338163375854,D,1.3232979774475098,E,2.4920263290405273,E,2.6951847076416016,Q,1.9458508491516113,E,1.390740156173706,E,2.5984482765197754,Q,1.4932233095169067,E,5.041130065917969,E,1.319563388824463,E,1.5940455198287964,E,3.662214756011963
515,E,2.3255315835659323,E,1.3863990306854248,E,1.7572808265686035,E,2.788130521774292,E,2.470759391784668,E,2.1094722747802734,E,3.050161361694336,E,2.1385726928710938,Q,2.693387269973755,E,1.3833529949188232,E,2.3234050273895264,E,1.9123033285140991,E,1.4786794185638428,E,4.740006446838379
516,Y,2.182264804840088,Y,2.29267954826355,Y,1.8100571632385254,Y,2.120152711868286,Y,1.5028914213180542,Y,1.4551966190338135,Y,1.8623042106628418,Y,1.6939188241958618,Y,1.5334032773971558,Y,2.2501254081726074,Y,1.4197310209274292,Y,3.211261749267578,Y,5.628087043762207,Y,1.5896334648132324
517,I,2.538254820383512,L,1.5974701642990112,V,1.3821423053741455,L,1.2763069868087769,L,3.7453484535217285,L,1.2276113033294678,F,2.9679760932922363,L,4.672192096710205,L,1.2519136667251587,I,2.789705276489258,L,1.3797705173492432,L,2.417369842529297,M,2.17063570022583,L,6.118870258331299
518,E,2.1674493734653177,E,1.0702805519104004,E,0.9934580326080322,N,2.6683382987976074,N,2.4842100143432617,E,2.734586715698242,E,4.0847392082214355,N,1.94110906124115,N,1.4244773387908936,S,3.128009557723999,E,1.5882554054260254,E,1.126232624053955,E,2.0802788734436035,E,2.8528661727905273
519,N,1.9441980948814979,N,1.4564433097839355,N,1.7141838073730469,N,1.6120774745941162,N,2.0632777214050293,N,1.3986845016479492,N,4.47920036315918,I,1.38419508934021,I,1.5604435205459595,N,1.850376844406128,N,1.6297680139541626,N,1.7183600664138794,T,1.4892712831497192,N,2.9182932376861572
520,A,1.882685239498432,G,1.1414533853530884,G,2.3945188522338867,A,1.5509870052337646,A,1.4736669063568115,G,1.7165199518203735,G,1.8190419673919678,A,2.022794008255005,A,4.288397312164307,S,1.2239707708358765,G,1.0212687253952026,G,3.182346820831299,S,1.5391300916671753,A,1.100812315940857
521,W,2.0713559205715475,L,2.158440113067627,W,1.9817395210266113,W,1.8439445495605469,G,1.191843867301941,L,1.7457424402236938,K,6.206996917724609,R,1.6361411809921265,Q,2.545372724533081,W,1.4425544738769531,K,1.3716763257980347,L,1.4028393030166626,K,2.0568604469299316,K,1.343475103378296
522,I,2.137953519821167,V,2.181539297103882,L,3.444398880004883,I,2.0570573806762695,F,1.78216552734375,V,2.367616653442383,I,3.074000597000122,V,2.1887521743774414,I,2.6695594787597656,I,2.3866043090820312,V,1.2220637798309326,V,1.6446573734283447,V,1.1097317934036255,V,1.6652485132217407
523,S,1.962350845336914,S,1.3289422988891602,S,1.8006240129470825,S,3.4431376457214355,S,2.4092531204223633,S,3.466254234313965,S,1.8251371383666992,S,2.0135412216186523,S,1.0679550170898438,S,2.117422342300415,S,2.003483295440674,S,1.6482410430908203,S,1.4193885326385498,S,0.9671810865402222
524,I,1.8953668521000788,I,1.8043062686920166,V,1.196915626525879,I,2.7433297634124756,I,1.2803186178207397,I,4.304031848907471,S,1.2004899978637695,V,2.3443236351013184,V,2.619067907333374,I,1.6825381517410278,S,1.435707926750183,I,1.068892240524292,F,1.7478077411651611,S,1.2120393514633179
525,G,1.8766601452460656,T,3.310601234436035,G,1.1049532890319824,A,1.405045747756958,G,1.7267041206359863,S,3.804739236831665,A,1.4162448644638062,T,1.6845228672027588,A,1.202817678451538,S,1.8962749242782593,A,2.3953094482421875,T,1.1152644157409668,G,1.8626174926757812,G,1.4714865684509277
526,A,1.7611515659552355,G,2.4703993797302246,G,1.1702308654785156,G,1.4479877948760986,V,1.5645759105682373,F,1.5114219188690186,Y,1.826576828956604,C,1.5962127447128296,S,0.9879928231239319,G,2.7842705249786377,H,1.4768935441970825,G,2.6741535663604736,Y,1.3100569248199463,H,2.07419753074646
527,P,1.8252887267332811,P,1.3284703493118286,Q,4.168864727020264,P,1.7110536098480225,I,1.1600914001464844,V,1.6968978643417358,R,1.0413676500320435,P,2.323751926422119,P,1.873317837715149,P,1.1537822484970093,R,1.6653070449829102,P,2.258183002471924,R,2.131992816925049,R,1.2156729698181152
528,T,1.6881077152032118,L,1.5204486846923828,V,1.213631510734558,V,1.3657798767089844,P,1.8520011901855469,L,1.9551146030426025,A,1.3833973407745361,T,2.6413381099700928,A,1.6619136333465576,V,2.0916759967803955,V,0.888570249080658,L,2.032869577407837,I,1.613432765007019,A,1.7252267599105835
529,I,2.005221522771395,I,2.17158579826355,I,1.9897232055664062,I,1.9167543649673462,I,3.5852839946746826,S,1.5557224750518799,A,1.9046391248703003,I,1.8461204767227173,I,1.84307062625885,I,1.830693244934082,S,1.7183117866516113,I,2.6752536296844482,F,1.5252163410186768,A,1.5055047273635864
530,L,1.7113517156014075,I,1.0161106586456299,L,1.6049838066101074,L,2.127899408340454,V,1.8471192121505737,L,2.4968042373657227,A,1.8825472593307495,V,1.2643719911575317,L,2.713106870651245,L,1.6698614358901978,A,1.0950294733047485,I,2.0691452026367188,A,1.1286956071853638,A,1.3318971395492554
531,V,1.8475714509303753,T,2.2814767360687256,M,0.8598374724388123,V,1.8607659339904785,V,1.5317368507385254,V,1.457733392715454,L,1.1345961093902588,S,2.134470224380493,S,2.974670648574829,V,1.7822926044464111,L,3.406428813934326,T,1.8423240184783936,L,1.6416457891464233,L,1.110450267791748
532,H,1.925772263453557,I,2.5019755363464355,H,2.5023958683013916,H,2.5374372005462646,A,1.0623409748077393,T,2.0906143188476562,T,2.3007194995880127,Q,1.761155366897583,Q,1.8173813819885254,H,1.8839653730392456,Q,1.6572630405426025,I,1.0768965482711792,Q,1.6177952289581299,T,2.2250990867614746
533,A,1.4698091328144074,S,1.3463432788848877,A,0.9409223198890686,A,1.1637781858444214,L,1.1287869215011597,A,1.918412446975708,-,,M,1.0850441455841064,I,1.2354787588119507,A,2.939614772796631,P,1.8442308902740479,S,1.0954796075820923,-,,-,
534,Y,2.6550010045369468,Y,1.4376521110534668,Y,2.9040355682373047,Y,2.447661876678467,E,3.5611939430236816,Y,3.8312292098999023,P,1.724968433380127,Y,3.231475353240967,Y,2.1172404289245605,Y,3.5156891345977783,-,,Y,2.7306532859802246,P,3.2791025638580322,P,1.0791101455688477
535,-,2.356342911720276,-,,F,3.6511332988739014,V,1.6383159160614014,L,2.2724101543426514,L,2.847979784011841,I,1.3987958431243896,F,2.271773338317871,F,1.5485414266586304,F,2.502256393432617,M,2.9511032104492188,-,,I,1.5339818000793457,L,3.303480863571167
536,F,1.7780941908176129,L,2.6971514225006104,A,1.7975537776947021,S,1.8418192863464355,S,1.8426132202148438,Q,2.22184681892395,L,1.176020622253418,A,1.608866572380066,T,1.659469485282898,L,1.7913681268692017,L,1.0694620609283447,L,2.1410553455352783,L,1.6870163679122925,L,1.5809813737869263
537,F,1.7574221996160655,S,1.6843290328979492,F,1.454124093055725,M,1.5087183713912964,I,1.8092888593673706,T,1.1425905227661133,T,2.064190149307251,L,2.0196189880371094,M,2.054227352142334,V,1.2581682205200195,T,1.8401798009872437,S,1.6842528581619263,T,2.7663822174072266,T,1.5604181289672852
538,-,2.131578871182033,-,,T,5.003844738006592,I,2.31158709526062,P,1.691235065460205,E,1.0971790552139282,-,,P,1.6632152795791626,A,1.3290408849716187,A,1.8249499797821045,-,,-,,-,,-,
539,V,1.5350073346724877,G,2.3666608333587646,N,1.2964529991149902,Q,2.0434608459472656,N,0.9563018679618835,T,1.678152084350586,L,0.9563376903533936,I,1.5383143424987793,G,1.8251686096191406,N,1.5637344121932983,M,1.7361323833465576,G,1.0600037574768066,M,1.257908582687378,L,1.676466941833496
540,T,2.08351469039917,T,2.137964963912964,P,1.7690850496292114,M,3.5922629833221436,S,2.561793804168701,L,1.7617499828338623,D,3.344064950942993,P,2.0660204887390137,S,1.3840047121047974,P,2.241542100906372,D,1.683790683746338,T,2.0462887287139893,D,1.4653944969177246,D,1.0317280292510986
541,N,2.2323962558399546,N,1.9229745864868164,V,5.04879903793335,I,2.597259283065796,T,1.4541350603103638,E,1.7494587898254395,V,1.4813207387924194,-,,-,,I,1.9868649244308472,I,1.2254164218902588,N,3.432635545730591,V,1.4258586168289185,V,2.231635808944702
542,P,2.167099490761757,P,1.2740567922592163,-,,-,,I,5.347839832305908,N,1.3320121765136719,P,1.4989259243011475,-,,-,,-,,P,2.0118372440338135,P,1.7784671783447266,P,1.9653496742248535,P,2.1283071041107178
543,I,1.8582053734705999,I,1.9912159442901611,T,2.103145122528076,T,1.4692856073379517,H,1.883276104927063,L,1.3404101133346558,L,1.5744673013687134,I,1.3588844537734985,I,2.489935874938965,T,2.3538055419921875,F,2.770460844039917,I,1.5510711669921875,L,1.551058292388916,L,1.7196534872055054
544,T,1.9365724554428687,I,2.18391489982605,K,0.9428332448005676,K,1.0880934000015259,H,2.379542350769043,T,1.84151029586792,P,0.860985279083252,E,1.879055380821228,D,2.634805679321289,K,1.8081895112991333,P,1.675175666809082,I,4.711562633514404,T,1.8540672063827515,P,1.3157063722610474
545,K,1.7583080346767719,K,1.629419207572937,E,1.7333476543426514,E,1.2722954750061035,R,1.3174333572387695,Y,2.3651750087738037,E,1.0577718019485474,K,2.0555500984191895,K,2.599449872970581,E,2.387718915939331,P,1.1254092454910278,K,1.2807000875473022,H,2.8493690490722656,D,1.184364676475525
546,E,2.1449865973912754,K,1.8835744857788086,A,2.3093490600585938,A,1.3582189083099365,T,3.811065435409546,E,1.6122053861618042,Y,3.0286476612091064,P,3.872983694076538,P,2.3768973350524902,A,1.7168341875076294,H,0.8893091082572937,K,1.0109432935714722,H,1.5794932842254639,D,2.4353039264678955
547,A,1.8506879118772654,E,2.497795343399048,L,1.459080696105957,L,1.844072937965393,R,1.8166148662567139,S,1.8097103834152222,I,3.2510900497436523,V,1.4306046962738037,V,1.491390585899353,L,3.0127041339874268,I,0.8877511620521545,E,1.6178041696548462,I,1.1069650650024414,V,1.8333587646484375
548,L,2.649213048127981,L,2.243410110473633,E,1.373788833618164,L,2.6203389167785645,I,3.560436487197876,A,3.621868371963501,L,1.234999418258667,I,3.997483968734741,I,2.457209587097168,Q,1.6583443880081177,L,5.424978733062744,L,2.694478988647461,L,1.2646546363830566,L,2.2877771854400635
549,D,1.8388490676879883,E,1.5131359100341797,C,1.5664359331130981,D,2.3546857833862305,D,1.2560909986495972,A,1.4969137907028198,K,0.9024004936218262,E,1.3332600593566895,E,2.8346426486968994,S,1.7986353635787964,K,3.560508966445923,E,3.199387550354004,Q,0.946507453918457,K,1.1424329280853271
550,C,2.2434814095497133,F,2.2551445960998535,L,1.6657626628875732,C,1.554746389389038,-,,Y,2.0663812160491943,-,,I,3.347332715988159,S,1.8942477703094482,L,1.4822487831115723,E,1.0477391481399536,F,2.026313066482544,E,5.094897747039795,-,
551,-,4.477527618408203,L,2.943751811981201,-,,-,,-,,-,,-,,-,,-,,-,,-,,L,6.011303424835205,-,,-,
552,-,2.1769927740097046,-,,-,,-,,-,,-,,G,3.254261016845703,-,,-,,-,,-,,-,,-,,G,1.099724531173706
553,L,2.3491302529970803,E,1.677802324295044,K,1.8778047561645508,V,2.4732301235198975,-,,V,2.1467039585113525,I,1.7505518198013306,M,1.3061413764953613,M,1.239182710647583,E,1.9564422369003296,V,1.7864632606506348,E,2.0648488998413086,I,3.2952826023101807,I,6.615108966827393
554,E,1.905995163050565,S,2.2166833877563477,D,2.5351858139038086,G,1.6483240127563477,-,,N,1.4254541397094727,D,1.1018134355545044,Y,2.5819039344787598,Y,1.7219337224960327,-,,D,1.6998934745788574,S,2.394893169403076,D,1.0685118436813354,D,2.571349859237671
555,E,1.7416988719593396,-,,G,1.8473166227340698,S,3.864713430404663,H,1.0277760028839111,S,1.2432494163513184,F,1.2204819917678833,K,1.7436796426773071,K,1.723465919494629,R,2.0291240215301514,F,1.1821229457855225,-,,F,1.8580851554870605,F,1.4186724424362183
556,Y,1.4007590963290288,N,1.1457208395004272,H,1.6969139575958252,Y,1.6856768131256104,R,1.2638206481933594,V,0.8464979529380798,P,1.0381766557693481,Y,1.6704058647155762,Y,1.074987769126892,Y,1.3151671886444092,P,1.1466025114059448,N,1.6313154697418213,P,1.81565260887146,P,1.8789299726486206
557,P,2.3712322620245128,P,1.5441899299621582,P,1.9743480682373047,E,1.4357883930206299,H,3.066967725753784,P,1.2592148780822754,S,7.057958602905273,H,1.6372835636138916,R,3.1599957942962646,H,1.6642109155654907,S,1.7590093612670898,P,2.515652656555176,L,1.2655096054077148,S,2.4858899116516113
558,N,1.8971657982239356,D,2.721360206604004,N,2.0811023712158203,S,1.4165287017822266,E,1.492362141609192,P,1.2857352495193481,R,3.5978453159332275,D,2.5969109535217285,H,1.6257002353668213,N,2.435142993927002,N,1.2005829811096191,D,0.8733874559402466,R,2.373800754547119,R,0.9626960158348083
559,I,1.9092769714502187,I,1.7276198863983154,I,1.616568684577942,I,1.8306217193603516,I,1.6330331563949585,L,2.389376163482666,F,1.4789575338363647,I,2.0018322467803955,I,1.9926857948303223,I,3.115797519683838,L,2.0157723426818848,I,1.2448713779449463,F,1.8322185277938843,F,1.941245675086975
560,I,2.0215115455480723,V,2.0386295318603516,V,1.725913405418396,M,1.7468717098236084,L,1.8428432941436768,V,1.6948471069335938,N,1.5707752704620361,L,3.1562068462371826,L,2.5292346477508545,I,0.9523663520812988,N,3.735201835632324,V,1.5005309581756592,N,1.4229240417480469,N,2.36330509185791
561,R,2.0092531534341664,H,1.968065857887268,R,2.12422251701355,Q,1.2957285642623901,H,2.65537691116333,R,1.0298621654510498,D,2.821669101715088,Y,2.550095558166504,N,1.4886460304260254,R,1.6330381631851196,D,2.4776253700256348,H,2.418085813522339,D,2.3303637504577637,D,1.327511191368103
562,W,2.2205095153588514,W,4.274927139282227,H,1.865372896194458,W,2.250927448272705,Q,2.1963870525360107,Y,1.51920747756958,L,0.964504063129425,L,2.3081841468811035,L,1.557950735092163,W,3.6561079025268555,L,1.979405164718628,W,2.1591455936431885,L,2.2024669647216797,L,1.932037115097046
563,S,2.3573942321997423,S,2.271878719329834,A,1.817072868347168,S,1.5210496187210083,S,5.60425329208374,S,2.0852348804473877,A,0.955189049243927,S,1.1565783023834229,S,2.2256035804748535,S,1.8154802322387695,A,2.2123539447784424,S,1.8371336460113525,I,3.263512372970581,A,3.880784511566162
564,S,2.2872347373228807,S,5.457511901855469,S,3.472832441329956,S,1.5371226072311401,G,1.779452919960022,G,1.6546270847320557,S,1.3922197818756104,G,1.417527437210083,G,1.4127235412597656,S,1.883512258529663,C,4.405720233917236,S,1.8931814432144165,C,1.5542895793914795,S,1.8733303546905518
565,I,1.6501849798055797,K,2.2587497234344482,I,1.847751498222351,M,0.9258517026901245,L,1.4104113578796387,L,1.5762206315994263,S,1.0040630102157593,M,1.70014488697052,I,2.095503330230713,M,1.26425039768219,A,1.5674684047698975,K,2.67661190032959,S,1.9158508777618408,S,1.2095270156860352
566,I,1.7870731812257032,I,1.938231110572815,I,2.818033456802368,I,1.3070591688156128,V,1.4628618955612183,L,1.9673550128936768,F,2.567960739135742,L,1.6983095407485962,L,1.6446675062179565,I,1.7684537172317505,M,2.0574541091918945,I,1.3634856939315796,I,1.678804636001587,F,0.9592747688293457
567,A,2.546020636191735,F,1.7897506952285767,L,2.319141387939453,L,7.528833389282227,L,1.4834260940551758,N,1.6468989849090576,L,3.1296427249908447,L,1.6224009990692139,L,4.282329082489014,L,2.0647470951080322,L,2.5295233726501465,F,2.177708387374878,L,1.028376817703247,L,1.495489239692688
568,R,1.74025782255026,R,1.9438798427581787,R,1.6290236711502075,R,1.1425174474716187,R,1.270903468132019,R,2.0321505069732666,R,1.7472000122070312,R,1.2769145965576172,R,1.3141976594924927,R,1.6274900436401367,R,2.28251051902771,R,2.558717727661133,R,1.3491777181625366,R,2.4486684799194336
569,L,1.7942500848036547,L,1.023462176322937,L,1.4123802185058594,L,2.6051182746887207,L,1.1788170337677002,L,2.6240224838256836,L,1.0272045135498047,L,1.6147691011428833,L,3.7220633029937744,L,1.3145554065704346,L,1.0297366380691528,L,2.4640777111053467,L,2.0272393226623535,L,1.2818049192428589
570,A,1.9565842701838567,Q,2.153031587600708,A,1.6797456741333008,A,1.6193573474884033,A,2.2645833492279053,Y,2.9530551433563232,R,2.3088433742523193,P,1.7636425495147705,P,1.5473954677581787,S,2.710690498352051,R,2.449232339859009,Q,1.3495762348175049,K,1.1565172672271729,R,1.4799246788024902
571,D,1.8065743813147912,D,1.3517848253250122,D,2.3261375427246094,D,1.510262370109558,D,2.227444887161255,N,1.2318116426467896,G,1.1081907749176025,D,2.225700855255127,D,3.554086923599243,D,2.48353910446167,G,1.0167425870895386,D,1.0769375562667847,N,1.2055190801620483,G,2.167308807373047
572,D,2.040041052378141,D,1.944820523262024,D,1.6814498901367188,D,4.13349723815918,D,1.8592184782028198,D,1.3151273727416992,D,1.0207575559616089,D,1.770064115524292,D,1.3641116619110107,D,2.4538416862487793,D,1.2448643445968628,D,1.345962405204773,D,3.6320977210998535,D,2.754720687866211
573,-,1.727335844721113,-,,L,1.8414325714111328,L,1.6191320419311523,L,1.0039623975753784,L,1.2875391244888306,-,,L,1.8702501058578491,L,2.814429998397827,L,1.6546046733856201,-,,-,,-,,-,
574,-,2.3876682917277017,-,,G,1.5435599088668823,A,4.3212480545043945,-,,-,,-,,-,,-,,G,1.2981969118118286,-,,-,,-,,-,
575,L,1.7449773814943101,L,2.5712056159973145,T,0.9805800318717957,T,0.9040959477424622,-,,-,,T,1.215509295463562,-,,-,,T,1.4237700700759888,T,1.772973895072937,L,2.7606098651885986,T,1.388251781463623,T,2.6877999305725098
576,G,2.013081595301628,G,1.6740896701812744,-,,S,1.2115027904510498,G,1.6909159421920776,G,4.275849342346191,R,1.5010626316070557,G,4.489402770996094,G,1.5297011137008667,S,2.3663575649261475,R,1.20855712890625,G,2.076855421066284,R,1.2350411415100098,R,0.8976436257362366
577,T,2.424036210233515,T,1.9032553434371948,-,,-,,T,7.646574020385742,T,2.184338331222534,C,3.0790531635284424,T,1.3282346725463867,T,1.2870216369628906,L,1.9639461040496826,C,1.8225749731063843,T,1.6259150505065918,C,2.647401809692383,C,1.1760832071304321
578,S,1.8744955658912659,S,2.181689500808716,-,,-,,A,1.31626558303833,S,1.8943090438842773,Y,2.452298641204834,A,1.7654802799224854,A,1.674787163734436,-,,Y,2.0005972385406494,S,1.6848149299621582,Y,1.4199206829071045,Y,2.354792594909668
579,T,2.006300351836465,S,1.2783739566802979,-,,T,1.7153465747833252,Q,1.2104390859603882,S,1.8400835990905762,K,2.4434330463409424,S,1.7754546403884888,S,2.32261323928833,-,,Q,3.557993173599243,S,2.9434187412261963,K,1.6880905628204346,K,1.2940572500228882
580,D,1.7311641871929169,D,1.46735680103302,-,,D,3.132662773132324,H,1.9058200120925903,A,1.2798168659210205,A,1.018149733543396,F,2.221220016479492,D,1.9692624807357788,D,1.206563115119934,A,2.2071495056152344,D,1.313629388809204,A,1.2337274551391602,A,1.8186120986938477
581,E,2.135747104883194,E,2.4635722637176514,-,,E,1.8719788789749146,E,1.897362232208252,E,1.7735744714736938,D,1.0683881044387817,E,1.1586357355117798,E,3.3594746589660645,E,1.4703176021575928,D,1.8688303232192993,E,4.009002685546875,D,3.1834607124328613,D,1.5043675899505615
582,L,2.225416744748751,I,3.712592840194702,-,,L,1.0173076391220093,M,1.9894473552703857,I,2.0822408199310303,R,2.2333133220672607,L,0.8548994660377502,L,2.947099447250366,L,1.2970250844955444,R,2.297325372695923,I,2.0206103324890137,R,2.1334354877471924,R,4.119703769683838
583,K,1.7644966741402943,Q,1.4163744449615479,-,,E,1.0310704708099365,E,2.1440374851226807,A,1.5630642175674438,A,1.2412856817245483,K,3.6091055870056152,G,2.515986204147339,K,1.6545284986495972,A,1.0416285991668701,Q,1.1372687816619873,A,1.5578134059906006,D,2.261796712875366
584,R,1.7937374114990234,R,1.2159156799316406,-,,R,1.4142874479293823,K,1.2633979320526123,R,2.849480152130127,R,1.6789954900741577,R,2.274569034576416,R,1.0707612037658691,R,1.3909053802490234,R,1.3609223365783691,R,1.929736614227295,R,2.22367787361145,R,2.8521997928619385
585,G,1.9658348858356476,G,1.6083455085754395,-,,G,1.3248944282531738,G,1.8929078578948975,G,1.423046588897705,G,1.7987349033355713,G,1.4799734354019165,G,1.0890569686889648,G,6.255681037902832,G,1.988760232925415,G,1.0929980278015137,G,1.2269952297210693,G,2.4086244106292725
586,D,2.3951143821080527,D,2.213726758956909,-,,D,2.353971481323242,D,1.4885878562927246,D,5.563575744628906,E,4.251458644866943,D,2.7076470851898193,D,1.7242908477783203,D,2.7152838706970215,E,1.62126886844635,D,1.8022403717041016,E,1.250365138053894,E,1.0489559173583984
587,V,1.778523876116826,V,2.0297603607177734,V,0.9839686155319214,V,2.739258289337158,V,1.5121780633926392,T,0.8041390180587769,E,2.040421485900879,V,1.9806874990463257,L,1.779548168182373,V,1.4960540533065796,E,1.4529016017913818,V,2.426943778991699,E,2.5689849853515625,E,1.305964469909668
588,P,1.9788238497880788,P,1.8011577129364014,P,0.9232178330421448,P,2.674483299255371,P,1.3384952545166016,L,2.394972324371338,A,2.421931266784668,Q,1.1448264122009277,A,1.3979203701019287,P,1.2014219760894775,T,3.8145039081573486,P,2.7760512828826904,A,1.8323917388916016,A,2.0033366680145264
589,K,1.6513871504710271,K,1.246627926826477,K,2.111581563949585,K,2.6956896781921387,K,1.485497236251831,K,1.2716028690338135,S,2.3421971797943115,K,1.557956576347351,K,1.2577311992645264,K,1.7225333452224731,S,1.300832986831665,K,0.9836962223052979,S,1.8088797330856323,S,1.6832064390182495
590,A,2.1922346445230336,S,5.329215049743652,S,1.9005457162857056,S,1.9075932502746582,A,2.387451171875,S,1.6608201265335083,C,1.2637794017791748,A,1.606463074684143,A,1.7314434051513672,S,2.0876693725585938,C,2.1925299167633057,S,1.1227344274520874,C,3.7413389682769775,S,1.5674664974212646
591,I,2.281132670549246,I,1.839978575706482,I,2.075246810913086,I,4.050560474395752,I,3.0572445392608643,I,1.8322337865829468,I,1.0704632997512817,V,3.9763007164001465,M,2.001544713973999,I,1.4758552312850952,I,3.104889154434204,I,1.1312144994735718,I,1.227315902709961,I,2.8118770122528076
592,Q,2.009467546756451,Q,2.166497230529785,Q,2.0019474029541016,Q,1.3492927551269531,Q,1.3436238765716553,Q,1.31456458568573,S,2.1556456089019775,Q,1.8022935390472412,Q,1.5018868446350098,Q,1.2526742219924927,S,1.0158720016479492,Q,6.226526260375977,S,2.7796454429626465,S,1.2126083374023438
593,C,1.923352090212015,C,2.665530204772949,C,1.9372267723083496,C,1.499504804611206,C,0.9928268790245056,C,3.638106346130371,C,1.4430954456329346,C,1.1517335176467896,C,1.6626958847045898,C,2.499680995941162,C,1.2233173847198486,C,1.8708516359329224,C,2.516594648361206,C,1.9024126529693604
594,Y,1.9151428433564992,Y,1.843001365661621,Y,4.57735013961792,Y,1.8160673379898071,Y,1.1960008144378662,Y,2.7688519954681396,Y,1.7481194734573364,Y,1.3271993398666382,Y,1.5444719791412354,Y,1.5560860633850098,Y,1.998694896697998,Y,0.8927369713783264,Y,1.0464465618133545,Y,2.5818300247192383
595,M,2.2392406922120314,M,2.3167564868927,M,2.2069175243377686,M,1.5855791568756104,M,2.9231109619140625,M,1.9791918992996216,M,2.8945467472076416,M,2.054746389389038,M,5.03673791885376,M,1.340684175491333,M,3.373459815979004,M,1.0612993240356445,M,1.2998733520507812,M,1.0372252464294434
596,N,2.3812227891041684,H,1.2234023809432983,H,2.6196560859680176,H,3.533747673034668,K,5.200869560241699,T,1.849695086479187,K,1.1487071514129639,K,2.3147783279418945,K,1.2336479425430298,Y,4.2528181076049805,K,1.2056076526641846,H,3.369237184524536,K,1.7720082998275757,K,1.2317208051681519
597,E,1.9686741878588994,E,1.3049463033676147,D,0.9986690282821655,E,1.038196086883545,D,1.110771656036377,-,,D,2.0100669860839844,E,1.189136028289795,E,2.41227126121521,E,1.544692873954773,D,5.675350189208984,E,0.9734030365943909,E,3.6834752559661865,D,1.683111548423767
598,T,3.1041768074035643,-,,-,,-,,-,,Q,4.010368347167969,N,2.84981369972229,-,,-,,-,,N,3.9708926677703857,-,,N,1.1714491844177246,N,3.518360137939453
599,-,1.8494238899304316,T,1.6051480770111084,T,1.1035566329956055,N,1.3481223583221436,T,1.693611741065979,T,1.4881134033203125,P,0.9405880570411682,R,2.1843581199645996,R,2.191009521484375,T,1.7977651357650757,P,1.2128472328186035,T,1.7667841911315918,P,5.252214431762695,P,1.4583916664123535
600,G,2.5641450790258555,G,2.186251163482666,G,2.9376513957977295,T,1.907288670539856,N,0.9004347920417786,G,7.608278274536133,G,1.1795839071273804,N,1.7710808515548706,N,1.8553413152694702,G,0.9544946551322937,G,1.5065819025039673,G,1.927337884902954,G,3.904752731323242,G,4.694808483123779
601,A,2.1112454396027784,A,1.6413494348526,A,3.504471778869629,A,1.2253077030181885,A,1.602206826210022,A,1.3846739530563354,S,1.9800387620925903,V,2.3713326454162598,V,1.0870567560195923,A,2.3285748958587646,A,2.0177268981933594,A,2.939565658569336,S,1.4858508110046387,L,3.8780345916748047
602,S,2.1107682356467614,S,1.6602303981781006,S,2.6665267944335938,S,1.814250111579895,S,3.950631618499756,T,1.6489109992980957,T,3.6630210876464844,P,1.7376710176467896,S,1.124216914176941,S,1.999671459197998,T,1.7544097900390625,S,2.450514078140259,T,1.5262044668197632,T,1.4437283277511597
603,E,1.9728257656097412,E,1.7853541374206543,E,1.861777901649475,E,3.2224655151367188,E,2.2744650840759277,E,3.933518409729004,E,1.132188081741333,E,1.753744125366211,E,1.9008607864379883,E,0.9398388862609863,E,1.5405360460281372,E,1.3438581228256226,E,2.253169536590576,E,1.7049583196640015
604,E,2.318648358186086,E,2.395393133163452,-,,-,,-,,-,,E,4.798773288726807,-,,-,,-,,E,1.1460095643997192,E,1.1569874286651611,E,1.7219054698944092,E,2.6928212642669678
605,-,3.0892653465270996,-,,-,,-,,-,,-,,D,3.9163336753845215,-,,-,,-,,-,,-,,-,,D,2.2621970176696777
606,-,2.4816567727497647,-,,D,1.0143834352493286,V,2.3802831172943115,E,2.401244878768921,E,3.3394393920898438,-,,N,2.213188409805298,E,1.6468746662139893,E,4.37618350982666,-,,-,,-,,-,
607,-,,-,,-,,-,,-,,-,,-,,-,,-,,-,,-,,-,,-,,-,
608,-,,-,,-,,-,,-,,-,,-,,-,,-,,-,,-,,-,,-,,-,
609,G,1.7522016872059216,V,1.379420518875122,E,2.0025277137756348,V,1.167862057685852,E,3.5349748134613037,A,1.224228858947754,-,,E,1.7381601333618164,E,1.8666620254516602,D,1.6534349918365479,D,2.0982718467712402,V,0.9080766439437866,D,1.700598955154419,-,
610,A,1.8651952468431914,A,2.0770058631896973,A,2.6624629497528076,A,1.612091064453125,A,1.3542054891586304,A,2.1625616550445557,A,1.4079294204711914,A,2.760511875152588,A,1.8419686555862427,A,2.1647233963012695,A,1.970712661743164,A,1.1121515035629272,A,1.3188340663909912,A,1.8023796081542969
611,R,2.4222210553976207,R,1.6481677293777466,R,1.7198957204818726,R,4.125844955444336,R,1.5855426788330078,R,1.9552021026611328,L,1.7239959239959717,R,1.746424674987793,R,1.933953046798706,R,1.9819927215576172,L,3.642069101333618,R,5.961895942687988,I,2.323719024658203,L,1.1401700973510742
612,E,2.0667323699364295,E,1.9270548820495605,E,1.3461620807647705,E,2.6855812072753906,E,1.1437456607818604,E,1.446392297744751,N,2.276240587234497,E,2.0058181285858154,D,1.4416639804840088,K,3.4045581817626953,N,3.099705457687378,Q,1.1961328983306885,N,2.836430072784424,N,2.058035373687744
613,Y,1.952044652058528,H,1.187435269355774,H,1.5813943147659302,Q,1.5368947982788086,H,1.5246684551239014,H,1.5012105703353882,H,2.1438565254211426,H,2.6270980834960938,H,2.005486249923706,H,2.627476453781128,H,3.0004098415374756,H,1.1316643953323364,H,2.4623847007751465,H,2.046600818634033
614,I,2.075762070142306,I,2.049730062484741,I,1.9671404361724854,M,2.815117835998535,V,2.1726269721984863,I,1.209751844406128,I,2.1030328273773193,V,1.1250473260879517,V,2.396069288253784,T,2.2004740238189697,L,2.1280574798583984,I,1.2965062856674194,I,3.252119779586792,I,2.269232749938965
615,K,2.032797721716074,K,1.9652162790298462,K,2.416844367980957,R,2.016698122024536,R,2.5299415588378906,K,1.5669962167739868,N,1.396677851676941,K,2.8951125144958496,R,2.3233089447021484,S,2.001899242401123,N,1.2006704807281494,K,1.3848551511764526,N,1.6408584117889404,N,3.0872912406921387
616,Y,1.9995853075614343,D,2.9959218502044678,Y,1.1394164562225342,A,3.68753719329834,F,2.0599822998046875,G,1.8300009965896606,S,1.9228086471557617,F,2.1154751777648926,F,1.4524867534637451,Y,1.7980645895004272,V,1.371732473373413,D,1.9365900754928589,A,1.195937156677246,A,2.4886553287506104
617,L,1.8891141689740694,M,2.0008249282836914,L,2.6623950004577637,R,2.544710397720337,M,1.8901622295379639,L,2.1146810054779053,M,1.978261113166809,L,1.2838304042816162,L,1.2439212799072266,L,3.6656460762023926,M,1.6838065385818481,M,1.0215646028518677,M,1.2274353504180908,M,1.2412452697753906
618,I,2.106688462770902,M,1.5347291231155396,I,1.5613391399383545,I,2.765329122543335,I,1.4545602798461914,V,1.6693415641784668,I,3.2130231857299805,I,2.304598331451416,N,1.9574159383773804,I,1.5021007061004639,I,1.1521810293197632,M,4.847002029418945,V,2.1420059204101562,I,1.2833236455917358
619,S,2.0814511134074283,R,1.0610440969467163,S,1.1097970008850098,S,2.2710375785827637,G,2.4739367961883545,H,3.141002655029297,N,2.8803436756134033,R,2.7114579677581787,R,1.9858118295669556,G,1.4585076570510864,S,1.9405337572097778,R,2.130579948425293,N,1.8138350248336792,N,2.0809764862060547
620,A,1.9586368340712328,Q,1.4139710664749146,E,1.7768820524215698,D,1.6824616193771362,E,2.8558242321014404,E,1.2372281551361084,E,2.178835153579712,E,3.0352389812469482,E,2.022794008255005,E,1.3674155473709106,G,1.6233855485916138,Q,3.0362184047698975,N,1.13548743724823,D,2.096536636352539
621,T,1.8608455474560077,M,1.6887413263320923,S,3.785332202911377,I,3.7478954792022705,A,1.8595058917999268,A,1.7751070261001587,I,1.1332924365997314,A,1.956278681755066,V,1.5765453577041626,T,1.610649824142456,V,1.523402214050293,M,0.839454174041748,L,1.451310157775879,I,1.2434773445129395
622,W,2.0478449234595666,W,6.12446403503418,W,1.6595852375030518,W,1.9031720161437988,W,2.2543699741363525,W,2.022289276123047,I,1.2886033058166504,S,2.273714303970337,S,1.10126531124115,W,1.3153436183929443,I,2.4442567825317383,W,0.8923819065093994,I,1.6492176055908203,I,1.693320631980896
623,K,1.8463348058553843,K,1.3723347187042236,K,1.5005367994308472,K,1.0612373352050781,K,1.6567538976669312,K,4.053853511810303,K,1.7727572917938232,K,2.1307358741760254,K,2.436187267303467,K,1.5306081771850586,K,1.6225330829620361,K,1.8854719400405884,K,1.534511923789978,K,1.4448306560516357
624,K,2.085580248099107,K,2.141542911529541,E,1.877825379371643,K,1.3857300281524658,G,3.684314250946045,G,1.0425097942352295,E,1.7396477460861206,Q,2.549844741821289,Q,1.5083059072494507,K,4.039743900299072,E,2.3246498107910156,K,0.6364165544509888,E,2.829098701477051,E,1.352913498878479
625,M,2.1473178680126486,V,1.5072253942489624,M,1.9665666818618774,M,2.149562358856201,L,3.2421698570251465,M,1.1839693784713745,L,1.3170548677444458,I,2.527855157852173,M,1.7253891229629517,L,1.635770320892334,L,3.7790985107421875,V,2.0603065490722656,V,1.9762035608291626,L,2.8439605236053467
626,N,2.0757321944603553,N,1.0800871849060059,N,3.2992072105407715,N,1.2247627973556519,N,1.5122350454330444,N,2.4116506576538086,N,2.073551654815674,N,4.039730072021484,N,1.8946738243103027,N,1.130313515663147,N,1.4827728271484375,N,1.5929408073425293,N,3.4165515899658203,N,1.826041340827942
627,K,1.957312061236455,A,2.0419414043426514,N,1.3441007137298584,K,1.0283623933792114,T,2.87090802192688,K,1.800092339515686,W,1.5945358276367188,T,1.877532720565796,P,2.488909959793091,E,1.480283260345459,W,1.2312220335006714,A,1.993746280670166,W,3.8301467895507812,W,1.8632750511169434
628,D,2.339592029651006,Y,1.3781836032867432,E,2.264185905456543,D,4.512233734130859,A,2.269603967666626,-,,E,1.1573753356933594,A,1.551523208618164,A,2.0248074531555176,D,1.9910905361175537,E,2.263749122619629,Y,3.4543981552124023,E,1.4024323225021362,E,3.805521011352539
629,R,2.5656713445981345,T,5.104851722717285,-,,-,,-,,-,,L,2.4764504432678223,-,,-,,-,,L,1.5971276760101318,T,3.302743434906006,L,1.5202271938323975,L,1.3926275968551636
630,A,2.4902303417523703,A,1.7491376399993896,D,5.311131000518799,V,1.651671051979065,M,1.1585615873336792,-,,L,1.7513316869735718,M,4.212504863739014,R,2.879246473312378,G,4.27609920501709,L,1.1279261112213135,A,2.5107920169830322,L,1.9221986532211304,L,1.3321638107299805
631,A,1.1099563837051392,D,1.2995651960372925,-,,-,,-,,-,,-,,-,,-,,-,,K,0.9800409078598022,D,1.0502630472183228,-,,-,
632,-,,-,,-,,-,,-,,-,,-,,-,,-,,-,,-,,-,,-,,-,
633,S,2.196419528552464,K,1.3182071447372437,G,1.609315037727356,A,1.4354664087295532,A,1.6095184087753296,C,2.029459238052368,-,,-,,-,,A,1.3095911741256714,-,,K,6.063379287719727,-,,-,
634,S,1.5267125368118286,D,1.056056022644043,-,,-,,K,1.7399898767471313,L,1.8701086044311523,-,,A,1.5802507400512695,A,1.3969889879226685,-,,-,,D,1.516880989074707,-,,-,
635,-,,-,,-,,-,,-,,-,,-,,-,,-,,-,,-,,-,,-,,-,
636,-,,-,,-,,-,,-,,-,,-,,-,,-,,-,,-,,-,,-,,-,
637,-,,-,,-,,-,,-,,-,,-,,-,,-,,-,,-,,-,,-,,-,
638,-,,-,,-,,-,,-,,-,,-,,-,,-,,-,,-,,-,,-,,-,
639,-,1.7518599373953683,-,,-,,-,,A,1.2230616807937622,F,2.1930291652679443,R,2.286883592605591,-,,A,1.7058478593826294,-,,P,1.3621101379394531,-,,R,1.571964144706726,K,1.9201229810714722
640,-,1.9308359742164611,-,,-,,L,1.8662147521972656,D,1.1409035921096802,E,1.9763320684432983,P,4.114650249481201,T,1.3213785886764526,D,3.0930864810943604,V,1.3488404750823975,N,1.7724028825759888,-,,Q,1.1249533891677856,P,1.5495972633361816
641,-,1.7918034924401178,-,,N,1.266771674156189,-,,D,3.3473212718963623,Q,2.471163749694824,D,1.4730496406555176,D,2.1944119930267334,D,1.3755072355270386,E,1.2268645763397217,-,,-,,D,1.3292713165283203,D,1.4418699741363525
642,P,1.9625470821674054,S,2.199087381362915,S,1.4287152290344238,S,1.6115559339523315,C,3.6281771659851074,T,1.1399660110473633,S,1.4632844924926758,C,2.5026092529296875,C,2.0294501781463623,S,3.6795401573181152,S,1.8767738342285156,S,1.0830199718475342,G,1.075637936592102,S,1.7952945232391357
643,F,1.9079378659908588,P,1.7911479473114014,F,2.444671869277954,P,3.1899147033691406,P,1.4405603408813477,P,2.3890771865844727,N,2.20129132270813,P,1.2710072994232178,P,2.2448630332946777,P,1.6489143371582031,S,1.2800167798995972,P,1.5953824520111084,T,1.6839567422866821,N,1.622388243675232
644,-,1.7633002721346343,L,2.5817606449127197,F,1.4368761777877808,L,1.787678837776184,F,2.323185682296753,F,1.6199359893798828,I,1.6786601543426514,F,1.3331396579742432,F,1.3142695426940918,F,1.3204091787338257,V,1.0462039709091187,L,2.6167075634002686,A,2.6073989868164062,I,1.2566771507263184
645,S,1.601468251301692,T,1.488486886024475,S,1.2694528102874756,P,1.72787606716156,T,2.416158437728882,A,1.8659831285476685,P,1.5985854864120483,T,1.1690508127212524,T,2.1466567516326904,P,1.8210973739624023,P,0.997281014919281,T,0.945385754108429,H,1.9487468004226685,P,1.424325942993164
646,H,2.034945222047659,R,2.1450276374816895,N,1.0202480554580688,Q,1.4640216827392578,E,2.845635414123535,E,1.9347319602966309,M,0.8515271544456482,E,2.3359718322753906,D,3.6839253902435303,E,2.5643186569213867,I,0.936109185218811,G,0.8915600776672363,I,0.9218272566795349,M,4.859383583068848
647,I,1.690126006419842,T,1.6411736011505127,E,1.6964293718338013,P,3.019488573074341,Q,1.5078253746032715,P,1.4029985666275024,P,1.2514073848724365,D,1.523726463317871,D,2.7106096744537354,T,1.9703643321990967,S,1.6931664943695068,T,1.2745968103408813,A,1.0945178270339966,T,1.1853336095809937
648,F,1.8706740966209998,T,1.383363127708435,F,2.5619964599609375,F,1.026538372039795,A,1.446458339691162,F,1.359980821609497,A,1.5059435367584229,F,2.247642993927002,F,2.6681723594665527,F,1.2847709655761719,S,5.150131702423096,T,1.3546687364578247,C,0.8367506265640259,A,1.4923452138900757
649,I,1.973292350769043,A,2.561367988586426,V,2.495612144470215,K,1.3981540203094482,V,1.220330834388733,V,2.4412381649017334,R,1.5237152576446533,A,2.098811626434326,V,2.129035472869873,I,2.1715285778045654,K,1.896799921989441,T,1.4000606536865234,K,1.9592788219451904,R,2.3568670749664307
650,E,2.609972600753491,E,1.152427315711975,Q,0.9886210560798645,A,2.235316276550293,E,3.0554559230804443,G,4.094801425933838,K,4.486138343811035,V,3.5281684398651123,V,2.3752856254577637,G,2.054638624191284,K,1.8795578479766846,E,1.407586693763733,K,5.051004886627197,K,1.6206413507461548
651,I,2.5341353049645057,F,5.879859924316406,V,1.563497543334961,A,2.037058115005493,A,0.9510241746902466,F,2.9838180541992188,H,1.3033686876296997,A,1.2915441989898682,A,1.8888052701950073,I,4.024645805358887,I,4.5763325691223145,F,1.8148902654647827,H,1.4422111511230469,H,3.1867032051086426
652,A,1.9704493696873004,L,1.6268197298049927,C,3.88224720954895,A,1.2004772424697876,A,1.4274393320083618,N,1.1916228532791138,A,0.9362426400184631,A,1.607317566871643,A,3.2488882541656494,A,1.4050700664520264,N,2.026870012283325,L,3.490626096725464,A,1.7120945453643799,A,1.860126256942749
653,L,1.8027890095343957,L,0.979608416557312,Q,1.0120103359222412,V,1.5257537364959717,A,2.1464195251464844,V,1.369803547859192,F,0.7878990173339844,A,1.4138226509094238,A,3.198277473449707,M,1.694698452949524,F,1.8167182207107544,L,1.6822731494903564,F,4.031380653381348,Y,1.7775919437408447
654,N,2.0790856984945445,N,1.677814245223999,N,1.9085206985473633,N,1.9700454473495483,N,2.403090476989746,N,2.6846909523010254,D,2.751840591430664,N,3.268667221069336,N,1.7634940147399902,N,2.0251028537750244,D,1.4366028308868408,N,1.5773357152938843,D,1.6436246633529663,E,1.917284369468689
655,L,1.8451488935030425,L,2.4902515411376953,L,1.510018229484558,L,1.423517107963562,L,1.5952887535095215,T,1.439064621925354,I,4.827116012573242,L,1.3056042194366455,L,1.5314961671829224,L,1.0888397693634033,I,1.68483567237854,L,1.4234237670898438,I,1.6079168319702148,I,2.059562921524048
656,A,2.136873566187345,V,1.607163906097412,G,1.1818214654922485,A,3.2955989837646484,G,2.0420422554016113,V,1.8786201477050781,T,1.4214595556259155,G,1.23218834400177,G,5.865075588226318,A,1.5066357851028442,T,2.0661017894744873,V,2.7842509746551514,L,1.1515920162200928,T,1.7468055486679077
657,R,1.4876199165980022,R,1.1177749633789062,-,,-,,-,,-,,R,1.4302386045455933,-,,-,,-,,R,1.5917818546295166,R,0.9854590892791748,K,1.8055182695388794,R,1.9949467182159424
658,-,,-,,-,,-,,-,,-,,-,,-,,-,,-,,-,,-,,-,,-,
659,-,1.8523087842123849,-,,R,2.347747802734375,R,2.1183385848999023,R,1.9281213283538818,R,1.2278425693511963,-,,R,1.5998226404190063,R,1.7702577114105225,R,1.97403085231781,-,,-,,-,,-,
660,-,,-,,-,,-,,-,,-,,-,,-,,-,,-,,-,,-,,-,,-,
661,-,,-,,-,,-,,-,,-,,-,,-,,-,,-,,-,,-,,-,,-,
662,-,,-,,-,,-,,-,,-,,-,,-,,-,,-,,-,,-,,-,,-,
663,-,,-,,-,,-,,-,,-,,-,,-,,-,,-,,-,,-,,-,,-,
664,-,,-,,-,,-,,-,,-,,-,,-,,-,,-,,-,,-,,-,,-,
665,-,,-,,-,,-,,-,,-,,-,,-,,-,,-,,-,,-,,-,,-,
666,M,2.1431467808209934,M,1.3202059268951416,A,2.056973457336426,M,4.324540615081787,A,1.433295726776123,G,3.078434705734253,A,3.412903308868408,V,1.8484809398651123,V,1.3027511835098267,M,1.3189382553100586,A,2.177940845489502,M,1.3608211278915405,G,2.240231513977051,A,1.985390543937683
667,A,1.941188477552854,S,1.1484427452087402,S,2.310506820678711,A,1.7991316318511963,A,1.8707895278930664,S,2.6941683292388916,L,1.9555048942565918,A,2.034738779067993,A,2.459047317504883,A,0.9136249423027039,F,1.953603982925415,S,2.041409492492676,S,1.9169752597808838,F,2.1375064849853516
668,Q,2.085237503051758,H,1.4514247179031372,Q,4.239457130432129,Q,1.1111249923706055,Q,3.116765022277832,Q,1.2704674005508423,H,1.4666258096694946,N,1.8817263841629028,D,2.269784450531006,Q,3.617401123046875,H,1.6536600589752197,H,1.5352827310562134,L,1.803017020225525,H,1.6913506984710693
669,C,1.507090715261606,F,1.512272834777832,F,1.3386627435684204,C,1.1774364709854126,F,1.7290126085281372,F,1.5183346271514893,H,1.6027368307113647,F,1.9050955772399902,F,1.3071566820144653,C,2.358947992324829,Y,1.5021843910217285,F,1.0327122211456299,H,1.5397381782531738,Q,1.0678881406784058
670,L,1.7640743897511408,M,2.2555649280548096,I,1.6189438104629517,M,1.0390883684158325,I,1.2308238744735718,F,3.1905717849731445,L,1.1470870971679688,V,2.0596702098846436,M,1.442046046257019,M,2.0426268577575684,G,1.6652482748031616,M,2.096721887588501,G,1.7053191661834717,L,1.4392547607421875
671,Y,2.503547186652819,Y,6.0984272956848145,Y,3.1023049354553223,Y,1.9275197982788086,Y,0.9939600825309753,Y,1.1611052751541138,Y,2.2241787910461426,-,,Y,1.1853865385055542,Y,1.7284197807312012,Y,3.9215188026428223,Y,3.353147029876709,Y,1.3485169410705566,Y,2.9980809688568115
672,-,3.0788557529449463,-,,-,,-,,-,,-,,-,,Y,3.0788557529449463,-,,-,,-,,-,,-,,-,
673,Q,1.415201031244718,L,1.2287201881408691,Q,1.17972731590271,Q,1.3326389789581299,L,0.9966843128204346,Q,1.50505530834198,K,1.5045335292816162,V,0.9916766881942749,V,1.3550465106964111,Q,1.7923959493637085,K,1.6916332244873047,L,1.1644837856292725,K,1.9590309858322144,K,1.6959866285324097
674,H,2.554949091031001,H,2.0944905281066895,Y,1.3568848371505737,H,3.897587776184082,D,1.235418438911438,H,4.120849132537842,Y,1.9787424802780151,D,3.325361490249634,E,1.6643719673156738,H,2.670499563217163,Y,1.127242088317871,H,4.8319902420043945,Y,3.443920850753784,Y,1.4669787883758545
675,G,1.9655230137018056,G,1.40614914894104,G,1.4728484153747559,G,1.758713722229004,G,3.9026591777801514,G,1.6907696723937988,R,2.4231467247009277,G,2.0688414573669434,G,2.644197463989258,G,1.5141767263412476,R,1.2534676790237427,G,1.6616936922073364,R,2.046319007873535,R,1.7088162899017334
676,D,1.8597401197140033,D,2.6751742362976074,D,1.5677359104156494,D,1.8093280792236328,D,1.4820290803909302,D,1.4153114557266235,D,2.2702243328094482,D,1.4732028245925903,D,1.6458362340927124,D,1.513067364692688,D,2.2474141120910645,D,2.682313919067383,D,1.216801404953003,D,2.178182601928711
677,G,2.19697314959306,G,1.2737895250320435,G,4.514407157897949,G,2.3832311630249023,G,1.3771395683288574,G,2.9853146076202393,G,1.4696524143218994,G,1.513879656791687,G,3.410433769226074,G,1.3539432287216187,G,0.9926592111587524,G,1.9278334379196167,G,0.9956104755401611,G,4.362756729125977
678,H,2.0361440579096475,-,,H,2.7680299282073975,H,2.4031641483306885,H,1.0414303541183472,Y,1.6278549432754517,F,1.7778713703155518,F,2.3418848514556885,L,1.2326637506484985,H,5.49671745300293,Y,1.1646935939788818,H,1.0880061388015747,F,2.4083409309387207,F,1.083071231842041
679,G,1.4843067460589938,-,,A,1.1907126903533936,G,1.3189551830291748,-,,A,2.563072443008423,S,2.0164406299591064,-,,-,,G,0.9129232168197632,S,1.448854684829712,G,1.2036927938461304,S,1.5326762199401855,S,1.1714328527450562
680,L,2.063665439685186,H,1.3878710269927979,S,2.4271745681762695,N,2.290118932723999,-,,V,1.4692339897155762,V,1.678897500038147,G,1.450313925743103,G,1.68186354637146,I,1.8737094402313232,V,6.062914848327637,V,1.7538286447525024,V,1.3034378290176392,V,1.384621024131775
681,-,,-,,-,,-,,-,,-,,-,,-,,-,,-,,-,,-,,-,,-,
682,-,,-,,-,,-,,-,,-,,-,,-,,-,,-,,-,,-,,-,,-,
683,-,,-,,-,,-,,-,,-,,-,,-,,-,,-,,-,,-,,-,,-,
684,G,2.2898229509592056,G,1.147661805152893,-,,-,,-,,-,,A,1.2707910537719727,V,2.2376983165740967,L,3.9929051399230957,-,,S,3.356551170349121,Q,1.654096245765686,A,1.2770265340805054,A,3.3818533420562744
685,-,,-,,-,,-,,-,,-,,-,,-,,-,,-,,-,,-,,-,,-,
686,-,2.185509375163487,-,,Q,1.2446378469467163,P,2.0902020931243896,G,2.137352466583252,T,2.4087796211242676,-,,Q,4.1697211265563965,Q,1.5114775896072388,E,1.7363948822021484,-,,-,,-,,-,
687,N,2.055119656599485,V,2.3067567348480225,N,1.0965369939804077,H,1.295784592628479,N,3.7943272590637207,E,0.9530611634254456,T,1.5845577716827393,H,2.110914468765259,Y,1.1332658529281616,Y,1.8933141231536865,S,2.3479857444763184,N,1.2352588176727295,N,4.776854991912842,T,2.187937021255493
688,R,2.2063593681042013,T,1.2822202444076538,N,2.415520429611206,R,1.2953948974609375,F,3.377789258956909,S,1.3426069021224976,K,3.396517038345337,S,1.2399059534072876,P,1.3675391674041748,G,1.7972983121871948,V,2.1451494693756104,Q,3.763493537902832,K,2.177919626235962,Q,3.0813169479370117
689,E,2.2499585151672363,I,1.5523433685302734,L,1.5019091367721558,E,1.1814320087432861,Q,1.3190935850143433,W,1.5676673650741577,E,1.2534596920013428,K,1.6602473258972168,A,2.7953336238861084,E,4.349062442779541,E,5.451120376586914,E,1.4554468393325806,E,3.296550989151001,E,1.8657939434051514
690,T,2.056851714849472,-,,S,2.6279337406158447,S,2.179455518722534,I,1.3308275938034058,T,2.3688743114471436,T,1.6047232151031494,I,2.42529559135437,I,1.6590365171432495,T,2.3300509452819824,T,3.151526689529419,T,1.4613606929779053,T,2.148683547973633,T,1.3944522142410278
691,K,2.50357918938001,-,,K,1.6933881044387817,K,1.4875565767288208,R,4.189876556396484,K,1.3648524284362793,K,1.3041058778762817,Y,1.567868709564209,H,2.23136568069458,E,1.357971429824829,K,4.696904182434082,I,2.229531764984131,K,6.086781024932861,K,1.8327479362487793
692,D,2.1470319766264696,D,2.1070637702941895,E,1.1735410690307617,D,1.4138115644454956,Q,1.2751694917678833,D,1.921825885772705,S,4.377800464630127,E,1.6238514184951782,Q,2.003814220428467,D,2.120267152786255,S,2.9242236614227295,D,2.0171282291412354,N,1.4410946369171143,S,3.511824131011963
693,R,1.9613589965380156,V,1.350248098373413,R,3.0661373138427734,H,2.6059837341308594,H,1.56889009475708,L,2.0244457721710205,L,2.0107662677764893,Q,1.6913526058197021,H,2.1071088314056396,R,1.4904264211654663,L,1.9017152786254883,V,1.16098153591156,W,1.9954172372817993,L,2.52419376373291
694,I,2.4851264495116014,G,4.211148262023926,V,3.752455472946167,I,3.782971143722534,V,1.3548599481582642,S,2.2313501834869385,V,2.6099045276641846,I,1.3746099472045898,M,1.9624744653701782,V,1.4557693004608154,V,1.9391344785690308,G,2.6233251094818115,V,3.1875288486480713,V,1.8211121559143066
695,L,2.328223329323989,F,1.3225910663604736,L,1.3915386199951172,L,1.8769307136535645,E,1.402665376663208,L,1.377182126045227,S,2.0114822387695312,G,3.2081029415130615,A,3.003326892852783,L,4.172175884246826,M,3.7456438541412354,F,3.500694751739502,R,1.481740951538086,R,1.7728278636932373
696,S,1.7756886390539317,T,2.3750734329223633,G,1.688894271850586,S,1.40083909034729,K,1.2952640056610107,S,4.089226245880127,R,1.7985316514968872,T,1.2608083486557007,E,0.9426039457321167,S,1.0933194160461426,R,1.3028278350830078,T,1.7039166688919067,R,1.547829031944275,R,2.5848183631896973
697,L,2.050222268471351,L,2.31121563911438,L,2.0310113430023193,L,1.926374077796936,L,3.7943115234375,V,1.5797762870788574,M,2.227123498916626,L,1.282224416732788,L,3.4551382064819336,L,0.9562528133392334,T,1.1727193593978882,L,1.212042212486267,T,3.2555277347564697,T,1.4491723775863647
698,L,2.08020569727971,L,1.8063921928405762,I,1.7055271863937378,V,1.5127363204956055,F,1.9498859643936157,L,1.75384521484375,V,3.803377866744995,M,2.26428484916687,L,2.0649847984313965,L,1.9468557834625244,L,3.386350154876709,L,1.553460717201233,V,1.9490995407104492,V,1.345873475074768
699,I,2.172290646112882,F,1.5028643608093262,I,3.4380745887756348,V,1.5940738916397095,F,1.2361648082733154,I,1.6095147132873535,L,3.858966827392578,F,1.7086769342422485,F,1.0115296840667725,V,3.623792886734009,L,1.7783931493759155,F,2.6394686698913574,L,0.975766658782959,L,3.262491226196289
700,Q,1.9999020924934974,Q,1.6284825801849365,T,1.4399837255477905,E,1.249635934829712,H,2.795949697494507,H,1.6467286348342896,E,2.0215084552764893,E,2.1574881076812744,H,1.5214259624481201,E,2.812204599380493,E,2.298341989517212,Q,1.6448383331298828,E,3.2413010597229004,E,1.5408381223678589
701,P,2.2505935430526733,P,1.6012219190597534,P,1.4853184223175049,P,1.677261233329773,P,2.210350751876831,P,4.212292194366455,P,1.6868752241134644,P,5.143935680389404,P,1.3637992143630981,P,1.5396422147750854,P,1.903754711151123,P,1.8035399913787842,S,2.066638708114624,P,2.5630857944488525
702,I,1.9582305321326623,I,2.4433352947235107,I,1.6754711866378784,I,1.8774094581604004,Y,2.174215078353882,I,1.2984727621078491,V,2.9898409843444824,Y,1.7931067943572998,Y,2.4016664028167725,I,0.7938129901885986,V,1.956357479095459,I,2.1587374210357666,V,2.1551573276519775,V,1.7394137382507324
703,P,1.7709833681583405,P,1.9327787160873413,P,0.9437803030014038,Q,2.2620530128479004,V,2.0530388355255127,P,1.2951514720916748,T,1.4776180982589722,P,1.6307328939437866,A,2.1291890144348145,P,1.7266852855682373,P,1.3433200120925903,-,,P,1.627382516860962,P,2.8300702571868896
704,-,1.8602838615576427,-,,M,0.8425543904304504,L,2.920203924179077,-,,L,1.883674144744873,L,1.3411189317703247,-,,-,,S,2.6017820835113525,-,,-,,-,,L,1.5723696947097778
705,L,1.539611577987671,L,1.7538323402404785,-,,M,1.3233646154403687,-,,N,1.0411306619644165,-,,-,,-,,L,2.055406332015991,L,1.5243239402770996,-,,-,,-,
706,N,1.3342377344767253,-,,-,,E,1.1244573593139648,-,,E,1.4431427717208862,-,,-,,-,,S,1.4351130723953247,-,,-,,-,,-,
707,K,2.0193676948547363,-,,-,,S,1.4837620258331299,-,,E,2.056171417236328,-,,-,,-,,S,2.518169641494751,-,,-,,-,,-,
708,D,1.7642306089401245,-,,-,,-,,-,,D,1.3831586837768555,-,,-,,-,,E,2.1453025341033936,-,,-,,-,,-,
709,-,,-,,-,,-,,-,,-,,-,,-,,-,,-,,-,,-,,-,,-,
710,-,,-,,-,,-,,-,,-,,-,,-,,-,,-,,-,,-,,-,,-,
711,-,,-,,-,,-,,-,,-,,-,,-,,-,,-,,-,,-,,-,,-,
712,-,,-,,-,,-,,-,,-,,-,,-,,-,,-,,-,,-,,-,,-,
713,-,,-,,-,,-,,-,,-,,-,,-,,-,,-,,-,,-,,-,,-,
714,-,,-,,-,,-,,-,,-,,-,,-,,-,,-,,-,,-,,-,,-,
