MSA_Column,Q93X23_Residue,Mean_GAT_Attention,A0A6P6W6H5_AA,A0A6P6W6H5_GAT_ATT,A5Y5L5_AA,A5Y5L5_GAT_ATT,B5A434_AA,B5A434_GAT_ATT,C0PT35_AA,C0PT35_GAT_ATT,C0PTH8_AA,C0PTH8_GAT_ATT,D5KXD2_AA,D5KXD2_GAT_ATT,E2E2N3_AA,E2E2N3_GAT_ATT,E2E2P0_AA,E2E2P0_GAT_ATT,F1CKI6_AA,F1CKI6_GAT_ATT,F2XF94_AA,F2XF94_GAT_ATT,F2XF98_AA,F2XF98_GAT_ATT,F2XFA1_AA,F2XFA1_GAT_ATT,F2XFA2_AA,F2XFA2_GAT_ATT,F2XFA4_AA,F2XFA4_GAT_ATT,F2XFA5_AA,F2XFA5_GAT_ATT,F2XFA8_AA,F2XFA8_GAT_ATT,G1JUH1_AA,G1JUH1_GAT_ATT,G5CV52_AA,G5CV52_GAT_ATT,G8H5M7_AA,G8H5M7_GAT_ATT,G8H5N0_AA,G8H5N0_GAT_ATT,G8H5N1_AA,G8H5N1_GAT_ATT,H6WZF2_AA,H6WZF2_GAT_ATT,O23945_AA,O23945_GAT_ATT,O64961_AA,O64961_GAT_ATT,P0DI76_AA,P0DI76_GAT_ATT,P0DI77_AA,P0DI77_GAT_ATT,Q8L5K4_AA,Q8L5K4_GAT_ATT,Q93X23_AA,Q93X23_GAT_ATT,R4JGL8_AA,R4JGL8_GAT_ATT,R4JQS2_AA,R4JQS2_GAT_ATT,R9QMY8_AA,R9QMY8_GAT_ATT,R9QMZ0_AA,R9QMZ0_GAT_ATT,T1RR72_AA,T1RR72_GAT_ATT,T1RRJ4_AA,T1RRJ4_GAT_ATT,T1RRR9_AA,T1RRR9_GAT_ATT,U5PZT6_AA,U5PZT6_GAT_ATT,W6HUT3_AA,W6HUT3_GAT_ATT
1,-,,-,,-,,-,,-,,-,,-,,-,,-,,-,,-,,-,,-,,-,,-,,-,,-,,-,,-,,-,,-,,-,,-,,-,,-,,-,,-,,-,,-,,-,,-,,-,,-,,-,,-,,-,,-,,-,
2,-,,-,,-,,-,,-,,-,,-,,-,,-,,-,,-,,-,,-,,-,,-,,-,,-,,-,,-,,-,,-,,-,,-,,-,,-,,-,,-,,-,,-,,-,,-,,-,,-,,-,,-,,-,,-,,-,
3,-,,-,,-,,-,,-,,-,,-,,-,,-,,-,,-,,-,,-,,-,,-,,-,,-,,-,,-,,-,,-,,-,,-,,-,,-,,-,,-,,-,,-,,-,,-,,-,,-,,-,,-,,-,,-,,-,
4,-,,-,,-,,-,,-,,-,,-,,-,,-,,-,,-,,-,,-,,-,,-,,-,,-,,-,,-,,-,,-,,-,,-,,-,,-,,-,,-,,-,,-,,-,,-,,-,,-,,-,,-,,-,,-,,-,
5,-,1.50681734085083,-,,-,,-,,-,,-,,-,,-,,-,,-,,-,,-,,-,,-,,-,,-,,-,,-,,-,,-,,-,,-,,-,,I,1.50681734085083,-,,-,,-,,-,,-,,-,,-,,-,,-,,-,,-,,-,,-,,-,
6,-,1.755148450533549,-,,-,,-,,-,,-,,-,,-,,-,,-,,-,,-,,-,,-,,-,,-,,-,,-,,-,,-,,-,,-,,D,1.1731324195861816,I,1.97962486743927,-,,-,,-,,-,,-,,-,,T,2.1126880645751953,-,,-,,-,,-,,-,,-,,-,
7,T,2.00036541223526,K,2.276216983795166,-,,-,,-,,-,,-,,K,1.4726163148880005,-,,-,,-,,-,,-,,-,,-,,-,,-,,-,,-,,-,,-,,V,1.2612099647521973,-,,S,2.2322261333465576,-,,-,,-,,-,,T,2.184161901473999,-,,K,1.609281063079834,-,,-,,K,2.2778329849243164,K,2.267261505126953,K,2.27734375,-,,Q,2.145503520965576
8,S,1.8063111235113705,Q,1.4824000597000122,-,,-,,-,,-,,S,2.057323932647705,P,2.02842378616333,V,2.1147336959838867,-,,-,,-,,-,,-,,-,,-,,-,,-,,E,1.3296595811843872,S,1.7839360237121582,E,1.3313379287719727,N,2.1434874534606934,-,,K,2.1490235328674316,S,1.6647428274154663,-,,-,,-,,S,1.600548267364502,V,2.1673529148101807,P,2.780491352081299,-,,-,,P,1.4570900201797485,P,1.4538555145263672,P,1.4585336446762085,-,,S,1.7043485641479492
9,P,1.8002725149455823,Q,1.77705979347229,L,1.580925703048706,-,,-,,-,,A,1.828760027885437,A,2.7857184410095215,E,1.842165231704712,-,,-,,-,,-,,-,,-,,-,,-,,-,,V,1.3955990076065063,A,1.6535840034484863,V,1.3802170753479004,T,1.5583455562591553,Q,2.4515674114227295,P,1.6652803421020508,A,1.8643943071365356,-,,-,,-,,P,1.5972522497177124,E,1.860276222229004,A,1.9297220706939697,-,,-,,V,1.5321366786956787,V,1.5364017486572266,V,1.5337319374084473,-,,Q,2.432039976119995
10,D,2.2093517780303955,L,1.5915095806121826,N,2.802255868911743,S,1.5886690616607666,-,,-,,N,1.884678840637207,E,1.9825278520584106,E,2.4278225898742676,-,,-,,-,,-,,-,,-,,-,,-,,-,,I,2.7751195430755615,N,2.5074846744537354,I,2.748420238494873,T,2.6173200607299805,N,2.1342408657073975,E,2.4830946922302246,D,2.478886127471924,-,,-,,-,,D,1.8252670764923096,E,2.4060754776000977,E,1.7482579946517944,-,,-,,D,2.1675477027893066,D,2.1459949016571045,D,2.1649885177612305,-,,S,1.706873893737793
11,I,2.09576758146286,I,2.8650455474853516,L,1.7927436828613281,E,2.0100083351135254,-,,-,,K,1.5409142971038818,I,1.5633668899536133,E,1.6440190076828003,-,,-,,-,,-,,-,,-,,-,,-,,-,,I,4.100377082824707,K,1.4412806034088135,I,4.150294780731201,I,1.83500337600708,L,2.4577038288116455,V,1.8517426252365112,K,1.7477519512176514,-,,-,,-,,I,1.4273821115493774,E,1.6678999662399292,I,1.8398356437683105,-,,-,,E,2.0054244995117188,E,2.0156147480010986,E,2.0052742958068848,-,,P,1.9536683559417725
12,L,2.0713861703872682,N,1.6071984767913818,T,1.5048233270645142,N,2.2729859352111816,-,,-,,C,1.8287848234176636,T,1.4597675800323486,T,1.7396738529205322,-,,-,,-,,-,,-,,-,,-,,-,,-,,T,2.2935028076171875,S,1.8109198808670044,T,2.287750482559204,T,2.7255876064300537,T,1.918709635734558,V,2.2040369510650635,C,1.9092340469360352,-,,-,,-,,L,1.9713730812072754,T,1.7140792608261108,T,1.7062463760375977,-,,-,,T,2.8971712589263916,T,2.945272445678711,T,2.8870928287506104,-,,L,1.743512749671936
13,R,1.9444762647151947,R,1.9002926349639893,R,1.4870303869247437,R,1.6348021030426025,-,,-,,R,1.64259934425354,R,2.456498622894287,R,2.572406768798828,-,,-,,-,,-,,-,,-,,-,,-,,-,,R,2.079225778579712,R,1.6017783880233765,R,2.066288471221924,R,1.656245231628418,R,1.6573634147644043,R,1.7681198120117188,R,1.815241813659668,-,,-,,-,,R,2.5388951301574707,R,2.553236722946167,R,2.0432162284851074,-,,-,,R,1.9011926651000977,R,1.8517892360687256,R,1.8692792654037476,-,,R,1.7940232753753662
14,R,2.260544961690903,R,2.2166147232055664,R,2.070652961730957,R,1.7860267162322998,-,,-,,P,3.4660730361938477,R,2.312004804611206,R,1.7534945011138916,-,,-,,-,,-,,-,,-,,-,,-,,-,,R,2.18163800239563,P,3.5269269943237305,R,2.1326053142547607,P,3.4633631706237793,R,1.5878961086273193,R,3.3214831352233887,P,2.0253634452819824,-,,-,,-,,R,1.4240052700042725,R,1.6984256505966187,R,1.8131921291351318,-,,-,,R,2.088613748550415,R,2.121757984161377,R,2.0974528789520264,-,,R,2.1233086585998535
15,S,2.0957470774650573,S,1.9550628662109375,S,2.1675407886505127,A,2.17155385017395,-,,-,,L,2.345365285873413,S,2.7387523651123047,S,2.356254816055298,-,,-,,-,,-,,-,,-,,-,,-,,-,,S,2.047027826309204,L,2.447744607925415,S,2.0037662982940674,L,1.6540073156356812,S,2.802781343460083,T,1.4343225955963135,L,2.071932554244995,-,,-,,-,,S,3.385956287384033,S,2.321085214614868,S,1.791191577911377,-,,-,,S,1.3636894226074219,S,1.354324460029602,S,1.3542065620422363,-,,S,2.1483755111694336
16,A,1.7586506128311157,G,1.9903087615966797,G,2.3201065063476562,S,1.9899731874465942,-,,-,,A,1.1348004341125488,G,1.8618525266647339,G,1.5012716054916382,-,,-,,-,,-,,-,,-,,-,,-,,-,,G,2.4331679344177246,A,1.0747942924499512,G,2.7549166679382324,A,1.5248585939407349,G,1.6109843254089355,A,1.884704828262329,A,1.1540210247039795,-,,-,,-,,A,1.6612905263900757,G,1.5314024686813354,G,1.6666678190231323,-,,-,,G,1.8227219581604004,G,1.7060298919677734,G,1.7061504125595093,-,,G,1.8429884910583496
17,N,2.3112466096878053,N,3.2809982299804688,N,2.8702406883239746,N,2.8337795734405518,-,,-,,N,2.526374101638794,N,1.5322707891464233,N,1.8263181447982788,-,,-,,-,,-,,-,,-,,-,,-,,-,,S,2.7625467777252197,N,2.676539897918701,S,2.5406222343444824,N,1.3747189044952393,N,3.28625750541687,N,1.5140445232391357,N,3.605454444885254,-,,-,,-,,N,2.4344921112060547,N,1.9045395851135254,N,2.075066328048706,-,,-,,N,1.6578400135040283,N,1.610334038734436,N,1.6184388399124146,-,,N,2.294055461883545
18,Y,2.370979315042496,Y,1.6829038858413696,Y,2.271576404571533,Y,2.584925889968872,-,,-,,F,4.158639430999756,Y,2.006652355194092,Y,1.9201242923736572,-,,-,,-,,-,,-,,-,,-,,-,,-,,H,1.4086592197418213,F,3.6435768604278564,H,1.4646801948547363,Y,1.2702559232711792,Y,1.3666595220565796,F,1.647568702697754,F,3.853039264678955,-,,-,,-,,Y,2.0177078247070312,Y,2.042833089828491,Y,2.358405351638794,-,,-,,Y,2.752638578414917,Y,3.2671923637390137,Y,3.2823872566223145,-,,Y,2.4191598892211914
19,Q,2.124851590394974,E,1.6865620613098145,G,1.1976597309112549,K,1.591327428817749,-,,-,,H,2.274509906768799,E,2.084836959838867,Q,1.703588843345642,-,,-,,-,,-,,-,,-,,-,,-,,-,,H,1.8637415170669556,H,2.471470832824707,H,1.975576639175415,H,3.5790772438049316,Q,1.9040348529815674,K,1.6492125988006592,H,2.715851068496704,-,,-,,-,,Q,3.204746961593628,Q,1.7362438440322876,E,3.4667229652404785,-,,-,,Q,1.8836936950683594,Q,1.8844363689422607,Q,1.8861733675003052,-,,Q,1.7375649213790894
20,P,1.8414753258228302,A,1.2420246601104736,P,1.2974408864974976,P,1.9815424680709839,-,,-,,P,1.1583716869354248,P,1.822891354560852,A,2.1933717727661133,-,,-,,-,,-,,-,,-,,-,,-,,-,,P,2.181856870651245,P,1.2913644313812256,P,1.9311217069625854,S,3.613595485687256,P,1.8381896018981934,P,2.503580331802368,P,1.2759228944778442,-,,-,,-,,P,1.1937167644500732,A,2.3954524993896484,P,1.8728920221328735,-,,-,,P,1.6481304168701172,P,1.5995577573776245,P,1.624401330947876,-,,P,2.164081573486328
21,S,2.0768197596073152,P,2.346099615097046,T,1.5656938552856445,S,1.6705330610275269,-,,-,,T,2.9408555030822754,S,1.529496431350708,S,2.2501344680786133,-,,-,,-,,-,,-,,-,,-,,-,,-,,T,1.4343597888946533,T,2.7845420837402344,T,1.588459849357605,S,3.3017776012420654,T,1.7653400897979736,S,2.894831418991089,S,2.8458549976348877,-,,-,,-,,S,1.4545612335205078,S,1.6044484376907349,S,1.5975135564804077,-,,-,,S,2.1455650329589844,S,2.111595869064331,S,2.1387670040130615,-,,S,1.5659652948379517
22,I,1.6920149385929109,L,1.6877528429031372,M,2.2610557079315186,T,1.811592936515808,-,,-,,V,1.2591098546981812,L,1.6696189641952515,I,1.5764622688293457,-,,-,,-,,-,,-,,-,,-,,-,,-,,L,1.7430771589279175,V,1.2112948894500732,L,1.6755414009094238,V,1.304288387298584,M,1.520071029663086,V,1.9888670444488525,V,1.2525595426559448,-,,-,,-,,I,2.1166539192199707,I,1.7415627241134644,L,1.7882730960845947,-,,-,,A,1.6685479879379272,A,1.667183756828308,A,1.6692235469818115,-,,I,2.2275617122650146
23,W,1.961833840608597,W,2.576350450515747,W,2.5168423652648926,W,1.8676581382751465,-,,-,,W,1.7537827491760254,W,2.6649794578552246,W,2.0364813804626465,-,,-,,-,,-,,-,,-,,-,,-,,-,,W,1.5128494501113892,W,1.4965823888778687,W,1.4552184343338013,W,2.8835561275482178,W,1.6013823747634888,W,1.224929928779602,W,2.1032917499542236,-,,-,,-,,W,1.7624397277832031,W,2.1347720623016357,W,1.6930675506591797,-,,-,,W,1.9916784763336182,W,2.046630382537842,W,1.9922293424606323,-,,W,1.9219542741775513
24,N,2.17195611000061,E,2.120431661605835,D,2.9613029956817627,D,1.9265475273132324,-,,-,,G,2.284231185913086,D,1.8314276933670044,N,2.9134199619293213,-,,-,,-,,-,,-,,-,,-,,-,,-,,G,1.4800211191177368,G,2.236696481704712,G,1.479412317276001,G,1.930065631866455,D,2.436058282852173,G,1.1475884914398193,G,2.3477323055267334,-,,-,,-,,N,2.5027408599853516,D,2.6120951175689697,D,2.070221185684204,-,,-,,D,2.3372092247009277,D,2.332786798477173,D,2.3360683917999268,-,,T,2.1530649662017822
25,H,2.156205230951309,F,1.5849237442016602,F,1.8101284503936768,Y,1.6645039319992065,-,,-,,Y,2.957651376724243,F,2.409771203994751,N,1.5412951707839966,-,,-,,-,,-,,-,,-,,-,,-,,-,,D,2.667120933532715,Y,2.932993173599243,D,3.0975847244262695,N,1.8238179683685303,F,1.5500638484954834,D,2.9877676963806152,Y,1.3892724514007568,-,,-,,-,,H,1.8163127899169922,N,1.5699344873428345,F,1.6172285079956055,-,,-,,F,2.6159913539886475,F,2.603126287460327,F,2.614635467529297,-,,H,1.869981050491333
26,D,2.214286196231842,D,3.0657145977020264,E,2.320845127105713,E,3.221918821334839,-,,-,,H,1.4780012369155884,D,1.5280243158340454,D,2.2274656295776367,-,,-,,-,,-,,-,,-,,-,,-,,-,,H,1.9779232740402222,H,1.52676522731781,H,1.9772748947143555,Y,1.3620827198028564,E,2.8845162391662598,R,3.5639474391937256,H,1.7604354619979858,-,,-,,-,,D,1.5696170330047607,D,3.3772218227386475,D,2.332871198654175,-,,-,,E,1.9938918352127075,E,2.0002145767211914,E,1.993241786956787,-,,D,2.123750686645508
27,Y,1.9445189535617828,Y,1.3126686811447144,Y,1.5034593343734741,F,1.7574254274368286,-,,-,,F,2.5101187229156494,Y,1.6084474325180054,Y,2.175339698791504,-,,-,,-,,-,,-,,-,,-,,-,,-,,F,1.9385697841644287,F,2.383504629135132,F,1.9190552234649658,F,1.1938674449920654,Y,2.263810873031616,F,1.9702529907226562,F,2.4231059551239014,-,,-,,-,,Y,1.757696509361267,F,1.5113638639450073,F,2.2960855960845947,-,,-,,Y,2.1487104892730713,Y,2.2110981941223145,Y,2.15018630027771,-,,R,1.8556119203567505
28,I,1.7432646410805839,I,1.561109185218811,I,1.7244231700897217,L,1.7327431440353394,-,,-,,L,1.2457389831542969,L,3.5071794986724854,V,1.8891948461532593,-,,-,,-,,-,,-,,-,,-,,-,,-,,L,1.3482520580291748,L,1.1106727123260498,L,1.2368255853652954,L,1.3488266468048096,I,1.5852092504501343,A,1.402509093284607,L,1.3437459468841553,-,,-,,I,2.0439229011535645,I,2.158740520477295,I,1.4621937274932861,I,1.6222487688064575,-,,-,,I,2.201627731323242,I,2.1981372833251953,I,2.201878786087036,-,,I,1.6833776235580444
29,E,1.9041961586993674,Q,1.8537722826004028,Q,1.6012102365493774,Q,1.3412797451019287,-,,-,,S,2.527975082397461,Q,1.7095823287963867,Q,1.6639328002929688,-,,-,,-,,-,,-,,-,,-,,-,,-,,A,1.1061586141586304,S,2.577648401260376,A,1.0869989395141602,S,2.5254464149475098,Q,2.2946107387542725,N,2.3417296409606934,S,2.939624786376953,L,2.1232025623321533,L,2.1232025623321533,Q,1.8015427589416504,E,2.328640937805176,Q,1.9729464054107666,Q,1.3968528509140015,-,,-,,Q,1.5437211990356445,Q,1.48900306224823,Q,1.5440630912780762,-,,Q,1.903366208076477
30,S,1.883892263684954,-,,S,1.3458328247070312,S,2.1301746368408203,-,,-,,Y,1.736127257347107,S,1.8035356998443604,S,2.252718448638916,-,,-,,-,,-,,-,,-,,-,,-,,-,,Y,2.1471621990203857,Y,1.9533125162124634,Y,2.186440944671631,Y,1.300764799118042,S,1.5742555856704712,Y,1.259281873703003,Y,1.7420494556427002,-,,-,,S,1.888216257095337,S,2.109982967376709,S,2.2198007106781006,S,1.8049821853637695,-,,-,,S,1.984965443611145,S,1.787840723991394,S,1.9845727682113647,L,2.1439881324768066,S,2.2057321071624756
31,L,2.1331203877925873,-,,-,,L,1.425549864768982,-,,-,,T,1.3770456314086914,L,1.696744441986084,F,1.8615293502807617,-,,-,,-,,-,,-,,-,,-,,-,,T,2.355978488922119,A,2.6403746604919434,T,1.3814891576766968,A,2.594480037689209,T,4.477637767791748,-,,A,2.9197347164154053,T,1.4459441900253296,-,,-,,L,2.986621618270874,L,2.011568307876587,F,1.869701862335205,L,3.3936209678649902,-,,-,,L,1.2337148189544678,L,1.5692391395568848,L,1.2335562705993652,T,1.618666648864746,L,2.5692098140716553
32,R,2.022969050840898,S,1.8353193998336792,-,,A,2.5720534324645996,-,,-,,H,2.1169915199279785,N,2.1104400157928467,-,,-,,-,,-,,-,,-,,-,,-,,-,,H,1.5648703575134277,D,2.2934701442718506,H,2.339801073074341,D,2.3025310039520264,P,2.5128586292266846,-,,E,2.328638792037964,H,2.3926286697387695,S,1.758317232131958,S,1.758317232131958,D,1.258874773979187,R,1.8704237937927246,N,1.7178823947906494,D,2.037748336791992,-,,-,,K,1.9467401504516602,K,1.8321497440338135,K,1.9463634490966797,V,1.9774792194366455,T,2.0314197540283203
33,I,1.9004159569740295,L,1.8909361362457275,I,2.2564759254455566,T,1.9397283792495728,-,,-,,E,0.9640156626701355,T,1.9694128036499023,N,1.7372734546661377,-,,-,,-,,-,,-,,-,,-,,-,,N,2.225902795791626,L,2.706672191619873,-,,L,2.7140562534332275,Q,1.3504682779312134,I,1.7108594179153442,D,1.6934118270874023,E,0.9493368864059448,I,2.6003873348236084,I,2.6003873348236084,S,1.3738183975219727,I,2.4934024810791016,-,,N,1.8035914897918701,-,,-,,N,1.7658603191375732,N,1.6846444606781006,N,1.7657636404037476,E,1.5682015419006348,L,1.9449599981307983
34,E,2.1343708872795104,K,2.7840962409973145,H,2.188385248184204,S,3.900461435317993,-,,-,,-,,H,1.9562721252441406,T,1.3669917583465576,-,,-,,-,,-,,-,,-,,-,,-,,H,1.484134316444397,-,,-,,-,,L,1.7749335765838623,H,1.5702548027038574,I,1.224206805229187,I,3.0420522689819336,E,1.7206010818481445,E,1.720986247062683,-,,E,1.8498239517211914,T,1.5573984384536743,H,2.400047540664673,-,,-,,K,2.750220775604248,K,2.824643135070801,K,2.7521071434020996,S,1.9709856510162354,S,1.8488152027130127
35,Y,1.978861065137954,N,2.433178663253784,N,2.2940709590911865,H,2.1140923500061035,Y,2.0444281101226807,-,,-,,H,1.9642220735549927,N,2.3541500568389893,-,,-,,Y,2.110649824142456,-,,Y,2.1299655437469482,-,,-,,-,,H,1.5437567234039307,R,1.8231754302978516,-,,R,1.8284822702407837,T,0.9338066577911377,N,2.6597800254821777,I,2.44227933883667,-,,N,2.013974666595459,N,2.0147440433502197,K,1.7628774642944336,Y,2.0946242809295654,N,1.7466202974319458,H,1.1619558334350586,-,,-,,-,,-,,-,,P,2.085247755050659,-,
36,-,2.1223817182623823,E,1.7688844203948975,D,2.1146178245544434,N,1.8761804103851318,E,1.9063162803649902,-,,-,,H,1.5831754207611084,Q,1.9454907178878784,-,,-,,E,1.8550091981887817,-,,E,1.8558056354522705,-,,-,,-,,V,2.4173996448516846,G,2.4529871940612793,-,,G,2.4761271476745605,E,3.182786703109741,D,2.9081287384033203,-,,-,,K,2.013697624206543,K,1.9018551111221313,Y,1.8857088088989258,-,,K,2.759829044342041,P,1.9998570680618286,-,,-,,Y,1.7484463453292847,Y,1.7328256368637085,Y,1.748455286026001,L,2.759965181350708,H,1.9212300777435303
37,V,2.0209757414731113,-,,-,,-,,A,2.468322277069092,-,,I,3.1216883659362793,-,,-,,-,,-,,A,2.3344244956970215,-,,A,2.002699851989746,-,,-,,-,,G,2.165536642074585,A,1.3248176574707031,-,,A,1.3520721197128296,I,2.1500189304351807,-,,T,1.2693414688110352,-,,-,,-,,K,2.6257412433624268,V,1.4160701036453247,-,,-,,-,,-,,-,,-,,-,,-,,-,
38,-,1.6833151578903198,-,,-,,-,,-,,-,,-,,-,,-,,-,,-,,-,,-,,-,,-,,-,,-,,-,,-,,E,0.9419519901275635,-,,-,,-,,-,,-,,-,,-,,-,,-,,-,,-,,-,,-,,-,,-,,-,,K,2.2298460006713867,T,1.8781474828720093
39,-,1.957346613590534,Y,1.5309877395629883,Y,2.62313175201416,T,1.7646334171295166,-,,-,,-,,Y,2.4028735160827637,Y,3.3453903198242188,-,,-,,-,,-,,-,,-,,-,,-,,-,,-,,-,,-,,-,,Y,1.5673401355743408,-,,-,,Y,1.690571665763855,Y,1.62428879737854,-,,-,,Y,2.0337092876434326,Y,1.4754140377044678,-,,-,,-,,K,1.6745153665542603,-,,V,2.0675134658813477,A,1.6451364755630493
40,-,2.0141244490941363,A,2.0852603912353516,T,2.211386203765869,V,1.9893834590911865,-,,-,,-,,K,2.109219789505005,K,1.735587239265442,-,,-,,-,,-,,-,,-,,-,,-,,-,,-,,I,2.999725580215454,-,,-,,A,1.5797394514083862,-,,-,,A,1.585992455482483,A,1.6467341184616089,-,,-,,R,2.8470067977905273,V,1.9164031744003296,-,,-,,K,1.696544885635376,-,,K,1.6957292556762695,E,2.343967914581299,D,1.769186019897461
41,G,2.118467648824056,G,2.0761444568634033,E,1.8800601959228516,Q,1.483946681022644,-,,-,,T,2.957216501235962,K,1.72429621219635,D,2.2650513648986816,-,,-,,-,,-,,-,,-,,-,,-,,-,,N,1.4682586193084717,T,2.8478519916534424,N,1.3915077447891235,S,1.468080997467041,G,1.9560961723327637,Q,1.2299041748046875,T,2.938383102416992,S,1.7883563041687012,S,1.6978174448013306,G,2.479492664337158,G,1.9984990358352661,D,1.6644673347473145,K,2.7231953144073486,-,,-,,E,3.0698885917663574,E,3.0681228637695312,E,3.069056510925293,E,1.551873803138733,E,2.0456554889678955
42,E,1.9604131749698095,D,2.0271565914154053,K,2.6373465061187744,E,1.4804720878601074,P,1.7434977293014526,-,,N,2.9587929248809814,E,1.5279910564422607,E,1.8650864362716675,-,,-,,P,1.8046197891235352,-,,P,1.7896184921264648,-,,-,,-,,E,1.938307762145996,E,1.5947414636611938,N,2.8163139820098877,E,1.6066205501556396,S,1.2400827407836914,D,1.8086633682250977,T,2.339038610458374,N,2.669513463973999,E,1.704594612121582,E,1.6139376163482666,E,2.141976833343506,E,1.721348762512207,E,2.1114115715026855,E,2.7017464637756348,-,,-,,E,1.7890371084213257,E,1.751011610031128,E,1.788144588470459,K,1.8716058731079102,D,1.8488903045654297
43,T,1.9035773703030177,I,1.892067790031433,K,1.7340645790100098,K,1.2737534046173096,S,1.464125633239746,-,,Q,1.467193365097046,E,2.5925958156585693,K,1.6127575635910034,-,,-,,S,1.5111732482910156,-,,S,2.093618631362915,-,,-,,-,,K,2.1171367168426514,G,1.8889628648757935,Q,1.4815706014633179,G,1.9168758392333984,Q,3.319005250930786,K,2.25128436088562,Q,1.8708323240280151,Q,1.4873380661010742,T,2.3026323318481445,T,2.6580049991607666,S,1.8839993476867676,T,2.008035898208618,K,1.7123171091079712,E,1.8995286226272583,-,,-,,K,1.6870203018188477,K,1.6232919692993164,K,1.6851669549942017,E,1.578244924545288,D,2.2875678539276123
44,C,2.0047281427042827,Y,2.092647075653076,Y,1.409899353981018,H,2.9740495681762695,Y,1.709967017173767,-,,E,2.0960328578948975,Q,2.6145386695861816,H,1.743323802947998,-,,-,,Y,1.9095871448516846,-,,Y,1.6518429517745972,-,,-,,-,,Y,1.9725559949874878,E,1.9719830751419067,E,2.158917188644409,E,1.9647561311721802,E,3.1303515434265137,Y,1.4445714950561523,M,2.01267409324646,E,2.0804848670959473,E,1.8677978515625,E,1.824204683303833,Y,1.5979955196380615,C,2.9349722862243652,H,1.7894951105117798,Q,1.676861047744751,-,,-,,Y,1.3380764722824097,Y,1.3587660789489746,Y,1.3380144834518433,Q,2.600400686264038,H,2.8676209449768066
45,T,1.946089608915921,V,1.685591697692871,M,1.6676019430160522,M,3.1412746906280518,R,2.255228281021118,-,,K,1.3746730089187622,L,2.053663730621338,L,1.6344057321548462,-,,-,,R,2.2433176040649414,-,,R,2.2631678581237793,-,,-,,-,,M,2.2525055408477783,E,1.6320401430130005,K,1.3241380453109741,E,1.6633977890014648,K,1.818717360496521,M,1.1489635705947876,Q,4.36327600479126,K,1.405553936958313,V,1.5249180793762207,V,1.4846364259719849,A,2.96882963180542,T,1.5974977016448975,L,1.631971836090088,L,1.399167776107788,L,2.098571300506592,-,,L,1.9093159437179565,L,1.9697750806808472,L,1.911399483680725,T,1.5789927244186401,G,2.4340057373046875
46,R,2.284918965964482,S,2.5934948921203613,N,1.6951301097869873,K,1.5934079885482788,E,2.07840633392334,-,,V,2.9496405124664307,K,1.663996934890747,K,1.9258214235305786,-,,-,,E,1.9267057180404663,-,,E,1.9266083240509033,-,,-,,-,,K,2.4741547107696533,K,2.7532832622528076,V,3.1106927394866943,K,2.7230117321014404,R,1.8864705562591553,K,2.707102060317993,E,2.1453664302825928,V,2.819611072540283,I,3.820488452911377,I,3.7399191856384277,R,1.211529016494751,R,2.02718448638916,N,2.233078956604004,K,2.07187557220459,E,1.9254645109176636,-,,T,2.2697315216064453,T,2.309403419494629,T,2.2697134017944336,K,1.545370101928711,E,1.8659865856170654
47,Q,1.987574581442208,R,1.5667701959609985,R,3.0609095096588135,M,1.6460288763046265,R,2.5850939750671387,-,,E,1.3418850898742676,R,1.449313759803772,K,1.9801324605941772,-,,-,,R,2.534397840499878,-,,R,2.538618326187134,-,,-,,-,,R,1.794157862663269,Q,1.9180551767349243,E,1.4124858379364014,Q,1.9320549964904785,E,1.1072816848754883,R,2.864231586456299,Q,1.488702416419983,E,1.284156084060669,T,1.8065063953399658,T,2.0893774032592773,Q,2.0351898670196533,Q,1.9979463815689087,R,1.9774725437164307,R,1.5397002696990967,R,2.3645269870758057,-,,R,2.616760015487671,R,2.5760562419891357,R,2.614933490753174,K,1.9948166608810425,R,1.5221009254455566
48,I,2.1178437882456285,A,1.382669448852539,L,1.6448513269424438,A,1.823520541191101,A,2.1223578453063965,-,,V,3.618077516555786,E,1.995501160621643,K,2.345860004425049,-,,-,,A,2.1078953742980957,-,,A,2.160675287246704,-,,-,,-,,F,1.452418327331543,N,1.3944107294082642,V,3.647758960723877,N,1.363619089126587,L,1.222145676612854,F,2.1293792724609375,V,2.627103328704834,V,3.8128514289855957,R,2.2215657234191895,R,2.1064558029174805,L,1.7786192893981934,I,1.8942136764526367,K,1.9294147491455078,E,1.8561853170394897,A,1.7404921054840088,-,,H,2.367140054702759,H,2.3783605098724365,H,2.3683576583862305,L,2.280486583709717,I,1.6450830698013306
49,N,1.9238433632357368,N,1.4779268503189087,N,1.5654828548431396,E,3.2566471099853516,E,1.6240609884262085,-,,D,1.7348732948303223,E,1.4595139026641846,E,1.9753073453903198,-,,-,,E,1.6458096504211426,-,,E,1.6623505353927612,-,,-,,-,,N,1.4080979824066162,E,2.6899938583374023,D,1.741154670715332,E,2.6117770671844482,E,1.2682969570159912,N,1.669825553894043,E,2.108236074447632,D,1.7414634227752686,D,2.132296085357666,D,1.9719369411468506,E,2.019810438156128,N,2.4125592708587646,E,1.8197412490844727,E,2.1887893676757812,D,1.50254487991333,-,,T,2.090076446533203,T,2.0815653800964355,T,2.089315891265869,M,1.630900502204895,K,2.2111029624938965
50,V,2.0766642304027783,E,1.543117642402649,K,1.4034444093704224,K,1.780190348625183,R,2.1387619972229004,R,2.378180980682373,E,1.6709070205688477,E,1.8219844102859497,E,2.5822913646698,-,,-,,R,2.0243682861328125,R,2.379318952560425,R,1.959726333618164,R,2.377915859222412,R,2.3771986961364746,-,,E,2.0759997367858887,D,1.7311819791793823,E,1.6727787256240845,D,1.9006224870681763,E,5.207868576049805,E,1.3088849782943726,E,1.4261375665664673,E,1.678236961364746,V,1.9958504438400269,V,2.203376531600952,K,2.124774217605591,V,2.1129117012023926,E,2.081028699874878,E,1.9952747821807861,T,1.7533175945281982,R,2.0962517261505127,K,2.298475503921509,K,2.270185947418213,K,2.301539421081543,L,2.3075830936431885,L,1.626896858215332
51,L,1.8456391289427474,L,2.599132776260376,L,2.008047580718994,L,2.3049113750457764,L,1.6016719341278076,L,1.928606390953064,Y,1.3980518579483032,L,2.2338080406188965,L,2.2185041904449463,L,2.2277140617370605,L,2.2219598293304443,L,1.4476476907730103,L,1.9303652048110962,L,1.4108750820159912,L,1.9300882816314697,L,1.9283368587493896,L,2.0038270950317383,L,1.9301509857177734,L,1.5618220567703247,Y,1.338521957397461,L,1.4810559749603271,L,1.7926145792007446,L,1.5926480293273926,L,1.5573763847351074,Y,1.4197044372558594,L,1.551193118095398,L,1.4940822124481201,L,2.071276903152466,L,1.709089756011963,L,2.257965087890625,L,3.0184760093688965,L,2.2759897708892822,L,2.0258450508117676,L,1.1133968830108643,L,1.1249406337738037,L,1.1130019426345825,L,1.8934217691421509,L,2.572525978088379
52,K,1.9943941638276383,K,2.4467525482177734,K,2.339003801345825,K,1.835395336151123,I,2.3344554901123047,I,1.976933240890503,K,2.3419222831726074,I,2.5659499168395996,I,2.3233304023742676,I,1.605603575706482,I,1.6057891845703125,I,1.8763654232025146,I,1.977287769317627,I,1.8734912872314453,I,1.9779525995254517,I,1.979961633682251,I,1.9030444622039795,K,2.377931833267212,K,2.7200851440429688,K,2.194751262664795,K,2.6427602767944336,K,1.7148946523666382,K,1.3699339628219604,K,2.21213436126709,K,2.378643274307251,K,1.3709297180175781,K,1.3251746892929077,K,2.3144657611846924,K,1.9252272844314575,I,2.0169620513916016,I,2.4099934101104736,V,1.9469406604766846,I,2.061511516571045,T,1.1811500787734985,T,1.20418119430542,T,1.181469440460205,K,2.21028470993042,K,2.0699198246002197
53,E,2.140774765530148,E,1.8774220943450928,E,2.3474345207214355,E,1.1802682876586914,G,1.870080828666687,D,1.8480743169784546,E,1.4079663753509521,V,2.867337226867676,A,1.6640633344650269,G,2.157874345779419,G,2.154860258102417,G,1.536271572113037,D,1.837450623512268,G,1.5447227954864502,D,1.8436906337738037,D,1.8460088968276978,G,2.4963505268096924,A,3.0776865482330322,E,3.7732698917388916,E,1.3776718378067017,E,3.7324891090393066,E,1.9790537357330322,E,3.316176414489746,Q,3.4263830184936523,E,1.461222767829895,K,1.7713693380355835,K,1.7683331966400146,E,3.1492769718170166,E,1.7705457210540771,A,2.446399211883545,V,1.8934006690979004,E,2.322497844696045,K,1.884425163269043,V,1.9423186779022217,V,1.9500924348831177,V,1.9424734115600586,E,1.9454845190048218,C,1.7982192039489746
54,Q,1.8734188015396531,Q,2.227785110473633,E,2.6180882453918457,E,1.0091558694839478,E,1.868872880935669,E,1.6646428108215332,T,1.3132189512252808,Q,1.6186974048614502,Q,1.4142088890075684,E,1.9693312644958496,E,1.9868354797363281,E,3.736462116241455,E,1.665855050086975,E,3.7470145225524902,E,1.6627988815307617,E,1.6639658212661743,E,1.690945029258728,E,2.288318395614624,E,1.0370049476623535,T,1.2790659666061401,E,1.0443848371505737,K,2.27824068069458,E,1.3463047742843628,V,1.9693303108215332,T,1.3424659967422485,K,2.1350796222686768,K,2.132549524307251,Q,1.404523491859436,Q,2.205500841140747,Q,2.243147850036621,Q,2.047184944152832,A,1.941402554512024,E,1.49481201171875,Q,1.8135426044464111,Q,1.8287851810455322,Q,1.8140619993209839,R,2.18874192237854,Q,1.624168872833252
55,V,2.0145862392477087,V,2.8426527976989746,M,1.7295161485671997,V,2.2496869564056396,V,2.424452543258667,V,1.6850049495697021,I,3.0488626956939697,V,2.186101198196411,V,1.6982738971710205,V,1.4943301677703857,V,1.511694073677063,V,2.1224260330200195,V,1.6859878301620483,V,2.1331100463867188,V,1.6842856407165527,V,1.6855932474136353,V,1.457059621810913,M,2.2561845779418945,V,1.28208589553833,I,2.8893563747406006,V,1.2654181718826294,V,1.726174235343933,M,1.797511100769043,V,1.4105064868927002,I,2.8690929412841797,V,2.141392946243286,V,2.141392946243286,V,1.7693065404891968,V,1.5595052242279053,V,2.2364730834960938,V,1.2521722316741943,I,1.7603460550308228,V,1.6934783458709717,V,2.9247918128967285,V,2.9393885135650635,V,2.9244370460510254,I,2.102893352508545,T,1.9587451219558716
56,R,1.988449915035351,K,3.0617969036102295,K,2.3722691535949707,K,1.6670347452163696,K,1.6815024614334106,K,1.912172555923462,R,2.1475133895874023,K,1.2923626899719238,K,1.742850661277771,K,1.9418857097625732,K,1.9642210006713867,K,1.6572610139846802,K,1.9295485019683838,K,1.658266305923462,K,1.9155848026275635,K,1.9122132062911987,K,1.8058353662490845,K,1.4095886945724487,R,2.4408340454101562,R,2.229193687438965,R,2.3890466690063477,R,1.4407970905303955,K,1.842242956161499,R,2.5716099739074707,R,2.349439859390259,K,2.528812885284424,K,2.528812885284424,S,1.82834792137146,R,1.606138825416565,K,1.688349962234497,K,1.1619882583618164,K,2.603719711303711,K,2.0747427940368652,K,1.9961843490600586,K,1.9844200611114502,K,1.9962961673736572,A,2.629918336868286,N,1.6098432540893555
57,M,1.8760244040875822,M,1.4973031282424927,K,1.7760958671569824,S,1.9852508306503296,E,2.0875914096832275,N,2.035801410675049,K,1.1706606149673462,M,2.4533514976501465,I,1.9445593357086182,E,1.930193543434143,E,1.9897172451019287,E,1.8333014249801636,N,2.045827865600586,E,1.8142635822296143,N,2.035668134689331,N,2.0362582206726074,K,2.211435317993164,K,1.520980954170227,K,1.5850160121917725,K,1.1952755451202393,K,1.589536428451538,Q,1.781559705734253,K,1.7406538724899292,K,1.9709327220916748,K,1.1915724277496338,S,1.9832804203033447,S,1.9832804203033447,A,1.572108507156372,M,3.1381235122680664,V,1.4155758619308472,I,1.5043154954910278,D,2.068793296813965,E,1.808281660079956,M,2.1804537773132324,M,2.1801228523254395,M,2.1799421310424805,E,1.7892334461212158,K,2.18658447265625
58,M,2.0774137297192135,M,1.4508932828903198,M,1.5621330738067627,M,2.5355727672576904,M,1.8630425930023193,M,2.5813090801239014,M,1.8388898372650146,L,2.8152425289154053,L,2.0518035888671875,I,1.9655835628509521,I,1.9713962078094482,M,1.7172496318817139,M,2.558143377304077,M,1.717583179473877,M,2.585716485977173,M,2.5768508911132812,M,2.036346912384033,H,1.5435007810592651,M,2.0513899326324463,M,1.8563339710235596,M,2.0513224601745605,M,1.9428629875183105,M,1.3575687408447266,E,1.4260576963424683,M,1.9749377965927124,M,1.8210779428482056,M,1.893476963043213,M,3.267625093460083,M,2.0208659172058105,L,1.7014572620391846,L,2.235424280166626,R,2.4717800617218018,M,2.4454877376556396,L,2.2214441299438477,L,2.0716066360473633,L,2.221034288406372,V,1.505091667175293,L,2.956204652786255
59,L,1.9698342568165548,L,1.7166681289672852,I,1.9437922239303589,I,1.0773009061813354,F,1.6904513835906982,F,2.2445967197418213,L,1.803041934967041,L,1.7339931726455688,L,2.215601682662964,F,2.513509750366211,F,2.3758482933044434,F,1.6487979888916016,F,2.238175868988037,F,1.6338918209075928,F,2.241417169570923,F,2.2448134422302246,F,2.6267058849334717,L,2.3433926105499268,L,1.5528477430343628,L,1.7267144918441772,L,1.4424049854278564,L,1.5114142894744873,I,2.002108097076416,V,1.5736948251724243,L,1.8710527420043945,L,2.442241907119751,L,2.5458035469055176,L,1.451748251914978,L,1.5368989706039429,L,1.7657898664474487,L,2.2645459175109863,F,1.5262033939361572,F,1.818015694618225,L,2.1848151683807373,L,2.0963380336761475,L,2.185809850692749,I,2.4555211067199707,M,2.63789963722229
60,H,2.2686813436448574,D,3.252523183822632,M,1.7949893474578857,-,,-,,N,1.7169647216796875,V,3.3749473094940186,G,1.4045846462249756,N,2.2633328437805176,N,2.2858517169952393,N,2.1278176307678223,-,,N,1.7197237014770508,-,,N,1.721366047859192,N,1.7218037843704224,N,2.060163736343384,-,,V,4.706176280975342,V,3.640554904937744,V,4.696400165557861,V,1.6246085166931152,M,2.969001293182373,F,2.7065224647521973,V,3.9384539127349854,D,1.329328179359436,D,1.5455851554870605,Q,1.3069055080413818,H,1.228083610534668,N,2.008568048477173,G,2.023503303527832,N,1.8228541612625122,T,2.2445995807647705,D,1.626922607421875,D,1.9598517417907715,D,1.6309093236923218,C,2.082996368408203,E,2.0619091987609863
61,K,1.9155758899800919,-,,-,,-,,-,,S,2.1941909790039062,-,,-,,-,,R,1.707399845123291,R,1.8095744848251343,-,,S,2.203589916229248,-,,S,2.195181131362915,S,2.196866035461426,S,1.7018810510635376,-,,M,1.6058530807495117,E,1.3152486085891724,M,1.6061264276504517,E,2.190143346786499,-,,T,1.8534038066864014,E,1.6941466331481934,-,,-,,Q,1.8582175970077515,K,2.8044533729553223,-,,-,,S,1.5825598239898682,E,2.0459539890289307,-,,-,,-,,-,,-,
62,V,1.9362807624480303,-,,-,,-,,-,,I,1.6906888484954834,E,1.293113112449646,-,,-,,I,2.1902828216552734,I,2.2953310012817383,-,,I,1.697763204574585,-,,I,1.6897764205932617,I,1.6907670497894287,M,2.1231226921081543,-,,A,1.5754897594451904,A,2.2193212509155273,A,1.555436134338379,T,3.5325255393981934,-,,N,1.2723400592803955,-,,-,,-,,D,2.096956729888916,V,1.738368272781372,-,,-,,M,1.7919259071350098,I,2.463564157485962,-,,-,,-,,-,,-,
63,-,1.9453639835119247,-,,-,,-,,-,,S,2.1384453773498535,-,,-,,-,,S,1.7447493076324463,S,1.7732644081115723,-,,S,2.112049102783203,-,,S,2.1322779655456543,S,2.1359152793884277,S,1.6786648035049438,-,,-,,-,,-,,-,,-,,-,,-,,-,,-,,-,,-,,-,,-,,G,1.8475456237792969,-,,-,,-,,-,,-,,-,
64,-,1.9794817119836807,-,,-,,-,,-,,M,1.7218505144119263,-,,-,,-,,M,2.405128002166748,M,2.346480369567871,-,,M,1.7357622385025024,-,,M,1.7238247394561768,M,1.7253679037094116,S,2.185227632522583,-,,-,,-,,-,,-,,-,,-,,-,,-,,-,,-,,-,,-,,-,,V,1.9922122955322266,-,,-,,-,,-,,-,,-,
65,-,2.0991097688674927,-,,-,,-,,-,,E,2.2393879890441895,-,,-,,-,,A,1.5708706378936768,A,1.5462913513183594,-,,E,2.204451322555542,-,,E,2.2290449142456055,E,2.2288191318511963,E,1.773403525352478,-,,-,,-,,-,,-,,-,,-,,-,,-,,-,,-,,-,,-,,-,,E,2.9421515464782715,E,2.1575675010681152,-,,-,,-,,-,,-,
66,-,,-,,-,,-,,-,,-,,-,,-,,-,,-,,-,,-,,-,,-,,-,,-,,-,,-,,-,,-,,-,,-,,-,,-,,-,,-,,-,,-,,-,,-,,-,,-,,-,,-,,-,,-,,-,,-,
67,-,,-,,-,,-,,-,,-,,-,,-,,-,,-,,-,,-,,-,,-,,-,,-,,-,,-,,-,,-,,-,,-,,-,,-,,-,,-,,-,,-,,-,,-,,-,,-,,-,,-,,-,,-,,-,,-,
68,-,2.1764492193857827,-,,-,,-,,-,,-,,-,,-,,-,,N,2.9905776977539062,N,2.9747073650360107,-,,-,,-,,-,,-,,D,2.157979965209961,-,,P,1.498261570930481,-,,P,1.4931912422180176,P,1.5195139646530151,-,,-,,-,,-,,-,,N,3.098858594894409,-,,-,,-,,D,2.0450754165649414,D,1.8098771572113037,-,,-,,-,,-,,-,
69,-,2.2345126072565713,-,,-,,-,,-,,D,2.413902521133423,-,,-,,-,,G,1.9142918586730957,G,2.067938804626465,-,,D,2.4058690071105957,E,1.9628570079803467,D,2.4132487773895264,D,2.410621404647827,G,2.583066940307617,M,2.0055787563323975,-,,-,,-,,D,2.266146421432495,-,,-,,-,,-,,-,,-,,-,,-,,-,,G,1.8412046432495117,G,2.5294251441955566,-,,-,,-,,-,,-,
70,-,1.8471228310040064,-,,-,,-,,E,1.966123104095459,V,1.7586079835891724,-,,-,,-,,E,1.5590155124664307,E,1.7950531244277954,E,1.9750043153762817,V,1.7656925916671753,S,2.2194864749908447,V,1.7590593099594116,V,1.756786584854126,E,1.8072621822357178,M,2.039806604385376,-,,-,,-,,N,1.9958668947219849,-,,-,,-,,-,,-,,-,,-,,-,,-,,E,2.1248583793640137,L,1.3370965719223022,-,,-,,-,,-,,-,
71,-,1.9539833252246563,-,,-,,-,,S,2.2152254581451416,E,2.3067734241485596,-,,-,,-,,L,1.4040658473968506,L,1.4663619995117188,S,2.2129948139190674,E,2.3631222248077393,M,1.9462940692901611,E,2.316849708557129,E,2.3172335624694824,L,2.1759490966796875,M,1.2642033100128174,-,,-,,-,,-,,-,,-,,-,,-,,-,,-,,-,,-,,-,,R,1.443760871887207,S,1.9689488410949707,-,,-,,-,,-,,-,
72,-,1.8766969328834897,E,1.4083009958267212,A,1.8383049964904785,-,,M,1.950621485710144,F,1.9411321878433228,-,,-,,-,,V,1.820889949798584,V,1.6496058702468872,M,1.9293439388275146,F,1.9407049417495728,-,,F,1.9429975748062134,F,1.9451543092727661,I,1.6663864850997925,L,2.3955729007720947,-,,-,,-,,-,,A,3.518049478530884,-,,-,,D,1.1500961780548096,D,1.3284965753555298,K,2.4412946701049805,-,,-,,-,,I,1.6583006381988525,I,1.0864959955215454,E,1.999226689338684,E,1.818720817565918,E,1.9809389114379883,-,,-,
73,-,1.8126812191570507,-,,-,,K,1.968212366104126,G,2.677865982055664,S,1.686102032661438,-,,-,,-,,S,1.1398138999938965,S,1.4218504428863525,G,2.5691328048706055,S,1.6926374435424805,G,2.6655099391937256,S,1.6894994974136353,S,1.6858609914779663,S,1.7291618585586548,H,1.5914011001586914,-,,-,,-,,-,,-,,-,,-,,-,,-,,V,2.050870180130005,-,,-,,-,,S,2.107328176498413,T,1.0837970972061157,-,,-,,-,,E,1.4172947406768799,E,1.639242172241211
74,-,,-,,-,,-,,-,,-,,-,,-,,-,,-,,-,,-,,-,,-,,-,,-,,-,,-,,-,,-,,-,,-,,-,,-,,-,,-,,-,,-,,-,,-,,-,,-,,-,,-,,-,,-,,-,,-,
75,-,1.943025280689371,E,2.057374954223633,E,2.312241792678833,G,2.294976234436035,P,1.572845458984375,P,1.5821521282196045,A,2.3448915481567383,T,1.6299936771392822,T,1.9807099103927612,H,2.0210437774658203,H,1.9080779552459717,P,1.7292338609695435,P,1.5625265836715698,P,1.5804979801177979,P,1.5807723999023438,P,1.5837171077728271,P,1.6846222877502441,E,2.3261799812316895,-,,P,2.575309991836548,-,,-,,E,1.5747008323669434,A,1.7612764835357666,T,2.1670994758605957,E,2.3235280513763428,E,1.3547160625457764,V,1.2900774478912354,-,,T,2.101433753967285,T,2.512334108352661,P,2.358203172683716,P,2.9618031978607178,-,,-,,-,,-,,K,1.6153929233551025
76,-,2.1774716738498574,D,2.737454652786255,G,1.613037347793579,Q,1.3274967670440674,N,2.1370010375976562,L,1.7384271621704102,P,2.5990207195281982,K,1.2460815906524658,K,2.498029947280884,V,3.0932061672210693,V,2.5519580841064453,N,2.0893499851226807,L,1.724802851676941,N,2.167680263519287,L,1.7365798950195312,L,1.74144446849823,H,2.062495708465576,E,2.3654284477233887,-,,E,3.2158689498901367,-,,-,,G,3.1912975311279297,A,1.95619535446167,C,1.8926312923431396,K,1.80962073802948,K,2.278379201889038,D,1.6246960163116455,-,,K,1.9462846517562866,K,2.1936097145080566,L,2.0998923778533936,L,2.2835981845855713,D,2.5497989654541016,D,2.3802695274353027,D,2.5318069458007812,G,1.7167792320251465,K,2.7563414573669434
77,V,2.058909982442856,M,1.474104881286621,S,2.497347593307495,M,2.06597638130188,N,1.8276288509368896,N,1.9094454050064087,E,2.916372776031494,M,3.295091152191162,M,1.8278931379318237,D,1.9301320314407349,D,2.0039713382720947,N,1.728339672088623,N,1.9013617038726807,N,1.8049240112304688,N,1.906962513923645,N,1.9029661417007446,N,1.8851717710494995,S,2.213047742843628,S,1.952911615371704,G,2.133089065551758,S,2.0188674926757812,-,,S,2.183900833129883,D,1.1534407138824463,D,2.326575994491577,K,1.6138941049575806,K,1.8550418615341187,L,1.3694515228271484,V,2.8613409996032715,M,2.417057514190674,M,2.9688336849212646,T,1.889037013053894,S,3.6772022247314453,M,1.484141230583191,M,1.418944001197815,M,1.668229579925537,K,1.6642613410949707,G,2.3738014698028564
78,N,2.2355116804440818,K,1.377806544303894,Q,1.9999582767486572,E,2.031505823135376,D,1.7350623607635498,D,2.408479690551758,G,2.25640869140625,E,1.0806931257247925,E,2.106703519821167,D,3.038836717605591,D,3.095093011856079,D,1.899368166923523,D,2.4077439308166504,D,1.7382266521453857,D,2.4111385345458984,D,2.4080514907836914,D,2.1858808994293213,Q,1.643525242805481,K,1.062520980834961,S,3.269788980484009,N,1.0623135566711426,-,,Q,3.0974433422088623,D,1.2727036476135254,N,2.495894432067871,S,3.377145528793335,S,3.067337989807129,D,2.939856767654419,N,2.1289820671081543,E,2.091196060180664,E,1.8631466627120972,D,1.7758530378341675,D,2.4277679920196533,E,2.9482412338256836,E,2.7688417434692383,E,2.87762451171875,E,2.667511224746704,E,1.4597680568695068
79,P,1.945527993970447,L,1.7902445793151855,E,1.600807547569275,P,1.437048077583313,L,1.9747859239578247,L,2.0399293899536133,S,3.1460914611816406,A,1.430803656578064,A,1.6513267755508423,L,1.745427131652832,L,1.8934932947158813,L,1.9358460903167725,L,2.030808925628662,L,1.9650077819824219,L,2.0418083667755127,L,2.0465071201324463,L,1.8485342264175415,E,1.893554449081421,S,1.9690420627593994,-,,S,2.0005595684051514,S,2.5986979007720947,E,0.914818286895752,S,1.4288793802261353,S,2.627791404724121,R,2.1015312671661377,R,2.116089344024658,P,1.8659645318984985,P,1.4494209289550781,A,2.301164150238037,A,2.462535858154297,L,3.089454412460327,L,2.18815541267395,A,1.637571096420288,A,1.811921238899231,A,1.6336643695831299,V,1.701004981994629,V,1.6687167882919312
80,L,1.9348030444738027,L,1.6860480308532715,L,1.4727622270584106,V,1.1858136653900146,L,1.7834713459014893,I,2.1514391899108887,E,2.09187912940979,V,1.5201047658920288,V,1.7656563520431519,L,2.247589588165283,L,2.3082807064056396,L,1.7068060636520386,I,2.1630308628082275,L,1.7482999563217163,I,2.1485846042633057,I,2.145979166030884,I,2.2386093139648438,L,2.4387991428375244,L,1.3971325159072876,E,2.1070783138275146,L,1.378570318222046,T,1.8810393810272217,L,1.5193781852722168,S,3.444279670715332,T,2.0440285205841064,L,2.249948740005493,L,2.2507834434509277,L,2.957428216934204,L,2.0365428924560547,V,1.864814281463623,V,1.351905345916748,Y,1.5931451320648193,L,1.425018310546875,V,1.7682195901870728,V,1.9745997190475464,V,1.7798004150390625,E,2.611621618270874,G,1.1492239236831665
81,E,2.0221110244055054,D,2.16517972946167,E,1.975819706916809,A,2.461862325668335,Q,2.170412540435791,Q,2.019815444946289,Q,3.239508867263794,E,1.1936326026916504,K,1.595324993133545,Q,1.504298210144043,Q,1.389960527420044,Q,2.186824083328247,Q,2.0122108459472656,Q,2.17918062210083,Q,2.0174360275268555,Q,2.0163934230804443,Q,1.9722739458084106,E,2.058466672897339,E,3.4570605754852295,Q,2.9860591888427734,E,3.432201862335205,Q,2.809763193130493,E,1.5445977449417114,H,2.724480390548706,Q,2.134352207183838,E,1.6111842393875122,E,1.6007473468780518,H,1.6776869297027588,E,2.5352046489715576,K,2.102874517440796,K,1.6456923484802246,Q,1.717700719833374,S,1.1785446405410767,Q,1.761837124824524,Q,1.6669131517410278,Q,1.603990077972412,E,1.4970409870147705,E,0.9715754389762878
82,Q,1.9944684956524823,C,1.69478440284729,K,1.887403964996338,K,4.729125499725342,R,2.1067986488342285,R,1.3583807945251465,K,1.42977774143219,Q,2.8493359088897705,Q,2.4114675521850586,H,1.3224583864212036,H,1.5719914436340332,R,2.1272177696228027,R,1.3482377529144287,R,2.1289191246032715,R,1.3550618886947632,R,1.3575242757797241,R,1.837960958480835,K,1.6307861804962158,K,2.0422818660736084,K,1.787267804145813,K,1.9583324193954468,K,1.5954232215881348,K,1.196601152420044,Q,2.213430404663086,K,2.3769094944000244,Q,1.6892058849334717,Q,1.6823453903198242,Q,2.534174919128418,Q,1.6478323936462402,Q,1.4731388092041016,Q,2.1477177143096924,R,1.8926888704299927,R,1.2576409578323364,Q,2.7423553466796875,Q,2.7081074714660645,Q,2.7538294792175293,Q,2.0611205101013184,Q,2.88769793510437
83,L,2.0922994291460193,M,1.6906688213348389,L,2.524667263031006,L,1.2756884098052979,L,2.405104875564575,L,2.600916862487793,L,1.4606757164001465,L,1.2910480499267578,L,2.4400131702423096,L,1.8641523122787476,L,1.8594422340393066,L,2.4027371406555176,L,2.6179311275482178,L,2.4101202487945557,L,2.600060224533081,L,2.5915703773498535,V,2.4265596866607666,L,1.8082066774368286,L,2.218296527862549,L,1.3251221179962158,L,2.2093825340270996,L,2.213622570037842,L,2.1209850311279297,L,2.6198246479034424,L,1.2564736604690552,L,2.719327211380005,L,2.719327211380005,L,0.9627695083618164,L,1.5389748811721802,L,2.009411573410034,L,1.5988967418670654,L,2.0922532081604004,L,2.7613329887390137,L,2.387101888656616,L,2.35257625579834,L,2.397202968597412,L,1.634430170059204,L,2.0082039833068848
84,E,2.0993850134514473,E,1.9693553447723389,E,2.21116304397583,E,1.926299810409546,S,2.709956407546997,W,1.9805846214294434,V,1.3138792514801025,E,1.5908448696136475,E,2.312509536743164,S,1.9527990818023682,S,2.4385666847229004,S,2.721738338470459,W,1.9985841512680054,S,2.708657741546631,W,1.9851888418197632,W,1.981149673461914,W,1.8940016031265259,E,2.803647518157959,E,2.5844061374664307,V,1.2110787630081177,E,2.5855472087860107,V,2.8837502002716064,E,1.7860896587371826,K,2.569511890411377,V,1.3431000709533691,E,2.1628525257110596,E,2.1628525257110596,E,1.94463050365448,E,1.590104579925537,E,1.669470191001892,E,2.1481852531433105,W,1.610751986503601,S,1.6171852350234985,D,2.3240623474121094,D,2.301608085632324,D,2.302164316177368,R,2.4272782802581787,Q,1.9536892175674438
85,L,2.0867926913338737,L,1.4107348918914795,L,3.3713793754577637,L,2.084016799926758,M,2.0415239334106445,I,2.0713844299316406,L,2.1365647315979004,L,2.0443496704101562,L,2.1647369861602783,M,1.6425082683563232,M,2.227457284927368,M,2.0275704860687256,I,2.0809547901153564,M,2.0377559661865234,I,2.074934244155884,I,2.0758373737335205,M,1.9724124670028687,L,1.8365719318389893,L,2.269268751144409,L,2.0888466835021973,L,2.338020086288452,L,1.2563830614089966,L,3.874098062515259,L,1.9765961170196533,L,1.6238536834716797,L,1.8299306631088257,L,1.8299306631088257,L,1.1226222515106201,L,2.654191255569458,L,2.5212597846984863,L,1.661941647529602,M,2.1809287071228027,M,2.3455941677093506,F,2.1020333766937256,F,2.1082956790924072,F,2.101857900619507,L,2.991469621658325,L,1.0335137844085693
86,I,2.20444127353462,V,3.877885341644287,I,1.7288461923599243,I,1.3536521196365356,V,1.8117167949676514,V,1.9694370031356812,I,3.1451690196990967,I,2.098522424697876,I,1.3088672161102295,V,3.255784034729004,V,2.554668664932251,V,1.815777063369751,V,1.9796769618988037,V,1.8163893222808838,V,1.9735324382781982,V,1.9801056385040283,V,1.9840466976165771,I,1.5316389799118042,I,3.060288190841675,I,3.004682779312134,I,3.0444071292877197,I,1.3679578304290771,I,2.008997678756714,I,4.231832027435303,I,2.609184503555298,I,2.064995527267456,I,2.064995527267456,I,1.9521942138671875,I,2.3878424167633057,I,2.405064344406128,I,2.2424025535583496,V,2.0155253410339355,V,2.730861186981201,I,1.284026861190796,I,1.3017644882202148,I,1.2847989797592163,I,2.089789390563965,I,2.2270002365112305
87,E,1.9690523179801735,D,2.594252109527588,D,1.4799500703811646,N,1.7582547664642334,E,1.7905462980270386,D,2.2017898559570312,D,1.5477453470230103,D,2.1729395389556885,E,0.8042218685150146,D,1.6017611026763916,D,1.474088430404663,E,1.7887649536132812,D,2.2026844024658203,E,1.7913920879364014,D,2.160869598388672,D,2.1701085567474365,D,2.2922379970550537,D,1.8046170473098755,N,2.3134493827819824,D,1.4634171724319458,N,2.4875240325927734,D,1.6642653942108154,D,1.5785770416259766,D,2.3384149074554443,D,1.7638509273529053,D,3.181514263153076,D,3.181514263153076,D,2.3681838512420654,E,2.8261466026306152,D,2.4737656116485596,D,2.7318732738494873,D,2.422713041305542,D,1.3624367713928223,E,1.0903544425964355,E,1.079758882522583,E,1.0765918493270874,D,1.3989540338516235,D,2.4154059886932373
88,I,1.8824493885040283,G,1.5830445289611816,N,1.375365138053894,I,2.4973158836364746,S,1.5147966146469116,S,1.8045531511306763,A,1.1233717203140259,D,1.6495195627212524,D,2.443434953689575,N,1.639905571937561,N,2.1262896060943604,S,1.5370415449142456,S,1.815150499343872,S,1.5332163572311401,S,1.7684986591339111,S,1.7708858251571655,S,1.871703863143921,N,3.338019609451294,T,1.8257250785827637,A,1.1689664125442505,T,1.6515586376190186,T,3.024515390396118,N,2.020955801010132,E,1.8803223371505737,A,1.2679280042648315,D,1.2863699197769165,D,1.2863699197769165,N,2.1782994270324707,I,1.789316177368164,D,2.2215962409973145,D,2.9999399185180664,S,1.6709375381469727,S,1.638020634651184,D,1.9895676374435425,D,1.9969724416732788,D,1.9903663396835327,H,2.5067055225372314,H,1.8640809059143066
89,L,1.90404690278543,L,1.5399181842803955,L,1.5993425846099854,L,3.0763564109802246,V,1.7266006469726562,V,2.1225006580352783,M,1.2133355140686035,L,2.841850996017456,L,2.958573818206787,V,2.409101724624634,V,1.7824907302856445,V,1.7352627515792847,V,2.1169967651367188,V,1.7295340299606323,V,2.313800096511841,V,2.332812547683716,V,2.1793370246887207,L,2.200861930847168,I,1.7858707904815674,M,1.2686541080474854,I,1.6588810682296753,I,1.8376543521881104,L,3.0063633918762207,I,1.3637895584106445,M,1.440466284751892,L,1.5815269947052002,L,1.5815269947052002,L,2.8165788650512695,L,1.2111613750457764,L,1.4043196439743042,L,1.9492887258529663,V,2.016835927963257,I,2.286557912826538,L,1.5387194156646729,L,1.5386643409729004,L,1.5381830930709839,L,1.5507196187973022,L,1.1952965259552002
90,Q,1.8672548468048509,E,1.5078579187393188,Q,3.0748512744903564,Q,1.7054669857025146,E,1.5939981937408447,E,1.7230955362319946,Q,2.54975962638855,K,1.7512952089309692,R,3.8116726875305176,E,1.5525047779083252,E,1.8779486417770386,E,1.5875635147094727,E,1.7500749826431274,E,1.5808656215667725,E,1.6036498546600342,E,1.6226803064346313,E,1.69999361038208,Q,1.8722624778747559,Q,2.0464019775390625,Q,2.6715784072875977,Q,2.8572540283203125,Q,1.5523512363433838,Q,1.628965139389038,Q,1.5769034624099731,Q,2.8008310794830322,Q,2.183046340942383,Q,2.183046340942383,H,2.5157601833343506,Q,0.7347960472106934,R,0.893532395362854,K,1.2773189544677734,E,2.2874953746795654,E,1.8713431358337402,N,1.3248968124389648,N,1.3056976795196533,N,1.32351553440094,Q,1.6496052742004395,Q,1.5385487079620361
91,R,1.894032666812072,R,2.4558019638061523,R,1.5446550846099854,R,2.127807140350342,R,2.213934898376465,R,2.2512762546539307,R,1.3404500484466553,N,1.4961868524551392,N,1.0749794244766235,R,1.4024966955184937,R,1.6300424337387085,R,2.205097198486328,R,2.2888951301574707,R,2.1971259117126465,R,2.1415655612945557,R,2.162050724029541,R,2.3906216621398926,R,0.941381573677063,C,1.0645368099212646,R,1.320215106010437,C,0.9813993573188782,R,1.3729897737503052,R,3.131669759750366,R,1.306777834892273,R,1.4554715156555176,K,1.2908744812011719,K,1.2908744812011719,R,1.7734127044677734,R,2.264338970184326,N,1.9809211492538452,N,1.931728482246399,R,2.6509876251220703,R,3.096775531768799,N,2.673908233642578,N,2.6326076984405518,N,2.674036741256714,Q,1.6854784488677979,Q,1.6358354091644287
92,L,2.08215682893186,L,2.9678146839141846,L,2.706399917602539,L,2.0287821292877197,L,2.212043523788452,L,1.9037933349609375,L,1.1097421646118164,L,2.874934673309326,L,3.147678852081299,L,2.1014819145202637,L,2.304117441177368,L,2.2149505615234375,L,1.8588776588439941,L,2.2114148139953613,L,2.0324501991271973,L,1.885324239730835,L,1.8285589218139648,L,1.3039230108261108,L,0.8997227549552917,L,1.131752848625183,L,0.9329584240913391,L,2.680917501449585,L,1.1795105934143066,L,1.0669714212417603,L,1.2059420347213745,L,2.2429323196411133,L,2.2430591583251953,L,1.75955069065094,L,3.307410717010498,L,1.9117361307144165,L,2.110002040863037,L,1.7078832387924194,L,1.7612049579620361,L,3.245131492614746,L,3.220095634460449,L,3.246938467025757,L,2.126190423965454,L,2.3676037788391113
93,G,2.157773820129601,G,2.7443175315856934,G,1.4341177940368652,G,2.3594436645507812,G,2.411102533340454,G,2.046459197998047,G,2.1243882179260254,G,2.00169038772583,G,2.1090950965881348,G,1.52153742313385,G,1.9514284133911133,G,2.460983991622925,G,2.025259017944336,G,2.4230222702026367,G,1.845352053642273,G,1.9162499904632568,G,2.3760128021240234,G,1.4487074613571167,G,3.718228578567505,G,2.8180296421051025,G,3.317551374435425,G,1.382746696472168,G,1.3938255310058594,G,2.709968090057373,G,2.188185930252075,G,1.4809222221374512,G,1.4809718132019043,G,2.032358169555664,G,2.028115749359131,G,5.077942848205566,G,1.6445910930633545,G,1.647475004196167,G,1.897873044013977,G,2.079890727996826,G,2.1874618530273438,G,2.0805251598358154,G,2.3041791915893555,G,1.1676207780838013
94,L,1.9626461074158952,L,1.622300386428833,V,2.364271402359009,L,1.4249942302703857,I,1.8565561771392822,I,2.316513776779175,V,2.5212929248809814,L,1.2681114673614502,L,1.3020306825637817,I,1.619251012802124,I,2.065422773361206,I,1.8542789220809937,I,2.295459747314453,I,1.8678838014602661,I,2.31711745262146,I,2.377838611602783,I,2.0544514656066895,V,3.2615902423858643,L,1.9187426567077637,V,2.169132709503174,L,2.0937278270721436,V,2.140897035598755,V,1.1129425764083862,V,1.8283264636993408,V,2.3392539024353027,V,1.694956660270691,V,1.694982647895813,V,1.622800588607788,L,1.0394903421401978,L,1.1055611371994019,L,1.50881826877594,I,2.4906153678894043,I,2.2910850048065186,I,2.2466633319854736,I,2.3926191329956055,I,2.24747633934021,V,2.0802738666534424,V,2.210175037384033
95,S,1.697801019694354,A,1.3581746816635132,S,2.0778772830963135,K,1.6244584321975708,D,1.8578362464904785,D,1.251185655593872,A,2.0530271530151367,S,2.0118846893310547,T,1.2179166078567505,D,1.6125683784484863,D,1.8011212348937988,D,1.92251455783844,D,1.2461079359054565,D,1.9307829141616821,D,1.3590645790100098,D,1.1927595138549805,E,1.3755207061767578,S,1.8641459941864014,G,1.2974798679351807,A,2.0577476024627686,A,1.304244875907898,A,1.5535441637039185,S,2.810539484024048,A,1.6119078397750854,A,2.2140939235687256,S,1.4464727640151978,S,1.4464893341064453,S,1.497139811515808,S,3.024160146713257,T,1.4445997476577759,S,1.3705155849456787,D,1.3209549188613892,D,3.1702795028686523,S,1.2636895179748535,S,1.2450227737426758,S,1.265714168548584,A,1.7659128904342651,A,1.951182246208191
96,Y,1.8542686797477104,Y,1.446549415588379,Y,1.5467959642410278,Y,1.5537078380584717,R,2.849135637283325,R,1.3394784927368164,Y,1.9331777095794678,Y,1.133554458618164,Y,1.5454431772232056,R,2.296231985092163,R,2.3386528491973877,R,2.869277000427246,R,1.385750651359558,R,2.9564414024353027,R,1.1979914903640747,R,1.2737983465194702,R,1.789625883102417,Y,1.7456231117248535,Y,1.3780484199523926,Y,1.7729122638702393,Y,1.4733586311340332,Y,1.8132938146591187,Y,1.1100443601608276,Y,1.322541356086731,Y,1.9820363521575928,Y,2.4722719192504883,Y,2.4722719192504883,Y,2.4840052127838135,Y,2.399829864501953,Y,2.2534937858581543,Y,1.6995477676391602,R,1.4052551984786987,R,1.449180006980896,Y,1.3613730669021606,Y,1.3356225490570068,Y,1.410983920097351,Y,3.4077188968658447,Y,2.402916431427002
97,H,1.8923673500885834,H,2.3013830184936523,H,1.3050837516784668,R,1.4581283330917358,H,2.199091911315918,H,2.7142446041107178,H,1.7497131824493408,F,1.5268393754959106,Y,2.8644325733184814,H,1.7799946069717407,H,1.7791752815246582,H,1.6554269790649414,H,2.295039653778076,H,1.6566249132156372,H,2.811626434326172,H,2.903543710708618,H,1.8904404640197754,H,1.722378134727478,H,1.045393466949463,H,1.8487751483917236,H,1.0505379438400269,H,1.7714704275131226,H,2.6534790992736816,H,1.2030259370803833,H,1.8823072910308838,H,2.3316657543182373,H,2.3319642543792725,H,1.5838592052459717,H,2.5278196334838867,Y,1.5691568851470947,F,2.4919118881225586,H,1.5902509689331055,H,1.8912885189056396,L,1.4009289741516113,L,1.3992843627929688,L,1.4365030527114868,H,1.4297412633895874,H,1.9650609493255615
98,F,2.1691007163073563,F,1.4458847045898438,F,1.75743567943573,F,2.821981191635132,F,1.2490489482879639,F,1.8263181447982788,F,2.1349244117736816,F,2.057142496109009,F,2.1574912071228027,F,1.7986212968826294,F,1.7983324527740479,F,1.302621841430664,F,1.9897385835647583,F,1.297213077545166,F,2.0902390480041504,F,1.9078912734985352,F,2.1780571937561035,F,3.446101188659668,F,3.5352864265441895,F,2.2656655311584473,F,3.5716822147369385,F,1.962400197982788,F,2.28053617477417,F,2.891572952270508,F,2.114368438720703,F,1.6143206357955933,F,1.6144564151763916,F,2.6052024364471436,F,1.1383414268493652,F,1.1920379400253296,F,2.6740572452545166,F,2.3640434741973877,F,1.67071533203125,F,2.9920482635498047,F,2.9827821254730225,F,2.7604122161865234,F,2.1199276447296143,F,2.647826671600342
99,E,2.178244139697101,E,1.2881484031677246,K,2.514641046524048,E,1.6569675207138062,K,2.8242411613464355,K,3.2168631553649902,D,1.4319946765899658,R,2.7625651359558105,Q,2.4860198497772217,Q,2.4961228370666504,Q,2.480111837387085,K,2.6889286041259766,K,3.662932872772217,K,2.855395793914795,K,3.053555965423584,K,3.148512840270996,K,2.27856183052063,K,2.2825217247009277,Q,4.041994571685791,H,1.4396753311157227,Q,3.936352252960205,E,1.8648476600646973,K,1.4682832956314087,E,1.2514946460723877,D,1.477048397064209,E,2.018065929412842,E,2.018065929412842,E,1.6533958911895752,E,1.6548092365264893,Q,1.4558632373809814,R,1.6370679140090942,Q,2.6126677989959717,K,1.953795313835144,K,1.1997604370117188,K,1.201106309890747,K,1.2382752895355225,K,1.2004122734069824,K,2.1439661979675293
100,E,1.852457069061898,G,1.152531385421753,H,2.0619263648986816,S,3.4969000816345215,N,1.9832921028137207,N,2.4727518558502197,N,1.5280399322509766,D,1.553855299949646,D,1.4340256452560425,T,1.648398518562317,T,1.6475108861923218,N,2.0149991512298584,N,2.3489465713500977,N,2.003592014312744,N,2.3413915634155273,N,2.5035853385925293,N,2.4363811016082764,D,1.5972352027893066,S,1.1223201751708984,N,1.5819474458694458,S,1.20159113407135,N,2.433461904525757,H,1.1547068357467651,S,2.537041187286377,N,1.5486128330230713,I,1.1291568279266357,I,1.1292388439178467,D,1.090135097503662,E,1.1444687843322754,D,3.016225576400757,D,1.7067713737487793,N,1.296461582183838,M,2.007356643676758,D,2.0474693775177,D,2.0545778274536133,D,2.093571662902832,D,2.2482664585113525,D,1.7721669673919678
101,E,1.932177330996539,R,3.1744654178619385,E,2.651524066925049,E,1.2790366411209106,E,2.0533111095428467,E,2.260007381439209,E,1.5604667663574219,E,1.786842942237854,E,2.8805012702941895,E,1.4661834239959717,E,1.4638102054595947,E,2.0550501346588135,E,2.2682673931121826,E,2.0628647804260254,E,2.3810229301452637,E,2.277238130569458,E,1.8748273849487305,E,2.3477537631988525,E,1.4745073318481445,E,1.2825024127960205,E,1.516129493713379,H,1.4318536520004272,E,1.1305431127548218,E,1.681321144104004,E,1.5722358226776123,E,1.404120922088623,E,1.4041224718093872,E,3.170106887817383,E,2.0552902221679688,E,1.9903509616851807,E,1.3927202224731445,E,1.760886549949646,E,2.6663057804107666,K,1.969623327255249,K,1.9718105792999268,K,2.007805824279785,D,1.0507903099060059,E,2.714360475540161
102,I,2.0118273528846533,I,2.4892399311065674,I,2.465763568878174,I,1.8681496381759644,I,1.6926188468933105,I,1.163516879081726,I,1.4549381732940674,I,1.5420225858688354,V,3.170459508895874,I,2.203639507293701,I,2.225860357284546,I,1.7317618131637573,I,1.1383593082427979,I,1.7054935693740845,I,1.4239475727081299,I,1.106252908706665,I,1.374819278717041,I,1.6144118309020996,I,1.8044945001602173,I,1.353161334991455,I,1.7683892250061035,I,1.3163236379623413,I,2.67991042137146,I,1.9815362691879272,I,1.4928231239318848,I,2.075307607650757,I,2.077059507369995,I,1.958696961402893,I,1.651484489440918,F,2.3438777923583984,I,3.0208771228790283,I,2.1385996341705322,I,1.6910135746002197,I,3.4804975986480713,I,3.4778501987457275,I,3.4796321392059326,I,3.0085060596466064,I,1.2663155794143677
103,K,1.940641322651425,N,3.2102808952331543,M,1.500007152557373,K,1.7853754758834839,K,2.7401134967803955,K,1.2884349822998047,E,1.500593900680542,K,2.6581079959869385,K,1.5708353519439697,K,1.6110121011734009,K,1.6103875637054443,K,2.7690420150756836,K,1.2537480592727661,K,2.75688099861145,K,1.0869629383087158,K,1.2074178457260132,K,1.2273175716400146,I,1.8436633348464966,D,1.7014724016189575,E,1.906286358833313,D,1.584465742111206,K,1.5050227642059326,M,1.14593505859375,D,1.598251461982727,E,1.5318152904510498,N,3.4523890018463135,N,3.4543333053588867,K,1.7882575988769531,K,2.0391390323638916,K,1.975942611694336,K,1.4224767684936523,K,5.101230144500732,K,1.7663439512252808,T,1.1648077964782715,T,1.1644641160964966,T,1.1651067733764648,K,3.2839341163635254,K,1.4318729639053345
104,R,1.9382120693052136,R,1.3992310762405396,Q,2.2364003658294678,E,1.6427717208862305,S,1.7287201881408691,S,2.1367135047912598,T,1.5073422193527222,K,1.0477941036224365,K,1.0790817737579346,V,2.9611501693725586,V,2.9274332523345947,S,1.5264215469360352,S,2.1057982444763184,S,1.7277177572250366,S,2.2333357334136963,S,2.3295209407806396,S,2.537895679473877,Q,1.6259428262710571,E,1.6577006578445435,T,1.553251028060913,E,1.5491243600845337,I,1.5095216035842896,Q,3.9623701572418213,Q,1.894910216331482,T,1.5747932195663452,D,1.184056282043457,D,1.1451961994171143,R,2.040839195251465,R,2.548043966293335,K,2.59613037109375,T,2.7244553565979004,S,1.6819384098052979,S,1.442264199256897,Q,2.0391554832458496,Q,2.047464370727539,Q,2.0391433238983154,A,1.9228976964950562,D,1.8473193645477295
105,I,1.856341535980637,L,1.3090163469314575,I,1.7186459302902222,E,1.7243496179580688,A,2.390471935272217,T,1.423648476600647,S,1.7785892486572266,I,1.1081775426864624,I,1.9914547204971313,S,1.543911099433899,S,1.5965936183929443,A,2.4788296222686768,T,1.3491873741149902,A,2.364135980606079,T,1.3900126218795776,T,1.32124662399292,A,1.278005838394165,I,2.09169340133667,S,1.849642038345337,S,1.871446132659912,S,1.8774456977844238,S,2.6911566257476807,I,1.4908015727996826,A,1.7390544414520264,S,1.8663781881332397,T,1.9759832620620728,T,1.9595719575881958,T,0.8582985401153564,I,1.4480609893798828,I,3.5618343353271484,I,2.0441629886627197,A,1.4232254028320312,A,1.6901572942733765,I,2.764768123626709,I,2.7628278732299805,I,2.763759136199951,S,1.4265412092208862,T,1.761551022529602
106,L,2.1586872468123564,L,1.407417893409729,L,2.0063509941101074,L,2.2584853172302246,L,1.8263845443725586,L,1.9707605838775635,I,1.9273778200149536,L,2.295220136642456,L,2.873094320297241,L,2.0041322708129883,L,2.004441022872925,L,1.939674973487854,L,1.8660120964050293,L,1.8306776285171509,L,1.8024177551269531,L,1.8729827404022217,L,4.028888702392578,L,2.7591798305511475,L,2.4378159046173096,I,1.7493085861206055,L,2.421543598175049,I,2.207096576690674,L,1.9351886510849,L,2.927100896835327,I,1.987417221069336,L,2.9185283184051514,L,2.9091367721557617,L,2.272597312927246,L,1.4309128522872925,L,1.6543948650360107,L,2.712287664413452,L,1.1785950660705566,L,1.901187777519226,L,2.4656975269317627,L,2.46754789352417,L,2.4675450325012207,L,1.97738516330719,L,1.176641821861267
107,D,2.080479518787281,S,2.638033390045166,S,1.763772964477539,F,2.8210816383361816,D,1.849365472793579,D,2.5528793334960938,Q,2.7788097858428955,T,2.9755613803863525,T,1.9238718748092651,D,1.6508407592773438,D,1.680005431175232,D,1.696729302406311,D,2.692782402038574,D,1.8418958187103271,D,2.409836530685425,D,2.478574275970459,D,2.2707252502441406,R,3.37933087348938,S,1.5575300455093384,Q,2.690960645675659,S,1.4418779611587524,Q,1.8894649744033813,S,2.512923240661621,E,1.407363772392273,Q,2.7659482955932617,T,2.018219232559204,T,1.979739785194397,D,1.2719669342041016,D,2.0221571922302246,T,0.9770338535308838,T,2.434631824493408,D,1.3541918992996216,D,1.953913927078247,N,2.0265774726867676,N,2.019742727279663,N,2.0272181034088135,R,1.9889671802520752,R,1.233216643333435
108,G,2.221124855247704,S,1.597779631614685,S,2.7708351612091064,S,1.7821067571640015,Y,1.66794753074646,Y,3.096553325653076,N,1.9587719440460205,S,2.038541793823242,S,1.5530396699905396,Y,2.869703531265259,Y,2.9029901027679443,Y,1.724845290184021,Y,3.0254201889038086,Y,1.6638747453689575,Y,3.054365634918213,Y,3.0533010959625244,Y,2.602560520172119,S,1.6286940574645996,Y,1.544532060623169,N,1.917084813117981,Y,1.6480207443237305,N,1.8351402282714844,S,1.5781680345535278,R,1.474037528038025,N,2.0110275745391846,D,1.8776638507843018,D,2.0583529472351074,R,1.2161865234375,G,4.616060256958008,C,1.756511926651001,S,1.7602802515029907,Y,1.6156030893325806,Y,3.7588346004486084,H,2.2770912647247314,H,2.266761302947998,H,2.273467779159546,N,2.0645124912261963,G,3.64095139503479
109,V,1.8838686878616746,D,2.107085704803467,I,3.174607515335083,L,2.3914296627044678,V,1.646884799003601,V,1.9635114669799805,I,1.1958260536193848,I,1.2677652835845947,I,2.9536638259887695,V,2.8927054405212402,V,2.066756248474121,V,1.6900932788848877,V,1.9324578046798706,V,1.6416739225387573,V,1.9600393772125244,V,1.958923578262329,V,2.1782174110412598,I,1.472249984741211,M,1.277488350868225,I,1.2326873540878296,M,1.2806727886199951,I,1.8054382801055908,I,1.9671505689620972,I,1.5925289392471313,I,1.309605360031128,L,1.1825792789459229,L,1.1939982175827026,I,1.3103647232055664,V,1.779664397239685,I,2.879518747329712,I,1.0496370792388916,V,2.8542327880859375,V,2.5356645584106445,I,1.875319480895996,I,1.8800992965698242,I,1.8755854368209839,I,2.352510690689087,F,1.974503755569458
110,Y,2.164604036247029,Y,2.83335542678833,K,1.8543728590011597,-,,Y,3.192749500274658,Y,1.8304672241210938,F,1.6875234842300415,Y,1.6295385360717773,Y,1.9889159202575684,Y,4.679055213928223,Y,4.296689510345459,Y,3.208977222442627,Y,1.8268860578536987,Y,3.1814541816711426,Y,1.8297467231750488,Y,1.8265584707260132,Y,2.4728877544403076,H,1.6758540868759155,Y,1.4540910720825195,F,1.7090630531311035,Y,1.4615355730056763,F,1.3764806985855103,K,2.736269950866699,H,1.4628381729125977,F,1.8013973236083984,-,,-,,H,3.7055277824401855,Y,1.6181291341781616,Y,2.082315444946289,Y,1.6903586387634277,F,1.9201583862304688,H,3.2825214862823486,Y,1.458460807800293,Y,1.4604188203811646,Y,1.459410548210144,H,1.5470702648162842,Y,1.3554579019546509
111,-,,-,,-,,-,,-,,-,,-,,-,,-,,-,,-,,-,,-,,-,,-,,-,,-,,-,,-,,-,,-,,-,,-,,-,,-,,-,,-,,-,,-,,-,,-,,-,,-,,-,,-,,-,,-,,-,
112,-,,-,,-,,-,,-,,-,,-,,-,,-,,-,,-,,-,,-,,-,,-,,-,,-,,-,,-,,-,,-,,-,,-,,-,,-,,-,,-,,-,,-,,-,,-,,-,,-,,-,,-,,-,,-,,-,
113,-,,-,,-,,-,,-,,-,,-,,-,,-,,-,,-,,-,,-,,-,,-,,-,,-,,-,,-,,-,,-,,-,,-,,-,,-,,-,,-,,-,,-,,-,,-,,-,,-,,-,,-,,-,,-,,-,
114,-,,-,,-,,-,,-,,-,,-,,-,,-,,-,,-,,-,,-,,-,,-,,-,,-,,-,,-,,-,,-,,-,,-,,-,,-,,-,,-,,-,,-,,-,,-,,-,,-,,-,,-,,-,,-,,-,
115,N,1.8871400356292725,-,,-,,-,,-,,-,,D,1.4460135698318481,N,2.2767508029937744,N,2.4043831825256348,-,,-,,-,,-,,-,,-,,-,,-,,-,,T,1.6673389673233032,-,,T,1.7841142416000366,D,1.3825043439865112,-,,E,2.5280301570892334,D,1.4819612503051758,-,,-,,N,2.3950610160827637,N,2.102548599243164,N,2.0330097675323486,N,2.98626446723938,-,,-,,N,1.3562500476837158,N,1.3563121557235718,N,1.358159065246582,S,1.7974252700805664,A,1.725253701210022
116,N,2.252490009864171,-,,-,,-,,S,2.021543025970459,S,1.5805511474609375,A,5.426969528198242,N,2.918355703353882,D,1.422276496887207,S,2.0548837184906006,S,1.6210588216781616,S,1.9936978816986084,S,1.586546778678894,S,2.0258355140686035,S,1.5982439517974854,S,1.600774884223938,S,1.6595125198364258,D,2.757040500640869,H,0.9810000061988831,-,,H,0.9837557077407837,E,1.9235965013504028,-,,T,1.0439502000808716,A,5.352941036224365,-,,-,,K,2.3298861980438232,N,2.202169895172119,D,3.2507591247558594,N,1.9590095281600952,S,4.986147403717041,S,1.925316333770752,E,1.7320880889892578,E,1.731407880783081,E,1.7305939197540283,S,2.203826665878296,S,2.970961332321167
117,D,2.233822627501054,-,,-,,-,,H,2.673764705657959,Y,1.4954406023025513,S,1.686946153640747,-,,-,,Y,2.965787410736084,Y,1.954216480255127,H,2.2743115425109863,Y,1.506651520729065,H,2.6390271186828613,Y,1.4912023544311523,Y,1.495908260345459,Y,1.928105354309082,Q,2.311525344848633,Y,2.3936874866485596,-,,Y,2.3545663356781006,F,1.7164994478225708,-,,Y,2.2710659503936768,S,1.8084654808044434,-,,-,,-,,D,3.3641715049743652,-,,-,,Y,1.688592791557312,Y,4.129767894744873,-,,-,,-,,L,2.0543811321258545,F,2.9400129318237305
118,H,1.817024000229374,-,,-,,-,,W,1.478729009628296,W,1.5461410284042358,S,1.8762480020523071,S,3.2181570529937744,H,1.976078987121582,W,1.3164786100387573,W,1.3449925184249878,W,1.5860356092453003,W,1.5537097454071045,W,1.4583581686019897,W,1.5485423803329468,W,1.5476562976837158,W,1.4336974620819092,S,1.831529140472412,E,1.8680977821350098,-,,E,1.9496486186981201,E,4.80113410949707,-,,Q,1.9873607158660889,S,1.9422800540924072,H,1.32652747631073,H,1.3913419246673584,-,,H,1.182336449623108,H,1.926462173461914,S,1.5442276000976562,W,1.287535548210144,W,1.8418899774551392,H,2.1937334537506104,H,2.1953916549682617,H,2.197922468185425,E,1.3117481470108032,E,1.6637518405914307
119,G,1.884179264307022,-,,-,,-,,N,2.834177017211914,T,1.842208981513977,K,1.5299266576766968,F,2.972329616546631,K,1.692726731300354,S,1.0737440586090088,S,1.229108452796936,N,2.720045566558838,T,1.7401610612869263,N,2.811840534210205,T,1.7451095581054688,T,1.773805856704712,S,1.338930606842041,S,1.8325928449630737,E,1.3124511241912842,-,,E,1.3104064464569092,K,1.6024824380874634,-,,-,,K,1.5545498132705688,-,,-,,-,,G,1.5292032957077026,K,1.6252105236053467,F,3.0789871215820312,K,1.7070908546447754,S,2.5388619899749756,R,2.1244332790374756,R,2.1210741996765137,R,2.1238083839416504,E,1.5331504344940186,D,1.458601951599121
120,G,2.204470687899096,-,,-,,-,,E,1.7621512413024902,Q,4.093307018280029,Q,1.5104678869247437,E,1.9479800462722778,C,1.3617048263549805,E,1.246791958808899,E,1.4141499996185303,E,1.8246111869812012,Q,4.020257472991943,E,1.896376371383667,Q,4.1388654708862305,Q,4.155782699584961,E,1.2720423936843872,S,2.8062562942504883,-,,-,,-,,N,1.4469655752182007,-,,D,1.6019182205200195,Q,1.529901385307312,L,1.8820514678955078,L,1.722061276435852,-,,G,2.034928321838379,C,1.32643723487854,E,2.6196746826171875,E,2.707477569580078,E,1.496535301208496,C,2.417001485824585,C,2.425546169281006,C,2.418199062347412,I,1.976332187652588,I,2.873875141143799
121,-,,-,,-,,-,,-,,-,,-,,-,,-,,-,,-,,-,,-,,-,,-,,-,,-,,-,,-,,-,,-,,-,,-,,-,,-,,-,,-,,-,,-,,-,,-,,-,,-,,-,,-,,-,,-,,-,
122,D,2.1885795409862814,K,1.9942846298217773,-,,-,,K,3.239421844482422,K,1.9594337940216064,N,1.4494988918304443,-,,F,1.798693299293518,K,1.4205490350723267,K,1.4627114534378052,K,3.1501197814941406,K,1.9142082929611206,K,3.183181047439575,K,2.5989859104156494,K,2.252535581588745,K,0.9502193927764893,E,2.4517099857330322,-,,-,,-,,-,,-,,I,2.0388455390930176,N,1.4227321147918701,K,3.737459182739258,K,3.480771780014038,-,,D,1.4105987548828125,F,1.8482284545898438,N,2.033304214477539,K,2.10194730758667,K,2.1430227756500244,F,2.2958896160125732,F,2.2724063396453857,F,2.292309045791626,-,,-,
123,T,2.4134300064157554,A,1.2650562524795532,-,,-,,G,1.6045637130737305,G,4.129855155944824,D,1.3018460273742676,N,1.649114966392517,K,1.637695074081421,G,4.752204895019531,G,4.817989349365234,G,1.5545071363449097,G,4.675881385803223,G,1.5834274291992188,G,3.7731966972351074,G,3.7905004024505615,G,5.321735382080078,A,1.3539143800735474,-,,-,,-,,-,,-,,H,2.058443069458008,D,1.4320999383926392,M,1.2364096641540527,M,1.2725143432617188,-,,T,1.506406545639038,K,1.6657485961914062,K,1.4827075004577637,G,1.7912662029266357,G,1.3413515090942383,H,2.727252244949341,H,2.7094974517822266,H,2.7274248600006104,-,,-,
124,W,2.0724861224492392,I,1.7353310585021973,-,,Y,1.284326195716858,I,1.9958502054214478,I,2.212564706802368,N,1.6749277114868164,-,,-,,I,1.9984577894210815,I,2.038034439086914,I,1.8894919157028198,I,2.117800712585449,I,1.9462710618972778,I,2.2705538272857666,I,2.1338047981262207,I,2.2353649139404297,T,1.1781977415084839,-,,-,,-,,-,,-,,D,1.6467677354812622,N,1.577761173248291,G,3.1134657859802246,G,2.705900192260742,-,,W,1.7191884517669678,-,,-,,I,1.4025133848190308,I,2.4578452110290527,N,2.808183193206787,N,2.7892260551452637,N,2.8078386783599854,-,,-,
125,K,2.0905111613480942,H,2.6367299556732178,-,,K,1.4727327823638916,G,1.7612656354904175,G,1.10601806640625,D,1.4023021459579468,-,,-,,G,3.5047624111175537,G,3.3296852111816406,G,1.8857457637786865,G,1.0334280729293823,G,1.7438116073608398,G,1.1396393775939941,G,1.1102608442306519,G,6.656304359436035,-,,-,,-,,-,,-,,-,,G,3.088981866836548,D,1.4753800630569458,R,1.9168765544891357,R,1.9350961446762085,-,,K,3.325847625732422,-,,-,,G,1.9563424587249756,G,1.5957072973251343,N,1.339085340499878,N,1.3276238441467285,N,1.3381292819976807,-,,-,
126,A,2.038889449834824,E,1.8699700832366943,-,,D,2.477853298187256,C,2.2501108646392822,C,2.7252213954925537,-,,-,,-,,P,1.4101284742355347,P,1.4610202312469482,C,2.2772042751312256,C,2.737649917602539,C,2.284169912338257,C,2.5190935134887695,C,2.7896299362182617,C,1.959275484085083,-,,-,,-,,-,,-,,-,,-,,-,,N,1.2083606719970703,N,1.2136478424072266,-,,A,2.695115327835083,-,,-,,R,1.593417763710022,C,2.389382839202881,E,1.5808217525482178,E,1.7571183443069458,E,1.578597068786621,-,,-,
127,-,,-,,-,,-,,-,,-,,-,,-,,-,,-,,-,,-,,-,,-,,-,,-,,-,,-,,-,,-,,-,,-,,-,,-,,-,,-,,-,,-,,-,,-,,-,,-,,-,,-,,-,,-,,-,,-,
128,-,,-,,-,,-,,-,,-,,-,,-,,-,,-,,-,,-,,-,,-,,-,,-,,-,,-,,-,,-,,-,,-,,-,,-,,-,,-,,-,,-,,-,,-,,-,,-,,-,,-,,-,,-,,-,,-,
129,-,1.767834585905075,G,1.380735993385315,-,,G,1.6029152870178223,G,1.5394049882888794,G,1.855302095413208,-,,-,,-,,G,2.3443667888641357,G,2.373776435852051,G,1.5210769176483154,G,1.7541855573654175,G,1.550272822380066,G,1.9372398853302002,G,1.9161291122436523,G,1.769623041152954,-,,-,,-,,-,,-,,-,,-,,-,,C,1.139248251914978,C,1.1386643648147583,-,,-,,-,,-,,G,2.273951530456543,G,1.4835320711135864,A,1.4159234762191772,-,,A,1.4142628908157349,S,2.10349702835083,S,2.842583179473877
130,-,1.6029331467368386,N,2.519575834274292,Q,1.510472297668457,T,1.4607802629470825,R,2.050337314605713,I,1.383644938468933,-,,-,,-,,R,1.860220193862915,R,1.5359183549880981,R,2.0803864002227783,I,1.4227502346038818,R,2.0607993602752686,I,1.4233543872833252,I,1.3936998844146729,R,1.1115319728851318,-,,-,,D,1.5225138664245605,-,,K,1.4863165616989136,Q,1.2367029190063477,-,,-,,W,1.4348273277282715,W,1.430521011352539,-,,-,,-,,-,,R,1.3617312908172607,R,1.5001842975616455,-,,-,,-,,S,2.0519018173217773,L,1.426358699798584
131,-,2.2783330553456356,H,1.7509177923202515,H,1.6686290502548218,D,1.1548926830291748,D,1.3200608491897583,E,1.8504701852798462,-,,-,,-,,-,,-,,D,1.319352388381958,E,1.8348878622055054,D,1.318442702293396,E,1.7615690231323242,E,1.827557921409607,-,,-,,-,,A,5.619204998016357,-,,N,1.925479531288147,H,1.6075689792633057,-,,-,,K,4.607267379760742,K,4.6086015701293945,-,,-,,-,,-,,-,,E,2.539685010910034,-,,A,1.4005929231643677,-,,T,2.348208427429199,Q,2.8249387741088867
132,-,2.1884477734565735,Q,3.3615777492523193,S,1.7017227411270142,A,2.978640556335449,-,,S,1.7579598426818848,-,,N,2.126429796218872,N,3.6061878204345703,D,2.6550376415252686,D,2.5418543815612793,-,,S,1.7413454055786133,-,,S,1.7348979711532593,S,1.7286655902862549,E,2.739515542984009,-,,-,,P,1.8067452907562256,-,,K,1.452944040298462,S,0.9965444803237915,-,,-,,C,2.138596534729004,C,2.1289472579956055,-,,-,,N,1.2947131395339966,N,1.784242868423462,Q,3.3074522018432617,-,,-,,-,,-,,I,2.5997555255889893,F,1.962074637413025
133,-,2.046084920565287,R,1.2011313438415527,T,2.107300281524658,W,3.6303787231445312,S,1.8057810068130493,V,2.752187728881836,-,,N,1.5101158618927002,E,1.4489867687225342,I,1.4913479089736938,I,1.5473976135253906,S,1.8145227432250977,V,2.690255641937256,S,1.810671329498291,V,2.6917877197265625,V,2.6755218505859375,S,1.3361423015594482,-,,Y,2.847395181655884,K,1.5555061101913452,Y,2.9126486778259277,D,1.5484682321548462,T,1.107876181602478,-,,-,,D,1.9117372035980225,D,1.8979939222335815,N,1.599472165107727,-,,E,1.7958160638809204,N,2.0194318294525146,S,2.8298237323760986,S,2.266061544418335,-,,E,3.6111643314361572,-,,I,1.8281142711639404,K,1.1375093460083008
134,E,2.0251860536378006,N,1.9694170951843262,P,1.5970433950424194,W,1.1630862951278687,V,2.9845871925354004,-,,-,,K,1.4393162727355957,Q,1.1698163747787476,V,2.156595468521118,V,2.088467597961426,V,2.994617223739624,-,,V,2.977173328399658,-,,-,,V,1.5702574253082275,S,1.3525844812393188,S,1.8331711292266846,Q,1.326682209968567,S,1.8447480201721191,N,1.6531739234924316,P,2.1483442783355713,-,,-,,K,2.5278775691986084,K,2.4757139682769775,T,1.8875373601913452,E,2.4259626865386963,Q,1.6313353776931763,Q,1.3480634689331055,A,1.8264394998550415,G,1.146368384361267,E,3.619957447052002,E,1.5757826566696167,E,3.618931531906128,F,2.3773438930511475,-,
135,-,2.046220564073132,K,1.8838590383529663,A,1.2175452709197998,V,1.5391156673431396,V,2.2278239727020264,V,2.966722249984741,-,,V,1.7834211587905884,V,1.6732935905456543,C,1.825486183166504,C,1.7286157608032227,V,2.219292163848877,V,2.80918550491333,V,2.195071220397949,V,2.7729392051696777,D,2.7497010231018066,V,1.2792723178863525,A,1.4306756258010864,I,2.000345468521118,N,1.2029553651809692,I,1.9673466682434082,D,3.8073694705963135,A,1.1001803874969482,-,,-,,E,2.2095375061035156,E,2.1301584243774414,N,1.9449563026428223,-,,V,3.211923122406006,V,1.73385751247406,V,1.1540006399154663,V,3.059004068374634,E,1.5846658945083618,-,,E,1.5840810537338257,K,2.4404356479644775,-,
136,-,2.0804745488696628,E,1.6048537492752075,D,2.702566146850586,D,2.179037094116211,S,1.249443531036377,P,1.66111159324646,N,3.355670213699341,G,3.426659107208252,G,4.540194511413574,A,2.1181726455688477,A,2.1632606983184814,S,1.2545340061187744,P,1.9315853118896484,S,1.253180742263794,P,2.1174044609069824,P,2.1382596492767334,A,2.6051981449127197,N,3.3278777599334717,G,1.2985668182373047,N,1.705847144126892,G,1.3134894371032715,D,1.4609224796295166,D,2.7451775074005127,G,1.5363134145736694,N,3.040318489074707,E,1.8451857566833496,E,1.8169782161712646,K,1.2061303853988647,-,,G,1.8236106634140015,G,1.5984092950820923,T,2.1047616004943848,T,1.4482845067977905,S,1.9399199485778809,S,1.9416003227233887,S,1.9388930797576904,D,3.22209095954895,D,1.2815743684768677
137,N,1.8658058192278888,D,2.0256738662719727,S,2.9680986404418945,N,1.682804822921753,D,2.2685928344726562,D,1.4524627923965454,N,1.7683496475219727,D,1.716827154159546,D,2.07253098487854,D,1.2195374965667725,D,1.2361466884613037,D,2.2375926971435547,D,1.8387835025787354,D,2.266958713531494,D,1.742334008216858,D,1.7502739429473877,D,3.472332715988159,S,0.9662110805511475,D,2.9596362113952637,N,1.848199725151062,D,2.6839599609375,D,2.0317370891571045,S,2.745006561279297,D,1.6782687902450562,N,1.6992264986038208,D,1.170129418373108,D,1.138796091079712,S,1.2648208141326904,N,1.972450613975525,D,1.1147996187210083,D,3.3459270000457764,D,1.6790670156478882,D,1.5350611209869385,D,1.4175021648406982,D,1.4152668714523315,D,1.4165884256362915,G,1.606484055519104,N,1.626375675201416
138,L,1.984559500539625,L,1.9992866516113281,L,2.300501823425293,L,1.6321346759796143,L,1.331247091293335,L,1.602959394454956,L,2.574132204055786,L,1.6921919584274292,L,2.001187324523926,L,2.124911069869995,L,2.0985794067382812,L,1.3068253993988037,L,1.5373446941375732,L,1.3319120407104492,L,1.4825706481933594,L,1.4703216552734375,L,2.199779748916626,L,1.3656933307647705,L,3.536343812942505,L,1.3500303030014038,L,3.2712514400482178,L,1.547792911529541,L,4.738344192504883,L,1.7352499961853027,L,2.9703168869018555,L,2.3304500579833984,L,2.6813864707946777,L,1.9040710926055908,L,3.1962029933929443,L,1.7495602369308472,L,1.433166265487671,L,1.8579009771347046,L,1.207919716835022,L,1.4307304620742798,L,1.4396138191223145,L,1.4312862157821655,L,2.0115702152252197,L,1.5539343357086182
139,Y,2.1383105741964803,Y,2.728250503540039,Y,1.8254317045211792,H,1.9813146591186523,N,1.2746061086654663,N,1.9285119771957397,Y,1.8013858795166016,Y,1.4210078716278076,Y,2.5211386680603027,N,3.7717857360839844,N,3.7075767517089844,N,1.3886921405792236,N,2.2881546020507812,N,1.2630977630615234,N,2.221275568008423,N,2.2079238891601562,N,1.24735426902771,Y,3.4128191471099854,H,2.305799722671509,H,2.658123254776001,H,2.3095932006835938,C,2.5382776260375977,Y,1.8562215566635132,Y,1.741269826889038,Y,1.534184455871582,H,1.7969807386398315,H,1.7631961107254028,Y,2.9373207092285156,Y,1.2723592519760132,Y,4.519618988037109,Y,1.299294114112854,N,1.2274465560913086,N,2.2215075492858887,Y,1.6209537982940674,Y,1.6483826637268066,Y,1.6216378211975098,H,2.0105063915252686,H,3.2444896697998047
140,A,2.1163685901744946,A,2.2276411056518555,A,1.2521443367004395,A,1.7337734699249268,S,1.7901259660720825,S,1.505105972290039,V,3.692617416381836,F,1.8793597221374512,F,1.579222559928894,T,1.4460117816925049,T,1.4465413093566895,S,1.7520309686660767,S,1.461258888244629,S,1.7923741340637207,S,1.6623765230178833,S,1.675296425819397,S,1.385591983795166,Y,1.140447974205017,A,1.9425021409988403,I,4.249994277954102,A,1.8663718700408936,V,2.898013114929199,A,2.328859567642212,N,2.804276466369629,V,3.681032180786133,A,1.444689393043518,A,1.4073654413223267,A,2.2372593879699707,A,1.4095923900604248,F,2.1433370113372803,F,2.786479949951172,S,2.4274611473083496,S,4.4936017990112305,F,2.3099818229675293,F,2.3097236156463623,F,2.3125128746032715,A,1.9183051586151123,A,1.9123576879501343
141,T,1.939664061005051,A,1.5826704502105713,T,1.426268219947815,T,2.1681675910949707,T,2.2274930477142334,T,1.8554930686950684,V,1.8264293670654297,T,1.2539565563201904,T,1.3548142910003662,T,2.4899885654449463,T,2.4442994594573975,T,2.1642000675201416,T,1.8616328239440918,T,2.2161402702331543,T,1.8297100067138672,T,1.8713663816452026,T,2.5443050861358643,T,1.229109525680542,I,1.415329933166504,V,1.9060516357421875,I,1.326287031173706,V,1.5526936054229736,T,2.1867001056671143,V,2.9212236404418945,V,1.9989500045776367,T,1.8247566223144531,T,1.7743408679962158,R,1.6636468172073364,T,1.283846139907837,T,1.968054175376892,T,2.3938846588134766,T,4.183809280395508,T,2.1877434253692627,T,1.9187871217727661,T,1.9041281938552856,T,1.919741153717041,S,1.3983595371246338,S,1.6931915283203125
142,A,2.3119813912623637,A,1.7447941303253174,A,1.495651364326477,A,1.6263952255249023,A,4.424321174621582,A,3.2444825172424316,S,2.57808518409729,A,3.3446524143218994,S,1.5839648246765137,A,1.7826461791992188,A,1.928164005279541,A,4.369791030883789,A,2.9657115936279297,A,4.431023120880127,A,3.0458321571350098,A,2.865318775177002,A,1.7807133197784424,A,1.6942744255065918,A,3.015113115310669,S,1.871779203414917,A,3.1546947956085205,A,1.5327224731445312,A,1.6633166074752808,A,1.8438149690628052,S,2.2154130935668945,S,2.2058629989624023,S,2.149472713470459,A,1.0528631210327148,A,1.9884183406829834,S,2.5443708896636963,S,2.913102626800537,A,2.126725435256958,A,1.930726408958435,A,1.8383700847625732,A,1.6597834825515747,A,1.8384534120559692,A,1.6358953714370728,A,1.4565908908843994
143,L,1.8317739770219132,L,1.5501987934112549,L,2.5273215770721436,L,1.792219638824463,L,1.8806591033935547,L,2.0471158027648926,L,2.221825122833252,L,1.2367478609085083,L,2.335869550704956,L,1.1425626277923584,L,1.1287987232208252,L,1.876960039138794,L,2.002561569213867,L,1.8805170059204102,L,1.9650377035140991,L,1.9729911088943481,L,1.1095784902572632,L,2.425366163253784,L,1.7942476272583008,L,1.8244043588638306,L,1.439335823059082,L,1.0490812063217163,L,1.0465470552444458,L,1.5652363300323486,L,2.1946616172790527,L,3.7637224197387695,L,3.7496206760406494,L,2.3311538696289062,L,1.4195499420166016,L,1.5650525093078613,L,2.3610880374908447,L,1.858849048614502,L,1.0583360195159912,L,1.3230814933776855,L,1.2991300821304321,L,1.3230794668197632,L,2.173499584197998,L,1.5396291017532349
144,K,1.7216691809731561,E,1.966423511505127,K,1.4300593137741089,R,1.50920832157135,A,1.5621908903121948,G,1.4747395515441895,R,1.844260334968567,G,1.4019125699996948,G,1.8898574113845825,G,1.6140590906143188,G,1.5932800769805908,A,1.5495314598083496,G,1.3829723596572876,A,1.565872311592102,G,1.3530994653701782,G,1.4242866039276123,G,2.6306943893432617,K,2.5875658988952637,C,1.5702651739120483,H,1.8197258710861206,C,1.6492515802383423,R,1.854791283607483,K,1.3090134859085083,R,1.3560975790023804,R,2.021373748779297,E,1.578856110572815,E,1.5694636106491089,K,1.711500883102417,K,1.4596375226974487,G,1.3519936800003052,G,2.5181350708007812,G,1.0180271863937378,G,3.262348175048828,G,1.1729326248168945,G,1.2506802082061768,G,1.1736032962799072,L,2.6477389335632324,L,2.626310110092163
145,F,1.9871653769467328,F,2.214693546295166,F,1.7794694900512695,F,1.9759405851364136,L,1.1128261089324951,L,1.435629963874817,F,1.8016642332077026,F,2.4390692710876465,F,1.5525442361831665,F,1.2309739589691162,F,1.2425830364227295,L,1.1095854043960571,L,1.605843424797058,L,1.130896806716919,L,1.590667963027954,L,1.6255556344985962,F,1.349188208580017,F,1.6468074321746826,F,2.9484548568725586,F,1.8271870613098145,F,3.217683792114258,F,1.9420734643936157,F,3.0650224685668945,F,2.112154245376587,F,1.8204474449157715,F,2.170200824737549,F,2.164138078689575,F,1.7230021953582764,F,4.506935119628906,F,1.5044461488723755,F,1.562595248222351,F,2.7956457138061523,L,1.7935106754302979,F,2.90055513381958,F,2.8590171337127686,F,2.8994150161743164,F,1.5401811599731445,F,1.3285138607025146
146,R,2.1302629000431783,R,1.3091050386428833,R,2.4439430236816406,R,1.0048662424087524,R,3.9187545776367188,R,2.26906156539917,R,1.471376657485962,R,2.4310059547424316,R,1.19614839553833,R,1.3467484712600708,R,1.3329064846038818,R,3.936616897583008,R,2.2080931663513184,R,3.9871699810028076,R,2.3947980403900146,R,2.2144083976745605,R,1.6254043579101562,R,2.9074933528900146,R,1.4302935600280762,R,1.397882342338562,R,1.3474503755569458,R,2.08613920211792,R,1.2837730646133423,R,2.872044563293457,R,1.4782170057296753,R,2.5267791748046875,R,2.524714231491089,R,2.401977777481079,R,1.6291790008544922,R,2.520756483078003,R,1.3141050338745117,R,1.7967180013656616,R,1.5577243566513062,R,2.760450839996338,R,2.82612681388855,R,2.7580060958862305,R,1.9841270446777344,R,2.325361728668213
147,L,1.954314402631811,I,2.420854091644287,L,2.7921481132507324,L,1.890540599822998,T,1.7708179950714111,T,2.693431854248047,L,2.2570724487304688,L,2.0676684379577637,L,1.2870415449142456,L,1.7525862455368042,V,1.767323613166809,T,1.7617361545562744,T,2.286703109741211,T,1.6975957155227661,T,2.2894928455352783,T,2.1294331550598145,T,1.2876948118209839,I,2.3496646881103516,L,1.5875451564788818,L,2.4765946865081787,L,1.6512655019760132,L,1.6625912189483643,L,2.1517934799194336,L,1.1003508567810059,L,2.3236019611358643,L,1.913527250289917,L,1.913527250289917,I,4.25670051574707,L,1.5886032581329346,L,2.0604195594787598,L,1.5431572198867798,T,1.9816524982452393,T,2.08337664604187,L,1.090775966644287,L,1.192729115486145,L,1.0867854356765747,L,2.542412757873535,L,1.600417137145996
148,L,2.1290457796406104,F,1.6751623153686523,F,1.1331242322921753,L,1.8517786264419556,L,1.4443846940994263,L,3.969644784927368,V,2.0794169902801514,L,1.5109347105026245,L,2.5580220222473145,L,2.1406333446502686,L,2.1364989280700684,L,1.4419578313827515,L,3.86893630027771,L,1.458289623260498,L,3.8487322330474854,L,3.993089437484741,L,2.011657476425171,L,3.6364898681640625,L,2.190282106399536,V,2.1802024841308594,L,2.1259422302246094,V,1.5996036529541016,L,1.3669238090515137,L,2.149411916732788,V,2.096330165863037,L,2.0836830139160156,L,2.0836830139160156,L,1.7527117729187012,L,1.2313518524169922,L,1.5282840728759766,L,2.508410930633545,L,2.238388776779175,L,1.757123589515686,L,1.5701916217803955,L,1.5296391248703003,L,1.5705795288085938,L,2.1328463554382324,L,2.320350408554077
149,R,2.2360440847036003,R,3.246746063232422,R,1.8272676467895508,R,1.916082501411438,R,2.114469528198242,R,1.5592458248138428,R,1.1737929582595825,R,1.4733960628509521,R,3.5754384994506836,R,2.7653279304504395,R,2.825780153274536,R,2.1758124828338623,R,1.4804394245147705,R,2.065200090408325,R,1.4842901229858398,R,1.5386319160461426,R,3.3548214435577393,R,1.0057555437088013,R,1.1297571659088135,R,1.2291817665100098,R,1.0898513793945312,R,2.1983399391174316,R,1.5674844980239868,R,1.261291265487671,R,1.1558765172958374,R,2.4433417320251465,R,2.4433417320251465,R,1.4874287843704224,R,1.2704466581344604,R,1.3498303890228271,R,1.8900445699691772,R,2.3513495922088623,R,2.5072360038757324,R,6.041055202484131,R,6.653227806091309,R,6.037924766540527,R,1.5965404510498047,R,1.447582721710205
150,Q,2.042281933732935,Q,1.319294810295105,E,2.2161312103271484,E,2.2770442962646484,L,1.8858559131622314,L,1.4261033535003662,Q,3.7272825241088867,Q,2.3672800064086914,L,1.3491456508636475,L,2.431734085083008,L,2.411161184310913,L,1.883795142173767,L,1.495505928993225,L,1.918684482574463,L,1.4859883785247803,L,1.524293303489685,L,3.6402904987335205,Q,1.929766058921814,Q,1.419877052307129,Q,3.7544593811035156,Q,1.6757709980010986,G,1.8326302766799927,E,4.1599931716918945,R,1.5743225812911987,Q,3.8035223484039307,Q,1.2858726978302002,Q,1.2858726978302002,Q,1.7557374238967896,Q,3.195267677307129,L,1.3496074676513672,Q,1.587040901184082,L,2.3522963523864746,L,1.4022587537765503,Q,1.4546829462051392,Q,1.297473669052124,Q,1.4611366987228394,E,1.933397650718689,E,1.6938539743423462
151,H,1.9418006942078874,N,2.2229843139648438,Y,2.733102560043335,N,4.314752578735352,H,2.845339059829712,H,2.2357747554779053,Q,1.3942362070083618,H,2.1177191734313965,H,1.8286370038986206,H,1.21694016456604,H,1.2269580364227295,H,2.856097936630249,H,2.1635892391204834,H,2.8073339462280273,H,2.1626129150390625,H,2.244143486022949,H,1.7201156616210938,H,1.7716326713562012,Q,1.9642467498779297,Q,1.3762178421020508,Q,1.8814584016799927,Q,1.160134196281433,H,1.306394338607788,H,2.1315667629241943,Q,1.349772334098816,H,1.8768812417984009,H,1.8772814273834229,Y,1.751682996749878,H,2.0571014881134033,H,2.7585864067077637,H,1.2918261289596558,H,1.6053147315979004,H,1.685648798942566,H,1.5802096128463745,H,1.489291787147522,H,1.6944150924682617,N,1.2836267948150635,N,1.8629988431930542
152,G,1.9145592902157758,G,2.2243947982788086,G,2.7265915870666504,G,1.6350936889648438,G,1.32131028175354,G,2.3454599380493164,G,2.093057155609131,G,1.4644877910614014,G,2.577397584915161,G,1.0831701755523682,G,1.084065318107605,G,1.327088475227356,G,2.420382022857666,G,1.3172516822814941,G,2.403050184249878,G,2.071445941925049,G,1.0773699283599854,G,1.0588754415512085,G,1.6611108779907227,G,2.2010841369628906,G,1.6589765548706055,R,3.952843189239502,G,1.0359346866607666,G,5.4057841300964355,G,2.0268404483795166,G,1.1225659847259521,G,1.1229732036590576,G,1.5692492723464966,G,1.1817805767059326,G,1.322102427482605,G,1.4124231338500977,G,3.1015584468841553,G,1.8404693603515625,G,2.1434671878814697,G,1.6480324268341064,G,1.94850754737854,G,1.285895824432373,G,2.966602325439453
153,Y,1.9872080055443015,F,2.3820908069610596,F,2.3928003311157227,I,2.2276856899261475,Y,1.4700616598129272,Y,1.5204483270645142,H,2.634068250656128,F,3.680222749710083,F,1.4018396139144897,Y,2.439368963241577,Y,2.410299777984619,Y,1.4634968042373657,Y,1.5203948020935059,Y,1.4834281206130981,Y,1.5162137746810913,Y,1.5270049571990967,Y,2.568103551864624,F,1.4284428358078003,Y,1.637337565422058,H,2.9547929763793945,Y,1.7556415796279907,H,1.3892621994018555,F,1.2533490657806396,Y,1.6063250303268433,H,2.804797649383545,F,1.568462610244751,F,1.544729471206665,Y,2.6820783615112305,Y,1.751927137374878,F,1.310317873954773,F,2.9169299602508545,Y,1.930896520614624,Y,1.4256455898284912,F,2.48433256149292,F,2.4421725273132324,F,2.4349019527435303,F,2.171520948410034,F,1.3953036069869995
154,S,1.914085916570715,N,1.2370846271514893,H,2.217026948928833,F,1.2830511331558228,P,1.7997857332229614,P,2.2140016555786133,Y,1.7207307815551758,N,1.7306712865829468,D,1.3817508220672607,T,2.1854190826416016,T,2.200460910797119,P,1.7943605184555054,P,2.290701389312744,P,1.812558889389038,P,2.298593759536743,P,2.353036880493164,A,1.9482033252716064,Y,2.0952072143554688,Y,1.789127230644226,Y,1.4761247634887695,Y,1.7709760665893555,Y,2.202537775039673,H,2.318732738494873,N,1.8478657007217407,Y,1.5046766996383667,D,1.5992580652236938,D,1.5872868299484253,K,2.0769879817962646,S,2.8661837577819824,D,1.9436125755310059,N,1.4257609844207764,P,2.1781067848205566,P,2.419276237487793,K,1.4004857540130615,K,1.2931638956069946,K,1.3519251346588135,S,3.269278049468994,S,1.9371669292449951
155,V,2.1215649488809945,V,1.1716097593307495,I,2.722445249557495,V,2.028903007507324,V,1.3935424089431763,V,2.079594850540161,M,3.328683376312256,V,1.5657674074172974,V,1.9021859169006348,M,1.961228609085083,V,2.0102651119232178,V,1.3962546586990356,V,2.037909984588623,V,1.3827656507492065,V,2.069614887237549,V,2.105172872543335,V,1.478027582168579,I,2.30326771736145,V,1.870988368988037,M,2.952104330062866,V,1.8237532377243042,M,3.0385191440582275,I,1.8618367910385132,V,2.0054664611816406,M,3.7592709064483643,V,4.759058952331543,V,4.759486675262451,T,2.2155115604400635,V,1.9737606048583984,V,3.0044443607330322,V,1.2589280605316162,V,1.0650302171707153,V,1.8815898895263672,V,1.3015464544296265,V,1.51784348487854,V,1.4516040086746216,I,1.7153429985046387,V,1.3445775508880615
156,S,1.8440374877001788,P,1.811032772064209,S,1.0883291959762573,P,2.726905345916748,S,2.0456831455230713,S,1.3973686695098877,S,1.518345594406128,S,1.2725354433059692,S,1.9265143871307373,F,2.745382308959961,F,2.7255427837371826,S,1.9715771675109863,S,1.412554144859314,S,2.037876844406128,S,1.4147493839263916,S,1.4397708177566528,S,2.295142889022827,S,2.0979654788970947,S,3.6867728233337402,S,1.423348069190979,S,3.777148723602295,S,2.057234287261963,S,2.030245542526245,S,1.3642833232879639,S,1.3955525159835815,S,1.5569357872009277,S,1.5574207305908203,P,1.615242838859558,S,1.6141234636306763,S,1.5083372592926025,S,2.016469955444336,S,1.4313117265701294,S,2.218323230743408,S,1.2858539819717407,S,1.2052206993103027,S,1.2412620782852173,S,1.8623974323272705,S,1.454626202583313
157,Q,1.909798542658488,-,,-,,-,,-,,-,,-,,-,,-,,-,,-,,-,,-,,-,,-,,-,,-,,-,,-,,S,1.4171690940856934,-,,-,,-,,-,,-,,-,,-,,V,2.278266668319702,Q,2.0339598655700684,-,,-,,-,,-,,-,,-,,-,,-,,-,
158,-,1.7233406475612096,Q,1.210348129272461,Q,1.409324049949646,Q,1.45184326171875,S,1.3599777221679688,A,1.158244013786316,S,1.3764091730117798,Q,2.2081477642059326,E,3.773223876953125,P,1.700948715209961,P,1.695446491241455,S,1.340388298034668,A,1.155109167098999,S,1.3594906330108643,A,1.1613563299179077,A,1.168957233428955,A,2.0404140949249268,Q,1.6702606678009033,C,1.091916561126709,-,,C,1.080236792564392,S,2.135664939880371,Q,3.0465753078460693,C,1.2739883661270142,S,1.4958361387252808,E,1.6332509517669678,E,1.6233479976654053,K,2.0667881965637207,-,,E,1.4269943237304688,Q,3.3201756477355957,S,2.33316707611084,S,2.5853841304779053,Q,1.64643132686615,Q,1.5192431211471558,Q,1.5855318307876587,E,1.4803073406219482,E,1.7321929931640625
159,-,,-,,-,,-,,-,,-,,-,,-,,-,,-,,-,,-,,-,,-,,-,,-,,-,,-,,-,,-,,-,,-,,-,,-,,-,,-,,-,,-,,-,,-,,-,,-,,-,,-,,-,,-,,-,,-,
160,E,2.0306110833142257,D,1.229680061340332,E,1.5065017938613892,D,1.739126205444336,D,2.6644933223724365,E,2.3687376976013184,D,1.4643683433532715,R,3.1014184951782227,E,1.6632059812545776,D,2.219778537750244,D,2.1536614894866943,D,2.6698222160339355,E,2.455313205718994,D,2.6766130924224854,E,2.3323254585266113,E,2.3383092880249023,D,2.2848000526428223,D,2.4266977310180664,D,3.420490026473999,D,1.6638988256454468,D,3.388240098953247,D,2.646256446838379,E,1.411095142364502,D,2.970773935317993,D,1.6763209104537964,N,1.2992215156555176,N,1.2996352910995483,E,1.6099077463150024,E,2.8350164890289307,D,1.7712470293045044,D,1.7973268032073975,D,1.19960618019104,S,1.4833617210388184,E,1.682663083076477,E,1.5730446577072144,E,1.630250334739685,D,1.318213939666748,D,1.161186933517456
161,V,1.6172657109595634,I,1.5415891408920288,I,1.5702224969863892,V,1.5229785442352295,V,1.9900310039520264,V,1.6881440877914429,V,1.6816191673278809,I,1.7474584579467773,V,2.034237861633301,V,1.3124994039535522,V,1.2992541790008545,V,1.9695522785186768,V,1.6349889039993286,V,1.977012038230896,V,1.6527361869812012,V,1.6442036628723145,V,1.310608983039856,I,3.1242246627807617,A,1.2792184352874756,V,1.4626562595367432,A,1.2658517360687256,V,1.3551088571548462,I,1.9846819639205933,V,1.6307796239852905,V,1.6589479446411133,I,1.2800146341323853,I,1.2801100015640259,T,1.3486907482147217,V,1.4684158563613892,V,1.995175838470459,I,1.5842361450195312,V,1.6571940183639526,V,1.3863412141799927,V,1.0983312129974365,V,1.096105933189392,V,1.0962934494018555,I,2.596217393875122,I,1.6130989789962769
162,F,2.0638536521366664,F,6.01133918762207,-,,F,2.5986757278442383,L,2.396632194519043,L,1.2463198900222778,F,1.1042218208312988,F,1.5982260704040527,F,1.4008995294570923,F,2.205306053161621,F,2.1960649490356445,L,2.098668336868286,L,1.217862844467163,L,2.1824893951416016,L,1.2277759313583374,L,1.232203722000122,L,1.5347223281860352,L,2.459881544113159,F,2.6495790481567383,F,1.082038164138794,F,2.655428171157837,F,1.7632771730422974,-,,F,1.8762304782867432,F,1.067030668258667,F,2.6375858783721924,F,2.6376893520355225,F,2.701678514480591,F,1.443138837814331,F,3.2672953605651855,F,2.557663679122925,L,2.0781705379486084,L,1.4982324838638306,F,2.1292734146118164,F,2.1231958866119385,F,2.1298415660858154,F,1.3306280374526978,F,1.895611047744751
163,N,2.148077229091099,N,1.8430293798446655,-,,E,1.5408694744110107,E,2.557191848754883,K,1.821506381034851,K,2.79280424118042,D,2.0501766204833984,D,1.5427427291870117,E,1.4973539113998413,E,1.5118632316589355,E,2.6383137702941895,K,1.8403087854385376,E,2.612239360809326,K,1.8260107040405273,K,1.8218588829040527,N,1.5304292440414429,N,3.3914594650268555,K,2.5176339149475098,K,2.592845916748047,K,2.557666063308716,T,1.5068411827087402,-,,N,2.1463098526000977,K,2.7823166847229004,D,1.492990493774414,D,1.493174433708191,S,3.344350814819336,N,1.4354702234268188,S,1.6766207218170166,D,2.420017957687378,E,4.60538911819458,E,1.7431762218475342,D,1.6074225902557373,D,1.606690764427185,D,1.6055607795715332,E,2.5226283073425293,K,2.7074389457702637
164,S,1.6684732454163687,D,1.7678282260894775,-,,T,1.479399561882019,H,1.9442282915115356,H,1.398352026939392,Q,1.4480769634246826,C,2.1209070682525635,F,0.99566251039505,Q,1.4460316896438599,Q,1.4529191255569458,H,1.9813517332077026,H,1.3551169633865356,H,1.9910603761672974,H,1.3861136436462402,H,1.3747141361236572,L,1.370128870010376,D,1.8133679628372192,K,1.677014708518982,Q,1.3814796209335327,K,1.6429463624954224,R,1.1475629806518555,-,,K,2.683016777038574,Q,1.3902876377105713,V,1.1397910118103027,V,1.1397910118103027,R,1.2799540758132935,S,1.4459997415542603,F,2.241084575653076,C,1.610044002532959,N,1.3380887508392334,Q,1.9342644214630127,C,2.467019557952881,C,2.4602015018463135,C,2.4636268615722656,E,1.7533490657806396,K,1.875781774520874
165,F,2.1632787125451225,F,1.778630018234253,-,,L,1.7820334434509277,F,1.2331165075302124,F,2.5945687294006348,F,2.1334121227264404,F,1.3506474494934082,F,2.0280752182006836,F,2.4956414699554443,F,2.471207857131958,F,1.2718933820724487,F,2.6176552772521973,F,1.2555161714553833,F,2.6727635860443115,F,2.6489758491516113,F,2.291520833969116,F,2.391983985900879,F,2.79524564743042,F,1.7249215841293335,F,2.8491005897521973,F,2.929436683654785,-,,F,2.8637990951538086,F,1.8111331462860107,I,1.5633323192596436,I,1.5618879795074463,F,1.7508682012557983,F,2.6722261905670166,F,1.42730712890625,F,1.8174564838409424,F,3.584146022796631,F,2.9118340015411377,F,1.6863677501678467,F,1.684270977973938,F,1.6853512525558472,F,2.125842809677124,F,3.2525851726531982
166,K,2.188524502165177,I,1.9204564094543457,-,,-,,K,4.675412654876709,Q,3.1387598514556885,I,1.5500330924987793,K,1.976080298423767,K,1.8846293687820435,K,1.5929673910140991,K,1.6004018783569336,K,4.701597213745117,Q,3.1995420455932617,K,4.689448356628418,Q,3.218200445175171,Q,3.219787120819092,K,1.570170521736145,K,1.6748182773590088,T,1.2221676111221313,T,1.887204885482788,T,1.2450478076934814,T,1.4048807621002197,-,,K,1.6179558038711548,T,1.8625718355178833,I,2.535186529159546,I,2.535186529159546,M,1.8067370653152466,K,1.4441192150115967,K,2.044133186340332,K,1.6118810176849365,K,1.2784987688064575,K,1.5232998132705688,K,2.2217400074005127,K,2.2186505794525146,K,2.2209246158599854,R,1.3846608400344849,K,1.7326812744140625
167,-,2.2405872344970703,-,,-,,-,,-,,-,,-,,-,,-,,-,,-,,-,,-,,-,,-,,-,,-,,-,,-,,-,,-,,-,,-,,-,,-,,D,2.2405872344970703,D,2.2405872344970703,-,,-,,-,,-,,-,,-,,-,,-,,-,,-,,-,
168,D,1.7933226473191206,-,,-,,K,2.5645172595977783,D,1.3956419229507446,N,1.2922167778015137,N,2.119443893432617,N,1.4718058109283447,N,2.410364866256714,D,1.9641053676605225,D,1.9382017850875854,D,1.415633201599121,N,1.2713546752929688,D,1.3864794969558716,N,1.2723424434661865,N,1.2847042083740234,D,2.4157493114471436,D,1.8657325506210327,N,1.2980259656906128,N,2.8743159770965576,N,1.3143134117126465,N,1.8919098377227783,-,,D,1.5537141561508179,N,2.362011194229126,Q,1.8162058591842651,Q,1.816217303276062,D,1.6979331970214844,D,2.2019615173339844,N,1.0035558938980103,N,1.456480622291565,D,1.4598381519317627,D,1.754104733467102,N,1.876903772354126,N,1.8672890663146973,N,1.8728288412094116,D,1.7090706825256348,D,3.077996253967285
169,-,,-,,-,,-,,-,,-,,-,,-,,-,,-,,-,,-,,-,,-,,-,,-,,-,,-,,-,,-,,-,,-,,-,,-,,-,,-,,-,,-,,-,,-,,-,,-,,-,,-,,-,,-,,-,,-,
170,-,2.8879272838433585,T,1.363771677017212,-,,D,3.127347230911255,-,,-,,-,,E,2.6669039726257324,E,1.5090065002441406,-,,-,,-,,-,,-,,-,,-,,-,,-,,-,,-,,-,,-,,-,,-,,-,,I,1.925795078277588,I,1.9262285232543945,-,,-,,E,1.8076674938201904,E,1.8217030763626099,-,,-,,E,5.587656497955322,E,5.6089630126953125,E,5.59120512008667,-,,D,1.718879222869873
171,E,1.6535942145756313,E,1.3711680173873901,-,,K,1.6624090671539307,Q,1.8976054191589355,Q,1.414746880531311,Q,1.5739731788635254,K,2.3030519485473633,D,2.0637218952178955,Q,1.6053740978240967,Q,1.603033185005188,Q,1.6042920351028442,Q,1.474543571472168,Q,1.9026919603347778,Q,1.401017665863037,Q,1.4538328647613525,Q,0.9854178428649902,E,1.4220384359359741,D,1.1635388135910034,Q,1.491990327835083,D,1.1727347373962402,D,1.6372249126434326,-,,T,2.0852341651916504,Q,1.684347152709961,E,2.399888038635254,E,2.3999252319335938,E,2.3106861114501953,E,1.8569892644882202,D,1.4362043142318726,K,1.194089412689209,H,1.5740288496017456,E,2.1332671642303467,K,1.251304268836975,K,1.2610586881637573,K,1.2504688501358032,E,2.121567726135254,Q,1.7123314142227173
172,R,2.305114130716066,D,1.5815657377243042,F,2.179065227508545,S,3.259658098220825,K,3.2954158782958984,N,4.458965301513672,D,1.867483377456665,G,2.1574506759643555,G,1.9495141506195068,M,1.1494883298873901,M,1.133500576019287,K,3.307394027709961,N,4.3389482498168945,K,3.3080456256866455,N,4.392378807067871,N,4.500058650970459,N,2.099353790283203,Q,1.081396460533142,Q,2.4283270835876465,D,1.968840479850769,Q,2.402588367462158,D,1.9579187631607056,F,1.3915777206420898,N,1.9237536191940308,D,2.030398368835449,S,1.3606172800064087,S,1.3606172800064087,K,2.220238208770752,R,1.480971336364746,G,2.4141697883605957,G,2.125551223754883,N,2.1721582412719727,K,1.5315847396850586,Y,1.6813076734542847,Y,1.6880698204040527,Y,1.67966628074646,K,2.568458318710327,K,2.8427252769470215
173,G,1.8317624523832992,G,1.451028823852539,G,2.0297024250030518,G,2.027646064758301,G,3.0652899742126465,G,1.3623672723770142,G,2.929905414581299,S,2.0434234142303467,S,2.6070077419281006,G,1.2345885038375854,G,1.194681167602539,G,3.1167516708374023,G,1.20185124874115,G,3.033690929412842,G,1.3557082414627075,G,1.3822282552719116,G,2.1793510913848877,G,2.5123534202575684,G,0.9656344652175903,G,2.8379292488098145,G,0.9828338623046875,G,1.7574715614318848,D,1.0473731756210327,G,1.001481294631958,G,2.9924027919769287,N,1.3832435607910156,N,1.3832435607910156,G,1.3775091171264648,G,1.8235180377960205,S,1.7393330335617065,S,1.7389682531356812,G,1.4322487115859985,G,1.5405309200286865,T,2.066707134246826,T,2.0849082469940186,T,2.0648903846740723,G,1.5492922067642212,G,1.2781155109405518
174,S,2.667913056708671,E,2.027156114578247,G,3.7818984985351562,K,1.8190966844558716,R,2.543048858642578,Q,2.001638412475586,K,3.2590994834899902,H,1.8545559644699097,D,1.2748394012451172,R,3.7308740615844727,R,4.125814914703369,R,2.675431489944458,Q,1.9758422374725342,R,2.5371248722076416,Q,1.9941824674606323,Q,2.0284390449523926,Q,5.084959983825684,H,1.1138267517089844,N,5.193850517272949,K,3.8501174449920654,N,5.224808216094971,K,1.9963048696517944,G,4.038054943084717,D,4.376064777374268,K,2.9627268314361572,T,1.7047611474990845,T,1.7040019035339355,S,1.632076382637024,S,2.4429774284362793,D,1.931602954864502,D,3.0308659076690674,Q,1.7450037002563477,Q,1.7674612998962402,N,2.8728854656219482,N,2.661198616027832,N,2.873093843460083,Q,1.664111852645874,Q,1.2129857540130615
175,F,1.697499352874178,F,1.158455729484558,L,2.0001635551452637,F,1.6238096952438354,F,1.399932861328125,-,,F,1.294350266456604,F,2.4217941761016846,F,1.611175775527954,I,1.9927400350570679,I,2.0135550498962402,F,1.4126843214035034,-,,F,1.4089279174804688,-,,-,,F,1.4512195587158203,F,2.5979225635528564,F,1.1438928842544556,F,1.1843907833099365,F,1.1560096740722656,F,3.3255302906036377,L,1.5977352857589722,Y,1.2397459745407104,F,1.3271163702011108,F,1.3886159658432007,F,1.3886159658432007,F,2.420383930206299,F,2.0532596111297607,F,2.1891183853149414,F,2.046116590499878,F,2.0633745193481445,F,3.2554306983947754,F,0.9130129814147949,F,0.921594500541687,F,0.9139916300773621,Y,1.6228073835372925,F,1.4800037145614624
176,-,1.6680889129638672,-,,-,,-,,-,,-,,-,,-,,-,,-,,-,,-,,-,,-,,-,,-,,-,,-,,-,,-,,-,,-,,-,,-,,-,,-,,-,,K,1.6680889129638672,-,,-,,-,,-,,-,,-,,-,,-,,-,,-,
177,K,1.9157216436154134,D,2.476928472518921,S,1.57797110080719,K,2.002598285675049,A,0.7729337811470032,F,1.561252474784851,K,1.598336935043335,D,2.3435940742492676,K,2.4601330757141113,A,1.5611580610275269,A,1.5554660558700562,A,0.8550367951393127,F,1.7545534372329712,A,0.8521702885627747,F,1.569912314414978,F,1.4684642553329468,A,4.235076904296875,K,3.297818899154663,K,1.9383536577224731,K,1.4418671131134033,K,1.7513879537582397,K,3.549102783203125,S,1.7169259786605835,K,1.4819352626800537,K,1.4614914655685425,K,1.9290835857391357,K,1.9290835857391357,L,1.486446499824524,K,2.6487627029418945,K,2.4898276329040527,D,2.0788168907165527,T,1.6583741903305054,A,3.4732179641723633,K,1.2129154205322266,K,1.2105603218078613,K,1.2130954265594482,F,1.5555520057678223,E,2.7114951610565186
178,A,1.8873539082705975,E,1.721144676208496,E,2.0868520736694336,-,,C,1.7223230600357056,A,2.041811943054199,E,1.5727832317352295,E,1.69375479221344,A,3.40144681930542,-,,-,,C,1.7291905879974365,A,2.0363926887512207,C,1.7105226516723633,A,2.086057662963867,A,2.113715171813965,C,1.5835611820220947,Q,1.4498364925384521,E,1.630722999572754,E,1.9223517179489136,E,1.7247565984725952,E,1.3937997817993164,E,2.066054582595825,K,1.47528076171875,E,1.9685720205307007,-,,-,,S,1.1496820449829102,A,1.6797415018081665,A,2.8167879581451416,E,2.031498432159424,C,1.569663166999817,T,1.556114912033081,A,2.0939700603485107,A,2.1600887775421143,A,2.0937654972076416,R,1.8631863594055176,D,2.249894857406616
179,C,2.058981231848399,-,,T,2.8489160537719727,S,1.5731858015060425,S,3.839474678039551,C,1.9706764221191406,T,1.5142865180969238,T,3.593679666519165,S,1.1944539546966553,C,1.3636194467544556,C,1.3335455656051636,S,3.847477436065674,C,1.776212215423584,S,3.8336708545684814,C,1.993521809577942,C,2.002960443496704,S,1.532105565071106,S,1.076831579208374,E,2.071521520614624,R,1.3328441381454468,E,2.1118521690368652,T,1.36226224899292,T,2.70977520942688,S,3.1609013080596924,T,1.4616976976394653,-,,-,,S,1.2155492305755615,C,1.728778600692749,S,1.625511884689331,T,2.512146472930908,-,,S,1.9624102115631104,-,,-,,-,,S,1.255143642425537,R,1.9644246101379395
180,L,2.0921225734055042,S,4.4042229652404785,H,1.6558881998062134,Q,2.314175844192505,S,1.4557721614837646,S,2.1296985149383545,L,2.0274205207824707,L,1.4396876096725464,-,,S,2.825674057006836,S,2.8774921894073486,S,1.4419187307357788,S,2.597323179244995,S,1.37381112575531,S,2.16623592376709,S,2.1785783767700195,-,,L,1.1199249029159546,L,1.454161286354065,L,1.7968270778656006,L,1.4338573217391968,L,2.0584487915039062,H,3.1599130630493164,L,1.4550775289535522,L,1.9861959218978882,-,,-,,H,2.61737060546875,L,1.8326507806777954,-,,L,1.181195616722107,S,2.734429359436035,S,2.0804152488708496,S,2.2578117847442627,S,2.907461166381836,S,2.259145975112915,D,1.9537798166275024,L,1.7713567018508911
181,C,1.7050544500350953,L,1.3918540477752686,T,3.1352920532226562,L,1.7533981800079346,I,0.8824079036712646,P,1.2318745851516724,T,1.9718632698059082,I,2.292250394821167,L,1.7197328805923462,T,2.337446451187134,A,2.3511741161346436,I,0.8695293664932251,P,1.3341646194458008,I,0.8811954259872437,P,1.2154080867767334,P,1.211743950843811,P,1.4669842720031738,C,2.085951089859009,V,1.7814682722091675,T,1.8704184293746948,V,1.7261441946029663,T,1.4573636054992676,T,1.5932331085205078,V,1.8313066959381104,T,1.8750609159469604,-,,-,,S,1.1550488471984863,C,1.8488962650299072,L,2.179422378540039,I,1.3725717067718506,G,3.237008571624756,I,1.2135417461395264,L,1.4912188053131104,L,1.6124851703643799,L,1.4910999536514282,G,1.7934333086013794,Q,2.0149130821228027
182,E,2.3358692415058613,S,2.1023693084716797,-,,C,1.2209694385528564,-,,S,1.8683339357376099,N,2.077545642852783,G,3.044189929962158,G,2.2640578746795654,N,6.650664806365967,N,5.304871559143066,-,,S,1.4551053047180176,K,1.7947266101837158,S,1.8503934144973755,S,1.8570094108581543,S,1.630737066268921,K,1.2019243240356445,K,2.49377703666687,N,1.623501181602478,K,2.4972550868988037,K,1.8183746337890625,-,,T,3.552490234375,N,2.0842795372009277,T,0.9825046062469482,T,0.9825046062469482,D,3.876192808151245,E,2.9963645935058594,G,2.8195579051971436,G,2.189822196960449,I,2.84633207321167,Q,1.4059031009674072,A,2.051853656768799,A,2.0546319484710693,A,2.0535473823547363,L,2.096024513244629,-,
183,-,1.8765907645225526,-,,-,,-,,K,1.772349238395691,-,,-,,-,,-,,Q,1.1998910903930664,Q,1.4789505004882812,K,1.7565083503723145,-,,T,2.4116568565368652,-,,-,,Q,2.034979820251465,-,,-,,-,,-,,-,,-,,-,,-,,-,,-,,-,,-,,-,,-,,Q,1.77885901927948,T,2.387463331222534,-,,-,,-,,K,1.8183947801589966,S,2.126854658126831
184,-,2.4889577329158783,-,,-,,-,,T,2.3936586380004883,-,,-,,-,,-,,-,,-,,T,2.3817639350891113,-,,E,3.5644888877868652,-,,-,,-,,-,,-,,-,,-,,-,,-,,-,,-,,-,,-,,-,,-,,-,,-,,-,,D,1.6159194707870483,-,,-,,-,,-,,-,
185,-,,-,,-,,-,,-,,-,,-,,-,,-,,-,,-,,-,,-,,-,,-,,-,,-,,-,,-,,-,,-,,-,,-,,-,,-,,-,,-,,-,,-,,-,,-,,-,,-,,-,,-,,-,,-,,-,
186,-,,-,,-,,-,,-,,-,,-,,-,,-,,-,,-,,-,,-,,-,,-,,-,,-,,-,,-,,-,,-,,-,,-,,-,,-,,-,,-,,-,,-,,-,,-,,-,,-,,-,,-,,-,,-,,-,
187,-,,-,,-,,-,,-,,-,,-,,-,,-,,-,,-,,-,,-,,-,,-,,-,,-,,-,,-,,-,,-,,-,,-,,-,,-,,-,,-,,-,,-,,-,,-,,-,,-,,-,,-,,-,,-,,-,
188,-,,-,,-,,-,,-,,-,,-,,-,,-,,-,,-,,-,,-,,-,,-,,-,,-,,-,,-,,-,,-,,-,,-,,-,,-,,-,,-,,-,,-,,-,,-,,-,,-,,-,,-,,-,,-,,-,
189,-,,-,,-,,-,,-,,-,,-,,-,,-,,-,,-,,-,,-,,-,,-,,-,,-,,-,,-,,-,,-,,-,,-,,-,,-,,-,,-,,-,,-,,-,,-,,-,,-,,-,,-,,-,,-,,-,
190,-,,-,,-,,-,,-,,-,,-,,-,,-,,-,,-,,-,,-,,-,,-,,-,,-,,-,,-,,-,,-,,-,,-,,-,,-,,-,,-,,-,,-,,-,,-,,-,,-,,-,,-,,-,,-,,-,
191,-,,-,,-,,-,,-,,-,,-,,-,,-,,-,,-,,-,,-,,-,,-,,-,,-,,-,,-,,-,,-,,-,,-,,-,,-,,-,,-,,-,,-,,-,,-,,-,,-,,-,,-,,-,,-,,-,
192,-,,-,,-,,-,,-,,-,,-,,-,,-,,-,,-,,-,,-,,-,,-,,-,,-,,-,,-,,-,,-,,-,,-,,-,,-,,-,,-,,-,,-,,-,,-,,-,,-,,-,,-,,-,,-,,-,
193,-,,-,,-,,-,,-,,-,,-,,-,,-,,-,,-,,-,,-,,-,,-,,-,,-,,-,,-,,-,,-,,-,,-,,-,,-,,-,,-,,-,,-,,-,,-,,-,,-,,-,,-,,-,,-,,-,
194,-,,-,,-,,-,,-,,-,,-,,-,,-,,-,,-,,-,,-,,-,,-,,-,,-,,-,,-,,-,,-,,-,,-,,-,,-,,-,,-,,-,,-,,-,,-,,-,,-,,-,,-,,-,,-,,-,
195,-,,-,,-,,-,,-,,-,,-,,-,,-,,-,,-,,-,,-,,-,,-,,-,,-,,-,,-,,-,,-,,-,,-,,-,,-,,-,,-,,-,,-,,-,,-,,-,,-,,-,,-,,-,,-,,-,
196,-,,-,,-,,-,,-,,-,,-,,-,,-,,-,,-,,-,,-,,-,,-,,-,,-,,-,,-,,-,,-,,-,,-,,-,,-,,-,,-,,-,,-,,-,,-,,-,,-,,-,,-,,-,,-,,-,
197,-,,-,,-,,-,,-,,-,,-,,-,,-,,-,,-,,-,,-,,-,,-,,-,,-,,-,,-,,-,,-,,-,,-,,-,,-,,-,,-,,-,,-,,-,,-,,-,,-,,-,,-,,-,,-,,-,
198,-,,-,,-,,-,,-,,-,,-,,-,,-,,-,,-,,-,,-,,-,,-,,-,,-,,-,,-,,-,,-,,-,,-,,-,,-,,-,,-,,-,,-,,-,,-,,-,,-,,-,,-,,-,,-,,-,
199,-,,-,,-,,-,,-,,-,,-,,-,,-,,-,,-,,-,,-,,-,,-,,-,,-,,-,,-,,-,,-,,-,,-,,-,,-,,-,,-,,-,,-,,-,,-,,-,,-,,-,,-,,-,,-,,-,
200,-,,-,,-,,-,,-,,-,,-,,-,,-,,-,,-,,-,,-,,-,,-,,-,,-,,-,,-,,-,,-,,-,,-,,-,,-,,-,,-,,-,,-,,-,,-,,-,,-,,-,,-,,-,,-,,-,
201,-,1.6589116752147675,-,,-,,-,,-,,E,1.644186019897461,-,,-,,-,,-,,-,,-,,E,1.7317756414413452,-,,E,1.6294313669204712,E,1.6302536725997925,-,,-,,-,,-,,-,,-,,-,,-,,-,,-,,-,,-,,-,,-,,-,,-,,-,,-,,-,,-,,-,,-,
202,-,1.5416388660669327,-,,-,,-,,-,,T,1.417039155960083,-,,-,,-,,T,1.4983261823654175,T,1.8180040121078491,-,,T,1.5374606847763062,-,,T,1.4103741645812988,T,1.4300848245620728,T,1.491174340248108,-,,-,,-,,-,,-,,-,,-,,-,,-,,-,,-,,-,,-,,-,,T,1.7306475639343262,-,,-,,-,,-,,-,,-,
203,-,2.278280586004257,-,,-,,-,,E,3.5729620456695557,E,2.8715474605560303,-,,-,,-,,E,1.145729899406433,E,1.2372397184371948,E,3.5752272605895996,E,2.826878309249878,-,,E,2.8659629821777344,E,2.7983014583587646,E,1.5301969051361084,-,,-,,-,,-,,-,,-,,-,,-,,-,,-,,-,,-,,-,,-,,E,2.0564687252044678,G,1.215837836265564,-,,-,,-,,N,1.6430144309997559,-,
204,-,1.8035997450351715,E,1.4438838958740234,E,1.1772698163986206,K,3.3433122634887695,G,0.9965453743934631,G,2.5137784481048584,-,,E,1.606417179107666,E,1.9750056266784668,R,1.0017842054367065,R,1.2168844938278198,G,1.0614426136016846,G,2.455850124359131,G,1.0182199478149414,G,2.472562789916992,G,2.540292263031006,E,1.5770221948623657,-,,-,,-,,-,,-,,K,1.0261774063110352,-,,-,,N,1.8053984642028809,N,1.8053984642028809,-,,-,,E,1.2045185565948486,E,2.3029286861419678,G,1.9509825706481934,G,2.3845620155334473,G,1.986173391342163,G,2.0594043731689453,G,1.9871782064437866,Q,1.9805999994277954,-,
205,D,2.4180486266677446,D,1.5122172832489014,D,1.4354537725448608,D,1.5750610828399658,E,2.0972766876220703,E,4.779786586761475,D,1.1726768016815186,D,1.8038021326065063,N,1.8280447721481323,Q,1.1531226634979248,Q,1.386971354484558,E,2.1100451946258545,E,4.911467552185059,E,2.1250057220458984,E,4.910889148712158,E,5.188865661621094,E,1.3738855123519897,D,4.202209949493408,D,3.523516893386841,D,1.5637612342834473,D,3.500746011734009,D,1.7849915027618408,D,1.0335978269577026,D,2.186262607574463,D,1.2240262031555176,N,2.3759217262268066,N,2.3759217262268066,E,1.3684680461883545,D,2.1104109287261963,N,1.5714279413223267,D,1.8048397302627563,E,2.2179372310638428,E,2.78439998626709,D,3.132432222366333,D,3.2920665740966797,D,3.1327590942382812,T,2.596052885055542,Q,2.321476936340332
206,T,2.1871901428377307,T,1.4433611631393433,T,1.1390737295150757,V,2.1965324878692627,I,2.217913866043091,M,1.774105191230774,V,2.0050435066223145,I,1.3686728477478027,I,2.3928887844085693,I,2.1118123531341553,I,2.2826945781707764,I,2.251253604888916,M,1.7957760095596313,I,2.190460681915283,M,1.8152029514312744,M,1.8362021446228027,I,3.0297179222106934,T,1.444392442703247,V,1.4645798206329346,V,2.0002670288085938,V,1.4565117359161377,V,2.6343374252319336,T,1.830398678779602,L,1.2345489263534546,V,2.1050145626068115,I,5.327042579650879,I,5.326970100402832,C,3.264793872833252,T,2.0770108699798584,T,2.1248624324798584,T,1.8008838891983032,I,1.5644441843032837,I,1.5213074684143066,T,1.6868438720703125,T,1.6358327865600586,T,1.688297152519226,D,4.434598922729492,A,2.4523847103118896
207,K,1.912191769561252,M,2.057490110397339,K,2.8938093185424805,R,2.1530001163482666,R,1.6787734031677246,R,1.2495449781417847,Q,2.2300143241882324,K,2.412418842315674,K,3.8349266052246094,S,2.081775426864624,S,2.008375883102417,R,1.6266069412231445,R,1.3004215955734253,R,1.6386123895645142,R,1.2830348014831543,R,1.411392092704773,R,2.3561272621154785,K,2.1278538703918457,E,1.1292164325714111,Q,1.9802604913711548,E,1.1306753158569336,Q,1.3736906051635742,K,0.7564131617546082,S,3.2548091411590576,Q,2.0751705169677734,N,1.4973481893539429,N,1.4973481893539429,K,2.007324457168579,K,1.2973570823669434,K,2.4255335330963135,K,2.1001574993133545,R,1.2773205041885376,R,1.2614526748657227,K,2.7124264240264893,K,2.2388803958892822,K,2.7128257751464844,Q,2.4505419731140137,E,1.2281651496887207
208,G,2.183804447586472,G,3.9820635318756104,G,1.1429214477539062,G,2.2921602725982666,S,1.8492860794067383,S,1.1090747117996216,G,3.2462711334228516,A,1.217484951019287,D,1.3097578287124634,S,1.3329421281814575,S,1.3333485126495361,S,1.9815164804458618,S,1.1982648372650146,S,1.6772220134735107,S,1.2639824151992798,S,1.2392172813415527,S,4.2927703857421875,G,2.5928330421447754,G,1.970679759979248,G,3.4559478759765625,G,1.9685695171356201,G,2.1449320316314697,G,4.019624710083008,G,1.2801063060760498,G,3.3580946922302246,G,1.9827911853790283,G,1.9827911853790283,G,1.7644728422164917,G,1.7013394832611084,D,1.7869267463684082,A,2.221616744995117,G,1.3639730215072632,S,1.8772848844528198,G,3.1545777320861816,G,2.8330674171447754,G,3.1437599658966064,A,2.152742862701416,G,3.5763485431671143
209,M,1.9912095810915973,L,1.4591665267944336,M,2.5927460193634033,L,3.805131196975708,L,2.112773895263672,I,1.8950839042663574,L,1.0979760885238647,T,1.9792590141296387,V,2.404301881790161,I,1.6182787418365479,I,1.6254533529281616,L,1.8625918626785278,I,1.912978172302246,L,2.3165462017059326,I,1.822083830833435,I,1.8337061405181885,V,2.040295124053955,L,2.0129482746124268,M,2.802856683731079,L,1.1568372249603271,M,2.795116901397705,L,2.395936965942383,M,1.6930818557739258,M,1.2043253183364868,L,1.1559886932373047,I,1.5926953554153442,I,1.5926953554153442,M,2.143988609313965,M,2.4123330116271973,V,2.3618550300598145,T,3.294879198074341,V,2.5963473320007324,I,3.090938091278076,L,1.4751930236816406,L,1.3098264932632446,L,1.4763988256454468,M,1.0366088151931763,L,1.6955314874649048
210,L,1.8766645128662522,L,1.7335872650146484,L,2.436910390853882,L,1.4529021978378296,L,2.1089463233947754,V,2.268934965133667,L,1.5791957378387451,L,1.8041764497756958,L,1.6149213314056396,L,2.0893425941467285,L,1.6979796886444092,L,2.1566174030303955,V,2.366744041442871,L,2.0698070526123047,V,2.2678401470184326,V,2.3957648277282715,L,1.7044509649276733,L,1.6072888374328613,L,1.661594271659851,L,1.4684269428253174,L,1.6482696533203125,L,1.525833010673523,L,2.022810220718384,L,2.7063515186309814,L,1.4070088863372803,I,1.658166766166687,I,1.658166766166687,L,2.7624008655548096,L,1.5715365409851074,L,3.7786853313446045,L,1.6024861335754395,L,1.5216344594955444,F,1.8521510362625122,L,1.3279329538345337,L,1.488554835319519,L,1.3271267414093018,L,1.1982595920562744,L,1.89378023147583
211,S,1.5145196656923037,S,1.842124104499817,Y,1.5185829401016235,S,1.3192706108093262,N,1.7905117273330688,N,1.6661721467971802,S,1.4365253448486328,Q,1.1565344333648682,Q,1.9790610074996948,N,1.2992990016937256,N,1.3059266805648804,N,1.8767848014831543,N,1.668773889541626,N,1.8034709692001343,N,1.6775554418563843,N,1.7271815538406372,N,1.1992299556732178,Q,2.5664126873016357,S,1.7664737701416016,S,1.2021665573120117,S,1.7764008045196533,N,1.1976146697998047,Y,1.3850646018981934,S,1.6459860801696777,S,1.4096111059188843,S,1.3521015644073486,S,1.3521015644073486,A,1.3496897220611572,S,1.455640435218811,Q,1.3121540546417236,Q,1.4663769006729126,N,1.1293092966079712,N,1.703614354133606,Q,1.0902067422866821,Q,1.1349151134490967,Q,1.0904797315597534,S,1.9816460609436035,S,1.4022572040557861
212,L,1.9275147689355385,L,2.188293218612671,L,1.214624047279358,L,1.292952537536621,L,2.5929207801818848,L,1.143293857574463,L,2.1180260181427,L,2.4393389225006104,L,1.0666941404342651,L,2.74038028717041,L,2.686854839324951,L,2.2416491508483887,L,1.1119295358657837,L,2.6192612648010254,L,1.131782054901123,L,1.1136443614959717,L,1.786530613899231,L,1.3586757183074951,L,1.4817746877670288,L,2.073012590408325,L,1.4702796936035156,L,1.8781739473342896,L,2.5124309062957764,F,1.1229279041290283,L,2.0423471927642822,L,2.6677680015563965,L,2.6678357124328613,L,1.4192878007888794,L,2.432262659072876,L,2.4485535621643066,L,2.6439836025238037,L,2.3909876346588135,L,1.8910013437271118,L,1.835601806640625,L,1.7860087156295776,L,1.8346755504608154,L,2.2844817638397217,L,1.5878000259399414
213,Y,1.8456466085201986,Y,1.8848918676376343,Y,1.1535660028457642,Y,2.3616960048675537,F,1.029392123222351,Y,1.4842278957366943,Y,2.4449074268341064,Y,2.448371410369873,Y,1.674522876739502,F,2.326831340789795,F,2.313427448272705,F,1.0761480331420898,Y,1.460493564605713,F,1.0235707759857178,Y,1.4963728189468384,Y,1.499769687652588,Y,2.9723424911499023,Y,1.5550485849380493,Y,2.736795425415039,Y,2.3293581008911133,Y,2.70951771736145,Y,0.9636868834495544,Y,1.3946528434753418,Y,1.3698221445083618,Y,2.395446300506592,Y,2.0899927616119385,Y,2.089970111846924,Y,1.54793381690979,Y,1.9259803295135498,Y,1.7262424230575562,Y,1.804108738899231,F,2.965217113494873,F,1.846315622329712,Y,1.6140915155410767,Y,1.5308032035827637,Y,1.6147031784057617,Y,1.4968980550765991,Y,1.9318078756332397
214,E,1.9969027461232365,E,1.2787907123565674,E,2.459951400756836,E,1.3085047006607056,R,1.516798973083496,R,1.9071731567382812,E,1.4832212924957275,E,1.9351849555969238,E,2.0156521797180176,R,1.5856677293777466,R,1.5310355424880981,R,1.5704306364059448,R,1.903592824935913,R,1.517430305480957,R,1.9170817136764526,R,1.8575670719146729,R,1.4636626243591309,E,1.48136305809021,E,2.49200439453125,E,1.6735972166061401,E,2.4381020069122314,E,2.0481374263763428,E,3.4531686305999756,E,2.4617693424224854,E,1.550410509109497,E,2.2130563259124756,E,2.2130563259124756,E,1.315345048904419,E,2.245096206665039,E,1.746724009513855,E,2.1806468963623047,R,2.2836129665374756,R,1.8894306421279907,E,3.130589008331299,E,2.8293519020080566,E,3.13185977935791,E,1.7968837022781372,E,2.059450387954712
215,A,1.9234721757270195,A,3.4010963439941406,A,1.1903352737426758,A,3.8559963703155518,A,1.6056066751480103,A,1.6563918590545654,A,1.5545417070388794,A,2.0007619857788086,A,2.588383436203003,A,0.9558464288711548,A,1.0107215642929077,A,1.6634870767593384,A,1.6739416122436523,A,1.606298804283142,A,1.6679736375808716,A,1.7099567651748657,A,1.0486634969711304,A,1.3505144119262695,A,2.193129062652588,A,1.5947496891021729,A,2.3111822605133057,A,2.0872130393981934,A,1.797268271446228,A,3.381044864654541,A,1.621500015258789,A,1.4381459951400757,A,1.4381459951400757,A,2.6089463233947754,A,3.5065929889678955,A,1.0656505823135376,A,2.0573904514312744,A,1.8488367795944214,A,2.4921298027038574,A,1.515546441078186,A,1.693450689315796,A,1.5155893564224243,A,1.9209645986557007,A,2.540475845336914
216,S,1.8396473188658018,S,1.9444431066513062,S,4.074616432189941,S,1.3764863014221191,S,3.077220916748047,S,1.139805555343628,S,2.310063123703003,S,1.7510292530059814,S,2.1199753284454346,S,1.8616694211959839,S,1.9339025020599365,S,3.0550410747528076,S,1.1463855504989624,S,3.082639694213867,S,1.1432604789733887,S,1.1378570795059204,S,1.5139013528823853,S,1.6475653648376465,A,1.3060472011566162,S,2.429525852203369,A,1.2561204433441162,T,1.4314079284667969,S,1.2853785753250122,A,2.450925350189209,S,2.277230978012085,S,2.784649610519409,S,2.784649610519409,A,1.0725383758544922,S,1.9535983800888062,S,1.5828245878219604,S,1.016761064529419,S,1.4738337993621826,S,0.9525045156478882,S,1.6528301239013672,S,1.7096046209335327,S,1.6546568870544434,S,1.3346524238586426,S,1.3413479328155518
217,F,1.9521453187272355,F,1.2718267440795898,F,1.5412739515304565,Y,1.7910054922103882,L,1.5205450057983398,L,1.890566110610962,H,1.6966519355773926,F,1.6973329782485962,F,1.721393346786499,L,2.2566475868225098,L,2.0169034004211426,L,1.5244146585464478,L,1.9051536321640015,L,1.518696665763855,L,1.897139310836792,L,1.867606282234192,L,2.9093284606933594,F,1.0167882442474365,Q,1.1886869668960571,Y,1.811972737312317,Q,1.292364239692688,H,5.879947185516357,F,1.7008148431777954,H,1.4077141284942627,H,1.668778657913208,Y,1.265199899673462,Y,1.265199899673462,Y,2.4957635402679443,F,1.5479835271835327,F,2.164625644683838,F,1.604133129119873,L,1.7994561195373535,L,1.8626513481140137,F,2.1798465251922607,F,2.1399481296539307,F,2.182938575744629,Y,2.87752366065979,Y,3.8505542278289795
218,F,2.0317675551852665,L,1.9885432720184326,L,1.968456745147705,L,1.4264274835586548,V,1.7377372980117798,I,2.918466329574585,L,1.6254463195800781,H,1.4552226066589355,L,1.8848929405212402,I,1.1459486484527588,I,1.1557915210723877,V,1.7398769855499268,I,3.0466806888580322,V,1.7285557985305786,I,2.9775497913360596,I,2.9407217502593994,I,1.444275140762329,L,2.2181107997894287,F,1.5346269607543945,L,1.8733911514282227,F,1.4578787088394165,L,2.3770740032196045,L,4.137207984924316,L,2.8259201049804688,L,1.6564282178878784,L,1.6511446237564087,L,1.6511446237564087,L,2.251016616821289,F,2.090197801589966,L,2.5921363830566406,H,2.3799245357513428,I,1.7908729314804077,V,1.9118225574493408,L,1.6380600929260254,L,1.675673246383667,L,1.6417187452316284,Y,2.9870083332061768,L,1.6494477987289429
219,L,2.0389513186046053,S,4.026505470275879,A,2.590482711791992,G,1.9086573123931885,A,1.2887563705444336,A,2.1238057613372803,R,1.5435081720352173,L,1.0998210906982422,I,1.6329947710037231,A,3.398145914077759,A,3.544933795928955,A,1.2938669919967651,A,2.1358439922332764,A,1.279481053352356,A,2.1260604858398438,A,2.0679590702056885,A,1.0821608304977417,S,1.8545575141906738,R,2.745253324508667,R,1.4998725652694702,R,2.6392273902893066,R,1.667376160621643,A,2.3718955516815186,R,0.9760130643844604,R,1.4950827360153198,S,3.0182948112487793,S,3.0182948112487793,L,1.8016589879989624,L,1.5684783458709717,V,2.0904223918914795,L,2.8210840225219727,A,2.6371500492095947,A,2.27011775970459,L,1.2507965564727783,L,1.2435349225997925,L,1.2512013912200928,-,,-,
220,-,1.7461691697438557,-,,-,,-,,F,1.4309368133544922,F,1.868438720703125,-,,-,,-,,F,1.508668065071106,F,1.4318022727966309,F,1.4265872240066528,F,1.8988860845565796,F,1.4261101484298706,F,1.8680427074432373,F,1.8734989166259766,F,1.8301442861557007,T,2.090575933456421,-,,-,,-,,-,,-,,-,,-,,-,,-,,-,,-,,-,,-,,F,0.9405946731567383,F,2.1469075679779053,-,,-,,-,,E,2.5717556476593018,E,1.8795884847640991
221,-,1.7397640347480774,-,,-,,-,,-,,-,,-,,-,,-,,-,,-,,-,,-,,P,1.6792385578155518,-,,-,,-,,K,1.800289511680603,-,,-,,-,,-,,-,,-,,-,,-,,-,,-,,-,,-,,-,,-,,-,,-,,-,,-,,-,,-,
222,I,2.06043594870074,L,1.860670804977417,T,1.5415984392166138,W,2.11149525642395,-,,P,2.149949073791504,V,1.4139301776885986,R,4.020780563354492,R,1.248853087425232,-,,-,,-,,P,1.583107829093933,-,,P,1.7876038551330566,P,1.8141465187072754,-,,S,2.1589484214782715,V,2.4408442974090576,V,1.3976713418960571,V,2.3791399002075195,V,1.5409281253814697,T,1.1643953323364258,V,2.0981016159057617,V,1.3763818740844727,T,1.4176527261734009,T,1.4176527261734009,V,1.8373419046401978,I,1.7088667154312134,R,1.6566708087921143,R,1.9607993364334106,-,,-,,R,3.8028619289398193,R,3.4907524585723877,R,3.800874948501587,K,2.518376350402832,K,2.05224609375
223,E,2.2675360329449177,E,2.233905076980591,E,2.013991594314575,E,3.166388511657715,P,1.6757347583770752,-,,R,3.917478084564209,E,1.5559967756271362,E,2.9953060150146484,P,2.4649577140808105,P,2.354011297225952,P,1.685843825340271,-,,-,,-,,-,,P,2.632439374923706,E,2.1201908588409424,H,2.1417038440704346,R,3.980295181274414,H,2.096414089202881,H,1.5338972806930542,E,1.7346564531326294,H,2.019263744354248,R,3.7734334468841553,K,1.9231359958648682,K,1.9231359958648682,E,3.8723292350769043,E,2.7188661098480225,V,2.0300800800323486,E,1.6017367839813232,P,1.4634456634521484,P,2.1062803268432617,E,1.5681095123291016,E,1.596502661705017,E,1.5687278509140015,D,2.270763874053955,D,1.8221310377120972
224,-,,-,,-,,-,,-,,-,,-,,-,,-,,-,,-,,-,,-,,-,,-,,-,,-,,-,,-,,-,,-,,-,,-,,-,,-,,-,,-,,-,,-,,-,,-,,-,,-,,-,,-,,-,,-,,-,
225,-,,-,,-,,-,,-,,-,,-,,-,,-,,-,,-,,-,,-,,-,,-,,-,,-,,-,,-,,-,,-,,-,,-,,-,,-,,-,,-,,-,,-,,-,,-,,-,,-,,-,,-,,-,,-,,-,
226,-,,-,,-,,-,,-,,-,,-,,-,,-,,-,,-,,-,,-,,-,,-,,-,,-,,-,,-,,-,,-,,-,,-,,-,,-,,-,,-,,-,,-,,-,,-,,-,,-,,-,,-,,-,,-,,-,
227,G,2.049738497347445,G,1.1602951288223267,G,2.837758779525757,G,3.5093822479248047,N,1.753622055053711,G,2.0003199577331543,D,1.310673475265503,G,1.8889862298965454,G,1.8847687244415283,W,1.8085581064224243,W,1.8185073137283325,N,1.765401005744934,G,2.0765650272369385,N,1.7566535472869873,G,2.1250858306884766,G,2.067373752593994,G,1.899097204208374,T,2.4038662910461426,G,1.4875801801681519,D,1.3772506713867188,G,1.5018601417541504,G,3.02860951423645,G,2.2170324325561523,G,1.6226420402526855,N,1.540181040763855,S,2.2813174724578857,S,2.2813174724578857,E,1.949819564819336,G,2.361083507537842,G,1.6607656478881836,G,1.772106647491455,G,1.4870637655258179,N,1.3623323440551758,G,2.0648210048675537,G,2.0692038536071777,G,2.060580253601074,G,1.66111159324646,G,5.986730575561523
228,-,2.0571248531341553,-,,-,,-,,-,,-,,-,,-,,-,,-,,-,,-,,-,,-,,-,,-,,-,,-,,-,,-,,-,,-,,-,,-,,-,,-,,-,,E,2.0571248531341553,-,,-,,-,,-,,-,,-,,-,,-,,-,,-,
229,E,2.096840239859916,E,2.0347821712493896,E,1.3020857572555542,E,2.2620463371276855,E,1.5117993354797363,E,1.7807707786560059,E,3.7353403568267822,E,2.3809165954589844,E,2.152599334716797,E,1.5850608348846436,E,1.6384714841842651,E,1.5193020105361938,E,1.873565435409546,E,1.502809762954712,E,1.9236842393875122,E,1.8246510028839111,E,1.5156844854354858,S,1.5245513916015625,E,1.8762307167053223,E,3.724888801574707,E,1.8890639543533325,E,2.5948619842529297,E,1.2129253149032593,E,1.25900137424469,E,3.8482463359832764,D,4.190202713012695,D,4.1901984214782715,S,1.5825616121292114,E,1.3054888248443604,E,1.1744483709335327,E,1.744836449623108,E,3.445197820663452,E,1.9038362503051758,E,2.1874241828918457,E,2.1902129650115967,E,2.186281204223633,E,1.4380947351455688,E,1.5709655284881592
230,N,2.1817483934196265,A,1.7037034034729004,S,1.4446395635604858,D,1.5464210510253906,K,3.6774682998657227,K,2.5953357219696045,E,1.4245697259902954,N,2.51393985748291,V,2.6083076000213623,K,2.367917776107788,K,2.177680492401123,K,3.6698994636535645,K,2.6290907859802246,K,3.716646909713745,K,2.17376708984375,K,2.5474295616149902,K,1.6104222536087036,T,1.6748532056808472,Q,2.1697537899017334,E,1.5500129461288452,Q,2.046787977218628,E,1.7199442386627197,S,2.9810571670532227,K,1.737904667854309,E,1.3013840913772583,T,2.041274309158325,T,2.041482448577881,S,1.5643467903137207,N,3.8780510425567627,V,4.094148635864258,N,1.1771103143692017,K,1.6747753620147705,K,1.9952621459960938,D,1.823898434638977,D,1.8458147048950195,D,1.8255555629730225,M,1.6957240104675293,E,1.478309154510498
231,I,1.9267967343330383,T,1.4357417821884155,E,1.1071194410324097,L,1.0436525344848633,V,1.851280689239502,V,0.9488961696624756,I,1.6605147123336792,T,1.4262688159942627,I,3.1969995498657227,V,2.078683376312256,V,2.025275230407715,V,1.842578411102295,V,0.9451547861099243,V,1.8641841411590576,V,1.0207723379135132,V,0.9548815488815308,V,1.8433176279067993,L,4.0814313888549805,I,1.6536461114883423,I,1.4536728858947754,I,1.6867822408676147,I,3.953535556793213,-,,L,1.6917120218276978,I,1.3051563501358032,K,2.2439937591552734,K,2.2447011470794678,I,1.810839056968689,I,1.565867304801941,T,1.8340191841125488,T,3.9900670051574707,V,1.7398664951324463,V,1.9093421697616577,T,2.432535171508789,T,2.4450817108154297,T,2.4374444484710693,V,2.5500755310058594,L,1.0895917415618896
232,-,2.045752674341202,L,1.7448409795761108,L,1.184993863105774,-,,-,,-,,-,,L,2.3830068111419678,L,1.9834671020507812,-,,-,,-,,-,,-,,-,,-,,-,,-,,-,,-,,-,,-,,-,,-,,-,,L,2.688729763031006,L,2.653991460800171,-,,-,,L,2.125506639480591,L,1.601484775543213,-,,-,,-,,-,,-,,-,,-,
233,L,1.7785240769386292,-,,-,,L,2.3553528785705566,M,1.6626144647598267,M,1.3804404735565186,L,1.1854157447814941,-,,-,,M,1.7826249599456787,M,1.8077600002288818,M,1.691832423210144,M,1.3737034797668457,M,1.6772935390472412,M,1.4498908519744873,M,1.376413345336914,M,4.942402362823486,L,1.972137451171875,L,1.5388933420181274,L,1.0825414657592773,L,1.678463101387024,L,1.4551175832748413,-,,L,2.1663405895233154,L,2.5140597820281982,H,1.787388563156128,H,1.7487035989761353,F,2.423377275466919,L,2.232163429260254,-,,-,,M,1.2341480255126953,M,1.4874820709228516,L,1.3455227613449097,L,1.3478593826293945,L,1.3486440181732178,L,1.3797789812088013,L,1.9273563623428345
234,E,1.5967116645864539,D,1.5932374000549316,E,2.0210623741149902,D,1.308820128440857,E,1.419888973236084,E,1.534087061882019,E,1.3519282341003418,E,1.8134820461273193,E,1.3982627391815186,E,1.7599544525146484,E,1.8748204708099365,E,1.4336085319519043,E,1.5327965021133423,E,1.4095326662063599,E,1.6126110553741455,E,1.5384674072265625,E,2.3326032161712646,E,1.3769867420196533,D,1.465524435043335,E,1.2080074548721313,D,1.481485366821289,E,1.3774528503417969,E,1.9138234853744507,E,1.5612627267837524,E,1.293150544166565,K,1.508987545967102,K,1.4922469854354858,R,1.4269591569900513,E,2.433279275894165,E,2.109340190887451,E,2.069978952407837,E,1.561167597770691,E,3.042996406555176,E,1.0877978801727295,E,1.0879249572753906,E,1.088539481163025,Q,1.6084119081497192,H,0.947844386100769
235,E,1.9010835724907953,L,1.8903316259384155,K,1.0915606021881104,E,1.8769556283950806,E,2.480221748352051,E,3.128399133682251,E,1.2810691595077515,L,1.4091551303863525,Q,1.17025887966156,E,1.007782220840454,E,0.9775185585021973,E,2.479926347732544,E,3.1253793239593506,E,2.555035352706909,E,3.138763189315796,E,3.115109443664551,E,0.9715782403945923,S,1.256166934967041,E,1.3957257270812988,E,1.2497005462646484,E,1.4194971323013306,E,1.0898326635360718,L,1.5485715866088867,E,1.3103082180023193,E,1.1618818044662476,V,1.6290462017059326,V,1.5971823930740356,D,2.505075693130493,E,1.8647410869598389,Q,3.261552572250366,L,2.177034616470337,E,2.121004343032837,D,1.8393704891204834,L,1.4180325269699097,L,1.406926155090332,L,1.4172923564910889,E,1.663210391998291,E,5.308894157409668
236,A,2.228385309915285,A,2.905042886734009,A,2.5879383087158203,A,1.945826768875122,A,2.130073308944702,A,1.5024759769439697,A,2.3159291744232178,A,1.3922810554504395,A,1.2290571928024292,A,1.4788130521774292,A,1.4842681884765625,A,2.12838077545166,A,1.5024113655090332,A,2.1404573917388916,A,1.504875659942627,A,1.5211796760559082,A,1.310410976409912,A,1.1828842163085938,A,4.5134124755859375,A,2.614938497543335,A,4.09591007232666,A,1.3998836278915405,E,3.533208131790161,A,4.402744770050049,A,2.5700767040252686,I,1.5904020071029663,I,1.5569887161254883,A,2.043341636657715,A,2.465047836303711,A,1.8883599042892456,A,1.8620764017105103,A,1.9603564739227295,A,2.6565659046173096,A,3.101067304611206,A,3.10005521774292,A,3.1004154682159424,A,2.0209736824035645,A,1.7121256589889526
237,R,1.7577197535617932,R,1.0957448482513428,R,2.6199326515197754,K,1.0025904178619385,E,2.0783495903015137,E,1.6397099494934082,L,1.3870625495910645,R,1.598945140838623,R,2.8974883556365967,E,1.57475745677948,E,1.5892044305801392,E,2.074159622192383,E,1.6682852506637573,E,2.0818631649017334,E,1.6598761081695557,E,1.6948806047439575,E,1.4908558130264282,N,1.304407000541687,L,1.5461876392364502,L,1.268164873123169,L,1.572538137435913,L,1.4293550252914429,Q,2.1856205463409424,L,1.8655025959014893,L,1.3415335416793823,R,1.7844796180725098,R,1.908231258392334,I,4.656235694885254,R,1.7368711233139038,R,1.3633910417556763,R,2.3100595474243164,E,1.6424551010131836,Q,1.2559804916381836,R,0.9973504543304443,R,0.9950587153434753,R,0.9975111484527588,M,2.936189889907837,R,1.7848014831542969
238,D,2.421826446378553,E,3.8347482681274414,N,4.868934631347656,K,3.005526304244995,I,1.367072343826294,I,1.2167385816574097,T,4.205231189727783,Q,2.037336587905884,V,1.0727946758270264,I,2.0186591148376465,I,2.0141162872314453,I,1.3739179372787476,I,1.2245357036590576,I,1.3863829374313354,I,1.2181881666183472,I,1.2352302074432373,I,2.5678234100341797,T,3.2796757221221924,N,4.02991247177124,A,4.407205104827881,N,4.0343708992004395,S,2.4583852291107178,A,1.679314374923706,V,4.035800933837891,T,3.639359951019287,P,1.456782579421997,P,1.4346081018447876,R,1.73214590549469,D,1.579980492591858,V,1.1817216873168945,Q,1.3467633724212646,I,3.736943483352661,I,2.7674739360809326,K,3.123087167739868,K,3.087167263031006,K,3.1215221881866455,E,1.1785215139389038,E,1.6495997905731201
239,F,1.9815202548697188,F,1.8012100458145142,W,1.9301793575286865,F,2.404118299484253,F,2.6741178035736084,F,1.4180445671081543,F,2.7222511768341064,I,3.037292242050171,F,3.837153434753418,F,1.730799674987793,F,1.7323274612426758,F,2.6894476413726807,F,1.4246726036071777,F,2.6835296154022217,F,1.4220644235610962,F,1.4213289022445679,F,1.4292380809783936,F,1.3584065437316895,F,1.5217437744140625,F,2.6567702293395996,F,1.5176267623901367,F,1.4324122667312622,W,3.9926090240478516,F,1.5528764724731445,F,2.690544366836548,F,1.4678255319595337,F,1.4441767930984497,F,0.9667078852653503,F,1.1929749250411987,F,1.236727237701416,I,1.2790436744689941,F,1.907090663909912,F,1.836254596710205,F,1.8052440881729126,F,2.0269906520843506,F,1.8045555353164673,C,3.650524139404297,F,1.6173689365386963
240,S,2.2116605510582796,T,2.1215906143188477,T,2.3893539905548096,S,1.925879955291748,S,1.923110008239746,S,4.586610794067383,T,2.047437906265259,S,1.8989620208740234,S,1.8540253639221191,S,1.7355090379714966,S,1.7355947494506836,S,1.9329502582550049,S,4.385656833648682,S,1.7756978273391724,S,4.459575176239014,S,4.064539432525635,S,1.646585464477539,A,2.4370009899139404,T,1.2782495021820068,T,1.8186739683151245,T,1.2871838808059692,T,3.449838399887085,T,1.5526729822158813,T,1.4770275354385376,T,2.0956385135650635,A,2.011256694793701,A,1.9997650384902954,T,1.6389830112457275,S,2.1475021839141846,S,2.851534366607666,S,2.0704615116119385,S,1.6488648653030396,S,0.9386984705924988,S,2.5450732707977295,S,2.3549962043762207,S,2.5462162494659424,T,1.497389793395996,T,1.7013335227966309
241,T,1.8640701545251381,T,2.230987787246704,E,2.0338776111602783,T,1.5006637573242188,T,2.903338670730591,T,2.125504970550537,T,1.599259376525879,T,1.9033589363098145,T,2.1768603324890137,T,1.4883348941802979,T,1.4524356126785278,T,2.8543248176574707,T,2.0721325874328613,T,3.1588034629821777,T,2.096346855163574,T,2.075044631958008,A,1.181236982345581,M,1.694199562072754,I,1.0678237676620483,T,1.6622141599655151,I,1.0863186120986938,V,2.911426544189453,E,1.299178123474121,T,1.2312896251678467,T,1.5974981784820557,T,2.3701095581054688,T,2.3414809703826904,T,2.160630702972412,T,1.0877716541290283,T,1.0840338468551636,T,2.910039186477661,T,1.1723579168319702,T,2.0150532722473145,T,1.7209551334381104,T,1.6509016752243042,T,1.7189500331878662,T,1.6913061141967773,T,1.6445457935333252
242,K,1.970666845102568,K,1.0914353132247925,K,1.6139898300170898,T,1.6874451637268066,T,2.242335319519043,K,1.5892797708511353,T,2.2204785346984863,K,1.7613427639007568,K,1.2915939092636108,A,2.988356351852417,A,2.983383893966675,T,2.124568462371826,K,1.604675054550171,T,2.045644760131836,K,1.5979522466659546,K,1.6173254251480103,K,1.3102881908416748,S,1.794541597366333,A,1.4961389303207397,T,1.2704652547836304,T,1.5002931356430054,T,2.2811622619628906,K,1.553861141204834,T,1.531947374343872,T,2.184675931930542,E,1.1752853393554688,E,1.1758227348327637,A,1.6829594373703003,K,3.4384326934814453,K,4.502583026885986,K,0.8870465159416199,M,2.9363198280334473,I,3.0801966190338135,K,1.8083158731460571,K,1.8972492218017578,K,1.80936598777771,K,2.5277538299560547,K,2.610161542892456
243,H,2.2865171239182756,H,4.034043788909912,H,0.859229564666748,N,1.2360161542892456,Y,2.215329170227051,Y,3.313469648361206,H,1.3943959474563599,Y,1.1440993547439575,H,1.7956196069717407,Y,2.466820478439331,Y,2.5116546154022217,Y,2.211287260055542,Y,3.3172285556793213,Y,2.1355714797973633,Y,3.308372974395752,Y,3.2424323558807373,Y,2.2582902908325195,H,4.736161231994629,Q,1.3446341753005981,H,1.318647027015686,K,1.324230432510376,H,1.4277828931808472,H,1.6761369705200195,H,1.214408040046692,H,1.402222990989685,Q,4.140843868255615,Q,4.141170978546143,Y,2.8227365016937256,H,1.8271093368530273,I,1.4565153121948242,Y,3.6525561809539795,Y,1.7990657091140747,Y,1.7081706523895264,L,2.185391902923584,L,2.259582042694092,L,2.1897404193878174,H,2.149076461791992,H,2.381089210510254
244,L,1.9263752376711047,L,1.4746239185333252,L,1.1127632856369019,L,1.2705472707748413,L,1.8542441129684448,L,1.9667576551437378,L,1.909455418586731,L,1.279908299446106,L,1.8505133390426636,L,2.342951774597168,L,2.3147737979888916,L,1.9367039203643799,L,1.9612469673156738,L,1.8326468467712402,L,1.9640235900878906,L,1.9985076189041138,L,2.2659547328948975,L,1.313740611076355,L,1.934510588645935,L,1.9937597513198853,L,1.936059594154358,L,1.1814178228378296,L,2.392972230911255,L,1.9809987545013428,L,1.9730279445648193,I,1.6152936220169067,I,1.6156136989593506,L,1.5197138786315918,L,1.696751356124878,L,2.101447582244873,L,1.3824348449707031,L,1.2950458526611328,L,3.703296422958374,L,1.6321370601654053,L,1.7695358991622925,L,1.6303331851959229,L,5.020886421203613,L,2.251284122467041
245,E,1.7940548497277338,N,1.4407484531402588,R,2.646214008331299,N,2.101560592651367,K,2.0729949474334717,K,1.6820504665374756,E,1.4322625398635864,Q,2.533815860748291,E,1.504525899887085,K,1.771654486656189,K,1.788185477256775,K,1.9769079685211182,K,1.668666958808899,K,2.0727570056915283,K,1.6790053844451904,K,1.6993408203125,E,1.6583774089813232,K,1.844718098640442,K,1.4549667835235596,K,1.5524133443832397,K,1.4426361322402954,K,1.2639979124069214,R,2.0086469650268555,Q,1.593940258026123,E,1.5414106845855713,R,1.890529990196228,R,1.8905507326126099,K,1.6251635551452637,E,1.6114829778671265,E,1.4903016090393066,Q,2.1407785415649414,K,1.3887888193130493,K,2.21380877494812,Q,2.4281227588653564,Q,2.530315637588501,Q,2.4248244762420654,E,1.2132303714752197,K,1.1003327369689941
246,E,2.118061548954732,N,1.428325891494751,E,1.4562101364135742,N,2.3147759437561035,E,1.1245684623718262,E,1.2762281894683838,S,2.7431585788726807,K,2.9163758754730225,K,3.508457660675049,E,2.5558323860168457,E,2.5717926025390625,E,1.124708652496338,E,1.2978873252868652,E,1.0900547504425049,E,1.2868478298187256,E,1.3305113315582275,E,3.5885229110717773,N,1.846187949180603,Q,1.4873652458190918,S,3.736412286758423,Q,1.4778861999511719,S,1.5749372243881226,E,1.2876005172729492,S,3.5257437229156494,S,2.9390954971313477,K,2.0042364597320557,K,2.004079818725586,E,2.2681796550750732,E,3.488795280456543,K,1.3483458757400513,K,1.8283737897872925,H,2.66464900970459,E,2.63078236579895,Q,1.9402921199798584,Q,1.9960079193115234,Q,1.9396871328353882,N,1.5331887006759644,N,3.2321720123291016
247,Y,1.7542334251544054,Y,2.022953748703003,-,,-,,A,1.3162055015563965,A,2.591679334640503,T,1.8119629621505737,M,0.6552464365959167,K,2.6460461616516113,A,2.2323615550994873,A,2.199793815612793,A,1.3657118082046509,A,2.5165069103240967,A,1.4057457447052002,A,2.56502628326416,A,2.5762152671813965,S,1.9342116117477417,Y,1.8322405815124512,I,2.2260847091674805,I,1.6395119428634644,I,2.2952544689178467,M,1.5800254344940186,-,,A,2.1434619426727295,I,1.6635606288909912,F,1.7601101398468018,F,1.7599958181381226,W,1.507286787033081,Y,1.1090710163116455,K,1.7238823175430298,K,1.8179261684417725,A,2.003960609436035,Y,1.6308397054672241,K,0.9502997994422913,K,0.9506198763847351,K,0.9499844312667847,L,0.9121712446212769,L,1.3479816913604736
248,-,4.108855724334717,-,,-,,-,,-,,-,,-,,-,,-,,-,,-,,-,,-,,-,,-,,-,,-,,-,,-,,-,,-,,-,,-,,-,,-,,-,,-,,V,4.108855724334717,-,,-,,-,,-,,-,,-,,-,,-,,-,,-,
249,-,1.5097628831863403,-,,-,,-,,-,,-,,-,,-,,-,,-,,-,,-,,-,,-,,-,,-,,-,,-,,-,,-,,-,,-,,-,,-,,-,,-,,-,,A,1.5097628831863403,-,,-,,-,,-,,-,,-,,-,,-,,-,,-,
250,-,2.1530463695526123,-,,-,,-,,-,,-,,-,,-,,-,,-,,-,,-,,-,,-,,-,,-,,-,,-,,-,,-,,-,,-,,-,,-,,-,,-,,-,,K,2.1530463695526123,-,,-,,-,,-,,-,,-,,-,,-,,-,,-,
251,V,1.9920797921993114,-,,-,,-,,V,2.4407339096069336,L,1.6782423257827759,V,1.9635388851165771,V,1.4894238710403442,V,1.7262295484542847,L,1.23558509349823,L,1.4727592468261719,V,2.470588445663452,L,1.7057522535324097,V,2.518515110015869,L,1.6981260776519775,L,1.7100296020507812,L,1.6059365272521973,L,1.9192410707473755,L,2.2639496326446533,V,1.9066357612609863,L,2.245816707611084,S,3.686208963394165,-,,-,,V,2.0197713375091553,-,,-,,H,1.9075793027877808,V,1.953808307647705,V,1.503943920135498,V,1.9747388362884521,L,2.9202468395233154,L,2.2764878273010254,-,,-,,-,,L,2.031317710876465,L,1.4609472751617432
252,K,1.7685387893156572,-,,-,,-,,-,,Q,0.9366754293441772,S,2.358772039413452,D,2.50940203666687,D,1.64815354347229,Q,1.168086051940918,Q,1.2204879522323608,-,,Q,0.9460067749023438,-,,Q,0.9440712928771973,Q,1.0171529054641724,Q,1.3522316217422485,-,,P,1.5972838401794434,S,1.6717664003372192,P,1.597078800201416,P,1.9569870233535767,-,,-,,S,2.273480176925659,-,,-,,D,1.4788315296173096,K,3.802694797515869,D,3.2243709564208984,N,1.8500341176986694,Q,2.5345616340637207,-,,-,,-,,-,,E,1.063340425491333,E,1.756384015083313
253,-,,-,,-,,-,,-,,-,,-,,-,,-,,-,,-,,-,,-,,-,,-,,-,,-,,-,,-,,-,,-,,-,,-,,-,,-,,-,,-,,-,,-,,-,,-,,-,,-,,-,,-,,-,,-,,-,
254,-,2.1217836875181932,L,1.391587257385254,Y,1.8681566715240479,-,,-,,K,1.4586354494094849,-,,-,,-,,T,2.9631783962249756,T,2.898681879043579,-,,K,1.427358865737915,-,,K,1.4364906549453735,K,1.4675992727279663,K,2.7447080612182617,-,,-,,-,,-,,-,,Y,1.0780532360076904,-,,-,,V,3.208566427230835,V,3.1837120056152344,-,,-,,-,,-,,K,2.4564597606658936,-,,-,,-,,-,,-,,-,
255,-,2.069876151926377,-,,L,1.72992742061615,-,,-,,I,3.343721389770508,-,,-,,-,,I,1.906590461730957,I,1.8740458488464355,-,,I,3.3622140884399414,Q,1.189942717552185,I,3.335432529449463,I,3.2168214321136475,I,1.7734103202819824,N,1.4582741260528564,-,,-,,-,,-,,L,2.0380213260650635,-,,-,,D,1.9890832901000977,D,1.9626182317733765,-,,-,,-,,-,,I,1.6316967010498047,-,,I,1.4549667835235596,I,1.4653315544128418,I,1.4557963609695435,-,,-,
256,-,2.804148861340114,-,,E,1.829599380493164,-,,-,,-,,-,,-,,-,,-,,-,,-,,-,,K,1.8790677785873413,-,,-,,-,,G,1.529649019241333,-,,-,,-,,-,,K,1.393437147140503,-,,-,,-,,-,,-,,-,,-,,-,,-,,-,,D,4.302297592163086,D,4.389364719390869,D,4.305626392364502,-,,-,
257,-,,-,,-,,-,,-,,-,,-,,-,,-,,-,,-,,-,,-,,-,,-,,-,,-,,-,,-,,-,,-,,-,,-,,-,,-,,-,,-,,-,,-,,-,,-,,-,,-,,-,,-,,-,,-,,-,
258,-,,-,,-,,-,,-,,-,,-,,-,,-,,-,,-,,-,,-,,-,,-,,-,,-,,-,,-,,-,,-,,-,,-,,-,,-,,-,,-,,-,,-,,-,,-,,-,,-,,-,,-,,-,,-,,-,
259,-,,-,,-,,-,,-,,-,,-,,-,,-,,-,,-,,-,,-,,-,,-,,-,,-,,-,,-,,-,,-,,-,,-,,-,,-,,-,,-,,-,,-,,-,,-,,-,,-,,-,,-,,-,,-,,-,
260,-,,-,,-,,-,,-,,-,,-,,-,,-,,-,,-,,-,,-,,-,,-,,-,,-,,-,,-,,-,,-,,-,,-,,-,,-,,-,,-,,-,,-,,-,,-,,-,,-,,-,,-,,-,,-,,-,
261,-,,-,,-,,-,,-,,-,,-,,-,,-,,-,,-,,-,,-,,-,,-,,-,,-,,-,,-,,-,,-,,-,,-,,-,,-,,-,,-,,-,,-,,-,,-,,-,,-,,-,,-,,-,,-,,-,
262,-,,-,,-,,-,,-,,-,,-,,-,,-,,-,,-,,-,,-,,-,,-,,-,,-,,-,,-,,-,,-,,-,,-,,-,,-,,-,,-,,-,,-,,-,,-,,-,,-,,-,,-,,-,,-,,-,
263,-,,-,,-,,-,,-,,-,,-,,-,,-,,-,,-,,-,,-,,-,,-,,-,,-,,-,,-,,-,,-,,-,,-,,-,,-,,-,,-,,-,,-,,-,,-,,-,,-,,-,,-,,-,,-,,-,
264,-,1.7347114937646049,-,,-,,-,,Q,1.2169212102890015,-,,-,,-,,-,,-,,-,,Q,1.2202215194702148,-,,-,,-,,-,,-,,G,1.6015046834945679,-,,-,,-,,-,,-,,-,,-,,-,,-,,-,,-,,-,,-,,-,,E,2.5132572650909424,E,1.8586663007736206,E,1.8731684684753418,E,1.859241008758545,-,,-,
265,-,2.3922658222062245,-,,-,,V,1.5089972019195557,K,1.89557683467865,-,,-,,E,4.223750591278076,E,1.6280262470245361,-,,-,,K,1.912511944770813,-,,I,1.3230947256088257,-,,-,,-,,D,1.4146090745925903,-,,-,,-,,-,,-,,-,,-,,D,1.509460687637329,D,1.490570306777954,-,,-,,E,2.766464948654175,E,3.69299054145813,-,,K,1.5059400796890259,-,,-,,-,,E,5.011702060699463,E,3.6080262660980225
266,-,,-,,-,,-,,-,,-,,-,,-,,-,,-,,-,,-,,-,,-,,-,,-,,-,,-,,-,,-,,-,,-,,-,,-,,-,,-,,-,,-,,-,,-,,-,,-,,-,,-,,-,,-,,-,,-,
267,Q,2.141228337036936,G,4.389801979064941,N,3.03330659866333,K,1.2999005317687988,-,,-,,N,1.2179328203201294,G,1.671728253364563,-,,-,,-,,-,,-,,-,,-,,-,,-,,-,,K,4.76225471496582,N,1.0277889966964722,K,4.10458517074585,K,2.1973540782928467,N,1.2361525297164917,S,1.6291165351867676,N,1.2413809299468994,E,1.722520351409912,E,1.7223892211914062,I,2.387240409851074,Q,1.9710904359817505,-,,G,2.0963940620422363,-,,-,,-,,-,,-,,E,1.6674951314926147,E,1.304905652999878
268,N,1.7116810778776805,K,0.963225781917572,K,1.3044525384902954,E,1.7569286823272705,-,,-,,-,,R,2.6246817111968994,G,1.2506990432739258,-,,-,,-,,-,,-,,-,,-,,-,,-,,-,,M,2.126896858215332,-,,L,1.4437998533248901,K,2.310333013534546,A,1.565574288368225,L,1.5093166828155518,D,2.0806326866149902,D,2.0805954933166504,D,1.673076868057251,N,1.4912775754928589,G,1.7216622829437256,R,1.049983263015747,-,,-,,-,,-,,-,,G,1.6589633226394653,G,2.1981594562530518
269,K,2.2520217100779214,E,2.212193727493286,N,2.4068398475646973,S,1.743839979171753,-,,-,,L,2.4418270587921143,I,3.0799245834350586,I,2.0115535259246826,-,,-,,-,,-,,-,,-,,-,,-,,-,,-,,S,2.7458019256591797,-,,-,,N,2.965517520904541,K,2.0173027515411377,S,2.0290989875793457,-,,-,,K,1.6169252395629883,K,1.401909589767456,I,1.7551438808441162,I,1.7941135168075562,-,,-,,G,2.979428768157959,G,2.7005066871643066,G,2.984326124191284,-,,S,1.6501370668411255
270,E,1.6777607202529907,N,1.8458890914916992,D,1.1501166820526123,I,2.14601731300354,I,1.2966338396072388,-,,S,1.7069149017333984,-,,-,,-,,-,,I,1.3037850856781006,-,,P,1.1853218078613281,-,,-,,-,,E,4.4837727546691895,L,1.293006181716919,N,1.2635250091552734,L,1.3235805034637451,-,,I,2.6760318279266357,S,1.3189630508422852,N,1.1650763750076294,T,0.9750168919563293,T,0.9750168919563293,N,1.3430402278900146,E,2.2841105461120605,-,,-,,-,,I,1.2263849973678589,E,1.870285987854004,E,1.8256983757019043,E,1.870398998260498,S,1.49717378616333,L,2.2404961585998535
271,-,,-,,-,,-,,-,,-,,-,,-,,-,,-,,-,,-,,-,,-,,-,,-,,-,,-,,-,,-,,-,,-,,-,,-,,-,,-,,-,,-,,-,,-,,-,,-,,-,,-,,-,,-,,-,,-,
272,K,1.8448665632921106,T,3.68769907951355,D,1.6776149272918701,S,1.6161960363388062,P,1.2644002437591553,P,2.1201541423797607,N,1.1125661134719849,N,1.0577653646469116,N,1.820217490196228,P,1.068721055984497,P,1.1284579038619995,P,1.278243899345398,P,2.0943078994750977,-,,P,2.1019771099090576,P,1.9185004234313965,S,1.006837248802185,E,1.5019892454147339,S,2.3820266723632812,N,2.525759696960449,S,2.237623929977417,-,,D,1.3938164710998535,-,,N,2.073493242263794,K,4.168407440185547,K,4.169321537017822,D,2.3078482151031494,K,1.1976979970932007,N,1.5774579048156738,S,1.6022100448608398,A,2.195802927017212,P,1.4253085851669312,P,1.348257303237915,P,1.3668206930160522,P,1.3482451438903809,D,1.9062883853912354,K,1.0434287786483765
273,-,2.1966763819966997,D,1.591699481010437,Q,2.5765228271484375,S,1.611961841583252,V,3.455545425415039,V,3.7510876655578613,N,1.6898523569107056,D,1.3410618305206299,D,2.3619132041931152,V,1.614609956741333,V,1.4958136081695557,V,3.455336093902588,V,3.745054244995117,V,3.4980263710021973,V,3.738111972808838,V,3.1220591068267822,V,1.7772231101989746,N,2.2467033863067627,N,1.4621559381484985,N,3.3011929988861084,N,1.5209428071975708,D,1.1544873714447021,Q,2.381155252456665,-,,N,2.050097703933716,N,2.177485227584839,N,2.177485227584839,N,2.5284793376922607,-,,D,1.199714183807373,D,0.9132233262062073,V,2.0870678424835205,L,2.857238531112671,D,1.0637245178222656,D,1.0880906581878662,D,1.0633659362792969,L,1.6496447324752808,P,3.1355392932891846
274,-,2.0899989902973175,Q,1.907853126525879,N,1.7025657892227173,N,4.357487678527832,S,1.3655236959457397,S,2.5861635208129883,N,2.1758909225463867,E,1.6657296419143677,E,1.4281491041183472,S,2.7883381843566895,S,3.310412645339966,S,1.3506169319152832,S,2.4939136505126953,S,1.3267133235931396,S,2.6620800495147705,S,2.5703446865081787,S,2.746736526489258,N,1.9105037450790405,S,1.5321168899536133,N,1.494606614112854,S,2.9270331859588623,N,3.607038736343384,N,2.3898186683654785,S,2.0152506828308105,N,1.2180612087249756,I,1.5314457416534424,I,1.5314295291900635,E,2.4204747676849365,-,,E,2.611286163330078,E,2.9381604194641113,S,1.585632085800171,S,1.271545648574829,N,1.575455665588379,N,1.6876896619796753,N,1.5752980709075928,K,1.468119502067566,G,1.5104771852493286
275,-,,-,,-,,-,,-,,-,,-,,-,,-,,-,,-,,-,,-,,-,,-,,-,,-,,-,,-,,-,,-,,-,,-,,-,,-,,-,,-,,-,,-,,-,,-,,-,,-,,-,,-,,-,,-,,-,
276,-,,-,,-,,-,,-,,-,,-,,-,,-,,-,,-,,-,,-,,-,,-,,-,,-,,-,,-,,-,,-,,-,,-,,-,,-,,-,,-,,-,,-,,-,,-,,-,,-,,-,,-,,-,,-,,-,
277,N,2.078944321940927,N,3.3215317726135254,-,,T,1.523669719696045,S,1.5357847213745117,S,2.5369603633880615,S,1.4100418090820312,N,2.0560340881347656,K,0.9321480989456177,S,2.0220510959625244,S,2.031388521194458,S,1.538344383239746,S,2.3421096801757812,S,1.568691611289978,S,2.283815383911133,S,2.4308011531829834,S,1.6923753023147583,W,2.346552848815918,Q,1.9052501916885376,S,2.4526116847991943,Q,1.7553447484970093,S,1.7948276996612549,-,,L,1.6845506429672241,S,2.0218253135681152,E,1.2653719186782837,E,1.2661815881729126,Y,2.630007743835449,N,1.6638593673706055,K,1.9141837358474731,N,2.5579590797424316,S,1.3003312349319458,S,1.298683762550354,N,4.187697887420654,N,3.6351430416107178,N,4.18804931640625,-,,L,1.5899274349212646
278,L,2.229604447210157,L,1.4584627151489258,V,2.6326613426208496,L,2.1651692390441895,L,1.5153751373291016,L,1.6708853244781494,L,5.4832024574279785,L,2.4856739044189453,L,2.623462677001953,L,2.9229960441589355,L,3.068300724029541,L,1.5842517614364624,L,1.537036657333374,L,1.5500942468643188,L,1.6656975746154785,L,1.6653220653533936,L,3.468224287033081,M,1.698904275894165,L,1.8137147426605225,L,3.1170992851257324,L,1.8314752578735352,L,1.5858445167541504,V,2.0188703536987305,L,3.4495630264282227,L,5.298273086547852,V,1.5356049537658691,V,1.5365420579910278,L,1.1730490922927856,L,2.369389533996582,L,1.819239854812622,L,2.444742441177368,L,1.4413857460021973,L,3.3100216388702393,L,1.3211441040039062,L,1.3335994482040405,L,1.3187766075134277,L,3.0220556259155273,I,1.5592527389526367
279,A,2.024439354200621,R,1.5825045108795166,A,1.4302242994308472,G,1.799468994140625,S,1.6921523809432983,S,2.128319263458252,K,1.9526150226593018,S,2.085864543914795,L,2.5174593925476074,S,3.3342254161834717,S,3.4189720153808594,S,1.6462266445159912,S,2.1034679412841797,S,1.6194655895233154,S,2.1237986087799072,S,2.2167370319366455,S,2.2623047828674316,V,1.5021528005599976,A,1.635026216506958,K,2.1413309574127197,A,1.5962705612182617,K,1.4461790323257446,A,1.2937394380569458,K,1.7880611419677734,K,1.6456615924835205,R,2.3742196559906006,R,2.3757340908050537,C,2.267366647720337,A,1.225638508796692,L,1.4851247072219849,S,1.598869800567627,S,3.590880870819092,S,1.2505654096603394,L,2.3647329807281494,L,2.3503530025482178,L,2.364482879638672,K,2.3531582355499268,R,2.3409011363983154
280,T,1.9290628723196082,I,1.718306303024292,E,2.1766529083251953,R,1.5722129344940186,R,2.044534921646118,R,1.3035051822662354,A,2.0494208335876465,S,1.660021185874939,A,2.3978629112243652,R,3.6491992473602295,R,3.8738486766815186,R,2.1129252910614014,R,1.4132860898971558,R,2.0594451427459717,R,1.2881606817245483,R,1.3019070625305176,Q,2.367790460586548,K,1.4897222518920898,Q,2.7301547527313232,V,1.926400065422058,Q,2.5916950702667236,A,3.327785015106201,K,1.5864285230636597,T,1.9130076169967651,V,1.4847790002822876,E,1.9282960891723633,E,1.930790662765503,T,1.5267301797866821,T,1.7136911153793335,A,1.0210644006729126,S,1.512869119644165,Q,1.190645694732666,R,1.5238068103790283,S,2.1088244915008545,S,1.8467278480529785,S,2.10396409034729,E,1.1904666423797607,E,1.7383970022201538
281,L,1.744672333871996,L,1.4936742782592773,L,1.4723318815231323,L,1.0894309282302856,Q,1.8414878845214844,E,1.509313941001892,E,1.1500588655471802,W,1.5010132789611816,W,3.582070827484131,E,2.128631830215454,E,2.001239061355591,Q,1.8436174392700195,E,1.5066800117492676,Q,1.8754910230636597,E,1.5123591423034668,E,1.54547119140625,E,1.6108819246292114,L,1.2689518928527832,Q,1.4164260625839233,E,1.3051856756210327,Q,1.4818395376205444,Q,1.1274046897888184,L,1.4256194829940796,Q,1.6760361194610596,E,1.2998508214950562,K,1.6199103593826294,K,1.5820131301879883,L,1.4949429035186768,L,2.295609712600708,W,2.874105930328369,W,2.6725761890411377,E,1.1764397621154785,Q,1.5148261785507202,C,2.4878644943237305,C,2.7124555110931396,C,2.4832022190093994,Q,1.8344314098358154,Q,1.1394307613372803
282,V,1.7970246495427311,V,2.3350582122802734,V,1.1829198598861694,V,1.54449462890625,I,2.1253552436828613,I,1.6454209089279175,V,1.312006950378418,I,1.277241826057434,I,1.4210715293884277,I,2.373711347579956,I,2.364807367324829,I,2.0349748134613037,I,1.457241415977478,I,2.1183547973632812,I,1.6052625179290771,I,1.5007538795471191,I,2.005053997039795,V,2.542485237121582,I,1.9381580352783203,V,1.4761403799057007,I,1.9460633993148804,V,2.4103024005889893,V,1.5855978727340698,I,1.134153127670288,V,1.3311541080474854,A,1.8411844968795776,A,1.8208539485931396,V,1.6106281280517578,V,2.137392997741699,I,2.20404314994812,I,2.2791783809661865,I,2.4501852989196777,I,1.6188095808029175,I,1.3494508266448975,I,1.3809549808502197,I,1.3484129905700684,A,1.844260334968567,V,1.9367730617523193
283,N,1.8777053356170654,Y,1.6985774040222168,H,4.1298322677612305,K,1.259389877319336,E,2.4135756492614746,G,1.080564022064209,T,2.7980241775512695,R,1.6749248504638672,R,1.1898101568222046,Q,0.9803597331047058,Q,0.9952195286750793,E,2.453845262527466,G,1.0785168409347534,E,2.42242431640625,G,1.0685147047042847,G,1.3481183052062988,R,2.2680983543395996,R,1.0425546169281006,T,2.2298197746276855,S,2.38269305229187,T,2.0635862350463867,S,1.5072121620178223,H,3.0306382179260254,T,1.8453400135040283,G,2.7527785301208496,Y,1.798750400543213,Y,1.7852481603622437,K,1.9475144147872925,N,2.9292705059051514,Q,2.3663766384124756,R,1.650688886642456,E,1.3222287893295288,E,1.307922601699829,R,1.7940260171890259,R,1.8321316242218018,R,1.7940410375595093,A,1.2590800523757935,A,1.9734002351760864
284,H,2.3592747514312333,H,1.7458444833755493,H,1.4073172807693481,H,1.703934907913208,Y,2.1109671592712402,D,4.685700416564941,E,2.1371355056762695,H,3.0829379558563232,H,1.7817364931106567,Y,1.5477381944656372,Y,1.5621229410171509,Y,2.1844966411590576,D,4.768917560577393,Y,2.110271692276001,D,4.687262058258057,D,4.1938371658325195,D,1.713035225868225,H,4.578368186950684,N,1.6700351238250732,E,1.267302393913269,N,1.4095816612243652,E,1.4068405628204346,R,1.7391036748886108,E,1.1055763959884644,E,1.8583494424819946,H,2.2462687492370605,H,2.199402093887329,H,3.9381296634674072,H,1.4540101289749146,H,3.7687149047851562,H,2.942671060562134,Y,1.4392865896224976,Y,1.8862078189849854,H,1.8508055210113525,H,1.8930318355560303,H,1.854347586631775,H,3.0537381172180176,Y,2.308138608932495
285,S,1.8479803413958162,A,1.6270751953125,A,1.8419078588485718,A,1.6108230352401733,N,3.394592761993408,V,1.2484524250030518,A,1.3438664674758911,S,1.5736362934112549,S,2.203845739364624,V,1.6112303733825684,V,1.6003835201263428,N,3.6994264125823975,V,1.268963098526001,N,3.4331812858581543,V,1.23795747756958,V,1.2761033773422241,V,1.39405357837677,A,1.1464180946350098,A,1.6475698947906494,A,1.5894075632095337,A,1.674038052558899,A,2.435077428817749,A,1.6911523342132568,A,1.8409547805786133,A,1.6103157997131348,A,1.8920457363128662,A,2.235480308532715,A,2.5967113971710205,S,1.9910993576049805,S,1.4040583372116089,S,1.5495964288711548,L,1.5930343866348267,V,3.959381103515625,S,1.3702973127365112,S,1.354367971420288,S,1.37104070186615,A,1.5574314594268799,A,1.5002952814102173
286,L,1.9750619482349705,L,1.3218936920166016,L,2.343789577484131,L,1.452473521232605,M,3.0713882446289062,L,1.481942892074585,F,2.3163340091705322,L,1.5344595909118652,L,1.3222377300262451,L,2.633129119873047,L,2.613076686859131,M,3.1636805534362793,L,1.4248483180999756,M,3.087038278579712,L,1.459429144859314,L,1.4184932708740234,L,1.26236093044281,L,2.027334690093994,L,1.670809268951416,L,2.033626079559326,L,1.8701435327529907,L,1.4365837574005127,L,1.351593255996704,V,2.44878888130188,L,2.1421408653259277,L,1.17039155960083,L,1.1567847728729248,L,1.4915335178375244,L,1.547082543373108,L,1.3341596126556396,L,1.4222744703292847,L,1.409852385520935,M,2.396777868270874,L,3.707179307937622,L,3.6703217029571533,L,3.7052001953125,L,1.8434268236160278,L,1.3347114324569702
287,E,2.262982452237928,E,2.226125717163086,E,2.9768173694610596,N,2.609950542449951,E,1.3221735954284668,E,2.3248133659362793,S,1.9568747282028198,D,1.5537041425704956,A,3.2044529914855957,D,2.0849835872650146,D,1.9870084524154663,E,1.1654722690582275,E,2.533613920211792,E,1.3316065073013306,E,2.5004348754882812,E,2.499833583831787,E,2.143634080886841,E,1.828108549118042,K,4.0841875076293945,T,1.2403006553649902,K,4.174867153167725,F,1.6961578130722046,E,2.5618879795074463,E,1.2318994998931885,T,2.0608763694763184,E,4.671298027038574,E,4.65645694732666,E,1.5792200565338135,E,1.900641679763794,A,1.9019100666046143,D,1.4453171491622925,D,1.3908405303955078,E,2.277352809906006,E,1.7715932130813599,E,1.8467878103256226,E,1.773319125175476,E,1.7372981309890747,E,3.478529930114746
288,F,1.9009774182293866,L,1.8038042783737183,L,3.380444288253784,L,2.0750839710235596,Y,1.5551416873931885,Q,1.49079430103302,Q,3.3272080421447754,L,1.673316478729248,L,2.203995943069458,Y,1.2685348987579346,Y,1.285759449005127,Y,1.7082282304763794,Q,1.5058398246765137,Y,1.5661914348602295,Q,1.4822256565093994,Q,1.4373878240585327,Y,1.3647117614746094,V,3.7583043575286865,Y,1.1434720754623413,Q,3.1008849143981934,F,1.1474744081497192,Q,2.248178720474243,L,1.8688801527023315,R,1.2481179237365723,Q,2.8674252033233643,M,1.1762984991073608,M,1.1630598306655884,L,2.5830743312835693,F,2.2594733238220215,L,2.0631892681121826,L,1.4861750602722168,Y,1.4635602235794067,Y,2.7364914417266846,L,1.8289985656738281,L,1.8782875537872314,L,1.8301979303359985,L,2.0257973670959473,L,1.3301552534103394
289,P,2.0558775244532406,P,2.964109182357788,P,1.6019809246063232,P,3.287496566772461,G,1.5064181089401245,D,1.605474829673767,P,1.8173161745071411,P,2.8697543144226074,P,1.9369654655456543,R,1.2587953805923462,R,1.3034182786941528,G,1.3830695152282715,D,1.6225996017456055,G,1.5017454624176025,D,1.6047282218933105,D,1.5741342306137085,G,1.3356282711029053,P,1.137198567390442,P,1.7169983386993408,P,2.011530637741089,P,1.702524185180664,P,1.3559188842773438,P,2.8151700496673584,P,2.598660945892334,P,1.7201738357543945,P,1.3286937475204468,P,1.3256235122680664,P,1.7003251314163208,P,1.7064478397369385,P,1.3221479654312134,P,3.6331870555877686,G,3.9022302627563477,G,3.4265780448913574,P,3.244443416595459,P,3.473623037338257,P,3.2152364253997803,P,1.4146087169647217,P,2.1425132751464844
290,L,1.7907439776369043,L,1.5080002546310425,L,0.9661989808082581,L,1.478287935256958,W,1.7057738304138184,W,1.4102405309677124,I,1.220861554145813,L,1.7742730379104614,L,2.778454303741455,W,2.518502950668335,W,2.5356578826904297,W,1.6028616428375244,W,1.412811517715454,W,1.7172067165374756,W,1.3985697031021118,W,1.4451512098312378,W,2.6515121459960938,L,1.4936153888702393,I,1.1415935754776,I,1.6424604654312134,I,1.1431382894515991,I,3.7081379890441895,L,1.9554897546768188,L,2.2197890281677246,I,1.6715141534805298,Y,1.8473894596099854,Y,1.8276797533035278,L,1.6079365015029907,L,1.8000969886779785,L,2.7297205924987793,L,1.4467532634735107,W,2.4468605518341064,W,1.1903451681137085,L,1.5149410963058472,L,1.5598353147506714,L,1.5153652429580688,L,1.5724996328353882,L,2.0980007648468018
291,H,1.7999938935846895,R,1.7967023849487305,H,1.0924112796783447,H,1.3479819297790527,H,2.0620813369750977,H,1.5321815013885498,R,0.9429996609687805,H,1.5185024738311768,H,1.5840259790420532,H,1.692427396774292,H,1.7016863822937012,H,2.1523797512054443,H,1.616064190864563,H,2.105659246444702,H,1.5197960138320923,H,1.585754156112671,H,1.290377140045166,H,2.897169589996338,K,2.0539603233337402,R,1.5904945135116577,K,2.073420763015747,H,1.8232866525650024,H,1.2102197408676147,L,3.877446413040161,R,1.5784822702407837,H,1.231972336769104,H,1.1863778829574585,H,1.9752471446990967,H,2.119741678237915,H,1.999285101890564,H,3.4284720420837402,H,2.0986151695251465,H,1.5659961700439453,H,1.656644582748413,H,1.7050130367279053,H,1.6582835912704468,N,1.6175695657730103,N,1.7110446691513062
292,W,1.8127690601993252,W,1.45248281955719,W,2.1860384941101074,W,1.4322547912597656,T,1.0486061573028564,T,1.2920610904693604,M,1.4862419366836548,W,4.0142741203308105,W,1.638189435005188,S,1.6723355054855347,S,1.7063840627670288,T,1.0948808193206787,T,1.2908518314361572,T,1.072490930557251,T,1.2947889566421509,T,1.3194435834884644,T,1.481960654258728,C,2.0230300426483154,D,2.1397833824157715,M,1.307427167892456,D,2.144310235977173,T,1.8558193445205688,W,0.9854658246040344,K,1.7355626821517944,M,1.2606548070907593,W,2.990281581878662,W,2.9294497966766357,W,2.0517220497131348,W,1.6500471830368042,W,2.034801959991455,W,1.752504587173462,T,2.7245514392852783,T,1.5506588220596313,W,1.7931891679763794,W,1.7884068489074707,W,1.7923249006271362,W,3.976155996322632,R,1.1030222177505493
293,R,1.8670699403092668,R,1.7519253492355347,R,1.0199179649353027,S,1.5180062055587769,N,1.3282300233840942,N,1.9681326150894165,T,2.109187364578247,R,1.819244146347046,R,2.049891471862793,D,1.5386264324188232,D,1.5367430448532104,N,1.2823952436447144,N,2.000915050506592,N,1.2891829013824463,N,1.9920669794082642,N,2.078397512435913,Y,1.5194379091262817,M,1.5517990589141846,G,1.39960777759552,T,1.9218870401382446,G,1.3839900493621826,N,1.071230411529541,R,3.495835304260254,T,1.5104438066482544,T,2.1488895416259766,R,3.257286787033081,R,3.189134359359741,R,1.4192708730697632,R,1.9060674905776978,R,4.1022186279296875,R,1.7917970418930054,N,2.8371832370758057,N,1.6390414237976074,R,1.4535853862762451,R,1.4661303758621216,R,1.4551817178726196,R,1.8606438636779785,R,1.4180634021759033
294,M,2.09296118890917,A,2.569518804550171,M,3.0631392002105713,A,1.900528907775879,L,1.5433597564697266,L,4.221236705780029,L,1.3007508516311646,I,2.681156873703003,I,1.3272374868392944,L,1.4338113069534302,L,1.294425129890442,L,1.6026517152786255,L,4.18012809753418,L,1.5659587383270264,L,4.203619480133057,L,4.19072151184082,L,1.579195261001587,M,1.2223747968673706,I,2.801340103149414,L,1.3371349573135376,I,2.8558542728424072,I,1.2645964622497559,M,1.4344590902328491,M,1.985280990600586,L,1.2294162511825562,M,1.7428113222122192,M,2.147167921066284,M,1.222836971282959,M,1.588148593902588,I,1.4090849161148071,I,2.9507269859313965,L,1.3125309944152832,L,1.7613184452056885,L,1.7206239700317383,L,1.7192108631134033,L,1.7211065292358398,M,3.9591519832611084,F,1.3969477415084839
295,P,1.959004511704316,P,1.5896549224853516,L,1.7332444190979004,A,5.098226547241211,P,1.966772437095642,P,2.581300973892212,P,2.0823755264282227,Q,1.4544845819473267,Q,2.3381638526916504,P,1.24690580368042,P,1.2064566612243652,P,1.8969563245773315,P,2.569711685180664,P,1.870425820350647,P,2.6070353984832764,P,2.679394006729126,P,1.355603814125061,L,2.1397106647491455,V,1.7067362070083618,P,1.735147476196289,V,1.675880789756775,P,1.6518363952636719,L,1.7532474994659424,E,1.5133990049362183,P,1.6696707010269165,R,2.427823543548584,R,2.38481068611145,R,2.522721767425537,P,3.0624470710754395,Q,1.3670949935913086,Q,1.51378333568573,P,1.700825572013855,P,1.2501494884490967,Q,1.613966464996338,Q,1.622199535369873,Q,1.6232523918151855,E,1.732998013496399,Q,1.538752555847168
296,R,2.047051474854753,R,1.4727592468261719,R,2.14880633354187,R,1.971484661102295,R,1.8760912418365479,R,2.055703639984131,R,3.212735414505005,R,2.5128815174102783,R,1.5712915658950806,R,1.182952642440796,R,1.4569528102874756,R,1.934692144393921,R,2.020487070083618,R,1.9460011720657349,R,2.0474021434783936,R,2.031623363494873,R,1.4228558540344238,R,1.6829365491867065,R,5.234116554260254,R,3.239161729812622,R,5.347835540771484,R,1.3661508560180664,R,2.3360490798950195,R,2.5271618366241455,R,3.2092156410217285,R,1.8312791585922241,R,1.9829127788543701,R,1.0610132217407227,R,1.6940257549285889,R,1.7077828645706177,R,1.7268558740615845,R,1.539103388786316,R,1.3196805715560913,R,1.2788585424423218,R,1.2859355211257935,R,1.286561131477356,R,1.4918324947357178,R,1.7277146577835083
297,L,2.1842598963428186,I,2.172722578048706,I,1.5692708492279053,Y,1.6248172521591187,L,3.9394187927246094,L,2.5680723190307617,V,3.3369383811950684,L,0.9304991364479065,L,1.219846248626709,L,3.9146475791931152,L,3.6464810371398926,L,3.5808136463165283,L,2.541318655014038,L,3.9573071002960205,L,2.5866739749908447,L,2.5683724880218506,M,3.8834049701690674,V,1.9909698963165283,V,1.8319580554962158,M,3.6411514282226562,V,1.8229167461395264,V,0.9944887161254883,L,1.1549180746078491,L,1.8118207454681396,M,3.438896894454956,L,1.8474407196044922,L,1.793426752090454,L,1.5570745468139648,L,1.8355176448822021,L,1.3008085489273071,L,1.444029450416565,L,1.8865792751312256,L,1.2793383598327637,L,1.2139101028442383,L,1.212958574295044,L,1.2147800922393799,L,1.8546102046966553,L,1.6494163274765015
298,E,2.113622356105495,E,1.7843008041381836,E,2.1507487297058105,E,2.5241031646728516,E,1.2509163618087769,E,2.955756902694702,G,2.894148349761963,E,1.7266663312911987,E,1.2188527584075928,E,2.9945590496063232,E,2.9112141132354736,E,1.3043756484985352,E,2.887404680252075,E,1.2897464036941528,E,2.9522271156311035,E,3.0465736389160156,E,2.48085355758667,E,2.1318631172180176,E,1.3987061977386475,E,2.7734227180480957,E,1.432121753692627,V,1.32105553150177,E,1.9475758075714111,G,1.9398695230484009,G,2.838247776031494,D,1.3333622217178345,D,1.2792199850082397,E,4.965453624725342,E,1.828560709953308,E,1.6901088953018188,E,2.4351844787597656,E,1.97328782081604,E,1.886026382446289,E,1.6530100107192993,E,1.6208128929138184,E,1.6486566066741943,H,2.030600070953369,H,1.7044334411621094
299,A,1.7637667688163552,A,1.937416434288025,A,1.251539707183838,A,1.6211296319961548,A,1.2854197025299072,A,1.1930345296859741,A,1.8320131301879883,A,2.2660670280456543,A,1.508979320526123,T,1.9151875972747803,T,1.981561303138733,A,1.2371938228607178,A,1.239503026008606,A,1.2099415063858032,A,1.1884405612945557,A,1.136452555656433,A,2.095656394958496,T,1.636420488357544,T,1.3356870412826538,A,1.437347412109375,T,1.3758082389831543,A,8.63476848602295,A,3.1696696281433105,A,2.2771317958831787,A,1.6238791942596436,T,1.1721229553222656,T,1.1603784561157227,A,1.6608105897903442,A,1.6225841045379639,A,1.8382158279418945,A,1.8315212726593018,A,1.0920898914337158,A,1.8644628524780273,A,1.1853015422821045,A,1.1705737113952637,A,1.1861828565597534,A,1.3499151468276978,T,1.7349627017974854
300,-,1.7681611868051381,R,1.5431915521621704,R,2.716658592224121,R,1.9457355737686157,-,,-,,-,,R,1.5969997644424438,R,1.317575454711914,-,,-,,-,,-,,-,,-,,-,,-,,-,,-,,-,,-,,-,,R,2.3610641956329346,-,,-,,R,1.5804774761199951,R,1.5612947940826416,-,,-,,R,1.5699379444122314,R,1.7511186599731445,-,,-,,R,1.5984452962875366,R,1.8459056615829468,R,1.597690463066101,-,,-,
301,R,2.2335160501075513,W,3.363919258117676,W,1.501767635345459,-,,R,3.531357765197754,R,1.6444121599197388,R,3.723557710647583,W,3.259638786315918,W,1.976595163345337,R,2.5992794036865234,R,2.719180107116699,R,3.7078006267547607,R,1.6113661527633667,R,3.539876699447632,R,1.6448415517807007,R,1.654451847076416,R,2.6442458629608154,R,1.2689768075942993,R,2.400233030319214,R,3.704439640045166,R,1.5277338027954102,R,1.3685652017593384,W,1.915867805480957,R,1.5748268365859985,R,3.283932685852051,W,1.580303430557251,W,1.5788427591323853,R,1.7395929098129272,R,1.5104950666427612,W,1.0930569171905518,W,1.1957018375396729,R,1.5024545192718506,R,3.0544822216033936,-,,-,,-,,R,1.1304682493209839,K,3.1537652015686035
302,W,1.8221309900283813,-,,F,1.3555630445480347,W,1.3645267486572266,N,2.440763473510742,N,1.428431510925293,K,1.2466957569122314,-,,-,,T,2.186709403991699,T,2.53645920753479,N,2.531315803527832,N,1.4056730270385742,N,2.481940269470215,N,1.4282658100128174,N,1.4134635925292969,N,2.558195114135742,W,1.9400739669799805,K,1.5568511486053467,R,1.5765823125839233,K,1.6655783653259277,K,1.481669306755066,F,1.6278795003890991,R,2.1351370811462402,K,1.514933466911316,-,,-,,W,1.8566192388534546,W,1.1825288534164429,-,,-,,M,1.3734583854675293,H,1.3751765489578247,W,1.7181614637374878,W,1.7045224905014038,W,1.715820074081421,W,2.3710992336273193,W,3.489835500717163
303,F,1.8756728036063057,Y,2.0193212032318115,-,,F,1.1140151023864746,Y,1.2329131364822388,Y,1.3334496021270752,Y,2.8315346240997314,F,2.5450856685638428,F,1.6630566120147705,Y,2.4429099559783936,Y,1.4752033948898315,Y,1.3585915565490723,Y,1.333801507949829,Y,1.229736089706421,Y,1.3332430124282837,Y,1.3325716257095337,H,1.4698891639709473,Y,2.5060856342315674,Y,1.2166426181793213,Y,4.142460823059082,Y,1.1429511308670044,Y,2.9947314262390137,-,,Y,1.3162838220596313,Y,2.6739895343780518,Y,2.8091554641723633,Y,2.808748722076416,F,2.0661253929138184,F,1.5608808994293213,F,1.5488892793655396,F,1.185189127922058,Y,1.6597706079483032,Y,1.3322129249572754,F,2.174525737762451,F,2.2125532627105713,F,2.1753830909729004,F,2.110384941101074,F,1.2962614297866821
304,I,1.8109902224025212,I,1.4611821174621582,I,1.4309659004211426,I,1.7719618082046509,M,1.8489668369293213,I,1.7002818584442139,I,1.3087657690048218,L,1.5535107851028442,L,2.9156811237335205,I,1.8034532070159912,I,1.746335744857788,M,2.018650770187378,I,1.700920820236206,M,1.8283684253692627,I,1.695667028427124,I,1.688248872756958,I,1.6032123565673828,I,1.5573384761810303,I,1.2247196435928345,I,1.2044219970703125,I,1.2593411207199097,I,1.258692979812622,I,2.973127841949463,M,0.8739038109779358,I,1.3557642698287964,I,1.268009066581726,I,1.2681655883789062,I,1.5413403511047363,I,2.5216212272644043,L,1.2999216318130493,L,1.4645791053771973,M,1.5231760740280151,M,2.5011377334594727,L,2.9773154258728027,L,2.9142279624938965,L,2.975925922393799,I,2.3864333629608154,I,2.581301212310791
305,N,1.9501796606424693,D,1.8630926609039307,N,4.812518119812012,D,1.755721092224121,G,2.1545023918151855,D,1.0924417972564697,S,2.885974884033203,D,1.5437674522399902,D,2.958916664123535,D,1.1095759868621826,D,1.3576772212982178,G,1.9428694248199463,D,1.091882348060608,G,2.1635661125183105,D,1.0918713808059692,D,1.1015863418579102,D,1.4360089302062988,D,1.3306798934936523,S,1.540463924407959,S,2.8214735984802246,S,1.7677125930786133,R,2.8037045001983643,S,1.7312403917312622,S,2.122532367706299,S,3.0039303302764893,D,1.5085333585739136,D,1.5097023248672485,D,1.3881244659423828,N,1.746926188468933,D,1.6667497158050537,D,2.6066536903381348,D,3.202993631362915,D,3.2167716026306152,D,1.6113331317901611,D,1.4635146856307983,D,1.611269235610962,E,1.347636103630066,G,1.7927289009094238
306,I,1.9252850526087992,A,2.3807692527770996,F,2.003478765487671,E,1.0958833694458008,D,1.3715811967849731,V,1.3589107990264893,I,1.9645501375198364,A,1.8309119939804077,A,1.6393871307373047,I,1.4059169292449951,I,1.4735994338989258,D,1.4547343254089355,V,1.3569072484970093,D,1.3751888275146484,V,1.3587923049926758,V,1.3680039644241333,V,1.4322668313980103,I,1.7097522020339966,F,1.8032184839248657,I,1.6327118873596191,F,2.0853583812713623,I,1.1825823783874512,F,2.000171184539795,I,3.2320449352264404,I,1.9222670793533325,A,2.677865505218506,A,2.6786694526672363,V,1.8715920448303223,I,1.8697431087493896,A,1.8618204593658447,A,1.7218689918518066,V,2.5350356101989746,V,1.5067744255065918,A,3.735563278198242,A,3.7701575756073,A,3.7360594272613525,A,1.2309175729751587,A,1.6004904508590698
307,Y,2.3815313649900034,Y,1.515480399131775,Y,2.670684814453125,Y,4.091700077056885,-,,F,3.7012710571289062,Y,2.8217411041259766,Y,1.6945232152938843,Y,3.110624313354492,L,2.88612961769104,L,2.1647584438323975,-,,F,3.727233409881592,-,,F,3.724902868270874,F,3.7758870124816895,F,1.925728440284729,-,,Y,1.1780284643173218,Y,3.016049861907959,Y,1.1927101612091064,Y,3.5579707622528076,Y,0.9437352418899536,Y,3.2760009765625,Y,3.0574421882629395,Y,1.5864092111587524,Y,1.5864092111587524,Y,2.0811076164245605,Y,2.4871184825897217,Y,3.250323534011841,Y,1.6408603191375732,F,1.1741315126419067,F,1.8899004459381104,Y,1.3527772426605225,Y,1.375866174697876,Y,1.3500033617019653,C,3.041083335876465,W,1.7419421672821045
308,R,1.9068801204363506,-,,-,,-,,-,,G,1.5399048328399658,E,1.9284414052963257,-,,-,,R,2.025261878967285,R,1.8179224729537964,-,,G,1.5461868047714233,-,,G,1.5453786849975586,G,1.6004987955093384,G,1.192480444908142,-,,Q,1.3760647773742676,E,1.9757806062698364,Q,1.3626679182052612,E,1.5570472478866577,-,,Q,2.8588294982910156,E,1.8553646802902222,-,,-,,E,2.629765272140503,R,2.537158250808716,-,,-,,P,3.1155483722686768,G,1.8595402240753174,-,,-,,-,,-,,-,
309,-,,-,,-,,-,,-,,-,,-,,-,,-,,-,,-,,-,,-,,-,,-,,-,,-,,-,,-,,-,,-,,-,,-,,-,,-,,-,,-,,-,,-,,-,,-,,-,,-,,-,,-,,-,,-,,-,
310,-,,-,,-,,-,,-,,-,,-,,-,,-,,-,,-,,-,,-,,-,,-,,-,,-,,-,,-,,-,,-,,-,,-,,-,,-,,-,,-,,-,,-,,-,,-,,-,,-,,-,,-,,-,,-,,-,
311,-,,-,,-,,-,,-,,-,,-,,-,,-,,-,,-,,-,,-,,-,,-,,-,,-,,-,,-,,-,,-,,-,,-,,-,,-,,-,,-,,-,,-,,-,,-,,-,,-,,-,,-,,-,,-,,-,
312,-,,-,,-,,-,,-,,-,,-,,-,,-,,-,,-,,-,,-,,-,,-,,-,,-,,-,,-,,-,,-,,-,,-,,-,,-,,-,,-,,-,,-,,-,,-,,-,,-,,-,,-,,-,,-,,-,
313,-,,-,,-,,-,,-,,-,,-,,-,,-,,-,,-,,-,,-,,-,,-,,-,,-,,-,,-,,-,,-,,-,,-,,-,,-,,-,,-,,-,,-,,-,,-,,-,,-,,-,,-,,-,,-,,-,
314,-,,-,,-,,-,,-,,-,,-,,-,,-,,-,,-,,-,,-,,-,,-,,-,,-,,-,,-,,-,,-,,-,,-,,-,,-,,-,,-,,-,,-,,-,,-,,-,,-,,-,,-,,-,,-,,-,
315,-,1.4872541427612305,-,,-,,-,,-,,-,,-,,-,,-,,-,,-,,-,,-,,-,,-,,-,,-,,-,,-,,-,,-,,-,,-,,-,,-,,-,,-,,-,,-,,-,,-,,-,,Y,1.4872541427612305,-,,-,,-,,-,,-,
316,-,2.228310955895318,-,,-,,-,,-,,Q,1.7505296468734741,-,,-,,-,,E,3.195255994796753,E,3.4612796306610107,-,,Q,1.7721335887908936,-,,Q,1.750227928161621,Q,1.8271135091781616,Q,1.5264413356781006,-,,-,,-,,-,,-,,-,,-,,-,,-,,-,,-,,-,,-,,-,,Q,2.7596161365509033,N,2.0122008323669434,-,,-,,-,,-,,-,
317,-,,-,,-,,-,,-,,-,,-,,-,,-,,-,,-,,-,,-,,-,,-,,-,,-,,-,,-,,-,,-,,-,,-,,-,,-,,-,,-,,-,,-,,-,,-,,-,,-,,-,,-,,-,,-,,-,
318,-,,-,,-,,-,,-,,-,,-,,-,,-,,-,,-,,-,,-,,-,,-,,-,,-,,-,,-,,-,,-,,-,,-,,-,,-,,-,,-,,-,,-,,-,,-,,-,,-,,-,,-,,-,,-,,-,
319,-,,-,,-,,-,,-,,-,,-,,-,,-,,-,,-,,-,,-,,-,,-,,-,,-,,-,,-,,-,,-,,-,,-,,-,,-,,-,,-,,-,,-,,-,,-,,-,,-,,-,,-,,-,,-,,-,
320,-,1.556490815602816,-,,-,,-,,M,1.6216033697128296,D,1.6046792268753052,-,,-,,-,,N,1.4887889623641968,N,1.6259973049163818,M,1.6810609102249146,D,1.622908592224121,M,1.640954613685608,D,1.6122080087661743,D,1.621366024017334,D,1.3598737716674805,Y,1.1387436389923096,-,,-,,-,,-,,-,,-,,-,,-,,-,,-,,-,,-,,-,,D,1.0900307893753052,E,2.1261653900146484,-,,-,,-,,-,,-,
321,-,1.684305876493454,-,,-,,-,,I,1.7692235708236694,T,1.1784170866012573,-,,-,,-,,A,1.6766142845153809,A,1.8344643115997314,I,2.020717144012451,T,1.1889677047729492,I,1.9004576206207275,T,1.1819747686386108,T,1.2485888004302979,T,1.848981261253357,E,1.8611027002334595,-,,-,,-,,-,,-,,-,,-,,-,,-,,-,,-,,-,,-,,-,,M,2.5021612644195557,-,,-,,-,,-,,-,
322,-,1.8406934482710702,-,,-,,-,,H,2.597370147705078,K,1.0442535877227783,-,,-,,-,,T,1.471995234489441,T,1.6770585775375366,H,2.7493810653686523,K,1.0693777799606323,H,2.677259922027588,K,1.0438742637634277,K,1.0607866048812866,Q,1.93914794921875,N,3.656439781188965,-,,-,,-,,-,,-,,-,,-,,-,,-,,-,,-,,-,,-,,-,,P,1.4216077327728271,-,,-,,-,,Q,1.730115532875061,Q,1.631040096282959
323,-,1.8770279288291931,E,1.026010274887085,K,1.6705377101898193,-,,E,1.1332740783691406,D,2.8195762634277344,-,,A,1.3837542533874512,R,1.6209235191345215,N,2.381049871444702,N,2.2003049850463867,E,1.0700063705444336,D,2.7774152755737305,V,1.037470817565918,D,2.7979702949523926,D,2.7782137393951416,N,3.9795334339141846,I,1.1724332571029663,-,,-,,-,,-,,K,0.9136901497840881,-,,-,,E,1.7907555103302002,E,1.7914437055587769,-,,-,,A,2.585076332092285,A,1.864272952079773,-,,W,1.2068461179733276,A,1.5009158849716187,A,1.5527044534683228,A,1.503778338432312,R,2.3677406311035156,-,
324,-,,-,,-,,-,,-,,-,,-,,-,,-,,-,,-,,-,,-,,-,,-,,-,,-,,-,,-,,-,,-,,-,,-,,-,,-,,-,,-,,-,,-,,-,,-,,-,,-,,-,,-,,-,,-,,-,
325,-,,-,,-,,-,,-,,-,,-,,-,,-,,-,,-,,-,,-,,-,,-,,-,,-,,-,,-,,-,,-,,-,,-,,-,,-,,-,,-,,-,,-,,-,,-,,-,,-,,-,,-,,-,,-,,-,
326,-,,-,,-,,-,,-,,-,,-,,-,,-,,-,,-,,-,,-,,-,,-,,-,,-,,-,,-,,-,,-,,-,,-,,-,,-,,-,,-,,-,,-,,-,,-,,-,,-,,-,,-,,-,,-,,-,
327,-,2.0367651096096746,R,1.4591103792190552,K,1.9820843935012817,E,1.95180082321167,M,0.9588882327079773,T,3.2606136798858643,-,,V,2.0087876319885254,A,1.4113490581512451,E,1.3697471618652344,E,1.2318025827407837,M,1.0798380374908447,T,3.2404351234436035,M,1.036266803741455,T,3.2655422687530518,T,3.215306043624878,S,2.090568780899048,P,4.516585350036621,-,,-,,-,,-,,K,1.5072681903839111,-,,-,,K,2.2186031341552734,K,2.2186031341552734,-,,-,,A,1.5675276517868042,V,3.223083972930908,-,,M,1.306306004524231,T,1.4855542182922363,T,1.504629373550415,T,1.4854321479797363,E,2.4014205932617188,R,1.9955031871795654
328,H,1.7916436535971505,S,1.1688209772109985,-,,K,2.1460013389587402,-,,K,1.1127755641937256,N,1.1580359935760498,-,,-,,T,1.1141389608383179,T,1.0927952527999878,-,,K,1.1240715980529785,-,,K,1.1192526817321777,K,1.1320545673370361,K,1.6289112567901611,-,,Q,3.191183090209961,N,1.0173989534378052,Q,3.208935022354126,N,3.6029279232025146,-,,D,3.281278610229492,N,1.1211386919021606,K,2.2546424865722656,K,2.2546424865722656,S,1.3953258991241455,H,1.7104631662368774,-,,-,,-,,-,,-,,-,,-,,V,1.789722204208374,-,
329,N,2.437176415414521,-,,K,1.165764331817627,E,2.0823118686676025,P,1.7968405485153198,L,3.959151029586792,N,1.422012448310852,R,3.4644861221313477,R,1.891951084136963,L,3.2340917587280273,L,3.085836410522461,S,2.2326266765594482,L,3.9618136882781982,P,1.882637619972229,L,3.958819627761841,L,3.9733221530914307,S,2.930631399154663,N,1.599160075187683,N,1.2568979263305664,N,1.6630653142929077,N,1.2432947158813477,I,1.9650399684906006,R,2.305406093597412,E,2.685981035232544,N,1.7336145639419556,-,,-,,G,1.1552658081054688,N,3.842582941055298,R,3.320997953414917,R,1.6307435035705566,-,,S,2.2259626388549805,R,2.484898567199707,R,2.443241596221924,R,2.486372232437134,M,1.4177513122558594,D,3.924248695373535
330,Q,2.034133000506295,P,1.5925252437591553,Q,2.424321413040161,E,1.7960684299468994,Y,2.561168909072876,Y,1.4339615106582642,D,1.4445003271102905,E,1.1541147232055664,K,1.8669730424880981,D,2.3414831161499023,D,2.424389600753784,Y,2.0878055095672607,Y,1.434924840927124,Y,2.231489419937134,Y,1.435104489326477,Y,1.4405597448349,C,2.900543451309204,-,,Q,3.6495885848999023,D,1.505336046218872,Q,3.345587730407715,E,3.022439479827881,Q,1.585499882698059,A,2.059532880783081,D,1.6092495918273926,H,0.9926319122314453,H,0.9926319122314453,P,3.6246633529663086,Q,1.36783766746521,K,1.5989314317703247,E,3.413710832595825,T,3.848282814025879,Y,2.044480800628662,H,1.6096206903457642,H,1.5880537033081055,H,1.6098780632019043,V,1.4068344831466675,P,1.784062385559082
331,D,2.038906137148539,N,1.610612392425537,D,1.9265583753585815,N,1.2745999097824097,M,1.854968547821045,M,1.6538264751434326,A,2.8332462310791016,D,3.3386096954345703,D,1.6355705261230469,M,1.3540481328964233,M,1.3387253284454346,M,1.8300611972808838,M,1.654807686805725,M,1.8778916597366333,M,1.6513937711715698,M,1.649091124534607,I,1.0614802837371826,-,,N,2.834742784500122,A,3.0979316234588623,N,2.8822946548461914,S,1.6152451038360596,D,2.8240110874176025,S,1.1882976293563843,A,3.243762493133545,D,1.8017276525497437,D,1.803437352180481,D,1.78932785987854,D,1.3550238609313965,D,1.5855777263641357,D,1.6156482696533203,I,1.1852182149887085,G,2.5376107692718506,D,3.2245993614196777,D,3.2192673683166504,D,3.226574182510376,I,1.259574294090271,T,2.5652573108673096
332,V,1.942400420034254,V,1.4612414836883545,M,1.4887439012527466,V,1.8680230379104614,N,1.4810688495635986,K,1.6647742986679077,H,1.9718387126922607,K,2.088202953338623,M,2.2326810359954834,K,3.126312017440796,K,3.1227474212646484,N,1.8908565044403076,K,1.6521313190460205,N,1.5043649673461914,K,1.6581714153289795,K,1.6873679161071777,N,3.5477516651153564,A,2.278095006942749,H,2.689232587814331,H,1.7942469120025635,H,2.62384033203125,H,1.5731920003890991,M,3.65267014503479,Y,3.014442205429077,H,1.7131640911102295,M,1.37562894821167,M,1.3779296875,M,1.8011560440063477,V,1.502606749534607,M,1.882084846496582,K,1.4363408088684082,Y,1.2928494215011597,N,1.3608512878417969,M,1.599840521812439,M,1.5613828897476196,M,1.5991156101226807,D,1.5852279663085938,M,1.7086399793624878
333,N,1.9367509661494076,N,2.2900068759918213,I,3.92785906791687,N,2.176823854446411,A,1.1576756238937378,T,1.5520281791687012,N,3.282442092895508,N,1.3690197467803955,I,1.6635183095932007,T,2.1465110778808594,T,2.167292356491089,A,1.1282825469970703,T,1.55634605884552,A,1.1599678993225098,T,1.552632451057434,T,1.5825985670089722,T,1.2087289094924927,N,2.3801703453063965,N,1.8514394760131836,N,3.440019369125366,N,1.8310515880584717,D,3.327667474746704,I,1.9450688362121582,S,1.8551459312438965,H,3.84043550491333,N,1.3999773263931274,N,1.3801237344741821,N,1.538227915763855,N,1.5849202871322632,N,2.1126909255981445,N,1.7626591920852661,E,1.867484211921692,T,1.1578725576400757,N,1.571727991104126,N,1.7092537879943848,N,1.571112871170044,N,2.0992026329040527,D,1.5118001699447632
334,P,2.3536596910373584,P,1.9119867086410522,P,1.8801316022872925,P,1.9566954374313354,E,5.289031982421875,E,1.5453860759735107,H,1.8800053596496582,P,2.96803879737854,P,3.5506978034973145,E,1.6986840963363647,E,1.696291446685791,E,4.719179630279541,E,1.5429414510726929,E,5.312318325042725,E,1.5345609188079834,E,1.5932754278182983,E,1.2615057229995728,P,1.2205511331558228,E,2.5594513416290283,H,1.8253909349441528,Q,2.6166892051696777,D,2.4247214794158936,P,2.9486083984375,E,3.2520549297332764,H,1.955272912979126,L,2.841613292694092,L,2.80999493598938,P,1.8332921266555786,P,1.4393044710159302,P,1.5145483016967773,P,2.299940824508667,Q,1.8822013139724731,E,5.072390556335449,P,1.6432509422302246,P,1.62254798412323,P,1.6435736417770386,P,1.433071494102478,P,1.90620756149292
335,I,1.6440520495981783,T,3.7108185291290283,L,1.696964144706726,N,2.152313709259033,K,1.835057258605957,K,1.3705480098724365,L,0.9941797852516174,L,1.5948326587677002,L,1.5027366876602173,K,1.3652663230895996,K,1.3856415748596191,K,1.7941434383392334,K,1.3684473037719727,K,1.823230504989624,K,1.3504058122634888,K,1.3773367404937744,K,1.5830771923065186,L,1.4182584285736084,V,1.831851601600647,L,1.0320374965667725,V,1.8746577501296997,L,1.4112507104873657,L,1.3440884351730347,N,2.4033381938934326,L,1.0237905979156494,V,1.5941160917282104,V,1.573842167854309,I,1.019123911857605,I,1.733797550201416,L,1.6965874433517456,L,1.3017529249191284,K,1.6487603187561035,K,2.1453094482421875,I,1.785106897354126,I,1.7415738105773926,I,1.7858307361602783,L,2.2508745193481445,A,1.3089771270751953
336,L,1.895732203045407,L,3.591686725616455,L,3.309461832046509,L,1.8662821054458618,L,1.5200241804122925,L,2.0418920516967773,L,1.5757439136505127,I,2.821589469909668,I,1.585384488105774,L,1.4850455522537231,L,1.400599479675293,L,1.4278336763381958,L,2.056478500366211,L,1.5039241313934326,L,2.0360991954803467,L,2.1944198608398438,L,1.5516338348388672,L,1.284792423248291,L,1.1835074424743652,L,1.6214232444763184,L,1.1836655139923096,L,1.7239612340927124,L,2.308810234069824,L,1.2549039125442505,L,1.7390447854995728,L,1.5276618003845215,L,1.505671501159668,L,2.1950736045837402,L,1.7265994548797607,I,1.6573216915130615,I,3.175963878631592,L,1.5800158977508545,L,1.5154924392700195,I,2.476635217666626,I,2.454099416732788,I,2.481257200241089,L,2.1450579166412354,L,1.4330337047576904
337,L,1.8359485413577106,L,2.0103304386138916,L,1.3651516437530518,L,3.980478286743164,L,1.63224458694458,L,1.1966592073440552,L,2.6766912937164307,F,1.7223788499832153,F,1.9654648303985596,L,2.293194532394409,L,2.4165549278259277,L,1.6384738683700562,L,1.1932704448699951,L,1.638124704360962,L,1.1804735660552979,L,1.2097803354263306,L,1.8450500965118408,I,1.5169098377227783,L,1.7695807218551636,L,2.638619899749756,L,1.8112976551055908,L,1.111415147781372,L,1.0998632907867432,L,1.5789085626602173,L,1.370529294013977,I,1.42434561252594,I,1.4522573947906494,L,1.7264471054077148,L,2.492521286010742,F,3.3279449939727783,F,1.545783281326294,V,1.289423942565918,L,1.763803482055664,F,1.3862444162368774,F,1.3617260456085205,F,1.387063980102539,L,2.874983072280884,L,3.0361053943634033
338,E,1.756977893210746,E,2.8680760860443115,E,1.4302831888198853,K,2.5124480724334717,E,1.7486677169799805,E,2.2981202602386475,K,1.0354461669921875,E,1.399571418762207,E,1.177807331085205,E,1.5186033248901367,E,1.2112104892730713,E,1.738614797592163,E,2.273244619369507,E,1.7444745302200317,E,2.441399335861206,E,2.5168192386627197,E,1.3886549472808838,E,1.265059232711792,N,1.482481598854065,K,1.0414929389953613,N,1.4791510105133057,K,1.869323492050171,E,1.4475977420806885,K,1.5429226160049438,K,1.0771323442459106,E,1.827468752861023,E,1.8158159255981445,E,0.9213811159133911,E,2.7088463306427,E,1.440315842628479,E,1.5576690435409546,E,1.3272619247436523,E,2.0915918350219727,E,1.6588760614395142,E,1.6592044830322266,E,1.6595325469970703,E,2.8357667922973633,L,2.9958488941192627
339,F,2.064110175983326,L,1.608814001083374,L,1.5405056476593018,Y,2.141634225845337,L,2.0428481101989746,L,1.6355036497116089,F,3.429176092147827,L,1.3699530363082886,L,1.835560917854309,L,1.3858567476272583,L,1.601051688194275,L,2.018404960632324,L,1.6361453533172607,L,2.038459539413452,L,1.617141604423523,L,1.6317591667175293,L,2.196828842163086,L,2.466352939605713,F,2.388810634613037,F,3.415879249572754,F,2.2764194011688232,F,1.3892728090286255,L,1.9278892278671265,L,1.8622400760650635,F,3.339106321334839,F,4.326266288757324,F,4.308551788330078,L,1.4753552675247192,F,2.1141631603240967,L,1.520590901374817,L,1.5988707542419434,L,2.0644538402557373,L,1.7150367498397827,L,1.4229016304016113,L,1.4238648414611816,L,1.4230585098266602,F,2.48537278175354,L,1.697975754737854
340,A,2.125197900308145,A,1.323251485824585,A,1.4911099672317505,A,1.1156930923461914,A,3.6233303546905518,A,1.613548755645752,A,1.6942265033721924,A,1.3231099843978882,G,1.804599404335022,A,2.1610970497131348,A,2.49723744392395,A,3.5711700916290283,A,1.6204380989074707,A,3.60321044921875,A,1.6004269123077393,A,1.616163969039917,A,1.1591545343399048,A,2.236668825149536,A,1.3457908630371094,A,1.6713980436325073,A,1.3381341695785522,A,1.1691391468048096,A,1.819268822669983,A,1.8302470445632935,A,1.5778861045837402,A,2.5843265056610107,A,2.489509344100952,A,1.698696494102478,A,1.9238426685333252,G,2.1221213340759277,A,1.6953108310699463,A,2.353217363357544,A,2.566533327102661,A,4.10520076751709,A,4.111338138580322,A,4.106691360473633,A,2.626521348953247,A,1.4427117109298706
341,E,1.9534561231329635,K,1.503339409828186,I,1.9850335121154785,K,0.8313609957695007,K,1.737204670906067,K,1.232222557067871,K,2.1386196613311768,K,2.866534948348999,K,2.4189631938934326,K,2.040984630584717,K,1.9632327556610107,K,1.7203088998794556,K,1.2237663269042969,K,1.7802305221557617,K,1.2316534519195557,K,1.2206588983535767,K,1.8093993663787842,K,0.9174027442932129,K,2.960153341293335,K,2.080681562423706,K,2.9561426639556885,K,3.4329917430877686,I,2.494590997695923,K,3.0170133113861084,K,2.2511250972747803,K,1.1833412647247314,K,1.1668416261672974,K,1.8784414529800415,E,1.2448979616165161,K,1.3040478229522705,K,2.0364415645599365,K,1.4498283863067627,K,1.7444920539855957,K,3.0136141777038574,K,3.01162052154541,K,3.0118966102600098,K,1.5625214576721191,K,1.8562763929367065
342,L,2.234766863487862,I,1.7492413520812988,L,2.4107329845428467,L,1.4691016674041748,L,1.3293718099594116,L,5.6537652015686035,L,1.748209834098816,L,1.3745700120925903,I,4.149599075317383,V,2.0463268756866455,V,2.0454041957855225,L,1.3144556283950806,L,5.677086353302002,L,1.3557825088500977,L,5.651901721954346,L,5.15536642074585,L,1.9193724393844604,L,1.985599398612976,L,1.7334312200546265,L,1.7175685167312622,L,1.7683866024017334,L,1.7953859567642212,L,3.1865923404693604,L,1.7347818613052368,L,2.385571241378784,I,1.4743934869766235,I,1.4740281105041504,V,1.5486234426498413,L,1.1489193439483643,I,2.1264400482177734,L,3.538552761077881,V,1.1942218542099,L,1.3089760541915894,L,1.5593243837356567,L,1.5610464811325073,L,1.5600612163543701,L,1.2463637590408325,L,1.5878177881240845
343,D,1.9481568433142997,D,2.7259559631347656,D,1.65096116065979,D,1.522402286529541,E,2.038666009902954,E,1.7147136926651,D,1.458146095275879,D,1.2818759679794312,D,1.3178349733352661,E,1.8165127038955688,E,1.9225972890853882,E,2.2996437549591064,E,1.719436764717102,E,1.9290473461151123,E,1.6993216276168823,E,1.7430775165557861,E,1.4196093082427979,D,2.270781993865967,D,2.115522623062134,D,1.4630522727966309,D,2.2332546710968018,D,2.1615307331085205,D,1.939683437347412,D,1.0535378456115723,D,1.4204024076461792,D,1.670569658279419,D,1.6727304458618164,D,1.9918670654296875,D,2.9169163703918457,D,1.8474433422088623,D,2.3225083351135254,E,5.420339584350586,E,2.2902371883392334,E,1.745970606803894,E,1.7472078800201416,E,1.7462654113769531,D,1.467707633972168,D,2.3244712352752686
344,F,2.017578028343819,F,3.0280449390411377,F,1.1031287908554077,F,1.4957091808319092,F,1.5065127611160278,F,1.3017802238464355,F,2.470886707305908,F,1.8587487936019897,F,1.9784815311431885,F,1.1022804975509644,F,1.1219176054000854,F,1.4812910556793213,F,1.287146806716919,F,1.547349214553833,F,1.2881065607070923,F,1.3172438144683838,F,1.2871181964874268,F,1.054600715637207,F,1.7790179252624512,F,2.2165582180023193,F,1.7770390510559082,F,1.9232392311096191,F,1.7130911350250244,F,2.426029682159424,F,2.1485846042633057,F,3.9366650581359863,F,3.938206672668457,Y,3.2210545539855957,F,3.3656444549560547,F,2.650834560394287,F,1.2795387506484985,F,2.0266942977905273,F,1.5166773796081543,F,2.924603223800659,F,2.9212565422058105,F,2.9250335693359375,F,1.6452423334121704,F,2.0850284099578857
345,N,1.9446376304368715,N,2.321021318435669,N,1.5174297094345093,N,1.536051869392395,N,1.2655549049377441,N,1.5371489524841309,N,1.6875146627426147,N,1.5006111860275269,H,1.497120976448059,N,3.9834959506988525,N,3.590576410293579,N,1.2475932836532593,N,1.547544002532959,N,1.3267110586166382,N,1.5235717296600342,N,1.580710530281067,N,5.138848781585693,N,1.51852548122406,N,2.4043736457824707,N,1.6239699125289917,N,2.082563638687134,H,1.4320118427276611,N,2.1596293449401855,N,1.1008338928222656,N,2.817409038543701,N,1.4688444137573242,N,1.4652612209320068,N,3.133040428161621,N,1.3457458019256592,H,4.103570461273193,N,2.2566943168640137,N,1.274888515472412,N,1.3041164875030518,N,1.4009321928024292,N,1.4037472009658813,N,1.4032597541809082,N,2.107936143875122,N,1.3427332639694214
346,I,1.9992939072686273,I,1.3820300102233887,I,1.008630394935608,I,3.820631980895996,I,2.817708969116211,I,2.0276925563812256,M,1.6078399419784546,I,1.7222200632095337,I,1.093292474746704,I,2.035522222518921,I,2.055863618850708,I,2.753028154373169,I,2.0267138481140137,I,2.5656867027282715,I,2.014185667037964,I,2.0823514461517334,I,2.0217490196228027,F,1.9310053586959839,I,1.0206751823425293,M,1.6122385263442993,I,1.0447427034378052,I,2.3352935314178467,I,1.9265862703323364,V,1.0781826972961426,M,1.7856274843215942,I,1.702515721321106,I,1.6612454652786255,I,1.4384485483169556,I,1.427849531173706,I,1.2750349044799805,I,2.238429307937622,I,1.5599039793014526,I,3.0343854427337646,I,2.559222459793091,I,2.5619146823883057,I,2.5609402656555176,A,3.824967384338379,A,2.359518051147461
347,V,1.9874894135707133,V,1.0855095386505127,V,3.3707404136657715,V,3.2104077339172363,F,1.9426326751708984,F,2.0870275497436523,L,1.410886287689209,I,2.4246184825897217,I,2.7438814640045166,F,1.5214991569519043,F,1.5381288528442383,F,1.8758634328842163,F,2.0840396881103516,F,1.968398094177246,F,2.076451063156128,F,2.0991950035095215,F,1.378782868385315,V,1.7327678203582764,L,1.3511451482772827,L,1.356847882270813,L,1.3600947856903076,L,2.245957612991333,V,1.168095588684082,V,4.928802013397217,L,1.3339319229125977,V,1.8001126050949097,V,1.797959566116333,V,3.255364179611206,V,3.873431444168091,I,1.8943791389465332,I,1.5489294528961182,F,2.268796682357788,F,2.0234432220458984,T,1.2593563795089722,T,1.2580686807632446,T,1.2599657773971558,V,1.533922791481018,L,1.4676733016967773
348,Q,1.98595743565946,Q,1.8857276439666748,Q,1.642485499382019,Q,3.069573163986206,H,2.6135451793670654,Q,3.3779733180999756,Q,1.1332613229751587,Q,1.7741483449935913,Q,2.6727356910705566,N,2.1161155700683594,N,2.0402231216430664,H,2.662590980529785,Q,3.362492799758911,H,2.625814914703369,Q,3.377589464187622,Q,3.3529775142669678,H,2.003103733062744,Q,1.7470570802688599,Q,1.4812716245651245,Q,1.3293542861938477,Q,1.489903211593628,Q,1.5745919942855835,Q,2.4392430782318115,Q,1.3508883714675903,Q,1.5562260150909424,Q,1.2668015956878662,Q,1.2641794681549072,Q,1.9495110511779785,Q,1.3346798419952393,Q,1.5419739484786987,Q,1.3082062005996704,H,1.8710291385650635,H,1.8497812747955322,Q,1.315377950668335,Q,1.3153523206710815,Q,1.3159993886947632,Q,1.744494080543518,Q,2.72414493560791
349,A,1.8665851612348814,A,1.5147862434387207,A,2.155956983566284,S,1.4325863122940063,S,1.6171756982803345,S,1.6647348403930664,K,2.9812912940979004,A,2.183072805404663,E,1.3357760906219482,S,2.2276368141174316,S,2.2275173664093018,S,1.6073271036148071,S,1.6559648513793945,S,1.6132680177688599,S,1.650001049041748,S,1.6555860042572021,S,2.350377082824707,A,1.3437418937683105,T,1.8045732975006104,K,2.9107604026794434,T,1.7367892265319824,K,1.301494836807251,A,1.4513505697250366,C,2.5586228370666504,K,3.278726577758789,A,1.555364966392517,A,1.5245850086212158,A,1.358031988143921,A,1.9483754634857178,E,1.1482188701629639,A,1.2798371315002441,S,3.892681121826172,S,1.250012755393982,A,1.9130775928497314,A,1.891352891921997,A,1.9091994762420654,S,1.4434794187545776,N,1.690316081047058
350,A,2.1459205891634965,I,2.1408658027648926,A,1.2503876686096191,I,2.623082160949707,L,1.7490407228469849,L,1.684898018836975,L,1.396263599395752,T,4.494189262390137,T,1.957075595855713,L,2.258058786392212,L,2.2387537956237793,L,1.7593343257904053,L,1.671286940574646,L,1.7653709650039673,L,1.6807063817977905,L,1.674664855003357,L,2.285283327102661,M,1.684743881225586,L,4.978635311126709,L,1.3438607454299927,L,5.417881488800049,M,1.1494319438934326,A,1.2924892902374268,L,2.291714906692505,F,1.2903956174850464,A,1.8592761754989624,A,1.8478728532791138,V,2.4196653366088867,A,1.5175747871398926,T,2.7146434783935547,T,4.735893726348877,L,1.6263824701309204,I,1.793665885925293,T,1.8566941022872925,T,1.9136271476745605,T,1.935219407081604,I,1.5504332780838013,M,1.549697756767273
351,H,2.291060966414374,H,4.138453006744385,H,1.5910954475402832,H,1.275972604751587,Q,3.877676010131836,Q,2.0316524505615234,H,1.786876916885376,Q,1.2829278707504272,Q,2.4020707607269287,Q,3.8595221042633057,Q,3.968033790588379,Q,3.868074893951416,Q,2.0762882232666016,Q,3.884957790374756,Q,2.0156595706939697,Q,2.0913302898406982,Q,3.780245542526245,H,3.8341939449310303,H,1.246466875076294,H,1.7501310110092163,H,1.2540656328201294,H,1.6000983715057373,H,2.8485560417175293,H,1.4819707870483398,H,1.580619215965271,H,1.3028340339660645,H,1.3010321855545044,H,1.8572760820388794,H,1.4337496757507324,Q,2.6857614517211914,Q,1.639594554901123,Q,1.2100533246994019,Q,3.920499324798584,Q,1.6082754135131836,Q,1.6311612129211426,Q,1.6864228248596191,Y,2.202233076095581,Y,2.763423442840576
352,Q,1.8196473347174156,Q,1.4997133016586304,I,3.856729507446289,Q,1.2930020093917847,E,1.699394702911377,K,1.5982557535171509,Q,2.370607614517212,Q,2.111410140991211,L,1.8155505657196045,Q,1.6220890283584595,Q,1.620330810546875,E,1.7113449573516846,K,1.5628029108047485,E,1.7323139905929565,K,1.5839598178863525,K,1.5686455965042114,K,1.6533639430999756,Q,2.2103047370910645,K,2.1837809085845947,Q,2.2855608463287354,K,2.314965009689331,Q,1.6857386827468872,I,1.4780387878417969,K,1.7253648042678833,Q,2.3557348251342773,Q,1.7437422275543213,Q,1.7425355911254883,Q,1.4830467700958252,Q,2.0503296852111816,L,1.2716639041900635,Q,1.97190260887146,K,2.3647234439849854,Q,1.660142421722412,Q,1.5602020025253296,Q,1.5927375555038452,Q,1.6189628839492798,K,1.3214085102081299,K,1.4065505266189575
353,A,1.9137948010418866,Q,1.1048834323883057,E,3.642493486404419,Q,2.138113260269165,R,1.1774256229400635,T,1.358392596244812,R,1.773643136024475,E,3.0567057132720947,E,1.753643274307251,N,1.372134804725647,N,1.3614329099655151,R,1.2022229433059692,T,1.3407522439956665,R,1.1940515041351318,T,1.3564658164978027,T,1.357151985168457,R,1.486588478088379,Q,1.7315477132797241,K,2.5480973720550537,R,1.6702537536621094,K,2.4657769203186035,R,2.0592074394226074,Q,2.4307403564453125,K,2.755991220474243,R,2.125358819961548,E,2.382436513900757,E,2.382687568664551,E,2.730701208114624,A,3.7858951091766357,E,1.7840893268585205,E,1.4365893602371216,R,1.5577888488769531,R,1.3414188623428345,E,1.5286328792572021,E,1.746823787689209,E,1.6113203763961792,K,2.229736804962158,R,1.8292121887207031
354,D,2.2691411166577726,D,3.7086966037750244,D,2.338510513305664,E,1.2584822177886963,E,1.8296536207199097,E,3.3371801376342773,E,2.4488978385925293,E,1.4187654256820679,E,1.8735487461090088,E,2.0791068077087402,E,2.1766414642333984,E,1.8913570642471313,E,3.310363531112671,E,1.857941746711731,E,3.3056068420410156,E,3.334027051925659,E,2.343702554702759,E,1.8147168159484863,E,1.4196804761886597,E,2.52138614654541,E,1.419267177581787,E,3.0657870769500732,D,4.3226704597473145,E,2.1902174949645996,E,2.1962146759033203,D,1.306195616722107,D,1.306195616722107,D,1.5780596733093262,D,1.6301807165145874,E,2.5893359184265137,E,1.5826009511947632,E,1.2951314449310303,E,1.8805121183395386,E,4.093827247619629,E,2.9721968173980713,E,3.3103439807891846,E,1.4276386499404907,E,1.5235800743103027
355,L,1.9400821924209595,L,1.767753005027771,L,2.304556131362915,L,1.8382437229156494,L,2.9506242275238037,L,1.9306538105010986,L,1.0413851737976074,L,0.9037765264511108,L,1.1237823963165283,L,1.5536843538284302,L,1.5664408206939697,L,2.976508378982544,L,1.8288419246673584,L,2.6774771213531494,L,1.9251359701156616,L,1.7927697896957397,L,1.5061495304107666,L,4.653284549713135,L,1.321297287940979,L,1.0256160497665405,L,1.332837462425232,L,1.549075961112976,L,1.2830581665039062,L,1.7500908374786377,L,0.9492645263671875,L,2.7565717697143555,L,2.7555768489837646,L,2.423785924911499,L,2.2394802570343018,V,1.7679861783981323,L,2.2677161693573,L,2.763007164001465,L,2.589888095855713,L,1.6385486125946045,L,1.8280770778656006,L,1.714352011680603,L,1.2012417316436768,L,2.284501552581787
356,K,2.055260928901466,K,2.2917871475219727,K,1.7560372352600098,G,1.9824258089065552,K,2.128514289855957,D,2.4582130908966064,S,3.228289842605591,K,1.5541126728057861,Q,2.527218818664551,K,1.3744231462478638,K,1.3633501529693604,K,2.1595818996429443,D,2.371387243270874,K,2.1676206588745117,D,2.4581639766693115,D,2.4925286769866943,E,1.2010173797607422,R,1.442095160484314,S,1.3238072395324707,S,2.9971566200256348,S,1.3279508352279663,S,3.3215818405151367,K,1.9771536588668823,S,1.3221924304962158,S,2.559666872024536,K,2.1517906188964844,K,2.1517906188964844,K,1.5468165874481201,K,1.8728365898132324,Q,1.6391857862472534,K,2.8250861167907715,Q,1.2993731498718262,K,3.5882928371429443,K,1.8144830465316772,K,1.8401445150375366,K,1.8788142204284668,S,1.8263291120529175,N,1.8234344720840454
357,Q,2.007058481912355,H,1.3340699672698975,Y,1.3797279596328735,N,3.8605780601501465,H,2.772759437561035,S,1.300085186958313,D,1.4952796697616577,E,2.4908881187438965,E,2.275158643722534,C,2.9627327919006348,C,3.0665054321289062,H,2.214200496673584,S,1.2396636009216309,H,2.9046154022216797,S,1.2989723682403564,S,1.2968463897705078,Y,3.0647151470184326,N,2.143057107925415,D,2.4668962955474854,D,1.6674187183380127,D,2.4573416709899902,E,1.0927088260650635,Y,1.93441903591156,D,3.3781676292419434,D,1.4802533388137817,Y,2.1129982471466064,Y,2.111605644226074,Y,1.4445785284042358,Q,1.8383246660232544,E,1.837259292602539,E,1.817788004875183,S,2.263071298599243,H,1.3819067478179932,D,1.3106266260147095,D,1.2359769344329834,D,1.4281907081604004,A,1.8507530689239502,E,2.05102276802063
358,V,1.831319198415086,V,1.3996021747589111,V,1.4329122304916382,L,1.7741098403930664,L,1.8069268465042114,L,1.656031847000122,L,4.288054943084717,V,1.831967830657959,V,1.5229071378707886,V,1.5577483177185059,V,1.516183614730835,L,1.8526902198791504,L,1.536736011505127,L,1.837461233139038,L,1.650214433670044,L,1.6314371824264526,L,1.8500977754592896,L,2.588195323944092,M,1.5428500175476074,L,4.2152323722839355,M,1.4994888305664062,L,2.4735281467437744,V,1.73294198513031,I,1.6823327541351318,L,4.374500751495361,V,1.117515206336975,V,1.116245150566101,V,2.309039354324341,V,2.0687313079833984,V,1.105928659439087,V,1.542069435119629,L,1.223634958267212,I,1.7377456426620483,L,0.873147189617157,L,0.8731145262718201,L,0.8633667826652527,L,2.2578656673431396,V,1.4162546396255493
359,S,1.8671400450371407,S,1.6046984195709229,A,1.5967336893081665,A,1.4835739135742188,S,1.882560133934021,L,1.3806071281433105,T,2.2422947883605957,S,3.2620017528533936,S,0.9701089859008789,S,2.851979970932007,S,2.750861644744873,S,1.9173046350479126,L,1.3707451820373535,S,1.9060357809066772,L,1.3892711400985718,L,1.368544101715088,V,2.2825968265533447,S,2.032526731491089,T,1.493328332901001,T,2.2815470695495605,T,1.501333236694336,T,1.47689688205719,A,1.1495895385742188,L,1.535400390625,T,1.9923756122589111,S,2.913417339324951,S,2.9113245010375977,S,1.9124959707260132,S,1.8627371788024902,S,2.882350444793701,S,2.032263994216919,T,1.4357925653457642,S,2.0326380729675293,S,1.314903736114502,S,1.2013143301010132,S,1.2867696285247803,S,2.08634877204895,S,1.4889092445373535
360,T,1.8731742742899302,W,2.057065010070801,R,1.3666462898254395,R,1.3177136182785034,R,1.1712925434112549,R,1.9322172403335571,R,1.6306952238082886,R,1.3912886381149292,K,1.2884602546691895,R,1.2686350345611572,R,1.2719866037368774,R,1.1945101022720337,R,1.9095369577407837,R,1.169824481010437,R,1.9282515048980713,R,1.9431040287017822,R,1.2781744003295898,R,4.114426612854004,R,3.1916446685791016,R,1.591009497642517,R,3.1967761516571045,R,4.05979061126709,R,1.4766398668289185,R,2.9184024333953857,R,1.6285916566848755,R,1.5925276279449463,R,1.5471099615097046,R,1.2974402904510498,T,1.090659737586975,R,2.288914918899536,R,1.2065587043762207,R,1.3340297937393188,R,1.3965072631835938,R,2.1708970069885254,R,2.0659615993499756,R,2.147736072540283,R,1.3069045543670654,R,3.5655171871185303
361,W,1.590134784982011,W,1.443925380706787,W,1.701502799987793,W,2.360488176345825,W,1.3376582860946655,W,1.1021485328674316,W,1.4841982126235962,W,1.3220539093017578,W,2.1186559200286865,W,1.5427078008651733,W,1.5749930143356323,W,1.3665034770965576,W,1.1052472591400146,W,1.349435567855835,W,1.103722333908081,W,1.105709195137024,W,1.5775823593139648,W,1.5432512760162354,W,1.877887487411499,W,1.4046056270599365,W,2.1190714836120605,W,1.5886178016662598,W,1.8267881870269775,W,1.5439306497573853,W,1.4767276048660278,W,2.1689929962158203,W,2.1570873260498047,W,1.680378794670105,W,1.038978934288025,W,1.3806861639022827,G,2.1309335231781006,W,1.676566481590271,W,1.453141212463379,W,1.1635124683380127,W,1.1865514516830444,W,1.287818193435669,W,2.7646470069885254,W,1.7682801485061646
362,W,1.6653273041183885,W,2.3142037391662598,W,1.8647770881652832,W,2.34086537361145,W,1.6466118097305298,W,1.5700677633285522,W,1.3412305116653442,W,1.581300973892212,W,1.2964328527450562,W,1.6029274463653564,W,1.6205263137817383,W,1.6261299848556519,W,1.574875831604004,W,1.6516869068145752,W,1.5709106922149658,W,1.560336709022522,W,1.441802978515625,W,1.524400234222412,W,1.8001487255096436,W,1.3134220838546753,W,1.8009480237960815,W,1.4013645648956299,W,1.8051708936691284,Y,1.9701600074768066,W,1.3636908531188965,W,1.4319779872894287,W,1.4238231182098389,W,1.7519721984863281,W,1.3421270847320557,W,0.9614452123641968,W,2.1883034706115723,W,1.0981639623641968,W,1.6631304025650024,W,1.5795546770095825,W,1.5093051195144653,W,1.595431923866272,W,1.9547401666641235,W,3.533142566680908
363,K,2.0461607591525928,K,1.435177206993103,K,1.755653738975525,V,2.1558263301849365,K,1.6860939264297485,K,3.001356840133667,K,1.7617502212524414,N,2.932133436203003,T,1.991027593612671,K,1.7122455835342407,K,1.68754243850708,K,1.6736385822296143,K,2.979132652282715,K,1.700402855873108,K,2.9865775108337402,K,2.963223695755005,K,1.731202244758606,K,2.6166679859161377,K,1.0572645664215088,K,1.7971713542938232,K,1.0581212043762207,K,2.1039111614227295,K,2.370312452316284,K,1.127011775970459,K,1.8301936388015747,K,1.290590763092041,K,1.282086968421936,K,2.752511501312256,K,2.959502935409546,T,1.2480394840240479,N,1.5523161888122559,K,1.9439375400543213,K,1.9520928859710693,N,2.428976535797119,N,3.3263888359069824,N,2.214416742324829,T,1.6999331712722778,T,2.9435155391693115
364,S,2.071766002758129,N,2.8543708324432373,E,1.9699174165725708,E,1.128597378730774,D,2.737889051437378,D,2.307558536529541,D,1.5476566553115845,D,1.4608874320983887,N,3.311128854751587,E,1.245031714439392,E,1.2430564165115356,D,2.7259862422943115,D,2.320584535598755,D,2.7435848712921143,D,2.3100883960723877,D,2.3450214862823486,D,1.1001232862472534,K,0.9603354930877686,K,3.4555563926696777,D,1.4640274047851562,K,3.4254376888275146,D,1.2152729034423828,E,2.211469888687134,E,3.013533353805542,D,1.474744439125061,D,2.37347674369812,D,2.5695273876190186,K,2.037405490875244,S,1.6908596754074097,N,2.0509884357452393,D,1.0133274793624878,H,3.068328619003296,D,1.44821035861969,S,1.5752696990966797,S,2.324432611465454,S,1.5972425937652588,K,2.2701919078826904,D,2.064220428466797
365,-,1.9146409531434376,I,1.5911781787872314,T,1.653071641921997,-,,-,,-,,-,,S,3.2629246711730957,S,1.855662226676941,-,,-,,-,,-,,-,,-,,-,,-,,-,,-,,-,,-,,-,,T,1.575019359588623,-,,-,,T,1.981371521949768,T,1.9774175882339478,-,,-,,S,1.2995843887329102,S,1.2571130990982056,-,,-,,T,2.43711519241333,T,1.6755448579788208,T,2.409688711166382,-,,-,
366,T,2.2206514263153077,-,,-,,T,4.047328472137451,S,2.836171865463257,S,2.9623734951019287,L,1.4608334302902222,-,,-,,S,1.8476405143737793,S,1.820849895477295,S,3.0421183109283447,S,2.9558563232421875,S,2.835528612136841,S,2.9864187240600586,S,2.8970208168029785,S,1.7694528102874756,S,1.0057941675186157,M,1.6458467245101929,L,1.4708589315414429,M,1.6307586431503296,L,1.4920902252197266,-,,L,1.6748682260513306,L,1.4833520650863647,-,,-,,T,3.0355305671691895,T,2.1559267044067383,-,,-,,Y,2.714262008666992,S,2.6588611602783203,-,,-,,-,,L,1.9312589168548584,L,1.15528404712677
367,G,2.200891527262601,R,2.2408957481384277,C,1.8159074783325195,G,1.343634009361267,G,1.879402995109558,G,1.9742870330810547,D,2.129441261291504,C,1.6822116374969482,N,2.0858511924743652,-,,-,,G,1.8667051792144775,G,1.979902744293213,G,1.8857393264770508,G,1.9811427593231201,G,1.958686113357544,-,,M,1.946019172668457,E,5.404526233673096,D,2.160081148147583,E,5.399581432342529,D,1.4224969148635864,G,1.2998778820037842,D,3.8769595623016357,D,2.216310501098633,C,1.9140758514404297,C,1.9089269638061523,G,1.4261219501495361,G,3.9915499687194824,N,2.2263987064361572,C,2.4639549255371094,-,,G,1.6848087310791016,G,1.2503405809402466,G,1.3575810194015503,G,1.1633801460266113,G,3.3569703102111816,G,1.33565092086792
368,-,,-,,-,,-,,-,,-,,-,,-,,-,,-,,-,,-,,-,,-,,-,,-,,-,,-,,-,,-,,-,,-,,-,,-,,-,,-,,-,,-,,-,,-,,-,,-,,-,,-,,-,,-,,-,,-,
369,L,2.147992740977894,I,1.1555960178375244,L,5.143770694732666,L,1.8394497632980347,F,1.4481288194656372,-,,F,2.1061742305755615,L,1.5947786569595337,L,1.6486105918884277,G,2.6962802410125732,G,2.832639217376709,F,1.4377927780151367,-,,F,1.4327260255813599,-,,-,,G,2.9235424995422363,L,1.5697505474090576,L,1.5123536586761475,F,1.9664788246154785,L,1.5153100490570068,H,1.3707356452941895,L,1.392209529876709,F,1.3778886795043945,F,2.0046300888061523,L,2.3888814449310303,L,2.3760552406311035,L,2.5687649250030518,L,1.857080101966858,L,3.340160608291626,L,1.2918198108673096,G,3.0758299827575684,F,1.568434238433838,L,3.2936172485351562,L,2.6640167236328125,L,3.460848331451416,V,2.4191322326660156,L,1.610273003578186
370,V,1.914667780334885,A,1.2104474306106567,A,2.2626233100891113,D,1.6390594244003296,S,2.228057622909546,F,1.9507795572280884,A,1.209155559539795,A,1.466121792793274,A,2.2760257720947266,S,2.3954224586486816,S,2.390200138092041,S,2.1750338077545166,F,1.96126127243042,S,2.229520559310913,F,1.9528361558914185,F,1.9885718822479248,S,2.3866753578186035,A,3.0512607097625732,V,1.5379098653793335,A,1.1628962755203247,V,1.5393694639205933,S,1.8664318323135376,A,2.612095832824707,A,1.498011589050293,A,1.1661438941955566,T,2.5387837886810303,T,2.5274529457092285,G,1.3248651027679443,V,2.3895108699798584,A,1.854515552520752,A,2.0803682804107666,F,1.9409868717193604,S,1.99368417263031,A,1.1770520210266113,A,1.1167963743209839,A,1.1819074153900146,V,1.8772286176681519,P,2.6836442947387695
371,E,1.9230592034079812,E,1.5177525281906128,E,1.4005334377288818,-,,-,,H,1.1678001880645752,N,1.7747615575790405,E,1.0318516492843628,E,1.258232593536377,P,2.8471484184265137,P,2.8581981658935547,-,,H,1.1719107627868652,Q,1.5684986114501953,P,1.1663198471069336,H,1.1801555156707764,P,3.4592816829681396,E,2.135962963104248,N,1.4548717737197876,N,1.9447343349456787,N,1.4809081554412842,N,2.048546552658081,E,1.8443537950515747,R,1.427659511566162,N,1.8241328001022339,N,3.9643032550811768,N,3.9650464057922363,E,3.391385316848755,E,1.4057540893554688,E,1.9883549213409424,E,3.415046215057373,P,1.5652321577072144,-,,E,1.3668487071990967,E,1.4438958168029785,E,1.3673194646835327,E,1.2605406045913696,Q,1.763611912727356
372,N,2.025814129246606,K,3.131169080734253,N,1.392228364944458,K,1.604522705078125,Q,1.5683326721191406,H,1.2716927528381348,K,1.7217121124267578,K,3.0734946727752686,K,1.6001545190811157,D,1.6333657503128052,D,1.6274980306625366,Q,1.53157639503479,H,1.274653673171997,-,,H,1.2716556787490845,H,1.275883674621582,Q,2.001995325088501,K,1.706655502319336,T,1.6059561967849731,K,1.5704454183578491,T,1.6702450513839722,K,1.2801189422607422,N,2.5550808906555176,R,1.349642276763916,K,1.5872329473495483,Q,3.541605234146118,Q,3.5420849323272705,K,1.8309130668640137,N,2.6158878803253174,K,1.6502876281738281,K,1.478365421295166,Q,1.0927071571350098,Q,2.251901626586914,K,3.833536148071289,K,3.8186957836151123,K,3.815993070602417,K,2.1957409381866455,K,1.9562771320343018
373,L,2.051125326672116,L,1.695313811302185,L,2.640730381011963,L,1.9862937927246094,L,2.1787497997283936,I,1.556485652923584,Y,2.7065622806549072,L,4.262012004852295,L,4.043005466461182,L,1.9934172630310059,L,1.9314663410186768,L,2.189976692199707,I,1.5572054386138916,L,2.1728615760803223,I,1.5543220043182373,I,1.5557781457901,M,1.670447587966919,L,1.6089810132980347,L,1.7386425733566284,Y,2.9103035926818848,L,1.7941973209381104,Y,1.456098198890686,L,1.705626130104065,M,2.6421127319335938,Y,3.232342481613159,L,2.4730563163757324,L,2.4734902381896973,L,1.4424952268600464,L,1.313053846359253,L,2.5296244621276855,L,2.1664133071899414,L,1.1913577318191528,M,1.6574538946151733,L,1.437703013420105,L,1.4703004360198975,L,1.4376623630523682,L,1.1191072463989258,L,2.396986722946167
374,S,1.7375295065544747,T,2.2095351219177246,P,1.3463654518127441,S,2.3152220249176025,T,1.2401961088180542,T,1.9307500123977661,P,1.649047613143921,P,1.4714618921279907,P,1.5339982509613037,T,1.2568351030349731,T,1.248995065689087,N,1.2440598011016846,T,1.9384807348251343,T,1.2523925304412842,T,1.9381043910980225,T,1.9489154815673828,T,0.9983007907867432,P,1.1632760763168335,P,1.4504791498184204,P,1.6320621967315674,P,1.4607716798782349,P,1.4875550270080566,P,1.7417067289352417,P,1.530885934829712,P,1.4037045240402222,P,2.1014280319213867,P,2.1015071868896484,N,1.9638868570327759,S,1.347623586654663,P,1.1969997882843018,P,1.600510835647583,S,1.713860034942627,N,2.756082773208618,P,2.4241719245910645,P,2.4173569679260254,P,2.429075241088867,P,1.9341354370117188,P,2.908851385116577
375,F,2.277857071644551,F,3.7955312728881836,F,1.818090796470642,F,2.256784200668335,F,2.003758192062378,F,1.5855066776275635,Y,4.415009498596191,F,2.3821403980255127,F,2.77795672416687,F,1.4485855102539062,F,1.4408897161483765,F,1.9944723844528198,F,1.5906147956848145,F,1.9931371212005615,F,1.581305980682373,F,1.5929549932479858,F,1.063392162322998,F,2.0400655269622803,Y,1.8662636280059814,Y,4.370924472808838,Y,1.8441369533538818,Y,5.000187873840332,F,3.6069345474243164,F,1.769181251525879,Y,4.285953044891357,F,0.5676306486129761,F,0.5676306486129761,F,2.7458348274230957,F,2.317572832107544,F,1.5856982469558716,F,2.638319969177246,F,2.058180332183838,F,1.8927425146102905,F,2.3033106327056885,F,2.6300160884857178,F,2.2903013229370117,F,2.525373935699463,F,1.634321928024292
376,A,1.9682407765775114,I,1.456884741783142,A,1.8365751504898071,V,2.043280839920044,V,1.4171559810638428,S,2.6604464054107666,A,1.3946183919906616,L,1.4814059734344482,V,2.3905129432678223,I,1.533927083015442,I,1.550241231918335,V,1.421346664428711,S,2.703958511352539,V,1.4223692417144775,S,2.6945061683654785,S,2.647008180618286,C,1.4111438989639282,A,2.933642864227295,A,1.9507639408111572,A,1.367472767829895,A,1.9404354095458984,A,1.2248289585113525,A,1.5439002513885498,A,1.8558988571166992,A,1.2447538375854492,V,2.112544059753418,V,2.1126084327697754,A,1.463820457458496,A,5.56449556350708,V,4.194380283355713,V,1.159104824066162,T,2.583718776702881,V,1.2688124179840088,A,1.5822311639785767,A,1.559692621231079,A,1.5739877223968506,A,1.7083475589752197,F,1.8140865564346313
377,R,2.4056924549308984,R,2.2215235233306885,R,1.322359323501587,R,1.4366179704666138,R,4.499431610107422,R,1.8288062810897827,R,1.644878625869751,R,1.185377597808838,R,3.012387990951538,R,1.8900142908096313,R,1.8974119424819946,R,4.514903545379639,R,1.8189915418624878,R,4.493069171905518,R,1.824686050415039,R,1.8067827224731445,R,2.547053098678589,R,1.4402512311935425,R,2.0786545276641846,R,1.5006417036056519,R,1.8058754205703735,R,3.990208387374878,R,2.019549608230591,R,1.7092914581298828,R,1.7389650344848633,R,3.6159603595733643,R,3.6160542964935303,R,2.5889737606048584,R,1.4484899044036865,R,1.6126892566680908,R,1.6077502965927124,R,3.9430432319641113,R,4.1048903465271,R,2.088068962097168,R,2.060011148452759,R,2.0872457027435303,R,4.547669887542725,R,1.4620410203933716
378,D,1.9163395810771633,D,1.238972544670105,D,2.091460704803467,N,2.2675859928131104,H,1.9197399616241455,H,1.8658745288848877,D,1.5982364416122437,D,4.087327480316162,D,1.6809461116790771,H,1.3712561130523682,H,1.3797872066497803,H,1.8125172853469849,H,1.8570504188537598,H,1.8462066650390625,H,1.86978018283844,H,1.8604789972305298,H,1.5721633434295654,D,1.9657011032104492,D,1.474454641342163,D,1.6534980535507202,D,1.458066463470459,D,1.5884199142456055,D,1.4235258102416992,D,1.837077021598816,D,1.7083418369293213,D,1.7639410495758057,D,1.7640247344970703,D,1.4030981063842773,D,1.8608167171478271,D,2.4823901653289795,D,3.6732265949249268,H,1.9046809673309326,H,1.5616569519042969,D,2.086669683456421,D,2.0476410388946533,D,2.0864250659942627,D,2.23132586479187,D,2.610198736190796
379,R,2.107255784240929,R,2.920555830001831,R,2.6658215522766113,T,1.7015190124511719,R,1.2735717296600342,L,2.4675164222717285,R,1.5516499280929565,R,2.2081234455108643,R,2.319369316101074,R,2.9487242698669434,R,2.980823516845703,R,1.4052835702896118,L,2.429487705230713,R,1.2204718589782715,L,2.4668569564819336,L,2.415766716003418,R,2.9729273319244385,R,2.1423678398132324,R,2.8421549797058105,R,1.7608977556228638,R,3.375896692276001,K,1.6041827201843262,R,1.6457178592681885,R,1.9502464532852173,R,1.6427388191223145,R,1.884594440460205,R,1.884594440460205,R,2.340853452682495,R,1.433406114578247,R,2.7341465950012207,R,1.434535026550293,I,1.917832612991333,R,1.3589589595794678,R,1.8749959468841553,R,1.8691141605377197,R,1.8760305643081665,R,3.1872973442077637,R,1.259432077407837
380,P,1.7693247054074261,I,1.2083804607391357,L,1.6158626079559326,L,1.7656999826431274,H,2.0124008655548096,H,1.6598997116088867,L,1.3027253150939941,I,1.3928940296173096,I,1.8158217668533325,Q,1.7060267925262451,Q,1.7212929725646973,H,1.6330842971801758,H,1.6734293699264526,H,1.933465838432312,H,1.6273984909057617,H,1.6547760963439941,H,1.883131980895996,I,1.362982153892517,L,2.2397727966308594,L,1.5538233518600464,L,2.240546226501465,L,1.3110904693603516,L,2.292994260787964,I,1.4491877555847168,L,1.38435697555542,I,3.576439142227173,I,3.576585531234741,V,1.536230444908142,P,1.3547691106796265,I,1.7885245084762573,V,2.9113001823425293,H,2.2974462509155273,H,1.0718131065368652,I,1.147196650505066,I,1.147076964378357,I,1.147878646850586,L,1.384300947189331,L,2.0844080448150635
381,V,2.162217211078953,V,1.8467079401016235,V,2.0471973419189453,M,2.3898720741271973,V,1.4393095970153809,V,2.6134326457977295,V,3.8135812282562256,V,0.9023725986480713,V,1.242792010307312,V,1.767193078994751,V,1.775240421295166,V,1.7635170221328735,V,2.4894254207611084,V,1.613258957862854,V,2.5921695232391357,V,2.4648311138153076,V,3.765810012817383,V,1.817596673965454,V,2.5174307823181152,V,3.883578062057495,V,2.2073748111724854,V,1.8910542726516724,V,1.5154763460159302,V,2.755248785018921,V,4.002586841583252,V,1.8322246074676514,V,1.8322163820266724,V,1.7462066411972046,V,2.159956693649292,V,1.6613414287567139,V,2.4819533824920654,V,1.8553043603897095,V,1.4348124265670776,V,2.1240310668945312,V,2.0976192951202393,V,2.115445852279663,T,2.2968082427978516,T,1.2470588684082031
382,E,1.9033635049252897,E,2.1421058177948,E,1.7013036012649536,Q,1.6469669342041016,E,1.7368558645248413,E,2.107290744781494,E,1.1744780540466309,E,2.342566967010498,E,2.0875048637390137,E,2.4451730251312256,E,2.4220244884490967,E,1.7181975841522217,E,2.0026051998138428,E,1.6660926342010498,E,2.088169813156128,E,1.9775002002716064,E,2.4131312370300293,E,2.635638475418091,E,1.6404988765716553,E,1.007867455482483,E,1.6460862159729004,E,1.3395298719406128,E,2.3498809337615967,E,1.4727120399475098,E,1.252623438835144,E,1.9333915710449219,E,1.9333915710449219,E,1.138007640838623,E,1.4391525983810425,E,2.126133680343628,E,1.4191874265670776,E,1.9660354852676392,E,2.1565539836883545,E,2.546431541442871,E,2.5475728511810303,E,2.5393733978271484,E,1.1671142578125,E,2.4952993392944336
383,N,2.054970154891143,N,1.1783231496810913,N,2.905172109603882,N,1.1436761617660522,Y,1.9755197763442993,Y,1.8337149620056152,C,2.5306828022003174,A,1.188597321510315,C,1.280173420906067,F,1.6857730150222778,F,1.7051355838775635,Y,1.985627293586731,Y,1.801963210105896,Y,1.8175581693649292,Y,1.824615716934204,Y,1.8034043312072754,Y,1.6960784196853638,A,1.8517347574234009,C,3.8245890140533447,C,2.9516794681549072,C,3.8968400955200195,C,3.692119836807251,N,2.3197805881500244,L,2.6981515884399414,C,2.9251105785369873,N,3.188001871109009,N,3.188001871109009,N,0.9575963020324707,N,1.1888258457183838,C,1.7416678667068481,S,1.6379549503326416,Y,1.7579429149627686,Y,2.3696017265319824,S,1.1960045099258423,S,1.1980046033859253,S,1.191573143005371,N,1.8534116744995117,N,2.0492870807647705
384,F,1.6751892921086904,F,2.614396810531616,F,1.6720309257507324,F,0.9735555648803711,Y,1.2282332181930542,Y,1.1784520149230957,Y,1.8091070652008057,Y,1.5487884283065796,Y,1.3846319913864136,Y,2.244717597961426,Y,2.252636432647705,Y,1.2518022060394287,Y,1.1649010181427002,Y,1.2854853868484497,Y,1.2706589698791504,Y,1.2522501945495605,Y,2.233198642730713,F,1.9899218082427979,Y,1.3277665376663208,Y,1.7760260105133057,Y,1.3336430788040161,Y,1.313455581665039,F,1.3664016723632812,F,1.8375120162963867,Y,2.1222641468048096,Y,2.225532293319702,Y,2.2260704040527344,F,1.2980009317398071,F,2.2669517993927,Y,1.1558493375778198,Y,2.2335939407348633,Y,1.338993787765503,Y,1.4800052642822266,Y,1.286232590675354,Y,1.288011908531189,Y,1.280873417854309,Y,1.7164545059204102,Y,3.753596305847168
385,F,2.258821828945263,F,1.5917959213256836,F,2.1650898456573486,M,3.305150270462036,T,2.603729009628296,T,3.9122326374053955,F,1.3976330757141113,F,1.9684852361679077,F,2.550309181213379,T,1.9796693325042725,T,2.039109468460083,T,2.5671122074127197,T,4.225831031799316,T,2.600980758666992,T,3.793018102645874,T,4.208537578582764,T,1.2548850774765015,Q,1.9293882846832275,F,1.3556731939315796,F,1.3166598081588745,F,1.3661597967147827,F,3.0116965770721436,F,2.5994975566864014,F,2.5107309818267822,F,1.2911412715911865,F,1.1870743036270142,F,1.1870743036270142,F,2.45155668258667,F,2.542482614517212,F,2.2604410648345947,F,1.6456212997436523,T,1.3534367084503174,T,2.4612619876861572,F,1.9314043521881104,F,1.9385548830032349,F,1.9222525358200073,L,3.335319757461548,L,1.8154109716415405
386,W,1.9442559029604938,W,4.270753383636475,W,1.1580183506011963,W,1.3280936479568481,L,2.2709813117980957,L,2.0120131969451904,W,2.0580496788024902,W,1.9157168865203857,W,1.9809459447860718,L,1.2947962284088135,L,1.2795984745025635,L,2.197572708129883,L,1.9527013301849365,L,2.229689359664917,L,1.9752037525177002,L,1.9337974786758423,L,1.7451125383377075,W,1.5042659044265747,W,1.8308320045471191,W,1.735311508178711,W,1.8241338729858398,W,1.824392557144165,W,1.6931637525558472,W,2.4023773670196533,W,1.6453814506530762,W,2.0706851482391357,W,2.0706851482391357,W,1.5238823890686035,W,1.1489771604537964,W,2.7581121921539307,W,1.154135823249817,F,2.24923038482666,L,2.4558262825012207,W,1.9216171503067017,W,1.9041227102279663,W,1.983663558959961,W,2.8768310546875,W,1.7567967176437378
387,T,2.1889537717844987,A,2.336974859237671,T,0.9798912405967712,G,4.8919548988342285,A,2.302366018295288,A,1.190807580947876,I,4.33046817779541,G,1.8896691799163818,A,1.927777647972107,V,1.309747576713562,V,1.321616768836975,A,2.3722689151763916,A,1.4516375064849854,A,2.2709288597106934,A,1.4750508069992065,A,1.4555041790008545,A,1.1222999095916748,I,1.2194116115570068,C,1.6234217882156372,I,4.263787746429443,C,1.6679983139038086,A,1.08180570602417,T,2.5499138832092285,I,1.9679585695266724,I,4.62554407119751,T,1.8990707397460938,T,1.8990178108215332,T,1.3372563123703003,T,1.5814990997314453,A,1.1727068424224854,G,2.182250738143921,A,2.300126314163208,A,2.2784297466278076,A,3.2511003017425537,A,3.2521867752075195,A,3.2484371662139893,T,3.122448444366455,A,1.8379534482955933
388,V,2.1779355244203047,I,1.34097421169281,I,1.8944857120513916,C,1.7231565713882446,S,3.099548101425171,-,,L,1.9077610969543457,V,1.9648898839950562,L,2.8826487064361572,S,3.876708984375,S,3.8838672637939453,S,3.210259199142456,-,,S,3.138794422149658,-,,-,,S,1.8494679927825928,T,2.229715347290039,L,1.7432878017425537,L,1.8066624402999878,L,1.6372233629226685,I,3.5641164779663086,I,1.7915977239608765,A,2.224074602127075,L,1.9560635089874268,V,1.2822433710098267,V,1.2822433710098267,V,3.687204122543335,V,1.62394380569458,L,3.060304641723633,V,2.6030890941619873,S,1.147430658340454,S,2.1877005100250244,M,1.2212789058685303,M,1.2248613834381104,M,1.2159520387649536,V,1.917819857597351,V,1.6924971342086792
389,G,2.017945898430688,G,1.8783111572265625,G,2.783177614212036,A,1.859342336654663,-,,S,1.5970171689987183,G,0.9663925170898438,A,1.647334098815918,G,1.3504374027252197,-,,-,,-,,S,1.529974102973938,C,1.7464725971221924,S,1.530217170715332,S,1.5364903211593628,-,,G,3.7517099380493164,G,3.4066081047058105,G,0.9359172582626343,G,3.782045602798462,G,4.039644241333008,G,1.2179388999938965,G,3.5323081016540527,G,0.8947491645812988,G,2.135817289352417,G,2.135817289352417,G,1.6277508735656738,G,1.8685311079025269,G,1.8182549476623535,G,1.0695898532867432,-,,-,,G,1.9141206741333008,G,2.030275344848633,G,1.9162399768829346,-,,-,
390,-,2.012747202600752,A,2.484854221343994,V,2.074021816253662,M,3.6994752883911133,C,1.7562603950500488,C,1.6718740463256836,-,,L,2.185922145843506,L,1.6728544235229492,G,2.069371223449707,G,1.7352879047393799,C,1.68935227394104,C,1.628503441810608,I,0.9984657764434814,C,1.6296828985214233,C,1.6166783571243286,C,2.0207629203796387,M,2.7491614818573,-,,-,,-,,-,,V,2.6439332962036133,-,,-,,L,1.9520580768585205,L,1.952211856842041,-,,-,,L,1.8296880722045898,L,2.730012893676758,C,1.2760705947875977,C,1.854119896888733,T,2.0798919200897217,T,2.1407783031463623,T,2.089409351348877,G,1.7862043380737305,V,2.3400144577026367
391,L,1.7369620644527932,-,,-,,-,,I,0.9955905675888062,I,2.0668904781341553,V,1.639599323272705,-,,-,,I,1.3604035377502441,I,1.4476673603057861,I,0.9426883459091187,I,1.9855411052703857,-,,I,2.017200231552124,I,1.9844026565551758,I,1.001015543937683,I,2.6346805095672607,T,0.9980872869491577,V,1.4553284645080566,T,1.0074328184127808,V,2.0184638500213623,-,,I,1.1395108699798584,V,1.5605103969573975,-,,-,,D,3.2338669300079346,L,4.009542942047119,-,,-,,V,1.8090242147445679,F,0.9662033319473267,-,,-,,-,,W,1.6039540767669678,F,2.0725226402282715
392,I,2.0698329081406466,V,2.018587827682495,N,2.411956310272217,V,1.4018828868865967,D,2.7798962593078613,A,1.889944076538086,Y,1.0539186000823975,F,3.352328300476074,F,1.9987773895263672,D,1.1758182048797607,D,1.2410095930099487,D,2.6184651851654053,A,1.8414711952209473,D,2.730293035507202,A,1.8540422916412354,A,1.8425637483596802,A,1.8742130994796753,F,3.637153148651123,Y,2.4172556400299072,Y,1.0796911716461182,Y,2.5327231884002686,Y,0.8283865451812744,N,1.8045282363891602,Y,2.096494436264038,Y,1.1365517377853394,I,4.092395782470703,I,4.09247350692749,I,1.5629576444625854,I,1.415116786956787,F,2.607806921005249,F,1.7665106058120728,A,1.716028094291687,A,3.5309503078460693,F,1.462477445602417,F,1.499803900718689,F,1.4782367944717407,A,1.8448556661605835,A,1.8962520360946655
393,-,,-,,-,,-,,-,,-,,-,,-,,-,,-,,-,,-,,-,,-,,-,,-,,-,,-,,-,,-,,-,,-,,-,,-,,-,,-,,-,,-,,-,,-,,-,,-,,-,,-,,-,,-,,-,,-,
394,F,2.0907843274039193,F,1.7295286655426025,F,3.9084722995758057,F,1.5642670392990112,I,1.4018479585647583,I,2.406493902206421,F,2.031010389328003,E,1.3987109661102295,E,1.8712773323059082,M,2.018928050994873,M,1.8344053030014038,I,1.7386525869369507,F,2.423095703125,I,1.4690524339675903,F,2.39452862739563,I,2.4452342987060547,F,1.936086893081665,E,2.2117919921875,F,1.727083444595337,F,2.705339193344116,F,1.8248202800750732,F,1.7270617485046387,F,1.9346592426300049,F,1.5864261388778687,F,2.685702085494995,Y,2.0702202320098877,Y,2.0702202320098877,F,2.688250780105591,F,2.2946155071258545,E,1.3149771690368652,E,2.0648322105407715,T,2.1544032096862793,I,1.5604221820831299,E,2.7489211559295654,E,2.7944490909576416,E,2.774308681488037,F,2.1415505409240723,F,1.7073725461959839
395,Q,1.8415739922910124,E,1.076390027999878,L,1.5042076110839844,E,1.2661505937576294,D,1.2632108926773071,E,2.649609327316284,E,2.1717936992645264,L,1.2082270383834839,P,1.3022125959396362,E,1.9165657758712769,E,1.9953011274337769,D,1.3099592924118042,E,2.6367905139923096,D,1.2983424663543701,E,2.6375579833984375,E,2.6406965255737305,E,1.8662598133087158,S,2.0944876670837402,E,1.1460049152374268,E,2.5413296222686768,E,1.131156325340271,G,1.4841989278793335,L,4.305467128753662,E,1.3525022268295288,E,2.281902551651001,E,1.6574660539627075,E,1.6574660539627075,E,1.1675441265106201,Q,1.844959020614624,P,1.620532512664795,G,3.3219587802886963,D,2.5305862426757812,D,1.2930271625518799,P,1.65233314037323,P,1.243055820465088,P,1.4984147548675537,E,1.1443873643875122,E,2.4261820316314697
396,P,1.8935448124602035,P,1.796470284461975,P,3.1441450119018555,P,1.5976734161376953,P,1.1446948051452637,P,1.9155482053756714,P,1.342451810836792,L,2.2603440284729004,H,1.2850090265274048,P,2.143266201019287,P,2.2260115146636963,P,1.1205264329910278,P,1.8766658306121826,P,1.1663784980773926,P,1.8943910598754883,P,1.8946363925933838,P,2.326591968536377,Q,1.875050663948059,P,2.4908223152160645,P,1.6668388843536377,P,2.454146385192871,P,1.142212986946106,P,1.1541293859481812,P,2.285506248474121,P,1.998928189277649,P,1.5926393270492554,P,1.5926393270492554,P,1.367856502532959,P,1.6911389827728271,H,2.1223907470703125,H,1.3666491508483887,P,2.8415985107421875,P,1.328603982925415,H,2.421022415161133,H,2.5167696475982666,H,2.4428868293762207,P,1.8073362112045288,P,2.7671868801116943
397,Q,2.033519474235741,Q,1.6582523584365845,Q,1.1948611736297607,Q,1.638973355293274,K,1.9241819381713867,Q,1.6185109615325928,K,1.4443156719207764,E,1.4322819709777832,E,1.7646446228027344,K,2.5093131065368652,K,2.5457355976104736,K,1.9435398578643799,Q,1.6376025676727295,K,1.9290481805801392,Q,1.6280732154846191,Q,1.6214892864227295,Q,2.587141990661621,E,2.7084105014801025,Q,3.369253396987915,K,1.5485814809799194,Q,3.468466281890869,Q,2.499821424484253,Q,3.364100217819214,E,4.734331130981445,K,1.6117994785308838,Q,1.1259198188781738,Q,1.1259198188781738,Q,2.04266095161438,Q,1.203389286994934,E,2.1426334381103516,E,2.0354087352752686,K,1.6613894701004028,Q,1.902918815612793,Q,1.7413196563720703,Q,1.788752555847168,Q,1.755782127380371,E,1.8341734409332275,D,2.497222661972046
398,F,2.3620383288409257,Y,1.6541311740875244,Y,2.378631830215454,Y,1.7351489067077637,H,7.088962078094482,H,1.7120274305343628,Y,1.0988510847091675,F,2.44771146774292,Y,1.6486321687698364,R,2.7477333545684814,R,2.7679800987243652,H,6.387755870819092,H,1.6109840869903564,H,6.507290840148926,H,1.7168805599212646,H,1.6049103736877441,H,2.730883836746216,N,1.1089533567428589,Y,2.2402820587158203,Y,1.090220332145691,Y,2.239037036895752,Y,2.045116424560547,Y,1.8363521099090576,Y,1.6081308126449585,Y,1.0017608404159546,F,1.9264580011367798,F,1.9275745153427124,F,1.253035545349121,F,1.5667623281478882,Y,1.3327229022979736,F,2.047927141189575,Q,2.4297263622283936,H,7.204697608947754,Y,1.173255443572998,Y,1.2084617614746094,Y,1.1886568069458008,H,2.8573577404022217,S,2.270413875579834
399,G,1.881159993442329,G,4.05771541595459,G,1.1173810958862305,G,1.5521875619888306,S,1.3676680326461792,S,1.5636379718780518,S,2.757880687713623,G,2.4903910160064697,G,1.530379295349121,S,1.6359935998916626,S,1.6479331254959106,S,1.6789885759353638,S,1.5923908948898315,S,1.4463340044021606,S,1.5676058530807495,S,1.5934480428695679,S,1.7157424688339233,E,2.464616298675537,S,0.811257004737854,S,2.806002378463745,S,0.8139578700065613,K,1.7032064199447632,G,1.700955867767334,V,1.00022554397583,S,2.7728021144866943,G,2.6006059646606445,G,2.5988383293151855,G,1.622419834136963,G,2.2359120845794678,G,1.2555551528930664,G,1.5665663480758667,S,2.973670482635498,S,1.3545738458633423,G,2.321326971054077,G,2.3929619789123535,G,2.373619794845581,W,1.6586079597473145,W,1.2595598697662354
400,Y,1.9600112663732994,S,1.313454508781433,Y,1.4321823120117188,K,3.131507635116577,A,2.399843215942383,R,2.114917516708374,R,1.282013177871704,Y,1.645552396774292,Y,2.3881568908691406,T,2.630742073059082,T,2.5940964221954346,A,2.417787790298462,R,2.1361372470855713,A,2.668531894683838,R,2.1005465984344482,R,2.1718029975891113,G,2.212186813354492,F,2.4364521503448486,V,1.9038447141647339,R,1.283422827720642,V,1.9001034498214722,R,1.1162019968032837,Y,1.3403757810592651,F,1.6225603818893433,R,1.3089511394500732,Y,1.2623881101608276,Y,1.2267913818359375,Y,1.58781898021698,Y,1.718704342842102,Y,1.6465721130371094,Y,1.3245959281921387,A,1.6806873083114624,A,1.9881272315979004,Y,1.895323395729065,Y,1.8896697759628296,Y,1.9639394283294678,S,1.859983205795288,A,4.92444372177124
401,C,2.0971199145188204,C,2.054884910583496,F,2.0096495151519775,V,2.339817523956299,F,2.7148241996765137,F,1.778475284576416,A,2.2339351177215576,Q,4.519134521484375,Q,2.2710254192352295,F,2.077603578567505,F,2.0669994354248047,F,2.8511977195739746,F,1.811915397644043,F,2.8418290615081787,F,1.769545316696167,F,1.7903718948364258,F,1.907344102859497,C,1.3452768325805664,A,1.4248253107070923,A,2.144447088241577,A,1.4370648860931396,A,1.7587774991989136,F,7.0174407958984375,G,1.2520499229431152,A,2.2757787704467773,I,1.3010047674179077,I,1.2455142736434937,C,4.306660175323486,C,1.9820314645767212,Q,1.7601182460784912,Q,1.2707406282424927,F,1.1353007555007935,F,2.68023943901062,Q,1.297774076461792,Q,1.2953826189041138,Q,1.3128639459609985,F,1.357971429824829,F,0.9536209106445312
402,R,2.063694841152913,R,2.5524213314056396,R,5.69352912902832,R,1.7698041200637817,R,1.9097932577133179,R,1.7494351863861084,R,1.6767102479934692,R,1.71499764919281,R,1.4741950035095215,R,1.6518528461456299,R,1.6448125839233398,R,1.9281713962554932,R,1.6805706024169922,R,1.9109498262405396,R,1.8234786987304688,R,1.5890462398529053,R,1.453043818473816,R,1.5854965448379517,R,3.1049442291259766,R,1.8970533609390259,R,3.0991811752319336,R,2.6447160243988037,R,1.4001076221466064,R,2.007620096206665,R,1.896239161491394,R,1.5299301147460938,R,1.4776087999343872,R,1.926804542541504,R,2.8069045543670654,R,1.5463001728057861,R,2.755774974822998,R,3.5233089923858643,R,1.9587265253067017,R,1.776106357574463,R,1.7843194007873535,R,1.7917293310165405,R,1.6245672702789307,R,1.9964579343795776
403,R,1.875771076292605,R,2.2124383449554443,R,1.3279099464416504,D,1.6673812866210938,L,1.5944527387619019,L,1.2943975925445557,K,1.1169543266296387,K,1.7826523780822754,K,1.567585825920105,I,1.097264289855957,I,1.0897655487060547,L,1.554917335510254,L,1.3385288715362549,L,1.7150397300720215,L,1.3433189392089844,L,1.4083880186080933,L,1.8352211713790894,I,2.3071279525756836,K,2.6289541721343994,K,1.1029187440872192,K,2.6386919021606445,R,1.3460878133773804,R,0.9171817898750305,H,3.5216636657714844,K,1.1194524765014648,R,1.812695860862732,R,1.7784136533737183,R,1.5811736583709717,R,2.0368471145629883,K,2.3570287227630615,K,1.5013798475265503,L,2.0311503410339355,V,1.9777820110321045,E,2.7545738220214844,E,2.8511343002319336,E,2.468621015548706,D,3.644115447998047,E,3.0803191661834717
404,M,2.0933702475315816,M,1.1222786903381348,I,2.608807325363159,A,1.1586508750915527,G,1.1473873853683472,G,1.1728020906448364,M,1.7726185321807861,I,1.593904972076416,M,2.294240713119507,N,3.527639865875244,N,3.9615721702575684,G,1.205571174621582,G,1.0447005033493042,G,1.2123963832855225,G,1.0668047666549683,G,1.1441864967346191,G,3.259190797805786,M,2.438076972961426,M,4.841339588165283,M,1.8259797096252441,M,4.785091400146484,T,1.8810973167419434,I,2.392937660217285,I,1.3181973695755005,M,1.8672394752502441,I,3.409991502761841,I,4.224772930145264,M,2.3699629306793213,M,1.3962957859039307,M,2.317105293273926,L,1.5965086221694946,G,1.6368247270584106,S,1.3774770498275757,L,2.03778076171875,L,2.034977674484253,L,2.0799503326416016,A,1.3004833459854126,M,1.0298559665679932
405,F,2.0262161348317123,L,1.3843592405319214,E,1.3035938739776611,A,1.340134859085083,F,3.1482160091400146,F,1.9708926677703857,M,1.5315874814987183,T,1.2203868627548218,A,1.3292524814605713,F,1.8822851181030273,F,1.839975118637085,F,3.1221370697021484,F,1.9817149639129639,F,3.1070706844329834,F,1.9666473865509033,F,1.9464385509490967,F,1.7465578317642212,L,1.7878445386886597,L,1.356479287147522,M,1.7295479774475098,L,1.3683345317840576,L,1.4504865407943726,E,3.0674965381622314,L,1.821747064590454,M,1.5248291492462158,M,1.3694298267364502,M,1.3093398809432983,S,1.1394753456115723,F,1.7383348941802979,A,1.4744075536727905,T,2.284691333770752,F,1.2838761806488037,F,4.682163715362549,V,3.720496416091919,V,3.7137773036956787,V,3.8144006729125977,Q,2.7945194244384766,D,0.717068612575531
406,T,2.4916276641794153,T,2.176891803741455,T,1.5588310956954956,V,1.0356136560440063,A,3.6180853843688965,A,3.999598503112793,T,2.6534907817840576,A,4.218355655670166,A,4.631210803985596,V,1.6130070686340332,V,1.5481547117233276,A,3.729872703552246,A,4.156161308288574,A,3.7124462127685547,A,4.141651153564453,A,3.9145147800445557,A,1.9101706743240356,T,1.8712671995162964,T,1.386674404144287,T,3.255549907684326,T,1.370162010192871,T,1.9367377758026123,T,2.1810293197631836,T,1.0909525156021118,T,2.8062539100646973,T,2.2320926189422607,T,2.197408437728882,A,2.3225648403167725,T,2.910414934158325,A,1.5570379495620728,A,1.9461591243743896,A,2.167687177658081,A,2.9247546195983887,S,1.2947769165039062,S,1.2719063758850098,S,1.3038017749786377,T,2.9342713356018066,T,2.610664129257202
407,K,2.062139675423906,K,2.1906826496124268,K,2.254387378692627,K,1.311220645904541,K,2.455641984939575,K,1.3268102407455444,K,1.8881306648254395,I,2.36855149269104,I,1.2819104194641113,K,1.4188181161880493,K,1.2983583211898804,K,2.325857639312744,K,1.336740255355835,K,2.3756253719329834,K,1.3177392482757568,K,1.4655027389526367,K,1.31641685962677,K,1.8720452785491943,K,2.986447334289551,K,1.557534098625183,K,2.8792998790740967,K,1.7652949094772339,K,2.320765256881714,K,2.5733284950256348,K,1.7260310649871826,I,2.516312837600708,I,2.4727940559387207,M,2.0564658641815186,K,1.3469278812408447,I,2.1688270568847656,A,1.3428747653961182,K,5.672853469848633,K,2.8027138710021973,K,2.3100006580352783,K,2.251737594604492,K,2.3202896118164062,K,1.4987467527389526,K,1.925483226776123
408,V,1.8519611390861306,V,1.6884676218032837,V,1.7885651588439941,Q,2.136986255645752,M,2.0143542289733887,A,1.693991780281067,V,2.4927618503570557,I,1.587538242340088,I,1.2054632902145386,I,1.8932421207427979,I,1.743980884552002,M,2.113218069076538,A,1.7438191175460815,M,2.170661449432373,A,1.6864445209503174,A,1.6700661182403564,A,2.1235878467559814,V,2.1909432411193848,I,1.2357090711593628,V,2.9502503871917725,I,1.2493661642074585,L,1.7866361141204834,V,2.403601884841919,L,1.2405678033828735,V,3.177286386489868,V,2.325752019882202,V,2.2548537254333496,V,1.0772294998168945,V,2.483370304107666,I,1.2615517377853394,N,1.4741731882095337,M,1.4438918828964233,M,2.867196798324585,I,1.458216667175293,I,1.4487615823745728,I,1.4608399868011475,G,1.3375556468963623,T,1.6416594982147217
409,F,1.9626754651198517,F,3.3062591552734375,N,1.2560373544692993,A,2.6080985069274902,C,1.1204930543899536,C,2.4969160556793213,I,1.8428388833999634,I,1.3322210311889648,I,2.1088805198669434,C,2.6237287521362305,C,2.8927783966064453,C,1.2957565784454346,C,2.5307297706604004,C,1.2599880695343018,C,2.491969585418701,C,2.556962251663208,C,3.286952495574951,T,2.052476167678833,S,1.4195233583450317,L,1.7080482244491577,S,1.4247627258300781,I,2.4833178520202637,N,1.9034570455551147,I,2.1833815574645996,L,1.775123119354248,N,1.211013913154602,N,1.2085747718811035,N,1.3920010328292847,F,1.461050271987915,I,4.226614475250244,T,2.3849997520446777,S,1.8282054662704468,C,1.208188533782959,I,1.5441759824752808,I,1.5365301370620728,I,1.5444425344467163,N,1.535471796989441,N,1.5770230293273926
410,A,1.8120461186847172,A,2.099682569503784,A,2.4923009872436523,S,3.301445960998535,H,1.651895523071289,H,2.10518741607666,Q,1.9821654558181763,I,2.1270811557769775,T,1.3764818906784058,H,1.3425589799880981,H,1.3354486227035522,H,1.8549644947052002,H,2.0970683097839355,H,2.0575029850006104,H,2.086674690246582,H,2.102433204650879,H,1.234018087387085,A,1.966027855873108,F,1.5758938789367676,K,1.7849153280258179,F,1.5873113870620728,V,2.316699981689453,A,1.5133020877838135,E,1.914838433265686,N,1.5835925340652466,A,1.0798726081848145,A,1.1108561754226685,C,1.583274483680725,A,1.614431619644165,T,1.4691656827926636,L,2.376171588897705,H,2.9046342372894287,H,1.6193392276763916,A,1.1928696632385254,A,1.3064545392990112,A,1.1929234266281128,C,2.271474599838257,C,1.8347467184066772
411,L,2.1669008764060766,L,1.4045970439910889,L,1.5866940021514893,L,2.773489236831665,L,3.458484172821045,V,2.8675968647003174,M,1.925839900970459,L,2.453613519668579,F,1.304722785949707,F,2.5048933029174805,F,2.5160388946533203,L,3.216341018676758,V,2.539156436920166,L,3.4326043128967285,V,2.861401081085205,V,2.8623526096343994,I,1.6991366147994995,M,1.2698578834533691,Y,1.0647512674331665,M,1.8843263387680054,F,1.0663976669311523,I,1.5581690073013306,L,2.905054807662964,I,1.5367809534072876,L,1.8955497741699219,L,2.670980215072632,L,2.740255355834961,L,2.01973557472229,L,3.416780710220337,F,1.2906229496002197,L,3.3572115898132324,F,2.903374671936035,L,1.2886730432510376,L,1.5017247200012207,L,1.4995876550674438,L,1.501231074333191,F,1.2063030004501343,F,2.191002368927002
412,I,1.8225122819075714,I,1.2162220478057861,V,1.1663625240325928,I,2.271737575531006,I,2.355283260345459,I,1.2938405275344849,A,1.6821848154067993,V,1.4340128898620605,V,1.478451132774353,V,3.1201798915863037,V,3.1084959506988525,I,1.531334400177002,I,1.3268173933029175,I,2.209043025970459,I,1.3093637228012085,I,1.3053771257400513,I,2.6719207763671875,A,1.149322271347046,I,2.0974552631378174,T,1.931355357170105,I,2.111475706100464,I,1.5767550468444824,V,1.5474961996078491,T,1.7151392698287964,T,1.6121015548706055,V,2.240316867828369,V,2.2747995853424072,L,3.6802775859832764,I,1.4874963760375977,V,2.3459017276763916,I,1.2392510175704956,V,2.1787548065185547,V,1.732412576675415,T,1.3831539154052734,T,1.3808016777038574,T,1.3830653429031372,V,1.8832640647888184,I,1.0017311573028564
413,T,2.4215980574891374,T,3.1336886882781982,T,2.6484158039093018,A,3.551304578781128,T,1.4962451457977295,T,4.064211845397949,S,1.6518523693084717,T,1.223928451538086,T,1.7787504196166992,T,2.5976064205169678,T,2.340709686279297,T,1.6896038055419922,T,4.434220790863037,T,1.5728272199630737,T,4.416014194488525,T,4.428520202636719,T,3.230374336242676,T,4.498697280883789,S,2.175924777984619,S,1.3050698041915894,S,2.1312897205352783,T,3.27848482131958,T,1.3413357734680176,T,2.106278419494629,S,1.3408665657043457,T,2.1664879322052,T,2.1663222312927246,T,1.3457927703857422,T,1.4910223484039307,T,1.3595789670944214,S,1.7044038772583008,T,1.6287503242492676,T,3.432588815689087,T,2.414405345916748,T,2.403661012649536,T,2.415397882461548,T,2.5334413051605225,T,2.1010541915893555
414,T,2.8790580839724154,M,1.52793288230896,T,1.4647248983383179,M,2.576077461242676,V,1.286374807357788,I,4.8979315757751465,F,4.671282768249512,A,1.8041695356369019,I,1.7860268354415894,I,1.944169282913208,I,1.9623597860336304,V,1.978767991065979,I,4.92307710647583,V,1.5163569450378418,I,4.890310764312744,I,4.920112133026123,I,2.4209201335906982,V,1.7902904748916626,I,2.318584680557251,I,5.2786383628845215,I,2.493483304977417,I,1.7113010883331299,T,1.6905730962753296,V,3.3134801387786865,I,6.341429233551025,T,2.4401047229766846,T,2.454226016998291,S,1.9863115549087524,T,1.752074122428894,I,1.2309483289718628,A,2.979710578918457,V,3.4753549098968506,V,3.2151381969451904,V,4.619284629821777,V,4.531694412231445,V,4.619828701019287,M,1.1725397109985352,M,2.539557933807373
415,I,2.237799389942272,I,1.822500228881836,I,2.0254554748535156,V,5.531975746154785,L,2.5602879524230957,L,2.7778074741363525,F,2.517932415008545,I,2.151604652404785,I,1.5647637844085693,L,2.7596304416656494,L,2.7747209072113037,L,2.9915401935577393,L,2.787527322769165,L,3.3151934146881104,L,2.7696619033813477,L,2.8032126426696777,L,2.060398578643799,I,2.383453845977783,I,2.11328387260437,I,2.264371156692505,I,2.020537853240967,T,1.134246587753296,I,1.7997684478759766,M,2.709561824798584,I,1.8911378383636475,I,1.3306386470794678,I,1.3584429025650024,I,2.95522403717041,I,1.4763239622116089,I,1.6776882410049438,I,1.2199591398239136,L,2.74003267288208,L,2.1054975986480713,V,1.0292977094650269,V,1.0371004343032837,V,1.029991626739502,I,1.272459864616394,I,4.035346031188965
416,D,2.2700870488141036,D,1.4280195236206055,D,3.3171494007110596,D,1.2873228788375854,D,1.8759143352508545,D,2.077740430831909,D,1.8377461433410645,D,1.280556559562683,D,3.247560501098633,D,4.074606895446777,D,4.144014358520508,D,0.8905656337738037,D,2.085780620574951,D,1.7227232456207275,D,2.0755748748779297,D,2.0801901817321777,D,4.295903205871582,D,2.0650634765625,D,3.9175140857696533,D,1.1591627597808838,D,4.187608242034912,D,5.352339744567871,D,1.4672929048538208,D,1.4518557786941528,D,1.0939942598342896,D,1.202642560005188,D,1.2024903297424316,D,1.8736974000930786,D,2.755204439163208,D,1.6727014780044556,D,1.4432756900787354,D,3.60918927192688,D,2.4692516326904297,D,1.7253916263580322,D,1.7958455085754395,D,1.725005030632019,D,2.3345673084259033,D,1.7677584886550903
417,D,1.5805067645536888,D,1.7135612964630127,D,1.4181426763534546,D,1.3936405181884766,D,1.2511190176010132,D,0.8370469808578491,D,0.9477847814559937,D,1.81947922706604,D,1.267662763595581,D,1.860150694847107,D,1.851642370223999,D,1.6665433645248413,D,0.8331301212310791,D,1.3202311992645264,D,0.8342775106430054,D,0.8316825032234192,D,4.626167297363281,D,1.647749423980713,D,1.3263063430786133,D,1.106431007385254,D,1.290055274963379,D,1.9739760160446167,D,1.3613207340240479,D,1.3015766143798828,D,1.090015172958374,D,1.4033825397491455,D,1.403599739074707,D,1.2706416845321655,D,1.7156777381896973,D,1.9487558603286743,D,2.071286201477051,D,2.887197256088257,D,2.1147994995117188,D,1.314691185951233,D,1.3343322277069092,D,1.3151755332946777,D,3.0037927627563477,D,1.1257251501083374
418,V,1.9152362008352537,I,3.433107614517212,V,1.8480644226074219,V,1.22334623336792,I,1.1945489645004272,M,1.3872724771499634,T,1.392501950263977,V,1.8287407159805298,V,2.775282144546509,M,3.5130398273468018,M,3.507966995239258,I,1.3747305870056152,M,1.3855395317077637,I,1.3693255186080933,M,1.3882249593734741,M,1.3797017335891724,M,1.5156813859939575,I,0.923878014087677,T,1.6846979856491089,T,2.073068857192993,T,1.6429997682571411,L,1.7978695631027222,V,1.920014500617981,M,2.2165863513946533,T,2.4193222522735596,I,2.658298969268799,I,2.732062578201294,V,1.8686531782150269,V,1.018418788909912,V,1.545776605606079,V,1.9543417692184448,I,1.3882465362548828,I,1.481852412223816,I,2.5666584968566895,I,2.9802799224853516,I,2.566209316253662,V,1.3127002716064453,V,1.5947282314300537
419,Y,2.252579998325657,Y,1.316562533378601,Y,1.274774193763733,Y,1.5458111763000488,Y,3.8823490142822266,Y,1.239598035812378,F,1.1712300777435303,Y,2.5505666732788086,Y,2.9370832443237305,Y,2.2884538173675537,Y,2.275463581085205,Y,3.1926653385162354,Y,1.2356914281845093,Y,3.5822932720184326,Y,1.2441213130950928,Y,1.240844488143921,Y,1.9611223936080933,Y,1.5019923448562622,Y,2.4813551902770996,F,1.1176371574401855,Y,3.049081802368164,Y,1.4603685140609741,Y,4.900959491729736,Y,2.536318778991699,F,1.208040475845337,Y,2.9670488834381104,Y,2.967367649078369,Y,2.2054052352905273,Y,2.1108641624450684,Y,3.1402015686035156,Y,2.1250298023223877,Y,1.6884266138076782,Y,1.9642126560211182,Y,2.1680493354797363,Y,2.1671409606933594,Y,2.166922092437744,Y,5.220820903778076,Y,1.2595857381820679
420,D,1.8397948323069393,D,1.4274227619171143,D,1.4132392406463623,D,4.4188737869262695,D,1.6877752542495728,D,1.4686435461044312,D,0.9942846894264221,D,1.5819774866104126,D,1.7421740293502808,D,0.9049780368804932,D,0.9007548689842224,D,1.8312044143676758,D,1.4401030540466309,D,1.7581874132156372,D,1.44621741771698,D,1.4491745233535767,D,1.0597585439682007,D,2.1980197429656982,D,1.8704421520233154,D,1.0841575860977173,D,2.0714612007141113,D,2.245530128479004,D,1.3144879341125488,D,1.806230902671814,D,1.0397627353668213,D,2.6535232067108154,D,2.654036283493042,D,2.361788272857666,D,1.4404785633087158,D,1.2757189273834229,D,3.1974053382873535,D,1.3556557893753052,D,1.1321333646774292,D,3.284221649169922,D,2.818722724914551,D,3.285729169845581,D,1.2794772386550903,D,2.178656816482544
421,V,1.6481916533934104,V,1.6881768703460693,V,1.2928955554962158,V,2.081744909286499,T,0.8506152629852295,V,1.3036669492721558,A,1.105272650718689,V,1.182162880897522,V,3.016648054122925,T,1.298041582107544,T,1.3105661869049072,T,1.3971741199493408,V,1.263087272644043,T,0.8963332772254944,V,1.277767539024353,V,1.2729122638702393,T,1.5088285207748413,V,1.842505693435669,I,1.3966790437698364,A,1.146072506904602,I,1.2795655727386475,A,2.342892646789551,V,4.040197372436523,A,1.8632876873016357,A,1.1173044443130493,I,1.3935352563858032,I,1.3841348886489868,V,1.740588903427124,V,2.4319279193878174,V,2.791666269302368,V,1.4809268712997437,T,2.609675645828247,T,1.8841842412948608,V,1.2778185606002808,V,1.2536965608596802,V,1.2781243324279785,V,1.503338098526001,V,2.179074764251709
422,Y,1.9687385446316488,Y,1.6123896837234497,F,1.3085044622421265,Y,2.14680814743042,F,1.6115672588348389,F,1.4008545875549316,Y,1.4950881004333496,Y,1.5871124267578125,Y,1.464297890663147,F,1.2569007873535156,F,1.250535011291504,F,1.6266167163848877,F,1.5828831195831299,F,1.6339759826660156,F,1.5966310501098633,F,1.5955651998519897,F,1.8207411766052246,Y,1.785944938659668,Y,4.716083526611328,Y,1.8974803686141968,Y,4.840121269226074,Y,1.083225131034851,F,1.7086422443389893,F,5.780073165893555,Y,1.7794523239135742,Y,2.336191177368164,Y,2.314091444015503,Y,2.9055674076080322,Y,3.173795700073242,Y,3.2946009635925293,Y,0.8656842708587646,Y,1.8176875114440918,F,0.9642854332923889,Y,1.2489509582519531,Y,1.2253470420837402,Y,1.2485724687576294,Y,1.1732444763183594,Y,1.6938127279281616
423,G,2.368829002251496,G,2.037653923034668,G,1.578042984008789,G,1.8239405155181885,G,1.1547476053237915,G,3.387056827545166,A,2.943603992462158,G,3.2124500274658203,G,1.3064074516296387,G,1.6909804344177246,G,1.694556474685669,G,1.3148897886276245,G,3.329533815383911,G,1.1904046535491943,G,3.331369400024414,G,3.331702947616577,G,1.8289909362792969,G,2.0233311653137207,G,3.9969263076782227,A,3.3481409549713135,G,1.6515177488327026,A,1.1101977825164795,G,1.5833958387374878,G,2.4506635665893555,A,2.5998764038085938,G,2.5077826976776123,G,2.4599833488464355,G,1.8122988939285278,G,2.5189342498779297,G,1.762229323387146,G,1.6637072563171387,G,1.8726577758789062,G,5.4440789222717285,G,2.666205644607544,G,2.875718593597412,G,2.6639997959136963,G,1.4614344835281372,G,4.017260551452637
424,T,1.8460936771856773,T,1.5198686122894287,T,1.693703055381775,S,1.3487176895141602,T,4.517242431640625,T,1.8628212213516235,T,1.2253938913345337,T,1.405592441558838,T,1.7408325672149658,T,1.3873798847198486,T,1.3861616849899292,T,4.083999156951904,T,1.7943998575210571,T,3.19834303855896,T,1.7960978746414185,T,1.7902772426605225,T,1.566072940826416,T,1.2924541234970093,K,1.6928277015686035,T,0.9568947553634644,K,1.7914965152740479,T,1.6165084838867188,T,1.3247042894363403,T,1.196670651435852,T,1.1253927946090698,T,1.5624762773513794,T,1.5520970821380615,T,1.2303478717803955,T,2.640775442123413,T,2.8982198238372803,T,3.9745445251464844,T,1.7508150339126587,T,2.354907989501953,T,1.4634909629821777,T,1.424228310585022,T,1.4865360260009766,T,1.3342173099517822,T,1.3189564943313599
425,L,2.359024940310298,L,3.265655994415283,M,2.7446537017822266,L,2.8351831436157227,M,4.079421043395996,I,2.7471914291381836,F,3.142364025115967,L,2.444016933441162,L,1.4888644218444824,I,4.246209621429443,M,4.264959812164307,M,4.023739814758301,I,2.731773853302002,M,4.162031173706055,I,2.741640567779541,I,2.738523006439209,V,2.5780189037323,L,2.2023627758026123,L,1.300611138343811,F,2.222996234893799,L,1.3196656703948975,Y,2.27707839012146,L,2.039689064025879,F,1.1350653171539307,F,2.2939908504486084,L,1.4721200466156006,L,1.5759879350662231,L,1.3838139772415161,L,1.3298615217208862,L,1.3602148294448853,L,1.6199833154678345,M,1.6190274953842163,M,1.2514876127243042,L,1.6791391372680664,L,1.641539454460144,L,1.689723014831543,L,1.6558616161346436,L,3.9794559478759766
426,D,2.158312710555824,E,1.1487338542938232,D,2.1016881465911865,E,1.4598145484924316,D,1.4172465801239014,D,1.871565341949463,D,1.6221610307693481,D,2.548840045928955,D,3.035594940185547,D,1.9433797597885132,D,1.950839877128601,D,1.412980079650879,D,1.892524242401123,D,1.406977891921997,D,1.880168080329895,D,1.8762719631195068,D,2.6916913986206055,D,1.3521031141281128,D,1.8060970306396484,D,2.152067184448242,D,1.8484201431274414,D,0.9554399251937866,D,3.5782017707824707,E,1.9787189960479736,D,2.24806809425354,E,1.4974514245986938,E,1.4829373359680176,D,2.41833233833313,D,1.206831455230713,D,1.2145684957504272,D,3.465736150741577,E,1.991563320159912,E,1.7067404985427856,E,4.837048530578613,E,4.409295558929443,E,4.865761756896973,D,1.7676749229431152,D,2.8140344619750977
427,E,1.8338814329456639,E,1.4443340301513672,E,1.6187968254089355,E,1.2876440286636353,E,1.9127243757247925,E,1.3292986154556274,E,1.9922343492507935,E,1.9166145324707031,E,2.9901645183563232,E,1.5277626514434814,E,1.5339912176132202,E,1.9892661571502686,E,1.3235313892364502,E,2.164273977279663,E,1.323582649230957,E,1.3351399898529053,E,1.7702254056930542,E,2.0050442218780518,E,1.479117751121521,E,2.265503406524658,E,1.4721925258636475,E,2.0313076972961426,E,1.742631435394287,E,1.5997402667999268,E,2.2969038486480713,E,1.5915595293045044,E,1.5814387798309326,E,3.1751768589019775,E,1.6568011045455933,E,1.8966459035873413,E,1.1654795408248901,E,1.8298379182815552,E,1.3117953538894653,E,1.1986342668533325,E,1.1962727308273315,E,1.1989327669143677,E,1.9463998079299927,E,5.752612590789795
428,L,2.0765072493939787,L,3.141010284423828,L,1.1834526062011719,L,2.0478153228759766,L,2.641554117202759,L,3.6180670261383057,L,1.136462688446045,L,1.121031403541565,L,1.0696099996566772,L,2.5108752250671387,L,2.473862886428833,L,2.663520574569702,L,3.6228458881378174,L,2.76277494430542,L,3.6076159477233887,L,3.6082334518432617,L,3.933960437774658,L,1.1319499015808105,L,1.120665192604065,L,1.2667572498321533,L,1.1929657459259033,L,2.3006603717803955,L,1.3267215490341187,L,1.1893529891967773,L,1.1702214479446411,L,2.0799789428710938,L,2.0705766677856445,L,2.1957361698150635,L,1.881842017173767,L,1.4216241836547852,L,1.1263376474380493,L,1.902871012687683,L,1.6734352111816406,L,2.219297170639038,L,2.5413780212402344,L,2.228548288345337,L,2.2753779888153076,L,1.3717776536941528
429,E,1.8468566230825476,E,1.425102949142456,Q,1.300234317779541,E,1.4761948585510254,K,1.7645914554595947,E,1.8876198530197144,E,1.9234631061553955,Q,1.7081949710845947,Q,2.9555866718292236,R,1.3949090242385864,R,1.3945636749267578,K,1.7199841737747192,E,1.894120693206787,K,1.6142233610153198,E,1.8776975870132446,E,1.8863028287887573,E,1.1290713548660278,E,5.283376216888428,T,1.289656162261963,E,1.3235747814178467,T,1.3390779495239258,V,2.2119383811950684,Q,1.2536123991012573,V,1.2494423389434814,V,1.6882463693618774,E,1.5454579591751099,E,1.5285499095916748,E,1.3197921514511108,E,3.597682476043701,Q,2.9554238319396973,R,1.953101396560669,E,1.7054026126861572,Q,3.9899206161499023,E,1.2555657625198364,E,1.3717293739318848,E,1.2554638385772705,E,1.8165936470031738,E,1.048225998878479
430,L,1.763581348432077,L,3.45033597946167,C,2.5780539512634277,I,1.395140528678894,L,2.4510321617126465,L,2.101759195327759,P,0.8289833068847656,L,3.3391497135162354,L,1.6142370700836182,L,1.9131460189819336,L,1.9103419780731201,L,2.3991222381591797,L,2.1301803588867188,L,2.4017796516418457,L,2.132437229156494,L,2.1001720428466797,L,1.8081220388412476,I,1.0917165279388428,L,1.590385913848877,P,0.9192506074905396,L,1.6177546977996826,P,0.9858856201171875,C,1.9460419416427612,I,1.7456867694854736,T,0.8915039896965027,L,1.105812907218933,L,1.1060099601745605,L,1.9204686880111694,L,0.9071054458618164,L,3.002717971801758,L,1.367351770401001,L,1.4499223232269287,L,1.4380544424057007,L,1.0189522504806519,L,1.0017212629318237,L,1.0186576843261719,L,1.903526782989502,L,2.6699888706207275
431,F,1.962582897495579,F,1.5545775890350342,F,3.291109085083008,F,1.7255709171295166,F,1.156512975692749,F,1.8026928901672363,F,1.9827290773391724,F,1.215532660484314,F,0.9973565340042114,F,3.34954571723938,F,3.344205141067505,F,1.151963472366333,F,1.804596185684204,F,1.2466356754302979,F,1.8064403533935547,F,1.801681637763977,F,1.6385213136672974,F,1.3950061798095703,F,1.6666510105133057,F,2.5245370864868164,F,1.6966615915298462,Y,1.9688438177108765,F,1.659524917602539,L,1.8423411846160889,F,2.588961362838745,F,2.1421351432800293,F,2.1424503326416016,F,2.0443902015686035,F,3.1777503490448,F,1.1400774717330933,F,2.3210954666137695,F,1.875148892402649,F,2.0979886054992676,F,2.664579391479492,F,2.642404079437256,F,2.661670684814453,F,1.2452144622802734,F,1.248463749885559
432,T,2.0754242088343644,T,1.5091273784637451,T,1.3638842105865479,T,1.6681684255599976,T,1.7716500759124756,T,1.5951993465423584,N,1.3711367845535278,T,1.5729387998580933,T,1.8481098413467407,T,1.3467540740966797,T,1.3512179851531982,T,1.7684500217437744,T,1.575377345085144,T,1.7939343452453613,T,1.5736489295959473,T,1.5895516872406006,T,1.401871919631958,T,4.792183876037598,T,1.544243335723877,N,1.4974247217178345,T,1.5681464672088623,T,0.9633045792579651,T,1.349042296409607,T,1.2316927909851074,N,1.5407434701919556,T,2.352571487426758,T,2.352651834487915,T,1.4280827045440674,T,2.790074586868286,T,3.010133743286133,T,3.5746707916259766,T,4.32166862487793,T,2.6501755714416504,T,2.996023654937744,T,2.988107681274414,T,3.0056183338165283,T,3.895228147506714,T,1.837885856628418
433,D,2.0960431517781437,D,1.3535442352294922,H,1.3466005325317383,D,1.4701308012008667,A,1.6613398790359497,A,1.5272672176361084,N,3.3623087406158447,D,3.9046034812927246,D,4.600978851318359,A,1.635604739189148,A,1.6353657245635986,A,1.6636406183242798,A,1.5294699668884277,A,1.6573282480239868,A,1.539106011390686,A,1.5331634283065796,A,1.195164442062378,H,1.1734033823013306,Q,2.527580976486206,D,2.870820999145508,Q,2.72493052482605,N,2.225421190261841,D,1.4095696210861206,E,2.102571487426758,D,1.9298503398895264,S,3.216749668121338,S,3.2169675827026367,D,1.30516517162323,D,1.6666746139526367,D,1.7389270067214966,D,1.0673481225967407,A,1.218412160873413,A,1.5973072052001953,D,3.290255308151245,D,3.25504732131958,D,3.3310329914093018,H,1.6315706968307495,D,2.438373327255249
434,V,2.1232637811351465,A,1.3248484134674072,A,1.7772136926651,I,1.4254878759384155,A,1.3041919469833374,Q,2.5504138469696045,A,2.605464458465576,V,2.6992764472961426,A,2.4888570308685303,A,2.231245756149292,A,2.2358970642089844,A,1.3206746578216553,Q,2.5350310802459717,A,1.2837845087051392,Q,2.562328338623047,Q,2.55521821975708,A,4.2425737380981445,A,1.271546483039856,A,2.2249581813812256,A,2.842076539993286,A,2.139863967895508,A,1.5136682987213135,A,2.087480068206787,A,2.1563937664031982,A,2.58603835105896,M,2.496912956237793,M,2.4969420433044434,A,1.5082066059112549,V,1.6038825511932373,A,1.2100176811218262,V,2.857557773590088,A,2.2541844844818115,A,2.1243896484375,V,1.5735974311828613,V,1.5433506965637207,V,1.577699899673462,V,3.3388748168945312,I,2.010610580444336
435,V,2.0972085804552645,V,2.1535115242004395,F,2.1815035343170166,V,1.1984596252441406,I,2.545724630355835,I,1.7207468748092651,I,1.4024293422698975,I,3.363351583480835,I,1.3167822360992432,V,1.8162074089050293,V,1.802232027053833,I,2.8724870681762695,I,1.8467916250228882,I,2.522029399871826,I,1.7069987058639526,I,1.725610375404358,M,1.4908334016799927,I,1.7628121376037598,I,1.7204484939575195,I,1.3731966018676758,I,1.6305898427963257,V,2.231938123703003,I,1.8228260278701782,I,1.9605848789215088,I,1.3817452192306519,V,3.7242040634155273,V,3.7242040634155273,V,1.7366654872894287,V,7.193703651428223,I,1.750592827796936,F,1.7505736351013184,I,1.6911941766738892,V,1.3169556856155396,I,2.2412617206573486,I,2.138263702392578,I,2.104583978652954,V,1.4626812934875488,M,1.2119925022125244
436,E,1.9383909219020121,D,2.8353817462921143,Q,1.928065538406372,D,2.1914658546447754,K,1.9540607929229736,K,2.0346999168395996,Q,2.607856512069702,R,1.2960480451583862,R,1.3444595336914062,K,1.6176856756210327,K,1.6010457277297974,K,1.929131031036377,K,2.036050796508789,K,1.950632095336914,K,2.054502487182617,K,2.0495433807373047,K,1.4760942459106445,Q,2.1837501525878906,E,1.1020007133483887,Q,2.0077993869781494,E,1.1810235977172852,E,3.0442113876342773,Q,1.257975459098816,D,1.0952355861663818,Q,3.8505942821502686,E,1.1588599681854248,E,1.1588599681854248,E,3.2744760513305664,E,1.8067728281021118,R,4.458108425140381,R,1.2953126430511475,K,1.9964150190353394,K,1.9357421398162842,R,1.8943555355072021,R,1.8514782190322876,R,1.927510142326355,D,1.2428367137908936,E,1.090422511100769
437,R,2.614151867660316,R,1.0663474798202515,R,1.7129011154174805,R,3.084683895111084,R,1.8928041458129883,R,5.418806076049805,R,1.2791812419891357,R,2.407449960708618,K,1.577168345451355,R,3.016693115234375,R,2.996212959289551,R,1.9404205083847046,R,5.341965198516846,R,1.8896700143814087,R,5.434147357940674,R,5.400701999664307,R,2.115736484527588,R,1.6809942722320557,R,1.5472313165664673,R,1.2379162311553955,R,1.5021097660064697,R,1.781909465789795,R,3.0647943019866943,R,1.4111181497573853,R,1.2410215139389038,N,1.2736204862594604,N,1.2736204862594604,R,1.380639672279358,R,0.9334989786148071,K,2.6127989292144775,R,2.6063778400421143,R,2.2012839317321777,R,1.7447353601455688,R,5.61207389831543,R,7.0248284339904785,R,5.617249488830566,R,1.753823161125183,R,2.6470835208892822
438,W,1.9510280699343294,W,3.2156572341918945,W,1.2873204946517944,W,2.859049081802368,W,1.4235836267471313,W,1.7184392213821411,W,2.960649251937866,W,2.561264753341675,W,4.020906925201416,W,1.6940573453903198,W,1.6962380409240723,W,1.4363923072814941,W,1.677247166633606,W,1.4471309185028076,W,1.7157487869262695,W,1.7212696075439453,W,1.422469139099121,M,1.366539716720581,W,1.1587750911712646,W,2.8497443199157715,W,1.1107598543167114,C,1.1837533712387085,W,1.6605854034423828,W,2.5608954429626465,W,2.2107865810394287,W,1.8139771223068237,W,1.8139771223068237,W,1.5327891111373901,W,1.8504092693328857,W,1.1182011365890503,W,2.8471105098724365,W,0.8220701217651367,W,1.2294118404388428,W,3.2213783264160156,W,3.0915629863739014,W,3.2136385440826416,W,1.469110369682312,W,1.2051384449005127
439,D,2.3597899417619446,D,1.9056897163391113,N,2.187978982925415,D,1.3241188526153564,D,2.287431001663208,D,1.9626659154891968,D,3.229238748550415,N,1.9993047714233398,D,2.4264228343963623,D,1.7548564672470093,D,1.731872320175171,D,2.1204981803894043,D,1.9162626266479492,D,2.301490306854248,D,1.931260108947754,D,1.9060521125793457,D,2.0565104484558105,E,1.933070182800293,N,3.0405898094177246,D,1.5173660516738892,N,3.0395257472991943,E,3.6544103622436523,N,2.209855794906616,D,2.580463171005249,D,1.597619891166687,D,1.7426140308380127,D,1.7426810264587402,D,2.9988293647766113,D,3.641719341278076,D,1.3688608407974243,D,1.9433646202087402,D,1.318017840385437,D,2.718623638153076,E,4.549684524536133,E,4.497735023498535,E,4.547138690948486,D,1.5736032724380493,D,2.0548012256622314
440,I,2.165394099983009,V,1.2898473739624023,I,2.19022798538208,I,5.27657413482666,P,1.3360679149627686,P,2.8902437686920166,I,1.3108081817626953,T,0.9316620230674744,F,1.4224592447280884,K,3.8771491050720215,K,4.582429885864258,P,1.3643053770065308,P,2.7357726097106934,P,1.3167389631271362,P,2.8125200271606445,P,2.8010716438293457,P,4.095538139343262,I,1.3774393796920776,I,2.0595216751098633,A,2.4686591625213623,I,2.0212790966033936,I,2.0142433643341064,T,1.0305227041244507,A,1.7588486671447754,A,2.0105245113372803,V,2.7617549896240234,V,2.7618062496185303,A,1.2554737329483032,I,1.5596386194229126,F,1.69394850730896,T,0.8856082558631897,P,1.7572906017303467,P,1.9386097192764282,T,2.1257007122039795,T,2.035534620285034,T,2.095874786376953,I,3.456840753555298,V,0.8170452117919922
441,N,2.3818819877263664,K,1.297883152961731,D,1.7694172859191895,T,2.2311835289001465,S,5.352704048156738,S,1.5923333168029785,N,2.6293046474456787,Q,1.3521161079406738,Q,1.1653213500976562,S,1.5459517240524292,S,1.5257858037948608,S,5.382673740386963,S,1.95469069480896,S,5.425064563751221,S,1.746462345123291,S,1.7534496784210205,S,1.601582407951355,K,1.640052318572998,D,3.018691301345825,N,3.038083076477051,D,2.9475696086883545,S,1.7819814682006836,D,1.420558214187622,S,1.6594476699829102,N,2.8802926540374756,N,2.84791898727417,N,2.8482189178466797,T,2.2732186317443848,N,2.4771368503570557,E,4.004616737365723,E,1.379446029663086,S,1.2771857976913452,S,1.1711074113845825,E,3.863527536392212,E,3.026029586791992,E,3.8437094688415527,N,1.0538065433502197,N,1.3511103391647339
442,A,1.8727632761001587,-,,-,,-,,-,,-,,A,1.349591851234436,-,,-,,-,,-,,-,,-,,-,,-,,-,,-,,-,,A,1.52578866481781,A,1.1852779388427734,A,1.5171089172363281,A,3.713094711303711,-,,C,1.3604991436004639,A,1.338112473487854,-,,-,,T,1.6926777362823486,A,3.172718048095703,-,,-,,-,,-,,-,,-,,-,,-,,-,
443,-,1.8870753543130283,A,7.137934684753418,E,1.8920587301254272,G,1.6891283988952637,A,1.3133715391159058,A,1.6706733703613281,-,,S,2.1158499717712402,S,2.4043455123901367,A,1.6556525230407715,A,1.6606684923171997,A,1.3706812858581543,A,1.6095603704452515,A,1.3195796012878418,A,1.6195526123046875,A,1.6647807359695435,A,1.7809244394302368,A,2.309342622756958,-,,I,1.4484435319900513,-,,-,,E,1.0790475606918335,-,,-,,R,0.8613905310630798,R,0.8616947531700134,-,,-,,S,2.3883540630340576,S,1.4641051292419434,L,2.6817452907562256,A,1.3719816207885742,S,1.1404956579208374,S,1.291325569152832,S,1.4939252138137817,A,2.7521324157714844,A,2.676439046859741
444,M,1.9305565589004092,I,1.4778894186019897,L,2.387927293777466,I,1.2585337162017822,T,1.736703872680664,T,1.272822618484497,I,1.5503556728363037,I,1.267332673072815,I,1.3643890619277954,T,2.584441661834717,T,2.388267993927002,T,1.7842962741851807,T,1.281158447265625,T,1.7734527587890625,T,1.2756361961364746,T,1.3720431327819824,A,2.6255476474761963,M,1.5910611152648926,S,1.1898548603057861,-,,S,1.1904455423355103,M,2.6668317317962646,L,3.367220640182495,M,1.2917202711105347,I,1.0772738456726074,L,3.790167808532715,L,3.7987029552459717,T,2.3666508197784424,M,1.4828599691390991,I,1.5415481328964233,I,2.155381679534912,V,2.060643196105957,T,2.3521053791046143,I,1.928931474685669,I,1.9043771028518677,I,1.8999103307724,I,2.6579599380493164,I,1.7855908870697021
445,D,1.775265242602374,D,1.2044023275375366,D,2.039825916290283,D,3.720677614212036,E,1.6446012258529663,D,2.2766025066375732,D,1.1832629442214966,D,2.5362648963928223,S,1.8439927101135254,E,2.3606138229370117,E,2.066847562789917,E,1.68254554271698,D,2.177427291870117,E,1.6213325262069702,D,2.1514439582824707,D,2.1877055168151855,D,1.7945926189422607,D,4.831693649291992,E,1.3611971139907837,D,2.078375816345215,E,1.3695836067199707,H,1.095416784286499,D,1.5531325340270996,D,1.228742003440857,D,1.6144484281539917,G,1.8672897815704346,G,1.8641083240509033,E,1.1717352867126465,D,1.5754152536392212,S,1.1478271484375,D,1.9846974611282349,D,1.7070462703704834,D,1.3271327018737793,D,0.8828476667404175,D,0.8551748991012573,D,0.8566684722900391,D,1.8061139583587646,D,1.0140278339385986
446,Q,1.9972820233654331,Q,1.9263598918914795,N,2.640836477279663,K,1.6576226949691772,W,1.8790264129638672,C,1.5109760761260986,S,0.796314537525177,Q,1.250260353088379,T,1.8414312601089478,C,2.1084609031677246,C,2.01326584815979,W,1.893464207649231,C,1.362863302230835,W,1.8994362354278564,C,1.3575971126556396,C,1.4264440536499023,C,1.7813405990600586,E,1.8996646404266357,Q,1.7648422718048096,S,1.112228512763977,Q,1.7895658016204834,S,2.2363524436950684,N,1.960532307624817,Q,3.9003195762634277,S,3.5257904529571533,E,1.6454123258590698,E,1.6328033208847046,Q,1.254263997077942,Q,2.361802339553833,T,2.384735345840454,Q,1.4141680002212524,C,1.345885992050171,S,5.617785453796387,E,1.8822298049926758,E,1.8563870191574097,E,1.851816177368164,Q,2.747342586517334,K,2.3698065280914307
447,L,1.92404090391623,L,1.8491603136062622,L,1.5948289632797241,L,1.3032609224319458,L,1.5016486644744873,L,1.292130708694458,V,4.689628601074219,L,1.5436888933181763,L,2.1444153785705566,L,1.2264443635940552,L,1.1571627855300903,L,1.4431228637695312,L,1.4453251361846924,L,1.5088592767715454,L,1.477445125579834,L,1.267677903175354,L,1.3685334920883179,L,1.1354130506515503,L,2.0118021965026855,I,2.2311363220214844,L,1.96561598777771,I,1.6038864850997925,L,1.7103548049926758,L,2.005241870880127,I,2.6654107570648193,L,2.0937154293060303,L,1.8623223304748535,L,3.4825007915496826,L,1.7165855169296265,L,1.374667763710022,L,1.2721197605133057,L,3.2656500339508057,L,1.3444652557373047,L,1.0745060443878174,L,1.0733845233917236,L,1.0761131048202515,L,6.135002136230469,L,3.2762858867645264
448,P,2.117843383067363,P,1.5534628629684448,P,2.9548499584198,P,1.3442738056182861,P,1.3878167867660522,P,2.4411373138427734,P,1.6487292051315308,P,2.1395139694213867,P,1.3219594955444336,P,1.4877599477767944,P,1.477684497833252,P,1.4403529167175293,P,2.8016674518585205,P,1.3934177160263062,P,2.8713624477386475,P,3.0248444080352783,P,2.194636106491089,P,2.961683750152588,P,1.5381587743759155,Q,1.8529037237167358,P,1.5602778196334839,S,1.053113579750061,P,1.3877007961273193,P,1.2757166624069214,Q,1.9433536529541016,P,7.691827774047852,P,7.697795867919922,P,1.7154979705810547,P,1.5982856750488281,P,1.8145473003387451,P,3.275987386703491,P,1.06471848487854,P,1.7000541687011719,P,1.3059115409851074,P,1.3038126230239868,P,1.30707848072052,P,1.2513914108276367,P,1.5769188404083252
449,D,1.9514867389524304,D,3.081188440322876,D,2.1249635219573975,R,1.67855703830719,E,2.140529155731201,K,1.700587272644043,P,2.4237473011016846,Y,1.716843843460083,Y,1.4556430578231812,E,1.3036729097366333,E,1.3052552938461304,E,2.185415506362915,K,1.8394361734390259,E,2.1131656169891357,K,1.822582721710205,K,1.894245982170105,E,1.536817193031311,H,1.2618725299835205,L,3.508899688720703,P,2.6064155101776123,L,3.5001184940338135,P,2.330005645751953,D,1.1414786577224731,D,1.2641105651855469,P,0.9281431436538696,E,1.9544005393981934,E,1.9613983631134033,Y,1.5760053396224976,D,1.4845490455627441,Y,1.8524430990219116,Y,1.2465159893035889,E,4.4829254150390625,E,2.009730577468872,Y,1.890904426574707,Y,1.837035894393921,Y,1.8931711912155151,D,0.8721498250961304,E,2.2800843715667725
450,Y,2.041689102714126,Y,1.2489558458328247,N,1.1374691724777222,N,1.5281370878219604,Y,1.7592027187347412,Y,2.061852216720581,Y,1.2352294921875,Y,2.2109100818634033,Y,1.568084716796875,Y,1.4002162218093872,Y,1.3932111263275146,Y,1.8344086408615112,Y,2.028810501098633,Y,1.757966160774231,Y,1.962800145149231,Y,2.0333099365234375,Y,1.4857090711593628,Y,1.26838219165802,Y,2.570934295654297,Y,1.3056573867797852,Y,2.6006031036376953,Y,2.3564393520355225,N,1.5898035764694214,Y,3.0419297218322754,Y,1.0283677577972412,Y,0.8680996298789978,Y,0.872757613658905,Y,4.48850154876709,Y,1.8680297136306763,Y,2.117584466934204,Y,2.3070406913757324,Y,1.2468950748443604,Y,1.626657485961914,Y,4.070051193237305,Y,3.9438369274139404,Y,4.104491710662842,Y,1.759717345237732,Y,3.860442876815796
451,M,2.2226721628292188,M,1.851404070854187,M,1.894986867904663,I,1.300764560699463,M,1.9041837453842163,M,1.290966510772705,L,1.7940983772277832,M,1.6292188167572021,M,2.2858598232269287,M,8.0582857131958,M,8.143589973449707,M,1.9742480516433716,M,1.2700234651565552,M,1.8882343769073486,M,1.3437819480895996,M,1.2856422662734985,M,3.3157341480255127,M,2.7410993576049805,M,1.532957673072815,M,3.234529733657837,M,1.5863847732543945,M,1.407060146331787,M,2.6113905906677246,M,1.0809532403945923,M,2.550222158432007,M,2.0316953659057617,M,2.0384583473205566,M,0.8841623067855835,M,1.1358493566513062,M,1.4153090715408325,M,1.697761058807373,M,1.7518336772918701,M,1.5800243616104126,I,1.8421034812927246,I,1.8499703407287598,I,1.846240758895874,M,3.1103482246398926,M,3.079493284225464
452,K,2.1076404468433276,R,1.357326865196228,K,1.602426528930664,S,2.43945574760437,K,2.031419277191162,K,3.009734630584717,R,1.8168935775756836,Q,2.470644950866699,Q,2.4762020111083984,K,1.590572714805603,K,1.5943918228149414,K,1.8183554410934448,K,2.6456429958343506,K,2.0444979667663574,K,2.600900173187256,K,2.605616331100464,K,1.7487422227859497,K,1.7675280570983887,K,4.160502910614014,R,1.6668941974639893,K,3.6202430725097656,R,1.0596362352371216,K,2.2005279064178467,Q,1.1471590995788574,R,1.6389912366867065,R,3.710825204849243,R,3.7104856967926025,K,2.9403231143951416,K,1.688222885131836,Q,1.4393404722213745,Q,1.3673018217086792,K,1.2495081424713135,K,1.5201995372772217,Q,1.7211854457855225,Q,1.7381458282470703,Q,1.7278478145599365,K,1.7640681266784668,K,2.2909364700317383
453,I,2.0234560064367346,V,3.1400394439697266,M,1.6982508897781372,M,2.620443820953369,G,1.6499121189117432,R,1.681618332862854,H,2.624741315841675,L,2.321218490600586,V,3.0116701126098633,G,1.7177306413650513,G,1.7335655689239502,G,1.6986215114593506,R,1.4670677185058594,G,1.760968565940857,R,1.4071612358093262,R,1.4815967082977295,G,2.0519700050354004,L,3.726020574569702,I,1.3155999183654785,P,1.1709003448486328,I,1.3300271034240723,P,2.4916388988494873,M,3.0125555992126465,P,1.99288809299469,P,2.2055532932281494,L,1.5084264278411865,L,1.5088636875152588,L,1.8985720872879028,I,1.959216833114624,V,1.6157642602920532,L,1.318080186843872,G,1.5710150003433228,R,2.3224213123321533,L,1.3584306240081787,L,1.3629465103149414,L,1.3134558200836182,I,2.5533347129821777,I,5.265584468841553
454,C,2.1465465587538644,G,1.2857764959335327,C,3.6818394660949707,I,1.7352722883224487,V,3.2253475189208984,M,4.530686855316162,A,1.35227632522583,C,1.9233322143554688,C,1.6114076375961304,V,1.0224872827529907,V,1.045912742614746,V,3.1810028553009033,M,4.6498894691467285,V,3.1683361530303955,M,4.621808052062988,M,4.652983665466309,V,1.2503975629806519,C,0.9399873614311218,I,1.17789888381958,A,1.30686616897583,I,1.1598119735717773,L,1.4165685176849365,C,1.864301323890686,F,1.1268589496612549,A,1.844264030456543,C,2.2133352756500244,C,2.2138123512268066,C,1.4412599802017212,C,4.01575231552124,C,2.3421411514282227,C,1.3786625862121582,V,1.3649306297302246,V,1.8962936401367188,C,1.209958553314209,C,1.2115164995193481,C,1.217638611793518,L,2.769624710083008,C,2.3719825744628906
455,F,2.088767074249886,Y,1.1210297346115112,Y,1.3942537307739258,L,1.0732935667037964,Y,1.7297418117523193,Y,1.2995446920394897,Y,1.588653802871704,Y,2.0562329292297363,Y,1.9806334972381592,Y,2.5986692905426025,Y,2.6295220851898193,Y,1.302939772605896,Y,1.4409723281860352,Y,1.6577467918395996,Y,1.4201995134353638,Y,1.4440817832946777,Y,2.220137119293213,Y,1.1843955516815186,Y,2.549781084060669,Y,2.968743085861206,Y,2.7267568111419678,Y,1.9101241827011108,Y,1.9498727321624756,Y,6.180018424987793,Y,1.7629461288452148,F,2.6874518394470215,F,2.675401449203491,F,1.5376009941101074,F,1.7345836162567139,Y,2.409979820251465,Y,1.6335021257400513,Y,1.3439691066741943,Y,1.9510843753814697,Y,3.1119449138641357,Y,2.7863805294036865,Y,3.126436948776245,F,1.8205137252807617,F,2.2752418518066406
456,L,2.0117070707114966,L,2.040228843688965,F,3.4681105613708496,L,1.4509704113006592,M,1.6995092630386353,M,1.594050645828247,Q,2.116821050643921,M,2.047527551651001,L,2.8186686038970947,I,2.3456945419311523,I,2.3546385765075684,M,1.5930345058441162,M,1.515094518661499,M,1.6897565126419067,M,1.5241245031356812,M,1.5006494522094727,L,1.164801836013794,L,2.791311025619507,R,2.345552921295166,Q,2.250171422958374,R,2.3426971435546875,Q,1.9793601036071777,F,1.9506347179412842,I,2.0061233043670654,Q,2.109926700592041,L,1.2321245670318604,L,1.222674012184143,H,6.747682571411133,L,1.8803892135620117,L,2.9581310749053955,L,2.5099868774414062,M,2.1169800758361816,T,2.0040442943573,L,0.9552475810050964,L,0.9630832672119141,L,0.9578003287315369,L,1.0932939052581787,L,1.0922651290893555
457,T,1.957982333930763,G,1.46540367603302,A,1.3728618621826172,T,2.1370491981506348,V,1.638405442237854,I,1.1781693696975708,A,1.4936201572418213,T,2.545344591140747,A,1.755922794342041,D,3.0378024578094482,D,2.993549346923828,V,1.4803358316421509,I,1.1940521001815796,V,1.6664643287658691,I,1.1642249822616577,I,1.187516212463379,I,4.387759685516357,A,2.0389561653137207,D,2.0668134689331055,A,1.3125953674316406,D,2.027143955230713,V,1.6124367713928223,A,1.2898406982421875,T,1.2041243314743042,A,2.5591773986816406,I,2.830907106399536,I,2.8311233520507812,A,1.495694637298584,T,1.7447432279586792,A,1.4262416362762451,A,4.032651901245117,A,1.766627550125122,V,1.7814518213272095,A,1.2701599597930908,A,1.2784665822982788,A,1.2726287841796875,A,2.000497817993164,A,3.9045817852020264
458,L,1.9270304747529932,F,0.7310971617698669,L,1.4098379611968994,M,2.690291404724121,V,1.2177577018737793,L,1.7297191619873047,L,1.2585694789886475,L,1.4589594602584839,L,1.047491431236267,L,1.29677414894104,L,1.281397819519043,V,1.2571879625320435,L,1.7406076192855835,V,1.3252965211868286,L,1.6954905986785889,L,1.7092633247375488,L,1.4462718963623047,L,1.455594539642334,L,1.1032378673553467,F,1.3272980451583862,L,1.1032408475875854,F,2.184122085571289,L,1.437164068222046,L,1.1785292625427246,L,1.5833921432495117,L,3.3127145767211914,L,3.31282901763916,L,0.7673046588897705,L,2.76454496383667,L,1.9577590227127075,L,3.5136804580688477,V,1.8845547437667847,L,2.3366589546203613,V,4.480013370513916,V,4.466763496398926,V,4.479610919952393,L,1.2913637161254883,V,2.063737154006958
459,H,2.2711800691243766,F,3.890434741973877,D,1.984979271888733,F,1.5434489250183105,Y,1.344797968864441,Y,1.9575719833374023,L,3.4016997814178467,Y,1.630933403968811,Y,5.7572431564331055,Y,1.7561445236206055,Y,1.7209601402282715,Y,2.9064393043518066,Y,2.324298858642578,Y,1.2965008020401,Y,2.0548906326293945,Y,2.1832635402679443,Y,1.8138821125030518,F,1.6234568357467651,L,2.239932060241699,L,2.074378490447998,L,2.2497262954711914,L,1.6624947786331177,D,5.8953728675842285,L,3.256877899169922,L,1.465277075767517,Y,1.7634481191635132,Y,1.7634481191635132,Y,1.6599462032318115,H,1.5634607076644897,Y,2.8141369819641113,Y,2.7328484058380127,Y,1.9474512338638306,Y,1.5153919458389282,N,2.068885326385498,N,2.083174467086792,N,2.067246198654175,F,2.584320306777954,F,1.434899091720581
460,N,2.0547502266394124,N,1.934336543083191,N,5.646428108215332,N,2.4216952323913574,E,1.5475718975067139,D,1.5362426042556763,D,1.650091290473938,N,2.7682414054870605,T,1.731318473815918,E,2.5880191326141357,E,2.529078960418701,E,1.4275360107421875,D,1.548304796218872,E,1.498288869857788,D,1.4814380407333374,D,1.5317227840423584,D,3.1875972747802734,N,2.267261028289795,D,1.2822978496551514,D,2.2642061710357666,D,1.283107042312622,D,2.951486587524414,D,1.8604174852371216,D,1.2385292053222656,D,1.5888829231262207,N,1.2985150814056396,N,1.2985150814056396,N,3.570164442062378,N,1.547818899154663,T,1.7491016387939453,N,2.398710012435913,D,5.794875144958496,E,1.796458125114441,K,1.2603343725204468,K,1.2604269981384277,K,1.259667158126831,N,1.9278404712677002,N,1.099231243133545
461,S,1.8033905109843693,S,3.6451172828674316,F,1.089125156402588,T,1.3503835201263428,T,1.8060967922210693,M,1.9236863851547241,I,1.315041184425354,Y,2.4672250747680664,Y,1.6452484130859375,T,1.416509985923767,T,1.397407054901123,T,1.5687412023544312,M,1.896315574645996,T,1.7570244073867798,M,1.9659439325332642,M,1.9020510911941528,T,1.7204713821411133,T,0.7696601748466492,V,2.5265607833862305,I,3.140669345855713,V,2.486097574234009,Y,1.4428516626358032,F,1.194386601448059,V,0.9377955198287964,I,1.9011434316635132,E,1.691493272781372,E,1.691643476486206,S,1.6177496910095215,S,4.44730806350708,Y,1.0479739904403687,Y,2.705012083053589,T,1.8515446186065674,T,1.3388032913208008,F,1.2648098468780518,F,1.2712502479553223,F,1.278223991394043,T,1.3648619651794434,T,1.8892208337783813
462,V,2.115735529242335,I,2.0387966632843018,I,0.8639323115348816,A,1.0508211851119995,V,3.677189826965332,V,2.0309672355651855,Y,1.3513566255569458,V,1.238607406616211,A,1.8507130146026611,V,1.289004921913147,V,1.4420843124389648,V,3.5161314010620117,V,1.8122813701629639,V,3.6154675483703613,V,2.0832831859588623,V,2.0073680877685547,V,1.5277076959609985,S,4.300997257232666,Y,1.8081965446472168,Y,1.3406177759170532,Y,1.8685531616210938,F,1.7064173221588135,I,1.7840739488601685,I,2.6556947231292725,Y,2.234215259552002,I,1.5090811252593994,I,1.5090811252593994,V,2.219719648361206,V,2.0126254558563232,A,5.73339319229126,V,4.4478440284729,V,1.702632188796997,V,1.8630716800689697,V,1.8001106977462769,V,1.7895891666412354,V,1.8030214309692383,V,1.3474745750427246,V,1.4500914812088013
463,N,1.8422278874629252,N,1.1479777097702026,N,2.237623691558838,N,1.1793147325515747,N,1.6558088064193726,N,2.7042386531829834,S,1.683516263961792,S,2.172168731689453,S,2.3419408798217773,N,1.240580677986145,N,1.2798125743865967,N,1.5201051235198975,N,2.6536340713500977,N,1.7244250774383545,N,2.659723997116089,N,2.5853002071380615,N,1.3094062805175781,S,2.3744380474090576,D,1.665153980255127,S,1.5499144792556763,D,1.6615958213806152,D,1.2806614637374878,N,1.8987091779708862,D,1.5096521377563477,S,2.918764114379883,N,1.7930569648742676,N,1.7930569648742676,N,2.634117841720581,N,1.3971816301345825,S,1.7192760705947876,S,1.3552582263946533,N,3.0623621940612793,N,3.019617795944214,F,1.2402191162109375,F,1.2289477586746216,F,1.242019534111023,N,1.5308549404144287,N,1.1919960975646973
464,E,1.8813101826487362,E,1.557000994682312,E,2.5592825412750244,Q,1.0388702154159546,E,1.565630316734314,E,1.9088996648788452,E,1.9445909261703491,N,1.4797077178955078,E,1.6772392988204956,E,2.11783504486084,E,2.2670881748199463,E,1.9380488395690918,E,1.9277894496917725,E,1.4841500520706177,E,1.9512287378311157,E,1.90108060836792,E,2.083958625793457,E,1.964902400970459,E,2.55863618850708,E,1.2620351314544678,E,2.562988042831421,E,2.79170298576355,E,1.5144672393798828,E,1.7598094940185547,E,1.2630488872528076,G,1.4684360027313232,G,1.4681806564331055,E,1.6538589000701904,E,1.3267093896865845,E,1.6463334560394287,G,5.541581630706787,E,1.0731931924819946,E,1.1579712629318237,D,1.3477215766906738,D,1.3374580144882202,D,1.3501497507095337,D,2.0469465255737305,D,3.1099448204040527
465,M,1.7470967608529169,M,2.466370105743408,V,2.0273525714874268,I,2.090193033218384,M,2.945836305618286,M,1.4099048376083374,M,1.7795100212097168,L,1.2256301641464233,L,1.207814335823059,L,1.5357369184494019,L,1.6664237976074219,M,2.3287816047668457,M,1.4346868991851807,M,2.953693389892578,M,1.3669967651367188,M,1.4058798551559448,M,1.6239831447601318,I,1.5800199508666992,I,1.5014604330062866,M,1.628551959991455,I,1.4195456504821777,M,2.109297275543213,V,1.8640104532241821,V,2.442098617553711,M,1.6418535709381104,I,1.7255131006240845,I,1.72562837600708,M,1.3215115070343018,M,1.889997959136963,L,1.8439713716506958,V,1.7770397663116455,M,1.3358733654022217,M,1.6872812509536743,L,1.450016736984253,L,1.4416511058807373,L,1.3617262840270996,D,1.8231968879699707,A,1.6035407781600952
466,A,2.1996716095341577,A,1.7444429397583008,A,2.0564424991607666,G,2.1317684650421143,A,1.621559977531433,S,2.4746904373168945,E,4.82347297668457,G,3.162410259246826,A,1.382298231124878,A,2.0116801261901855,A,2.2154860496520996,A,1.3321654796600342,S,2.5067739486694336,A,1.5232013463974,S,2.300723075866699,S,2.479816198348999,S,1.9167661666870117,A,1.0410908460617065,E,2.3877816200256348,E,1.8500455617904663,E,2.310882091522217,E,1.479051947593689,-,,E,2.7975807189941406,E,1.6422467231750488,G,4.392246246337891,G,4.392520427703857,G,3.420095920562744,A,1.556932806968689,A,2.3075709342956543,A,1.8998045921325684,A,1.1724886894226074,A,3.27006196975708,A,1.5363876819610596,A,1.6664094924926758,A,1.6721465587615967,G,1.2937403917312622,G,1.4153945446014404
467,L,2.1109700721243154,-,,-,,-,,G,4.300378322601318,R,1.6940569877624512,Q,0.9792553186416626,-,,-,,R,3.1110904216766357,R,2.4223082065582275,G,4.737788677215576,R,1.7505940198898315,G,4.88963508605957,R,1.8344597816467285,R,1.6876922845840454,R,1.6914868354797363,Y,1.7914142608642578,K,1.6675993204116821,-,,K,1.6898080110549927,E,2.7066760063171387,-,,E,1.3382431268692017,Q,1.0383597612380981,-,,-,,F,1.3042253255844116,L,1.2959562540054321,-,,-,,K,1.1933270692825317,Q,1.5416306257247925,-,,-,,-,,Y,2.325920820236206,Y,1.5604051351547241
468,D,2.0761360914810845,-,,-,,-,,E,2.694293260574341,E,3.33414363861084,A,1.0304481983184814,-,,-,,E,1.6607941389083862,E,1.4993221759796143,E,2.413222551345825,E,3.081547498703003,E,2.721069097518921,E,3.628425121307373,E,3.331916093826294,E,1.7314622402191162,Q,2.171513557434082,E,1.6307873725891113,-,,E,1.6239562034606934,E,1.1935125589370728,-,,E,1.7175873517990112,V,1.6700254678726196,-,,-,,I,1.4120285511016846,D,1.448358416557312,-,,-,,E,2.1125271320343018,V,1.886889100074768,-,,-,,-,,K,2.36885929107666,E,1.3884410858154297
469,T,1.8394086718559266,Y,1.8648972511291504,G,1.7877833843231201,Y,3.708383083343506,-,,-,,L,2.5930888652801514,Y,2.6344363689422607,Y,1.4282386302947998,-,,-,,-,,-,,-,,-,,-,,-,,-,,L,1.3221104145050049,-,,L,2.1349174976348877,L,1.3646855354309082,-,,L,1.8533273935317993,L,1.899755835533142,C,1.327443242073059,C,1.327443242073059,A,1.3691375255584717,T,1.8374452590942383,Y,1.6843730211257935,Y,1.22703218460083,-,,-,,H,1.8295247554779053,H,1.7847797870635986,H,1.8093701601028442,-,,-,
470,-,1.1965668201446533,-,,-,,-,,-,,-,,-,,-,,-,,-,,-,,-,,-,,-,,-,,-,,-,,-,,-,,Q,1.1965668201446533,-,,-,,-,,-,,-,,-,,-,,-,,-,,-,,-,,-,,-,,-,,-,,-,,-,,-,
471,-,2.13967488362239,D,5.30314302444458,D,2.5642776489257812,D,2.1832408905029297,-,,-,,-,,E,1.7377939224243164,D,1.695656657218933,-,,-,,-,,-,,-,,-,,-,,-,,-,,-,,V,4.297317028045654,-,,-,,-,,-,,-,,D,1.4597160816192627,D,1.4590815305709839,-,,-,,D,1.1982958316802979,D,1.720289707183838,-,,-,,D,1.4158809185028076,D,1.3631689548492432,D,1.4179112911224365,-,,-,
472,-,1.9576839676925115,A,1.6093575954437256,A,1.9499404430389404,L,1.4021754264831543,A,1.4880343675613403,A,1.2811026573181152,-,,I,1.4998329877853394,I,1.3495858907699585,A,3.637098550796509,A,3.036673069000244,A,1.689500331878662,A,1.2865923643112183,A,1.5096497535705566,A,1.345844030380249,A,1.2769352197647095,A,2.0347816944122314,V,1.2056950330734253,-,,L,1.5246894359588623,-,,-,,-,,-,,-,,I,1.9605673551559448,I,1.9602566957473755,-,,-,,I,1.367376685142517,I,1.4172911643981934,A,3.943448066711426,A,2.2712039947509766,V,2.7928714752197266,V,2.7156996726989746,V,2.803344964981079,V,2.679856538772583,V,1.7757456302642822
473,M,1.8493148121568892,L,1.5269795656204224,F,2.877239465713501,L,0.865892767906189,K,1.188080072402954,E,1.6467171907424927,A,1.745874285697937,L,2.074697971343994,L,2.9333136081695557,Y,1.1652681827545166,Y,1.4293124675750732,K,1.3010836839675903,E,1.6639913320541382,K,1.2038378715515137,E,1.5601919889450073,E,1.6235255002975464,E,2.00203537940979,L,2.0384957790374756,A,2.096543550491333,S,2.0207157135009766,A,2.188962697982788,T,1.3212196826934814,-,,T,2.557466983795166,S,5.58035135269165,L,1.5388089418411255,L,1.5388795137405396,L,1.634450912475586,M,1.8173853158950806,L,1.4210067987442017,L,1.2629566192626953,E,2.780918598175049,K,1.4764244556427002,L,1.9040061235427856,L,1.9150793552398682,L,1.8683027029037476,M,0.96042799949646,M,1.8448888063430786
474,K,1.8852312068144481,K,1.1260343790054321,E,1.5589628219604492,R,1.6584672927856445,K,1.1747305393218994,T,1.5002707242965698,K,1.7197110652923584,K,1.7015234231948853,K,1.9420827627182007,K,3.5732109546661377,K,4.080785751342773,K,1.2281098365783691,T,1.5320849418640137,K,1.1741358041763306,T,1.4250082969665527,T,1.471980333328247,K,3.927086114883423,K,1.4184590578079224,N,2.117288827896118,K,1.2183479070663452,N,1.9713326692581177,K,1.7084659337997437,-,,K,2.0475716590881348,K,1.2001864910125732,K,1.5114703178405762,K,1.5111267566680908,R,1.8700484037399292,K,1.5311002731323242,K,1.6827819347381592,K,1.3962008953094482,K,3.234666347503662,K,5.487122058868408,K,1.629622220993042,K,1.7226513624191284,K,1.5623090267181396,K,1.2661494016647339,R,0.9872368574142456
475,E,2.0872926357630135,E,3.0016400814056396,E,1.1498680114746094,D,2.0644819736480713,S,1.4477089643478394,A,1.2765713930130005,E,3.0574893951416016,D,3.5867655277252197,D,1.911581039428711,S,1.9487910270690918,S,1.4000941514968872,S,1.3572633266448975,A,1.2376536130905151,S,1.4295330047607422,A,1.273443579673767,A,1.5443313121795654,A,1.1847723722457886,E,1.6542713642120361,E,1.3382090330123901,E,1.2197580337524414,E,1.2943750619888306,D,5.393365859985352,A,1.5060479640960693,Q,1.3885440826416016,E,1.2408322095870972,Y,3.1221251487731934,Y,3.121966600418091,D,1.8559811115264893,E,3.159350872039795,D,1.3379924297332764,D,1.4741847515106201,V,2.6998534202575684,S,2.5051798820495605,D,1.1897974014282227,D,1.0816704034805298,D,1.2962733507156372,E,6.401319980621338,D,4.07673978805542
476,Q,1.8606994957537264,Q,1.1453046798706055,H,2.880749464035034,R,3.3743832111358643,Q,1.4408366680145264,Q,1.6238245964050293,F,2.9966659545898438,R,2.012216091156006,Q,1.0554897785186768,Q,1.4795236587524414,Q,1.585572600364685,Q,1.4291263818740845,Q,1.6876095533370972,Q,1.3864511251449585,Q,1.6554546356201172,Q,1.620104193687439,Q,2.0011067390441895,Q,2.0201072692871094,N,1.5814489126205444,G,2.2006962299346924,N,1.4945755004882812,G,1.3498650789260864,C,1.671370029449463,G,1.5243494510650635,G,1.8621819019317627,K,3.1765949726104736,K,3.176468849182129,Q,1.745576024055481,Q,1.8904231786727905,Q,3.058473825454712,H,1.6581621170043945,Q,1.541988730430603,Q,1.4027053117752075,K,1.3969829082489014,K,1.4349427223205566,K,1.3564410209655762,K,2.4467861652374268,K,1.4813218116760254
477,R,2.1852261794579997,G,1.4569206237792969,R,2.5412728786468506,G,1.7071409225463867,G,2.4950077533721924,G,3.510657787322998,K,1.7886518239974976,G,2.2905702590942383,G,1.6503058671951294,G,1.915832281112671,G,1.5676183700561523,G,2.64628267288208,G,3.981015205383301,G,2.391758918762207,G,3.618459939956665,G,3.546128034591675,G,1.371227502822876,G,2.2917978763580322,K,1.469980001449585,K,2.9244892597198486,K,1.5733240842819214,K,1.5778287649154663,D,2.0941874980926514,R,1.3961161375045776,K,1.5050125122070312,K,1.8104907274246216,K,1.8107331991195679,E,4.143251895904541,R,1.8467603921890259,G,1.96763277053833,R,1.449300765991211,G,4.518640041351318,G,1.22784423828125,G,2.1811225414276123,G,2.2219207286834717,G,2.138263463973999,G,1.0749014616012573,G,1.1509194374084473
478,F,1.7187700223278355,V,1.5754947662353516,V,1.1537846326828003,F,2.313901424407959,R,1.2799832820892334,R,1.8670316934585571,S,0.9202976822853088,I,1.522325038909912,F,1.1729238033294678,R,1.0039986371994019,R,1.1841615438461304,R,1.358654260635376,R,1.6078333854675293,R,1.295695185661316,R,1.9017448425292969,R,1.866225004196167,R,1.9435327053070068,I,1.8453525304794312,S,1.0891040563583374,L,1.181304693222046,S,1.098321795463562,A,2.2917094230651855,A,4.403478145599365,S,1.1308598518371582,L,1.6788419485092163,I,1.2843190431594849,I,1.284348487854004,V,1.839701771736145,F,1.2537466287612915,F,1.8840019702911377,R,2.8381807804107666,R,2.612549066543579,R,1.0971320867538452,F,2.8563289642333984,F,2.89447283744812,F,2.8149068355560303,L,1.0304516553878784,V,1.2177903652191162
479,-,1.3366974592208862,-,,-,,-,,-,,-,,-,,-,,-,,-,,-,,-,,-,,-,,-,,-,,-,,-,,-,,-,,-,,-,,-,,-,,-,,-,,-,,G,1.3366974592208862,-,,-,,-,,-,,-,,-,,-,,-,,-,,-,
480,H,1.7529136361302555,H,1.831961750984192,P,1.8533117771148682,N,2.1003410816192627,D,1.1804449558258057,D,1.682464361190796,D,1.016014814376831,N,2.237856149673462,N,3.673118829727173,D,1.2675806283950806,D,1.3370296955108643,D,1.1636626720428467,D,1.5676816701889038,D,1.4681752920150757,D,1.8346518278121948,D,1.6807740926742554,D,1.4384915828704834,N,2.014270544052124,F,1.5794328451156616,D,1.7584890127182007,F,1.5754685401916504,H,2.088824510574341,L,2.4673874378204346,Y,1.4722552299499512,D,2.092045783996582,D,1.2134329080581665,D,1.2134690284729004,M,2.093498945236206,H,1.5147076845169067,N,1.0606062412261963,N,1.931904673576355,D,1.515328288078308,D,1.4561419486999512,N,1.592617154121399,N,1.777289628982544,N,1.6990779638290405,D,4.037308692932129,N,1.3706862926483154
481,I,2.220348702894675,I,1.8690893650054932,I,2.6866331100463867,G,1.7043207883834839,T,1.5118129253387451,T,2.7062017917633057,R,2.5325660705566406,T,1.7861168384552002,S,1.9080989360809326,T,3.187450885772705,T,3.3344950675964355,T,1.536206603050232,T,2.5586142539978027,T,1.417910099029541,T,2.481024742126465,T,2.707111358642578,T,3.843867778778076,I,5.973728179931641,L,2.0389585494995117,R,2.2790422439575195,L,2.01161527633667,Y,1.4004473686218262,I,1.3972606658935547,R,1.287621259689331,R,1.0726041793823242,V,1.5159807205200195,V,1.516086459159851,I,4.0040202140808105,I,1.2076419591903687,S,1.637502908706665,T,1.7468669414520264,T,1.171140193939209,T,1.5930641889572144,S,2.93184232711792,S,2.927319288253784,S,2.924375295639038,V,1.9656141996383667,I,1.7786489725112915
482,I,1.8129544354773857,V,1.2447110414505005,L,1.8529787063598633,I,2.0251429080963135,I,1.7650126218795776,L,1.5823405981063843,V,1.2409051656723022,I,1.4467482566833496,I,2.315467119216919,L,1.393986701965332,L,1.4587461948394775,I,1.5790528059005737,L,1.44853937625885,I,1.7135908603668213,L,1.4029823541641235,L,1.5565452575683594,L,1.8530583381652832,M,1.5956135988235474,V,4.499104022979736,V,1.683990240097046,V,4.539676189422607,V,1.1293584108352661,V,1.194009780883789,I,4.430060386657715,V,2.6010961532592773,I,1.5940470695495605,I,1.5941967964172363,I,1.488652229309082,I,2.988107919692993,I,1.1755588054656982,I,1.0310670137405396,L,0.836186408996582,I,2.0164425373077393,L,1.4842113256454468,L,1.4795509576797485,L,1.4753166437149048,I,1.316649317741394,I,1.0466099977493286
483,K,2.150255351453214,E,2.7810990810394287,S,1.8405777215957642,P,2.556102752685547,N,1.5568804740905762,N,3.9265639781951904,Y,2.5652151107788086,P,1.257675051689148,A,1.4058250188827515,N,1.9721717834472656,N,1.9035872220993042,N,1.7416179180145264,N,3.7036373615264893,N,1.5441560745239258,N,3.9120032787323,N,3.9289801120758057,D,1.3690675497055054,P,1.5512561798095703,N,1.2636469602584839,Y,3.2583343982696533,N,1.2773258686065674,Y,1.1815723180770874,P,2.0278820991516113,H,1.5795899629592896,Y,3.296623945236206,P,1.2396559715270996,P,1.2195695638656616,P,2.53572154045105,K,1.7845194339752197,S,3.7229108810424805,P,1.7600010633468628,N,1.5240081548690796,N,1.3229947090148926,P,1.0607707500457764,P,1.055130958557129,P,1.0536823272705078,P,1.4359360933303833,P,6.443154335021973
484,Y,2.084051736303278,Y,1.7685718536376953,Y,2.9777491092681885,H,2.911092758178711,Y,1.9863917827606201,Y,2.0854153633117676,Y,1.6648190021514893,H,1.9389814138412476,Y,1.1552852392196655,Y,2.6926381587982178,Y,2.6729204654693604,Y,1.8218990564346313,Y,2.626140832901001,Y,1.9714546203613281,Y,2.118494749069214,Y,2.0586400032043457,Y,2.5256409645080566,Y,2.65937876701355,Y,1.2845402956008911,Y,0.79609215259552,Y,1.3064954280853271,Y,3.162899971008301,Y,1.2651913166046143,Y,2.0254969596862793,Y,0.9613820910453796,Y,1.4722689390182495,Y,1.4502151012420654,Y,5.3678178787231445,Y,2.952286958694458,Y,1.8785369396209717,Y,1.3116090297698975,Y,1.3720983266830444,Y,1.5153181552886963,Y,1.448649525642395,Y,1.4398040771484375,Y,1.454854965209961,Y,1.8990912437438965,Y,5.109750747680664
485,L,1.7867905320347965,L,1.5505592823028564,L,2.926980495452881,I,1.1622364521026611,S,1.99807870388031,A,1.6085360050201416,A,1.7765381336212158,I,1.877984881401062,L,1.5142778158187866,A,1.0865817070007324,A,1.0810787677764893,A,2.244804620742798,A,1.492673635482788,A,1.9277664422988892,A,1.5277445316314697,A,1.5806642770767212,A,1.0718753337860107,L,1.702315330505371,S,1.6755820512771606,A,2.3049542903900146,S,1.686860203742981,A,1.866538405418396,L,2.124941110610962,A,2.406022310256958,A,1.9812395572662354,L,1.967773199081421,L,1.9479434490203857,L,2.2359347343444824,L,1.4912805557250977,L,2.3344130516052246,L,2.8283283710479736,V,1.9379490613937378,A,1.4927211999893188,L,1.2559800148010254,L,1.2555760145187378,L,1.2565484046936035,L,2.0353219509124756,L,1.8946453332901
486,K,1.9126357065664756,R,1.0852234363555908,R,2.364424705505371,A,1.1398444175720215,R,1.5214887857437134,R,1.0974994897842407,K,3.411527395248413,H,1.4144591093063354,Q,1.7543418407440186,R,4.101761817932129,R,4.60356330871582,R,1.7092392444610596,R,1.0606578588485718,R,1.5254167318344116,R,1.0720274448394775,R,1.0916270017623901,R,4.819400787353516,T,1.3390483856201172,I,1.4453580379486084,K,1.9460400342941284,I,1.4561246633529663,K,1.4546116590499878,R,1.1251513957977295,K,1.8161730766296387,K,1.9372663497924805,K,1.8669122457504272,K,1.8437299728393555,K,1.2813506126403809,K,1.3319060802459717,Q,1.401689887046814,Q,1.9015841484069824,R,1.5756056308746338,R,1.6832644939422607,K,3.2033331394195557,K,3.214406967163086,K,3.202029228210449,K,1.1458735466003418,K,0.8235582113265991
487,K,1.8301847190470308,K,1.838254451751709,N,3.896536350250244,Q,2.2468090057373047,Q,1.4248217344284058,Q,1.1274123191833496,Y,1.9343966245651245,Q,1.9051833152770996,R,1.8819125890731812,Q,1.5012450218200684,Q,1.4758387804031372,Q,1.5782263278961182,Q,1.0566082000732422,Q,1.540870189666748,Q,1.1510223150253296,Q,1.1835370063781738,R,2.630721092224121,K,4.334805965423584,N,1.83404541015625,N,1.4397358894348145,N,1.8324174880981445,I,3.663010835647583,N,1.0690252780914307,E,1.651847243309021,N,1.9349591732025146,K,1.2525261640548706,K,1.351171612739563,K,1.3538591861724854,K,1.5317946672439575,R,1.1430028676986694,E,2.0274205207824707,Q,0.9991360306739807,H,1.5156127214431763,R,2.0954484939575195,R,2.1178770065307617,R,2.0925772190093994,R,2.8876984119415283,R,1.215467095375061
488,A,2.195279504801776,V,2.6232781410217285,A,2.5026371479034424,A,2.5169079303741455,A,1.4293574094772339,A,1.6241276264190674,E,4.245254039764404,S,4.4467692375183105,S,2.6494345664978027,A,1.4210759401321411,A,1.4272384643554688,A,1.3143470287322998,A,1.5967594385147095,A,1.3951506614685059,A,1.6232542991638184,A,1.62026047706604,A,1.3486510515213013,S,2.852966070175171,E,1.0353600978851318,E,3.494112491607666,E,1.0443941354751587,E,2.109889030456543,A,3.548403739929199,I,1.6947126388549805,E,2.32366943359375,S,3.659853219985962,S,3.6408157348632812,A,1.71927011013031,A,1.1519395112991333,S,1.5150578022003174,T,2.092632293701172,A,2.8374223709106445,A,1.8273301124572754,S,2.506718873977661,S,2.5061757564544678,S,2.507516622543335,S,1.8194636106491089,A,1.553134560585022
489,W,1.986320669586594,W,2.5544345378875732,W,1.4942983388900757,W,1.992592692375183,W,1.901540994644165,W,1.3354239463806152,M,2.5514276027679443,W,1.7719312906265259,W,2.5186920166015625,L,1.046722412109375,L,1.0709283351898193,W,1.992105484008789,W,1.2607253789901733,W,1.8114317655563354,W,1.2628432512283325,W,1.3378721475601196,W,1.0564903020858765,W,2.0227816104888916,M,3.7595555782318115,M,4.336820125579834,M,3.7318661212921143,T,1.2612769603729248,W,4.188263416290283,M,1.1814522743225098,M,2.18361496925354,W,1.955435037612915,W,1.9280352592468262,W,1.6847504377365112,W,1.746524453163147,W,1.7580732107162476,W,1.1159225702285767,W,1.812117576599121,W,2.0582265853881836,W,2.261246919631958,W,2.260591983795166,W,2.261214256286621,W,1.6430034637451172,W,1.3836314678192139
490,V,2.002540030994931,A,1.8836567401885986,T,2.302055835723877,A,2.2181079387664795,E,2.0404250621795654,E,2.625857353210449,K,2.314748764038086,V,2.7206809520721436,L,1.6280195713043213,E,1.2818255424499512,E,1.1475118398666382,E,1.884218692779541,E,3.0233538150787354,E,2.026765823364258,E,3.0267114639282227,E,2.645399332046509,D,0.9319068193435669,A,1.4618749618530273,K,3.4061338901519775,K,3.8586275577545166,K,3.4329159259796143,N,1.3231303691864014,T,1.2144529819488525,K,2.6284916400909424,K,2.8521311283111572,A,1.8897297382354736,A,1.8672274351119995,A,1.18792724609375,V,2.129976749420166,L,1.8404351472854614,V,1.4724408388137817,E,1.4637455940246582,E,1.2075443267822266,K,1.4771126508712769,K,1.475953221321106,K,1.4750913381576538,A,1.4996180534362793,A,1.2281748056411743
491,D,1.839231252670288,D,2.87506365776062,D,1.8446027040481567,T,2.43259596824646,A,2.6599881649017334,D,1.2515474557876587,K,1.1853524446487427,S,1.3650338649749756,S,2.388702154159546,D,1.284737229347229,D,1.2706897258758545,A,2.6359543800354004,D,1.2303862571716309,A,2.584949254989624,D,1.2434730529785156,D,1.24903404712677,D,1.610602617263794,D,1.714913249015808,K,1.8148990869522095,K,1.6664122343063354,K,1.7840496301651,K,1.9938337802886963,D,0.9775419235229492,N,1.5157476663589478,K,2.7277719974517822,D,1.0832457542419434,D,1.0832653045654297,D,1.327902913093567,D,4.28603982925415,S,2.647491216659546,E,1.9108458757400513,P,2.3695967197418213,A,1.7412786483764648,D,1.8010667562484741,D,1.816517949104309,D,1.8020597696304321,D,1.3628418445587158,E,1.5115212202072144
492,L,1.8014312853684296,L,1.5093581676483154,L,1.734715223312378,L,2.0394251346588135,Y,1.6383146047592163,F,1.06929349899292,L,2.185009241104126,L,1.4738588333129883,L,1.261021614074707,Y,2.238879919052124,Y,2.1259193420410156,Y,1.7661594152450562,F,1.04970121383667,Y,1.6024404764175415,F,1.1153924465179443,F,1.0763660669326782,Y,1.3833173513412476,L,1.6004306077957153,V,1.1950393915176392,L,2.7744369506835938,V,1.1702386140823364,W,2.7906765937805176,L,1.5823370218276978,Q,1.3801785707473755,L,5.6958136558532715,L,1.6024236679077148,L,1.6032986640930176,Q,1.7311846017837524,L,2.8016879558563232,L,2.600597858428955,L,3.808664321899414,Y,1.8629124164581299,Y,1.3736646175384521,L,1.0082299709320068,L,1.0228722095489502,L,1.0081061124801636,L,1.0992354154586792,L,1.6717557907104492
493,C,1.9813168789889362,C,0.9900768995285034,C,1.331902265548706,C,1.2188889980316162,I,1.667108178138733,I,1.4704840183258057,V,2.5839929580688477,V,1.2177021503448486,V,1.0649362802505493,L,1.6587321758270264,L,1.654675841331482,I,1.5129565000534058,I,1.3534936904907227,I,1.4983060359954834,I,1.4016647338867188,I,1.3680057525634766,L,3.6198959350585938,S,1.5407602787017822,V,3.3009586334228516,V,1.3246071338653564,V,3.2767858505249023,I,1.269604206085205,C,2.403125762939453,A,3.1045281887054443,V,1.5000030994415283,C,2.407628297805786,C,2.407628297805786,C,1.720694899559021,C,2.0865330696105957,V,1.5604721307754517,V,1.8557392358779907,F,1.4986767768859863,L,1.9949911832809448,I,2.8187267780303955,I,2.8704710006713867,I,2.820164918899536,C,2.439101219177246,C,3.4947011470794678
494,R,2.069991604701893,K,1.3430132865905762,K,1.1815810203552246,K,1.4650055170059204,D,4.050524711608887,D,2.6597468852996826,R,1.9127459526062012,E,2.0770986080169678,E,1.6391947269439697,G,1.5884435176849365,G,1.5743602514266968,D,3.4001553058624268,D,2.988541841506958,D,4.042053699493408,D,2.3497605323791504,D,2.603419065475464,D,1.2810518741607666,K,1.2456707954406738,R,1.8119983673095703,R,1.9388468265533447,R,1.7581188678741455,K,4.322690963745117,K,1.0441402196884155,R,1.8783059120178223,R,2.2555925846099854,R,2.282789945602417,R,2.282771110534668,K,1.3843846321105957,R,1.1390247344970703,E,2.4319815635681152,E,1.8712687492370605,D,1.8978538513183594,D,1.657732605934143,E,2.0370213985443115,E,2.060720205307007,E,2.0387682914733887,K,1.7611547708511353,K,1.3321561813354492
495,Y,1.8275501728057861,A,1.2563865184783936,A,1.398112416267395,K,1.2611688375473022,S,1.7672818899154663,S,1.5591480731964111,A,1.1469379663467407,A,1.5690340995788574,G,4.4337615966796875,S,1.620556354522705,S,1.603834629058838,S,1.785757303237915,S,1.3930575847625732,S,1.755486011505127,S,1.420670509338379,S,1.549179196357727,S,1.0649381875991821,S,1.6633528470993042,G,1.9569329023361206,A,2.3840906620025635,G,1.8582195043563843,S,2.1257474422454834,S,1.8343124389648438,L,1.1227474212646484,A,1.2152386903762817,T,1.6768910884857178,T,1.676939606666565,S,3.0177364349365234,Y,1.8978729248046875,G,1.31414794921875,A,2.4943835735321045,A,1.4473434686660767,S,1.8436110019683838,R,2.423964738845825,R,2.251431703567505,R,2.4222824573516846,A,2.668414354324341,M,1.7383840084075928
496,Y,2.1324261233613298,Y,2.1978683471679688,Y,1.529167890548706,Y,1.5115623474121094,Y,1.3780444860458374,Y,1.8305294513702393,Y,2.141232967376709,F,2.736056089401245,F,2.49615216255188,Y,4.131047248840332,Y,4.112808704376221,Y,1.4252686500549316,Y,2.007399797439575,Y,1.5012404918670654,Y,2.191798686981201,Y,2.152484893798828,Y,1.416121244430542,Y,1.7997126579284668,Y,2.0205581188201904,Y,2.7340314388275146,Y,2.0267090797424316,Y,3.5197513103485107,Y,1.861275553703308,Y,2.723952054977417,Y,2.437117099761963,Y,2.5227012634277344,Y,2.5227231979370117,Y,1.8992913961410522,Y,3.4526426792144775,F,1.1663199663162231,Y,1.6403130292892456,Y,1.948982834815979,Y,1.8572126626968384,Y,1.29094660282135,Y,1.3059093952178955,Y,1.2906893491744995,Y,1.6306736469268799,Y,2.4894697666168213
497,L,2.169641114569999,L,2.2366819381713867,L,1.6511614322662354,L,3.2074055671691895,M,5.103102207183838,M,2.1155426502227783,F,1.3354415893554688,L,1.3798024654388428,F,1.212775468826294,L,3.7725589275360107,L,3.8052401542663574,M,5.5350847244262695,M,2.164351224899292,M,5.067412853240967,M,2.269808053970337,M,2.059624433517456,M,2.4975175857543945,L,1.4322147369384766,F,1.6532448530197144,F,1.3482756614685059,F,1.6057029962539673,L,1.193352222442627,L,2.6021554470062256,F,2.360555410385132,F,3.0008270740509033,L,1.4835134744644165,L,1.4833807945251465,L,1.7841256856918335,L,1.6503844261169434,F,1.8460204601287842,M,1.6283223628997803,M,1.8624151945114136,M,1.651620626449585,L,1.39701509475708,L,1.4112565517425537,L,1.3963806629180908,L,1.1663646697998047,M,0.9060815572738647
498,V,2.117040808136399,Q,2.997647285461426,R,3.144604444503784,K,1.009141206741333,K,2.336981773376465,Q,1.341058611869812,K,2.1754612922668457,K,1.935190200805664,Q,2.233731269836426,K,1.7675247192382812,K,1.7649812698364258,K,2.374481201171875,Q,1.3555302619934082,K,2.298095464706421,Q,1.3902723789215088,Q,1.2948391437530518,Q,1.4173601865768433,Q,3.319441795349121,Q,2.3408401012420654,K,1.5338013172149658,Q,2.39050030708313,K,2.770737409591675,I,2.222446918487549,A,2.7247860431671143,K,1.7286494970321655,V,1.2419041395187378,V,1.242005467414856,V,1.240949273109436,V,2.260084629058838,Q,4.389318466186523,K,1.1169592142105103,I,2.6479873657226562,K,3.4000895023345947,I,2.563145160675049,I,2.59721040725708,I,2.564089059829712,V,1.376664400100708,R,1.8219987154006958
499,E,1.8765158169978373,E,2.460236072540283,E,1.5565576553344727,E,1.4168802499771118,E,2.0642285346984863,E,2.0097029209136963,E,1.8489720821380615,E,3.0207860469818115,E,2.6962668895721436,E,1.2664577960968018,E,1.2568386793136597,E,2.21510648727417,E,2.0441043376922607,E,2.178954601287842,E,1.9531934261322021,E,2.013458728790283,E,1.868687391281128,E,1.5572175979614258,E,2.1091203689575195,E,1.2879122495651245,E,2.0207879543304443,E,1.6228742599487305,E,3.5411088466644287,E,1.9578149318695068,E,1.3761640787124634,E,1.4879069328308105,E,1.4879376888275146,E,1.6167114973068237,E,1.1236952543258667,E,2.3038315773010254,E,1.881452202796936,E,1.5507917404174805,E,1.696842908859253,E,1.4075796604156494,E,1.4086953401565552,E,1.4073055982589722,E,3.3265345096588135,E,1.3883681297302246
500,A,2.115054223988507,A,1.7952078580856323,A,1.778941035270691,A,1.5267912149429321,A,1.4767199754714966,A,1.5438534021377563,A,1.4195451736450195,E,2.832188129425049,A,1.2813162803649902,A,2.560906171798706,A,2.5720558166503906,A,1.4211515188217163,A,1.5144134759902954,A,1.4289013147354126,A,1.5019274950027466,A,1.5795047283172607,A,2.1505157947540283,A,1.7740944623947144,A,5.877312660217285,T,2.4927849769592285,A,5.83239221572876,A,1.5997809171676636,A,2.602583646774292,A,3.5098140239715576,T,2.5183424949645996,A,1.0360623598098755,A,1.0360623598098755,A,1.099419116973877,A,1.2433971166610718,A,1.256495475769043,A,3.4283015727996826,A,1.4120161533355713,A,1.4711333513259888,A,2.2704873085021973,A,2.270509719848633,A,2.2748043537139893,A,2.7401397228240967,A,2.1271328926086426
501,K,1.991968325666479,K,1.2424780130386353,K,1.4384716749191284,K,2.5134763717651367,E,1.542818546295166,K,2.2782959938049316,Q,2.2445037364959717,E,1.0837937593460083,K,2.180588960647583,E,1.0031546354293823,E,0.9933942556381226,E,1.488770604133606,K,2.5287694931030273,E,1.5198256969451904,K,2.5600528717041016,K,2.2915730476379395,K,1.5842264890670776,R,1.4415054321289062,K,1.8371506929397583,Q,1.9826065301895142,K,1.846794605255127,E,1.2636927366256714,K,1.8431578874588013,I,3.5443191528320312,Q,1.4258586168289185,K,1.8760483264923096,K,1.8760454654693604,K,2.710742473602295,K,2.424358367919922,K,1.8153449296951294,E,2.4036128520965576,K,3.6117451190948486,E,5.029124736785889,K,1.4680923223495483,K,1.4649385213851929,K,1.4680646657943726,K,1.9275153875350952,R,1.9479150772094727
502,W,2.014280615626155,W,1.8227620124816895,W,1.6397145986557007,W,1.2206436395645142,W,1.9846782684326172,W,2.4183483123779297,W,1.3541806936264038,W,1.6563383340835571,W,1.670332670211792,W,0.9803054332733154,W,1.1299149990081787,W,1.896181583404541,W,2.365910768508911,W,1.9332743883132935,W,2.4301252365112305,W,2.425501585006714,W,2.0625598430633545,W,1.328627109527588,W,3.0738635063171387,W,2.4168994426727295,W,3.030911684036255,W,1.6890969276428223,W,2.0979859828948975,W,3.595916748046875,W,1.9073448181152344,W,2.1662614345550537,W,2.1667187213897705,W,1.6982468366622925,W,1.489257574081421,W,2.790743112564087,W,1.3058222532272339,W,1.5091145038604736,W,2.312213897705078,W,2.109790563583374,W,2.1320998668670654,W,2.0985729694366455,W,2.81111216545105,W,1.807010293006897
503,Y,2.164599582955644,Y,1.8027807474136353,Y,0.9900860786437988,Y,4.8102312088012695,I,1.1480669975280762,I,2.8639562129974365,L,1.8177310228347778,Y,2.1019160747528076,Y,1.5327993631362915,I,1.3149017095565796,I,1.2838085889816284,I,1.1848617792129517,I,2.9663965702056885,I,1.2439322471618652,I,3.081908702850342,I,2.6040496826171875,I,1.5111974477767944,Y,1.5180985927581787,Y,1.2759877443313599,L,1.656798005104065,Y,1.2547459602355957,L,1.6833621263504028,Y,3.3375799655914307,F,3.037111282348633,L,1.2764430046081543,Y,6.269861221313477,Y,6.269861221313477,Y,3.238158941268921,Y,1.235230565071106,Y,1.3039511442184448,Y,1.072748064994812,I,1.3240971565246582,I,1.6310714483261108,Y,1.7810723781585693,Y,1.8105229139328003,Y,1.7816402912139893,Y,2.172717809677124,Y,2.9005002975463867
504,S,2.1151215036710105,Y,2.329240560531616,F,3.081705093383789,H,1.8522188663482666,S,1.483956217765808,A,1.5254626274108887,N,6.439619064331055,E,2.1292102336883545,Y,1.7011237144470215,-,,-,,S,1.5025033950805664,A,1.5234630107879639,S,1.4596301317214966,A,1.580161452293396,A,1.543565034866333,-,,Y,2.3474154472351074,-,,N,2.183399200439453,-,,K,2.5117852687835693,F,1.1065001487731934,H,3.740199565887451,N,3.206167221069336,K,1.0395961999893188,K,1.039538860321045,-,,S,1.765340805053711,Y,2.2445244789123535,K,2.8612608909606934,-,,S,1.4079759120941162,H,1.831949234008789,H,1.812087893486023,H,1.831141710281372,H,2.153646230697632,H,2.219256639480591
505,N,2.0866344831883907,A,2.5344440937042236,S,1.0696502923965454,S,1.9491609334945679,-,,T,1.5667643547058105,N,4.223422050476074,S,1.438201904296875,A,1.5891261100769043,S,2.0352022647857666,S,2.0199108123779297,-,,T,1.468075156211853,-,,T,1.5251901149749756,T,1.5870130062103271,A,2.1382927894592285,-,,Y,2.6724274158477783,D,2.3291800022125244,Y,2.634756565093994,N,1.3094055652618408,S,1.785812258720398,E,2.433274507522583,D,1.8927775621414185,R,2.474043130874634,R,2.474409818649292,N,1.2757264375686646,N,1.8191789388656616,A,1.6501935720443726,S,1.5061571598052979,S,5.003081321716309,-,,N,2.6755712032318115,N,2.643932342529297,N,2.6807286739349365,R,1.0661911964416504,T,1.3010019063949585
506,-,2.2132541686296463,-,,-,,-,,S,1.9315730333328247,-,,D,2.181304693222046,-,,-,,T,1.759544849395752,T,1.772267460823059,S,1.983049988746643,-,,S,1.9149973392486572,-,,-,,T,2.0699548721313477,S,1.0308997631072998,G,2.529419183731079,C,6.612880706787109,G,2.577099323272705,-,,-,,G,1.8116337060928345,C,2.38215970993042,-,,-,,S,1.225982666015625,-,,-,,-,,S,1.8929781913757324,T,1.736321210861206,-,,-,,-,,-,,-,
507,K,2.9795614310673306,-,,-,,-,,G,1.8819361925125122,G,3.2089791297912598,N,3.179504871368408,-,,-,,G,7.433582305908203,G,7.373124122619629,G,1.8856242895126343,G,3.3997676372528076,G,1.8521900177001953,G,3.134363889694214,G,3.229978561401367,G,2.3028790950775146,G,2.950470447540283,K,1.7360095977783203,D,4.623056411743164,K,1.774146318435669,D,1.6508485078811646,-,,-,,D,3.63106369972229,-,,-,,G,1.2701103687286377,K,2.4691295623779297,-,,-,,G,1.5541983842849731,G,2.0298266410827637,-,,-,,-,,-,,-,
508,Y,1.7845047513643901,G,1.1788400411605835,K,2.1232292652130127,G,1.2382280826568604,-,,-,,H,1.4609345197677612,G,1.3089674711227417,G,3.4236273765563965,-,,-,,-,,-,,-,,-,,-,,-,,-,,K,1.1603654623031616,H,1.2366209030151367,K,1.1909881830215454,I,1.7754907608032227,K,2.8226726055145264,C,2.459507942199707,H,3.871461868286133,G,1.2348819971084595,G,1.2227452993392944,Y,1.0416125059127808,Y,1.3804582357406616,G,1.506855845451355,G,2.365624189376831,-,,-,,R,1.8524746894836426,R,1.6783392429351807,R,1.853339433670044,G,2.048091173171997,G,1.3927569389343262
509,R,1.7812076355959918,Y,1.7153995037078857,Y,2.332468271255493,Y,2.121032476425171,C,1.2706412076950073,Y,1.5770317316055298,I,2.0201594829559326,Y,1.5524941682815552,Y,1.4773705005645752,Y,1.784916639328003,Y,1.7667210102081299,C,1.3547310829162598,Y,1.5749220848083496,C,1.2457818984985352,Y,1.5782771110534668,Y,1.6130450963974,Y,1.3915214538574219,Y,1.4265657663345337,V,1.8606475591659546,I,1.1352217197418213,V,1.8793781995773315,I,2.3337976932525635,Y,1.3302556276321411,T,1.5567991733551025,I,2.908841371536255,Y,2.0241878032684326,Y,1.9868783950805664,I,2.3753881454467773,R,2.605668783187866,Y,1.7265667915344238,Y,1.716383457183838,Y,1.288069725036621,C,1.1009167432785034,Y,1.2686680555343628,Y,1.2923022508621216,Y,1.2683048248291016,Y,3.547426462173462,Y,2.895900249481201
510,-,1.8412939104540595,T,2.8205249309539795,I,1.0844755172729492,K,1.3974406719207764,L,2.2697412967681885,L,1.6052426099777222,-,,T,1.8789761066436768,T,1.2836710214614868,I,1.9319565296173096,I,1.9451813697814941,L,2.596256732940674,L,1.5916111469268799,L,2.501354217529297,L,1.5778520107269287,L,1.6232457160949707,L,1.582759141921997,T,1.006705403327942,-,,P,1.0654418468475342,-,,-,,I,3.478299140930176,-,,-,,K,2.7326667308807373,K,2.7134475708007812,-,,-,,T,1.5828708410263062,T,1.5753817558288574,L,1.5041279792785645,L,1.4464020729064941,T,1.847111463546753,T,1.9641571044921875,T,1.8481988906860352,K,1.8314785957336426,T,1.1109449863433838
511,P,2.363138796509923,P,1.4429526329040527,P,1.3082941770553589,P,1.233077049255371,P,1.7693896293640137,P,4.949406147003174,P,0.8849535584449768,P,2.947834014892578,P,2.0588269233703613,P,3.6235859394073486,P,4.148883819580078,P,1.680834412574768,P,4.974417209625244,P,1.764977216720581,P,4.913791656494141,P,4.964547157287598,P,3.7194933891296387,P,1.1782410144805908,P,1.4681352376937866,K,1.8861055374145508,P,1.4827436208724976,P,2.4022300243377686,P,2.3175129890441895,P,1.2964866161346436,P,1.5126553773880005,P,3.2782540321350098,P,3.26047682762146,P,2.0319457054138184,P,1.5267865657806396,P,3.3775460720062256,P,1.7992767095565796,P,2.074651002883911,P,1.963376760482788,P,1.6458899974822998,P,1.703121304512024,P,1.6462345123291016,P,2.167400360107422,P,1.0318002700805664
512,S,2.232910684637121,T,1.1533716917037964,T,3.8222224712371826,T,2.9781033992767334,T,1.6236262321472168,T,2.160468578338623,K,0.9783881902694702,S,1.2140395641326904,T,1.9882845878601074,T,1.645678997039795,T,1.65399968624115,T,1.5413023233413696,T,2.200683832168579,T,1.6125057935714722,T,2.168165922164917,T,2.176687002182007,T,1.6169383525848389,S,4.252649784088135,T,2.188281536102295,Y,1.5592117309570312,K,2.1084024906158447,K,2.3216357231140137,T,1.3122289180755615,K,2.5527005195617676,K,0.935638427734375,S,1.5830261707305908,S,1.7226874828338623,T,4.7613749504089355,S,1.4830496311187744,T,1.513883113861084,S,2.171348810195923,T,1.0657576322555542,T,1.8448920249938965,S,5.248253345489502,S,5.315509796142578,S,5.244079113006592,T,1.1715956926345825,T,1.7270218133926392
513,L,1.7310530609554715,V,1.9144210815429688,M,2.0478246212005615,L,1.8580766916275024,F,1.0997552871704102,F,1.957483172416687,Y,1.3025784492492676,L,1.3419113159179688,L,1.8273961544036865,F,1.5941712856292725,F,1.6018823385238647,F,1.0728344917297363,F,1.9616036415100098,F,1.1016803979873657,F,1.9555860757827759,F,1.9692600965499878,F,1.7486323118209839,L,2.402470350265503,M,1.395266056060791,-,,M,1.436393141746521,C,4.070913314819336,M,1.2903547286987305,M,2.439427375793457,Y,1.7909165620803833,L,1.3748126029968262,L,1.3625789880752563,L,2.383820056915283,L,2.2468202114105225,L,1.214119791984558,L,2.6667213439941406,F,1.5098222494125366,F,1.2697347402572632,L,1.322186827659607,L,1.3745614290237427,L,1.3175067901611328,I,1.487226128578186,L,1.6071600914001465
514,Q,2.0858191203426673,E,1.9752717018127441,E,0.9966316819190979,E,2.678131580352783,E,2.0346899032592773,D,1.7026739120483398,E,1.4483065605163574,K,5.6337809562683105,A,1.885257601737976,E,4.814366340637207,E,4.8029561042785645,E,2.01167631149292,D,1.4599703550338745,E,2.0341713428497314,D,1.7082509994506836,D,1.59346342086792,A,4.996727466583252,D,1.0812922716140747,E,2.3538780212402344,E,1.1646124124526978,E,2.18512225151062,E,0.9398683309555054,E,2.716148614883423,D,1.557489275932312,E,1.7532328367233276,E,1.484046459197998,E,1.4717364311218262,Q,1.4626190662384033,Q,1.2197685241699219,A,2.1557228565216064,E,1.261470913887024,Q,1.6357076168060303,E,1.882411003112793,E,1.609574794769287,E,1.260877251625061,E,1.6084160804748535,N,2.4300642013549805,D,2.164921998977661
515,E,2.0470317151095414,E,2.2910516262054443,E,5.302907943725586,E,2.1066644191741943,E,1.0050395727157593,E,2.181368112564087,E,2.5332140922546387,E,1.2044105529785156,E,2.455003023147583,E,1.5806490182876587,E,1.5649659633636475,E,0.9923127889633179,E,2.0013813972473145,E,1.005977749824524,E,2.1859469413757324,E,2.1867690086364746,E,2.3796463012695312,E,5.233798980712891,Q,2.1754066944122314,E,1.1224948167800903,Q,2.03987193107605,E,1.0858556032180786,E,1.645707130432129,G,1.5405538082122803,E,1.7746635675430298,E,2.596597194671631,E,2.578263282775879,E,1.5332504510879517,E,4.056081771850586,E,2.0024216175079346,E,1.2114982604980469,E,1.9438257217407227,E,1.4125332832336426,E,1.8072720766067505,E,1.8863310813903809,E,1.8019644021987915,E,1.5275568962097168,E,1.7869163751602173
516,Y,2.1745892988668905,Y,1.7137397527694702,Y,4.460392475128174,Y,1.447580099105835,Y,3.8727848529815674,Y,1.9837874174118042,H,1.5352935791015625,Y,3.701626777648926,Y,1.667160987854004,Y,1.308577060699463,Y,1.3347654342651367,Y,3.8885486125946045,Y,1.9734787940979004,Y,3.852966070175171,Y,1.9769771099090576,Y,1.9969618320465088,Y,1.7307451963424683,Y,5.10073184967041,Y,2.1930091381073,H,1.38377845287323,Y,2.301456928253174,Y,1.9622830152511597,Y,1.249657392501831,Y,2.2350733280181885,Q,1.1730694770812988,Y,1.3081387281417847,Y,1.3080137968063354,Y,1.9824705123901367,Y,1.5975316762924194,Y,1.865910530090332,Y,2.3685243129730225,Y,1.304842472076416,Y,1.445173740386963,Y,2.047227621078491,Y,2.092667579650879,Y,2.046447277069092,Y,1.145634651184082,Y,3.902775526046753
517,I,1.6948833626669806,L,2.9335806369781494,M,1.20107102394104,L,1.2103497982025146,Y,1.7051712274551392,F,1.1321773529052734,M,2.5479025840759277,L,1.275933027267456,L,1.4644540548324585,L,1.3935118913650513,L,1.439035177230835,Y,1.835326075553894,F,1.1938987970352173,Y,1.722298502922058,F,1.0914640426635742,F,1.1037423610687256,Y,1.2546672821044922,M,1.6310845613479614,M,2.5715255737304688,M,2.437307596206665,M,2.600984811782837,K,1.0504801273345947,M,1.5705357789993286,M,1.9953281879425049,V,1.5021833181381226,M,2.233715057373047,M,2.2338509559631348,M,1.4172708988189697,I,1.6905988454818726,L,1.8557318449020386,L,2.1927316188812256,L,1.7630259990692139,Y,1.1840660572052002,L,1.4526325464248657,L,1.5010836124420166,L,1.4523290395736694,L,1.841151475906372,L,2.028482675552368
518,E,1.9761856117764034,E,1.6170574426651,D,1.0232603549957275,E,2.75395131111145,E,1.9704145193099976,E,1.591572880744934,E,2.7228338718414307,N,1.2507187128067017,E,2.0833547115325928,V,2.326294183731079,E,2.353794813156128,E,1.9559974670410156,E,1.549291968345642,E,1.9757381677627563,E,1.5582215785980225,E,1.548285722732544,E,1.986956000328064,E,0.9701527953147888,K,3.411087989807129,E,0.8809583783149719,K,3.494692802429199,R,1.2615910768508911,D,2.691541910171509,R,2.224059581756592,E,1.4284452199935913,Q,1.931791067123413,Q,1.932175636291504,E,3.6822221279144287,E,1.739332914352417,E,2.4716007709503174,T,1.7729157209396362,D,2.2653565406799316,E,1.9931601285934448,N,1.8280956745147705,N,1.864121913909912,N,1.8282020092010498,D,1.7421255111694336,D,1.437494158744812
519,N,1.9750089806479376,N,1.5439517498016357,N,1.4066781997680664,N,1.4149876832962036,N,2.831970691680908,N,1.4293264150619507,N,1.787533164024353,N,1.2905477285385132,N,2.3046035766601562,N,2.1990771293640137,N,2.2287168502807617,N,2.910722017288208,N,1.3680434226989746,N,2.903292179107666,N,1.3947442770004272,N,1.3770699501037598,N,1.592469573020935,N,1.4916596412658691,N,1.244157075881958,N,2.130126476287842,N,1.2683296203613281,N,1.8034378290176392,N,1.8107740879058838,V,2.157985210418701,N,2.07865047454834,N,1.6874489784240723,N,1.6879615783691406,N,3.352320909500122,N,2.8795604705810547,N,1.674232006072998,I,2.51448917388916,N,1.5266271829605103,N,1.655063509941101,N,2.423593521118164,N,2.433413505554199,N,2.422830104827881,N,2.3927464485168457,G,2.4561898708343506
520,A,1.8253557166537724,A,1.4996145963668823,A,2.0022690296173096,G,1.748500108718872,G,1.1724122762680054,G,1.8890618085861206,A,2.200242280960083,A,1.791570782661438,A,2.5867433547973633,G,1.205612301826477,G,1.1383196115493774,G,1.16709566116333,G,2.0809497833251953,G,1.1757436990737915,G,1.8317354917526245,G,1.8295645713806152,G,0.8926446437835693,A,1.8768171072006226,G,1.1945183277130127,S,5.514675617218018,A,1.144353985786438,A,1.2143076658248901,A,3.5371222496032715,A,1.270276665687561,A,1.9667996168136597,A,1.7635129690170288,A,1.7403945922851562,A,1.5199072360992432,A,1.1439260244369507,A,1.476120948791504,A,2.700960636138916,S,1.1546496152877808,G,3.404299020767212,A,1.5644341707229614,A,1.5757510662078857,A,1.5649906396865845,T,1.709233045578003,A,2.2890303134918213
521,W,1.8498999170354895,W,1.6405433416366577,W,3.8059701919555664,L,1.7490472793579102,K,1.643009901046753,K,1.313488245010376,M,1.5266683101654053,S,1.7662853002548218,K,2.282353639602661,K,1.550018072128296,K,1.6133273839950562,K,1.6259691715240479,K,1.4086235761642456,K,1.6380177736282349,K,1.4398800134658813,K,1.4465911388397217,K,1.7406659126281738,W,1.3570283651351929,I,1.4690325260162354,L,2.0885794162750244,I,1.5322059392929077,T,2.7045845985412598,W,2.4425017833709717,A,2.126193046569824,I,1.750644564628601,W,3.082562208175659,W,3.063763380050659,W,1.2009079456329346,W,1.158246636390686,K,2.095261573791504,K,1.6444097757339478,K,1.65702486038208,K,1.5441553592681885,R,1.4404854774475098,R,1.449252963066101,R,1.43960440158844,W,3.9359347820281982,W,1.0734580755233765
522,I,1.8695516135241534,V,3.0299365520477295,I,1.1776930093765259,V,2.3560168743133545,V,1.8192501068115234,V,1.5599499940872192,V,1.5820857286453247,I,1.4372050762176514,V,1.335527777671814,V,1.4749258756637573,V,1.5413365364074707,V,1.7863960266113281,V,1.633007526397705,V,1.7740339040756226,V,1.5675451755523682,V,1.5731849670410156,V,1.050052523612976,I,1.3643577098846436,S,1.6808840036392212,V,1.0214672088623047,S,1.5945135354995728,I,1.33253812789917,I,2.3033998012542725,S,1.9904417991638184,V,3.6465673446655273,I,2.281970977783203,I,2.2702839374542236,I,2.099147319793701,I,3.3437576293945312,V,2.2707808017730713,I,1.367587924003601,I,1.661928653717041,I,1.4108326435089111,V,2.5909996032714844,V,2.506082773208618,V,2.586744546890259,I,1.1297526359558105,I,2.0212230682373047
523,S,1.9833207774806667,S,2.032724380493164,S,1.8760175704956055,S,3.477536916732788,S,1.883921504020691,S,1.6838644742965698,S,1.29566490650177,S,2.413776159286499,S,2.3831124305725098,S,1.878862977027893,S,1.9223679304122925,S,1.8810675144195557,S,1.5796973705291748,S,1.859786033630371,S,1.6307812929153442,S,1.6203322410583496,S,1.646440029144287,S,1.7556482553482056,T,2.0176544189453125,S,1.589715838432312,T,2.037490129470825,T,2.1696197986602783,S,1.1383556127548218,S,1.4881579875946045,S,1.8621158599853516,S,1.1345219612121582,S,1.1263889074325562,S,1.3112528324127197,S,2.4348883628845215,S,2.5579094886779785,S,1.4294638633728027,S,3.215892791748047,S,2.9832193851470947,T,3.1484763622283936,T,3.030259370803833,T,3.142381429672241,S,1.3340779542922974,S,1.4094244241714478
524,I,1.8142847724863,M,1.355437994003296,I,2.6193695068359375,I,4.286963939666748,F,1.6792426109313965,S,1.6136555671691895,A,2.6978976726531982,V,2.3681867122650146,I,2.6845645904541016,S,1.1518926620483398,S,1.0774435997009277,F,1.6874427795410156,S,1.5346810817718506,F,1.6428426504135132,S,1.5732816457748413,S,1.5688892602920532,S,1.0331729650497437,V,2.8557980060577393,S,1.6214113235473633,G,1.5580905675888062,S,1.6890759468078613,I,2.2723684310913086,I,1.3888626098632812,V,1.7548749446868896,A,1.655669927597046,I,1.2694405317306519,I,1.3715029954910278,V,2.7787811756134033,I,1.116755723953247,I,2.252579927444458,I,1.3083219528198242,F,1.5566755533218384,F,1.185014009475708,I,1.9476649761199951,I,1.8607841730117798,I,1.9491034746170044,I,1.4258975982666016,I,1.734897494316101
525,G,1.9887446906115558,S,1.679110050201416,S,1.1217387914657593,S,3.801234483718872,G,2.2775940895080566,G,1.0242081880569458,G,2.8727939128875732,G,2.02972412109375,S,2.206234931945801,A,2.0078370571136475,A,1.8522440195083618,G,2.244560718536377,G,1.0905768871307373,G,2.4300992488861084,G,1.0228396654129028,G,1.0192631483078003,G,2.4661448001861572,G,1.3364559412002563,A,3.376953363418579,G,1.3747293949127197,A,3.897632360458374,S,2.0880422592163086,S,1.6681933403015137,G,2.8121676445007324,G,1.7657711505889893,S,1.8343467712402344,S,1.821714997291565,T,2.020306348800659,G,2.9155704975128174,S,1.3140418529510498,A,2.933854579925537,G,1.8644332885742188,G,1.6713809967041016,T,1.386631965637207,T,1.3129210472106934,T,1.3878166675567627,S,1.2826908826828003,S,2.3716940879821777
526,A,1.897676851298358,V,2.6911299228668213,A,1.131960391998291,F,1.4958406686782837,Y,2.616217851638794,H,1.6148929595947266,Y,1.9164481163024902,A,1.249617099761963,S,1.2716196775436401,H,1.506553292274475,H,1.5384453535079956,Y,2.6242058277130127,H,1.6055612564086914,Y,2.611736297607422,H,1.6230497360229492,H,1.6189370155334473,H,2.3099453449249268,S,1.2348300218582153,Y,1.447101354598999,Y,1.5289844274520874,Y,1.5602145195007324,N,2.4985392093658447,A,1.7514073848724365,N,1.120945930480957,Y,1.5106596946716309,A,1.3808420896530151,A,1.3699747323989868,A,1.8449267148971558,A,3.9417037963867188,S,2.351954221725464,S,2.0584850311279297,S,2.1076483726501465,Y,1.4489635229110718,C,1.7661174535751343,C,2.583954095840454,C,1.7675628662109375,G,2.732717514038086,G,2.7803497314453125
527,P,1.7217099988782727,P,1.644445776939392,P,1.630841851234436,V,1.6763975620269775,Q,1.9326797723770142,R,1.0955123901367188,M,1.2678680419921875,I,1.4597278833389282,P,1.3522937297821045,R,1.4256314039230347,R,1.4605600833892822,Q,1.9340169429779053,R,1.0809929370880127,Q,1.917388916015625,R,1.0997012853622437,R,1.0954601764678955,R,1.1655082702636719,L,3.31195330619812,I,2.2257750034332275,M,1.2963511943817139,I,2.0293281078338623,Q,2.9110939502716064,P,1.9372525215148926,T,2.574195146560669,M,1.489988088607788,P,2.0450079441070557,P,2.0321044921875,P,1.9012014865875244,P,1.6180336475372314,P,2.6939616203308105,L,1.2435882091522217,R,1.0857090950012207,R,1.7926595211029053,P,1.601977825164795,P,1.525002360343933,P,1.6047166585922241,P,1.7901101112365723,A,1.75423264503479
528,T,1.7432090881708506,V,1.7991178035736084,V,1.6129212379455566,L,1.9459284543991089,I,1.127687692642212,V,3.3725075721740723,M,1.4453097581863403,A,1.5402684211730957,T,1.4327906370162964,I,1.0072904825210571,I,1.0333787202835083,I,1.1239665746688843,V,3.3158645629882812,I,1.1252459287643433,V,3.3064699172973633,V,3.3584537506103516,T,0.932349681854248,V,1.4485788345336914,L,1.5195516347885132,M,1.077720046043396,L,1.3637363910675049,M,2.0573387145996094,V,1.2158715724945068,M,1.6705007553100586,M,1.0803611278533936,T,2.1198155879974365,T,2.1007211208343506,V,2.373884439468384,T,1.836108684539795,T,2.249037027359009,T,2.1686482429504395,I,1.290907382965088,I,2.0311946868896484,T,1.153320550918579,T,1.0622636079788208,T,1.1532206535339355,A,1.6678482294082642,L,2.3785557746887207
529,I,1.8835579736812695,M,3.108930826187134,I,1.3276846408843994,S,1.563286542892456,S,1.1858315467834473,A,1.6401547193527222,G,1.7776134014129639,V,2.302844524383545,I,1.4265079498291016,A,1.492034673690796,A,2.0004398822784424,S,1.1535964012145996,A,1.6063745021820068,S,1.152037262916565,A,1.649796724319458,A,1.6321080923080444,S,1.5676689147949219,M,1.295952558517456,L,2.35583233833313,I,1.0914325714111328,L,2.3608171939849854,N,1.4261460304260254,I,2.265575885772705,L,1.6310322284698486,I,1.4177345037460327,I,3.054098129272461,I,3.055129051208496,M,2.078277349472046,I,1.8894200325012207,I,1.262223243713379,I,2.376798152923584,T,1.4847420454025269,S,1.8229447603225708,I,3.199232339859009,I,3.190241575241089,I,3.194369077682495,I,1.7512820959091187,I,0.9014532566070557
530,L,1.8601314457687173,L,1.6942309141159058,L,2.084900140762329,L,2.5137619972229004,V,0.9068560004234314,A,1.8622301816940308,A,3.449901580810547,V,3.780627965927124,I,3.195268392562866,T,1.085206151008606,T,0.979005753993988,V,0.8995316624641418,A,1.8533376455307007,V,0.8964952230453491,A,1.8925950527191162,A,1.8431272506713867,A,1.000832438468933,V,2.0326788425445557,T,1.3267945051193237,P,1.5808727741241455,T,1.3594187498092651,L,0.8368762731552124,L,1.7449331283569336,S,2.8463382720947266,S,1.3512436151504517,L,2.421952962875366,L,2.4228756427764893,L,1.3165051937103271,L,2.1677260398864746,I,1.3566651344299316,L,1.7843577861785889,I,2.254638433456421,M,2.514329671859741,L,1.6312825679779053,L,1.582728624343872,L,1.6036361455917358,F,3.4154903888702393,L,1.3356103897094727
531,V,2.470573180430644,M,1.2732957601547241,V,2.7502849102020264,V,1.446805477142334,L,5.129449367523193,L,2.615804672241211,T,3.565782070159912,I,1.6739975214004517,S,1.4189813137054443,L,3.5084469318389893,L,3.639314651489258,L,5.057990074157715,L,2.631382465362549,L,5.059237003326416,L,2.6352391242980957,L,2.5560028553009033,L,3.0118348598480225,V,1.3863065242767334,T,3.1025023460388184,T,2.5518176555633545,T,2.605752468109131,I,1.5645902156829834,V,2.8321762084960938,V,1.2704390287399292,T,2.1007792949676514,I,3.329850673675537,I,3.330339193344116,L,2.314241647720337,V,0.8609009981155396,S,1.4337133169174194,L,1.477386713027954,L,1.5201680660247803,L,1.9937739372253418,S,2.151047468185425,S,2.1161229610443115,S,2.109665870666504,T,1.1924813985824585,S,2.193302631378174
532,H,2.018039001000894,H,1.9739776849746704,H,2.3335514068603516,T,2.1031925678253174,Q,3.4840168952941895,Q,1.2197043895721436,T,1.3405823707580566,A,1.2286714315414429,Q,1.801776647567749,Q,1.4731215238571167,Q,1.4482073783874512,Q,3.890690803527832,Q,1.2167975902557373,Q,3.877453088760376,Q,1.2266623973846436,Q,1.2094146013259888,Q,1.4802995920181274,N,2.233424663543701,T,1.5895521640777588,T,3.1107518672943115,T,2.1323177814483643,T,5.305698871612549,H,1.612440824508667,V,1.4285351037979126,T,1.538240671157837,H,1.236112117767334,H,1.2362920045852661,H,2.2091481685638428,H,1.9236632585525513,Q,1.453305959701538,S,1.5013114213943481,Q,3.0188426971435547,Q,1.1098344326019287,Q,2.616926908493042,Q,2.5106234550476074,Q,2.510706663131714,N,1.3100007772445679,T,1.7715928554534912
533,A,1.7913326701602421,A,3.405830144882202,A,1.5452134609222412,A,1.916061520576477,P,1.4675287008285522,P,1.496933937072754,C,0.9705643653869629,L,0.9032120704650879,V,1.3698210716247559,P,2.2512896060943604,P,2.1707324981689453,P,1.4522196054458618,P,1.6194226741790771,P,1.4653267860412598,P,1.5032808780670166,P,1.6129568815231323,P,1.8035651445388794,A,1.449996829032898,S,1.7393829822540283,C,1.3412067890167236,S,1.3985487222671509,C,1.5280640125274658,A,2.7734127044677734,S,1.8869245052337646,C,1.6332643032073975,F,1.2907896041870117,F,1.2907896041870117,A,1.1305477619171143,A,2.064899206161499,V,3.3238282203674316,V,2.2129790782928467,P,2.0957682132720947,P,1.1967650651931763,I,1.477526307106018,I,1.7154664993286133,I,1.6761687994003296,A,1.8087193965911865,A,4.2903008460998535
534,Y,1.8414438421075994,Y,1.9180316925048828,Y,1.9306493997573853,Y,3.8389601707458496,-,,-,,L,1.2294013500213623,E,2.6805641651153564,Y,1.7976244688034058,-,,-,,-,,-,,-,,-,,-,,-,,-,,W,1.572876214981079,L,2.8545732498168945,W,1.9242769479751587,L,2.27522349357605,Y,1.6905368566513062,L,2.0977509021759033,L,1.3978524208068848,Y,1.5577346086502075,Y,1.5577346086502075,Y,2.340925455093384,Y,1.2118440866470337,Y,1.4087989330291748,E,1.096498727798462,-,,-,,Y,1.401010513305664,Y,1.3686491250991821,Y,1.3602471351623535,-,,-,
535,-,2.11466278190966,A,1.9526392221450806,F,1.6958122253417969,L,2.826453447341919,I,1.1789228916168213,I,1.6508837938308716,-,,L,5.554383277893066,F,1.5199711322784424,I,2.886146068572998,I,2.8128302097320557,I,1.1703758239746094,I,1.6853609085083008,I,1.169069766998291,I,1.7070189714431763,I,1.6366642713546753,I,2.511648654937744,F,1.7101902961730957,-,,V,2.521486520767212,-,,-,,F,1.661628007888794,-,,-,,C,1.9764175415039062,C,1.9764175415039062,-,,-,,F,1.9466285705566406,L,3.1213314533233643,I,1.5394222736358643,I,0.9598217606544495,F,2.6053547859191895,F,2.565634250640869,F,2.5533814430236816,-,,-,
536,F,2.0834842694772258,G,2.1739301681518555,L,1.1606130599975586,Q,2.22780179977417,L,1.7732115983963013,L,3.54301381111145,V,2.5468175411224365,S,1.4903020858764648,T,2.0608599185943604,L,1.1344389915466309,L,1.11821711063385,L,1.804750680923462,L,3.210538864135742,L,1.800892949104309,L,3.365694284439087,L,3.453111410140991,L,1.098818063735962,F,2.044175386428833,L,2.3262884616851807,G,1.3297417163848877,L,2.8174057006835938,I,1.428009271621704,L,3.0962462425231934,V,1.3583375215530396,V,2.1986629962921143,V,1.5630953311920166,V,1.5630953311920166,A,1.8661922216415405,F,2.5518550872802734,T,1.0323283672332764,S,2.885556697845459,L,1.4711360931396484,L,4.7906084060668945,A,1.1779018640518188,A,1.1533273458480835,A,1.1397638320922852,Y,1.541293978691101,Y,3.790883779525757
537,F,1.8831247687339783,V,1.3038891553878784,V,2.0887579917907715,T,1.1409533023834229,T,1.1379085779190063,T,2.053964376449585,G,3.65964412689209,I,1.7308156490325928,L,1.3094725608825684,M,1.9132357835769653,M,1.9801054000854492,T,1.1601439714431763,T,2.0439047813415527,T,1.1668874025344849,T,2.079660654067993,T,2.031562566757202,T,1.727500319480896,L,1.321099877357483,A,1.2866135835647583,-,,A,1.2732843160629272,V,1.3677589893341064,I,1.6845036745071411,G,1.1965255737304688,G,2.8212664127349854,F,2.604518175125122,F,2.604518175125122,F,1.338097333908081,F,1.548100471496582,L,1.7453856468200684,L,2.0259130001068115,T,1.3147584199905396,S,4.221767425537109,L,2.2555923461914062,L,2.23150372505188,L,2.4363181591033936,C,1.3749059438705444,C,2.6116538047790527
538,-,1.8623844201748188,T,1.1583369970321655,A,2.2455220222473145,E,1.0979419946670532,-,,-,,-,,P,1.615455150604248,P,2.710036516189575,-,,-,,-,,-,,-,,-,,-,,-,,-,,-,,-,,-,,-,,A,2.106564998626709,-,,-,,S,2.0051352977752686,S,2.0051352977752686,-,,-,,P,1.540116310119629,P,1.788984775543213,-,,-,,A,1.9429337978363037,A,1.9753223657608032,A,2.0195119380950928,-,,-,
539,V,1.9041553800170485,N,1.616579532623291,N,1.0342488288879395,I,1.6782597303390503,L,2.5498695373535156,M,2.13983154296875,V,1.3688793182373047,N,1.9319028854370117,N,1.606877326965332,L,1.6202479600906372,L,1.6010814905166626,L,2.2005953788757324,M,2.1108949184417725,L,2.2189202308654785,M,2.133058547973633,M,2.0915775299072266,M,1.3197036981582642,V,2.1212031841278076,M,1.6997461318969727,M,1.4113469123840332,M,1.7389265298843384,A,1.4237622022628784,N,2.129281759262085,M,1.2836271524429321,I,4.097593307495117,D,1.6493263244628906,D,1.6493263244628906,T,1.749031901359558,V,1.4841653108596802,N,2.1683239936828613,D,1.7250614166259766,L,1.087628960609436,M,1.0795398950576782,S,2.8713865280151367,S,2.889597177505493,S,2.863734245300293,M,2.621703863143921,M,1.4869074821472168
540,T,1.9673210028055552,P,1.3889063596725464,P,2.2285542488098145,L,1.7557777166366577,D,1.8291093111038208,D,2.3319029808044434,E,1.2260949611663818,S,3.955786943435669,S,3.5371313095092773,D,1.4851818084716797,D,1.603906512260437,D,2.2804174423217773,D,2.357675552368164,D,2.2016775608062744,D,2.3581058979034424,D,2.3348824977874756,D,1.757047414779663,T,1.7212368249893188,G,1.1955868005752563,E,1.4036908149719238,G,1.2283233404159546,G,1.8559730052947998,P,0.851784348487854,G,2.47270131111145,E,1.0166776180267334,Q,2.3880879878997803,Q,2.3880879878997803,A,2.48641300201416,T,2.210803747177124,S,1.3221323490142822,S,1.7469799518585205,G,4.7713823318481445,D,1.0049254894256592,P,1.0770165920257568,P,1.015857458114624,P,1.0272892713546753,A,3.3165390491485596,G,1.6572293043136597
541,N,1.8250118617353768,-,,V,2.37416410446167,E,1.7533541917800903,V,1.406744360923767,I,1.582343578338623,E,1.9663574695587158,T,2.698638916015625,-,,V,1.9280104637145996,V,1.8049249649047852,V,1.4165593385696411,I,1.568076491355896,V,1.400812029838562,I,1.5730420351028442,I,1.5797845125198364,I,2.533381700515747,N,1.6657403707504272,N,1.8280786275863647,E,1.3130452632904053,N,1.7412915229797363,E,3.243849992752075,V,1.5437520742416382,D,1.8858619928359985,E,1.5606606006622314,-,,-,,N,1.631361484527588,N,1.246957540512085,-,,T,1.633424997329712,E,2.518071413040161,I,1.7626900672912598,-,,-,,-,,N,1.8455414772033691,K,1.9188224077224731
542,P,1.9570571389691582,M,1.3696563243865967,-,,N,1.3340740203857422,P,2.4602789878845215,P,1.4659429788589478,F,1.405611515045166,I,1.8257602453231812,-,,P,2.4057211875915527,P,2.5284292697906494,P,2.436389684677124,P,1.4959208965301514,P,2.4397048950195312,P,1.4956315755844116,P,1.4672133922576904,P,2.3463194370269775,P,1.4665583372116089,V,1.3980035781860352,F,5.172381401062012,V,1.3602406978607178,F,2.188829183578491,-,,I,1.5586942434310913,F,1.8957157135009766,I,2.8074662685394287,I,2.8074662685394287,P,1.1335339546203613,P,1.8530925512313843,-,,-,,P,1.14395272731781,P,1.2345530986785889,-,,-,,-,,N,2.635714292526245,D,1.6218003034591675
543,I,2.178295750875731,N,2.4796676635742188,N,2.539008855819702,L,1.3417141437530518,L,3.0956966876983643,F,1.5468477010726929,I,2.038926839828491,H,2.530087947845459,T,1.353476881980896,F,2.7628791332244873,F,2.7569339275360107,L,3.144136428833008,F,1.5621612071990967,L,3.0652847290039062,F,1.5641727447509766,F,1.5455957651138306,F,2.7078464031219482,I,1.2694491147994995,A,0.9625133275985718,I,1.7140376567840576,A,1.0018707513809204,I,1.379549503326416,N,3.618838310241699,I,1.1095366477966309,I,1.4645678997039795,S,2.852177619934082,S,2.852177619934082,I,1.5558841228485107,I,1.616795539855957,T,2.553814649581909,I,1.1074724197387695,L,1.6714061498641968,F,2.0995259284973145,I,4.089456558227539,I,4.090277194976807,I,4.152653217315674,L,1.708064079284668,L,1.6924374103546143
544,T,2.0380247654141606,K,2.0691497325897217,K,2.296596050262451,T,1.832130789756775,P,2.5462489128112793,P,0.884200930595398,S,2.039945363998413,H,1.0359073877334595,E,4.752457618713379,P,1.8222304582595825,P,1.835593342781067,P,2.5162782669067383,P,0.9012219905853271,P,2.6946685314178467,P,0.9007788896560669,P,0.884547770023346,P,1.57771897315979,T,2.7080607414245605,T,2.14762806892395,S,1.514538049697876,T,1.994086742401123,S,2.448471784591675,K,3.2082722187042236,T,1.274765133857727,S,3.0893640518188477,V,1.0223122835159302,V,1.0223122835159302,T,1.4019510746002197,T,3.007093667984009,E,1.6466789245605469,D,3.849148988723755,P,3.033813238143921,P,2.220587968826294,E,1.9999825954437256,E,2.0008983612060547,E,1.9212967157363892,T,1.4501372575759888,T,1.8558411598205566
545,K,1.9388652266682804,E,1.673960566520691,E,1.371718406677246,Y,2.3675055503845215,H,1.88663649559021,H,2.3753368854522705,K,2.568648338317871,R,1.381280541419983,R,1.7139275074005127,P,1.0008805990219116,P,0.9986051321029663,H,1.8202815055847168,H,2.2489054203033447,H,1.8038064241409302,H,2.249612331390381,H,2.370349884033203,P,1.0864404439926147,K,1.1533042192459106,K,2.732814311981201,I,1.3834738731384277,K,2.8344039916992188,K,1.790794014930725,E,1.61359703540802,K,1.5617523193359375,H,1.2046911716461182,Q,1.5881941318511963,Q,1.5881941318511963,K,1.436692714691162,K,1.043617606163025,R,3.567291259765625,R,1.9479892253875732,H,1.3746923208236694,H,1.497539758682251,K,3.2772395610809326,K,3.2510743141174316,K,3.4589922428131104,K,2.4673569202423096,K,2.046412229537964
546,E,2.100329228349634,A,2.5438194274902344,V,1.4349128007888794,E,1.6182230710983276,H,1.628944993019104,D,3.5103931427001953,E,0.9969488382339478,T,2.0267796516418457,T,3.522045135498047,H,1.519417643547058,H,1.5141050815582275,H,1.7409287691116333,D,3.558784008026123,H,1.720076560974121,D,3.5468788146972656,D,3.514950752258301,H,1.1391419172286987,E,2.3368587493896484,D,2.9010581970214844,E,0.9982577562332153,D,3.0139617919921875,E,1.5074282884597778,A,1.1981167793273926,F,1.9914265871047974,E,1.2141358852386475,N,2.0119125843048096,N,2.0119125843048096,E,1.6945438385009766,E,4.493407726287842,T,1.367522954940796,A,2.114680767059326,E,2.4627108573913574,H,2.3716237545013428,P,1.5190192461013794,P,1.438092589378357,P,1.558017611503601,Q,1.7014412879943848,E,2.2697010040283203
547,A,1.9118077996614817,M,1.2772533893585205,L,1.6647480726242065,S,1.8073872327804565,I,1.47569739818573,I,1.0787112712860107,T,1.5107684135437012,R,3.6815342903137207,V,1.5340765714645386,V,0.9492811560630798,V,0.9425688982009888,I,1.4454692602157593,I,1.0961241722106934,I,1.3966208696365356,I,1.0952228307724,I,1.0802000761032104,I,1.0225110054016113,V,1.7723345756530762,A,1.912777066230774,T,1.5418636798858643,V,1.976975917816162,T,1.5956087112426758,L,1.1629739999771118,E,1.2448623180389404,T,1.9571778774261475,L,1.5446348190307617,L,1.5446348190307617,A,2.1672677993774414,A,3.3509957790374756,V,4.751110553741455,T,3.183741569519043,I,1.6770622730255127,I,3.3534295558929443,V,3.0543088912963867,V,2.975011110305786,V,3.072136163711548,D,1.8049107789993286,D,2.034895420074463
548,L,2.0567398361257605,D,2.8514351844787598,H,1.0930910110473633,A,3.603875160217285,L,1.272359848022461,L,2.2290968894958496,F,1.7935858964920044,I,1.8303500413894653,V,1.8741573095321655,L,4.546175003051758,L,4.498079299926758,L,1.2366397380828857,L,2.316835403442383,L,1.2152152061462402,L,2.2939882278442383,L,2.240338087081909,L,5.199549674987793,L,2.504972457885742,F,1.123608946800232,F,2.0751352310180664,F,1.1089096069335938,F,1.3780760765075684,H,2.042072296142578,F,1.0330564975738525,F,1.3037441968917847,E,1.725891351699829,E,1.725891351699829,L,1.3679914474487305,L,1.3618115186691284,V,1.700096607208252,F,4.577756404876709,L,1.3842471837997437,L,1.9162918329238892,I,1.5252923965454102,I,1.4586929082870483,I,1.5296889543533325,L,1.5731130838394165,L,1.588261604309082
549,D,2.047827855960743,V,2.0808587074279785,Y,1.5315947532653809,A,1.5282902717590332,Q,1.6609997749328613,K,1.8933688402175903,E,1.5370705127716064,D,2.543639898300171,E,1.3686448335647583,Q,4.41005277633667,Q,4.37881326675415,Q,1.5942877531051636,K,1.880296230316162,Q,1.5939699411392212,K,1.8678423166275024,K,1.894828200340271,K,2.523841619491577,E,1.7207989692687988,D,1.6001298427581787,E,3.1314260959625244,D,1.6409728527069092,E,2.2009270191192627,Y,1.9902604818344116,E,2.5266451835632324,E,1.3762547969818115,T,1.8022451400756836,T,1.8022451400756836,E,1.234129548072815,D,1.7553675174713135,E,3.516043186187744,D,2.620056390762329,Q,2.2969865798950195,Q,1.8121625185012817,E,1.1552728414535522,E,1.30854332447052,E,1.1567140817642212,E,2.059936046600342,D,2.774113416671753
550,C,1.7061783906185266,L,1.9376229047775269,L,3.4501919746398926,Y,2.1051509380340576,E,1.9268742799758911,E,1.4854216575622559,W,1.1231474876403809,-,,N,1.5337622165679932,E,1.256312370300293,E,1.2600675821304321,E,1.8236335515975952,E,1.4860167503356934,E,1.8178081512451172,E,1.4961307048797607,E,1.488358974456787,E,1.09141206741333,Y,2.1021194458007812,W,1.5632498264312744,W,1.0135196447372437,W,1.5913304090499878,W,1.285829782485962,L,1.50663161277771,W,1.9606199264526367,W,1.8541086912155151,L,1.836059331893921,L,1.8355505466461182,F,1.5707004070281982,C,2.6456947326660156,N,1.5345656871795654,-,,E,2.395411491394043,E,1.8021605014801025,V,1.5101886987686157,V,1.4881972074508667,V,1.526037335395813,-,,-,
551,-,2.249888612673833,-,,-,,-,,I,1.4075230360031128,-,,M,4.100663185119629,-,,-,,-,,-,,I,1.4228222370147705,-,,I,1.389428973197937,-,,-,,-,,L,2.7549073696136475,V,1.7629766464233398,L,1.7421107292175293,V,1.798228144645691,M,1.613290786743164,-,,L,2.1909713745117188,L,4.658132553100586,-,,-,,L,3.0634639263153076,-,,-,,-,,-,,I,1.3440330028533936,-,,-,,-,,-,,-,
552,-,1.8673283883503504,-,,-,,-,,I,1.2785779237747192,-,,-,,-,,-,,-,,-,,I,1.3378911018371582,-,,I,1.33928644657135,-,,-,,-,,F,2.596987724304199,-,,-,,-,,-,,-,,-,,-,,-,,-,,-,,-,,-,,-,,-,,D,1.6748250722885132,-,,-,,-,,R,2.0779314041137695,K,2.765799045562744
553,L,2.2614335203170777,D,1.7240430116653442,-,,V,2.1549179553985596,-,,V,1.816097617149353,-,,-,,V,1.452394723892212,I,1.9113879203796387,I,1.898715853691101,-,,V,1.8360860347747803,F,4.1794114112854,V,1.8593286275863647,V,1.8172858953475952,V,2.014284372329712,S,1.076045036315918,-,,M,3.172553539276123,-,,I,2.0374855995178223,-,,-,,-,,S,2.9538211822509766,S,2.9538211822509766,Q,3.3914783000946045,L,1.6372649669647217,V,1.87735915184021,-,,I,2.7775676250457764,-,,M,2.5687997341156006,M,2.917055130004883,M,2.565925121307373,F,2.0488243103027344,F,1.8938837051391602
554,E,1.9318190557616097,-,,E,2.2469959259033203,N,1.4235819578170776,-,,D,2.158317804336548,I,4.165887832641602,-,,F,2.3381547927856445,D,1.7413523197174072,D,1.7921401262283325,-,,D,2.1248090267181396,-,,D,2.0876173973083496,D,2.1496527194976807,D,2.0715885162353516,N,1.0795135498046875,A,1.2422722578048706,-,,A,1.2846438884735107,N,3.9485232830047607,R,1.2316372394561768,T,1.7197778224945068,M,1.6577075719833374,Q,1.4656100273132324,Q,1.4656100273132324,-,,E,1.3813908100128174,Y,1.3632920980453491,-,,D,1.3729709386825562,-,,Y,2.077597141265869,Y,1.8180246353149414,Y,2.0789906978607178,S,2.5018064975738525,S,2.101466655731201
555,E,2.044188741375418,-,,N,1.4568328857421875,S,1.2321728467941284,F,4.155035018920898,F,1.754284381866455,N,1.3863590955734253,H,2.2882564067840576,G,1.6622737646102905,F,1.315752625465393,F,1.453262209892273,F,4.216209411621094,F,1.7519322633743286,-,,F,1.739920735359192,F,1.7535147666931152,F,1.4235646724700928,K,1.5407280921936035,T,3.7618367671966553,N,1.4093676805496216,T,3.7225592136383057,-,,N,1.4501240253448486,N,1.1348344087600708,N,1.5146478414535522,H,1.6878083944320679,H,1.6873221397399902,D,1.8664119243621826,E,1.4823576211929321,G,1.5241793394088745,R,2.1463871002197266,F,1.981040596961975,Y,1.864715814590454,K,3.1658987998962402,K,3.1490907669067383,K,3.1702988147735596,E,1.189231514930725,T,2.464205265045166
556,Y,2.034631310282527,T,3.7474944591522217,Y,2.7514545917510986,V,0.8632707595825195,P,1.3703677654266357,P,2.550218105316162,E,1.3917860984802246,R,1.9904205799102783,Y,3.9461050033569336,P,2.8030247688293457,P,2.161442995071411,P,1.3222919702529907,P,2.540017604827881,P,1.32416570186615,P,2.548146963119507,P,2.547124147415161,P,2.3944473266601562,Y,1.8074710369110107,E,1.6093581914901733,D,1.6027621030807495,E,1.681344985961914,E,1.593288540840149,Y,1.0517182350158691,E,1.2153152227401733,E,1.8575447797775269,R,2.1133131980895996,R,2.1131927967071533,S,4.149969577789307,Y,1.8744409084320068,Y,1.4449981451034546,R,1.3558568954467773,P,1.8051719665527344,P,2.0009405612945557,Y,2.097780466079712,Y,2.5570180416107178,Y,2.117692232131958,Y,1.8054696321487427,Y,1.1749321222305298
557,P,2.107552760356181,H,4.265143871307373,H,2.2252488136291504,P,1.2549636363983154,S,1.4658215045928955,S,2.2056565284729004,P,3.1176249980926514,H,1.8966901302337646,H,2.2846434116363525,S,1.8238439559936523,S,1.7605503797531128,S,1.5323768854141235,S,2.212116003036499,S,1.5383497476577759,S,2.27152681350708,S,2.2047038078308105,S,2.1782588958740234,P,1.8997304439544678,P,2.6153314113616943,P,4.701102256774902,P,2.3791134357452393,S,1.6910327672958374,H,1.6662667989730835,P,2.614466667175293,S,1.6448220014572144,Q,1.9853712320327759,Q,1.9853712320327759,P,3.1426544189453125,P,2.4496545791625977,H,2.3144195079803467,H,2.3462448120117188,S,1.1399486064910889,S,1.5616141557693481,H,1.5586166381835938,H,1.577695369720459,H,1.5576344728469849,P,1.8509328365325928,P,1.0599091053009033
558,N,2.169205604372798,D,1.463942050933838,D,1.7058799266815186,P,1.3267865180969238,R,2.0735626220703125,K,2.7520830631256104,L,1.4818142652511597,K,4.59738302230835,N,3.6290054321289062,K,1.324767827987671,K,1.4893913269042969,R,2.124037742614746,K,2.7525224685668945,R,2.129514455795288,K,2.715259552001953,K,2.757972240447998,K,1.6028773784637451,D,3.0409040451049805,P,2.1128690242767334,L,2.075906753540039,K,1.6419284343719482,L,1.8392637968063354,D,1.7570422887802124,K,1.259049654006958,V,1.724823236465454,H,1.2402122020721436,H,1.2402820587158203,D,2.702486991882324,N,2.742741107940674,N,1.6908549070358276,K,1.6441348791122437,K,1.84584641456604,R,1.4810194969177246,D,3.3572371006011963,D,3.4100594520568848,D,3.3567757606506348,A,1.6953394412994385,S,2.4750304222106934
559,I,1.9364018730215125,I,1.4588649272918701,I,1.361173152923584,L,2.434089183807373,F,1.2942880392074585,L,1.5276498794555664,I,1.395969271659851,I,1.4157187938690186,I,1.2446091175079346,F,1.814165711402893,F,2.0639846324920654,F,1.267627477645874,L,1.5613926649093628,F,1.2697895765304565,L,1.557445764541626,L,1.5301774740219116,L,2.482403516769409,I,2.6818978786468506,I,1.631985068321228,I,0.846145749092102,L,1.6726495027542114,I,2.2291178703308105,I,3.2987120151519775,I,1.7240961790084839,I,2.399261951446533,I,4.0378804206848145,I,4.037884712219238,I,2.5853025913238525,I,2.0183701515197754,I,3.945000171661377,M,1.2998340129852295,F,1.0443681478500366,F,3.9008421897888184,I,1.2057371139526367,I,1.0926793813705444,I,1.2191013097763062,I,1.3034248352050781,I,1.7932288646697998
560,I,1.966206692360543,V,2.374803304672241,I,1.6219208240509033,V,1.7085726261138916,N,2.1155946254730225,N,2.208245038986206,V,1.440134048461914,L,1.2884786128997803,L,1.0964703559875488,N,2.1481008529663086,N,2.320603132247925,N,2.028261661529541,N,2.204036235809326,N,2.051244020462036,N,2.2088005542755127,N,2.2094953060150146,N,3.2543253898620605,I,2.256901979446411,V,1.3108031749725342,V,1.1284637451171875,V,1.2914106845855713,A,1.4593535661697388,I,1.5247128009796143,L,1.0942860841751099,V,3.096956729888916,V,2.8532917499542236,V,2.8535280227661133,I,2.4355628490448,I,1.3267419338226318,L,2.24849009513855,F,1.6987308263778687,N,1.2960292100906372,S,1.557586908340454,L,1.660201072692871,L,1.4992973804473877,L,1.650801181793213,A,4.1271772384643555,V,2.100233793258667
561,R,2.09441044201722,R,1.4884029626846313,R,3.4182052612304688,R,1.0643848180770874,G,2.071697235107422,D,1.814883828163147,R,1.638466477394104,H,1.8761823177337646,Y,1.6811209917068481,D,2.614450216293335,D,2.7343811988830566,G,1.845078468322754,D,1.817056655883789,G,1.9912450313568115,D,1.763367772102356,D,1.809166431427002,D,2.3285036087036133,R,1.0387513637542725,V,1.8479663133621216,R,2.2542412281036377,V,3.2290539741516113,P,3.096637725830078,R,1.7891449928283691,R,4.913396835327148,R,1.2204543352127075,R,1.3392531871795654,R,1.3397250175476074,R,1.130937099456787,R,3.9942378997802734,Y,3.6292848587036133,Y,1.9486831426620483,D,1.2083730697631836,S,1.4716867208480835,Y,1.3695354461669922,Y,1.362526535987854,Y,1.3622022867202759,K,4.619171142578125,Q,1.3713299036026
562,W,1.8186733303843319,C,1.0197476148605347,W,2.898254871368408,Y,1.5390397310256958,L,2.9362473487854004,L,1.7184453010559082,A,1.5662881135940552,L,1.7556909322738647,L,1.6278585195541382,L,1.7654551267623901,L,1.8873133659362793,L,2.9550883769989014,L,1.7155158519744873,L,2.9222164154052734,L,1.7026783227920532,L,1.7147595882415771,L,1.5446525812149048,W,1.4358657598495483,A,1.9055851697921753,A,0.9798823595046997,A,1.864716649055481,A,2.205610513687134,W,3.065843105316162,A,1.571020245552063,A,0.9821245670318604,C,1.183610200881958,C,1.1762981414794922,I,1.6363110542297363,W,1.1714028120040894,L,1.2393293380737305,L,2.2143003940582275,L,4.123526096343994,L,2.0115466117858887,L,1.4415680170059204,L,1.5990121364593506,L,1.6059261560440063,H,1.172879934310913,P,1.4353018999099731
563,S,1.8089899501285038,S,1.9244858026504517,S,1.2611027956008911,S,2.1223926544189453,A,2.0447444915771484,A,1.9598770141601562,S,5.4687418937683105,S,2.126957893371582,S,1.3106114864349365,A,1.29063081741333,A,1.301712989807129,A,2.0375454425811768,A,1.975128173828125,A,2.01175856590271,A,1.9869813919067383,A,1.959532618522644,A,1.610512137413025,P,1.9668902158737183,S,1.2377854585647583,S,1.7498613595962524,S,1.2395206689834595,S,1.3295472860336304,S,1.2176542282104492,S,1.3523904085159302,S,2.147583484649658,S,2.631636381149292,S,2.5873823165893555,S,0.9739596843719482,S,1.5564937591552734,S,1.0945230722427368,S,3.4072606563568115,I,1.3093836307525635,A,1.5675479173660278,S,1.2218384742736816,S,1.2119991779327393,S,1.2130405902862549,S,1.278803825378418,S,2.24480938911438
564,S,1.7128612672960437,S,2.1989879608154297,A,1.9144001007080078,G,1.594361424446106,S,1.7119591236114502,S,1.1553668975830078,S,1.660219430923462,G,1.8002406358718872,G,1.3042958974838257,G,1.5291147232055664,G,1.543267011642456,S,1.7166764736175537,S,1.1518137454986572,S,1.6904635429382324,S,1.1559183597564697,S,1.1556899547576904,C,1.9203723669052124,A,1.91868257522583,C,1.5955147743225098,S,1.6788957118988037,C,1.624995231628418,S,1.05071222782135,A,1.5006169080734253,N,1.7270877361297607,A,1.5166276693344116,A,1.894284963607788,A,1.8848073482513428,S,1.7252873182296753,S,1.7779546976089478,G,1.6220979690551758,A,4.160511493682861,S,1.588119387626648,A,1.6139227151870728,G,1.9006149768829346,G,1.886253833770752,G,1.8866324424743652,S,2.3880460262298584,C,1.2310532331466675
565,I,1.9869848489761353,Y,1.8043080568313599,L,2.894592761993408,L,1.670721411705017,G,2.209404945373535,A,2.4837846755981445,L,1.2785874605178833,L,1.5578522682189941,M,1.6376762390136719,S,1.490369200706482,S,1.4165924787521362,G,2.445643424987793,A,2.474756956100464,G,2.413398027420044,A,2.4687843322753906,A,2.4759023189544678,A,1.4741567373275757,T,1.4440391063690186,Y,1.704009771347046,L,1.3085737228393555,H,1.6778582334518433,L,2.260333776473999,L,1.7196894884109497,T,1.8465096950531006,L,1.9843751192092896,T,1.5093092918395996,T,1.493553638458252,M,1.8376575708389282,I,1.7221864461898804,M,1.6428595781326294,T,3.231796979904175,V,2.442671060562134,G,2.0425188541412354,M,1.7602477073669434,M,1.7419787645339966,M,1.743833303451538,M,1.8385140895843506,M,4.369391918182373
566,I,1.6519729704470247,L,3.1056807041168213,I,1.9479689598083496,L,1.943164348602295,I,1.1203491687774658,I,1.6059073209762573,I,1.4263352155685425,V,2.6029865741729736,I,1.4948481321334839,I,1.6801979541778564,I,1.6089218854904175,I,1.1289461851119995,I,1.607695460319519,I,1.1059300899505615,I,1.6089200973510742,I,1.6015219688415527,I,1.6710935831069946,I,1.6877168416976929,I,1.216734766960144,I,1.796783208847046,I,1.2187907695770264,I,1.5413535833358765,I,1.50529146194458,I,1.8284586668014526,I,1.6197134256362915,V,1.5034854412078857,V,1.6887927055358887,I,1.7611634731292725,I,1.3367797136306763,I,1.5526882410049438,V,1.1197891235351562,L,1.3809880018234253,I,2.8964450359344482,L,1.8277308940887451,L,1.7928129434585571,L,1.8130483627319336,L,1.3989979028701782,L,1.3749676942825317
567,A,2.2722626698983683,L,2.873182535171509,L,1.4484201669692993,N,1.6123944520950317,L,1.2970528602600098,L,3.9455442428588867,A,1.7025116682052612,S,3.938115119934082,L,3.0585379600524902,L,1.8338258266448975,L,1.7753674983978271,L,1.1894861459732056,L,3.9303245544433594,L,1.2375824451446533,L,3.917811632156372,L,3.9629130363464355,L,1.1746770143508911,I,2.557783842086792,I,1.9383349418640137,A,7.544788360595703,I,1.707728385925293,N,2.355752468109131,L,2.284940481185913,F,2.9454898834228516,A,3.4872887134552,L,1.8455406427383423,L,1.797986388206482,V,1.1324851512908936,A,1.4299153089523315,L,1.2615565061569214,S,1.0729188919067383,L,2.0087265968322754,L,1.8185505867004395,L,1.7840758562088013,L,1.7308109998703003,L,1.7576266527175903,G,1.6792798042297363,L,1.034391164779663
568,R,2.1516345191646264,R,2.743727922439575,R,3.851732015609741,R,2.138731002807617,R,1.7144758701324463,R,1.143109917640686,R,2.68319034576416,R,1.0734713077545166,R,1.6836289167404175,R,1.1610522270202637,R,1.2925866842269897,R,1.8094902038574219,R,1.1408871412277222,R,1.781769037246704,R,1.1371123790740967,R,1.137697696685791,R,1.5928364992141724,R,3.9100959300994873,R,5.12970495223999,R,1.751826286315918,R,5.063384532928467,R,1.7488744258880615,R,3.4583311080932617,R,3.8456015586853027,R,2.500680685043335,R,1.8053005933761597,R,1.7847201824188232,R,4.39457368850708,R,1.3944424390792847,R,1.5614662170410156,R,1.4778988361358643,R,1.6429861783981323,R,1.7099785804748535,R,1.8181414604187012,R,1.6995482444763184,R,1.7383713722229004,R,2.082379102706909,R,1.006671667098999
569,L,2.196756810755343,F,1.2942878007888794,L,3.6602120399475098,L,2.5868828296661377,L,1.6840893030166626,L,1.2260791063308716,A,1.409038782119751,L,1.8860676288604736,L,1.4523534774780273,L,1.393237829208374,L,1.3111422061920166,L,1.7250947952270508,L,1.2219960689544678,L,1.7052191495895386,L,1.2254047393798828,L,1.244186520576477,L,1.305825114250183,L,1.872880220413208,L,1.2125953435897827,A,1.2054458856582642,L,1.308843731880188,L,2.5086615085601807,L,1.2812286615371704,L,1.553673267364502,A,5.62939977645874,L,2.9161376953125,L,3.0110647678375244,L,3.34478759765625,L,2.5390119552612305,L,1.6684117317199707,L,1.6690574884414673,L,3.941798210144043,L,2.4437477588653564,L,4.533969402313232,L,4.454383373260498,L,4.499405860900879,L,2.1810431480407715,L,1.1733372211456299
570,A,1.9890760892146342,A,1.0501959323883057,A,1.8365473747253418,Y,2.660984754562378,K,1.5876200199127197,R,1.8388702869415283,M,1.3106307983398438,A,1.3685472011566162,A,3.6216626167297363,R,3.727893114089966,R,3.703251600265503,K,1.5383307933807373,R,1.8453865051269531,K,1.5435746908187866,R,1.8359352350234985,R,1.851084589958191,R,3.9106476306915283,T,1.8207957744598389,L,1.432743787765503,M,1.6918604373931885,L,1.4060802459716797,K,1.8163241147994995,A,2.261399745941162,M,1.198577880859375,M,1.793631911277771,A,2.317760944366455,A,2.2431185245513916,E,1.481027364730835,A,1.6017781496047974,A,2.985819101333618,A,1.5029025077819824,K,1.6456915140151978,K,1.2772072553634644,P,1.0181573629379272,P,1.3941562175750732,P,1.0030279159545898,Y,2.886122465133667,H,3.5864689350128174
571,D,1.9611437900646314,D,1.7474476099014282,N,1.1647661924362183,N,1.3470629453659058,G,3.60984206199646,G,1.2796297073364258,D,1.4029343128204346,N,0.8720389604568481,D,1.5138548612594604,G,1.1702053546905518,G,1.1051503419876099,G,3.2145140171051025,G,1.2680083513259888,G,3.219162702560425,G,1.2528940439224243,G,1.2776436805725098,G,1.3119971752166748,D,1.2460517883300781,N,2.4995055198669434,N,1.6184478998184204,N,1.8787741661071777,D,5.12803316116333,N,2.5387649536132812,D,2.4784131050109863,N,1.5292028188705444,N,2.304246425628662,N,2.278923511505127,D,1.3666009902954102,D,1.7002570629119873,D,1.6363701820373535,D,1.241750717163086,G,1.8663479089736938,G,1.466483235359192,D,2.7028322219848633,D,3.1302859783172607,D,2.915266990661621,N,2.1878976821899414,D,2.0907115936279297
572,D,1.8074540222013318,D,1.576585054397583,D,2.265630006790161,D,1.2325761318206787,D,1.5190547704696655,D,1.6563973426818848,D,1.7079375982284546,D,1.3116647005081177,D,3.1447408199310303,D,1.499579668045044,D,1.5145071744918823,D,1.4900486469268799,D,1.6738593578338623,D,1.5161075592041016,D,1.6666514873504639,D,1.6574420928955078,D,1.435334324836731,D,1.1261184215545654,D,1.4644027948379517,D,2.4421005249023438,D,1.439741849899292,D,1.9764673709869385,D,2.294787645339966,D,1.4233266115188599,D,1.425439715385437,D,2.347381353378296,D,2.3107566833496094,D,2.4470505714416504,D,3.6654605865478516,D,1.4284292459487915,D,1.769482970237732,D,2.3832199573516846,D,1.708641529083252,D,1.5948107242584229,D,1.5864871740341187,D,1.612138271331787,D,2.2859582901000977,D,1.275479793548584
573,-,1.9132158756256104,-,,L,1.3943591117858887,L,1.260871410369873,-,,-,,-,,L,1.6204913854599,L,1.533361792564392,-,,-,,-,,-,,-,,-,,-,,-,,-,,-,,-,,-,,-,,L,1.6317952871322632,-,,-,,-,,-,,-,,-,,L,3.593190908432007,L,1.9339085817337036,-,,-,,L,2.1323184967041016,L,1.9858009815216064,L,2.046060800552368,-,,-,
574,-,1.6284242272377014,-,,G,2.2853715419769287,-,,-,,-,,-,,-,,-,,-,,-,,-,,-,,-,,-,,-,,-,,-,,-,,-,,-,,-,,G,0.9714769124984741,-,,-,,-,,-,,-,,-,,-,,-,,-,,-,,-,,-,,-,,-,,-,
575,L,1.8749994738348599,L,1.512374997138977,T,1.5481836795806885,-,,T,1.7031973600387573,T,2.139180898666382,I,1.5153586864471436,-,,-,,T,2.0662012100219727,T,2.0391509532928467,T,2.521604061126709,T,2.1760170459747314,T,2.666447639465332,T,2.1218836307525635,T,2.1677377223968506,T,1.8135474920272827,L,1.435247540473938,L,1.5381264686584473,I,2.962280750274658,L,2.073167085647583,I,3.964491128921509,T,1.873791217803955,I,1.4725998640060425,I,1.4695591926574707,L,1.231497883796692,L,1.1953551769256592,L,1.7104456424713135,L,1.3659090995788574,-,,-,,T,1.144558310508728,T,2.107991933822632,-,,-,,-,,L,1.86250638961792,F,0.9765716791152954
576,G,2.423805900982448,G,1.036184549331665,-,,G,4.4411211013793945,R,2.542222023010254,R,4.522425651550293,V,1.7504464387893677,G,4.359737396240234,G,2.1894874572753906,R,1.9875918626785278,R,1.9782975912094116,R,2.4357521533966064,R,4.555033206939697,R,2.423734426498413,R,4.497261047363281,R,4.567424297332764,R,1.2379601001739502,A,2.344545364379883,V,2.035179853439331,V,1.4865028858184814,V,1.7919963598251343,I,1.3775997161865234,-,,A,1.431498408317566,V,3.276022434234619,G,1.811061143875122,G,1.9520395994186401,G,1.4839398860931396,G,2.490133762359619,G,1.5113259553909302,G,2.3732709884643555,R,2.0013389587402344,R,1.5003715753555298,G,2.992591142654419,G,2.8933799266815186,G,2.6513097286224365,A,1.1552770137786865,G,1.7491425275802612
577,T,1.6996802176748003,T,2.1735706329345703,-,,T,2.362957000732422,C,1.1354697942733765,C,1.3435170650482178,G,1.4503813982009888,T,1.5041775703430176,T,1.2426081895828247,C,1.2988677024841309,C,1.3191745281219482,C,1.0998287200927734,C,1.3504940271377563,C,1.094427227973938,C,1.3311328887939453,C,1.3520989418029785,C,1.6061813831329346,T,2.0309548377990723,S,2.2869677543640137,G,1.2179416418075562,S,2.534463882446289,G,1.3802673816680908,-,,G,2.5846285820007324,G,2.572857618331909,T,2.737333297729492,T,2.6174533367156982,T,1.1849801540374756,T,1.655029535293579,T,3.1087393760681152,T,1.7648460865020752,C,2.1764838695526123,C,2.8527257442474365,T,0.7188477516174316,T,0.6950893998146057,T,0.7033553123474121,T,1.7793523073196411,T,1.2216026782989502
578,S,2.1403107578689986,S,1.3786929845809937,S,1.896939992904663,S,1.8177984952926636,Y,1.6886405944824219,Y,1.8069710731506348,H,1.663171648979187,A,1.6656650304794312,T,1.3111486434936523,Y,1.9080504179000854,Y,1.7940008640289307,Y,1.6785633563995361,Y,1.960183024406433,Y,1.5642414093017578,Y,1.8298629522323608,Y,1.8594400882720947,Y,1.822148084640503,S,1.8625279664993286,H,2.0457403659820557,H,1.8130476474761963,H,2.656578540802002,H,2.78403902053833,S,1.2412903308868408,Y,7.253006935119629,H,1.1072252988815308,S,1.7621405124664307,S,1.7995059490203857,S,2.5525197982788086,S,3.2193615436553955,T,1.5212736129760742,A,1.795898199081421,Y,1.92462158203125,Y,1.5767496824264526,A,3.3809826374053955,A,3.34828519821167,A,3.3469626903533936,S,2.941434144973755,S,1.6127877235412598
579,T,2.554236466820176,P,1.8959832191467285,S,1.981867790222168,S,1.8590478897094727,Q,2.119391679763794,K,2.535787582397461,E,1.6058402061462402,Q,1.4310567378997803,Q,2.2920236587524414,Q,4.96356201171875,Q,5.159125328063965,Q,1.8542779684066772,K,2.2974133491516113,Q,2.2031936645507812,K,2.5586862564086914,K,2.5991501808166504,K,4.084901809692383,S,1.468875527381897,E,4.640877723693848,E,1.2972052097320557,E,2.752554178237915,E,1.294209599494934,S,3.9772303104400635,K,1.9172486066818237,E,1.390937328338623,P,1.0444235801696777,P,1.0364214181900024,S,1.641989827156067,T,1.743581771850586,Q,2.177455425262451,P,3.9513840675354004,K,1.6548748016357422,Q,2.2108755111694336,P,3.816680669784546,P,4.169764518737793,P,4.1785078048706055,T,1.7693308591842651,T,4.931011199951172
580,D,1.9123734300201003,G,1.363484501838684,E,1.865445613861084,A,1.2721394300460815,A,3.932645797729492,A,1.0950610637664795,V,2.8490395545959473,H,2.376821756362915,F,1.899865984916687,N,1.757122278213501,N,1.5899455547332764,A,3.9175045490264893,A,1.1162631511688232,A,3.8839168548583984,A,1.0775445699691772,A,1.0928648710250854,A,2.0799899101257324,N,2.834869861602783,E,1.7074964046478271,V,1.6738392114639282,E,1.6778150796890259,H,1.1247540712356567,D,1.67759370803833,F,2.2487525939941406,D,2.7466795444488525,T,1.5188415050506592,T,1.5125328302383423,D,2.9491140842437744,D,0.7551249265670776,F,1.2231773138046265,S,1.446063756942749,A,2.985729694366455,A,2.450056552886963,F,1.486280083656311,F,1.392748236656189,F,1.4137563705444336,A,1.4192367792129517,E,1.3436988592147827
581,E,1.7693814570839341,E,1.0434424877166748,E,2.53574800491333,E,1.6752476692199707,D,1.2882781028747559,D,1.2758558988571167,E,2.520235061645508,E,1.6643195152282715,E,1.7310394048690796,D,1.6134743690490723,D,1.652954339981079,D,1.253705620765686,D,1.3263331651687622,D,1.261826753616333,D,1.2760341167449951,D,1.286712408065796,D,1.8303470611572266,E,1.8566306829452515,E,1.2721995115280151,E,1.9505881071090698,E,1.2530286312103271,E,1.2065465450286865,E,2.81185245513916,E,1.8567579984664917,E,2.306442975997925,E,2.3003785610198975,E,2.291389226913452,E,1.9552935361862183,E,3.0534050464630127,E,1.3007639646530151,E,2.7416138648986816,D,1.4006067514419556,D,0.9717790484428406,E,2.311690092086792,E,2.2960586547851562,E,2.226349353790283,E,1.5646735429763794,E,1.303511381149292
582,L,2.7320995878528906,M,5.205163955688477,L,2.1412320137023926,I,2.098651170730591,R,5.050321102142334,R,2.4278969764709473,Q,3.2837367057800293,M,4.5181474685668945,L,3.31516432762146,R,2.1867563724517822,R,2.195925712585449,R,5.513215065002441,R,2.2936859130859375,R,5.125911235809326,R,2.4206409454345703,R,2.43632173538208,R,2.3489327430725098,M,3.578803539276123,Q,1.7545273303985596,Q,2.0058999061584473,Q,1.6063923835754395,Q,3.0216150283813477,L,1.9678122997283936,K,1.5863142013549805,Q,1.3548190593719482,L,2.3169236183166504,L,2.3103737831115723,L,4.969353675842285,L,2.991065502166748,L,2.2728960514068604,L,2.469482183456421,R,1.547216773033142,S,1.4187523126602173,L,2.004063606262207,L,1.9592331647872925,L,1.9573100805282593,I,4.309892177581787,L,1.1232346296310425
583,K,1.6423503208804775,K,2.269913673400879,K,1.1117957830429077,A,1.5667140483856201,A,2.5107011795043945,A,1.5894964933395386,Q,1.1420320272445679,E,1.6146658658981323,K,1.688469409942627,A,1.2724645137786865,A,1.362776279449463,A,2.349705934524536,A,1.6062352657318115,A,2.3725340366363525,A,1.5883461236953735,A,1.4967775344848633,A,0.9754711985588074,K,1.6488908529281616,K,1.5455389022827148,E,1.1653625965118408,K,1.2624541521072388,Q,1.7951966524124146,K,2.644672155380249,E,1.2422586679458618,E,1.54988694190979,A,1.4910380840301514,A,1.4832255840301514,K,1.044452428817749,K,2.2128753662109375,K,1.8910518884658813,E,1.7924035787582397,A,2.157496213912964,A,2.5036659240722656,K,1.1907634735107422,K,1.1612329483032227,K,1.1804744005203247,E,2.164652109146118,A,1.1212695837020874
584,R,2.0993307538934656,R,3.9619956016540527,R,1.8703070878982544,R,2.788651943206787,R,1.453269600868225,R,1.616002082824707,R,1.1982725858688354,K,1.4576020240783691,R,1.835944414138794,R,1.5044529438018799,R,1.2120634317398071,R,1.4322359561920166,R,1.6280405521392822,R,1.4583758115768433,R,1.6020567417144775,R,1.6241555213928223,R,1.2251694202423096,R,1.304930329322815,R,5.679201126098633,R,2.527773380279541,R,5.6141276359558105,R,1.4874228239059448,R,2.108504295349121,R,4.001420497894287,R,1.2991188764572144,R,3.20381236076355,R,3.2054505348205566,R,1.0530204772949219,R,3.314100503921509,R,1.7676098346710205,R,1.2116127014160156,R,1.1543896198272705,R,3.847308874130249,R,1.4602556228637695,R,1.4016889333724976,R,1.4121034145355225,R,1.539236307144165,R,1.21355402469635
585,G,1.92619165375426,G,1.885232925415039,G,1.8205907344818115,G,1.668432593345642,G,1.4575551748275757,G,3.093803882598877,E,1.9109617471694946,G,0.9001457691192627,G,1.1284211874008179,G,1.8843616247177124,G,1.9657574892044067,G,1.430842638015747,G,3.101170301437378,G,1.4457614421844482,G,3.0880374908447266,G,3.1036524772644043,G,2.473092794418335,G,1.446831464767456,G,1.662513256072998,G,2.4013853073120117,G,1.727764368057251,E,1.4468810558319092,G,3.1695642471313477,G,1.2592031955718994,G,1.4814692735671997,G,3.103050470352173,G,3.10425066947937,G,1.3689544200897217,G,1.3533498048782349,G,3.300292491912842,G,0.8272742629051208,G,1.9014941453933716,G,1.274631381034851,G,1.8420180082321167,G,1.7535629272460938,G,1.762595772743225,G,1.548115611076355,G,1.1760687828063965
586,D,2.043285556741663,D,2.876265287399292,D,2.523139476776123,D,5.432538986206055,E,1.9883641004562378,E,1.2912583351135254,H,1.6648435592651367,N,1.315434455871582,D,1.5850584506988525,E,2.0415005683898926,E,2.2185542583465576,E,2.1552231311798096,E,1.2912468910217285,E,1.9722259044647217,E,1.2929015159606934,E,1.2960375547409058,E,1.907315731048584,D,1.5639222860336304,N,1.169644832611084,H,3.2299962043762207,N,1.23000168800354,H,2.790523052215576,D,1.762201189994812,H,1.2760835886001587,H,3.0793404579162598,D,1.6651382446289062,D,1.6663134098052979,D,2.8320798873901367,D,1.2858049869537354,D,1.6601396799087524,D,1.4564073085784912,E,2.487170696258545,E,5.038847923278809,D,2.0159194469451904,D,1.9543490409851074,D,2.019314765930176,D,1.4795855283737183,D,1.086873173713684
587,V,1.9260387323998116,V,1.2254694700241089,V,1.529984712600708,T,0.7867786288261414,E,1.585045576095581,E,2.298654794692993,G,0.7776184678077698,V,2.2365975379943848,V,3.133610963821411,E,1.7199337482452393,E,1.7171518802642822,E,1.5678746700286865,E,2.2684738636016846,E,1.5955429077148438,E,2.293912887573242,E,2.308718204498291,E,1.964707612991333,V,1.934086561203003,A,2.4706952571868896,V,0.9880853891372681,A,2.63427472114563,G,1.8797087669372559,V,1.498610019683838,V,1.5162391662597656,V,1.665785789489746,V,3.033231496810913,V,3.033714532852173,V,1.5078314542770386,V,1.6648553609848022,V,1.8728618621826172,V,1.2429434061050415,E,2.9634158611297607,E,3.9972779750823975,V,1.3752466440200806,V,1.4842387437820435,V,1.3735941648483276,V,1.5362473726272583,V,2.5804126262664795
588,P,2.0347359051575533,P,1.6706651449203491,P,1.2657439708709717,L,2.549945592880249,A,1.6874973773956299,A,2.8133482933044434,A,2.849201202392578,P,1.6884084939956665,Q,1.4501229524612427,A,3.260289192199707,A,3.260589361190796,A,1.6597068309783936,A,2.7786710262298584,A,1.673460841178894,A,2.8006432056427,A,2.7995412349700928,A,1.1688053607940674,P,1.147944688796997,A,2.2475905418395996,A,1.2065355777740479,A,2.206149101257324,A,2.486257314682007,P,2.797121524810791,A,2.0720951557159424,A,3.051349639892578,L,1.6278619766235352,L,1.6279188394546509,P,1.284754753112793,P,1.718679428100586,Q,1.1715075969696045,P,1.8902536630630493,A,2.988457202911377,A,1.4620884656906128,P,1.1583703756332397,P,1.236726999282837,P,1.1541697978973389,P,2.28082275390625,Q,3.091933012008667
589,K,1.7683166764877938,K,3.256294012069702,K,2.9473133087158203,K,1.2493598461151123,S,1.2480422258377075,S,1.1738066673278809,S,1.8634024858474731,T,1.455434799194336,K,1.2526320219039917,S,1.5876226425170898,S,1.5998305082321167,S,1.2907650470733643,S,1.1600008010864258,S,1.2414337396621704,S,1.1684215068817139,S,1.1638591289520264,S,1.9391889572143555,K,2.1334590911865234,S,1.1916056871414185,S,1.111851692199707,S,1.2374086380004883,S,1.32456636428833,K,4.098352909088135,S,2.341630458831787,S,0.9504907727241516,K,1.965986728668213,K,1.9655426740646362,K,1.2800610065460205,K,1.7039837837219238,K,1.5648106336593628,K,3.3141982555389404,S,4.776889801025391,S,1.7610580921173096,K,1.3658702373504639,K,1.174970030784607,K,1.362813115119934,K,1.650189757347107,K,1.5545696020126343
590,A,2.064829214199169,L,1.1906533241271973,S,2.5117344856262207,S,1.6445152759552002,C,1.8889132738113403,C,1.4438508749008179,L,3.3345446586608887,A,1.8260993957519531,A,2.4094958305358887,C,1.8353521823883057,C,1.8631995916366577,C,1.7869869470596313,C,1.4360370635986328,C,1.87456214427948,C,1.4459271430969238,C,1.4368484020233154,S,2.372807025909424,S,1.5569592714309692,A,1.1847666501998901,L,1.921426773071289,A,1.225178599357605,F,2.7556095123291016,S,1.2198281288146973,S,2.7682573795318604,L,1.3332023620605469,S,1.7237794399261475,S,1.7237892150878906,S,1.3499207496643066,A,1.3944675922393799,A,3.063103437423706,A,1.7794749736785889,S,3.099412679672241,C,2.2181015014648438,A,3.6946637630462646,A,3.944190502166748,A,3.6925947666168213,S,1.9810810089111328,A,2.4673449993133545
591,I,1.8634458393663973,V,2.311584234237671,I,3.281304359436035,I,1.6667263507843018,I,3.05702543258667,I,1.8398951292037964,I,1.7188091278076172,I,1.7992002964019775,I,2.542111873626709,I,2.121849298477173,I,2.026787519454956,I,3.008450984954834,I,1.8432855606079102,I,3.0668835639953613,I,1.848723292350769,I,1.8343067169189453,I,2.6241531372070312,I,1.5952073335647583,V,1.6790070533752441,I,1.6363521814346313,V,1.6368510723114014,I,1.2977577447891235,I,1.5688679218292236,I,1.5730043649673462,I,1.2743804454803467,V,0.7584794759750366,V,0.7585240602493286,I,2.592817783355713,I,1.4232178926467896,I,1.3592443466186523,I,1.9297771453857422,V,1.5854748487472534,I,1.6263386011123657,V,1.2213095426559448,V,1.5747429132461548,V,1.2195605039596558,I,1.1570478677749634,V,2.8884360790252686
592,Q,1.9533084340997644,Q,1.3607537746429443,Q,1.3094122409820557,Q,1.32279372215271,S,2.8476274013519287,S,4.110396862030029,E,1.9338856935501099,Q,1.652361273765564,Q,1.8063384294509888,S,1.1274396181106567,S,1.1313347816467285,S,2.7655489444732666,S,4.412600040435791,S,2.8234078884124756,S,4.106566905975342,S,4.4326982498168945,S,1.0395768880844116,Q,1.038429856300354,E,2.62471866607666,E,2.783196210861206,E,2.6184208393096924,E,1.1142629384994507,Q,2.1880862712860107,D,1.1938786506652832,E,2.2571089267730713,Q,1.512622356414795,Q,1.512154459953308,Q,1.5455557107925415,Q,1.2234282493591309,Q,1.2613096237182617,Q,1.5872924327850342,S,1.8937863111495972,S,1.434605360031128,Q,1.42164945602417,Q,1.1582469940185547,Q,1.4223097562789917,Q,0.7517294883728027,Q,1.5468767881393433
593,C,1.9587348425710522,C,2.0757265090942383,C,3.389993906021118,C,3.3951823711395264,C,2.9282498359680176,C,1.2195842266082764,C,0.999042809009552,C,1.8074040412902832,C,3.1202666759490967,C,1.324506402015686,C,1.321810245513916,C,3.050018548965454,C,1.212573766708374,C,2.944660186767578,C,1.2192151546478271,C,1.2134135961532593,C,1.535988688468933,C,2.5795884132385254,C,1.4375356435775757,C,1.4552236795425415,C,1.3817195892333984,C,1.7782256603240967,C,1.5113794803619385,C,1.635880947113037,C,1.0221173763275146,C,3.4486100673675537,C,3.4328019618988037,C,2.769404649734497,C,1.7067023515701294,C,2.419013500213623,C,1.0451815128326416,C,2.356473207473755,C,1.0981571674346924,C,1.9193288087844849,C,1.8624889850616455,C,1.9214587211608887,C,1.4587819576263428,C,1.4754785299301147
594,Y,2.6307958138955607,Y,3.021481990814209,Y,2.2224369049072266,Y,2.7554259300231934,Y,1.914720892906189,Y,4.438078880310059,Y,2.2520384788513184,Y,1.0425490140914917,Y,1.6289445161819458,Y,2.3273768424987793,Y,2.381718635559082,Y,1.9163168668746948,Y,4.408141136169434,Y,1.9365307092666626,Y,4.422439098358154,Y,4.409630298614502,Y,2.318692207336426,Y,5.983570098876953,Y,2.205819845199585,Y,3.868349075317383,Y,2.259373188018799,Y,2.374061346054077,Y,1.4567586183547974,Y,2.961325168609619,Y,2.5878994464874268,Y,3.103501558303833,Y,3.088449716567993,Y,3.632197618484497,Y,2.6719839572906494,Y,2.57912015914917,Y,1.74355149269104,Y,1.9282042980194092,Y,2.0415844917297363,Y,1.7434585094451904,Y,1.9643151760101318,Y,1.7453222274780273,C,2.345151901245117,C,1.6589248180389404
595,M,2.219328886753804,M,1.367601990699768,M,1.1079692840576172,M,1.9714131355285645,M,1.134225845336914,M,2.2189793586730957,M,2.8023600578308105,M,5.196789264678955,M,2.6801438331604004,M,2.6782262325286865,M,2.68269419670105,M,1.1139825582504272,M,2.103126287460327,M,1.1335670948028564,M,2.165973424911499,M,2.102999448776245,M,2.9418416023254395,M,1.1800730228424072,M,1.597809910774231,M,1.926687479019165,M,1.5960748195648193,V,1.1727275848388672,M,1.1634199619293213,M,3.3855526447296143,M,3.156294584274292,M,2.902819871902466,M,2.8870229721069336,M,1.2802454233169556,M,3.7199456691741943,M,1.8034700155258179,M,3.693781614303589,M,1.1944921016693115,M,2.977774143218994,M,2.361128807067871,M,2.2522644996643066,M,2.363985300064087,M,2.713874340057373,M,1.3838304281234741
596,N,1.9494154163309045,K,1.4673305749893188,N,3.671191930770874,T,1.8485853672027588,N,1.2899762392044067,K,1.382341742515564,K,1.0774842500686646,K,1.846976399421692,K,1.6522165536880493,K,1.2794723510742188,K,1.2693825960159302,N,1.2652614116668701,K,1.3480472564697266,N,1.3091832399368286,K,1.3750115633010864,K,1.3541834354400635,K,1.1448272466659546,K,2.470862627029419,N,3.602306365966797,K,1.2219010591506958,N,3.532634735107422,K,3.2090353965759277,N,1.4317049980163574,N,2.9715847969055176,K,3.0950326919555664,H,1.2549214363098145,H,1.241267204284668,H,3.101334810256958,N,1.4282493591308594,K,3.117097854614258,K,1.8031249046325684,K,1.194753646850586,K,2.7149839401245117,K,1.761948823928833,K,1.7092771530151367,K,1.7699745893478394,H,3.190194845199585,H,1.724707007408142
597,E,2.023492596366189,E,1.3746286630630493,E,1.336132526397705,-,,D,1.9185805320739746,D,1.3458452224731445,D,1.850520133972168,D,1.3360735177993774,D,1.5326128005981445,D,4.809970855712891,D,4.747255325317383,D,2.078732490539551,D,1.3210080862045288,D,1.9349071979522705,D,1.3293355703353882,D,1.3313829898834229,D,5.379153251647949,E,1.7236790657043457,-,,D,1.8095303773880005,-,,E,2.912694215774536,E,1.753349781036377,E,1.0226205587387085,D,2.273298501968384,E,1.135945439338684,E,1.24418044090271,-,,E,2.774223804473877,D,1.66366446018219,D,1.1382142305374146,D,2.2746496200561523,E,2.9899840354919434,E,1.5597388744354248,E,1.546297550201416,E,1.5614244937896729,E,1.1295796632766724,E,2.6360414028167725
598,T,2.3468189272615643,-,,-,,Q,4.026993274688721,N,2.1420998573303223,N,1.9187607765197754,-,,-,,-,,N,3.9907844066619873,N,4.044617652893066,N,2.0975735187530518,N,2.0551226139068604,N,2.1472513675689697,N,2.106504440307617,N,2.0967798233032227,N,4.030573844909668,N,1.8938016891479492,E,0.9325640797615051,-,,E,0.9812400341033936,-,,-,,-,,-,,-,,-,,E,1.9120961427688599,T,1.7708148956298828,-,,-,,N,2.282658338546753,N,1.8125039339065552,-,,-,,-,,-,,-,
599,-,2.0368592739105225,A,1.1495552062988281,K,0.9939243793487549,T,1.488906741142273,P,1.29152250289917,P,1.9235355854034424,Y,2.2855477333068848,T,1.9424251317977905,N,1.4356364011764526,P,1.3938031196594238,P,1.4300341606140137,P,1.2625104188919067,P,1.890449047088623,P,1.2894691228866577,P,1.928924798965454,P,1.904978632926941,P,1.2701919078826904,-,,Y,3.7471320629119873,Y,2.069511651992798,Y,3.7245631217956543,Y,3.7705228328704834,K,2.417508602142334,Y,1.4105857610702515,Y,2.0308308601379395,T,1.9445635080337524,T,1.9214144945144653,T,2.5226097106933594,-,,N,2.6095876693725586,T,1.3976194858551025,A,3.0308620929718018,P,2.026738405227661,R,2.4459986686706543,R,2.280334949493408,R,2.446136951446533,R,1.1923061609268188,R,3.419832706451416
600,G,1.9933242153477024,G,1.9230940341949463,K,1.7853729724884033,G,7.608964443206787,G,1.8010430335998535,G,2.009169578552246,G,1.515537142753601,N,1.2486001253128052,N,2.384126663208008,G,1.585314154624939,G,1.6277084350585938,G,1.8011760711669922,G,2.0025980472564697,G,1.8011478185653687,G,2.011547565460205,G,2.013904094696045,G,1.5311764478683472,G,1.9890151023864746,S,1.223738193511963,G,2.7759392261505127,S,1.250388741493225,R,2.275817394256592,K,1.8497074842453003,G,1.8801664113998413,G,1.9343032836914062,G,1.8274489641189575,G,1.8151938915252686,G,1.2623775005340576,G,1.2796828746795654,N,1.63335120677948,N,2.6561248302459717,G,2.8173203468322754,G,1.216046690940857,N,1.9047393798828125,N,1.8253577947616577,N,1.870345950126648,G,1.5895215272903442,K,2.225928544998169
601,A,1.954864189431474,C,2.66141939163208,V,1.2943941354751587,A,1.3825347423553467,A,1.410027027130127,A,1.2704060077667236,V,1.7591421604156494,A,2.171811819076538,A,1.9740809202194214,S,1.9299217462539673,S,2.008535861968994,A,1.4360620975494385,A,1.318572998046875,A,1.4059783220291138,A,1.2157554626464844,A,1.2186896800994873,A,1.892811894416809,A,1.5615551471710205,V,1.9870855808258057,A,1.2132152318954468,V,1.8436170816421509,A,1.7331160306930542,V,3.2067580223083496,V,1.8818591833114624,A,1.9611518383026123,A,2.4731242656707764,A,2.4607186317443848,V,0.6960325241088867,A,2.356344699859619,A,1.5334091186523438,A,1.9752634763717651,L,2.018056869506836,L,2.059572219848633,V,2.5556578636169434,V,2.5262725353240967,V,2.526618480682373,V,6.3865861892700195,V,1.0238157510757446
602,S,1.976423083124934,S,4.802819728851318,S,4.8866987228393555,T,1.6361743211746216,T,1.357544183731079,T,2.4569544792175293,S,1.0549782514572144,S,1.4181205034255981,T,1.9430878162384033,T,2.069706678390503,T,1.8946610689163208,T,1.3589500188827515,T,2.3265233039855957,T,1.3442641496658325,T,2.360264539718628,T,2.370558738708496,T,2.0259828567504883,S,3.443812847137451,T,1.0684581995010376,S,1.8562008142471313,T,0.9988559484481812,S,1.6629527807235718,S,1.1940035820007324,S,1.618720531463623,S,2.1029443740844727,S,1.5613822937011719,S,1.5488576889038086,S,1.952087163925171,S,2.22074031829834,T,1.4478877782821655,S,1.725095510482788,T,1.379108190536499,T,1.65254807472229,P,2.3956918716430664,P,2.793351173400879,P,2.343881845474243,S,1.5254048109054565,P,1.3283789157867432
603,E,2.1605498081928975,E,2.190664052963257,E,1.3717074394226074,E,3.936401128768921,E,2.74068021774292,E,2.057295322418213,K,2.780669927597046,E,2.859386920928955,E,6.241876602172852,E,1.60918128490448,E,1.6289783716201782,E,2.769880771636963,E,2.021357297897339,E,2.7602415084838867,E,2.066375494003296,E,2.056912660598755,E,1.625104308128357,E,1.4540622234344482,K,2.627345085144043,K,1.3528003692626953,Q,2.53204345703125,K,1.6961064338684082,E,1.689009189605713,E,2.122800827026367,K,1.1518410444259644,E,2.1976139545440674,E,2.1969571113586426,E,2.4621450901031494,E,1.6306020021438599,E,2.4381415843963623,E,2.194348096847534,E,1.211841106414795,E,1.1300392150878906,E,2.0541374683380127,E,2.0094497203826904,E,2.013908863067627,E,1.3725913763046265,E,1.6858453750610352
604,E,2.1033928245306015,-,,-,,-,,E,1.7157893180847168,E,3.1774091720581055,Q,1.9617451429367065,-,,-,,E,1.2281421422958374,K,1.0886740684509277,E,1.7327239513397217,E,3.1186001300811768,E,1.6923071146011353,E,3.185084342956543,E,3.177156686782837,E,1.0069527626037598,E,2.585068464279175,E,2.2956814765930176,Q,1.0656194686889648,E,2.3613767623901367,Q,2.827340841293335,-,,Q,2.5162558555603027,Q,2.2476694583892822,-,,-,,D,3.270163059234619,E,1.4926624298095703,-,,-,,E,2.1569459438323975,E,1.3474124670028687,-,,-,,-,,G,1.2898802757263184,A,1.940766453742981
605,-,,-,,-,,-,,-,,-,,-,,-,,-,,-,,-,,-,,-,,-,,-,,-,,-,,-,,-,,-,,-,,-,,-,,-,,-,,-,,-,,-,,-,,-,,-,,-,,-,,-,,-,,-,,-,,-,
606,-,2.1837306114343495,E,2.8092193603515625,E,1.201346755027771,E,3.2950592041015625,-,,-,,-,,E,1.8942928314208984,K,1.6003296375274658,-,,-,,-,,-,,-,,-,,-,,-,,-,,-,,-,,-,,-,,E,2.022381067276001,-,,-,,E,1.3139753341674805,E,1.3133766651153564,-,,-,,K,1.91947603225708,E,2.0068905353546143,-,,-,,K,2.70383620262146,K,3.073687791824341,K,3.234626531600952,-,,-,
607,-,,-,,-,,-,,-,,-,,-,,-,,-,,-,,-,,-,,-,,-,,-,,-,,-,,-,,-,,-,,-,,-,,-,,-,,-,,-,,-,,-,,-,,-,,-,,-,,-,,-,,-,,-,,-,,-,
608,-,,-,,-,,-,,-,,-,,-,,-,,-,,-,,-,,-,,-,,-,,-,,-,,-,,-,,-,,-,,-,,-,,-,,-,,-,,-,,-,,-,,-,,-,,-,,-,,-,,-,,-,,-,,-,,-,
609,G,2.1620295208853646,E,3.0482003688812256,E,1.047337293624878,A,1.2269866466522217,D,3.638336181640625,D,2.931607484817505,E,3.605349063873291,E,1.1927785873413086,E,1.6775957345962524,D,1.6974060535430908,E,1.6985774040222168,D,3.55134916305542,D,3.112232208251953,D,3.5963213443756104,D,3.137957811355591,D,3.1373534202575684,D,2.1324033737182617,E,1.3223376274108887,E,2.748676300048828,E,3.212240695953369,E,3.0644187927246094,E,0.9916305541992188,E,3.6779401302337646,E,1.4055730104446411,E,1.618363618850708,R,1.7764155864715576,R,1.7762044668197632,E,1.9020086526870728,G,2.0967259407043457,E,1.838192343711853,E,1.6272764205932617,D,1.75161874294281,D,1.352522373199463,E,1.1830037832260132,E,1.143998146057129,E,1.1531927585601807,V,1.43467378616333,V,2.4862864017486572
610,A,2.268307010869722,S,2.150810480117798,A,1.9624807834625244,A,2.1652941703796387,A,3.4246318340301514,A,2.7406668663024902,A,1.4944430589675903,A,1.352855920791626,G,1.033061146736145,A,3.547577142715454,A,3.4491631984710693,A,3.4330694675445557,A,2.7344202995300293,A,3.4747345447540283,A,2.738889694213867,A,2.7294328212738037,A,2.09574294090271,A,2.0330915451049805,A,3.0403103828430176,A,1.2032928466796875,A,3.021637201309204,A,2.795379161834717,A,1.0529290437698364,T,2.232895851135254,T,0.9070338606834412,A,1.491176962852478,A,1.491135597229004,A,1.3520511388778687,A,1.5615699291229248,G,5.726052284240723,A,2.3901283740997314,A,1.3317991495132446,V,1.3978385925292969,A,2.4782989025115967,A,2.371575117111206,A,2.3450050354003906,A,1.4564642906188965,A,1.7204197645187378
611,R,2.2856001016255973,R,2.1584606170654297,R,4.209550857543945,R,1.9742121696472168,L,1.4035853147506714,L,2.339879274368286,Y,1.7394382953643799,W,1.7835477590560913,A,2.2196288108825684,L,2.9828341007232666,L,3.1862173080444336,L,1.399674654006958,L,2.319063901901245,L,1.3878486156463623,L,2.3338820934295654,L,2.329604148864746,L,3.363353967666626,R,1.6979620456695557,H,2.8506689071655273,Y,3.2904858589172363,H,2.753779411315918,Y,2.449442148208618,R,1.433167576789856,I,2.434537410736084,Y,2.2671468257904053,R,2.3603408336639404,R,2.3603408336639404,R,1.4348219633102417,R,2.784327983856201,Q,1.4468817710876465,R,1.436607837677002,I,1.6669371128082275,V,2.593804359436035,R,1.894034743309021,R,1.8618391752243042,R,1.8429310321807861,R,2.587505340576172,R,3.988858699798584
612,E,1.723625379639703,E,1.1024906635284424,Q,1.2866344451904297,E,1.4483230113983154,N,1.613966703414917,S,1.2754250764846802,V,0.8273066282272339,E,1.6025328636169434,E,1.4365308284759521,N,2.563783645629883,N,2.4951558113098145,N,1.6164578199386597,S,1.2751774787902832,N,1.7237768173217773,S,1.2697956562042236,S,1.2730863094329834,D,3.0241916179656982,K,1.2608269453048706,I,1.756843090057373,A,1.4561282396316528,V,1.8704571723937988,V,0.8689301013946533,Q,2.345092535018921,D,2.3002471923828125,I,0.9652501344680786,D,1.3677479028701782,D,1.3677479028701782,E,3.364625930786133,E,2.3451571464538574,E,2.617987632751465,G,2.8857672214508057,H,1.3963927030563354,N,1.7892727851867676,E,1.3527851104736328,E,1.217713713645935,E,1.2182810306549072,E,2.2971575260162354,E,1.8950916528701782
613,Y,2.010439441010759,H,2.1502580642700195,H,1.0330041646957397,H,1.5010979175567627,H,2.0326504707336426,H,1.5360618829727173,K,1.7567143440246582,H,2.541466474533081,H,2.356114149093628,H,1.628005027770996,H,1.5399370193481445,H,2.1283864974975586,H,1.6954920291900635,H,1.9206866025924683,H,1.5304114818572998,H,1.531967043876648,H,2.8123271465301514,H,2.0999810695648193,K,1.307855486869812,K,3.1278574466705322,K,1.3555690050125122,E,2.1916911602020264,H,1.8856799602508545,I,1.3945398330688477,K,3.0511040687561035,H,2.166740894317627,H,2.166410446166992,H,1.293444037437439,Y,2.7917799949645996,H,1.014925479888916,H,1.9625972509384155,R,1.0915303230285645,H,3.9256272315979004,H,2.4334633350372314,H,2.2496445178985596,H,2.428450107574463,Q,2.4790139198303223,H,2.273773431777954
614,I,2.081465693744453,V,2.7100777626037598,I,1.0411583185195923,I,1.2064383029937744,I,1.9427164793014526,I,1.524895191192627,F,2.0374205112457275,V,1.4466490745544434,V,2.408510208129883,I,1.9958186149597168,I,2.0544426441192627,I,1.9437222480773926,I,1.5093820095062256,I,1.913069725036621,I,1.5257302522659302,I,1.525362491607666,I,2.3062546253204346,I,1.7000830173492432,I,2.578192710876465,F,1.7301125526428223,I,2.6931557655334473,A,0.9080478549003601,I,1.9437669515609741,F,3.673595905303955,F,2.81888747215271,V,1.1709482669830322,V,1.1709482669830322,I,1.4200022220611572,I,1.4814362525939941,V,2.0719776153564453,V,1.7764170169830322,I,3.4833481311798096,I,3.583693504333496,V,3.3013455867767334,V,3.1866188049316406,V,3.1674132347106934,V,1.7755637168884277,I,2.287027359008789
615,K,1.7377923082660984,W,1.9388772249221802,R,1.036914587020874,K,1.570690631866455,N,1.1779640913009644,N,1.2303141355514526,Q,4.890300750732422,R,1.9058043956756592,K,2.537585496902466,N,1.1278561353683472,N,1.1312114000320435,H,1.156851887702942,N,1.1951874494552612,H,1.165104866027832,N,1.2273539304733276,N,1.232132911682129,N,1.2589553594589233,N,1.6898170709609985,R,1.1194126605987549,K,1.237728476524353,R,1.1038672924041748,R,2.2794086933135986,R,1.9610347747802734,N,1.2537813186645508,L,4.111812591552734,H,1.2484965324401855,H,1.2484965324401855,R,1.5090909004211426,K,1.9328408241271973,K,1.3986127376556396,R,1.119168996810913,N,1.5270657539367676,H,1.386182427406311,R,2.3665411472320557,R,2.791853666305542,R,2.7693099975585938,K,1.7385047674179077,K,2.7221829891204834
616,Y,1.9291305445336007,F,1.4699876308441162,L,2.1518476009368896,G,1.8036268949508667,A,0.9264976382255554,A,2.1178390979766846,K,1.3598240613937378,F,3.8098299503326416,Y,2.171473741531372,G,1.7641260623931885,G,1.8396559953689575,A,0.969413697719574,A,2.112128734588623,A,0.9205697774887085,A,2.1344828605651855,A,2.1249544620513916,A,1.4729055166244507,L,6.112855434417725,D,2.1909213066101074,K,1.7216718196868896,D,2.0364959239959717,R,3.2259624004364014,L,1.8942512273788452,K,1.423906683921814,K,1.347184419631958,Q,1.3733837604522705,Q,1.3733837604522705,D,1.3066203594207764,Y,1.5414503812789917,Y,2.4282984733581543,F,1.9207719564437866,A,2.0768415927886963,G,1.5601640939712524,F,1.8066935539245605,F,1.856779932975769,F,1.8566043376922607,E,1.5490400791168213,Q,1.6253849267959595
617,L,2.1775367807697608,L,2.043445110321045,L,1.3098732233047485,L,2.0930240154266357,M,1.5985890626907349,V,1.431406021118164,E,1.1713594198226929,M,1.5649900436401367,L,2.58760666847229,M,1.9489226341247559,M,1.8776944875717163,M,1.5516133308410645,V,1.6011927127838135,M,1.7157398462295532,V,1.4241816997528076,V,1.4297000169754028,M,1.6715108156204224,M,1.8050473928451538,I,1.8372434377670288,D,2.541559934616089,I,1.6373728513717651,Q,2.81823468208313,L,2.1317288875579834,R,2.1958768367767334,E,1.4472367763519287,M,5.25171422958374,M,5.25171422958374,L,1.2445498704910278,L,1.377427101135254,L,2.4433815479278564,M,2.701964855194092,M,2.2641382217407227,M,1.9933226108551025,L,2.2109155654907227,L,2.1673226356506348,L,2.155473232269287,L,2.3829197883605957,V,5.688867092132568
618,I,1.9323614867957863,L,3.1255943775177,I,5.633429050445557,V,1.6462106704711914,V,1.2511005401611328,I,1.0987743139266968,V,3.522500514984131,I,1.3875055313110352,L,1.9309277534484863,I,1.168068528175354,I,1.2711132764816284,V,1.0382148027420044,I,1.0821352005004883,V,1.2285209894180298,I,1.0979852676391602,I,1.0998103618621826,I,1.3047162294387817,I,1.5875933170318604,I,1.0951484441757202,V,1.61298406124115,I,1.050925612449646,I,1.3188759088516235,I,2.7724857330322266,I,1.1728737354278564,V,1.4225176572799683,I,2.056692123413086,I,2.056546688079834,I,3.224830150604248,I,4.113718032836914,L,2.6794252395629883,I,2.173165798187256,V,1.758959412574768,V,1.6334419250488281,I,2.4473860263824463,I,2.3160839080810547,I,2.3091886043548584,I,2.0293142795562744,M,1.7786109447479248
619,S,1.9509654721698246,R,1.4964207410812378,S,1.0485639572143555,H,3.087578296661377,N,1.4607713222503662,S,2.446901559829712,T,1.2586593627929688,G,1.8110319375991821,R,2.1908295154571533,E,1.9047068357467651,E,2.043342351913452,N,1.6036839485168457,N,2.4252402782440186,N,1.5250887870788574,S,2.44775652885437,S,2.441883087158203,S,1.8084036111831665,K,2.055832862854004,E,1.4627184867858887,T,2.118594169616699,E,1.387477993965149,T,2.7708492279052734,S,1.007941722869873,V,1.454437255859375,T,2.127316474914551,S,2.0784337520599365,S,2.0784337520599365,A,1.3516395092010498,S,2.584862470626831,L,2.306682825088501,G,2.6921236515045166,H,1.298704743385315,D,1.4215705394744873,R,2.3918490409851074,R,2.5125699043273926,R,2.523402690887451,R,2.3713223934173584,E,1.1880968809127808
620,A,1.9245550777461078,E,0.8075097799301147,E,2.4471850395202637,E,1.3163574934005737,E,2.2708637714385986,D,1.821014404296875,N,2.137868881225586,E,1.462293267250061,E,2.4201889038085938,K,1.6195367574691772,K,1.61358642578125,E,2.8917558193206787,D,1.7986061573028564,E,2.199906587600708,D,1.8262574672698975,D,1.8226579427719116,D,1.386713981628418,E,2.25160551071167,N,1.3251858949661255,N,1.7482377290725708,N,1.3313649892807007,N,1.452294111251831,E,2.1936194896698,D,1.1208257675170898,N,1.0206313133239746,D,2.0039827823638916,D,2.0039827823638916,E,3.1068274974823,A,2.2140302658081055,E,2.527209520339966,E,1.5366796255111694,N,2.5240871906280518,D,0.9080625176429749,E,2.8839643001556396,E,2.887258291244507,E,2.876436233520508,G,1.860713005065918,A,1.5892363786697388
621,T,2.0583996611672477,T,1.5799765586853027,T,2.0258328914642334,A,1.74911367893219,L,0.9857010841369629,V,2.497081756591797,G,1.6252726316452026,A,1.7506422996520996,A,1.706115961074829,Q,2.0344789028167725,R,1.7033172845840454,L,1.0579102039337158,V,2.4331166744232178,L,1.1103568077087402,V,2.482963800430298,V,2.488978624343872,V,1.0461831092834473,T,2.1903345584869385,Y,2.923177480697632,A,2.030372142791748,Y,3.050266742706299,A,1.6232856512069702,T,1.970794677734375,S,2.8745367527008057,A,3.5469093322753906,M,1.7606338262557983,M,1.760424017906189,T,2.0338404178619385,T,1.9167993068695068,A,1.9189343452453613,T,1.8509050607681274,L,1.9926456212997437,L,1.5004851818084717,A,3.2985565662384033,A,3.288241386413574,A,3.2047345638275146,N,1.3625115156173706,K,1.785356044769287
622,W,2.2386653503856144,W,0.7612611651420593,W,1.587457537651062,W,1.9895119667053223,M,2.0812923908233643,I,3.8956375122070312,W,1.5731048583984375,W,4.394268035888672,W,5.548620700836182,I,2.5262792110443115,I,2.3872931003570557,M,1.7378612756729126,I,3.8905444145202637,M,1.6880725622177124,I,3.889113664627075,I,3.8982138633728027,I,2.8341856002807617,W,1.1523858308792114,W,2.9125144481658936,W,1.7716574668884277,W,3.079521894454956,W,1.7199901342391968,W,1.019919514656067,W,2.7745907306671143,W,1.6405833959579468,W,1.5763267278671265,W,1.5761933326721191,W,2.4497852325439453,W,1.7373723983764648,W,2.103766679763794,W,3.355757236480713,L,1.2568517923355103,I,1.463780164718628,S,1.4379644393920898,S,1.344699740409851,S,1.4177746772766113,W,1.2076506614685059,W,1.1488136053085327
623,K,1.8024220386066951,K,3.4287538528442383,K,2.5687406063079834,K,4.047626495361328,K,1.0423473119735718,K,1.5658831596374512,M,1.7604981660842896,K,1.3850014209747314,K,1.7771601676940918,K,1.7803064584732056,K,1.8855087757110596,K,1.0725131034851074,K,1.5310457944869995,K,1.087738275527954,K,1.5409088134765625,K,1.534010887145996,R,1.777957558631897,K,1.7812895774841309,K,2.8551177978515625,K,2.107635498046875,K,2.49468994140625,K,1.171687364578247,K,1.6627241373062134,K,2.187091588973999,K,1.2738621234893799,D,1.022932529449463,D,1.022932529449463,M,1.5599310398101807,K,2.048600673675537,K,2.460937976837158,K,2.805464029312134,K,0.9069798588752747,K,1.7202544212341309,K,1.5938173532485962,K,1.6028287410736084,K,1.6028352975845337,R,1.97312331199646,R,1.048878788948059
624,K,2.2856277420714095,K,2.9325127601623535,K,1.2696406841278076,G,1.0427279472351074,E,1.6840846538543701,G,1.5971758365631104,D,3.668473958969116,R,1.7871067523956299,E,1.8003718852996826,E,2.021418809890747,E,2.005391836166382,E,1.6733624935150146,G,1.5818274021148682,E,1.7073267698287964,G,1.571345329284668,G,1.5930840969085693,G,3.6712746620178223,M,2.999443292617798,D,1.2868263721466064,D,1.4611600637435913,D,1.2666341066360474,D,1.6855716705322266,K,1.3139426708221436,D,1.550546407699585,D,2.8284785747528076,D,1.7958331108093262,D,1.7956218719482422,K,2.6270713806152344,K,4.280182361602783,E,1.7048290967941284,E,2.145467519760132,E,1.416954517364502,E,1.7770689725875854,Q,5.082719326019287,Q,5.114089012145996,Q,5.094354629516602,C,2.9527618885040283,V,2.781543731689453
625,M,2.3539770100567794,M,2.053151845932007,L,0.9891256093978882,M,1.1816074848175049,F,4.849065780639648,L,2.4190821647644043,I,1.5974299907684326,L,2.401055097579956,M,2.6388790607452393,L,3.4906177520751953,L,4.169288158416748,F,5.119624614715576,L,2.3852295875549316,F,4.835177898406982,L,2.392338514328003,L,2.3877129554748535,L,3.4785048961639404,I,1.9101909399032593,L,1.5359628200531006,I,1.5432718992233276,L,1.5375959873199463,I,1.4771521091461182,L,2.3008720874786377,I,1.3974546194076538,I,1.3196767568588257,M,2.1894330978393555,M,2.1894330978393555,M,1.4701727628707886,M,1.7559059858322144,M,5.584461688995361,L,2.572582483291626,L,0.9402377605438232,L,1.164914846420288,M,1.4584689140319824,M,1.5338671207427979,M,1.3590255975723267,M,1.4003071784973145,L,4.068270206451416
626,N,1.844808671925519,N,2.221712112426758,N,2.7296557426452637,N,2.4169583320617676,N,1.3149415254592896,N,2.204441785812378,N,1.7178599834442139,N,1.273163914680481,N,1.9033639430999756,N,1.797775149345398,N,1.4302366971969604,N,1.3198018074035645,N,2.2215192317962646,N,1.30985689163208,N,2.2055366039276123,N,2.185683250427246,N,1.3090100288391113,N,1.1407939195632935,N,1.4726375341415405,N,5.227995872497559,N,1.5594676733016968,N,3.6330032348632812,N,2.4168529510498047,N,1.216051697731018,N,1.7304731607437134,N,1.3869088888168335,N,1.3867754936218262,N,1.2231495380401611,N,1.543493390083313,N,1.7650511264801025,N,1.7734947204589844,N,1.638885498046875,N,2.910820245742798,N,1.3180162906646729,N,1.3316576480865479,N,1.3293166160583496,N,1.1265363693237305,N,1.5650219917297363
627,K,2.0725621146124764,K,4.836440086364746,E,2.6609153747558594,K,1.789018154144287,W,1.833605170249939,W,1.1043723821640015,R,1.9210753440856934,T,2.305835723876953,T,1.1935124397277832,W,1.6978870630264282,W,1.7000131607055664,W,1.8829678297042847,W,1.107111930847168,W,2.0599288940429688,W,1.1079274415969849,W,1.1065566539764404,W,1.1579231023788452,T,1.2769300937652588,E,1.542679786682129,K,3.220095157623291,E,1.6953951120376587,T,1.4619134664535522,E,4.33230447769165,E,4.24831485748291,K,1.7217252254486084,S,1.4734530448913574,S,1.4733694791793823,S,1.3261995315551758,K,3.4777019023895264,T,1.830280065536499,T,3.8834447860717773,W,1.6662663221359253,W,1.3658475875854492,T,2.5054280757904053,T,2.5074501037597656,T,2.5157127380371094,G,1.502885103225708,G,2.1923105716705322
628,D,2.039478505651156,D,2.59222674369812,A,1.0371800661087036,-,,E,4.395978927612305,E,0.8940792679786682,E,2.61057448387146,A,1.6747159957885742,A,1.746547818183899,E,2.193037509918213,E,2.1740009784698486,E,4.382638931274414,E,0.8766952157020569,E,4.336142539978027,E,0.8781858086585999,E,0.8779662847518921,E,1.762258529663086,A,2.618115186691284,E,1.1930567026138306,E,3.065979242324829,E,1.2212880849838257,D,1.4276012182235718,A,1.8750324249267578,E,1.2718806266784668,Q,1.5686900615692139,E,1.4582301378250122,E,1.4585014581680298,A,2.4172661304473877,D,1.7163856029510498,A,2.668633222579956,A,2.4859206676483154,E,2.2471423149108887,E,1.5756644010543823,A,2.427248239517212,A,2.4986989498138428,A,2.463372230529785,D,2.0683321952819824,N,1.2619580030441284
629,R,2.282975951830546,-,,-,,-,,L,2.300668239593506,L,1.4952192306518555,F,1.8199366331100464,-,,-,,L,1.763724446296692,L,1.7809028625488281,L,2.218013048171997,L,1.4611033201217651,L,2.2252748012542725,L,1.4702855348587036,L,1.4670768976211548,L,1.967211127281189,Q,4.431029319763184,Y,1.7147432565689087,F,1.7552932500839233,Y,1.797659993171692,Y,1.7745940685272217,-,,F,2.73445987701416,F,2.121493101119995,-,,-,,R,1.949499249458313,R,1.2184498310089111,-,,-,,L,1.4069015979766846,L,6.438606262207031,-,,-,,-,,R,4.331844806671143,R,3.1474320888519287
630,A,1.886929110118321,S,1.5679455995559692,H,1.4024217128753662,-,,L,2.1957428455352783,L,2.18788743019104,F,1.3963916301727295,M,2.190143585205078,M,2.145756959915161,L,1.531705379486084,L,1.5838713645935059,L,1.58232581615448,L,2.3835573196411133,L,2.149109363555908,L,2.4127774238586426,L,2.3911800384521484,L,1.2784500122070312,H,1.6013386249542236,F,2.4844486713409424,-,,F,2.3096237182617188,L,1.4690576791763306,H,1.4366151094436646,L,2.481485605239868,F,4.1680426597595215,T,1.376626968383789,T,1.360121488571167,F,1.209539532661438,A,1.5901894569396973,M,1.8881878852844238,M,1.8001821041107178,L,0.9155374765396118,L,1.4062494039535522,M,1.2091232538223267,M,1.2182939052581787,M,1.1974941492080688,A,4.845762729644775,V,1.675331950187683
631,A,2.1413252844529995,E,2.241457462310791,-,,-,,K,1.146616816520691,N,1.7445238828659058,-,,-,,-,,-,,-,,K,1.136501431465149,N,1.7189668416976929,K,0.9839762449264526,N,1.7254266738891602,N,1.746309757232666,-,,D,2.20611834526062,K,2.0939583778381348,-,,K,1.9139716625213623,H,2.4500813484191895,-,,-,,-,,K,3.7594783306121826,K,3.759258270263672,G,3.1025140285491943,A,2.0539214611053467,-,,-,,-,,K,2.6194489002227783,-,,-,,-,,-,,-,
632,-,5.286455154418945,-,,-,,-,,-,,-,,-,,-,,-,,-,,-,,-,,-,,-,,-,,-,,-,,-,,-,,-,,-,,-,,-,,-,,-,,T,5.286529064178467,T,5.286381244659424,-,,-,,-,,-,,-,,-,,-,,-,,-,,-,,-,
633,S,2.1953524259420543,-,,N,4.303333759307861,C,2.0307772159576416,-,,-,,-,,A,2.050027847290039,A,1.2825762033462524,-,,-,,-,,-,,-,,-,,-,,-,,-,,V,2.61979341506958,-,,V,2.837204694747925,-,,N,1.8944753408432007,-,,-,,A,2.1739511489868164,A,2.173779010772705,N,1.6682379245758057,S,1.2486211061477661,A,1.2043052911758423,A,3.0524985790252686,-,,-,,-,,-,,-,,-,,-,
634,S,1.568998831969041,-,,-,,L,1.8678762912750244,-,,-,,-,,E,2.316962242126465,D,1.7119704484939575,-,,-,,-,,-,,-,,-,,-,,-,,-,,-,,F,1.5501021146774292,-,,-,,-,,-,,-,,C,1.4470897912979126,C,1.4468990564346313,P,1.5874885320663452,S,1.2609909772872925,D,1.7740428447723389,K,1.69472074508667,-,,-,,A,1.229270339012146,A,1.285876989364624,A,1.2236944437026978,-,,-,
635,-,,-,,-,,-,,-,,-,,-,,-,,-,,-,,-,,-,,-,,-,,-,,-,,-,,-,,-,,-,,-,,-,,-,,-,,-,,-,,-,,-,,-,,-,,-,,-,,-,,-,,-,,-,,-,,-,
636,-,,-,,-,,-,,-,,-,,-,,-,,-,,-,,-,,-,,-,,-,,-,,-,,-,,-,,-,,-,,-,,-,,-,,-,,-,,-,,-,,-,,-,,-,,-,,-,,-,,-,,-,,-,,-,,-,
637,-,,-,,-,,-,,-,,-,,-,,-,,-,,-,,-,,-,,-,,-,,-,,-,,-,,-,,-,,-,,-,,-,,-,,-,,-,,-,,-,,-,,-,,-,,-,,-,,-,,-,,-,,-,,-,,-,
638,-,,-,,-,,-,,-,,-,,-,,-,,-,,-,,-,,-,,-,,-,,-,,-,,-,,-,,-,,-,,-,,-,,-,,-,,-,,-,,-,,-,,-,,-,,-,,-,,-,,-,,-,,-,,-,,-,
639,-,1.8720068145882,W,1.7535884380340576,V,1.8886107206344604,F,2.200394630432129,-,,P,1.4821252822875977,C,3.9545092582702637,A,1.3904849290847778,P,2.633985996246338,K,0.9464374780654907,K,0.958199679851532,-,,P,1.4662909507751465,-,,P,1.4695783853530884,P,1.4789150953292847,N,1.1481691598892212,-,,-,,-,,-,,-,,V,1.974339246749878,R,2.086482286453247,R,1.4976012706756592,N,2.260347366333008,N,2.2606918811798096,-,,-,,P,2.1334474086761475,P,1.2058171033859253,K,1.7518271207809448,-,,-,,I,3.2423062324523926,-,,-,,-,
640,-,2.2290352483590445,A,1.5817950963974,A,1.3273640871047974,E,1.9711912870407104,P,1.5682501792907715,-,,P,1.6283280849456787,D,1.239833116531372,-,,P,1.3109506368637085,P,1.3497570753097534,P,1.8199039697647095,-,,P,1.7350046634674072,-,,-,,P,2.211010456085205,-,,D,2.647610902786255,R,1.6359126567840576,D,2.962671995162964,-,,A,3.1834347248077393,-,,-,,S,1.8673498630523682,S,1.867954969406128,-,,-,,-,,D,3.056199789047241,P,6.50379753112793,P,1.6221120357513428,I,3.2174060344696045,-,,I,3.2256386280059814,A,2.130582332611084,A,1.8327858448028564
641,-,2.1128937550953455,E,1.5653955936431885,A,1.37131667137146,Q,2.4689888954162598,D,2.9312796592712402,N,1.37460458278656,D,1.620282769203186,D,3.820631980895996,E,1.5811246633529663,D,1.7169753313064575,D,1.7163143157958984,D,2.83154034614563,N,1.3555715084075928,D,2.9155657291412354,N,1.3631844520568848,N,1.3749388456344604,N,1.311156988143921,N,2.416646718978882,M,1.8169362545013428,P,1.3180046081542969,M,2.068990707397461,A,5.20598840713501,A,1.4870011806488037,P,1.4318534135818481,P,2.072115421295166,S,4.123555660247803,S,4.117464065551758,-,,-,,D,1.2784346342086792,D,2.2069857120513916,D,1.348415493965149,D,1.9026594161987305,D,1.7071095705032349,D,1.5931758880615234,D,1.8362910747528076,A,3.2067172527313232,A,1.4940636157989502
642,P,1.8171658000430546,S,1.458084225654602,H,1.7017993927001953,T,1.1405359506607056,N,1.8369724750518799,S,1.1040328741073608,V,2.578442335128784,C,2.676262378692627,C,1.5617330074310303,K,1.565879464149475,K,1.6315865516662598,N,1.7693318128585815,S,1.0860010385513306,N,1.7793748378753662,S,1.093527913093567,S,1.103469967842102,S,1.8601971864700317,S,1.8607728481292725,I,1.9196040630340576,T,1.8399760723114014,I,1.9552192687988281,T,1.3939992189407349,H,2.1309974193573,T,1.3398993015289307,T,2.239292621612549,S,1.9139519929885864,S,1.9066877365112305,P,1.7658517360687256,P,3.642944097518921,C,1.6342583894729614,C,1.2772263288497925,C,1.5104552507400513,C,2.431589126586914,C,1.7058908939361572,C,1.4607160091400146,C,1.7101573944091797,S,2.7659358978271484,S,2.8824775218963623
643,F,1.7026809998920986,P,1.2928072214126587,P,1.9417829513549805,P,2.3770594596862793,N,1.5009424686431885,S,1.04880952835083,E,1.5337576866149902,P,1.1933162212371826,P,2.0284228324890137,N,2.220318078994751,N,2.1038906574249268,N,1.4904181957244873,S,1.1232807636260986,N,1.5157926082611084,S,1.054991364479065,S,1.0595139265060425,S,2.826680898666382,L,1.688315987586975,I,1.6866695880889893,E,2.2146871089935303,I,1.6725409030914307,Q,1.4155426025390625,P,1.0864534378051758,A,1.705789566040039,E,2.177797794342041,-,,-,,Y,1.3627047538757324,F,1.3289475440979004,P,2.7227330207824707,P,1.4981095790863037,N,2.4354755878448486,N,1.166041612625122,P,2.1197526454925537,P,1.9383810758590698,P,1.921852946281433,S,2.051896810531616,S,1.0883575677871704
644,-,1.7827701701058283,F,1.422400951385498,F,2.5174171924591064,F,1.6182093620300293,V,1.5045404434204102,V,1.8934966325759888,V,2.298757314682007,F,1.3613784313201904,L,2.1186559200286865,V,1.3801100254058838,V,1.377489686012268,V,1.4580379724502563,V,1.8731685876846313,V,1.4716206789016724,V,1.888654112815857,V,1.933882236480713,V,1.032900333404541,F,0.569830060005188,I,1.5810191631317139,V,2.04154109954834,I,1.7625329494476318,V,1.8264597654342651,F,2.9070918560028076,A,1.8730237483978271,V,1.760785460472107,R,1.786303997039795,R,1.7788374423980713,L,1.2858948707580566,-,,L,1.6910043954849243,F,2.391223669052124,V,1.9682329893112183,V,2.198486804962158,F,1.9517797231674194,F,1.7891552448272705,F,1.9476181268692017,F,2.4977855682373047,F,1.4203993082046509
645,S,2.4703301191329956,S,1.0958781242370605,P,1.6842684745788574,A,1.8740328550338745,P,2.2875382900238037,P,4.889619827270508,P,1.4999223947525024,T,1.362593173980713,S,3.4942073822021484,P,2.6907753944396973,P,2.6768481731414795,P,2.2503561973571777,P,4.909525394439697,P,2.0265886783599854,P,4.918755054473877,P,5.007196426391602,P,1.3121615648269653,C,2.846519708633423,P,5.133625507354736,P,1.074523687362671,P,5.060803413391113,P,1.6554796695709229,P,1.4372352361679077,P,1.4426990747451782,P,1.2565172910690308,S,2.2646918296813965,S,2.247763156890869,P,1.4747233390808105,S,1.679915189743042,S,1.5678352117538452,T,1.2273082733154297,P,1.3700116872787476,P,2.336750030517578,T,3.0951545238494873,T,3.4545140266418457,T,3.0932130813598633,E,2.0124905109405518,E,1.690172553062439
646,H,1.7959718075958457,K,1.3700941801071167,K,1.9557249546051025,E,1.940808892250061,V,1.669877529144287,I,1.3103699684143066,K,1.6504700183868408,E,1.8945682048797607,E,1.1328701972961426,I,1.3492573499679565,I,1.3686949014663696,V,1.5990816354751587,I,1.297646403312683,V,1.6300441026687622,I,1.3020031452178955,I,1.3313016891479492,I,0.9322435259819031,E,2.000990390777588,R,1.4520549774169922,M,3.1990561485290527,R,1.428848147392273,T,1.5170841217041016,K,1.621705174446106,V,2.387991189956665,M,2.1033685207366943,R,3.311898708343506,R,3.5284698009490967,D,3.9728991985321045,H,2.1676185131073,E,1.9905552864074707,E,1.4269720315933228,I,2.243152379989624,I,1.6546779870986938,E,1.1129603385925293,E,1.2587809562683105,E,1.1357239484786987,E,1.5932142734527588,E,1.6078780889511108
647,I,2.0521249642243258,T,4.124783039093018,M,1.194024920463562,P,1.4044229984283447,S,2.2717087268829346,S,2.492393970489502,F,1.3106201887130737,Q,1.9391783475875854,D,1.6082619428634644,S,1.9518994092941284,S,1.891607642173767,S,2.12031888961792,S,2.1602084636688232,S,2.162769079208374,S,2.109013319015503,S,2.0308101177215576,S,1.9686027765274048,K,3.0235557556152344,V,2.3456828594207764,F,1.4646892547607422,V,2.255540609359741,F,1.757387399673462,M,1.639905333518982,P,4.497842311859131,F,1.333241581916809,G,1.138272762298584,G,1.093731164932251,V,1.7669951915740967,I,1.6388450860977173,D,2.1258280277252197,Q,2.327853202819824,S,1.9651254415512085,S,1.6942229270935059,D,1.5211807489395142,D,1.5304841995239258,D,1.5257158279418945,M,5.439460277557373,Y,1.1024398803710938
648,F,2.5441343075520284,F,2.0726513862609863,F,3.9966554641723633,F,1.360886573791504,S,3.5907726287841797,S,4.194880962371826,V,1.8445117473602295,A,1.5727251768112183,L,1.3280552625656128,S,4.0914740562438965,S,3.8904170989990234,S,3.8147530555725098,S,4.293842315673828,S,3.868795156478882,S,4.219191074371338,S,4.108480930328369,S,5.0666399002075195,F,1.3115034103393555,L,1.7589105367660522,V,1.5573477745056152,L,1.878738522529602,V,1.8660953044891357,F,2.37077260017395,V,1.3156812191009521,V,2.0661351680755615,F,1.4330328702926636,F,1.3829079866409302,F,2.264317274093628,F,3.121134042739868,L,3.1991126537323,V,2.1282098293304443,C,2.3948922157287598,S,1.578981876373291,F,1.6723946332931519,F,1.3848057985305786,F,1.554158329963684,L,2.741344451904297,F,1.837760090827942
649,I,1.8669236157391522,V,1.1092183589935303,V,2.165933847427368,V,2.4413058757781982,K,1.6776323318481445,K,1.8006243705749512,L,2.5376875400543213,V,1.6231069564819336,V,3.8513941764831543,K,1.07231867313385,K,1.0680441856384277,K,1.703413963317871,K,2.017481803894043,K,1.61997389793396,K,2.121948719024658,K,1.9037386178970337,K,1.2939844131469727,M,2.4763615131378174,L,1.5458073616027832,L,1.5182768106460571,L,1.5526546239852905,L,1.4958380460739136,V,2.1264219284057617,L,1.8703644275665283,L,1.3213082551956177,K,1.7715497016906738,K,1.788079023361206,I,2.739103317260742,I,1.0978658199310303,V,1.1493072509765625,V,3.6252529621124268,K,1.5409051179885864,K,1.882216215133667,A,1.8876986503601074,A,2.1135401725769043,A,2.0045175552368164,K,1.2978771924972534,Q,2.2634201049804688
650,E,1.8267775870658256,T,1.5578550100326538,K,1.531504511833191,G,4.097199440002441,K,1.490140676498413,K,1.8944239616394043,E,1.2419617176055908,E,2.4799962043762207,D,1.283056616783142,K,1.629684329032898,K,1.6227658987045288,K,1.385913372039795,K,1.5708439350128174,K,1.4085488319396973,K,1.8508634567260742,K,1.905633568763733,K,1.990357756614685,G,1.351096272468567,M,1.8484320640563965,E,1.4382681846618652,M,1.79899263381958,E,2.442113161087036,K,4.106884956359863,N,2.0182273387908936,E,2.610060214996338,E,1.2756800651550293,E,1.2305176258087158,G,3.6219091415405273,E,1.5630369186401367,D,1.6177513599395752,E,1.2705700397491455,K,1.4706568717956543,K,1.48477041721344,V,1.2090951204299927,V,1.1795685291290283,V,1.2059770822525024,T,2.7304515838623047,N,1.1759618520736694
651,I,1.8529911895056028,A,1.7379409074783325,C,3.123403310775757,F,2.9641799926757812,H,1.2100263833999634,H,1.0832983255386353,R,0.9101209044456482,A,2.2237260341644287,A,1.351580262184143,H,1.5779750347137451,H,1.603192925453186,H,1.4891064167022705,H,1.2096707820892334,H,1.4179803133010864,H,1.1038423776626587,H,1.1083178520202637,H,4.601267337799072,C,2.0069570541381836,C,1.752901315689087,R,2.1876490116119385,C,1.6448838710784912,P,1.7100895643234253,S,1.632043719291687,R,2.15993595123291,R,1.5805294513702393,A,1.097174882888794,A,1.2941173315048218,I,1.767572045326233,I,1.6131478548049927,A,1.340406060218811,A,1.500684142112732,A,2.191615343093872,H,2.347935914993286,A,1.3505990505218506,A,1.3208075761795044,A,1.3380405902862549,V,2.233367919921875,V,5.774586200714111
652,A,2.2894769133748234,A,4.254828453063965,A,1.375570297241211,N,1.2022130489349365,A,3.3611650466918945,V,1.7306597232818604,V,2.6317739486694336,A,1.3071142435073853,A,1.917497158050537,A,1.483807921409607,A,1.624594807624817,A,3.7316396236419678,V,1.5413932800292969,A,3.759737730026245,V,1.5742167234420776,V,1.6115996837615967,V,2.2816715240478516,A,3.2349305152893066,I,2.277904510498047,V,1.3655047416687012,I,2.220334529876709,A,1.8554356098175049,A,1.2518304586410522,V,2.4399046897888184,V,1.5578794479370117,A,3.1678924560546875,A,2.9191277027130127,A,3.2642953395843506,A,3.4003448486328125,A,3.8499882221221924,T,1.2953479290008545,A,2.137200355529785,A,4.388803958892822,A,1.9277952909469604,A,1.7261807918548584,A,1.9096826314926147,A,1.2336841821670532,A,1.8970943689346313
653,L,1.798773846110782,K,1.1933438777923584,M,2.25349760055542,V,1.3696796894073486,F,1.2350717782974243,F,1.9975039958953857,L,2.086224317550659,A,5.281045913696289,A,2.110621213912964,F,1.6213438510894775,F,1.4604257345199585,F,1.1684043407440186,F,2.145777702331543,F,1.1811202764511108,F,2.077625274658203,F,2.052412748336792,F,1.6753069162368774,V,1.2255148887634277,I,1.8309862613677979,L,1.8181267976760864,I,1.7105827331542969,L,1.3216971158981323,M,1.3242031335830688,L,1.2970560789108276,L,1.867464542388916,M,2.237882375717163,M,2.1596240997314453,M,1.845531702041626,L,1.1527607440948486,A,1.2398881912231445,A,2.3821425437927246,F,1.4229849576950073,F,1.5749754905700684,A,1.910117745399475,A,1.8562138080596924,A,1.8857616186141968,V,1.4474451541900635,I,2.1342670917510986
654,N,1.8640973310212832,N,1.1980608701705933,N,3.2863826751708984,N,2.687988042831421,D,1.3962318897247314,D,1.3051695823669434,N,1.5261616706848145,N,1.955665111541748,N,2.219045639038086,N,1.1108410358428955,N,1.1320855617523193,D,1.3230125904083252,D,1.4309728145599365,D,1.3226381540298462,D,1.3777130842208862,D,1.3977351188659668,D,1.3532990217208862,N,5.960960865020752,N,1.10128915309906,N,1.9055030345916748,N,1.0715879201889038,N,1.9709601402282715,N,4.225709438323975,N,2.0868287086486816,N,1.284671425819397,N,1.6281572580337524,N,1.5902376174926758,N,1.4848315715789795,N,1.4615334272384644,N,1.3687330484390259,N,1.1528795957565308,D,1.7992818355560303,D,1.4232460260391235,N,2.4527087211608887,N,2.392627239227295,N,2.419340133666992,D,2.077500104904175,N,2.0900111198425293
655,L,2.040419630102209,F,1.152122974395752,L,1.383453130722046,T,1.4479820728302002,I,1.481817364692688,V,2.021707773208618,F,3.6319525241851807,F,1.8978995084762573,L,1.8710912466049194,I,1.8787837028503418,I,1.8994039297103882,I,1.4735164642333984,V,2.0283141136169434,I,1.4795986413955688,V,2.0252208709716797,V,2.021718740463257,I,1.5996274948120117,I,1.3154414892196655,L,1.7177863121032715,L,1.3687412738800049,L,1.750888705253601,L,1.6066713333129883,L,1.3455915451049805,L,1.1340687274932861,L,4.234908103942871,L,1.9859695434570312,L,1.9164094924926758,L,6.568920135498047,L,2.701054096221924,L,1.8218096494674683,L,1.3787579536437988,I,3.25473690032959,I,2.0368669033050537,L,1.9583333730697632,L,1.962541937828064,L,1.9595823287963867,I,1.3615467548370361,L,2.8206892013549805
656,A,2.108957612836683,G,2.6800098419189453,A,1.511207938194275,V,1.867051124572754,T,3.248950242996216,S,2.291769504547119,T,1.5215152502059937,G,2.580932855606079,G,1.8714666366577148,S,2.6572351455688477,S,2.4853270053863525,T,2.7904365062713623,S,2.251391649246216,T,3.084529161453247,S,2.2887372970581055,S,2.2462711334228516,S,2.264749526977539,A,1.3084362745285034,T,2.4492733478546143,T,4.139631748199463,T,2.280651807785034,S,1.3896039724349976,A,1.1608222723007202,T,2.213648796081543,T,1.3869189023971558,A,1.4583961963653564,A,1.4542993307113647,V,1.412886142730713,A,2.212104558944702,G,2.0529541969299316,G,1.9478671550750732,C,1.357293963432312,C,3.209007740020752,G,1.9679193496704102,G,1.971409559249878,G,1.9677883386611938,A,1.7203710079193115,P,1.3285661935806274
657,R,1.7427613188823063,-,,-,,-,,R,1.664042353630066,R,1.8779879808425903,R,1.1995741128921509,-,,-,,R,1.6368207931518555,R,1.6834477186203003,R,1.6649705171585083,R,1.8757082223892212,R,1.6610908508300781,R,1.8738691806793213,R,1.8564203977584839,R,1.6291974782943726,R,1.276118278503418,R,1.7345974445343018,R,3.519636631011963,R,1.6746517419815063,R,3.248516798019409,-,,R,1.5813452005386353,R,1.0850154161453247,-,,-,,R,1.231561303138733,R,1.9614087343215942,-,,-,,R,1.4085391759872437,R,1.2763376235961914,-,,-,,-,,R,1.828668475151062,R,1.3767452239990234
658,-,,-,,-,,-,,-,,-,,-,,-,,-,,-,,-,,-,,-,,-,,-,,-,,-,,-,,-,,-,,-,,-,,-,,-,,-,,-,,-,,-,,-,,-,,-,,-,,-,,-,,-,,-,,-,,-,
659,-,1.8892931846471934,R,1.597385287284851,R,1.6062155961990356,R,1.2304301261901855,-,,-,,-,,R,1.245603084564209,R,2.048445463180542,-,,-,,-,,-,,-,,-,,-,,-,,-,,-,,-,,-,,-,,R,1.2701342105865479,-,,-,,R,3.2172586917877197,R,3.213454008102417,-,,-,,R,2.2218263149261475,R,1.7542229890823364,-,,-,,R,1.7124192714691162,R,1.7211732864379883,R,1.722243070602417,-,,-,
660,-,,-,,-,,-,,-,,-,,-,,-,,-,,-,,-,,-,,-,,-,,-,,-,,-,,-,,-,,-,,-,,-,,-,,-,,-,,-,,-,,-,,-,,-,,-,,-,,-,,-,,-,,-,,-,,-,
661,-,,-,,-,,-,,-,,-,,-,,-,,-,,-,,-,,-,,-,,-,,-,,-,,-,,-,,-,,-,,-,,-,,-,,-,,-,,-,,-,,-,,-,,-,,-,,-,,-,,-,,-,,-,,-,,-,
662,-,,-,,-,,-,,-,,-,,-,,-,,-,,-,,-,,-,,-,,-,,-,,-,,-,,-,,-,,-,,-,,-,,-,,-,,-,,-,,-,,-,,-,,-,,-,,-,,-,,-,,-,,-,,-,,-,
663,-,,-,,-,,-,,-,,-,,-,,-,,-,,-,,-,,-,,-,,-,,-,,-,,-,,-,,-,,-,,-,,-,,-,,-,,-,,-,,-,,-,,-,,-,,-,,-,,-,,-,,-,,-,,-,,-,
664,-,,-,,-,,-,,-,,-,,-,,-,,-,,-,,-,,-,,-,,-,,-,,-,,-,,-,,-,,-,,-,,-,,-,,-,,-,,-,,-,,-,,-,,-,,-,,-,,-,,-,,-,,-,,-,,-,
665,-,,-,,-,,-,,-,,-,,-,,-,,-,,-,,-,,-,,-,,-,,-,,-,,-,,-,,-,,-,,-,,-,,-,,-,,-,,-,,-,,-,,-,,-,,-,,-,,-,,-,,-,,-,,-,,-,
666,M,2.334143561285895,V,4.034670352935791,M,1.2762305736541748,G,3.0765340328216553,V,4.163365840911865,A,1.544039011001587,V,7.21721887588501,A,1.153935432434082,A,1.665913462638855,G,2.0260727405548096,G,2.1536777019500732,A,4.171676158905029,A,1.542134165763855,A,4.167532920837402,A,1.5446869134902954,A,1.5299363136291504,A,2.1949431896209717,T,1.883459448814392,V,2.0974369049072266,A,1.1335166692733765,V,2.074329376220703,L,1.8563278913497925,M,2.8368496894836426,V,1.5418130159378052,V,2.6623036861419678,M,1.0320508480072021,M,1.0177116394042969,M,1.8471020460128784,M,1.8977553844451904,A,1.9499790668487549,A,2.266819953918457,I,1.2775942087173462,A,1.8002036809921265,V,3.1107382774353027,V,3.1104297637939453,V,3.108867883682251,A,3.041330099105835,A,1.3541245460510254
667,A,1.6957336342012561,A,1.3176976442337036,A,1.359001636505127,S,2.6955230236053467,V,1.9256947040557861,L,1.927200198173523,I,1.3374031782150269,A,1.4009596109390259,S,1.2284903526306152,L,1.946510910987854,L,1.774959683418274,V,1.9828695058822632,L,1.902160406112671,V,1.9358304738998413,L,1.9416301250457764,L,1.893156886100769,F,1.9592088460922241,G,1.1132140159606934,A,0.9522683620452881,A,1.9324538707733154,A,0.9553736448287964,V,1.3412911891937256,A,1.7577741146087646,V,1.612076997756958,A,1.453434944152832,S,1.488506555557251,S,1.4648528099060059,S,2.1858019828796387,A,2.0733587741851807,S,1.9647908210754395,A,2.018547296524048,F,3.088702440261841,V,1.509421467781067,A,1.0075008869171143,A,1.0050365924835205,A,1.0051764249801636,S,3.1576950550079346,A,1.1265690326690674
668,Q,2.3032919200691016,L,2.0775370597839355,Q,1.399174451828003,Q,1.277652382850647,H,2.351771593093872,H,3.64375638961792,N,2.0734775066375732,Q,1.9579788446426392,Q,3.87568998336792,H,2.0382680892944336,H,2.0758159160614014,H,2.224435806274414,H,3.836524486541748,H,2.2386972904205322,H,3.6655263900756836,H,3.808810234069824,H,1.8123582601547241,Q,1.1356170177459717,E,1.651892066001892,D,2.222895860671997,E,1.6653594970703125,D,1.8270771503448486,Q,1.4219762086868286,D,1.9244680404663086,D,3.8743839263916016,Q,1.6293600797653198,Q,1.7592840194702148,Q,1.2827380895614624,Q,2.0984606742858887,Q,2.038583517074585,Q,2.168482780456543,H,1.2249939441680908,H,1.6033395528793335,N,3.5184035301208496,N,3.5206081867218018,N,3.5198543071746826,Q,1.0937650203704834,Q,3.6827828884124756
669,C,2.2293721534110404,V,2.311664581298828,C,3.771415948867798,F,1.5122066736221313,H,3.71232271194458,Y,2.08422589302063,T,1.7681739330291748,F,1.714130163192749,F,2.1895275115966797,H,1.5997117757797241,H,1.632022500038147,H,4.1820173263549805,Y,2.0590555667877197,H,3.7968528270721436,Y,2.089674949645996,Y,2.021695375442505,Y,1.4670977592468262,T,1.1801049709320068,F,1.5079922676086426,T,1.3343762159347534,F,1.5319734811782837,I,2.1348021030426025,C,2.8468117713928223,L,1.3910160064697266,T,3.5017669200897217,C,3.9031569957733154,C,4.181611061096191,C,1.492079734802246,C,3.005340576171875,F,1.68986976146698,F,1.828667402267456,H,1.5175005197525024,H,1.4369826316833496,L,2.096050262451172,L,2.095463991165161,L,2.0962626934051514,F,1.513722538948059,F,2.2894222736358643
670,L,1.7685143334998026,M,1.4043217897415161,M,1.2929481267929077,F,3.2011141777038574,G,1.397566795349121,G,1.338537335395813,L,1.3412266969680786,I,1.5875779390335083,I,0.9589483141899109,F,1.7305245399475098,F,1.771753191947937,G,1.4245449304580688,G,1.3045040369033813,G,1.4537400007247925,G,1.342515468597412,G,1.3160532712936401,G,1.8752834796905518,I,3.7179064750671387,I,2.9269580841064453,L,1.1389107704162598,I,2.887317180633545,-,,M,2.4998581409454346,L,3.3407857418060303,L,1.0778948068618774,M,1.1191232204437256,M,1.0636109113693237,M,1.1310166120529175,L,1.0440107583999634,I,1.2147765159606934,I,1.7081702947616577,G,1.4444184303283691,G,4.5527238845825195,A,1.6201893091201782,A,1.618468999862671,A,1.6189826726913452,F,1.8919990062713623,F,1.3082340955734253
671,Y,2.2769212888346777,Y,2.74792742729187,Y,2.094027519226074,Y,1.1483354568481445,Y,4.865306377410889,Y,1.3368778228759766,Y,1.4371578693389893,Y,1.4153871536254883,Y,1.318040370941162,Y,2.9107601642608643,Y,2.978144884109497,Y,4.895021438598633,Y,1.3143346309661865,Y,4.730790615081787,Y,1.3280198574066162,Y,1.3154746294021606,Y,4.503774642944336,Y,1.0611191987991333,Y,3.399324417114258,Y,1.2039680480957031,Y,3.3081214427948,-,,Y,1.5338516235351562,Y,4.2715559005737305,Y,1.1193376779556274,Y,1.490999698638916,Y,1.4818291664123535,Y,1.376117467880249,Y,2.144782066345215,Y,3.8421270847320557,Y,1.0332319736480713,Y,4.024386405944824,Y,1.8892321586608887,Y,1.5643415451049805,Y,1.5660066604614258,Y,1.562760591506958,Y,1.9751360416412354,Y,1.7815563678741455
672,-,,-,,-,,-,,-,,-,,-,,-,,-,,-,,-,,-,,-,,-,,-,,-,,-,,-,,-,,-,,-,,-,,-,,-,,-,,-,,-,,-,,-,,-,,-,,-,,-,,-,,-,,-,,-,,-,
673,Q,1.8654563426971436,Q,1.9447139501571655,Q,1.8892897367477417,Q,1.648653268814087,K,1.6570919752120972,K,2.4864022731781006,K,1.570290446281433,R,2.2334578037261963,L,0.9778988361358643,K,1.5752226114273071,K,1.5791081190109253,K,1.699094295501709,K,2.7125229835510254,K,1.6736886501312256,K,2.486691474914551,K,2.7256815433502197,K,1.8574250936508179,Q,1.9241880178451538,K,1.879488229751587,K,1.8591856956481934,K,2.0599312782287598,L,1.2350425720214844,Q,1.6409245729446411,K,1.3685098886489868,K,1.897001028060913,Q,2.0227060317993164,Q,2.013166666030884,L,1.7551605701446533,Q,1.8144545555114746,L,2.1833486557006836,R,3.934488296508789,K,2.072542428970337,K,2.01497483253479,V,1.2148551940917969,V,1.2164028882980347,V,1.2167983055114746,H,1.1992342472076416,G,1.7822476625442505
674,H,2.030036085360759,Y,5.027839660644531,H,4.692085266113281,H,4.145063877105713,Y,1.8710979223251343,Y,1.1790753602981567,E,1.475998044013977,E,2.0739526748657227,E,2.7210805416107178,Y,1.4392691850662231,Y,1.486047625541687,Y,1.9219284057617188,Y,1.161962628364563,Y,1.8651936054229736,Y,1.175993800163269,Y,1.1611427068710327,Y,1.1710741519927979,H,1.589913249015808,D,1.325281023979187,E,1.9447087049484253,D,1.3679249286651611,Q,4.479835510253906,H,1.710385799407959,R,1.1105234622955322,E,1.17996346950531,Y,2.052035331726074,Y,2.0421578884124756,Y,2.323622465133667,H,1.2233409881591797,E,1.0348538160324097,E,1.876136302947998,Y,2.7499866485595703,Y,3.701446771621704,E,1.7673090696334839,E,1.7695319652557373,E,1.7679567337036133,N,1.1954108476638794,K,2.330204725265503
675,G,1.9128425282401007,G,1.3870996236801147,G,1.1243724822998047,G,1.6907111406326294,R,2.328968048095703,R,1.4344401359558105,K,2.297355890274048,G,1.966316819190979,G,1.8704053163528442,R,1.294217824935913,R,1.306334376335144,R,2.206712484359741,R,1.418149709701538,R,2.2584195137023926,R,1.4305459260940552,R,1.4091546535491943,R,1.0760639905929565,G,4.705602645874023,E,1.6301703453063965,K,1.9345585107803345,E,1.5901247262954712,E,2.7411162853240967,G,2.2240896224975586,G,1.9767463207244873,K,1.419726848602295,G,2.0155065059661865,G,1.9978187084197998,G,2.073561906814575,G,1.696002721786499,G,1.3412002325057983,G,1.0206694602966309,R,2.654129981994629,R,1.5284456014633179,G,2.24183988571167,G,2.24223256111145,G,2.2396044731140137,G,2.1780803203582764,G,2.8246779441833496
676,D,2.0919348613635913,D,1.5953762531280518,D,1.1492936611175537,D,1.5113433599472046,D,1.4864379167556763,D,1.4595643281936646,D,1.9557503461837769,D,2.9477803707122803,D,4.967372894287109,D,2.6658949851989746,D,2.670778751373291,D,1.4245035648345947,D,1.443679928779602,D,1.4259188175201416,D,1.4556891918182373,D,1.4481618404388428,D,2.411085844039917,D,1.1517738103866577,D,1.2227342128753662,D,1.7917392253875732,D,1.217960238456726,D,1.0454871654510498,D,1.6490482091903687,D,1.167852759361267,D,1.644622802734375,D,1.72098970413208,D,1.721724033355713,D,3.608800172805786,D,1.4502662420272827,D,1.0577336549758911,D,1.4559965133666992,D,2.3934268951416016,D,4.34995698928833,D,4.207859039306641,D,4.213931560516357,D,4.208746433258057,D,1.8894139528274536,D,2.2128942012786865
677,G,2.2657920460443237,G,1.8312119245529175,G,1.699412226676941,G,2.6724424362182617,G,1.2265106439590454,G,6.095552444458008,E,1.671531319618225,G,1.5070481300354004,G,2.388023614883423,G,1.2812281847000122,G,1.2918537855148315,G,1.308661699295044,G,5.936720371246338,G,1.2739694118499756,G,6.078033447265625,G,5.986810684204102,G,0.9848838448524475,G,1.1720001697540283,A,1.8162155151367188,A,1.8651013374328613,A,1.71991765499115,D,1.5573055744171143,G,1.9049290418624878,A,2.9160351753234863,T,2.0154714584350586,G,1.9146941900253296,G,1.9149466753005981,G,1.1416621208190918,G,1.4205052852630615,G,2.9436991214752197,G,1.249814510345459,G,1.8713375329971313,G,1.6764209270477295,G,2.2525475025177,G,2.2587637901306152,G,2.2590906620025635,K,2.195011615753174,G,2.5349416732788086
678,H,2.306287556081205,H,1.0646522045135498,H,3.894166946411133,Y,1.5561730861663818,Y,3.6443042755126953,Y,2.4936697483062744,Y,1.6882777214050293,H,1.9421899318695068,H,1.4807592630386353,Y,1.914122462272644,Y,1.8763930797576904,Y,3.258035182952881,Y,2.4621872901916504,Y,3.671170234680176,Y,2.502410411834717,Y,2.4767887592315674,Y,1.2491705417633057,H,1.6370463371276855,Y,4.16722297668457,Y,1.2402207851409912,Y,4.18864631652832,F,1.4231898784637451,H,2.594295024871826,F,3.6387858390808105,Y,1.3402780294418335,H,1.603588581085205,H,1.6045827865600586,H,1.5736076831817627,H,2.5285470485687256,H,1.8212538957595825,H,3.204582452774048,Y,6.688044548034668,Y,1.8753986358642578,F,1.3130042552947998,F,1.313483715057373,F,1.3143055438995361,Y,1.9640322923660278,Y,1.124051809310913
679,G,2.2515540458261967,G,1.5549079179763794,G,1.1815913915634155,A,2.69398832321167,S,1.9159157276153564,S,3.066433906555176,T,1.0511043071746826,-,,G,1.5765339136123657,T,1.5376840829849243,T,1.5058975219726562,S,1.8879948854446411,S,2.7940726280212402,S,1.911577582359314,S,3.089543581008911,S,3.0685031414031982,S,1.5529770851135254,G,3.649428367614746,T,1.5163451433181763,T,1.9434670209884644,T,1.517602801322937,T,1.3464984893798828,G,1.609049916267395,T,1.4144381284713745,T,1.6853210926055908,G,3.449028253555298,G,3.4496970176696777,G,1.8321245908737183,G,4.260373592376709,G,4.078790664672852,-,,G,3.8097949028015137,S,2.6272616386413574,-,,-,,-,,G,2.2377660274505615,A,1.2340158224105835
680,L,2.19320747256279,L,1.469657063484192,H,1.1717665195465088,V,1.4120880365371704,V,2.550199031829834,V,2.5673463344573975,N,3.183919906616211,-,,-,,V,5.215453624725342,V,5.424572944641113,V,2.5174624919891357,V,2.5297417640686035,V,2.5806291103363037,V,2.5835490226745605,V,2.55942964553833,V,5.033706188201904,I,1.3199163675308228,F,1.285544991493225,N,2.531890869140625,F,1.306340217590332,D,1.1955957412719727,G,1.5228800773620605,H,1.157030701637268,N,1.8589694499969482,C,1.000099778175354,C,1.000099778175354,-,,L,2.4909095764160156,-,,-,,D,2.09570574760437,V,1.4636965990066528,G,1.6542301177978516,G,1.6608822345733643,G,1.6567589044570923,K,1.7208603620529175,N,2.4617059230804443
681,-,,-,,-,,-,,-,,-,,-,,-,,-,,-,,-,,-,,-,,-,,-,,-,,-,,-,,-,,-,,-,,-,,-,,-,,-,,-,,-,,-,,-,,-,,-,,-,,-,,-,,-,,-,,-,,-,
682,-,,-,,-,,-,,-,,-,,-,,-,,-,,-,,-,,-,,-,,-,,-,,-,,-,,-,,-,,-,,-,,-,,-,,-,,-,,-,,-,,-,,-,,-,,-,,-,,-,,-,,-,,-,,-,,-,
683,-,,-,,-,,-,,-,,-,,-,,-,,-,,-,,-,,-,,-,,-,,-,,-,,-,,-,,-,,-,,-,,-,,-,,-,,-,,-,,-,,-,,-,,-,,-,,-,,-,,-,,-,,-,,-,,-,
684,G,2.134785136755775,H,1.989076852798462,G,1.5885878801345825,-,,A,2.2302896976470947,S,2.120962381362915,S,1.3969601392745972,-,,V,1.852044939994812,A,2.101360559463501,A,2.0422966480255127,A,2.2963242530822754,S,2.1002941131591797,A,2.1147549152374268,S,1.9928789138793945,S,2.119943141937256,A,2.5334842205047607,Q,1.0985653400421143,S,4.299644947052002,A,1.624464988708496,S,4.88466739654541,S,1.0450173616409302,Q,2.0966639518737793,V,1.4117605686187744,A,2.4066288471221924,P,2.0668654441833496,P,2.0668654441833496,V,3.587563991546631,G,1.5583267211914062,V,2.286954402923584,-,,A,1.371071219444275,A,1.233835220336914,I,1.9191559553146362,V,1.918381929397583,V,1.9197347164154053,A,3.5559589862823486,A,1.751308560371399
685,-,2.2217350006103516,-,,D,2.2217350006103516,-,,-,,-,,-,,-,,-,,-,,-,,-,,-,,-,,-,,-,,-,,-,,-,,-,,-,,-,,-,,-,,-,,-,,-,,-,,-,,-,,-,,-,,-,,-,,-,,-,,-,,-,
686,-,1.6704007685184479,S,0.8744676113128662,L,1.721648931503296,T,2.4205946922302246,-,,-,,-,,G,1.5455938577651978,Q,1.713613748550415,-,,-,,-,,-,,-,,-,,-,,-,,-,,-,,-,,-,,-,,-,,-,,-,,E,1.527479887008667,E,1.527479887008667,-,,-,,Q,1.4463847875595093,G,2.197418451309204,-,,-,,Q,1.6894428730010986,Q,1.6900299787521362,Q,1.6906545162200928,-,,-,
687,N,2.1590595793079688,N,3.5319766998291016,N,1.4500318765640259,E,1.0394785404205322,N,1.8675626516342163,N,3.759268045425415,K,1.0540354251861572,H,1.5648934841156006,H,1.6040868759155273,N,4.014433860778809,N,3.82436203956604,N,1.93644118309021,N,4.030970573425293,N,1.977386236190796,N,3.7903120517730713,N,3.7536213397979736,N,3.275099515914917,N,1.3618141412734985,K,1.0955029726028442,K,1.2807751893997192,K,1.0524019002914429,Q,2.450420379638672,N,3.7992820739746094,G,1.344560146331787,K,1.3333070278167725,K,1.1005146503448486,K,1.1005146503448486,Q,1.2147729396820068,N,1.5885133743286133,H,1.566454529762268,H,4.116869926452637,T,2.3405709266662598,T,3.6439480781555176,H,1.5973093509674072,H,1.6010565757751465,H,1.600499153137207,D,1.1469500064849854,D,1.0752060413360596
688,R,1.7203670917330562,P,2.5813698768615723,S,1.010236382484436,S,1.4034464359283447,N,1.2725197076797485,I,1.7331784963607788,G,0.9020318984985352,F,1.9115694761276245,S,3.0903258323669434,S,2.463294506072998,S,2.3897500038146973,N,1.274417519569397,I,1.5929627418518066,N,1.2767523527145386,I,1.7433931827545166,I,1.7336244583129883,I,2.446303606033325,Y,2.5248425006866455,N,1.308455467224121,G,0.9493387341499329,N,1.2995948791503906,N,2.107823610305786,S,1.3201978206634521,K,1.7161740064620972,G,1.0682789087295532,A,1.890533447265625,A,1.8906302452087402,E,1.3320153951644897,R,1.940460205078125,S,2.2238235473632812,F,1.1194854974746704,I,1.47904372215271,N,1.8621388673782349,S,1.8589866161346436,S,1.8522554636001587,S,1.8502827882766724,G,1.5919424295425415,G,1.642101764678955
689,E,2.292786237355825,E,1.4912008047103882,E,1.7452019453048706,W,1.528458595275879,E,1.5944584608078003,E,4.467792510986328,K,2.6326613426208496,Q,1.8932546377182007,E,1.2359256744384766,E,2.733896255493164,E,2.6848630905151367,E,1.6116352081298828,E,4.471193790435791,E,1.623378038406372,E,4.491570949554443,E,4.473080635070801,E,5.4613237380981445,K,2.029325485229492,N,1.7628533840179443,K,2.2309517860412598,N,1.7675658464431763,F,1.1695138216018677,E,1.2748799324035645,L,1.8068907260894775,K,2.5858280658721924,K,1.3551992177963257,K,1.3551992177963257,N,2.535449981689453,E,3.7741153240203857,E,1.5664079189300537,Q,1.4215977191925049,E,1.024015188217163,E,2.4797072410583496,N,1.3419867753982544,N,1.3408262729644775,N,1.3415400981903076,E,1.8480089902877808,E,4.681332111358643
690,T,2.4591888898127787,A,1.2017598152160645,T,4.156306266784668,T,2.302114486694336,I,2.8466103076934814,T,1.9968326091766357,F,6.333154678344727,I,1.3206160068511963,I,2.660552501678467,T,1.9870108366012573,T,1.8814934492111206,I,2.8069965839385986,T,1.9303321838378906,I,2.861809730529785,T,1.9656978845596313,T,1.9892184734344482,T,3.54850435256958,I,1.2815747261047363,L,1.9694111347198486,L,5.443263053894043,L,2.0067696571350098,L,1.0760310888290405,T,2.488243579864502,M,2.5691893100738525,L,1.4831992387771606,T,2.3114101886749268,T,2.3114101886749268,T,2.0535755157470703,T,1.8650927543640137,I,1.5942054986953735,I,1.9878032207489014,T,3.7277066707611084,I,2.104665756225586,I,3.2417964935302734,I,3.2435431480407715,I,3.243069648742676,T,1.1876565217971802,T,2.0113613605499268
691,K,1.7330334573178678,K,2.1492061614990234,T,0.9827413558959961,K,1.514181137084961,K,1.263622760772705,K,2.069352865219116,K,1.9415479898452759,H,1.6567333936691284,H,1.1923449039459229,R,1.3668228387832642,R,1.3094022274017334,K,1.2816426753997803,K,1.9875988960266113,K,1.266379475593567,K,2.0619990825653076,K,2.063477039337158,K,2.052649736404419,Q,1.431392788887024,K,0.9628665447235107,K,2.3850958347320557,K,0.954574704170227,K,1.9786174297332764,Q,1.0467545986175537,K,1.1610515117645264,K,2.1126341819763184,I,2.5942118167877197,I,2.5943121910095215,K,1.934510350227356,K,1.8266853094100952,H,2.5462865829467773,H,2.1058919429779053,K,1.9291750192642212,K,1.6303410530090332,Y,1.3511837720870972,Y,1.349387526512146,Y,1.351017713546753,M,1.8686858415603638,Q,2.8478586673736572
692,D,2.206087431392154,D,1.998665690422058,N,1.5733940601348877,D,1.820908784866333,N,1.9653915166854858,S,2.3658578395843506,N,1.483051061630249,Q,4.823614597320557,N,1.279287338256836,N,4.3148274421691895,N,4.288968563079834,N,1.8528718948364258,S,2.2347874641418457,N,1.9577460289001465,S,2.3880364894866943,S,2.3629729747772217,S,3.592751979827881,N,1.5623377561569214,D,2.217447280883789,N,1.3252992630004883,D,2.2754065990448,D,1.5936386585235596,N,1.8201873302459717,D,1.409208059310913,N,1.051318883895874,D,4.093850135803223,D,4.093615531921387,D,1.9171156883239746,D,1.163445234298706,N,2.1910390853881836,Q,1.7032771110534668,N,2.517956018447876,D,2.282426595687866,E,1.2654598951339722,E,1.2689164876937866,E,1.2703698873519897,T,1.2486530542373657,K,3.0511326789855957
693,R,1.831067172256676,R,1.6207365989685059,H,2.979688882827759,L,1.8645613193511963,L,1.1859780550003052,L,1.4379630088806152,M,1.495275855064392,H,1.3882102966308594,Q,1.8393367528915405,L,1.5891578197479248,L,1.4823085069656372,L,1.1862850189208984,L,1.4026774168014526,L,1.2014871835708618,L,1.4219683408737183,L,1.440634846687317,L,1.8055999279022217,R,4.527161598205566,V,1.6073906421661377,M,2.9267873764038086,V,1.5976064205169678,T,2.3949553966522217,R,1.8200359344482422,C,1.9687141180038452,M,1.3084502220153809,R,1.3160631656646729,R,1.3160631656646729,R,1.9666897058486938,R,1.437957763671875,Q,2.579712390899658,H,3.248378276824951,L,1.7983626127243042,L,1.300923228263855,H,2.1924519538879395,H,2.203529119491577,H,2.204676866531372,Q,1.5437170267105103,Q,1.1479885578155518
694,I,1.7518319890305802,I,3.2248871326446533,I,1.4831886291503906,S,2.2158315181732178,V,1.730173945426941,V,1.2440866231918335,I,1.7871874570846558,V,2.011035680770874,M,1.630196213722229,V,1.5204249620437622,V,1.4980846643447876,V,1.6941754817962646,V,1.2359051704406738,V,1.7375513315200806,V,1.2327401638031006,V,1.2316316366195679,V,1.7427340745925903,I,1.4083908796310425,I,2.7218642234802246,I,1.612630009651184,I,2.732346773147583,I,3.247741460800171,I,1.1455812454223633,I,1.9493334293365479,I,2.009732723236084,V,1.6371228694915771,V,1.6371228694915771,V,1.6202497482299805,I,1.4726303815841675,M,1.2009978294372559,M,1.7376880645751953,V,1.7885937690734863,V,1.3545331954956055,I,1.64329195022583,I,1.6480404138565063,I,1.6508538722991943,V,2.261265277862549,V,1.1179379224777222
695,L,2.4307207287968815,L,1.4984506368637085,M,1.4665100574493408,L,1.483755350112915,I,4.56484317779541,M,4.165960311889648,I,1.6319891214370728,E,1.9970558881759644,G,2.340764045715332,I,3.292038917541504,I,3.250601291656494,I,4.534329414367676,M,4.173198223114014,I,4.316554546356201,M,4.131619930267334,M,4.150109767913818,K,2.8417739868164062,S,2.096693754196167,S,1.4320707321166992,N,1.7367494106292725,S,1.4122644662857056,T,1.3604756593704224,M,1.17111074924469,A,1.2576922178268433,N,2.5608367919921875,Q,1.830090045928955,Q,1.8299978971481323,L,3.29429030418396,L,2.389970302581787,G,1.5211228132247925,G,1.214211344718933,K,1.1996017694473267,M,1.8554109334945679,G,2.1945602893829346,G,2.0764429569244385,G,2.072110891342163,M,4.223996639251709,M,1.3674123287200928
696,S,2.250045750592206,A,3.6954636573791504,A,1.1246716976165771,S,4.205955505371094,T,2.0509488582611084,R,1.69011652469635,S,1.3660469055175781,N,1.726043701171875,G,5.405383586883545,K,1.3842151165008545,K,1.307342290878296,T,2.328486919403076,R,1.6411091089248657,T,2.0816264152526855,R,1.6409083604812622,R,1.6534758806228638,R,1.3306339979171753,K,2.252000093460083,D,1.2298271656036377,S,1.4531500339508057,D,1.2354116439819336,L,1.6059350967407227,A,1.4520186185836792,A,1.4813624620437622,S,4.040319919586182,S,1.6763596534729004,S,1.6764652729034424,S,1.1121001243591309,S,1.869799017906189,G,2.1263601779937744,N,2.4957802295684814,R,1.498694896697998,I,1.887274980545044,S,5.131260871887207,S,5.162731647491455,S,5.1648736000061035,S,2.5790889263153076,S,1.4884498119354248
697,L,1.8107277380453575,S,1.0208277702331543,L,1.4956973791122437,V,1.574974775314331,T,1.0437172651290894,T,2.4654998779296875,L,1.6734294891357422,L,1.3747928142547607,L,1.7307112216949463,T,1.2290843725204468,T,1.3276125192642212,T,1.0813419818878174,T,2.9147191047668457,T,1.0787769556045532,T,2.8029539585113525,T,2.812227249145508,T,1.1329032182693481,L,1.372323751449585,I,1.4545059204101562,I,2.3720602989196777,I,1.4517738819122314,L,3.29295015335083,L,1.552147388458252,M,1.3332206010818481,I,2.4342854022979736,L,2.9047164916992188,L,2.9047164916992188,L,1.8075889348983765,L,1.5736167430877686,L,1.5225086212158203,L,1.4547171592712402,T,3.2588212490081787,T,0.9993902444839478,L,2.0518999099731445,L,1.8128961324691772,L,1.8137283325195312,L,1.696497917175293,L,1.173290729522705
698,L,2.0000527839402893,L,1.4367179870605469,L,1.0899358987808228,L,1.7339454889297485,V,1.6068875789642334,L,1.8557310104370117,L,2.710667133331299,F,1.7889888286590576,I,1.4290767908096313,V,3.879229784011841,V,3.298196792602539,V,1.398366928100586,L,1.7291603088378906,V,1.7188702821731567,L,1.8479855060577393,L,1.8426607847213745,V,4.061816692352295,F,1.2699966430664062,L,1.3611032962799072,L,2.8155531883239746,L,1.3551445007324219,F,1.715623378753662,L,1.924680233001709,F,3.4857468605041504,L,1.5026440620422363,L,3.1930158138275146,L,3.19311785697937,F,1.8655890226364136,L,2.105914354324341,I,2.254420042037964,F,1.414268970489502,V,1.616807460784912,V,1.6141431331634521,M,1.596683144569397,M,1.6898831129074097,M,1.6658685207366943,L,1.6747063398361206,L,1.258805274963379
699,I,2.3071485274546855,F,1.7328516244888306,F,4.10088586807251,I,1.604227900505066,L,2.57727313041687,L,1.7489137649536133,V,1.134909987449646,F,1.1056331396102905,F,2.623051166534424,L,2.16384220123291,L,2.139482021331787,L,2.6182472705841064,L,1.73993718624115,L,2.430196762084961,L,1.6761668920516968,L,1.7337486743927002,I,1.918032169342041,F,1.4024032354354858,V,2.110647439956665,I,1.0039325952529907,V,2.1002306938171387,V,2.2787139415740967,F,2.4446775913238525,I,1.6543161869049072,I,3.6772961616516113,V,2.2188901901245117,V,2.2190308570861816,I,1.1068205833435059,I,4.489378929138184,F,5.2556610107421875,F,1.9064198732376099,L,1.8888758420944214,L,4.103028774261475,F,2.759352445602417,F,2.908637046813965,F,2.8770384788513184,I,1.7229363918304443,I,2.188807487487793
700,Q,1.6678340749608145,S,1.545436143875122,E,1.4452675580978394,H,1.6533212661743164,E,1.3015762567520142,E,1.2705435752868652,E,1.3419557809829712,H,,E,1.500949501991272,E,2.0823373794555664,E,2.106213092803955,E,1.3264176845550537,E,1.2618744373321533,E,1.3247443437576294,E,1.2582345008850098,E,1.307626724243164,D,2.6502771377563477,E,2.217319965362549,D,3.8151416778564453,E,1.1130828857421875,D,3.8516383171081543,D,1.4964449405670166,E,0.993994414806366,D,1.2374703884124756,E,1.5307420492172241,D,1.1462986469268799,D,1.1462986469268799,D,1.8861610889434814,Q,1.6388564109802246,E,1.8432687520980835,H,1.6157211065292358,E,1.0522273778915405,E,2.216402530670166,K,1.3541628122329712,K,1.416247010231018,K,1.3995267152786255,N,1.9546524286270142,E,1.7395931482315063
701,P,1.664748082558314,P,2.5525012016296387,S,1.4298453330993652,P,4.23643684387207,P,1.830304503440857,S,1.6065261363983154,S,1.8979711532592773,P,,P,2.071302890777588,P,1.5311075448989868,P,1.5672643184661865,P,1.8863314390182495,S,1.6078407764434814,P,1.8473957777023315,S,1.5999313592910767,S,1.6455248594284058,P,1.712031364440918,P,0.9263999462127686,P,1.8987613916397095,S,1.8188756704330444,P,1.9200708866119385,S,1.5656681060791016,S,0.8449838161468506,P,1.6562128067016602,S,1.9689061641693115,P,1.3168030977249146,P,1.3168030977249146,P,1.1776845455169678,P,1.6305177211761475,P,1.4317784309387207,P,1.5834732055664062,P,1.496923565864563,P,1.0078375339508057,P,1.139370083808899,P,1.2132240533828735,P,1.190893530845642,P,1.9546432495117188,P,1.8487845659255981
702,I,2.165384782685174,V,4.201448917388916,I,1.0499048233032227,I,1.2992876768112183,V,1.4820984601974487,V,2.806124210357666,V,1.1734702587127686,Y,,Y,1.3359389305114746,V,1.56649649143219,V,1.5446301698684692,V,1.528390645980835,V,2.8086912631988525,V,1.4904694557189941,V,2.862582206726074,V,2.9482369422912598,V,1.4419773817062378,I,4.230696678161621,I,1.8935487270355225,V,1.0770217180252075,I,1.896690845489502,V,3.833184242248535,I,2.303699254989624,V,2.885683059692383,V,1.3389973640441895,I,1.4397529363632202,I,1.4397529363632202,I,2.2399861812591553,I,2.8952205181121826,Y,2.5286197662353516,Y,5.132871150970459,V,3.3562512397766113,V,1.5695664882659912,Y,1.827462077140808,Y,1.6132493019104004,Y,1.6592551469802856,I,1.5491725206375122,V,1.70342218875885
703,P,2.382529767230153,P,2.1277263164520264,P,1.9622013568878174,P,1.292358636856079,P,3.5190858840942383,P,1.319369912147522,E,,V,,V,2.399372100830078,P,3.546764373779297,P,3.7166454792022705,P,3.526717185974121,P,1.3213379383087158,P,3.5275723934173584,P,1.4975916147232056,P,1.3710148334503174,T,1.9384821653366089,T,1.120755672454834,I,2.752624988555908,K,,I,2.751526117324829,N,1.6522303819656372,P,6.250238418579102,P,2.8384933471679688,K,1.8277344703674316,-,,-,,P,2.5650336742401123,P,1.9288972616195679,V,1.595138669013977,V,1.555856466293335,P,1.9701114892959595,P,3.025484085083008,A,2.982956647872925,A,2.857084035873413,A,3.0495975017547607,I,0.9868291020393372,Q,1.4641200304031372
704,-,2.27511265873909,P,1.516977310180664,P,4.920960426330566,L,1.872836709022522,-,,-,,-,,-,,-,,-,,-,,-,,-,,-,,-,,-,,-,,-,,-,,-,,-,,-,,P,0.7896761894226074,-,,-,,-,,-,,-,,-,,-,,-,,-,,-,,-,,-,,-,,-,,-,
705,L,1.5171644176755632,A,1.7639778852462769,A,1.69037663936615,N,1.0399425029754639,L,1.85177481174469,F,1.9081624746322632,I,,-,,-,,M,1.3468939065933228,M,1.381990671157837,L,1.8641326427459717,F,1.8950765132904053,L,1.8642504215240479,F,1.6285226345062256,F,1.6716893911361694,L,1.2774866819381714,I,1.4098764657974243,-,,I,,-,,S,1.2583414316177368,A,1.1189297437667847,L,1.308657169342041,I,1.6251916885375977,-,,-,,-,,L,1.6009211540222168,-,,-,,L,1.0939853191375732,L,1.2602726221084595,-,,-,,-,,-,,-,
706,N,1.3286515474319458,-,,-,,E,1.4427798986434937,-,,-,,-,,-,,-,,-,,-,,-,,-,,-,,-,,-,,-,,-,,-,,-,,-,,T,1.2549562454223633,-,,-,,-,,-,,-,,-,,N,1.2882184982299805,-,,-,,-,,-,,-,,-,,-,,-,,-,
707,K,1.6637986501057942,-,,-,,E,2.0612807273864746,-,,-,,-,,-,,-,,-,,-,,-,,-,,-,,-,,-,,-,,-,,-,,-,,-,,S,1.5081052780151367,-,,-,,-,,-,,-,,-,,K,1.4220099449157715,-,,-,,-,,-,,-,,-,,-,,-,,-,
708,D,1.4500068823496501,-,,-,,D,1.3850644826889038,-,,-,,-,,-,,-,,-,,-,,-,,-,,-,,-,,-,,-,,-,,-,,-,,-,,C,1.1997010707855225,-,,-,,-,,-,,-,,-,,D,1.765255093574524,-,,-,,-,,-,,-,,-,,-,,-,,-,
709,-,1.5921378135681152,-,,-,,-,,-,,-,,-,,-,,-,,-,,-,,-,,-,,-,,-,,-,,-,,-,,-,,-,,-,,G,1.5921378135681152,-,,-,,-,,-,,-,,-,,-,,-,,-,,-,,-,,-,,-,,-,,-,,-,
710,-,,-,,-,,-,,-,,-,,-,,-,,-,,-,,-,,-,,-,,-,,-,,-,,-,,-,,-,,-,,-,,-,,-,,-,,-,,-,,-,,-,,-,,-,,-,,-,,-,,-,,-,,-,,-,,-,
711,-,,-,,-,,-,,-,,-,,-,,-,,-,,-,,-,,-,,-,,-,,-,,-,,-,,-,,-,,-,,-,,-,,-,,-,,-,,-,,-,,-,,-,,-,,-,,-,,-,,-,,-,,-,,-,,-,
712,-,,-,,-,,-,,-,,-,,-,,-,,-,,-,,-,,-,,-,,-,,-,,-,,-,,-,,-,,-,,-,,-,,-,,-,,-,,-,,-,,-,,-,,-,,-,,-,,-,,-,,-,,-,,-,,-,
713,-,,-,,-,,-,,-,,-,,-,,-,,-,,-,,-,,-,,-,,-,,-,,-,,-,,-,,-,,-,,-,,-,,-,,-,,-,,-,,-,,-,,-,,-,,-,,-,,-,,-,,-,,-,,-,,-,
714,-,,-,,-,,-,,-,,-,,-,,-,,-,,-,,-,,-,,-,,-,,-,,-,,-,,-,,-,,-,,-,,-,,-,,-,,-,,-,,-,,-,,-,,-,,-,,-,,-,,-,,-,,-,,-,,-,
