MSA_Column,Q93X23_Residue,Mean_GAT_Attention,A0A386KZ50_AA,A0A386KZ50_GAT_ATT,A7IZZ2_AA,A7IZZ2_GAT_ATT,C3RSF5_AA,C3RSF5_GAT_ATT,C7ASI9_AA,C7ASI9_GAT_ATT,F1CKI8_AA,F1CKI8_GAT_ATT,F1CKI9_AA,F1CKI9_GAT_ATT,F1CKJ1_AA,F1CKJ1_GAT_ATT,F2XF96_AA,F2XF96_GAT_ATT,G0Y7D2_AA,G0Y7D2_GAT_ATT,G0Y7D3_AA,G0Y7D3_GAT_ATT,O24475_AA,O24475_GAT_ATT,O81191_AA,O81191_GAT_ATT,O81193_AA,O81193_GAT_ATT,Q5SBP2_AA,Q5SBP2_GAT_ATT,Q6XDB5_AA,Q6XDB5_GAT_ATT,Q84KL3_AA,Q84KL3_GAT_ATT,Q84KL6_AA,Q84KL6_GAT_ATT,Q84SM8_AA,Q84SM8_GAT_ATT,Q948Z0_AA,Q948Z0_GAT_ATT,Q94G53_AA,Q94G53_GAT_ATT,R9QMQ9_AA,R9QMQ9_GAT_ATT,R9QMR0_AA,R9QMR0_GAT_ATT,R9QMW2_AA,R9QMW2_GAT_ATT,R9QMY9_AA,R9QMY9_GAT_ATT
1,-,,-,,-,,-,,-,,-,,-,,-,,-,,-,,-,,-,,-,,-,,-,,-,,-,,-,,-,,-,,-,,-,,-,,-,,-,
2,-,,-,,-,,-,,-,,-,,-,,-,,-,,-,,-,,-,,-,,-,,-,,-,,-,,-,,-,,-,,-,,-,,-,,-,,-,
3,-,,-,,-,,-,,-,,-,,-,,-,,-,,-,,-,,-,,-,,-,,-,,-,,-,,-,,-,,-,,-,,-,,-,,-,,-,
4,-,,-,,-,,-,,-,,-,,-,,-,,-,,-,,-,,-,,-,,-,,-,,-,,-,,-,,-,,-,,-,,-,,-,,-,,-,
5,-,,-,,-,,-,,-,,-,,-,,-,,-,,-,,-,,-,,-,,-,,-,,-,,-,,-,,-,,-,,-,,-,,-,,-,,-,
6,-,,-,,-,,-,,-,,-,,-,,-,,-,,-,,-,,-,,-,,-,,-,,-,,-,,-,,-,,-,,-,,-,,-,,-,,-,
7,T,1.9855358004570007,-,,-,,-,,-,,-,,-,,-,,-,,Y,1.9910249710083008,Y,1.9800466299057007,-,,-,,-,,-,,-,,-,,-,,-,,-,,-,,-,,-,,-,,-,
8,S,2.1289259990056357,-,,-,,-,,-,,-,,-,,-,,-,,S,1.9642573595046997,S,1.96610426902771,-,,-,,K,2.456416368484497,-,,-,,-,,-,,-,,-,,-,,-,,-,,-,,-,
9,P,1.8957985162734985,-,,-,,-,,-,,-,,-,,-,,-,,D,1.9010062217712402,D,1.923708200454712,-,,I,2.3788955211639404,P,1.6400092840194702,-,,-,,-,,-,,-,,-,,E,1.6353733539581299,-,,-,,-,,-,
10,D,1.6643954753875732,-,,-,,-,,-,,-,,-,,-,,-,,L,1.5746235847473145,L,1.5803714990615845,-,,Q,1.4671629667282104,H,1.8500981330871582,-,,-,,-,,-,,-,,-,,T,1.8497211933135986,-,,-,,-,,-,
11,I,1.6402532815933228,-,,-,,-,,-,,-,,-,,-,,-,,V,1.8652522563934326,V,1.8644219636917114,-,,T,1.5484189987182617,Q,1.3840104341506958,-,,-,,-,,-,,-,,-,,T,1.5391627550125122,-,,-,,-,,-,
12,L,2.1014429092407227,-,,-,,-,,-,,-,,-,,-,,-,,R,2.0613644123077393,G,2.0389020442962646,-,,G,1.7722567319869995,I,1.3440271615982056,-,,-,,-,,-,,-,,-,,N,3.2906641960144043,-,,-,,-,,-,
13,R,2.166976284980774,-,,-,,-,,-,,-,,-,,-,,-,,R,2.6051578521728516,R,2.5979936122894287,-,,R,2.1883697509765625,R,1.3002861738204956,-,,-,,-,,-,,-,,-,,R,2.1430740356445312,-,,-,,-,,-,
14,R,2.7958454132080077,-,,-,,-,,-,,-,,-,,-,,-,,R,2.682173013687134,R,2.6718931198120117,-,,R,3.1604061126708984,R,2.7362301349639893,-,,-,,-,,-,,-,,-,,R,2.728524684906006,-,,-,,-,,-,
15,S,1.8808845281600952,-,,-,,-,,-,,-,,-,,-,,-,,S,1.9183024168014526,S,1.9211862087249756,-,,T,1.7250432968139648,S,2.5449297428131104,-,,-,,-,,-,,-,,-,,S,1.2949609756469727,-,,-,,-,,-,
16,A,1.7744124412536622,-,,-,,-,,-,,-,,-,,-,,-,,A,1.4229421615600586,A,1.4017038345336914,-,,G,2.090984582901001,G,2.2540078163146973,-,,-,,-,,-,,-,,-,,A,1.7024238109588623,-,,-,,-,,-,
17,N,1.996885895729065,-,,-,,-,,-,,-,,-,,-,,-,,N,1.842974305152893,N,1.8550070524215698,-,,G,1.2298152446746826,D,3.65140962600708,-,,-,,-,,-,,-,,-,,N,1.4052232503890991,-,,-,,-,,-,
18,Y,1.9752089977264404,-,,-,,-,,-,,-,,-,,-,,-,,Y,1.5967764854431152,Y,1.5838046073913574,-,,Y,2.1812944412231445,Y,2.0996904373168945,-,,-,,-,,-,,-,,-,,Y,2.4144790172576904,-,,-,,-,,-,
19,Q,2.120970630645752,-,,-,,-,,-,,-,,-,,-,,-,,K,2.2705562114715576,K,2.308101177215576,-,,Q,1.9707717895507812,Q,2.5741796493530273,-,,-,,-,,-,,-,,-,,A,1.4812443256378174,-,,-,,-,,-,
20,P,2.190812611579895,-,,-,,-,,-,,-,,-,,-,,-,,P,2.13681960105896,P,2.14351224899292,-,,P,2.3598108291625977,P,2.35390567779541,-,,-,,-,,-,,-,,-,,P,1.9600147008895874,-,,-,,-,,-,
21,S,1.8626531839370728,-,,-,,-,,-,,-,,-,,-,,-,,S,1.86502206325531,S,1.8724075555801392,-,,T,2.470430612564087,S,1.3482855558395386,-,,-,,-,,-,,-,,-,,S,1.757120132446289,-,,-,,-,,-,
22,I,2.024616527557373,-,,-,,-,,-,,-,,-,,-,,-,,K,2.3980376720428467,K,2.447772979736328,-,,L,1.9052214622497559,L,1.0490930080413818,-,,-,,-,,-,,-,,-,,L,2.3229575157165527,-,,-,,-,,-,
23,W,1.9841689109802245,-,,-,,-,,-,,-,,-,,-,,-,,W,1.6578506231307983,W,1.7163326740264893,-,,W,1.7922861576080322,W,1.382820963859558,-,,-,,-,,-,,-,,-,,W,3.371554136276245,-,,-,,-,,-,
24,N,2.121138834953308,-,,-,,-,,-,,-,,-,,-,,-,,D,2.3022356033325195,D,2.240553140640259,-,,D,1.8681871891021729,D,2.460911989212036,-,,-,,-,,-,,-,,-,,S,1.7338062524795532,-,,-,,-,,-,
25,H,1.4818535804748536,-,,-,,-,,-,,-,,-,,-,,-,,S,1.7256340980529785,S,1.725045919418335,-,,F,1.4053654670715332,F,0.9920797348022461,-,,-,,-,,-,,-,,-,,Y,1.5611426830291748,-,,-,,-,,-,
26,D,1.9937571048736573,-,,-,,-,,-,,-,,-,,-,,-,,N,2.2332162857055664,N,2.1763014793395996,-,,S,1.7565248012542725,N,2.312309980392456,-,,-,,-,,-,,-,,-,,D,1.4904329776763916,-,,-,,-,,-,
27,Y,2.040165980656942,-,,F,1.1503762006759644,-,,-,,-,,-,,-,,-,,F,2.029564619064331,F,1.9510424137115479,-,,T,2.997567892074585,Y,2.5602235794067383,-,,-,,-,,-,,-,,-,,F,1.5522211790084839,-,,-,,-,,-,
28,I,2.2062881787618003,-,,I,1.790574312210083,-,,-,,-,,-,,-,,-,,V,2.1169605255126953,V,2.0619232654571533,-,,I,2.8896970748901367,I,1.9197380542755127,-,,-,,-,,-,,-,,-,,V,2.4588358402252197,-,,-,,-,,-,
29,E,1.8291881322860717,-,,Q,2.141376495361328,-,,-,,-,,-,,-,,-,,E,1.527258276939392,E,1.510101318359375,-,,Q,2.048643112182617,Q,1.9185614585876465,-,,-,,-,,-,,-,,-,,-,,-,,-,,-,,-,
30,S,2.1337978641192117,-,,S,3.4238030910491943,-,,-,,-,,-,,-,,-,,T,2.124330997467041,T,2.175161361694336,-,,L,1.2840970754623413,S,1.6654818058013916,S,2.129912853240967,-,,-,,-,,-,,-,,-,,-,,-,,-,,-,
31,L,1.92976576089859,-,,-,,-,,-,,-,,-,,-,,-,,-,,-,,-,,F,1.9020049571990967,L,2.0968403816223145,L,1.7956469058990479,-,,-,,-,,-,,-,,Q,1.9245707988739014,-,,-,,-,,-,
32,R,2.2400315403938293,-,,-,,-,,-,,-,,-,,-,,-,,-,,-,,-,,D,1.8282142877578735,N,1.8170980215072632,N,2.0902047157287598,-,,-,,-,,-,,-,,S,3.224609136581421,-,,-,,-,,-,
33,I,1.9312888582547505,-,,L,2.2508535385131836,-,,-,,-,,-,,-,,-,,L,1.906684160232544,L,1.9303746223449707,-,,S,1.7527220249176025,-,,N,2.169473886489868,-,,-,,-,,-,,-,,L,1.5776249170303345,-,,-,,-,,-,
34,E,1.9791398644447327,-,,P,2.31649112701416,-,,-,,-,,-,,-,,-,,E,2.2713756561279297,E,2.322777032852173,-,,E,1.7794690132141113,-,,N,1.698920726776123,-,,-,,-,,-,,-,,S,1.485805630683899,-,,-,,-,,-,
35,Y,1.8166218519210815,-,,C,1.321653127670288,-,,-,,-,,-,,-,,-,,S,2.139240264892578,S,1.8256902694702148,-,,-,,T,2.199528455734253,-,,-,,-,,-,,-,,-,,S,1.5969971418380737,-,,-,,-,,-,
36,-,1.7435453534126282,-,,K,1.4833459854125977,-,,-,,-,,-,,-,,-,,D,1.9905599355697632,D,2.249370574951172,-,,-,,P,1.5961031913757324,H,1.1589242219924927,-,,-,,-,,-,,-,,K,1.9829682111740112,-,,-,,-,,-,
37,V,,-,,-,,-,,-,,-,,-,,-,,-,,-,,-,,-,,-,,-,,-,,-,,-,,-,,-,,-,,-,,-,,-,,-,,-,
38,-,,-,,-,,-,,-,,-,,-,,-,,-,,-,,-,,-,,-,,-,,-,,-,,-,,-,,-,,-,,-,,-,,-,,-,,-,
39,-,2.215957147734506,-,,Y,1.6930571794509888,-,,-,,-,,-,,-,,-,,Y,2.2548553943634033,Y,2.3227715492248535,-,,Y,2.40032696723938,Y,2.0899224281311035,S,2.153001070022583,-,,-,,-,,-,,-,,Y,2.5977654457092285,-,,-,,-,,-,
40,-,2.003970605986459,-,,K,2.1839494705200195,-,,-,,-,,-,,-,,-,,K,2.1582906246185303,K,2.1010282039642334,-,,K,1.829410433769226,K,1.6213812828063965,K,1.8755922317504883,-,,-,,-,,-,,-,,K,2.2581419944763184,-,,-,,-,,-,
41,G,2.2716038737978255,-,,G,2.6050291061401367,-,,-,,-,,-,,-,,-,,K,1.8992340564727783,K,2.2536871433258057,-,,E,1.8222240209579468,E,2.5319156646728516,E,2.95942759513855,-,,-,,-,,-,,-,,G,1.829709529876709,-,,-,,-,,-,
42,E,2.1179738215037753,-,,E,1.7883421182632446,-,,-,,-,,-,,-,,-,,E,1.890263319015503,E,1.8112854957580566,-,,E,2.089097499847412,Q,1.9884061813354492,E,2.888176441192627,-,,-,,-,,-,,-,,D,2.3702456951141357,-,,-,,-,,-,
43,T,1.6368872267859322,-,,P,1.8172657489776611,-,,-,,-,,-,,-,,-,,N,1.3488820791244507,N,1.1657788753509521,-,,K,1.6138299703598022,R,2.238001585006714,R,1.746325135231018,-,,-,,-,,-,,-,,N,1.5281271934509277,-,,-,,-,,-,
44,C,2.1747162682669505,-,,Y,1.6756317615509033,-,,-,,-,,-,,-,,-,,H,2.6591804027557373,H,2.6862034797668457,-,,H,1.8490893840789795,H,2.8543033599853516,H,1.5568122863769531,-,,-,,-,,-,,-,,Y,1.9417932033538818,-,,-,,-,,-,
45,T,1.9628397226333618,-,,T,2.4828410148620605,-,,-,,-,,-,,-,,-,,E,1.5444467067718506,E,1.5674971342086792,-,,L,2.1102113723754883,F,2.011719226837158,L,1.4579434394836426,-,,-,,-,,-,,-,,M,2.5652191638946533,-,,-,,-,,-,
46,R,1.8873824179172516,-,,S,1.8953994512557983,-,,-,,-,,-,,-,,-,,M,1.6741273403167725,M,1.6725045442581177,-,,M,2.2247817516326904,N,1.6654819250106812,Q,1.7917364835739136,-,,-,,-,,-,,E,2.1546692848205566,A,2.0203585624694824,-,,-,,-,,-,
47,Q,1.8962144984139337,-,,R,2.0411300659179688,-,,-,,-,,-,,-,,-,,Y,1.6167821884155273,Y,1.6064541339874268,-,,R,2.5799458026885986,R,1.8355315923690796,G,2.1543662548065186,-,,-,,-,,-,,R,1.9369750022888184,R,1.3846640586853027,R,1.910081386566162,-,,-,,-,
48,I,1.9448253241452305,-,,S,1.4624416828155518,A,1.9411509037017822,-,,-,,-,,-,,-,,I,2.0408294200897217,I,1.954155683517456,-,,A,1.930907964706421,Q,2.2763023376464844,K,2.0287816524505615,-,,-,,-,,-,,A,2.0000557899475098,S,2.0585577487945557,G,1.787782907485962,A,1.9121124744415283,-,,-,
49,N,1.8971025510267778,-,,N,1.617192268371582,E,1.582181453704834,-,,-,,-,,-,,-,,E,1.923796534538269,E,1.9345734119415283,-,,A,2.1073098182678223,A,2.1777803897857666,A,2.28753924369812,-,,-,,-,,-,,D,1.7438033819198608,R,1.5836117267608643,E,2.1198346614837646,E,1.7905051708221436,-,,-,
50,V,2.4105686166069726,-,,K,1.8102221488952637,K,2.440030813217163,-,,-,,-,,-,,-,,K,4.8824357986450195,K,4.339597225189209,-,,G,2.101776123046875,E,1.664589524269104,K,1.8982795476913452,-,,-,,-,,-,,R,1.5588462352752686,A,1.6296347379684448,R,2.04593563079834,R,2.144906997680664,-,,-,
51,L,2.0033764080567793,-,,L,1.8179171085357666,L,1.5582128763198853,L,2.0452663898468018,L,2.227926015853882,L,2.1718430519104004,L,2.1958415508270264,L,1.8980712890625,L,1.6736775636672974,L,1.6420891284942627,-,,M,1.692943811416626,L,1.560619592666626,L,3.115288734436035,L,1.90152907371521,L,2.1441476345062256,L,1.7849290370941162,L,2.2067604064941406,L,2.0604965686798096,L,2.8835368156433105,L,1.542175054550171,L,2.0306448936462402,V,2.1378533840179443,L,1.7825109958648682
52,K,1.7439897889676301,-,,K,3.2943665981292725,I,1.8272008895874023,I,1.248488426208496,I,1.5863540172576904,I,1.582655906677246,I,1.5619592666625977,I,1.9084091186523438,M,1.6012022495269775,M,1.595804214477539,I,1.8853480815887451,I,1.656158447265625,I,1.5695209503173828,I,1.1347724199295044,I,1.9397554397583008,I,1.9131535291671753,I,1.6261780261993408,I,1.5525962114334106,I,2.2621042728424072,K,1.4854519367218018,I,1.7675844430923462,I,1.5785331726074219,I,1.9081099033355713,I,1.6260576248168945
53,E,2.155557658361352,-,,E,2.2476556301116943,K,2.184739112854004,G,1.5814393758773804,G,2.1626012325286865,G,2.1780407428741455,G,2.139923334121704,G,2.573564052581787,G,1.298348307609558,G,2.33497953414917,G,1.818657636642456,A,2.0404891967773438,M,1.657859444618225,E,1.4869379997253418,G,2.4286723136901855,G,2.2753779888153076,G,3.269481658935547,G,2.0775487422943115,G,2.1619842052459717,G,1.7682660818099976,D,2.4365291595458984,D,1.890468716621399,G,2.2879014015197754,G,3.276360273361206
54,Q,2.022479606711346,-,,E,2.517474889755249,D,2.149226427078247,E,1.322540044784546,E,1.9605903625488281,E,1.9792792797088623,E,1.9369747638702393,E,1.7028212547302246,D,2.473139762878418,D,1.7566286325454712,E,2.255905866622925,Q,2.5882701873779297,Q,2.106279134750366,E,1.7119108438491821,E,1.5228983163833618,E,1.7831621170043945,E,1.823784589767456,E,1.8481194972991943,E,2.6308114528656006,V,1.889699101448059,E,2.434981346130371,E,2.52970552444458,E,1.7641215324401855,E,1.8287060260772705
55,V,1.8291057866552602,-,,V,2.9895782470703125,V,1.9581791162490845,V,2.697528123855591,V,1.4849399328231812,V,1.4993816614151,V,1.4616024494171143,V,1.464907169342041,V,1.819425344467163,V,1.5058232545852661,V,1.7885407209396362,V,1.817959189414978,V,1.8180863857269287,V,2.79109525680542,V,1.0878021717071533,V,1.5110465288162231,V,1.5251160860061646,V,1.5842081308364868,V,1.76066255569458,V,2.3467936515808105,V,1.86893630027771,V,2.3000974655151367,V,1.4684439897537231,V,1.5192793607711792
56,R,1.976662506227908,-,,K,1.6013020277023315,R,2.541529893875122,K,2.5701916217803955,K,2.051063299179077,K,2.0657265186309814,K,2.076809883117676,K,1.7996231317520142,K,2.2879433631896973,K,2.026237726211548,K,1.4634902477264404,N,2.5496864318847656,R,2.127199172973633,K,1.5642504692077637,K,1.121246337890625,K,2.0561094284057617,K,1.4000805616378784,K,2.0465962886810303,K,1.647687315940857,R,2.960256814956665,R,2.3222429752349854,R,1.716800332069397,K,2.085963487625122,K,1.3812003135681152
57,M,2.041331068329189,-,,K,1.427821159362793,D,1.5003104209899902,E,3.5931496620178223,E,2.045278549194336,E,2.0445361137390137,E,2.0836217403411865,K,2.223466396331787,H,1.5615967512130737,H,1.5440294742584229,N,2.1645264625549316,M,1.3431297540664673,M,2.378762722015381,M,2.4887185096740723,K,2.8898322582244873,N,1.7431902885437012,N,2.1034600734710693,E,2.2308449745178223,D,2.1927030086517334,T,1.6660822629928589,E,1.5664441585540771,N,2.293470859527588,N,1.7562768459320068,N,2.1093621253967285
58,M,1.9401084858438242,-,,M,1.309891939163208,M,1.6318358182907104,I,1.832931399345398,I,2.096325397491455,I,2.1364378929138184,I,2.1255781650543213,M,2.0262506008148193,L,1.8843451738357544,L,2.259105682373047,M,2.457024335861206,L,1.3271613121032715,L,2.472198724746704,L,1.9482386112213135,M,2.14831280708313,I,1.8195558786392212,S,1.823427677154541,I,2.100470542907715,I,1.7734485864639282,M,1.8609216213226318,I,2.416405439376831,I,1.531943440437317,I,1.8179278373718262,S,1.822756290435791
59,L,2.222889288612034,-,,L,1.5636358261108398,F,2.31734561920166,F,2.7048134803771973,F,2.571971893310547,F,2.5266284942626953,F,2.430004835128784,F,2.635521411895752,M,1.394637942314148,M,1.4097373485565186,F,2.105670690536499,L,2.1536829471588135,L,2.0969958305358887,L,1.5033670663833618,F,3.823488473892212,F,1.7592936754226685,F,2.389285087585449,F,2.6250624656677246,M,2.435593366622925,I,2.6142678260803223,F,1.6214019060134888,F,2.2488632202148438,F,1.7899949550628662,F,2.405189275741577
60,H,2.309708589599246,-,,V,1.6071151494979858,N,3.054947853088379,N,1.3371303081512451,N,2.1744959354400635,N,2.1749911308288574,N,2.0936806201934814,N,2.0507278442382812,-,,-,,N,2.4635891914367676,Q,1.5262656211853027,K,1.9636430740356445,E,2.114227533340454,N,2.241236686706543,D,3.7634565830230713,N,2.511903762817383,N,1.6647770404815674,F,1.8338688611984253,L,3.2572600841522217,S,2.6557681560516357,N,1.7833045721054077,D,3.707427501678467,N,2.5240628719329834
61,K,1.728539653122425,-,,-,,A,1.9143825769424438,R,1.2362092733383179,S,1.6580065488815308,S,1.6391899585723877,S,1.5185420513153076,S,1.69978666305542,-,,-,,S,1.9420808553695679,-,,-,,-,,S,2.3549861907958984,L,1.6077905893325806,S,1.6532124280929565,S,1.2051079273223877,N,1.8310353755950928,-,,S,1.531595230102539,S,2.63923716545105,L,1.5723106861114502,S,1.6531609296798706
62,V,1.9704955890774727,-,,-,,L,2.0979163646698,I,1.839058518409729,L,2.079214572906494,L,2.0770580768585205,L,3.056565999984741,M,2.141286849975586,-,,-,,M,1.651555061340332,-,,-,,-,,M,1.3698008060455322,M,2.065452814102173,M,1.9053165912628174,L,1.931803822517395,F,1.9039767980575562,-,,M,1.8747512102127075,M,1.584899663925171,M,2.038651943206787,M,1.9106203317642212
63,-,1.5975803658366203,-,,-,,P,1.584147572517395,S,1.5534409284591675,S,1.6253583431243896,S,1.6195896863937378,S,1.4561400413513184,S,1.6788897514343262,-,,-,,S,2.1572983264923096,-,,-,,-,,S,1.325679898262024,S,1.5946186780929565,S,1.592832088470459,S,1.0268566608428955,K,1.6053524017333984,-,,S,1.6782203912734985,S,1.8642139434814453,S,1.6109188795089722,S,1.5877282619476318
64,-,1.9045770423752921,-,,-,,-,,M,2.1626031398773193,M,1.8851251602172852,M,1.9832923412322998,M,1.8016724586486816,S,2.189772129058838,-,,-,,L,1.6681339740753174,-,,-,,-,,S,1.8984267711639404,V,1.946363925933838,N,1.9961801767349243,R,1.3340167999267578,-,,-,,L,2.2200679779052734,L,1.715411901473999,V,1.867475152015686,N,1.9955366849899292
65,-,1.6512344976266224,-,,-,,-,,A,1.4701238870620728,A,1.3771430253982544,A,1.4105252027511597,A,1.3423388004302979,E,1.7734159231185913,-,,-,,E,2.1865715980529785,-,,-,,-,,E,1.6162114143371582,E,1.5105748176574707,E,2.2812552452087402,T,1.0867180824279785,-,,-,,-,,-,,E,1.4880765676498413,E,2.2718594074249268
66,-,,-,,-,,-,,-,,-,,-,,-,,-,,-,,-,,-,,-,,-,,-,,-,,-,,-,,-,,-,,-,,-,,-,,-,,-,
67,-,,-,,-,,-,,-,,-,,-,,-,,-,,-,,-,,-,,-,,-,,-,,-,,-,,-,,-,,-,,-,,-,,-,,-,,-,
68,-,2.587147523959478,-,,-,,-,,N,3.6112663745880127,D,2.496875047683716,A,2.2955996990203857,A,1.9554020166397095,D,2.1547157764434814,-,,-,,D,1.7837646007537842,-,,-,,-,,D,2.1285908222198486,D,2.2136292457580566,D,2.7313427925109863,D,4.239050388336182,-,,-,,-,,-,,D,2.7092740535736084,D,2.726259469985962
69,-,2.122338056564331,-,,-,,-,,G,2.0678157806396484,G,1.3589224815368652,G,1.4892154932022095,G,1.5379563570022583,G,2.5829126834869385,-,,-,,G,2.2349891662597656,-,,-,,-,,G,2.6589322090148926,G,2.3720309734344482,G,2.231187105178833,G,2.5259904861450195,-,,-,,-,,-,,G,2.1844992637634277,S,2.223604679107666
70,-,2.0614628940820694,-,,-,,L,1.8447515964508057,E,1.841214656829834,G,2.0070340633392334,G,2.218006134033203,G,2.3147902488708496,E,1.8038461208343506,-,,-,,E,2.403266191482544,-,,-,,-,,E,1.7711408138275146,V,2.263066053390503,E,1.8064168691635132,E,1.8614146709442139,S,2.1411900520324707,-,,E,2.4357168674468994,E,2.192793846130371,V,2.278048276901245,E,1.800709843635559
71,-,2.08328215777874,-,,-,,H,2.049635410308838,L,1.357309103012085,L,2.3323397636413574,L,2.0141899585723877,L,2.0400867462158203,L,2.167141914367676,-,,-,,L,1.710835576057434,-,,-,,-,,L,2.1323275566101074,F,2.083726167678833,S,1.5653916597366333,L,3.142915725708008,L,2.5639097690582275,-,,D,2.1203701496124268,D,2.4825196266174316,F,1.996450424194336,S,1.5733649730682373
72,-,2.284419519560678,-,,G,2.273939371109009,S,1.925234317779541,V,1.5532029867172241,M,3.4011857509613037,M,3.5176849365234375,M,3.523253917694092,I,1.6668429374694824,K,2.7276129722595215,K,2.4939651489257812,M,2.0637340545654297,-,,-,,Q,1.596647024154663,I,1.7128674983978271,T,1.7202541828155518,I,1.8605965375900269,V,4.385010242462158,E,1.9629510641098022,E,1.496164083480835,G,2.428683042526245,G,2.0944926738739014,T,1.7060050964355469,I,1.8624820709228516
73,-,1.9536029661402983,-,,-,,S,1.7562942504882812,S,1.4014242887496948,S,2.1334121227264404,S,2.1582674980163574,S,2.1587915420532227,N,1.7363790273666382,-,,-,,S,1.8108398914337158,-,,-,,-,,S,1.7840503454208374,S,2.0213160514831543,T,2.3219189643859863,S,1.9331154823303223,D,1.9462525844573975,A,1.655503273010254,E,1.5457196235656738,E,2.470998764038086,S,2.0538558959960938,T,2.323110818862915
74,-,1.6002635955810547,-,,-,,-,,-,,-,,-,,-,,-,,-,,-,,-,,-,,-,,-,,-,,-,,-,,-,,-,,N,1.6002635955810547,-,,-,,-,,-,
75,-,2.132337588071823,-,,-,,S,2.182626485824585,H,2.0065126419067383,P,2.6442909240722656,P,2.5352816581726074,P,2.595381021499634,P,1.690191626548767,E,1.9917198419570923,K,2.1325783729553223,P,1.6767135858535767,E,2.6233561038970947,V,2.2352981567382812,-,,P,1.723655343055725,P,1.7492252588272095,P,2.361849784851074,H,2.1371493339538574,G,1.6271471977233887,G,3.1063177585601807,-,,F,1.528917670249939,P,1.7398535013198853,P,2.3586854934692383
76,-,2.048614818116893,-,,M,2.3319244384765625,A,1.9179778099060059,V,2.5100560188293457,V,1.571845531463623,V,1.6139631271362305,V,1.5663015842437744,H,2.0531561374664307,V,2.427391290664673,V,2.689566135406494,L,2.03778338432312,E,1.8678629398345947,K,1.4222837686538696,E,3.542283296585083,H,2.057875871658325,L,1.7242718935012817,L,1.7181053161621094,V,2.9955544471740723,G,1.8260194063186646,I,2.4313852787017822,F,1.6847044229507446,S,1.6943755149841309,L,1.7198753356933594,L,1.7135778665542603
77,V,1.8389480995095295,-,,E,1.4468706846237183,D,1.7916361093521118,D,2.000704526901245,D,1.398424744606018,D,1.4302595853805542,D,1.4147608280181885,N,1.864481806755066,V,1.9645272493362427,V,1.8728728294372559,N,2.289714813232422,V,2.8489482402801514,M,2.1987171173095703,M,1.979196548461914,N,1.8676049709320068,S,2.068631649017334,D,1.767562747001648,D,1.1119109392166138,N,1.8524608612060547,E,2.218456506729126,S,1.5460131168365479,D,1.5545623302459717,S,2.042630672454834,D,1.7648574113845825
78,N,2.067522354747938,-,,N,2.0868659019470215,D,1.7515413761138916,D,3.052380084991455,D,2.306734085083008,D,2.143939971923828,D,2.0991971492767334,D,2.205765724182129,N,1.4197161197662354,N,1.3616963624954224,D,1.941811203956604,D,2.0769448280334473,E,1.7139549255371094,A,2.6696510314941406,D,2.1602249145507812,D,2.334130048751831,D,1.879136562347412,D,1.8504915237426758,D,1.9520418643951416,N,1.8570748567581177,D,2.2511861324310303,L,2.259866952896118,D,2.3040359020233154,D,1.874626636505127
79,P,1.7318473743355793,-,,S,2.194810152053833,L,1.782397985458374,L,1.8911573886871338,L,1.3432945013046265,L,1.4761395454406738,L,1.4747551679611206,L,1.8446028232574463,P,1.3380893468856812,P,1.2033329010009766,L,2.48282790184021,S,1.3439232110977173,A,2.1729893684387207,A,1.6758143901824951,L,1.8455839157104492,L,1.6590502262115479,L,2.053389310836792,L,1.3041598796844482,L,2.326359987258911,P,1.1657626628875732,L,1.7741062641143799,I,1.7652796506881714,L,1.6536140441894531,L,2.061048984527588
80,L,2.0510234677273296,-,,L,2.3777942657470703,I,3.3276026248931885,L,2.309330940246582,L,1.5916755199432373,L,1.900618314743042,L,1.8915647268295288,I,2.2349636554718018,I,1.8038804531097412,I,2.1347439289093018,I,1.55327570438385,I,2.2053136825561523,I,1.743381381034851,V,1.48566734790802,I,2.239193916320801,H,2.136925458908081,I,1.7537307739257812,L,1.6039774417877197,L,2.0698249340057373,L,2.1235015392303467,I,2.4306607246398926,I,2.4029932022094727,H,2.098881244659424,I,1.7540379762649536
81,E,1.887875629507977,-,,V,1.8191014528274536,Q,1.8601945638656616,Q,1.4174168109893799,Q,2.2697064876556396,Q,1.8432443141937256,Q,1.8424322605133057,Q,1.9762511253356934,E,1.8871796131134033,E,1.7144112586975098,Q,1.9991153478622437,Q,2.068765163421631,Q,1.0788414478302002,Q,1.2940480709075928,Q,1.9916090965270996,H,2.0278139114379883,Q,1.9693477153778076,Q,1.7897775173187256,Q,2.5986526012420654,S,2.27897572517395,Q,1.8315443992614746,Q,1.8309614658355713,H,2.063082695007324,Q,1.968666434288025
82,Q,1.7400485380836155,-,,Q,1.5618364810943604,H,2.000058174133301,H,1.5781569480895996,H,1.5938119888305664,H,1.5672073364257812,H,1.6159106492996216,R,1.8358606100082397,K,1.1906890869140625,K,1.1022214889526367,R,1.7688276767730713,R,1.7241837978363037,Q,2.7813045978546143,Q,1.3665708303451538,R,1.8403183221817017,R,1.7372914552688599,R,1.970422387123108,H,1.4355535507202148,R,2.0193512439727783,L,1.187008261680603,R,2.222552537918091,R,2.1889114379882812,R,1.762492060661316,R,1.9705754518508911
83,L,2.4299290335696675,-,,L,3.185218572616577,L,1.3823070526123047,L,1.8606263399124146,L,2.6256160736083984,L,2.7930145263671875,L,2.7541239261627197,V,2.43765926361084,M,3.6891181468963623,M,4.142325401306152,L,2.090769052505493,L,3.186823844909668,L,2.0268900394439697,L,1.772297978401184,V,2.4133176803588867,L,2.510648488998413,L,2.0291659832000732,L,2.1214637756347656,L,2.1303279399871826,L,2.2245733737945557,L,1.9676023721694946,L,1.9945387840270996,L,2.517519235610962,L,2.0324199199676514
84,E,1.7976557897484822,-,,E,1.624434471130371,S,1.839345932006836,S,2.412832260131836,S,1.8274755477905273,S,2.0525457859039307,S,2.1030750274658203,W,1.8918077945709229,E,1.6445527076721191,E,1.507728934288025,W,1.4954677820205688,E,1.3560460805892944,E,2.1284801959991455,E,2.251068115234375,W,1.882940411567688,W,1.7762651443481445,W,2.228174924850464,S,1.8219223022460938,L,1.4051744937896729,N,1.233344554901123,W,1.4112639427185059,W,1.4223086833953857,W,1.7938392162322998,W,2.2359888553619385
85,L,2.0058652888173643,-,,L,1.861830234527588,L,1.8075261116027832,M,2.2247397899627686,M,1.3400399684906006,M,1.880028486251831,M,1.8632889986038208,M,1.9629005193710327,L,1.9439671039581299,L,1.8658133745193481,I,2.2493414878845215,L,2.919438362121582,L,1.3227217197418213,F,2.4904348850250244,M,1.9670336246490479,M,1.973313331604004,M,2.07212495803833,M,1.5199612379074097,L,1.8384897708892822,L,1.7599730491638184,M,2.600656032562256,M,2.607923746109009,M,1.9871867895126343,M,2.0761680603027344
86,I,2.1882912438848745,-,,I,2.1247599124908447,V,2.1853950023651123,V,2.5312602519989014,V,3.596125602722168,V,2.097832679748535,V,2.296400547027588,V,1.983459234237671,V,2.217278480529785,V,2.517996311187744,V,2.310638666152954,I,1.4531309604644775,I,1.3480910062789917,I,2.29093074798584,V,1.968963861465454,V,1.720764398574829,V,1.8895659446716309,V,3.4075629711151123,V,2.218550682067871,V,2.4204556941986084,V,2.062330961227417,V,2.0753087997436523,V,1.7235157489776611,V,1.8903801441192627
87,E,1.9661046992177549,-,,D,2.2046618461608887,D,1.8694896697998047,D,1.516366720199585,D,1.6874024868011475,D,1.7947216033935547,D,1.6746454238891602,D,2.304121255874634,D,1.767989993095398,D,1.678276538848877,D,1.9043152332305908,D,1.028491497039795,D,2.3202028274536133,E,2.2822649478912354,D,2.330779552459717,D,1.771138310432434,D,1.7809420824050903,D,2.5428695678710938,D,1.895451307296753,D,3.0366458892822266,D,2.126648187637329,D,2.1291403770446777,D,1.799780249595642,D,1.7740625143051147
88,I,1.9142224114874136,-,,T,1.9977045059204102,S,1.7410666942596436,N,2.1305177211761475,N,1.239920735359192,N,1.841213345527649,N,1.4713600873947144,S,1.8614996671676636,T,1.8980519771575928,T,1.7509509325027466,S,2.460994005203247,D,2.8148369789123535,D,1.6143772602081299,D,1.646616816520691,S,1.875954508781433,S,2.984262466430664,S,1.692333459854126,N,1.38034987449646,D,2.4554731845855713,D,1.4478325843811035,N,1.5096241235733032,N,1.538540005683899,S,2.9510159492492676,S,1.722618579864502
89,L,2.0777975476306416,-,,L,1.2774560451507568,V,3.315307855606079,V,1.784746527671814,V,2.0806331634521484,V,2.2538509368896484,V,1.9669160842895508,V,2.1733391284942627,I,2.4298977851867676,I,2.57433819770813,L,1.7253389358520508,L,1.5079041719436646,L,1.2744925022125244,L,1.8205385208129883,V,2.1682982444763184,V,2.114285945892334,V,3.1351754665374756,V,2.2074551582336426,V,2.1994218826293945,L,1.6125608682632446,V,1.5882339477539062,V,1.5591572523117065,V,1.8386735916137695,V,3.181321382522583
90,Q,1.8119592925776606,-,,Q,2.060495615005493,E,1.7624964714050293,E,1.8623754978179932,E,1.568246603012085,E,1.8664296865463257,E,1.793609619140625,E,1.7025970220565796,Q,1.6849745512008667,Q,1.5379486083984375,E,1.8876869678497314,R,2.034761667251587,Q,3.6033058166503906,K,2.0712990760803223,E,1.7200355529785156,E,1.8275678157806396,E,1.6928763389587402,E,1.490981101989746,E,2.209099054336548,Q,1.1526120901107788,E,1.4151209592819214,E,1.4043161869049072,E,1.8700783252716064,E,1.4561491012573242
91,R,1.9078545207562654,-,,R,1.6208863258361816,R,1.7209919691085815,R,1.6270081996917725,R,2.025864839553833,R,2.3780298233032227,R,2.1282172203063965,R,2.4035823345184326,R,1.0069881677627563,R,1.0477383136749268,R,1.3550009727478027,R,2.0930583477020264,Y,2.6679348945617676,N,2.064941167831421,R,2.410486936569214,R,1.9298858642578125,R,1.6428182125091553,R,1.9076378345489502,R,1.438454508781433,R,1.189360499382019,R,2.7265357971191406,R,2.717653751373291,R,1.9662305116653442,R,1.811347484588623
92,L,2.0123236749483193,-,,L,2.107821464538574,L,1.8559472560882568,L,2.3088126182556152,L,1.6439812183380127,L,2.0658605098724365,L,2.0748448371887207,L,1.8363388776779175,L,1.8125264644622803,L,1.6562857627868652,L,3.0531466007232666,L,1.6318126916885376,L,2.4637975692749023,L,1.96531343460083,L,1.8773494958877563,L,2.0579745769500732,L,2.16740083694458,L,1.4424433708190918,L,1.8567016124725342,L,1.5444985628128052,L,1.9370182752609253,L,1.9845259189605713,L,2.455909013748169,L,2.483133554458618
93,G,2.0346227728802226,-,,G,1.827233910560608,G,1.7129286527633667,G,1.9270049333572388,G,1.6807162761688232,G,2.0957887172698975,G,2.0744590759277344,G,2.383110523223877,G,1.957390546798706,G,2.0797386169433594,G,2.0701589584350586,G,1.8391954898834229,G,1.7048789262771606,G,2.107431173324585,G,2.405311107635498,G,2.1166141033172607,G,1.908246397972107,G,1.3180440664291382,G,1.6148080825805664,G,2.2031867504119873,G,2.909895658493042,G,2.9156367778778076,G,1.9869794845581055,G,1.9575655460357666
94,L,1.9581172155297322,-,,I,2.5434956550598145,I,2.505199909210205,I,2.087008237838745,I,1.5411068201065063,I,1.6611663103103638,I,1.6571874618530273,I,2.036466598510742,L,2.03696870803833,L,2.1071555614471436,I,2.1906135082244873,I,1.5997754335403442,L,1.1611881256103516,L,1.8203544616699219,I,1.7851004600524902,I,1.5444602966308594,I,1.6426607370376587,I,2.0155117511749268,I,2.2172036170959473,I,3.1412837505340576,I,2.3735055923461914,I,1.948974609375,I,1.5313262939453125,I,1.8889820575714111
95,S,1.5881675829490025,M,1.3446476459503174,S,1.7237396240234375,D,2.217280626296997,D,1.7814221382141113,D,1.166681170463562,D,1.2948839664459229,D,1.2727763652801514,E,1.3655550479888916,G,0.9222011566162109,G,0.921656608581543,H,1.7043118476867676,S,2.0502920150756836,S,1.3865193128585815,S,2.1037087440490723,E,1.463707447052002,D,1.7091753482818604,D,1.0256946086883545,D,1.210150122642517,D,1.5377055406570435,S,1.6554384231567383,D,2.4648995399475098,D,2.592778205871582,D,1.9465835094451904,D,1.2542129755020142
96,Y,1.7588175560037296,G,1.9129358530044556,Y,2.879206418991089,R,1.9205384254455566,R,2.3276607990264893,R,1.4395778179168701,R,1.4818226099014282,R,1.479277491569519,R,1.7909672260284424,Y,1.6792075634002686,Y,1.672337532043457,R,1.5375568866729736,C,1.3981977701187134,Y,2.5460808277130127,Y,2.1330764293670654,R,1.9295086860656738,R,2.5044801235198975,R,0.6361198425292969,R,1.0141284465789795,R,1.936139702796936,Y,1.3475751876831055,R,1.518122673034668,R,2.18005633354187,R,2.090873956680298,R,0.8561727404594421
97,H,2.2904488941033683,S,2.1357474327087402,H,2.139298677444458,H,2.1572718620300293,H,1.8087220191955566,H,2.228862762451172,H,2.306011199951172,H,2.305398941040039,H,1.9011684656143188,L,3.8972809314727783,L,3.868450880050659,H,1.9144511222839355,H,2.48362398147583,F,1.382404088973999,L,1.8277617692947388,H,1.7624852657318115,H,1.5915807485580444,H,3.2965307235717773,H,2.187751054763794,H,2.9314417839050293,H,2.4782121181488037,H,2.486340045928955,H,1.6783554553985596,H,1.7653487920761108,H,2.4362733364105225
98,F,2.0771196285883584,I,2.580604314804077,F,2.346748113632202,F,1.8319147825241089,F,1.812761664390564,F,1.9893264770507812,F,2.0091335773468018,F,2.018669605255127,F,2.199312925338745,F,1.8934723138809204,F,1.9180660247802734,F,1.8102576732635498,F,2.1077747344970703,F,1.5766346454620361,F,3.0122499465942383,F,2.200204372406006,F,1.9973466396331787,F,2.285195827484131,F,1.9600684642791748,F,2.104506731033325,F,2.9219539165496826,F,1.6131718158721924,F,1.5431878566741943,F,1.8964637517929077,F,2.2218449115753174
99,E,2.394653151432673,S,2.6014773845672607,E,2.0531673431396484,Q,2.252638339996338,Q,2.5064496994018555,Q,3.653749465942383,Q,3.6861321926116943,Q,3.714473009109497,K,2.326618194580078,N,1.5625231266021729,N,1.6087992191314697,K,1.988562822341919,D,1.4783716201782227,Q,2.1638357639312744,Q,1.8728381395339966,K,2.2928848266601562,K,2.1533899307250977,K,3.8652260303497314,Q,3.4110605716705322,K,1.271411657333374,L,2.4487147331237793,K,1.1120226383209229,K,1.8028512001037598,K,1.9767645597457886,K,3.667713165283203
100,E,2.2947960446278253,S,1.8999292850494385,N,1.2515767812728882,N,2.1989047527313232,T,1.6476397514343262,T,1.9417164325714111,T,2.0406787395477295,T,2.0633652210235596,N,2.46537446975708,K,2.8720130920410156,K,2.886636734008789,D,2.6076979637145996,R,2.989013671875,D,2.3459765911102295,D,1.9340075254440308,N,2.889772891998291,D,3.0048723220825195,K,2.715944766998291,T,2.2286481857299805,K,2.1142325401306152,D,1.51315176486969,N,1.9188904762268066,N,1.6754703521728516,H,3.1295931339263916,K,2.739997625350952
101,E,2.057785843809446,I,2.0758419036865234,E,1.0832678079605103,E,1.475440263748169,E,1.4792410135269165,E,1.7099454402923584,E,1.79970383644104,E,1.80927574634552,E,1.7577826976776123,E,2.85563588142395,E,2.8498616218566895,E,2.9013125896453857,E,1.6866405010223389,E,2.790418863296509,E,1.447295069694519,E,1.6813082695007324,E,1.5393790006637573,E,1.9210728406906128,E,1.6127570867538452,E,2.329068660736084,E,3.2031772136688232,E,2.4420361518859863,E,1.8194130659103394,E,1.5662239789962769,E,3.5507607460021973
102,I,1.806134894490242,T,1.7448898553848267,I,2.1590981483459473,I,1.798843502998352,I,2.2020010948181152,I,1.7872594594955444,I,1.805902361869812,I,1.6572613716125488,I,1.382778525352478,I,1.462512493133545,I,1.4695204496383667,I,1.7113581895828247,I,2.383652448654175,I,1.102747917175293,I,2.737734317779541,I,1.301507592201233,I,1.3813097476959229,I,2.5869648456573486,I,1.5445281267166138,I,1.4964745044708252,I,1.7685364484786987,I,2.3756041526794434,I,3.061272621154785,I,1.518880844116211,I,0.9065984487533569
103,K,1.4228965913256009,A,1.5462424755096436,I,1.6898033618927002,K,1.3602851629257202,K,1.615283727645874,K,1.1361353397369385,K,1.1461395025253296,K,1.1045576333999634,K,1.3039906024932861,K,1.442434549331665,K,1.415991187095642,K,1.3545159101486206,V,1.1972551345825195,K,2.1656525135040283,K,2.211862802505493,K,1.3973164558410645,N,1.3811596632003784,K,0.9413248300552368,K,1.2234656810760498,K,1.5328104496002197,S,1.5598175525665283,K,1.5854777097702026,K,1.8284070491790771,N,1.3050029277801514,K,0.7045859694480896
104,R,2.129428473611673,E,1.8018890619277954,S,2.2917392253875732,T,1.78701651096344,V,2.793614149093628,V,2.162443161010742,V,2.4297637939453125,V,2.094332695007324,S,2.528611660003662,E,2.9577739238739014,E,2.9143717288970947,S,1.2422317266464233,E,1.3173182010650635,Q,2.1498000621795654,I,2.3210813999176025,S,2.3300726413726807,S,2.9066977500915527,S,0.9294304251670837,V,2.3886911869049072,T,2.3253378868103027,N,1.4011539220809937,S,1.5640009641647339,S,1.817267656326294,S,3.1053082942962646,S,1.5463353395462036
105,I,1.6876077502965927,S,2.1414802074432373,I,1.7391221523284912,A,1.7069196701049805,S,1.2921147346496582,S,2.0702219009399414,S,1.436718463897705,S,1.379165530204773,A,1.1321277618408203,V,2.063176393508911,V,1.985413670539856,A,1.8422377109527588,I,1.8202087879180908,I,1.622397780418396,I,2.2747673988342285,A,1.0908631086349487,A,1.5807957649230957,A,1.1707849502563477,S,1.6799067258834839,A,2.0956687927246094,V,2.173757791519165,A,2.0242841243743896,A,1.3974456787109375,A,1.586132287979126,A,1.1968746185302734
106,L,2.4012739260991416,P,2.2157440185546875,L,2.7569305896759033,L,3.288771390914917,L,1.5977729558944702,L,3.1061148643493652,L,2.9534268379211426,L,2.917343854904175,L,3.4194891452789307,L,1.3073333501815796,L,1.2992502450942993,L,1.3648096323013306,L,2.064274549484253,L,1.6914448738098145,L,1.3037230968475342,L,4.112026214599609,L,2.6460180282592773,L,3.207306385040283,L,3.4859771728515625,L,2.526961326599121,L,1.5772682428359985,L,1.7274876832962036,L,2.225764274597168,L,2.7283098697662354,L,2.107025623321533
107,D,2.0272521153092384,K,2.094506025314331,K,1.6062190532684326,D,1.7071020603179932,D,1.7023704051971436,D,2.6130104064941406,D,2.653259515762329,D,2.397639274597168,D,2.2637157440185547,N,1.339052438735962,N,1.3862180709838867,D,2.7266433238983154,N,3.3715202808380127,S,1.6615163087844849,N,0.9591525197029114,D,2.269662857055664,D,2.3496527671813965,D,1.93718683719635,D,2.9033701419830322,D,2.2955057621002197,E,1.2835856676101685,D,1.4200527667999268,D,1.5268032550811768,D,2.3809430599212646,D,1.8053622245788574
108,G,2.2563180973132453,E,2.575953722000122,E,1.6961246728897095,Y,2.47271466255188,Y,2.595494031906128,Y,2.0409669876098633,Y,2.2220587730407715,Y,2.2055459022521973,Y,2.6138484477996826,T,2.171910047531128,T,2.070899724960327,Y,2.4417672157287598,S,1.2093597650527954,S,2.6862406730651855,S,1.9880257844924927,Y,2.5947890281677246,H,2.2648766040802,H,2.828718423843384,Y,2.457202434539795,Y,1.358767032623291,K,1.5376853942871094,Y,3.803739309310913,Y,2.0299243927001953,H,2.259113311767578,H,2.0259079933166504
109,V,2.2269934664169946,V,2.1420845985412598,Y,2.5338985919952393,V,2.257251739501953,V,2.3055012226104736,V,3.700875997543335,V,2.209987163543701,V,2.144665241241455,V,2.174109935760498,I,3.8519387245178223,I,3.657090187072754,V,1.9992778301239014,K,1.9882522821426392,I,1.409231424331665,I,1.5353882312774658,V,2.1738083362579346,V,1.524862289428711,V,2.1944992542266846,V,3.3421378135681152,V,1.6822617053985596,I,1.6111513376235962,V,1.4104880094528198,V,1.3401210308074951,V,1.529710292816162,V,2.729249954223633
110,Y,2.306597668191661,-,,F,3.096371650695801,Y,1.6153358221054077,Y,2.816847562789917,Y,2.803772211074829,Y,2.629171848297119,Y,2.4891505241394043,Y,2.476759910583496,T,1.8834624290466309,A,2.158698081970215,Y,1.9421589374542236,Y,3.0318894386291504,H,1.3432763814926147,Y,1.2708402872085571,Y,2.454399347305298,Y,1.8526140451431274,Y,2.5888006687164307,Y,3.3631858825683594,N,1.3414726257324219,Y,3.152466297149658,Y,1.8939756155014038,Y,2.2596898078918457,Y,1.87783682346344,Y,2.7095701694488525
111,-,,-,,-,,-,,-,,-,,-,,-,,-,,-,,-,,-,,-,,-,,-,,-,,-,,-,,-,,-,,-,,-,,-,,-,,-,
112,-,,-,,-,,-,,-,,-,,-,,-,,-,,-,,-,,-,,-,,-,,-,,-,,-,,-,,-,,-,,-,,-,,-,,-,,-,
113,-,,-,,-,,-,,-,,-,,-,,-,,-,,-,,-,,-,,-,,-,,-,,-,,-,,-,,-,,-,,-,,-,,-,,-,,-,
114,-,,-,,-,,-,,-,,-,,-,,-,,-,,-,,-,,-,,-,,-,,-,,-,,-,,-,,-,,-,,-,,-,,-,,-,,-,
115,N,2.077518478035927,L,2.0306522846221924,T,2.1235837936401367,-,,-,,-,,-,,-,,-,,T,1.3927910327911377,T,1.6011683940887451,-,,Y,1.868202567100525,N,1.614558458328247,N,3.571007490158081,-,,-,,-,,-,,-,,L,2.4181838035583496,-,,-,,-,,-,
116,N,2.2924753806807776,S,1.5264251232147217,N,1.911370038986206,R,1.329785943031311,S,1.749955415725708,S,2.19616961479187,S,1.748935341835022,S,2.035383701324463,S,1.6457016468048096,S,3.3203582763671875,S,3.5354135036468506,S,2.280241012573242,-,,E,1.7962301969528198,H,3.0240702629089355,S,1.6498093605041504,S,2.3789546489715576,R,2.1318600177764893,S,2.338811159133911,S,4.067292213439941,-,,S,2.613051652908325,S,2.561958074569702,S,2.4061944484710693,S,2.1864867210388184
117,D,2.4244895822861614,R,0.9052631855010986,-,,Y,2.041290521621704,Y,2.081545114517212,Y,2.845520257949829,Y,2.135416269302368,Y,3.091442823410034,Y,1.9185842275619507,-,,-,,Y,2.5281574726104736,-,,-,,-,,Y,1.9238626956939697,Y,3.593233823776245,Y,2.9728689193725586,Y,2.7966206073760986,Y,2.280040740966797,-,,Y,1.7539054155349731,Y,1.7799532413482666,Y,3.595444679260254,Y,2.973172903060913
118,H,1.8905356244037026,V,1.9361889362335205,-,,W,1.6962212324142456,W,1.5463764667510986,W,1.4078657627105713,W,1.5787312984466553,W,1.4289095401763916,W,1.4378416538238525,-,,-,,W,2.0645534992218018,-,,P,2.726025104522705,H,2.45090651512146,W,1.4371953010559082,W,1.5941349267959595,W,1.7236487865447998,W,1.4585349559783936,W,3.9530277252197266,-,,W,2.0763754844665527,W,2.1072280406951904,W,1.5913591384887695,W,1.7050524950027466
119,G,1.8152130152049817,Q,2.0729923248291016,-,,S,2.3872694969177246,S,1.4457948207855225,S,1.2223318815231323,S,1.5079431533813477,S,1.3691967725753784,S,1.344617247581482,-,,-,,G,1.4375669956207275,-,,R,1.9372934103012085,K,1.799181342124939,S,1.3363596200942993,T,1.6706092357635498,S,2.0259156227111816,S,1.2134605646133423,N,1.6715620756149292,-,,S,3.1385464668273926,S,3.1680397987365723,T,1.6857335567474365,S,2.0546329021453857
120,G,1.6320860319667392,-,,-,,D,2.991048812866211,E,1.544712781906128,E,1.3062591552734375,E,1.5300650596618652,E,1.3976078033447266,E,1.2704464197158813,-,,-,,E,1.4056642055511475,-,,Y,2.5428645610809326,C,1.195852279663086,E,1.2723569869995117,E,1.6452207565307617,E,1.5218274593353271,E,1.3262519836425781,E,1.7577766180038452,-,,E,1.741109013557434,Q,1.7731252908706665,E,1.6550400257110596,E,1.5003193616867065
121,-,,-,,-,,-,,-,,-,,-,,-,,-,,-,,-,,-,,-,,-,,-,,-,,-,,-,,-,,-,,-,,-,,-,,-,,-,
122,D,1.5886226329538558,-,,-,,A,1.8979120254516602,K,1.4494999647140503,K,1.2387150526046753,K,1.3198667764663696,K,1.2688038349151611,K,0.9487392902374268,-,,-,,N,1.455235481262207,-,,F,3.7929348945617676,F,1.4552621841430664,K,0.9504920840263367,K,1.1888173818588257,K,1.609688401222229,K,1.187028169631958,K,2.3074965476989746,-,,K,2.0022311210632324,K,1.7724536657333374,K,1.1751285791397095,K,1.5749019384384155
123,T,2.9353142914019132,-,,-,,G,2.348740577697754,G,4.719413757324219,G,4.492186069488525,G,4.5170207023620605,G,4.353513717651367,G,5.326905250549316,-,,-,,G,1.1347366571426392,-,,H,3.0282785892486572,H,1.9089157581329346,G,5.374266147613525,G,1.980894923210144,G,1.5346853733062744,G,4.430020809173584,G,2.1061134338378906,N,2.065645456314087,G,1.5655461549758911,G,1.4512871503829956,G,1.9096060991287231,G,1.5231949090957642
124,W,2.234060843785604,-,,-,,I,1.277787208557129,I,2.515317916870117,I,2.596989154815674,I,2.3824760913848877,I,2.4415369033813477,I,2.226309061050415,-,,-,,I,4.549579620361328,-,,-,,N,2.277392864227295,I,2.24307918548584,I,3.2208800315856934,I,1.184020757675171,I,2.3190207481384277,I,1.6387031078338623,F,1.944517731666565,I,1.532603144645691,I,1.5023298263549805,I,3.1820108890533447,I,1.1785409450531006
125,K,2.968237212726048,-,,I,1.3475511074066162,G,1.5728633403778076,G,3.7022714614868164,G,3.9712719917297363,G,3.923251152038574,G,3.6964192390441895,G,6.152979850769043,K,1.5374107360839844,K,1.7796692848205566,G,1.873678207397461,-,,-,,N,2.1609461307525635,G,6.22137975692749,G,2.247511386871338,G,3.7644119262695312,G,3.978597402572632,G,2.8266403675079346,Y,2.532768964767456,G,1.5190742015838623,G,1.5056928396224976,G,2.2634458541870117,G,3.7551462650299072
126,A,2.081374860945202,-,,S,1.7018177509307861,C,1.2602412700653076,P,1.3700587749481201,S,1.617363452911377,S,1.5578515529632568,S,1.2514879703521729,C,2.080432176589966,A,2.532414674758911,A,1.6681095361709595,C,6.138207912445068,-,,-,,H,1.6323105096817017,C,1.9524030685424805,R,3.4238779544830322,C,1.9667549133300781,S,1.5732024908065796,C,1.0670896768569946,K,1.7673267126083374,C,1.7395187616348267,C,1.69512939453125,R,3.4252185821533203,C,2.288054943084717
127,-,,-,,-,,-,,-,,-,,-,,-,,-,,-,,-,,-,,-,,-,,-,,-,,-,,-,,-,,-,,-,,-,,-,,-,,-,
128,-,,-,,-,,-,,-,,-,,-,,-,,-,,-,,-,,-,,-,,-,,-,,-,,-,,-,,-,,-,,-,,-,,-,,-,,-,
129,-,2.414985263889486,-,,T,2.7035391330718994,G,4.49976110458374,G,2.2990055084228516,G,0.9359450936317444,G,1.4683749675750732,G,1.701077938079834,G,1.6605794429779053,T,1.3887900114059448,T,1.4045031070709229,G,2.146763801574707,T,2.3171944618225098,-,,Q,1.9358359575271606,G,1.6449718475341797,G,1.8402159214019775,G,4.758016109466553,G,0.9250226020812988,G,2.452759265899658,S,2.5806915760040283,G,3.3558621406555176,G,3.8460421562194824,G,1.8898967504501343,G,5.374826908111572
130,-,1.8915390534834429,-,,N,1.5877196788787842,R,3.4122889041900635,R,1.3517495393753052,R,1.7966043949127197,R,1.7874839305877686,R,2.3307292461395264,R,1.3222599029541016,L,1.216877818107605,F,1.2563501596450806,R,1.8343250751495361,N,2.4162397384643555,-,,Q,2.110729694366455,R,1.1433089971542358,R,2.0556671619415283,R,1.8597854375839233,R,2.3282525539398193,R,1.508756399154663,P,3.0089972019195557,T,1.9305412769317627,T,2.033318519592285,R,2.0957722663879395,R,1.226101279258728
131,-,2.379155593258994,D,2.237936496734619,K,2.287763833999634,E,2.8536946773529053,-,,-,,-,,-,,E,2.2106525897979736,K,1.75625741481781,K,1.7928752899169922,-,,N,1.7800376415252686,-,,R,2.5728724002838135,-,,-,,E,1.5607779026031494,-,,E,2.152195692062378,E,1.422863245010376,K,4.689385890960693,K,4.923653602600098,-,,E,1.067211627960205
132,-,2.174269884824753,A,2.5457658767700195,N,1.5688934326171875,S,1.302600622177124,D,2.986299991607666,D,3.218317747116089,D,3.0007781982421875,D,3.0048720836639404,-,,T,2.014312744140625,T,2.1215944290161133,E,1.332480788230896,E,1.337168574333191,-,,T,1.2139450311660767,E,2.2506375312805176,E,2.4046921730041504,-,,D,3.2252321243286133,S,1.3101906776428223,K,1.504223108291626,S,2.3234217166900635,S,2.670001745223999,E,2.1499691009521484,-,
133,-,1.6355210873815749,G,1.6330883502960205,-,,-,,I,1.6917141675949097,I,1.423586368560791,I,1.5192855596542358,I,1.512166976928711,S,1.2624080181121826,-,,-,,S,2.2311816215515137,I,1.248489260673523,-,,D,1.439018726348877,S,1.3243398666381836,S,2.5475854873657227,S,1.3516680002212524,I,1.3753437995910645,-,,W,1.8547557592391968,I,1.560078740119934,I,1.4738283157348633,S,2.5695254802703857,S,1.42131507396698
134,E,2.2919148457677743,L,1.901729941368103,P,2.4358584880828857,T,2.5853707790374756,V,2.73844313621521,V,2.2916977405548096,V,2.2898852825164795,V,2.3134312629699707,V,1.5487202405929565,-,,-,,V,1.2892327308654785,D,3.095989227294922,-,,E,2.98494291305542,V,1.5267432928085327,G,1.4756683111190796,V,2.3519389629364014,V,2.3638339042663574,V,1.6140456199645996,T,3.6836206912994385,-,,-,,G,1.773053765296936,V,3.2821757793426514
135,-,1.6603217869997025,T,2.4112799167633057,K,2.3535289764404297,H,1.5834866762161255,C,1.1628718376159668,C,1.2111066579818726,C,1.2684634923934937,C,1.3008129596710205,V,1.0042662620544434,K,1.274699091911316,K,1.224424958229065,V,1.479363203048706,E,1.5860261917114258,N,1.2775758504867554,N,2.0609588623046875,V,1.001513957977295,V,2.157813549041748,V,1.4343568086624146,C,1.2073794603347778,V,2.3166115283966064,N,1.3324267864227295,I,2.47493314743042,I,2.914867877960205,V,2.1937551498413086,V,1.6151996850967407
136,-,2.114264885584513,L,1.7323812246322632,Y,1.7716522216796875,A,2.326462507247925,A,2.177748680114746,T,2.3501224517822266,T,2.300729751586914,T,2.1859419345855713,A,2.600830078125,K,4.237607479095459,K,4.358770847320557,T,1.2601133584976196,S,1.3258028030395508,N,2.2571704387664795,A,1.5017472505569458,A,2.635202169418335,T,1.5226415395736694,T,1.561208724975586,T,2.350100517272949,T,2.101475477218628,M,1.320603847503662,T,1.5686746835708618,T,1.5537409782409668,T,1.6149176359176636,T,2.1267106533050537
137,N,1.9076833079258602,T,2.0758914947509766,D,1.6861183643341064,D,2.330165386199951,D,1.3058829307556152,D,1.3154420852661133,D,1.314863920211792,D,1.3155661821365356,D,3.7941226959228516,D,2.2176854610443115,D,2.1932551860809326,D,2.6139254570007324,D,1.447351336479187,D,1.5170401334762573,D,3.0001354217529297,D,3.850425958633423,D,2.337228298187256,D,1.173673152923584,D,1.2846421003341675,D,1.3808599710464478,D,1.4391868114471436,N,1.3648452758789062,D,1.338310718536377,D,2.303244113922119,D,1.1845369338989258
138,L,2.2123971531788507,N,3.0774457454681396,L,2.486842155456543,L,2.77748703956604,L,2.1733837127685547,L,2.1683335304260254,L,2.1868083477020264,L,2.131983757019043,L,2.219285011291504,L,1.7785255908966064,L,1.6808277368545532,L,1.585432767868042,L,2.0628645420074463,L,2.774951696395874,L,2.5945212841033936,L,2.2171595096588135,L,1.6231814622879028,L,2.5931742191314697,L,2.140423536300659,L,2.38273024559021,L,2.2677228450775146,L,2.10593318939209,L,2.014861822128296,L,1.5819395780563354,L,2.471712350845337
139,Y,2.06623674929142,P,1.8632755279541016,Y,1.0432779788970947,N,1.2962565422058105,N,3.358121633529663,N,3.6609818935394287,N,3.6999576091766357,N,3.6643264293670654,N,1.2638113498687744,H,1.2346878051757812,H,1.2810783386230469,N,2.286954879760742,Y,3.80625057220459,Y,1.6680532693862915,Y,1.2367771863937378,N,1.2526029348373413,N,1.8505173921585083,N,1.4723293781280518,N,3.6087419986724854,N,1.868357539176941,N,1.725584626197815,N,1.5685327053070068,N,1.4557054042816162,N,1.936151385307312,N,1.4873476028442383
140,A,1.7382296820481618,N,1.2227215766906738,A,2.213470697402954,T,2.246727466583252,T,1.503126859664917,T,1.509093165397644,T,1.488176941871643,T,1.4537876844406128,S,1.3877036571502686,A,1.4408155679702759,A,1.4492559432983398,S,1.600831389427185,S,2.2352702617645264,F,2.1680567264556885,F,1.2543960809707642,S,1.3915903568267822,S,1.7242650985717773,S,2.06545352935791,T,1.521013855934143,S,1.109680414199829,L,1.9275720119476318,S,2.3539302349090576,S,2.6143152713775635,S,1.7312942743301392,S,2.1049633026123047
141,T,2.0350989202658334,D,1.6631981134414673,T,1.3974065780639648,T,1.507354736328125,T,2.413555383682251,T,2.4718070030212402,T,2.5437605381011963,T,2.4447479248046875,T,2.5730600357055664,V,1.862244725227356,V,1.772071361541748,T,2.3349812030792236,T,1.5563753843307495,T,1.5382002592086792,V,1.9203156232833862,T,2.5571601390838623,T,1.7287554740905762,T,1.4014670848846436,T,2.490896224975586,T,2.162044048309326,R,1.3299977779388428,T,2.9979171752929688,T,3.108943223953247,T,1.6833395957946777,T,1.3827744722366333
142,A,1.9742928842703502,L,1.8160361051559448,A,1.5007916688919067,A,1.7893017530441284,A,1.7762902975082397,A,1.7342519760131836,A,1.8876991271972656,A,1.83095383644104,A,1.793394923210144,A,1.402251958847046,A,1.4504175186157227,A,2.4338552951812744,A,2.1167619228363037,A,1.5322849750518799,A,1.4579768180847168,A,1.7452926635742188,A,2.877737522125244,A,3.4174110889434814,A,1.9510517120361328,A,2.2578675746917725,S,1.7942085266113281,A,2.2310519218444824,A,2.0955212116241455,A,2.9146928787231445,A,1.5759259462356567
143,L,1.7063553382953007,Y,3.1349592208862305,L,1.2358812093734741,L,1.2989763021469116,L,1.124135136604309,L,1.1317795515060425,L,1.159373164176941,L,1.0708656311035156,L,1.0886459350585938,L,1.8621914386749268,L,1.93669855594635,L,1.6138628721237183,L,1.5237762928009033,L,1.567399501800537,L,1.8524926900863647,L,1.1517868041992188,L,2.138744354248047,L,2.7035329341888428,L,1.145307183265686,L,2.362917900085449,L,1.4028606414794922,L,1.8948748111724854,L,1.7256407737731934,L,2.157672166824341,L,2.6681530475616455
144,K,1.9514643053213756,W,1.4063389301300049,E,1.5297907590866089,G,1.5792580842971802,G,1.4464629888534546,G,1.7934705018997192,G,1.778566598892212,G,1.8690816164016724,G,2.5839359760284424,Q,1.5556986331939697,Q,1.5628458261489868,G,1.0276505947113037,R,2.534330368041992,G,3.5203757286071777,G,2.8843936920166016,G,2.7751498222351074,G,1.2945526838302612,G,1.9946650266647339,G,1.736402988433838,G,3.4263556003570557,G,1.106892466545105,G,1.9588780403137207,G,1.9069997072219849,G,1.3005709648132324,G,2.2624757289886475
145,F,1.9989138692617416,M,2.5596203804016113,F,2.6173439025878906,F,2.26533842086792,F,1.1475839614868164,F,1.2027480602264404,F,1.2027159929275513,F,1.158701777458191,L,1.3561135530471802,F,2.3525450229644775,F,2.2920782566070557,L,2.486849308013916,F,4.289268970489502,F,2.018481492996216,F,2.281095027923584,F,1.260179042816162,L,2.933661460876465,L,1.185603141784668,F,1.246167540550232,L,1.9990304708480835,F,1.3743503093719482,F,2.3275296688079834,F,2.2051684856414795,L,2.9355387687683105,L,1.2762198448181152
146,R,1.9746554493904114,V,1.829432487487793,R,3.0229780673980713,R,1.7411153316497803,R,1.2047593593597412,R,1.525293231010437,R,1.4239439964294434,R,1.369886875152588,R,1.6522200107574463,R,2.6510210037231445,R,2.7584848403930664,R,2.8298745155334473,K,1.3380625247955322,R,1.6042590141296387,R,3.8443620204925537,R,1.7003997564315796,R,1.4356993436813354,R,1.976434588432312,R,1.3401951789855957,R,1.8893680572509766,R,2.9674837589263916,R,1.685632348060608,R,1.7983318567276,R,1.4071080684661865,R,2.3953845500946045
147,L,1.585379292567571,D,1.6280910968780518,L,1.5327280759811401,I,1.1391290426254272,V,1.6622073650360107,I,1.5912491083145142,I,1.7137783765792847,I,1.5562715530395508,T,1.2802987098693848,L,1.75540292263031,L,1.7576066255569458,T,1.1914483308792114,L,1.7322331666946411,I,1.2585294246673584,L,2.466298818588257,T,1.3587578535079956,T,1.7317631244659424,T,1.0690577030181885,I,1.71699059009552,T,1.432892918586731,L,1.8640360832214355,T,1.7114369869232178,T,1.86873459815979,T,1.7877833843231201,T,1.2423771619796753
148,L,1.903029625614484,F,1.738510012626648,L,1.7782460451126099,L,3.0004312992095947,L,2.192390203475952,L,2.240039348602295,L,2.253297805786133,L,2.3402578830718994,L,2.0258352756500244,L,2.0355231761932373,L,1.9406826496124268,L,1.454490065574646,L,1.3416301012039185,L,1.3387622833251953,F,1.374009609222412,L,1.9827662706375122,L,1.0638887882232666,L,1.4860005378723145,L,2.3761777877807617,L,2.8600189685821533,L,1.2787684202194214,L,2.1931943893432617,L,2.5259459018707275,L,1.1059398651123047,L,1.7459043264389038
149,R,2.2370842918753624,L,1.1159086227416992,R,2.7866017818450928,R,0.9994522929191589,R,2.418473720550537,R,3.5792057514190674,R,3.1137216091156006,R,3.394969940185547,R,3.4168200492858887,R,1.608375072479248,R,1.6261835098266602,R,2.371206521987915,R,1.422678828239441,R,2.537310838699341,R,1.8412772417068481,R,3.3449981212615967,R,2.5551486015319824,R,1.758973240852356,R,2.9573073387145996,R,2.2366156578063965,R,1.5886412858963013,R,1.5831997394561768,R,1.3944381475448608,R,2.4441978931427,R,1.5943171977996826
150,Q,2.539419785141945,K,1.950752854347229,E,2.741856336593628,L,1.5655518770217896,L,2.2465715408325195,L,2.1803057193756104,L,2.5208816528320312,L,2.5812041759490967,L,3.6106815338134766,Q,1.7037148475646973,Q,1.581447958946228,L,3.9862418174743652,Q,2.3762848377227783,Q,1.4976723194122314,Q,2.71878981590271,L,3.6384434700012207,L,4.432962417602539,L,2.4674625396728516,L,2.222717523574829,L,1.6553614139556885,Q,3.392486572265625,L,1.4743543863296509,L,1.6965872049331665,L,4.504499912261963,L,2.199242115020752
151,H,1.8096962223450344,E,2.2519750595092773,Y,1.2529735565185547,H,1.3813050985336304,H,1.246185302734375,H,1.2340097427368164,H,1.2432039976119995,H,1.2607629299163818,H,1.7641719579696655,H,1.405879259109497,H,1.4147462844848633,H,2.9271440505981445,Y,2.4339566230773926,H,1.3265960216522217,H,1.897025227546692,H,1.7157492637634277,H,2.0563902854919434,H,3.090214252471924,H,1.134533166885376,H,2.137530565261841,H,1.386185646057129,H,1.8994919061660767,H,1.8366403579711914,H,2.118699789047241,H,3.017338991165161
152,G,1.7677763650814693,K,2.141070604324341,G,1.744579553604126,R,2.205714225769043,G,1.10866379737854,G,1.0664194822311401,G,1.062941074371338,G,1.0447603464126587,G,1.0370694398880005,G,1.3808001279830933,G,1.3759024143218994,G,1.6247555017471313,D,1.4104082584381104,G,2.017463445663452,G,1.8320859670639038,G,1.0617789030075073,G,1.9817893505096436,G,3.273638963699341,G,1.0030772686004639,G,1.9913071393966675,G,1.2845112085342407,G,2.6560659408569336,G,2.6701881885528564,G,1.9688353538513184,G,3.4828062057495117
153,Y,2.0696386098861694,-,,Y,2.306408643722534,Y,3.9411580562591553,Y,2.3057124614715576,Y,3.251375198364258,Y,2.4163320064544678,Y,2.4155232906341553,Y,2.5679399967193604,Y,1.3658967018127441,Y,1.3679815530776978,Y,1.0594233274459839,F,1.2654386758804321,F,2.3819172382354736,F,2.1210246086120605,Y,2.552860975265503,Y,0.9857311248779297,Y,1.8390871286392212,Y,2.3294332027435303,Y,1.7868386507034302,Y,1.4286706447601318,Y,2.485275983810425,Y,2.5953290462493896,Y,1.0186766386032104,Y,1.8136528730392456
154,S,2.195523500442505,-,,A,1.4244731664657593,S,2.243973731994629,T,1.8175987005233765,T,1.7233799695968628,T,2.2573904991149902,T,2.2732059955596924,A,2.0705456733703613,E,4.500341892242432,E,4.489113807678223,P,2.3539021015167236,S,1.1630860567092896,N,2.827299118041992,K,1.4513720273971558,A,2.052560329437256,T,2.8620924949645996,D,1.0020346641540527,T,2.459669589996338,T,1.1999436616897583,H,1.411195158958435,P,2.4799306392669678,P,2.606550693511963,T,2.7623770236968994,D,1.065003514289856
155,V,2.0201916901961616,-,,I,1.3198398351669312,V,2.0718071460723877,V,1.9276423454284668,V,2.120680809020996,V,3.055816650390625,V,2.964083433151245,V,1.4734468460083008,V,1.0305376052856445,V,1.0229941606521606,V,2.6035003662109375,V,2.5822794437408447,V,1.6523784399032593,V,1.4785363674163818,V,1.4593451023101807,V,2.0311198234558105,V,2.652522325515747,V,1.9007498025894165,V,2.260756492614746,I,2.439208745956421,V,1.9678561687469482,V,1.8657808303833008,V,1.967034101486206,V,2.6164920330047607
156,S,1.846959808598394,-,,P,1.9618749618530273,S,1.2396906614303589,F,3.126621961593628,F,2.2973790168762207,F,1.819791316986084,F,1.8777893781661987,S,2.2297046184539795,S,1.4821780920028687,S,1.5238827466964722,S,1.805472493171692,S,1.1164246797561646,S,2.409855365753174,S,1.381897211074829,S,2.2840611934661865,S,1.6400188207626343,S,1.9958059787750244,F,2.690631866455078,S,1.6325666904449463,P,1.171147108078003,S,1.5404648780822754,S,1.5013209581375122,S,1.662198781967163,S,2.089296817779541
157,Q,,-,,-,,-,,-,,-,,-,,-,,-,,-,,-,,-,,-,,-,,-,,-,,-,,-,,-,,-,,-,,-,,-,,-,,-,
158,-,2.085452167884163,-,,Q,4.068724632263184,S,3.5569710731506348,P,2.0599300861358643,P,2.310108184814453,P,1.7147412300109863,P,1.733960509300232,A,1.9554438591003418,P,1.4452911615371704,P,1.466018795967102,S,1.9663656949996948,Q,1.0568914413452148,E,2.337235927581787,Q,2.115664005279541,A,1.9957767724990845,S,2.4344024658203125,A,1.4981706142425537,P,1.7168357372283936,S,1.1228888034820557,Q,2.0857627391815186,A,2.7324435710906982,A,2.947819948196411,S,2.1354801654815674,A,1.5084724426269531
159,-,,-,,-,,-,,-,,-,,-,,-,,-,,-,,-,,-,,-,,-,,-,,-,,-,,-,,-,,-,,-,,-,,-,,-,,-,
160,E,2.0780330533566684,-,,E,1.6547949314117432,D,1.3777318000793457,D,2.100008010864258,D,3.4780280590057373,D,1.7902700901031494,D,1.789034366607666,D,2.2657251358032227,D,1.6260188817977905,D,1.6904231309890747,D,1.9407367706298828,E,1.9378794431686401,D,1.684725046157837,E,2.127689838409424,D,2.310636281967163,H,1.951316237449646,D,2.3739013671875,D,1.783151388168335,D,2.6670942306518555,E,1.8351589441299438,D,2.732438087463379,D,2.398209571838379,H,1.9741038084030151,E,2.305684804916382
161,V,1.8181563665469487,Y,2.1169939041137695,I,1.3970743417739868,V,1.5265272855758667,V,1.3512715101242065,V,1.4144456386566162,V,1.3291875123977661,V,1.3588173389434814,V,1.292371153831482,A,1.9759565591812134,A,2.0211572647094727,V,1.730804443359375,V,4.524235248565674,V,1.7993388175964355,V,1.6969335079193115,V,1.2965068817138672,V,2.264986276626587,V,1.945184588432312,V,1.2135854959487915,V,3.0439910888671875,I,1.3703324794769287,V,1.5681827068328857,V,1.586988091468811,V,1.848799228668213,V,1.9620814323425293
162,F,2.0430235316356025,Y,3.6516616344451904,F,3.2103030681610107,L,2.004293203353882,F,1.7864360809326172,F,1.9544239044189453,F,2.4048032760620117,F,2.226094961166382,L,1.5079702138900757,F,1.758526086807251,F,1.5982556343078613,F,1.2184953689575195,F,1.3060170412063599,F,1.1345176696777344,F,1.271754264831543,L,1.5189270973205566,L,1.3222424983978271,L,2.4320974349975586,F,2.6730711460113525,L,2.2814314365386963,F,3.732372999191284,L,2.2948427200317383,L,2.226968765258789,L,1.1547106504440308,L,2.3623476028442383
163,N,1.6197956254084904,D,1.2443019151687622,N,1.7165887355804443,Q,1.8327094316482544,E,1.5979583263397217,E,1.5176748037338257,E,1.8121657371520996,E,1.793876051902771,N,1.5151417255401611,H,1.9466331005096436,H,1.8872828483581543,K,1.4628658294677734,D,1.3974136114120483,D,1.4536938667297363,D,1.233328938484192,N,1.504879355430603,D,1.4668240547180176,N,1.2983430624008179,E,1.463590383529663,N,1.2932045459747314,K,1.5759127140045166,K,2.3243579864501953,K,1.7993640899658203,D,2.422794818878174,N,1.314189076423645
164,S,2.0804635932048163,N,2.063810348510742,D,3.0816855430603027,Q,2.4692084789276123,Q,1.4139173030853271,H,1.3390737771987915,H,1.5903397798538208,H,1.6136106252670288,L,1.3688411712646484,E,5.144586563110352,K,5.235197067260742,A,1.7348945140838623,C,3.226019859313965,C,2.2461721897125244,C,2.5643656253814697,L,1.369041085243225,H,1.6391009092330933,H,1.4947712421417236,H,1.3246190547943115,V,1.3407553434371948,D,1.5140559673309326,H,1.4623478651046753,H,1.692122220993042,H,1.57870352268219,H,1.4238861799240112
165,F,1.8981302827596664,G,1.6772503852844238,F,1.0678513050079346,F,1.1659269332885742,F,2.353647470474243,L,1.3554131984710693,F,1.7747164964675903,F,1.8807671070098877,F,2.308473587036133,F,1.869741439819336,F,1.9278314113616943,F,1.575236201286316,F,3.03755259513855,F,1.1537718772888184,F,3.777223825454712,F,2.2986161708831787,F,1.4368737936019897,F,1.5779836177825928,F,1.8305610418319702,F,2.8610072135925293,F,3.2017483711242676,F,1.2287026643753052,F,1.1981971263885498,F,1.397294044494629,F,1.5987389087677002
166,K,1.7503212342659633,D,2.509666919708252,K,1.8341169357299805,V,2.642652988433838,K,1.8226103782653809,K,1.645154356956482,K,1.6037893295288086,K,1.6189441680908203,K,1.551051139831543,K,1.605590581893921,K,1.7460154294967651,K,1.889444351196289,K,1.2553073167800903,K,2.30234432220459,K,1.3038281202316284,K,1.5456496477127075,K,2.2786707878112793,K,1.3549690246582031,K,1.5735318660736084,K,1.3542934656143188,I,1.3136605024337769,R,1.9048848152160645,R,1.9340736865997314,K,2.030336856842041,K,1.387122631072998
167,-,,-,,-,,-,,-,,-,,-,,-,,-,,-,,-,,-,,-,,-,,-,,-,,-,,-,,-,,-,,-,,-,,-,,-,,-,
168,D,1.8619366940997897,Y,1.3145709037780762,D,1.4553836584091187,L,1.8774889707565308,D,2.0839974880218506,D,1.890810251235962,D,1.8785234689712524,D,1.8731446266174316,D,2.4265358448028564,-,,-,,G,1.5639421939849854,N,1.3045021295547485,I,1.8574672937393188,N,2.172253370285034,D,2.3709347248077393,N,1.3014092445373535,N,1.7834930419921875,D,2.1315340995788574,D,3.119284152984619,-,,N,1.8692376613616943,N,1.6790049076080322,N,1.3366262912750244,N,1.8105262517929077
169,-,,-,,-,,-,,-,,-,,-,,-,,-,,-,,-,,-,,-,,-,,-,,-,,-,,-,,-,,-,,-,,-,,-,,-,,-,
170,-,1.7295502764838082,-,,E,1.196730613708496,-,,-,,-,,-,,-,,-,,D,1.4935181140899658,D,1.7150555849075317,-,,D,1.4928691387176514,E,2.267939805984497,E,2.4167184829711914,-,,-,,-,,-,,-,,D,1.5240201950073242,-,,-,,-,,-,
171,E,1.702407029767831,Y,1.9482907056808472,T,2.8007545471191406,R,1.228398323059082,Q,1.4447563886642456,Q,1.6755543947219849,Q,1.7255167961120605,Q,1.7552330493927002,Q,0.9812384843826294,E,1.5347164869308472,E,1.5458853244781494,Q,2.3638253211975098,K,1.3376866579055786,K,1.96743643283844,E,1.7691117525100708,Q,0.9754571318626404,E,2.477846384048462,Q,1.534911870956421,Q,2.167222499847412,K,1.4715330600738525,V,1.80934739112854,Q,1.2245104312896729,Q,1.1821024417877197,E,2.4363222122192383,Q,1.5001106262207031
172,R,1.9817570862562761,Y,1.575730323791504,-,,D,1.3382612466812134,M,1.049092411994934,M,1.4872736930847168,M,1.4249805212020874,M,1.4251116514205933,N,2.098588228225708,K,1.4390506744384766,K,1.2687196731567383,N,3.508169651031494,G,1.6924272775650024,C,2.1895909309387207,G,1.8156859874725342,N,2.0895891189575195,K,3.366999626159668,S,2.397937297821045,M,1.393216848373413,N,2.1518185138702393,N,1.8897035121917725,I,2.2100651264190674,I,2.1513054370880127,K,3.2706356048583984,S,2.3464596271514893
173,G,2.0000736167033515,P,2.3577170372009277,G,1.4741699695587158,G,2.1128361225128174,G,1.2347261905670166,G,1.4096969366073608,G,1.589307427406311,G,1.3933573961257935,G,2.174779176712036,G,2.2275712490081787,G,2.200810432434082,G,1.798240065574646,T,1.1163358688354492,S,2.076916217803955,S,1.9648548364639282,G,2.3742153644561768,G,1.8907803297042847,G,3.6810123920440674,G,1.874127984046936,G,1.1142115592956543,G,3.179481267929077,G,1.619555115699768,G,1.5180695056915283,G,1.8403981924057007,G,3.7785961627960205
174,S,2.599284956852595,I,1.7654619216918945,K,3.6069042682647705,P,2.2493960857391357,R,4.232123851776123,R,4.374054431915283,R,3.9848833084106445,R,4.034479141235352,Q,5.011168479919434,G,1.3478153944015503,G,1.5000888109207153,Q,1.5346659421920776,D,1.6502548456192017,D,1.7836335897445679,D,1.909529685974121,Q,5.083878040313721,Q,2.054150342941284,Q,1.358821988105774,R,3.2653231620788574,Q,2.133599281311035,N,1.2029900550842285,Q,2.5478944778442383,Q,2.4878532886505127,Q,1.9429419040679932,Q,1.3209266662597656
175,F,1.8271960074251348,K,1.7761257886886597,F,1.537800908088684,F,1.485011339187622,I,2.0188465118408203,I,1.1495814323425293,I,1.128861427307129,I,1.163946509361267,F,1.3600867986679077,F,2.3155901432037354,F,2.7916643619537354,F,2.8112950325012207,F,1.5273164510726929,F,1.2686415910720825,F,1.5179827213287354,F,1.4448660612106323,F,2.062326669692993,F,1.9452581405639648,I,0.9332151412963867,F,3.073716640472412,F,2.7679479122161865,-,,-,,F,2.0682809352874756,F,2.0499496459960938
176,-,,-,,-,,-,,-,,-,,-,,-,,-,,-,,-,,-,,-,,-,,-,,-,,-,,-,,-,,-,,-,,-,,-,,-,,-,
177,K,2.597712983255801,T,3.92931866645813,K,2.555159330368042,L,1.5517929792404175,A,1.9618816375732422,A,3.287975788116455,A,3.620303153991699,A,3.8591580390930176,A,3.856916666030884,K,2.4365055561065674,K,1.262681007385254,S,1.040978193283081,K,2.436948537826538,N,1.5134313106536865,I,1.4366908073425293,A,4.216683387756348,T,2.581880569458008,A,3.1096324920654297,A,2.060396194458008,S,1.6186531782150269,-,,F,2.659902572631836,F,2.868290424346924,T,2.842555046081543,A,3.039663076400757
178,A,2.0284338281268166,V,1.6661431789398193,A,2.5535871982574463,D,1.8018215894699097,-,,C,1.691732406616211,-,,C,1.66386079788208,C,1.129211187362671,E,2.1899545192718506,E,2.587714433670044,C,3.0039939880371094,P,2.699004650115967,A,1.9654808044433594,P,1.434385061264038,C,1.560778021812439,C,3.839465379714966,C,1.3587068319320679,C,1.1473840475082397,S,1.3068864345550537,-,,V,2.0246315002441406,V,1.789490818977356,W,3.809699535369873,C,1.3731780052185059
179,C,2.360710024833679,-,,S,2.9018187522888184,S,2.4954447746276855,C,1.2648223638534546,-,,C,1.802345871925354,-,,S,1.1284557580947876,S,3.287435531616211,S,3.185159206390381,S,2.248042583465576,-,,-,,-,,S,1.5308672189712524,-,,T,3.6981260776519775,-,,T,1.650669813156128,-,,S,2.1218316555023193,S,2.0674638748168945,-,,T,3.667456865310669
180,L,2.387134699594407,-,,I,1.1739453077316284,N,1.7586925029754639,S,3.0599329471588135,S,3.6657674312591553,S,2.633444309234619,S,2.723365545272827,P,1.772860050201416,L,2.3127493858337402,L,2.304551601409912,E,3.248765707015991,S,1.399949550628662,N,3.560577392578125,N,1.4620671272277832,-,,S,1.2824881076812744,L,1.3208749294281006,S,2.3153648376464844,A,5.240497589111328,-,,C,1.6717119216918945,C,4.591361045837402,S,1.3437727689743042,L,1.2870886325836182
181,C,1.9713019189380465,C,1.19294011592865,K,2.984593152999878,N,2.925950288772583,A,2.926129102706909,A,2.018101215362549,A,1.94612455368042,A,1.9972903728485107,S,1.5840699672698975,-,,-,,N,1.6853314638137817,L,1.735959529876709,L,1.374750018119812,L,2.1139442920684814,P,1.4627249240875244,A,1.2678661346435547,K,2.7529499530792236,D,2.6785624027252197,N,1.87229323387146,-,,P,1.4258736371994019,P,1.3184287548065186,A,1.2759761810302734,K,2.857481002807617
182,E,2.243492772181829,D,1.6192461252212524,N,2.1288022994995117,Q,3.3150134086608887,N,4.046936988830566,N,1.8303542137145996,N,2.439628839492798,N,2.250886917114258,Q,1.8094346523284912,C,1.8368011713027954,C,1.5014947652816772,I,1.3365062475204468,V,4.008818626403809,A,2.0840351581573486,A,1.051501989364624,S,1.6231176853179932,I,1.8495687246322632,Q,1.2951488494873047,N,2.450336217880249,I,1.5432850122451782,K,2.202918767929077,S,4.613181114196777,S,3.864363193511963,I,1.810909390449524,Q,1.3315361738204956
183,-,1.5002862215042114,-,,-,,-,,Q,1.2491986751556396,H,1.334286093711853,H,1.145035982131958,H,1.035764455795288,-,,-,,-,,Q,1.099643588066101,-,,-,,-,,Q,2.0428709983825684,Q,1.9115996360778809,-,,H,1.7018135786056519,-,,-,,-,,-,,Q,1.982362985610962,-,
184,-,,-,,-,,-,,-,,-,,-,,-,,-,,-,,-,,-,,-,,-,,-,,-,,-,,-,,-,,-,,-,,-,,-,,-,,-,
185,-,,-,,-,,-,,-,,-,,-,,-,,-,,-,,-,,-,,-,,-,,-,,-,,-,,-,,-,,-,,-,,-,,-,,-,,-,
186,-,,-,,-,,-,,-,,-,,-,,-,,-,,-,,-,,-,,-,,-,,-,,-,,-,,-,,-,,-,,-,,-,,-,,-,,-,
187,-,,-,,-,,-,,-,,-,,-,,-,,-,,-,,-,,-,,-,,-,,-,,-,,-,,-,,-,,-,,-,,-,,-,,-,,-,
188,-,,-,,-,,-,,-,,-,,-,,-,,-,,-,,-,,-,,-,,-,,-,,-,,-,,-,,-,,-,,-,,-,,-,,-,,-,
189,-,,-,,-,,-,,-,,-,,-,,-,,-,,-,,-,,-,,-,,-,,-,,-,,-,,-,,-,,-,,-,,-,,-,,-,,-,
190,-,,-,,-,,-,,-,,-,,-,,-,,-,,-,,-,,-,,-,,-,,-,,-,,-,,-,,-,,-,,-,,-,,-,,-,,-,
191,-,,-,,-,,-,,-,,-,,-,,-,,-,,-,,-,,-,,-,,-,,-,,-,,-,,-,,-,,-,,-,,-,,-,,-,,-,
192,-,,-,,-,,-,,-,,-,,-,,-,,-,,-,,-,,-,,-,,-,,-,,-,,-,,-,,-,,-,,-,,-,,-,,-,,-,
193,-,,-,,-,,-,,-,,-,,-,,-,,-,,-,,-,,-,,-,,-,,-,,-,,-,,-,,-,,-,,-,,-,,-,,-,,-,
194,-,,-,,-,,-,,-,,-,,-,,-,,-,,-,,-,,-,,-,,-,,-,,-,,-,,-,,-,,-,,-,,-,,-,,-,,-,
195,-,,-,,-,,-,,-,,-,,-,,-,,-,,-,,-,,-,,-,,-,,-,,-,,-,,-,,-,,-,,-,,-,,-,,-,,-,
196,-,,-,,-,,-,,-,,-,,-,,-,,-,,-,,-,,-,,-,,-,,-,,-,,-,,-,,-,,-,,-,,-,,-,,-,,-,
197,-,,-,,-,,-,,-,,-,,-,,-,,-,,-,,-,,-,,-,,-,,-,,-,,-,,-,,-,,-,,-,,-,,-,,-,,-,
198,-,,-,,-,,-,,-,,-,,-,,-,,-,,-,,-,,-,,-,,-,,-,,-,,-,,-,,-,,-,,-,,-,,-,,-,,-,
199,-,,-,,-,,-,,-,,-,,-,,-,,-,,-,,-,,-,,-,,-,,-,,-,,-,,-,,-,,-,,-,,-,,-,,-,,-,
200,-,,-,,-,,-,,-,,-,,-,,-,,-,,-,,-,,-,,-,,-,,-,,-,,-,,-,,-,,-,,-,,-,,-,,-,,-,
201,-,1.5262079954147338,G,2.2713732719421387,-,,P,1.2186541557312012,-,,-,,-,,-,,-,,-,,-,,-,,-,,-,,-,,-,,-,,-,,-,,Q,1.1867008209228516,-,,E,1.3985092639923096,E,1.5558024644851685,-,,-,
202,-,1.6319929782082052,E,2.105862617492676,-,,N,1.0438483953475952,T,1.6523356437683105,T,1.491532325744629,T,1.5726072788238525,T,1.6294729709625244,T,1.3150408267974854,-,,-,,T,2.239083766937256,-,,-,,-,,T,1.485971212387085,T,1.7779934406280518,T,1.556174397468567,T,1.5563305616378784,I,1.6918840408325195,-,,T,1.5597589015960693,T,1.3421528339385986,T,1.9188501834869385,T,1.8049812316894531
203,-,1.8196999185225542,S,3.212326765060425,-,,E,1.2915570735931396,E,1.4196064472198486,E,1.9587050676345825,E,1.967254400253296,E,2.03116512298584,E,1.019941806793213,-,,-,,D,1.5646796226501465,-,,-,,-,,E,1.5492660999298096,E,1.3202537298202515,E,1.8020942211151123,E,2.705667495727539,E,1.8324570655822754,-,,E,2.131042957305908,E,2.1634652614593506,E,1.4484831094741821,E,1.5169323682785034
204,-,2.1110535264015198,I,5.595829010009766,D,3.1258020401000977,D,2.5221738815307617,R,1.274540662765503,R,3.0975048542022705,R,2.8866617679595947,R,2.930609703063965,E,2.1274819374084473,M,1.3132576942443848,M,1.3935208320617676,E,3.1689453125,D,1.2219491004943848,Q,1.927849531173706,E,1.9179505109786987,E,1.5621631145477295,G,1.6687700748443604,D,1.8818401098251343,R,1.3780128955841064,G,1.5632447004318237,G,1.0659316778182983,E,2.095106601715088,E,1.6133631467819214,G,1.1429861783981323,D,2.189789295196533
205,D,1.6161653796831768,D,1.15618097782135,D,1.6674307584762573,D,1.4177443981170654,Q,1.1808480024337769,Q,1.1190195083618164,Q,1.1143534183502197,Q,1.1253246068954468,E,4.119790077209473,D,1.5209718942642212,D,1.7588659524917603,E,1.2218987941741943,D,1.7284427881240845,D,2.1914100646972656,D,1.4955792427062988,E,1.3570609092712402,E,2.413726806640625,Q,1.2342878580093384,Q,1.3454477787017822,E,1.375563383102417,D,1.9798532724380493,D,1.0674060583114624,D,1.3083206415176392,E,2.755736827850342,Q,1.1327050924301147
206,T,2.191951980193456,V,3.0577616691589355,I,1.119692087173462,I,1.3891068696975708,I,2.4579243659973145,I,3.346637487411499,I,3.359553337097168,I,3.3182625770568848,I,2.5657010078430176,I,1.533613681793213,I,1.7768876552581787,I,2.9927735328674316,T,2.012261390686035,T,1.2762292623519897,T,1.9102025032043457,I,2.980804681777954,I,1.6379133462905884,I,1.6201839447021484,I,2.4248993396759033,I,2.192950487136841,I,1.466097116470337,I,3.2370972633361816,I,1.672542929649353,I,1.7211626768112183,I,1.5365883111953735
207,K,2.0098429659138555,-,,K,1.6815398931503296,K,1.0800487995147705,S,2.175335168838501,S,2.060304641723633,S,2.2042877674102783,S,2.2186827659606934,G,1.847907543182373,K,1.2669798135757446,K,1.4409222602844238,R,2.021237850189209,R,1.7351540327072144,K,2.5438499450683594,K,1.7826093435287476,R,2.3087615966796875,R,3.244013547897339,R,1.6312681436538696,S,2.4160289764404297,R,2.6119558811187744,I,2.3370790481567383,R,1.275311827659607,R,1.5366297960281372,R,3.181213855743408,R,1.6252657175064087
208,G,2.3898962010508,-,,G,2.4106154441833496,N,2.160799026489258,S,1.2370967864990234,S,1.2850584983825684,S,1.3018860816955566,S,1.3211994171142578,S,4.696628570556641,G,1.5007102489471436,G,1.5162698030471802,G,5.631102561950684,G,1.6810545921325684,G,1.9793866872787476,G,2.4909725189208984,S,4.541177272796631,D,3.166402816772461,T,3.5809404850006104,S,1.3471293449401855,G,1.565611720085144,S,2.0875232219696045,S,1.0711522102355957,S,1.854203701019287,D,3.2319750785827637,T,3.3087165355682373
209,M,2.15461163935454,-,,V,1.4408957958221436,I,1.9982191324234009,I,1.5801790952682495,I,2.163708448410034,I,2.244117021560669,I,2.2068891525268555,V,1.9566621780395508,M,1.7361704111099243,M,1.732482671737671,V,1.962129831314087,L,3.529806613922119,M,4.418865203857422,L,1.9816151857376099,V,2.0354840755462646,V,1.5023173093795776,V,2.9538092613220215,I,1.7095946073532104,V,1.2729142904281616,M,1.8598157167434692,I,2.0727920532226562,M,2.4943010807037354,V,1.5423047542572021,V,3.160993814468384
210,L,1.9427574717480203,-,,L,1.288365364074707,L,1.7010693550109863,L,1.6867852210998535,L,1.424412727355957,L,1.4093421697616577,L,1.4177141189575195,L,1.2024844884872437,L,2.15993070602417,L,2.102412223815918,L,1.1533833742141724,L,2.539466142654419,L,1.1234816312789917,L,6.161227226257324,L,1.3202463388442993,L,1.9323605298995972,L,1.6420241594314575,L,1.731671929359436,L,1.4607508182525635,L,3.2880501747131348,V,1.7242629528045654,V,2.422572374343872,L,2.038281202316284,L,1.753126621246338
211,S,1.582359294096629,K,3.1469786167144775,A,1.3025782108306885,N,1.0107982158660889,N,1.3228662014007568,N,1.2270435094833374,N,1.0769211053848267,N,1.0874783992767334,N,1.1646312475204468,C,1.6419782638549805,S,1.8583393096923828,N,1.024064540863037,Q,1.4426261186599731,Q,1.4376615285873413,Q,1.435222864151001,N,1.2001533508300781,N,1.6214962005615234,N,1.901019811630249,N,1.1881859302520752,N,3.058159112930298,N,2.774951457977295,N,0.9040288925170898,N,1.5212653875350952,N,1.6338456869125366,N,1.9943290948867798
212,L,1.9874369005362194,F,1.390614628791809,L,3.1223816871643066,L,1.6611882448196411,L,2.8044965267181396,L,2.8384149074554443,L,2.875746965408325,L,2.8657727241516113,L,1.6689070463180542,L,1.4043543338775635,L,1.4792466163635254,L,2.9549038410186768,L,1.7351511716842651,L,2.191676378250122,L,1.6760143041610718,L,1.7831237316131592,L,1.049781322479248,L,1.8243460655212402,L,2.695256233215332,L,2.143402576446533,L,1.0052894353866577,L,2.6464030742645264,L,1.042747974395752,L,1.0906517505645752,L,1.7486140727996826
213,Y,2.4069379841287932,Y,2.452326774597168,Y,1.294893741607666,F,3.3846325874328613,F,2.3051953315734863,F,2.039381504058838,F,2.250819444656372,F,2.1537935733795166,Y,2.8211374282836914,Y,4.517658233642578,Y,4.08064603805542,F,1.8884673118591309,Y,1.9144467115402222,Y,1.7583564519882202,Y,2.000275135040283,Y,3.154022693634033,F,2.4444618225097656,Y,0.9839165806770325,F,2.406244993209839,F,1.784394383430481,Y,3.5134902000427246,Y,3.7296576499938965,Y,1.5443869829177856,F,2.383634567260742,Y,0.9602714776992798
214,E,1.9039970189332962,C,1.9044196605682373,E,1.8743711709976196,R,1.7407292127609253,R,1.4895563125610352,R,1.5946862697601318,R,1.6293483972549438,R,1.6307542324066162,R,1.4831738471984863,E,1.4979959726333618,E,1.5952649116516113,R,1.4785412549972534,E,2.191164255142212,E,1.8637853860855103,E,2.116908550262451,R,1.4615154266357422,R,2.9053232669830322,R,2.193253993988037,R,1.6913957595825195,R,1.8034236431121826,E,1.6646069288253784,R,1.4592475891113281,R,3.462658405303955,R,2.8945071697235107,R,2.0692968368530273
215,A,1.5063632652163506,P,2.00764799118042,A,1.6274943351745605,G,1.2824515104293823,A,0.9548167586326599,A,0.9943070411682129,A,1.0081557035446167,A,1.0001990795135498,A,1.0456923246383667,A,1.4557015895843506,A,1.684464454650879,A,1.051154613494873,A,1.629953145980835,A,1.5177299976348877,A,0.7543021440505981,A,1.0344957113265991,A,1.5124036073684692,A,2.589887857437134,A,1.0717395544052124,A,2.3798747062683105,A,2.6479663848876953,A,0.8875820636749268,A,1.6404201984405518,A,1.5390715599060059,A,2.8352060317993164
216,S,1.6670116931200027,F,1.6766505241394043,S,2.117443084716797,S,1.3867557048797607,S,1.8806164264678955,S,1.976596474647522,S,1.949301838874817,S,1.9217753410339355,S,1.4445515871047974,S,2.178201675415039,S,2.171220302581787,S,1.1978968381881714,S,1.2972782850265503,S,1.593220591545105,S,1.3019301891326904,S,1.507642149925232,S,1.063254952430725,S,1.396251916885376,S,2.1789603233337402,S,2.2901549339294434,S,2.5881946086883545,S,1.333091378211975,S,1.0175443887710571,S,1.0562446117401123,S,1.4835025072097778
217,F,1.9625265548626583,E,2.3961572647094727,F,2.0429859161376953,L,1.6600053310394287,L,1.9199858903884888,L,2.246514081954956,L,2.316084384918213,L,2.36042857170105,L,3.04648494720459,H,1.421473503112793,H,1.7484813928604126,L,2.9917938709259033,F,1.5942100286483765,F,1.6367156505584717,Y,1.787908911705017,L,2.8652427196502686,L,1.6151906251907349,L,1.0124585628509521,L,2.1905179023742676,L,2.184784412384033,Y,1.3382855653762817,L,2.125009775161743,L,1.9264264106750488,L,1.6102665662765503,L,1.0632250308990479
218,F,1.7161510189374287,P,1.5056703090667725,Y,1.6573460102081299,I,2.5886361598968506,I,1.0738892555236816,I,1.2211135625839233,I,1.2167065143585205,I,1.2383110523223877,I,1.5050048828125,L,1.9522998332977295,L,2.264594316482544,I,1.2537500858306885,L,2.8494577407836914,L,1.2069528102874756,L,3.306760311126709,I,1.4550368785858154,I,2.4552741050720215,I,1.5411248207092285,I,1.200278878211975,V,0.9967546463012695,H,1.3905586004257202,I,1.1591157913208008,I,2.172808885574341,I,2.3685545921325684,I,1.6076244115829468
219,L,2.2092509095867476,S,1.4646079540252686,V,1.8658649921417236,A,2.3530502319335938,A,3.5407958030700684,A,3.3365955352783203,A,3.3490383625030518,A,3.563251256942749,A,1.0815627574920654,S,1.8804492950439453,S,1.9491971731185913,A,0.9197692275047302,S,1.4024351835250854,L,4.201376914978027,V,1.3184863328933716,A,1.0878210067749023,A,1.6404269933700562,A,2.757453441619873,A,3.35300612449646,A,1.4355599880218506,S,1.508232831954956,A,3.3819525241851807,A,1.213391661643982,A,1.6222562789916992,A,2.7954399585723877
220,-,1.6385710665157862,L,1.617303490638733,-,,F,1.191593050956726,F,1.976884365081787,F,1.4719024896621704,F,1.4154716730117798,F,1.4417693614959717,-,,-,,-,,F,1.7174592018127441,-,,-,,-,,F,1.868940830230713,F,1.132016897201538,-,,F,1.4400790929794312,F,1.5533339977264404,-,,F,1.4734773635864258,F,3.4356017112731934,F,1.2041614055633545,-,
221,-,,-,,-,,-,,-,,-,,-,,-,,-,,-,,-,,-,,-,,-,,-,,-,,-,,-,,-,,-,,-,,-,,-,,-,,-,
222,I,1.7241148522921972,-,,K,3.149348258972168,P,1.4717155694961548,-,,-,,-,,-,,F,1.8947796821594238,F,1.1762158870697021,F,1.5354511737823486,-,,A,2.064457893371582,R,1.730546474456787,R,1.5076262950897217,-,,-,,F,1.5159029960632324,-,,P,1.3478668928146362,V,1.2598638534545898,P,2.330059289932251,P,1.6059986352920532,-,,F,1.5477750301361084
223,E,2.1464746249349496,-,,N,1.2764675617218018,-,,P,2.1990954875946045,P,2.4584157466888428,P,2.565091609954834,P,2.3711936473846436,P,2.4732062816619873,Q,1.148176908493042,Q,1.2802979946136475,P,3.133104085922241,Q,1.4328255653381348,E,2.490086555480957,Q,2.175083637237549,P,2.5977203845977783,P,1.939509630203247,P,1.2142058610916138,P,2.3418819904327393,-,,E,4.61049222946167,-,,-,,P,1.8638567924499512,P,1.2123059034347534
224,-,,-,,-,,-,,-,,-,,-,,-,,-,,-,,-,,-,,-,,-,,-,,-,,-,,-,,-,,-,,-,,-,,-,,-,,-,
225,-,,-,,-,,-,,-,,-,,-,,-,,-,,-,,-,,-,,-,,-,,-,,-,,-,,-,,-,,-,,-,,-,,-,,-,,-,
226,-,,-,,-,,-,,-,,-,,-,,-,,-,,-,,-,,-,,-,,-,,-,,-,,-,,-,,-,,-,,-,,-,,-,,-,,-,
227,G,2.032110913940098,-,,G,1.4851665496826172,G,2.0038764476776123,W,1.8551329374313354,G,1.863857626914978,G,1.8755393028259277,G,1.8608951568603516,G,2.146570920944214,G,2.009956121444702,G,1.9662485122680664,G,2.077747106552124,G,2.1191279888153076,G,1.9484148025512695,D,2.8437132835388184,G,1.91817045211792,G,2.8199944496154785,G,1.9088737964630127,G,1.7766106128692627,G,1.6821062564849854,E,1.5047619342803955,G,2.3327226638793945,G,2.1597468852996826,G,2.6401422023773193,G,1.939175009727478
228,-,,-,,-,,-,,-,,-,,-,,-,,-,,-,,-,,-,,-,,-,,-,,-,,-,,-,,-,,-,,-,,-,,-,,-,,-,
229,E,1.8052584788073665,-,,E,1.4383600950241089,E,1.79498291015625,E,2.104174852371216,E,1.5227912664413452,E,1.4976418018341064,E,1.6263548135757446,E,1.5487953424453735,E,0.9904462695121765,E,1.027071475982666,E,2.2042877674102783,E,2.124927282333374,E,2.1141889095306396,E,1.5844006538391113,E,1.521528720855713,E,1.6742846965789795,E,2.9410719871520996,E,1.4568628072738647,E,1.8689852952957153,E,1.8100415468215942,E,1.9110655784606934,E,2.0857715606689453,E,1.6855875253677368,E,2.9873218536376953
230,N,2.454127410183782,-,,N,1.4015278816223145,N,3.196378469467163,K,1.7536234855651855,K,3.699955463409424,K,3.572645902633667,K,2.827714681625366,K,1.6804020404815674,V,5.9149394035339355,V,5.8410749435424805,K,2.0624372959136963,E,1.2264912128448486,D,1.3650667667388916,D,1.4753239154815674,K,1.639228343963623,K,1.713486909866333,K,2.343778610229492,K,3.6031148433685303,K,1.3954765796661377,S,2.1768205165863037,K,1.6248570680618286,E,1.850177526473999,K,1.724853754043579,K,2.3555548191070557
231,I,1.9530061431553052,-,,I,2.382175922393799,V,1.5775415897369385,V,2.1124520301818848,V,1.6496548652648926,V,1.559256911277771,V,1.7509031295776367,V,1.7997714281082153,V,1.2180633544921875,V,1.3446236848831177,I,1.7524266242980957,T,4.13353157043457,T,1.4116312265396118,T,1.3968487977981567,V,1.8673114776611328,I,1.536223292350769,V,1.958988070487976,V,1.735590934753418,V,3.981198310852051,I,1.828428030014038,V,2.296038866043091,V,1.8359049558639526,I,1.7003757953643799,V,2.090200424194336
232,-,1.603617012500763,-,,L,1.9188401699066162,-,,-,,-,,-,,-,,-,,L,1.567118763923645,L,1.454280138015747,-,,-,,L,1.4742289781570435,-,,-,,-,,-,,-,,-,,-,,-,,-,,-,,-,
233,L,2.43777639928617,-,,-,,L,0.8988174796104431,M,1.8546533584594727,M,1.8847118616104126,M,1.6521352529525757,M,1.8441401720046997,M,4.894197463989258,-,,-,,M,4.436582565307617,L,1.6915955543518066,-,,L,3.6019957065582275,M,4.9467291831970215,M,1.9206647872924805,M,1.7617673873901367,M,1.7243289947509766,M,2.4046947956085205,L,2.906719923019409,M,2.166755437850952,M,2.1964619159698486,M,1.8023194074630737,M,1.728480339050293
234,E,1.9119900879652605,-,,E,1.5593600273132324,D,0.9455478191375732,E,1.9062944650650024,E,1.7708516120910645,E,1.9698188304901123,E,1.7032780647277832,E,2.357422113418579,D,1.473636269569397,D,1.549384593963623,D,2.5128557682037354,H,1.9826713800430298,E,2.110929250717163,E,2.552034616470337,E,2.301539421081543,E,2.069849967956543,D,1.850604772567749,E,1.9135327339172363,D,2.0719997882843018,D,1.4682209491729736,E,2.0686917304992676,E,2.173366069793701,E,1.7941818237304688,D,1.8696999549865723
235,E,1.6704933721086253,-,,E,1.4620627164840698,D,3.908568859100342,E,0.9820950627326965,E,0.9223133325576782,E,0.9048410654067993,E,0.9935052394866943,E,0.9963506460189819,E,1.809558391571045,E,2.1418752670288086,E,1.0702602863311768,L,1.9504460096359253,L,2.495861530303955,M,2.251335620880127,E,0.9797297716140747,A,2.1756861209869385,E,1.9566595554351807,E,0.8958797454833984,E,1.5402193069458008,D,1.3920315504074097,E,1.0426511764526367,E,2.129823923110962,A,2.46771240234375,E,1.9518799781799316
236,A,1.6803149658700693,-,,A,1.9521613121032715,A,1.3761192560195923,A,1.5492905378341675,A,1.5232003927230835,A,1.5245463848114014,A,1.5772380828857422,A,1.278519630432129,A,1.6452598571777344,A,1.4306546449661255,A,1.5966452360153198,A,1.8198277950286865,A,0.9002511501312256,A,3.0963070392608643,A,1.2988067865371704,A,1.0947542190551758,A,2.833355665206909,A,1.4768168926239014,A,3.0063722133636475,A,1.265959620475769,A,1.4736387729644775,A,1.0496858358383179,A,1.0526587963104248,A,2.82517409324646
237,R,1.736352977545365,-,,R,1.2046422958374023,K,1.2121957540512085,E,1.639814853668213,E,1.6233611106872559,E,1.5550545454025269,E,1.6511051654815674,E,1.47543466091156,R,1.7335988283157349,R,1.63212251663208,E,1.9587922096252441,R,3.5032315254211426,R,4.578553199768066,R,0.9551855325698853,E,1.479016900062561,E,1.4366284608840942,E,0.9831869602203369,E,1.5493524074554443,E,1.7425148487091064,R,2.5455691814422607,E,1.6224325895309448,E,1.4415382146835327,E,1.4149935245513916,E,0.9977931976318359
238,D,2.072515405714512,S,2.840721368789673,V,2.4686782360076904,S,1.4556281566619873,I,2.005223035812378,I,1.9617985486984253,I,1.9314827919006348,I,1.9277392625808716,I,2.595362901687622,E,3.484804391860962,E,3.568431854248047,I,1.0012226104736328,D,1.762406587600708,R,0.9745185971260071,Q,1.9753214120864868,I,2.548114776611328,I,1.6201931238174438,S,1.3204190731048584,I,2.022365093231201,T,2.8617753982543945,E,1.489429235458374,R,3.3823494911193848,S,1.615311861038208,I,1.5770412683486938,T,1.3500306606292725
239,F,1.8793737590312958,P,2.084813117980957,F,2.0236220359802246,F,3.2203147411346436,F,1.7858860492706299,F,1.6787136793136597,F,1.7354828119277954,F,1.7479077577590942,F,1.3939785957336426,F,2.072385787963867,F,2.2581467628479004,F,1.9761295318603516,F,1.2838047742843628,F,2.0497705936431885,F,1.1344029903411865,F,1.4123153686523438,F,1.1878178119659424,F,1.475908637046814,F,1.798740267753601,F,1.0467758178710938,F,4.393966197967529,F,1.63423490524292,F,2.9272263050079346,F,1.2742552757263184,F,1.5083703994750977
240,S,1.6628125806649525,H,1.6998645067214966,T,2.2284843921661377,T,1.857164978981018,S,1.7229613065719604,S,1.664273977279663,S,1.669900894165039,S,1.6827850341796875,S,1.5734937191009521,T,1.5914607048034668,T,1.8297338485717773,S,1.9190696477890015,A,1.0808154344558716,S,1.3138681650161743,S,1.8147344589233398,S,1.640612006187439,S,1.669173240661621,S,1.0556840896606445,S,1.728467345237732,S,2.3653066158294678,T,1.7580993175506592,S,1.763731598854065,S,1.4801849126815796,S,1.696308970451355,S,1.1013227701187134
241,T,1.6632261673609416,Y,1.9767756462097168,T,2.4147884845733643,M,1.7906763553619385,T,1.4502079486846924,A,1.385583758354187,A,1.4153544902801514,A,1.4005283117294312,A,1.170359492301941,S,1.750765323638916,S,1.7137610912322998,T,1.162688136100769,T,1.9442976713180542,T,1.8280909061431885,T,1.252874493598938,A,1.1739484071731567,T,1.873337745666504,A,2.0075740814208984,A,1.410041332244873,T,2.1041667461395264,T,1.754902958869934,E,1.2669284343719482,E,1.7174887657165527,T,1.8992431163787842,A,2.053044319152832
242,K,2.0954502522945404,L,3.458946466445923,E,2.5782814025878906,T,2.1790921688079834,A,2.9633030891418457,T,3.0863819122314453,T,2.98504900932312,T,2.890258312225342,K,1.3123835325241089,T,1.884602427482605,T,1.7462794780731201,K,1.6554752588272095,K,0.974075198173523,R,1.5221670866012573,K,1.7180296182632446,K,1.3279211521148682,M,2.5933587551116943,K,1.6378921270370483,T,3.0987911224365234,K,1.8865690231323242,K,1.5847312211990356,K,1.401423454284668,K,1.227027177810669,M,2.8828303813934326,K,1.695936679840088
243,H,2.302994966506958,E,6.985808849334717,Y,2.094834089279175,Y,3.4895622730255127,Y,2.523885726928711,Y,2.4836690425872803,Y,2.425354242324829,Y,2.434870481491089,Y,2.2943036556243896,H,1.438509464263916,H,1.3863006830215454,Y,2.10272479057312,F,3.8500826358795166,S,1.7563916444778442,I,2.0411367416381836,Y,2.2491893768310547,Y,1.7612485885620117,Y,1.0922272205352783,Y,2.864464521408081,Y,1.5975196361541748,Y,2.288986921310425,Y,1.9136723279953003,Y,1.4267195463180542,Y,1.6068577766418457,Y,1.1635589599609375
244,L,2.056667983531952,L,1.211693525314331,L,1.3631932735443115,L,1.4474759101867676,L,2.299788475036621,L,2.1915290355682373,L,2.1817667484283447,L,2.1901397705078125,L,2.384300947189331,L,1.7551943063735962,L,1.7225431203842163,L,2.211052656173706,L,1.776623249053955,L,3.234776496887207,L,1.6754279136657715,L,2.3004422187805176,L,2.2084295749664307,L,2.3299026489257812,L,2.309323310852051,L,2.848477840423584,L,1.0304012298583984,L,2.0400078296661377,L,2.2677249908447266,L,2.00201416015625,L,2.3778023719787598
245,E,1.8902171552181244,Y,1.6491780281066895,K,2.2971038818359375,K,1.8313100337982178,K,1.7797701358795166,K,1.7841928005218506,K,1.7719111442565918,K,1.7416127920150757,E,1.664452075958252,K,1.7349021434783936,K,1.58426833152771,K,1.6142990589141846,H,2.0871176719665527,R,1.9981515407562256,Q,1.3633575439453125,E,1.6952852010726929,K,1.9969245195388794,K,2.8218166828155518,K,1.7903521060943604,R,1.7557889223098755,K,1.73430597782135,K,1.7124714851379395,K,2.3413033485412598,K,1.905701994895935,K,2.709634304046631
246,E,2.495405148376118,G,1.059306025505066,R,1.7602678537368774,Q,3.57844877243042,E,2.6095938682556152,E,2.77502179145813,E,2.6317763328552246,E,2.6864938735961914,E,3.411547899246216,-,,-,,E,3.4666614532470703,K,1.7889270782470703,E,1.1796059608459473,K,2.861668109893799,E,3.3653862476348877,D,1.6051528453826904,E,2.651838779449463,E,2.7589786052703857,E,3.2625837326049805,E,2.2249088287353516,E,3.484076738357544,E,1.7330114841461182,D,1.547861933708191,D,2.4557950496673584
247,Y,2.2267706285823476,S,1.5874810218811035,Y,0.8233157396316528,V,2.49853253364563,A,2.197376012802124,A,2.015369176864624,A,2.0815200805664062,A,2.103625535964966,A,1.885154128074646,-,,-,,A,1.949175477027893,R,2.226254940032959,K,2.311305046081543,K,1.3777800798416138,S,1.935389757156372,A,3.7952380180358887,A,1.9243645668029785,A,2.172816038131714,A,2.436389684677124,T,2.746796131134033,T,1.9473775625228882,T,3.425868272781372,A,3.700888156890869,A,1.8469358682632446
248,-,,-,,-,,-,,-,,-,,-,,-,,-,,-,,-,,-,,-,,-,,-,,-,,-,,-,,-,,-,,-,,-,,-,,-,,-,
249,-,,-,,-,,-,,-,,-,,-,,-,,-,,-,,-,,-,,-,,-,,-,,-,,-,,-,,-,,-,,-,,-,,-,,-,,-,
250,-,,-,,-,,-,,-,,-,,-,,-,,-,,-,,-,,-,,-,,-,,-,,-,,-,,-,,-,,-,,-,,-,,-,,-,,-,
251,V,2.0704198636506734,R,3.047286033630371,V,2.0604007244110107,L,1.2540850639343262,L,1.4710042476654053,L,1.490332007408142,L,1.5121970176696777,L,1.4855531454086304,L,1.6379607915878296,-,,-,,L,1.5873608589172363,-,,F,1.5127809047698975,-,,L,1.6202061176300049,L,1.9292420148849487,L,4.812886714935303,L,1.4728035926818848,L,2.610908031463623,-,,L,1.5516327619552612,L,2.0576701164245605,L,1.8715921640396118,L,4.352075099945068
252,K,1.4487549141049385,D,1.7049062252044678,M,1.9511951208114624,P,1.1626147031784058,Q,1.230344533920288,Q,1.3181580305099487,Q,1.3245866298675537,Q,1.3342527151107788,-,,-,,-,,Q,1.2026946544647217,-,,D,1.3238985538482666,-,,Q,1.3565183877944946,Q,1.8993382453918457,-,,Q,1.270106554031372,Q,1.336381196975708,-,,Q,1.2448558807373047,Q,1.660715937614441,Q,1.8595112562179565,-,
253,-,2.2839176654815674,-,,M,2.2839176654815674,-,,-,,-,,-,,-,,-,,-,,-,,-,,-,,-,,-,,-,,-,,-,,-,,-,,-,,-,,-,,-,,-,
254,-,2.422666907310486,-,,I,4.53743839263916,K,1.5492112636566162,T,2.8554399013519287,T,2.7327721118927,T,2.7437596321105957,T,2.801076889038086,-,,-,,-,,K,2.777111768722534,-,,-,,-,,K,2.719170331954956,K,1.28742516040802,-,,T,2.7881557941436768,K,2.019526720046997,-,,K,2.4510691165924072,K,1.3694344758987427,K,1.2857451438903809,-,
255,-,2.0265717282891273,-,,D,1.528528094291687,I,1.4983644485473633,I,1.8787635564804077,I,1.78338623046875,I,1.7894551753997803,I,1.8301857709884644,-,,-,,-,,I,1.4762122631072998,V,2.0992374420166016,-,,V,1.373611569404602,I,1.9475986957550049,I,3.2310781478881836,-,,I,1.8397637605667114,I,2.3864693641662598,-,,I,1.7608468532562256,I,2.752352237701416,I,3.2492940425872803,-,
256,-,1.68793781598409,-,,Q,1.6590523719787598,-,,-,,-,,-,,-,,-,,-,,-,,-,,L,1.6412606239318848,-,,E,1.763500452041626,-,,-,,-,,-,,-,,-,,-,,-,,-,,-,
257,-,,-,,-,,-,,-,,-,,-,,-,,-,,-,,-,,-,,-,,-,,-,,-,,-,,-,,-,,-,,-,,-,,-,,-,,-,
258,-,,-,,-,,-,,-,,-,,-,,-,,-,,-,,-,,-,,-,,-,,-,,-,,-,,-,,-,,-,,-,,-,,-,,-,,-,
259,-,,-,,-,,-,,-,,-,,-,,-,,-,,-,,-,,-,,-,,-,,-,,-,,-,,-,,-,,-,,-,,-,,-,,-,,-,
260,-,,-,,-,,-,,-,,-,,-,,-,,-,,-,,-,,-,,-,,-,,-,,-,,-,,-,,-,,-,,-,,-,,-,,-,,-,
261,-,,-,,-,,-,,-,,-,,-,,-,,-,,-,,-,,-,,-,,-,,-,,-,,-,,-,,-,,-,,-,,-,,-,,-,,-,
262,-,,-,,-,,-,,-,,-,,-,,-,,-,,-,,-,,-,,-,,-,,-,,-,,-,,-,,-,,-,,-,,-,,-,,-,,-,
263,-,,-,,-,,-,,-,,-,,-,,-,,-,,-,,-,,-,,-,,-,,-,,-,,-,,-,,-,,-,,-,,-,,-,,-,,-,
264,-,2.1167369740349904,-,,-,,-,,-,,-,,-,,-,,Q,1.3367552757263184,A,1.7543935775756836,A,1.8167651891708374,-,,V,2.5474681854248047,-,,E,3.019841432571411,-,,-,,Q,2.1794543266296387,-,,-,,-,,-,,-,,-,,Q,2.1624808311462402
265,-,2.1406760726656233,-,,-,,-,,-,,-,,-,,-,,K,2.890001058578491,I,1.4208056926727295,I,1.379883050918579,-,,D,2.2338600158691406,E,3.2288570404052734,-,,-,,-,,K,1.9360151290893555,-,,-,,-,,-,,-,,-,,K,1.8953105211257935
266,-,,-,,-,,-,,-,,-,,-,,-,,-,,-,,-,,-,,-,,-,,-,,-,,-,,-,,-,,-,,-,,-,,-,,-,,-,
267,Q,2.5533584356307983,-,,N,3.6600661277770996,-,,-,,-,,-,,-,,-,,G,3.176570415496826,E,3.4037883281707764,-,,K,1.271074652671814,G,2.785867691040039,-,,-,,-,,-,,-,,-,,L,1.0227833986282349,-,,-,,-,,-,
268,N,2.267483353614807,-,,I,1.2763056755065918,-,,-,,-,,-,,-,,-,,G,2.525099992752075,G,2.6713013648986816,-,,D,1.567025899887085,G,2.9977965354919434,-,,-,,-,,-,,-,,-,,E,2.567370653152466,-,,-,,-,,-,
269,K,2.1790632009506226,-,,I,1.8600854873657227,-,,-,,-,,-,,-,,-,,N,2.811626672744751,N,2.7979421615600586,-,,-,,D,1.4357320070266724,K,2.9302244186401367,-,,-,,-,,-,,-,,N,1.238768458366394,-,,-,,-,,-,
270,E,1.716146034002304,-,,L,2.2793312072753906,-,,-,,-,,-,,-,,I,1.8669917583465576,I,1.6282967329025269,I,1.6488217115402222,-,,-,,E,0.9376928210258484,M,1.2263160943984985,-,,-,,I,1.9782931804656982,-,,P,1.3473944664001465,I,2.826516628265381,-,,-,,-,,V,1.421805739402771
271,-,,-,,-,,-,,-,,-,,-,,-,,-,,-,,-,,-,,-,,-,,-,,-,,-,,-,,-,,-,,-,,-,,-,,-,,-,
272,K,1.687128408388658,-,,N,1.559054970741272,S,1.63423752784729,P,1.1377427577972412,P,0.9765520095825195,P,1.081598162651062,P,1.0629057884216309,S,0.9473833441734314,D,2.080580472946167,D,2.05602765083313,P,1.8644444942474365,-,,I,4.302040100097656,I,0.8972049951553345,S,0.9031464457511902,P,1.6425608396530151,P,2.6339187622070312,P,1.014651894569397,A,1.5413676500320435,E,2.4780771732330322,P,1.0395805835723877,P,1.7574000358581543,P,1.6785171031951904,P,2.8278322219848633
273,-,1.4186455065553838,-,,D,1.2783315181732178,N,1.5672435760498047,V,1.4897150993347168,V,1.374483585357666,V,1.3717256784439087,V,1.3534338474273682,V,1.670937180519104,P,1.2924553155899048,P,1.3218775987625122,V,1.2981157302856445,-,,D,1.982987642288208,E,1.4603773355484009,V,1.7241570949554443,P,0.9106905460357666,V,1.6780189275741577,V,1.378449559211731,S,1.5113253593444824,D,1.3424887657165527,D,1.7151832580566406,D,0.9944950342178345,P,0.9216375350952148,V,1.5720709562301636
274,-,2.5591456492741904,-,,N,1.487615704536438,L,2.2173073291778564,S,2.9506380558013916,S,3.6777145862579346,S,3.4015841484069824,S,3.409080982208252,S,2.9068822860717773,-,,-,,S,6.352229118347168,I,1.4078782796859741,E,1.474207878112793,E,2.5725290775299072,S,3.0504136085510254,S,1.7174713611602783,S,0.8920484185218811,S,3.4967033863067627,S,2.961796760559082,Q,2.926748752593994,C,2.6661672592163086,C,1.5676357746124268,S,1.7200672626495361,S,0.8853386044502258
275,-,,-,,-,,-,,-,,-,,-,,-,,-,,-,,-,,-,,-,,-,,-,,-,,-,,-,,-,,-,,-,,-,,-,,-,,-,
276,-,,-,,-,,-,,-,,-,,-,,-,,-,,-,,-,,-,,-,,-,,-,,-,,-,,-,,-,,-,,-,,-,,-,,-,,-,
277,N,2.166985882954164,-,,-,,N,3.8814704418182373,S,2.0126402378082275,S,2.364156723022461,S,2.415691614151001,S,2.4196887016296387,S,1.5207302570343018,V,1.8562651872634888,V,1.741352915763855,S,1.650101661682129,N,3.2036988735198975,D,1.8748176097869873,N,0.9506248831748962,S,1.5578489303588867,G,3.0760610103607178,S,1.5587754249572754,S,2.36422061920166,I,1.196228265762329,N,1.2458593845367432,S,2.650759220123291,S,3.5927155017852783,G,2.971348524093628,S,1.5686334371566772
278,L,2.5172549797141035,-,,M,2.059213876724243,L,2.080981731414795,L,3.1291403770446777,L,3.0778968334198,L,2.9513444900512695,L,2.758483648300171,L,3.531458854675293,L,1.7631752490997314,L,1.8326386213302612,L,3.5667471885681152,L,2.7669830322265625,L,1.2305492162704468,L,3.468472957611084,L,3.403322219848633,L,1.9261144399642944,F,2.769702434539795,L,2.8232176303863525,L,1.3109158277511597,I,1.5422927141189575,L,3.140011787414551,L,2.094947576522827,L,1.9953749179840088,L,2.6738789081573486
279,A,2.6223943622215935,-,,A,3.901153802871704,S,2.7629294395446777,S,3.2315545082092285,S,3.7763547897338867,S,3.6702661514282227,S,3.6479694843292236,S,2.1248645782470703,L,1.2597299814224243,L,1.3349251747131348,S,2.507969379425049,L,1.903830647468567,S,1.0671379566192627,L,1.7463372945785522,S,2.328273296356201,S,3.1866891384124756,S,2.03696608543396,S,3.675244092941284,S,3.077826499938965,A,0.9147891402244568,S,3.7600042819976807,S,2.9733078479766846,S,3.4570224285125732,S,1.9699243307113647
280,T,2.6872337227282315,-,,I,1.1861307621002197,R,4.346434116363525,R,4.046628475189209,Q,2.0876097679138184,Q,2.133803606033325,Q,2.179311752319336,Q,2.2909491062164307,K,5.017140865325928,K,2.5618069171905518,R,1.5623970031738281,S,2.121453285217285,S,2.3079802989959717,S,1.8540942668914795,Q,2.4398770332336426,Q,2.797687530517578,R,3.13223934173584,Q,2.5266900062561035,L,1.2699052095413208,L,2.5408008098602295,R,3.651576519012451,R,3.557966709136963,Q,2.8930552005767822,R,3.3008370399475098
281,L,2.2201064626375833,E,2.913928985595703,L,4.1349663734436035,E,1.8475944995880127,E,2.0948071479797363,E,1.5186684131622314,E,1.684655785560608,E,1.6642158031463623,E,1.6182409524917603,K,2.1920154094696045,K,2.0660228729248047,E,1.3880196809768677,S,1.9015709161758423,W,4.440413475036621,W,1.2564706802368164,E,1.6201109886169434,E,2.8052268028259277,E,2.7997870445251465,E,2.117729425430298,E,1.4582523107528687,F,1.5827592611312866,E,1.7650468349456787,E,3.20491099357605,E,2.636854648590088,E,2.5702857971191406
282,V,1.9856239805618923,R,1.7052562236785889,V,1.562033772468567,I,2.460275411605835,I,2.3842930793762207,I,2.407283067703247,I,2.3783671855926514,M,2.4170501232147217,I,2.2226152420043945,V,1.509131669998169,V,1.5616486072540283,I,2.206747531890869,I,1.4309892654418945,I,1.729516625404358,T,1.8683769702911377,I,2.3231616020202637,I,1.6828439235687256,I,2.3839468955993652,I,2.4723904132843018,I,1.5737521648406982,I,1.262563943862915,I,2.3941640853881836,I,1.5633915662765503,I,1.6799445152282715,I,2.475231647491455
283,N,1.9827874700228374,A,3.458939552307129,R,1.6961852312088013,K,3.5596985816955566,Q,0.9959564208984375,Q,1.0051594972610474,Q,1.017662763595581,Q,1.064132571220398,R,2.1878514289855957,R,1.555379033088684,R,1.8914926052093506,G,1.9243059158325195,E,2.9722349643707275,R,1.5701124668121338,C,1.8675811290740967,R,2.1016106605529785,E,1.923141360282898,G,1.7302008867263794,Q,1.017046332359314,R,1.489983320236206,S,4.8818583488464355,G,1.3305599689483643,G,2.6095781326293945,E,1.9317007064819336,G,1.8045274019241333
284,H,1.8476786812146504,S,2.2623157501220703,H,2.0477566719055176,F,1.2428829669952393,Y,1.5808523893356323,Y,1.517080307006836,Y,1.495487928390503,Y,1.542845606803894,D,1.5899126529693604,H,1.4805818796157837,H,1.5084961652755737,D,1.4618511199951172,R,3.0196402072906494,H,3.0949654579162598,H,1.8538060188293457,D,1.6506502628326416,Y,2.2759134769439697,D,2.192841053009033,Y,1.680511713027954,D,1.3504455089569092,H,1.9566199779510498,D,1.3377280235290527,D,1.671865463256836,Y,2.286219835281372,D,2.2430179119110107
285,S,1.765447735786438,I,4.273265361785889,A,2.7398197650909424,N,1.0083527565002441,V,1.6123501062393188,V,1.5180673599243164,V,1.5048859119415283,V,1.4578571319580078,V,1.5585116147994995,S,1.2322707176208496,S,1.3316198587417603,V,1.7095564603805542,A,1.1122552156448364,S,1.7355293035507202,S,2.0605409145355225,V,1.4541640281677246,L,1.5730183124542236,V,2.5498321056365967,V,1.6584190130233765,V,1.983677864074707,A,1.7047622203826904,V,0.9337161779403687,V,1.6299653053283691,L,1.580256462097168,V,2.448051691055298
286,L,2.004958967367808,Y,2.6230764389038086,L,1.921632170677185,L,1.9747422933578491,L,2.6031947135925293,L,2.115354299545288,L,2.1237828731536865,L,2.168074607849121,L,1.2104809284210205,L,3.5716278553009033,L,3.991590976715088,L,1.5324183702468872,L,1.8112804889678955,L,2.655841588973999,L,1.4277799129486084,L,1.2091971635818481,L,1.1010805368423462,L,1.5506411790847778,L,2.2029404640197754,L,4.058376789093018,L,1.3185877799987793,L,1.0397957563400269,L,1.178754210472107,L,1.1205265522003174,L,1.6082372665405273
287,E,2.098020240664482,E,1.9304165840148926,E,1.8231866359710693,E,2.844224691390991,D,2.044241189956665,Q,3.265692949295044,Q,3.1300954818725586,D,3.1701245307922363,E,2.06992506980896,E,1.4343616962432861,E,1.5219582319259644,E,2.5361168384552,E,2.242093324661255,D,2.0236940383911133,E,2.9144625663757324,E,2.108332872390747,E,1.2827763557434082,E,1.1852411031723022,Q,3.277740955352783,E,2.484477996826172,V,1.2051187753677368,E,2.1804232597351074,E,1.167820930480957,E,1.2826876640319824,E,1.2272720336914062
288,F,1.9620174715916316,T,2.2363317012786865,M,1.2525300979614258,Y,1.0461193323135376,Y,1.3053669929504395,Y,1.3924235105514526,Y,1.2573292255401611,Y,1.261412501335144,Y,1.282297968864441,M,2.13201642036438,M,2.2561113834381104,Y,1.132538914680481,L,1.22977614402771,L,1.1200377941131592,L,2.50248384475708,Y,1.3959141969680786,F,3.4282262325286865,Y,1.2343262434005737,Y,1.303972840309143,Y,2.0897841453552246,F,1.9126248359680176,H,5.965339183807373,H,3.8932223320007324,F,3.203855037689209,Y,1.2543784379959106
289,P,1.542767343421777,T,1.0923080444335938,P,1.2068991661071777,G,1.1229537725448608,R,1.3249468803405762,R,1.3349872827529907,R,1.2373738288879395,R,1.2069107294082642,G,1.3133044242858887,P,1.1328932046890259,P,1.225739598274231,G,1.4207359552383423,P,1.9179755449295044,P,1.67839777469635,P,0.8653473258018494,G,1.2787611484527588,G,1.2680766582489014,G,3.3564841747283936,R,1.336249589920044,G,2.662686347961426,P,1.7049506902694702,G,1.6218382120132446,G,1.368471384048462,G,1.230527639389038,G,3.1175968647003174
290,L,1.9998161147038143,M,1.8008636236190796,L,2.4354100227355957,W,1.419002652168274,W,2.4364678859710693,W,2.5084047317504883,W,2.4420957565307617,W,2.4266104698181152,W,2.8083410263061523,L,1.7714424133300781,L,1.2203729152679443,W,2.825866460800171,T,2.0653088092803955,L,1.9072048664093018,L,0.9440591335296631,W,2.6425490379333496,W,1.2495782375335693,W,1.1675336360931396,W,2.4044291973114014,W,3.2101852893829346,L,1.198054313659668,W,3.081502676010132,W,1.3627482652664185,W,1.467820405960083,W,1.1997349262237549
291,H,1.7673827235897381,K,2.58268666267395,H,1.6066033840179443,H,1.5279098749160767,H,1.7030750513076782,H,1.6199663877487183,H,1.5638294219970703,H,1.5355579853057861,H,1.3166102170944214,H,0.9837931990623474,H,1.060166835784912,H,1.285920262336731,H,1.3767166137695312,H,1.6867879629135132,H,3.292632579803467,H,1.3097717761993408,H,2.568882942199707,H,1.5658739805221558,H,1.5517364740371704,H,1.0970988273620605,H,2.3257088661193848,H,1.7843594551086426,H,2.774200916290283,H,2.6974730491638184,H,1.5998226404190063
292,W,1.7631168166796367,K,2.4936695098876953,W,2.9798331260681152,T,1.5357835292816162,S,1.717132329940796,S,1.653937578201294,S,1.6266193389892578,S,1.6509037017822266,T,1.4479162693023682,W,1.461983323097229,W,1.5637736320495605,T,1.4039546251296997,W,3.813138961791992,W,1.6217219829559326,W,1.2604854106903076,T,1.5202832221984863,T,1.232840657234192,T,2.1153197288513184,S,1.6038202047348022,T,1.582101821899414,W,1.5288453102111816,T,1.9212576150894165,T,1.3443001508712769,T,1.0761873722076416,T,2.158994197845459
293,R,1.515901987751325,Y,1.799096941947937,R,1.6717268228530884,N,1.17215895652771,D,1.5466806888580322,N,1.404679775238037,N,1.5335922241210938,N,1.5738155841827393,Y,1.5502263307571411,R,1.501456618309021,R,1.296230435371399,Y,1.530644178390503,R,1.7191637754440308,R,1.186553716659546,R,2.433645725250244,Y,1.535760760307312,N,1.5392184257507324,Y,1.1909434795379639,N,1.5265226364135742,N,1.4515503644943237,M,1.550931692123413,N,1.460720181465149,N,1.6487373113632202,N,1.4822348356246948,Y,1.0753562450408936
294,M,1.600381277501583,N,1.3118016719818115,T,2.0670969486236572,V,3.2095651626586914,L,1.2983622550964355,L,1.3386696577072144,L,1.3819079399108887,L,1.3489049673080444,L,1.7530887126922607,M,1.6358833312988281,M,1.6785824298858643,L,1.539526343345642,V,1.53978431224823,V,0.9678546786308289,V,2.884812355041504,L,1.5838074684143066,L,1.4324121475219727,L,1.3886916637420654,L,1.3630545139312744,L,1.2593863010406494,V,1.6590619087219238,L,1.3097258806228638,L,1.567028522491455,L,1.489129900932312,L,1.40101158618927
295,P,1.7081288645664852,R,1.6973048448562622,I,1.7542577981948853,P,1.9620720148086548,P,1.2139027118682861,P,1.2572476863861084,P,1.1998974084854126,P,1.2003446817398071,P,1.3467681407928467,L,1.5895190238952637,L,1.5732487440109253,P,1.234792947769165,Q,3.7064483165740967,Q,1.9798834323883057,Q,4.0768303871154785,P,1.3657333850860596,P,1.6939924955368042,P,1.636815071105957,P,1.1864582300186157,P,1.8916932344436646,P,1.391937255859375,P,1.2040748596191406,P,1.394142508506775,P,1.8071647882461548,P,1.6305627822875977
296,R,1.6029545242587726,I,3.8277266025543213,R,3.9835121631622314,R,1.4042167663574219,R,1.486642599105835,R,1.349611759185791,R,1.376800537109375,R,1.3713562488555908,R,2.189012289047241,R,1.2942956686019897,R,1.353130578994751,R,1.7572869062423706,M,1.3768212795257568,G,1.3408461809158325,R,1.5173951387405396,R,1.346974492073059,R,1.2314273118972778,R,1.3417385816574097,R,1.3655778169631958,R,1.1941131353378296,R,0.9467195868492126,R,1.427411437034607,R,1.297052264213562,R,1.2298035621643066,R,1.4614356756210327
297,L,2.5100679993629456,N,1.4480042457580566,A,1.1013613939285278,L,2.085622549057007,L,3.6638996601104736,L,3.838190793991089,L,3.8517367839813232,L,3.880239963531494,M,4.092696666717529,L,2.252378225326538,L,2.2857537269592285,L,4.108729839324951,P,1.2290959358215332,L,1.8165950775146484,I,1.2826586961746216,M,3.9013023376464844,M,1.9222592115402222,L,1.1767394542694092,L,3.8026680946350098,L,1.378010630607605,V,2.5010809898376465,L,4.040482997894287,F,1.4846091270446777,M,1.8575353622436523,L,1.2399802207946777
298,E,2.6342889269193015,S,1.7966262102127075,E,1.601351261138916,E,3.8845927715301514,E,2.81186842918396,E,2.0314557552337646,E,2.0478732585906982,E,2.100133180618286,E,2.526064395904541,E,2.492750883102417,E,2.558480978012085,E,2.837702989578247,N,2.043764352798462,E,3.396759033203125,E,4.454364776611328,E,2.4514598846435547,E,4.191046237945557,E,2.1756110191345215,E,2.1307878494262695,E,1.3149088621139526,E,1.4459118843078613,E,2.6925466060638428,E,3.941643476486206,E,4.19404411315918,E,2.1011860370635986
299,A,2.1982720096906028,E,1.2583560943603516,A,3.2106971740722656,A,1.8972214460372925,T,1.9944162368774414,A,1.9585154056549072,A,2.0008509159088135,T,1.9976917505264282,A,2.1502695083618164,A,2.198291778564453,A,2.1618008613586426,A,2.1663594245910645,A,1.7350224256515503,A,1.4668244123458862,A,1.5500972270965576,A,2.1378366947174072,T,2.6093387603759766,A,3.899779796600342,A,1.9917975664138794,A,1.7487388849258423,T,1.3029506206512451,A,2.11924409866333,A,2.582487106323242,T,2.6769676208496094,A,3.942972421646118
300,-,2.3035826683044434,-,,K,1.766270637512207,-,,-,,-,,-,,-,,-,,R,3.0687859058380127,R,3.173434257507324,-,,R,1.4619295597076416,R,4.159510612487793,K,1.1915745735168457,-,,-,,-,,-,,-,,S,1.3035731315612793,-,,-,,-,,-,
301,R,2.256874987057277,K,2.190549373626709,W,1.3161944150924683,R,1.5376865863800049,R,2.7371511459350586,R,2.7497904300689697,R,2.7422099113464355,R,2.615370512008667,R,2.52217435836792,W,1.400226354598999,W,1.4078271389007568,R,2.72552752494812,-,,W,1.7373673915863037,-,,R,2.688426971435547,R,2.1405436992645264,R,2.752168655395508,R,2.7836546897888184,R,1.8517553806304932,-,,R,2.54923677444458,R,2.111229419708252,R,2.1779885292053223,R,2.6572954654693604
302,W,2.3517496898060752,T,0.8560851216316223,F,1.8330413103103638,T,1.179752230644226,T,2.662317991256714,T,2.622174024581909,T,2.5860629081726074,T,2.6670610904693604,N,2.6841883659362793,-,,-,,N,3.1535582542419434,S,1.6539504528045654,-,,W,1.8228641748428345,N,2.4314653873443604,M,2.4935789108276367,N,1.8051546812057495,T,2.588603973388672,N,4.764505386352539,W,1.6844065189361572,N,2.7029762268066406,N,2.7158401012420654,M,2.5443952083587646,N,1.9347611665725708
303,F,1.9210430284341176,S,2.6868650913238525,I,2.205380916595459,Y,1.618932843208313,Y,1.4462910890579224,Y,1.4931563138961792,Y,1.400088906288147,Y,1.4590543508529663,H,1.242648720741272,Y,1.9981286525726318,Y,2.049678087234497,Y,1.3357800245285034,F,1.9114949703216553,F,1.6957367658615112,F,1.6162127256393433,H,1.2973734140396118,Y,2.9356489181518555,Y,2.4760847091674805,Y,1.4569458961486816,Y,1.1594616174697876,F,3.158630609512329,Y,1.441613793373108,Y,2.4414682388305664,Y,3.012404203414917,Y,2.5659518241882324
304,I,1.666816567381223,A,0.7729460000991821,E,1.1912715435028076,I,2.3090310096740723,I,1.7045297622680664,I,1.8068736791610718,I,1.9637649059295654,I,1.764061450958252,I,1.7365087270736694,I,1.5508852005004883,I,1.5353692770004272,I,1.5498558282852173,I,0.9690990447998047,L,0.9933465719223022,L,1.1452726125717163,I,1.7182343006134033,I,1.3574531078338623,I,2.204028844833374,I,1.843599557876587,M,1.2755953073501587,I,3.629746198654175,I,1.7987473011016846,I,1.4664878845214844,I,1.3868087530136108,I,2.33008074760437
305,N,1.7183681780641729,-,,-,,D,1.0047578811645508,D,1.365136981010437,D,1.5120713710784912,D,1.3187990188598633,D,1.4846858978271484,D,1.4237569570541382,E,3.1923015117645264,E,3.0921437740325928,Q,1.5891187191009521,D,1.2679001092910767,D,2.1636910438537598,D,1.8999147415161133,D,1.4583760499954224,D,1.6230709552764893,D,1.358978509902954,D,1.5012390613555908,D,3.0412182807922363,E,1.401060700416565,D,1.3907217979431152,D,1.7273086309432983,D,1.6010793447494507,D,1.3867685794830322
306,I,1.7919055586275847,-,,E,1.693751573562622,I,1.1167701482772827,I,1.4150241613388062,I,1.3437527418136597,I,1.3623687028884888,I,1.348176121711731,V,1.3285681009292603,T,1.9277693033218384,T,1.6073646545410156,V,1.6250450611114502,A,2.340709924697876,A,2.6508114337921143,A,3.662207841873169,V,1.4783631563186646,V,1.5212254524230957,V,1.5551592111587524,I,1.3542585372924805,V,2.3080756664276123,V,2.938018798828125,V,1.669499158859253,V,1.5632257461547852,V,1.512279987335205,V,1.8914023637771606
307,Y,1.7638953250387441,-,,Y,2.3563849925994873,Y,1.3058887720108032,L,2.1397507190704346,L,2.000579833984375,L,2.0685548782348633,L,2.0556178092956543,F,1.9189114570617676,Y,1.8187583684921265,Y,1.8035165071487427,F,1.9053869247436523,Y,2.2627456188201904,Y,1.45064115524292,Y,1.717128038406372,F,1.971759557723999,F,1.2912319898605347,F,1.2295886278152466,L,2.056704044342041,F,1.4523718357086182,Y,1.6069389581680298,F,1.9992884397506714,F,1.6090755462646484,F,1.2659274339675903,F,1.2828409671783447
308,R,1.6932470425963402,-,,-,,G,1.7260692119598389,R,1.9508068561553955,Q,1.8268030881881714,Q,1.734076976776123,G,1.7726967334747314,G,1.2365309000015259,-,,-,,G,1.042162299156189,-,,-,,-,,G,1.230832576751709,G,1.8071407079696655,G,1.307694673538208,Q,1.7088531255722046,G,3.4882237911224365,-,,G,1.2674981355667114,G,1.9796700477600098,G,1.7542959451675415,G,1.2585976123809814
309,-,1.2937078873316448,-,,-,,E,1.3096734285354614,-,,-,,-,,-,,-,,-,,-,,-,,-,,-,,-,,-,,-,,-,,-,,Q,1.2800767421722412,-,,-,,Q,1.2913734912872314,-,,-,
310,-,1.6984734535217285,-,,-,,-,,-,,-,,-,,-,,-,,-,,-,,-,,-,,-,,-,,-,,-,,-,,-,,-,,-,,-,,D,1.6984734535217285,-,,-,
311,-,,-,,-,,-,,-,,-,,-,,-,,-,,-,,-,,-,,-,,-,,-,,-,,-,,-,,-,,-,,-,,-,,-,,-,,-,
312,-,,-,,-,,-,,-,,-,,-,,-,,-,,-,,-,,-,,-,,-,,-,,-,,-,,-,,-,,-,,-,,-,,-,,-,,-,
313,-,,-,,-,,-,,-,,-,,-,,-,,-,,-,,-,,-,,-,,-,,-,,-,,-,,-,,-,,-,,-,,-,,-,,-,,-,
314,-,2.0445712208747864,-,,-,,D,2.811323404312134,-,,-,,-,,-,,-,,-,,-,,-,,-,,-,,-,,-,,-,,-,,-,,H,1.277819037437439,-,,-,,-,,-,,-,
315,-,1.8171761333942413,-,,-,,S,2.0208866596221924,-,,-,,-,,-,,Q,1.4737850427627563,-,,-,,-,,-,,-,,-,,-,,-,,-,,-,,T,1.9625605344772339,-,,-,,-,,-,,Q,1.8114722967147827
316,-,2.4320054252942405,-,,-,,S,1.673688530921936,E,3.707779884338379,E,3.472136974334717,E,3.7592554092407227,E,3.6803300380706787,-,,-,,-,,Q,1.3681340217590332,-,,-,,-,,Q,1.5243151187896729,E,1.2054524421691895,Q,2.0469319820404053,E,3.759535551071167,-,,-,,Q,1.7741575241088867,-,,E,1.2123476266860962,-,
317,-,,-,,-,,-,,-,,-,,-,,-,,-,,-,,-,,-,,-,,-,,-,,-,,-,,-,,-,,-,,-,,-,,-,,-,,-,
318,-,,-,,-,,-,,-,,-,,-,,-,,-,,-,,-,,-,,-,,-,,-,,-,,-,,-,,-,,-,,-,,-,,-,,-,,-,
319,-,,-,,-,,-,,-,,-,,-,,-,,-,,-,,-,,-,,-,,-,,-,,-,,-,,-,,-,,-,,-,,-,,-,,-,,-,
320,-,1.386024194104331,-,,-,,W,1.4768164157867432,N,1.637153148651123,N,1.5690269470214844,N,1.4995594024658203,T,1.4717906713485718,D,1.3311083316802979,-,,-,,D,1.2197835445404053,-,,-,,-,,D,1.3591952323913574,D,1.277807593345642,D,1.1894830465316772,N,1.5037661790847778,-,,-,,D,1.4500552415847778,-,,D,1.288405418395996,D,1.130387544631958
321,-,1.906394632657369,-,,-,,A,1.76182222366333,A,1.8311355113983154,T,1.8089395761489868,T,1.8757717609405518,T,1.8771775960922241,T,1.7674341201782227,-,,-,,T,1.7934863567352295,-,,-,,-,,T,1.6835861206054688,T,3.1863129138946533,T,1.384787678718567,T,1.8422636985778809,-,,-,,T,1.6882585287094116,T,1.5171622037887573,T,3.2874343395233154,T,1.2903468608856201
322,-,1.917785652478536,-,,-,,S,4.144394397735596,T,1.4098501205444336,K,1.6799319982528687,K,1.7750333547592163,I,1.7457585334777832,Q,1.9007506370544434,-,,-,,E,1.4500434398651123,-,,-,,-,,Q,1.9303683042526245,T,1.6756722927093506,E,1.5918077230453491,K,1.6778767108917236,-,,-,,K,1.803238034248352,K,1.7426862716674805,T,1.700462818145752,G,2.538910150527954
323,-,2.0405699123035776,-,,E,1.2603545188903809,K,2.569132089614868,N,2.4014086723327637,N,1.9752802848815918,N,2.3051774501800537,N,2.5397534370422363,N,4.130387306213379,D,1.2048577070236206,D,1.169302225112915,N,1.304823875427246,K,1.5945619344711304,A,1.2099804878234863,A,1.7791279554367065,N,4.342314720153809,F,1.9365687370300293,N,1.6749600172042847,N,2.3865859508514404,-,,P,1.413133978843689,N,2.2188334465026855,N,1.9957098960876465,F,1.8381134271621704,N,1.6421699523925781
324,-,,-,,-,,-,,-,,-,,-,,-,,-,,-,,-,,-,,-,,-,,-,,-,,-,,-,,-,,-,,-,,-,,-,,-,,-,
325,-,,-,,-,,-,,-,,-,,-,,-,,-,,-,,-,,-,,-,,-,,-,,-,,-,,-,,-,,-,,-,,-,,-,,-,,-,
326,-,,-,,-,,-,,-,,-,,-,,-,,-,,-,,-,,-,,-,,-,,-,,-,,-,,-,,-,,-,,-,,-,,-,,-,,-,
327,-,1.6498711596835742,I,2.905794620513916,K,1.110278606414795,S,1.3984601497650146,E,1.2426559925079346,Q,1.2510349750518799,Q,1.0938975811004639,Q,1.0757637023925781,S,1.8464351892471313,E,1.1302803754806519,E,1.1341989040374756,T,1.1457520723342896,R,1.9570467472076416,R,2.5289978981018066,S,2.659003257751465,S,2.034419536590576,E,1.7319562435150146,S,1.7328310012817383,Q,1.0884419679641724,-,,-,,M,1.791419267654419,M,2.0132992267608643,E,1.7231199741363525,S,1.7020782232284546
328,H,1.7299517194430034,C,1.143892526626587,-,,I,1.784451961517334,T,1.0880436897277832,M,1.9004502296447754,M,1.1034475564956665,M,1.078583002090454,K,1.7327908277511597,-,,-,,K,1.1621440649032593,-,,-,,-,,K,1.6754924058914185,T,1.345641851425171,K,4.1660003662109375,M,1.0879366397857666,K,1.2291650772094727,K,1.625781774520874,E,1.2241390943527222,E,1.8850719928741455,T,1.3354034423828125,Q,4.570694446563721
329,N,2.09146981438001,T,1.2727187871932983,T,1.8388593196868896,N,1.1677221059799194,L,3.0438647270202637,L,2.8987252712249756,L,3.1070268154144287,Q,3.1180615425109863,S,2.8301799297332764,E,1.1653666496276855,E,1.2502717971801758,S,3.415027379989624,R,2.6615941524505615,R,2.7017064094543457,K,1.5772705078125,S,2.872180938720703,P,1.3002521991729736,S,1.2230701446533203,L,3.0943565368652344,N,1.3016207218170166,K,1.9826321601867676,S,2.6443426609039307,S,1.291286587715149,P,1.1901649236679077,S,1.2469732761383057
330,Q,2.2836525986591973,P,1.754721760749817,Q,3.626101016998291,N,1.8725851774215698,D,2.4229798316955566,D,2.5749478340148926,D,2.322988748550415,D,2.308069944381714,C,2.9982004165649414,D,1.6045451164245605,D,2.7007601261138916,Y,2.2672829627990723,P,1.9617384672164917,P,1.6930062770843506,P,2.1767868995666504,C,2.8359060287475586,Y,2.4841859340667725,Y,1.1233022212982178,D,2.4168522357940674,K,1.9430315494537354,V,1.7421554327011108,N,3.1702449321746826,N,3.0943126678466797,Y,2.587500810623169,Y,1.1254559755325317
331,D,2.3724536697069802,Y,2.5404107570648193,D,4.597560405731201,I,2.042093276977539,M,1.3475821018218994,V,1.4729833602905273,V,1.401110053062439,V,1.3813586235046387,I,1.0468051433563232,R,1.8902486562728882,R,2.0515012741088867,V,1.4055862426757812,D,3.433319568634033,D,1.4464293718338013,D,4.552072048187256,I,1.0630449056625366,L,3.653125286102295,M,3.6897051334381104,V,1.3931958675384521,N,1.598144769668579,G,3.2575812339782715,R,1.4342875480651855,R,3.395646572113037,L,3.500422716140747,M,3.3446731567382812
332,V,2.3443159461021423,S,1.7046016454696655,K,0.9418560266494751,F,1.309698224067688,K,3.088893413543701,N,2.4720957279205322,N,3.023703098297119,N,2.9854533672332764,N,3.528327465057373,K,2.3367416858673096,K,2.11220383644104,K,4.124370574951172,M,1.2060368061065674,M,2.0549256801605225,M,1.1246696710586548,N,3.553650379180908,I,1.3173645734786987,K,3.5627825260162354,N,3.097782611846924,A,3.344094753265381,M,2.1108438968658447,K,1.4357216358184814,K,1.4416697025299072,I,1.2915822267532349,K,3.094513177871704
333,N,1.7216018289327621,S,1.0947213172912598,N,1.2391911745071411,Y,2.8719968795776367,T,2.1902451515197754,T,1.9619746208190918,T,2.0976455211639404,I,2.063424825668335,T,1.2398967742919922,N,1.9446511268615723,N,1.6342031955718994,S,1.2516815662384033,N,1.5484832525253296,N,1.9563771486282349,N,1.9337323904037476,T,1.1404638290405273,R,1.9143924713134766,T,1.2588956356048584,T,2.0305941104888916,A,1.772263526916504,N,1.5070035457611084,T,1.9764015674591064,T,1.4823180437088013,R,1.9563663005828857,T,1.2515199184417725
334,P,1.6847298741340637,Y,2.6215341091156006,G,2.4062201976776123,T,3.8458049297332764,E,1.6835236549377441,E,1.5280721187591553,K,1.5505315065383911,Q,1.5141948461532593,E,1.2185837030410767,P,1.3691853284835815,P,1.3542616367340088,K,1.5833321809768677,P,1.4075335264205933,P,2.144141912460327,P,1.4496619701385498,E,1.2317464351654053,E,1.9155915975570679,E,1.0837256908416748,K,1.6115283966064453,E,1.5678296089172363,P,1.2397656440734863,E,1.637425184249878,E,1.657631278038025,E,1.7633776664733887,E,1.048313856124878
335,I,1.5622017979621887,G,1.800083875656128,T,1.4468863010406494,K,0.9784804582595825,K,1.3823589086532593,K,1.3241479396820068,K,1.4050291776657104,K,1.5392663478851318,K,1.6233313083648682,S,1.1179479360580444,S,1.1630892753601074,K,2.015004873275757,T,2.15979266166687,L,1.6020050048828125,I,1.500934362411499,K,1.8167294263839722,K,1.5265483856201172,K,1.72661292552948,K,1.3108505010604858,K,1.5853183269500732,T,1.5864923000335693,K,1.8036057949066162,K,1.5707961320877075,K,1.6377673149108887,K,1.8697636127471924
336,L,1.690715566277504,D,1.6270781755447388,L,1.7008007764816284,L,1.183811902999878,L,1.3547892570495605,V,1.4453953504562378,V,1.4467370510101318,L,1.4241752624511719,L,1.6990035772323608,L,2.340644359588623,L,2.3802852630615234,L,1.150913953781128,V,1.763416051864624,I,1.5536234378814697,I,1.8776265382766724,L,1.4908549785614014,L,2.08441162109375,L,1.4683765172958374,V,1.5417230129241943,L,1.841388463973999,V,1.5077799558639526,L,1.8543875217437744,L,1.853482723236084,L,2.465714931488037,L,1.5207529067993164
337,L,2.0489212522904077,T,1.7416349649429321,L,1.720383882522583,L,3.1433894634246826,L,2.274832248687744,L,2.3297693729400635,L,2.2862610816955566,L,2.156527042388916,L,1.693917989730835,A,1.6319375038146973,A,1.7090449333190918,L,1.7383849620819092,L,2.354038953781128,F,2.712564468383789,F,1.0459883213043213,L,1.9387903213500977,L,2.0543367862701416,L,2.0405197143554688,L,2.3769431114196777,L,1.1082557439804077,L,3.1488757133483887,L,1.4103235006332397,L,1.8626539707183838,L,2.5967729091644287,L,2.0979630947113037
338,E,1.8481904317935307,Q,1.9413325786590576,E,1.3336108922958374,E,2.5360164642333984,E,1.4542157649993896,E,1.480387806892395,E,1.4879072904586792,E,1.4051837921142578,E,1.340702772140503,E,3.762035608291626,E,3.315887928009033,E,1.4357777833938599,E,1.7476409673690796,K,1.8113899230957031,E,0.9049241542816162,E,1.3382631540298462,E,1.7905199527740479,E,1.5485819578170776,E,1.2038662433624268,E,4.359325885772705,E,1.1194466352462769,E,2.566474199295044,E,1.3168103694915771,E,1.5681602954864502,E,1.588107943534851
339,F,1.7705803116162617,I,1.2471041679382324,F,1.625303030014038,L,1.6404986381530762,L,1.570986032485962,L,1.3737142086029053,L,1.3827356100082397,L,1.350238561630249,L,2.3274848461151123,L,1.6978682279586792,L,1.7390668392181396,L,1.9973653554916382,L,2.346207857131958,L,1.550019383430481,L,1.927687406539917,L,2.1186845302581787,L,1.5950759649276733,L,1.7989943027496338,L,1.6128839254379272,L,2.276390790939331,F,1.4048889875411987,L,2.0999412536621094,L,2.469639778137207,L,1.5031949281692505,L,1.8379528522491455
340,A,1.8512596090634663,V,1.3604952096939087,A,1.854417085647583,A,1.078072428703308,A,2.298373222351074,A,1.9953562021255493,A,2.0048627853393555,A,2.205075740814209,A,1.1165809631347656,A,1.6568716764450073,A,1.7238606214523315,A,2.7644519805908203,A,2.3622026443481445,A,1.717355728149414,A,1.5395270586013794,A,1.1271076202392578,A,1.7098959684371948,A,2.107276439666748,A,2.0583629608154297,A,1.224515676498413,A,3.447112798690796,A,1.2377158403396606,A,2.1873834133148193,A,1.7704415321350098,A,1.8829150199890137
341,E,1.8110639116038447,-,,K,1.5614155530929565,K,1.2549031972885132,K,1.8426971435546875,K,2.7860608100891113,K,2.7965400218963623,K,2.4371020793914795,K,1.8863158226013184,K,1.4190126657485962,K,1.4242613315582275,K,1.3370970487594604,K,1.6678378582000732,K,1.9923350811004639,K,2.449354648590088,K,2.143491506576538,K,1.176256775856018,K,1.7337889671325684,K,2.8397223949432373,K,1.555425763130188,K,1.1452007293701172,K,2.024085521697998,K,1.2508078813552856,K,1.2386810779571533,K,1.6920760869979858
342,L,1.895301376779874,A,1.5839600563049316,L,1.7289427518844604,L,1.9349141120910645,V,1.996113657951355,L,1.8782048225402832,L,1.9084548950195312,L,1.7288682460784912,L,1.9115862846374512,H,1.3093961477279663,H,1.1920839548110962,L,2.3045613765716553,L,1.7111841440200806,L,1.3377517461776733,L,2.931363821029663,L,1.7960522174835205,L,2.0759835243225098,L,1.2038655281066895,L,1.8477380275726318,L,1.9183903932571411,L,3.0887513160705566,L,2.01849365234375,L,2.3202433586120605,L,2.360936403274536,L,1.3993926048278809
343,D,2.0984039853016534,Y,2.0466811656951904,D,1.313620924949646,D,5.640323638916016,E,1.8612552881240845,E,1.8949137926101685,E,1.8287402391433716,E,1.6344518661499023,E,1.6191383600234985,D,2.144568920135498,D,2.133815050125122,E,1.4872405529022217,D,1.4777194261550903,N,2.061161994934082,E,1.624047040939331,E,1.7746621370315552,E,2.1962246894836426,E,1.9872260093688965,E,1.775406002998352,E,2.0701370239257812,D,3.253176689147949,E,2.243894338607788,E,1.8970983028411865,E,2.4078903198242188,E,1.9883018732070923
344,F,1.822301263610522,F,1.7623380422592163,F,2.111546516418457,F,1.738782525062561,F,1.1168781518936157,F,1.1223843097686768,F,1.12507963180542,F,1.030744194984436,F,1.1829668283462524,F,2.431607246398926,F,2.39790415763855,F,2.1033401489257812,F,1.8405693769454956,F,1.8817012310028076,F,3.0302560329437256,F,1.2249542474746704,F,1.5912011861801147,F,1.9250802993774414,F,1.1503528356552124,F,4.0521979331970215,F,1.2527849674224854,F,1.9485828876495361,F,2.139169931411743,F,1.7127245664596558,F,1.862083077430725
345,N,2.7303802569707236,Y,3.566622734069824,N,1.3930675983428955,N,1.9016755819320679,N,3.8925747871398926,N,3.9546656608581543,N,4.043749809265137,N,4.325855731964111,N,4.840582370758057,N,3.0834388732910156,N,3.0383265018463135,N,1.341904640197754,N,1.9585559368133545,N,2.419952630996704,N,2.159731388092041,N,5.039380073547363,N,1.5472065210342407,N,1.6601780652999878,N,3.73441481590271,N,1.7336835861206055,N,2.5294349193573,N,2.077653169631958,N,2.2243616580963135,N,1.4143459796905518,N,1.6477631330490112
346,I,2.394419958194097,S,3.3603720664978027,M,1.4791831970214844,I,2.301248788833618,I,2.032456636428833,I,1.9842302799224854,I,2.0247230529785156,I,1.7768882513046265,I,2.170823812484741,S,3.4784748554229736,S,3.423612117767334,I,4.2779059410095215,M,3.62235689163208,I,2.4263954162597656,I,1.6522908210754395,I,1.8987418413162231,I,4.302270412445068,I,1.5927610397338867,I,2.0013129711151123,I,1.353195071220398,I,1.1608898639678955,I,2.229365825653076,I,2.0717062950134277,I,3.294671058654785,I,1.550202488899231
347,V,2.0855043083429337,M,1.8790839910507202,L,1.6505919694900513,I,1.6523889303207397,F,1.4923590421676636,F,1.642236590385437,F,1.6309106349945068,F,1.3598597049713135,F,1.478255271911621,V,3.777561664581299,V,3.6980278491973877,F,2.031121253967285,V,1.3361042737960815,V,3.132939100265503,A,1.2389780282974243,F,1.319549560546875,F,2.2563793659210205,F,3.602332353591919,F,1.6418968439102173,F,2.4288887977600098,L,1.2863541841506958,F,1.1700530052185059,F,2.3163235187530518,F,2.3618674278259277,F,3.6680400371551514
348,Q,1.9258543054262798,M,2.745126247406006,Q,1.9317824840545654,Q,1.0546538829803467,N,2.069148540496826,H,2.1851465702056885,H,2.3366100788116455,H,2.126046657562256,H,1.8597265481948853,Q,2.701505422592163,Q,3.3667242527008057,Q,1.2711368799209595,Q,1.381667971611023,Q,2.043743371963501,Q,2.363978624343872,H,2.0135273933410645,H,1.2689828872680664,H,1.965724229812622,H,2.2804853916168213,H,1.5232595205307007,Q,1.7991976737976074,Q,1.4578853845596313,Q,1.224829077720642,H,1.3516192436218262,H,1.8979949951171875
349,A,1.9026372730731964,Y,1.8890854120254517,S,1.859209418296814,S,3.43941593170166,S,2.1919894218444824,S,2.2355222702026367,S,2.100538492202759,S,1.7242844104766846,S,2.050792694091797,T,1.0829600095748901,T,1.3900203704833984,S,1.455474615097046,A,2.4099619388580322,A,1.9015324115753174,A,2.0510640144348145,S,2.3070080280303955,S,2.0875682830810547,A,1.3461782932281494,S,2.2413954734802246,S,1.3258086442947388,A,1.223765254020691,S,1.9026720523834229,S,1.9225811958312988,S,2.0264508724212646,A,1.49801504611969
350,A,2.0564001922806106,Y,1.5688939094543457,I,1.047782301902771,L,1.3176584243774414,L,2.2827627658843994,L,2.2941930294036865,L,2.2876296043395996,I,3.5639727115631104,L,2.023881435394287,I,0.6276615262031555,I,0.6353887319564819,L,2.023350477218628,Q,1.3583909273147583,T,1.705527663230896,L,1.6608469486236572,L,2.27730393409729,L,2.027884006500244,L,4.491379261016846,L,2.253030300140381,L,2.263964891433716,V,1.5025581121444702,I,1.9518933296203613,I,1.9826146364212036,L,1.810572624206543,L,4.394463062286377
351,H,2.5645876626173654,I,0.8361446857452393,F,1.42965829372406,Q,1.089856505393982,Q,4.082316875457764,Q,3.63816237449646,Q,3.7451114654541016,Q,3.503227949142456,Q,3.686896324157715,Y,3.0859994888305664,Y,3.1021320819854736,Q,2.1772220134735107,F,2.668867826461792,Y,1.8560103178024292,Q,1.121665120124817,Q,3.7489519119262695,V,2.1976277828216553,Q,1.7524698972702026,Q,3.632211446762085,Q,1.3768242597579956,H,3.0921950340270996,Q,3.6119492053985596,Q,2.1442999839782715,V,2.1840837001800537,Q,1.7862193584442139
352,Q,2.6220436294873557,N,2.0155344009399414,Q,2.071455955505371,Q,4.746599197387695,Q,1.6635338068008423,Q,1.5370603799819946,Q,1.5562379360198975,Q,1.4256055355072021,K,1.6129305362701416,Q,5.461300373077393,Q,5.127835273742676,K,3.940924882888794,Q,1.3168416023254395,Q,2.28890323638916,Q,1.4881653785705566,K,1.6530945301055908,K,3.520254611968994,K,2.9650914669036865,Q,1.5283921957015991,E,2.1339375972747803,Q,3.232220411300659,K,1.625928282737732,K,3.787069797515869,K,3.4088175296783447,K,2.821312189102173
353,A,1.6444561282793682,D,1.492920160293579,E,1.5558676719665527,Q,1.4271924495697021,N,1.413641333580017,N,1.3666514158248901,N,1.3595266342163086,N,1.2347155809402466,R,1.5516867637634277,R,1.2979037761688232,R,1.3157496452331543,R,1.7215298414230347,Q,1.205003023147583,E,1.1322160959243774,G,2.2498340606689453,R,1.4960167407989502,R,1.8140602111816406,R,3.2680470943450928,N,1.3353489637374878,R,1.117603063583374,E,1.6882953643798828,T,1.6465774774551392,T,1.7426354885101318,R,1.761179804801941,R,3.2727444171905518
354,D,1.8514114717642467,Q,0.9909197092056274,D,1.721816897392273,E,1.5404846668243408,E,1.929240345954895,E,2.410311460494995,E,2.1865956783294678,E,2.574028730392456,E,2.6727230548858643,S,1.5574891567230225,S,1.551135778427124,E,1.4246126413345337,E,1.8180150985717773,E,2.1022965908050537,E,1.6035711765289307,E,2.34924054145813,E,1.3181697130203247,E,2.054826259613037,E,2.1701488494873047,E,1.4001437425613403,D,1.8643975257873535,E,2.1475069522857666,E,1.7137154340744019,E,1.3267964124679565,E,2.0056889057159424
355,L,2.0868768890698752,T,3.630174398422241,L,3.308972120285034,L,1.0118755102157593,L,1.6464931964874268,L,1.5868501663208008,L,1.5564814805984497,L,1.4757148027420044,L,1.4418922662734985,L,3.6839637756347656,L,3.662703275680542,L,2.197376251220703,L,2.6436493396759033,L,1.9012709856033325,L,1.3846766948699951,L,1.5297833681106567,L,2.564939260482788,L,1.5170485973358154,L,1.5774948596954346,L,1.2188050746917725,M,2.5819108486175537,L,1.5388104915618896,L,2.485321044921875,L,2.4570608139038086,L,1.4817767143249512
356,K,1.8365022589763005,A,0.7719070911407471,K,1.9808422327041626,Q,1.7380869388580322,K,1.4307457208633423,K,1.2160743474960327,K,1.246837854385376,K,1.2389976978302002,E,1.2796119451522827,K,1.141313910484314,K,1.2674405574798584,E,1.5453969240188599,K,1.6948573589324951,K,1.7737449407577515,K,3.945388078689575,E,1.2057316303253174,Q,1.4518574476242065,E,2.5789122581481934,K,1.2295575141906738,K,1.785322666168213,K,6.577139377593994,E,1.2754223346710205,E,1.561915397644043,Q,1.4595342874526978,E,2.679415702819824
357,Q,2.016897345582644,H,1.541818380355835,H,1.8534278869628906,I,2.0549049377441406,C,2.8435657024383545,S,2.3116743564605713,S,2.2367637157440186,C,2.29689884185791,Y,2.9224674701690674,R,1.7865581512451172,R,1.8993463516235352,S,1.2582504749298096,E,1.6665430068969727,D,1.6636980772018433,D,3.0734260082244873,Y,2.9839258193969727,S,1.4246245622634888,Y,1.4122698307037354,S,2.2861807346343994,H,1.218654751777649,K,2.5554521083831787,S,3.0554087162017822,S,1.2409405708312988,S,1.4113715887069702,Y,1.4073642492294312
358,V,1.8692525376876195,L,2.198272943496704,V,3.47304630279541,L,1.2242798805236816,V,1.3678768873214722,V,1.4311606884002686,V,1.4894263744354248,I,1.377942442893982,L,1.4042632579803467,M,1.1980842351913452,M,1.170923113822937,L,2.8348615169525146,A,1.3641927242279053,I,1.311165452003479,L,1.4373748302459717,L,1.443924069404602,L,2.7465226650238037,L,1.2316217422485352,V,1.5184937715530396,V,1.8617697954177856,A,3.826080799102783,L,1.857846975326538,L,2.995382070541382,L,2.888240337371826,L,1.2093080282211304
359,S,2.2653366923332214,K,2.5865368843078613,S,1.1544008255004883,S,2.0599770545959473,S,2.3676586151123047,S,2.502727746963501,S,2.402092695236206,S,2.3785486221313477,V,1.77997624874115,S,2.78020977973938,S,2.616071939468384,V,1.3869781494140625,S,3.169832706451416,S,2.794792652130127,S,1.6144763231277466,V,1.8440743684768677,S,1.2356382608413696,V,3.086670160293579,S,2.3977243900299072,S,2.5629003047943115,S,2.936192750930786,L,2.5080063343048096,L,1.9178552627563477,T,1.2647814750671387,V,3.0199570655822754
360,T,1.5083653504649799,L,0.5891073346138,R,1.2529146671295166,R,1.4643748998641968,R,1.2266004085540771,R,1.1402156352996826,R,1.1243351697921753,R,1.1832778453826904,R,1.3902512788772583,R,1.1790317296981812,R,1.1437963247299194,R,2.0450761318206787,R,1.9998753070831299,R,1.3470641374588013,R,1.7593271732330322,R,1.5177785158157349,R,2.022301435470581,R,1.2964003086090088,R,1.1638355255126953,R,1.4981269836425781,R,2.75229549407959,R,1.2969415187835693,R,2.6401336193084717,R,1.885690689086914,R,1.2820162773132324
361,W,2.0278977304697037,P,3.6609129905700684,W,2.5213489532470703,W,1.1386774778366089,W,1.662922739982605,W,1.500474452972412,W,1.4968774318695068,W,1.482587456703186,W,1.3001399040222168,W,2.9083638191223145,W,2.8805580139160156,W,1.4163631200790405,W,2.402400493621826,W,2.6005423069000244,W,1.853796362876892,W,1.2719842195510864,W,1.5402723550796509,W,1.8654584884643555,W,1.5458954572677612,W,3.5381345748901367,W,3.962029218673706,W,1.5522327423095703,W,1.2316046953201294,W,1.5031424760818481,W,1.832825779914856
362,W,1.6222740958134334,E,3.5424916744232178,W,1.4768686294555664,W,1.658740758895874,W,1.5053409337997437,W,1.2687427997589111,W,1.265032410621643,W,1.2875056266784668,W,1.058198094367981,W,1.9646745920181274,W,1.9819821119308472,W,1.3863955736160278,W,1.657721757888794,W,1.774716854095459,W,1.6065926551818848,W,1.0767455101013184,W,1.4886322021484375,W,1.7603590488433838,W,1.285910964012146,W,1.786853551864624,W,2.1475682258605957,W,1.3972138166427612,W,1.4704535007476807,W,1.458858609199524,W,1.6269783973693848
363,K,1.8975145568450291,S,1.6000730991363525,E,3.023820161819458,M,1.8818390369415283,K,1.602918028831482,K,1.764854073524475,K,1.7744327783584595,K,1.83049738407135,K,1.5436406135559082,R,4.2987189292907715,R,4.301970958709717,K,1.0844987630844116,N,1.001417875289917,N,1.6754790544509888,N,3.123075246810913,K,1.5343660116195679,K,1.129327416419983,K,1.2831435203552246,K,1.7909748554229736,K,2.1355037689208984,K,1.5340107679367065,N,1.8058078289031982,N,1.406194806098938,K,1.1306328773498535,K,1.2831515073776245
364,S,1.5904615099231403,E,1.693518877029419,H,2.865232467651367,E,1.9398202896118164,E,1.2095855474472046,D,1.097668170928955,E,1.1013100147247314,E,1.0925133228302002,D,1.03515625,D,2.17832088470459,D,2.1614809036254883,E,1.7846920490264893,S,2.9741482734680176,S,2.644639492034912,D,1.3703579902648926,D,1.0273759365081787,D,1.5694859027862549,G,1.0694141387939453,E,1.0985699892044067,D,2.07650089263916,E,0.5939978957176208,D,1.1613304615020752,D,1.750353455543518,D,1.585370421409607,G,1.0902326107025146
365,-,1.6811250959123885,-,,S,1.3445838689804077,-,,-,,-,,-,,-,,-,,L,1.8281863927841187,L,1.7719191312789917,-,,T,1.975101351737976,S,2.121537685394287,T,1.9704917669296265,-,,-,,-,,-,,-,,T,0.756055474281311,-,,-,,-,,-,
366,T,1.6467553973197937,I,0.8601104021072388,E,1.323624610900879,S,2.815218687057495,S,1.8392277956008911,S,1.8723007440567017,S,1.8891289234161377,S,1.8698400259017944,S,1.7080365419387817,-,,-,,S,1.1329245567321777,-,,-,,-,,S,1.7311427593231201,Y,1.0419831275939941,S,1.8761204481124878,S,1.873450517654419,S,1.3215633630752563,-,,S,1.7555675506591797,S,1.8644678592681885,Y,1.0492841005325317,S,1.8176051378250122
367,G,1.7729018330574036,-,,L,1.3690662384033203,D,1.8097392320632935,-,,-,,-,,-,,G,3.012765645980835,G,1.1472564935684204,G,1.1003087759017944,-,,G,2.74210524559021,C,1.6178007125854492,G,1.889404535293579,-,,-,,G,1.1256862878799438,-,,G,1.5218331813812256,C,1.6868146657943726,G,2.828577995300293,G,1.899133324623108,-,,G,1.0701333284378052
368,-,,-,,-,,-,,-,,-,,-,,-,,-,,-,,-,,-,,-,,-,,-,,-,,-,,-,,-,,-,,-,,-,,-,,-,,-,
369,L,2.5917217314243315,E,5.262440204620361,G,1.5815991163253784,-,,G,2.7945261001586914,G,3.10014271736145,G,3.0292301177978516,G,3.2222812175750732,S,2.4824864864349365,L,1.1578443050384521,L,1.2622458934783936,G,1.934359073638916,L,3.0622143745422363,L,2.6750810146331787,I,2.333836078643799,G,2.9041085243225098,G,2.4791629314422607,S,1.8524022102355957,G,3.026172637939453,-,,W,3.458031177520752,-,,-,,G,2.518209457397461,S,1.6980609893798828
370,V,2.366777261098226,S,1.1807365417480469,K,2.1290817260742188,L,1.8320170640945435,S,2.524930238723755,F,2.2792141437530518,F,2.2937705516815186,S,2.1881842613220215,P,3.3861849308013916,G,2.4773526191711426,G,2.4543769359588623,F,2.6684906482696533,V,4.172590255737305,A,1.672067642211914,A,1.7000651359558105,S,2.4801058769226074,F,2.706326484680176,P,2.7244179248809814,F,2.277780771255493,S,1.7638931274414062,E,1.6433318853378296,S,2.21549916267395,S,2.726672649383545,F,2.7315762042999268,P,2.5739874839782715
371,E,2.493713453412056,E,0.7869219183921814,N,2.01574444770813,G,3.06412410736084,P,2.833186388015747,P,2.7253897190093994,P,2.734908103942871,P,2.7440826892852783,-,,E,1.4013423919677734,E,1.3517590761184692,P,1.4114348888397217,H,4.470059394836426,E,2.5772414207458496,E,1.8496142625808716,P,3.2214040756225586,P,3.6052956581115723,-,,P,2.708456516265869,P,1.4683672189712524,-,,P,2.962798595428467,P,2.413362979888916,P,3.528775215148926,-,
372,N,2.0551764766375222,L,2.5232343673706055,K,2.7674317359924316,K,2.5610010623931885,D,1.643233060836792,D,1.6546891927719116,D,1.7155492305755615,E,1.6612893342971802,Q,1.8587039709091187,R,1.2153294086456299,R,1.1979470252990723,E,3.9420528411865234,E,3.436201572418213,K,2.6301348209381104,K,1.8415095806121826,Q,2.05989408493042,E,1.3957635164260864,Q,1.3631176948547363,D,1.7399694919586182,E,2.8960232734680176,K,2.338181734085083,Q,1.7047886848449707,Q,2.4365220069885254,E,1.3948062658309937,Q,1.346861481666565
373,L,2.0400469303131104,I,1.8714194297790527,M,1.8267003297805786,L,3.088009834289551,L,1.9711666107177734,L,1.6415283679962158,L,1.6323719024658203,L,1.59890615940094,M,1.711157202720642,L,2.738077163696289,L,2.937732696533203,M,1.791057825088501,L,2.129819869995117,L,1.87073814868927,L,1.427932858467102,M,1.6727079153060913,I,1.524896502494812,M,2.7493233680725098,L,1.6523851156234741,M,1.5856318473815918,F,3.2667627334594727,I,2.1700286865234375,I,1.8393021821975708,I,1.5094372034072876,M,2.7540323734283447
374,S,1.653882438937823,D,1.5315004587173462,V,1.473981499671936,D,3.01837420463562,T,1.2262544631958008,N,1.154066801071167,N,1.1478523015975952,T,1.0966012477874756,T,1.010952353477478,E,2.397634983062744,E,2.374423027038574,T,1.822479248046875,P,1.790173053741455,P,1.7228965759277344,P,1.4521982669830322,T,0.9778438806533813,T,1.9337599277496338,T,1.7197680473327637,N,1.1338555812835693,T,1.7063844203948975,G,1.7183893918991089,T,1.3843729496002197,T,2.2234532833099365,T,1.9212751388549805,T,1.7546874284744263
375,F,1.6052639087041218,I,1.3407459259033203,Y,1.9456298351287842,F,1.3665059804916382,F,1.4357291460037231,F,1.1196515560150146,F,1.2150033712387085,F,1.1343576908111572,F,1.0633084774017334,F,1.104419231414795,F,1.102384090423584,F,1.1879806518554688,F,0.9772790670394897,F,2.34944486618042,F,5.14670991897583,F,1.0243116617202759,F,1.3015228509902954,F,2.1715731620788574,F,1.2183412313461304,F,2.9354171752929688,F,1.7495691776275635,F,1.3015730381011963,F,1.0789551734924316,F,1.2960859537124634,F,1.9598345756530762
376,A,1.5914750744899113,L,1.480794072151184,A,3.0457780361175537,A,1.583852767944336,I,1.5738409757614136,I,1.5726906061172485,I,1.5550992488861084,I,1.4548252820968628,G,1.3830091953277588,S,1.1624679565429688,S,1.170830249786377,C,1.2309566736221313,V,1.2317302227020264,V,2.457181692123413,A,2.3444154262542725,C,1.3991597890853882,S,1.4356905221939087,C,1.0755863189697266,I,1.571936845779419,C,1.651193618774414,A,1.2537263631820679,T,1.4882255792617798,T,1.3028864860534668,S,1.3762099742889404,C,2.3933138847351074
377,R,1.9645944833755493,N,2.649075984954834,R,1.4104773998260498,R,2.5156216621398926,R,1.947854995727539,R,2.8808281421661377,R,2.8427553176879883,R,2.778273105621338,R,2.7172510623931885,R,1.3978374004364014,R,1.3920444250106812,R,1.5401630401611328,R,2.20172119140625,R,1.7568962574005127,R,1.1863794326782227,R,2.636007785797119,R,1.6342031955718994,R,1.2091996669769287,R,2.8448140621185303,R,2.2080228328704834,R,0.8354144096374512,R,2.20070219039917,R,1.544903039932251,R,1.65621817111969,R,1.1636028289794922
378,D,1.9135522445042927,D,1.5205528736114502,D,1.9081765413284302,H,0.9742097854614258,H,1.3872569799423218,H,2.768003463745117,H,2.7475717067718506,H,2.667555332183838,H,1.5927720069885254,D,1.7857928276062012,D,1.7737245559692383,H,1.8854150772094727,D,2.141883373260498,D,1.0882312059402466,D,1.3916908502578735,H,1.5840907096862793,H,2.0595781803131104,H,1.586031198501587,H,2.7652454376220703,H,1.9326938390731812,D,3.29013991355896,H,1.397761344909668,H,1.9808634519577026,H,2.073035717010498,H,1.6229774951934814
379,R,2.3877777804931006,D,0.9691978693008423,R,1.7718596458435059,R,1.0498299598693848,R,3.0598764419555664,R,2.29400634765625,R,2.37566876411438,R,2.1238386631011963,R,2.692795753479004,R,3.9241626262664795,R,3.9461734294891357,R,1.6153920888900757,R,3.0607519149780273,R,2.161813735961914,R,1.615920066833496,R,2.9099881649017334,R,2.541905641555786,R,2.761019468307495,R,2.4498798847198486,R,1.843051791191101,R,2.621124267578125,R,2.8158371448516846,R,1.373359203338623,R,2.5814218521118164,R,2.7477920055389404
380,P,2.0147529542446136,I,2.849433183670044,L,2.3995299339294434,H,1.675333023071289,Q,1.726930022239685,H,1.7309821844100952,H,1.716056227684021,H,2.5680902004241943,H,1.859157681465149,L,2.486937999725342,L,2.5020501613616943,H,2.861180067062378,I,1.8521289825439453,I,2.0067005157470703,I,1.5297836065292358,H,1.8958628177642822,H,2.3880746364593506,H,1.4506962299346924,H,1.740071415901184,H,1.2184776067733765,L,1.5437297821044922,H,1.7250587940216064,H,2.695117950439453,H,2.388908863067627,H,1.5437790155410767
381,V,2.0583729247252145,L,2.186424732208252,V,1.5999133586883545,V,2.0924551486968994,V,1.7789877653121948,V,1.7003417015075684,V,1.6651315689086914,I,1.4654300212860107,V,3.646794557571411,V,2.3950912952423096,V,2.421175003051758,V,1.6174352169036865,V,1.7828848361968994,V,2.558889150619507,V,2.1015920639038086,V,3.7995128631591797,V,1.7055925130844116,V,2.0257136821746826,V,1.663308024406433,V,2.48142671585083,V,1.0496901273727417,V,1.6887469291687012,V,1.8399182558059692,V,1.7394670248031616,V,2.3950276374816895
382,E,1.928516800204913,I,1.7329949140548706,E,2.9905078411102295,E,0.845295786857605,E,2.3565492630004883,E,2.202346086502075,E,2.132112979888916,E,1.827933669090271,E,2.15545654296875,E,1.5784571170806885,E,1.5766794681549072,E,1.5649718046188354,E,2.7163705825805664,E,1.1937003135681152,E,1.2281136512756348,E,2.3723740577697754,E,1.78583824634552,E,1.6604981422424316,E,2.170027494430542,E,2.920013189315796,E,1.6225813627243042,E,2.57317852973938,E,1.6004055738449097,E,1.7818015813827515,E,1.6961950063705444
383,N,1.814139539996783,Y,2.3707261085510254,A,2.4170758724212646,Y,1.5910941362380981,F,1.7009998559951782,F,1.6845506429672241,F,1.689234972000122,F,1.4162318706512451,Y,1.8262665271759033,C,1.4787765741348267,C,1.5078264474868774,Y,2.518880844116211,C,1.5428279638290405,C,1.2747994661331177,A,2.4207050800323486,Y,1.6008455753326416,Y,1.4624782800674438,Y,1.7786388397216797,F,1.6845436096191406,Y,1.23223876953125,N,2.161149501800537,Y,2.0631091594696045,Y,2.7969181537628174,Y,1.4788520336151123,Y,1.8405786752700806
384,F,2.4266324937343597,L,6.508102893829346,F,1.805405855178833,Y,4.96858549118042,Y,2.2448346614837646,Y,2.1138906478881836,Y,2.1007449626922607,Y,3.707329511642456,Y,2.4333078861236572,F,1.5844273567199707,F,1.5506905317306519,Y,1.3540786504745483,Y,1.2490153312683105,F,2.234097719192505,H,2.9064249992370605,Y,2.1837339401245117,Y,1.6032602787017822,Y,2.584155797958374,Y,2.107572555541992,Y,1.4536447525024414,F,4.326296806335449,Y,2.203612804412842,Y,2.0456554889678955,Y,1.6048171520233154,Y,1.3654937744140625
385,F,1.6890528698762257,N,1.392394781112671,L,0.978914737701416,L,0.9902708530426025,T,2.0162549018859863,T,1.9192177057266235,T,1.8896948099136353,T,1.7188184261322021,T,1.3942686319351196,F,1.4101818799972534,F,1.4965367317199707,T,2.1289823055267334,Y,2.402157783508301,F,1.863927960395813,Y,1.4298725128173828,T,1.2041568756103516,T,2.5227067470550537,T,1.5891211032867432,T,1.9143567085266113,A,1.6006988286972046,M,1.3008259534835815,T,1.4213097095489502,T,1.8619232177734375,T,2.5129380226135254,T,1.5777376890182495
386,W,1.9120623618364334,E,2.666032552719116,W,1.1354928016662598,W,1.6735105514526367,L,1.263867735862732,L,1.3191943168640137,L,1.3591415882110596,L,1.1428967714309692,L,1.7024730443954468,W,3.136262893676758,W,2.916290760040283,L,3.3191304206848145,W,2.097226142883301,W,1.5975772142410278,W,1.824880599975586,L,1.8582282066345215,L,1.7195485830307007,L,2.659511089324951,L,1.3521689176559448,L,1.817282795906067,W,1.7542641162872314,L,1.910409927368164,L,1.7260264158248901,L,1.7295154333114624,L,2.208563804626465
387,T,1.5775932123263676,F,1.5244475603103638,Q,1.3736846446990967,A,1.547762155532837,V,1.2690669298171997,V,1.3817024230957031,V,1.248935341835022,A,1.0092216730117798,A,1.2478339672088623,T,2.0445010662078857,T,2.0829930305480957,A,1.5794059038162231,T,1.1361445188522339,A,2.113389015197754,A,1.4701439142227173,A,1.1821558475494385,A,1.848488688468933,A,1.9884287118911743,V,1.2456597089767456,A,1.8735978603363037,T,1.4439069032669067,A,1.2528443336486816,A,1.8878703117370605,A,1.871349811553955,A,2.2387027740478516
388,V,2.087965279817581,-,,V,1.4215712547302246,-,,S,3.821632146835327,S,3.3073348999023438,S,3.3097329139709473,S,2.7530722618103027,-,,T,1.6683571338653564,T,1.6685755252838135,S,1.119375467300415,T,0.9767767190933228,I,1.8831666707992554,I,1.8507474660873413,S,1.7570656538009644,A,1.3610968589782715,-,,S,3.293152332305908,-,,V,1.8511452674865723,-,,-,,A,1.3646419048309326,-,
389,G,2.2652396043141683,M,2.0514657497406006,G,2.2290210723876953,A,1.6976011991500854,-,,-,,-,,-,,S,1.7152166366577148,G,2.149552345275879,G,2.0118563175201416,-,,G,1.2460023164749146,A,4.661884784698486,G,2.1966896057128906,-,,-,,S,1.8029098510742188,-,,S,3.56588077545166,A,1.2207424640655518,S,4.528161525726318,S,1.2941696643829346,-,,S,1.6074397563934326
390,-,2.3486488784352937,S,0.7899423241615295,V,2.861380100250244,T,1.9220969676971436,G,2.005333423614502,G,1.6178654432296753,G,2.0630626678466797,G,1.7884299755096436,C,1.954999566078186,V,1.9252848625183105,V,1.911980152130127,C,4.019481658935547,V,5.669934272766113,A,1.185919165611267,T,1.4893343448638916,C,2.012260675430298,C,4.4395551681518555,C,1.0589696168899536,G,2.075572967529297,C,2.2688488960266113,E,1.1346062421798706,C,1.8760770559310913,C,4.0981669425964355,C,4.367772102355957,C,1.8306984901428223
391,L,1.8318250494844772,I,0.6462593674659729,-,,G,1.9983279705047607,I,1.3846207857131958,I,1.370776653289795,I,1.166324496269226,I,0.8259613513946533,I,1.103102684020996,-,,-,,I,1.9684191942214966,-,,-,,-,,I,0.9830741882324219,I,2.438089370727539,I,3.635127305984497,I,1.1595064401626587,I,2.864051103591919,-,,I,1.4975502490997314,I,1.8887929916381836,I,2.4780421257019043,I,3.732999563217163
392,I,1.7421370148658752,F,1.5749768018722534,R,2.843862771987915,C,2.1765408515930176,D,1.47172212600708,D,1.1815766096115112,D,1.1374058723449707,D,1.3450125455856323,A,1.7813637256622314,I,1.2854394912719727,I,1.4982781410217285,A,1.278336763381958,V,2.207422971725464,F,2.380060911178589,L,2.8907885551452637,A,1.827347755432129,A,1.4536645412445068,A,2.2679595947265625,D,1.1609045267105103,A,1.6828137636184692,N,1.7914001941680908,A,1.619229793548584,A,1.5022013187408447,A,1.4497066736221313,A,2.00327205657959
393,-,,-,,-,,-,,-,,-,,-,,-,,-,,-,,-,,-,,-,,-,,-,,-,,-,,-,,-,,-,,-,,-,,-,,-,,-,
394,F,1.958713322877884,E,2.0551095008850098,F,3.019914388656616,I,1.3812087774276733,M,2.0641462802886963,M,1.9055113792419434,M,2.173124313354492,M,2.9667370319366455,F,2.342904567718506,F,3.1860640048980713,F,3.181933879852295,F,1.4342751502990723,E,1.9620473384857178,E,1.28511643409729,E,1.781982183456421,F,2.074500799179077,N,1.3206076622009277,F,1.038652777671814,M,2.3240151405334473,F,2.2524781227111816,Y,1.836222529411316,F,1.2854596376419067,F,1.5423589944839478,N,1.3207976818084717,F,1.2739511728286743
395,Q,1.9928298443555832,P,1.8582308292388916,E,4.26969051361084,E,2.1113624572753906,E,1.9961045980453491,E,1.8863601684570312,E,1.8415662050247192,E,2.5048599243164062,E,1.8175112009048462,D,2.4476802349090576,D,2.5379478931427,E,1.8666987419128418,R,1.6577056646347046,P,1.310457706451416,P,3.095001220703125,E,1.835145115852356,D,1.3938961029052734,E,1.599915623664856,E,1.8356499671936035,E,1.345023274421692,L,1.9737300872802734,E,2.258547067642212,E,1.363060712814331,D,1.4164013862609863,E,1.6053695678710938
396,P,2.1789502948522568,E,3.168513298034668,P,2.726526975631714,P,3.523444890975952,P,2.2821714878082275,P,2.109966278076172,P,2.0499093532562256,P,2.135065793991089,P,2.3448314666748047,P,1.524978756904602,P,1.5106862783432007,P,1.924839973449707,R,2.435192584991455,H,2.7347772121429443,Y,2.4604697227478027,P,2.3329923152923584,P,1.8458703756332397,P,1.9000325202941895,P,2.0495810508728027,P,1.5004351139068604,P,1.9737272262573242,P,2.0501480102539062,P,2.281898260116577,P,1.8518145084381104,P,1.5769336223602295
397,Q,1.9290338456630707,D,1.2007923126220703,Q,1.515227198600769,K,1.3372046947479248,K,2.7605185508728027,K,2.190561532974243,K,2.147160053253174,K,2.7475156784057617,Q,2.489729881286621,Q,2.281487226486206,Q,2.0170342922210693,Q,1.993966817855835,E,1.2637221813201904,Q,1.35723078250885,Q,1.6477127075195312,Q,2.5203568935394287,K,1.2527250051498413,Q,1.7963929176330566,K,2.1443541049957275,Q,1.9482499361038208,H,1.7870697975158691,Q,2.6516456604003906,Q,2.0380165576934814,K,1.2789294719696045,Q,1.9292080402374268
398,F,2.2087535510460534,A,2.009699583053589,F,0.5960260629653931,Y,2.123711347579956,R,2.675884246826172,H,2.7427730560302734,H,2.6804325580596924,H,3.9459352493286133,H,2.7200920581817627,F,1.415168285369873,F,1.4150446653366089,H,2.2751054763793945,H,1.1530470848083496,Y,1.3937443494796753,Y,1.6144261360168457,H,2.7162890434265137,H,2.751878023147583,H,1.759244441986084,H,2.6729745864868164,H,3.0639870166778564,F,1.025693655014038,H,2.8341710567474365,H,2.5334291458129883,H,2.8460888862609863,H,2.045239210128784
399,G,2.0813631812731423,Q,1.969001054763794,S,3.115558385848999,S,3.1344447135925293,S,1.6347914934158325,S,1.5467802286148071,S,1.5567023754119873,S,1.717172384262085,S,1.752510905265808,E,2.0540707111358643,E,1.922632098197937,S,2.9128916263580322,G,2.1767566204071045,S,2.1618194580078125,R,1.5763635635375977,S,1.7206342220306396,S,2.6525580883026123,S,2.106642246246338,C,1.5510727167129517,S,1.845567226409912,Q,1.2314709424972534,S,1.6707565784454346,S,2.918596029281616,S,2.696293830871582,S,2.3276288509368896
400,Y,2.2828082144260406,D,2.648378372192383,H,4.784066200256348,A,0.967242956161499,T,2.5306971073150635,T,2.49307918548584,T,2.5379226207733154,A,2.05653715133667,G,2.23335862159729,R,2.4436419010162354,R,2.4587650299072266,G,1.4811491966247559,Y,1.3418304920196533,Y,2.0918986797332764,Y,2.721529483795166,G,2.2330994606018066,A,1.6054531335830688,G,3.0260512828826904,T,2.537177085876465,G,1.75901198387146,T,2.6751577854156494,G,2.0444562435150146,G,1.6468431949615479,A,1.6594587564468384,G,2.810591220855713
401,C,2.144995058576266,L,5.091800689697266,F,1.52988600730896,F,2.0010430812835693,F,2.3081278800964355,F,1.8406600952148438,F,1.851281762123108,F,1.9845365285873413,F,2.0925838947296143,C,2.6227059364318848,C,2.654820442199707,F,2.101454973220825,E,1.243720293045044,Q,1.780916690826416,Q,1.9913418292999268,F,1.9482799768447876,F,2.4531116485595703,F,1.4530385732650757,F,1.866138219833374,F,1.2138968706130981,G,3.772491216659546,F,1.5762327909469604,F,2.2607152462005615,F,2.367327928543091,F,1.4737688302993774
402,R,1.818188726902008,E,1.155212163925171,R,1.0922863483428955,R,1.687718152999878,R,1.7016627788543701,R,1.6308894157409668,R,1.6620591878890991,R,1.48755943775177,R,1.4689003229141235,R,1.329586148262024,R,1.327663779258728,R,1.9545807838439941,R,2.7528576850891113,R,4.6177568435668945,R,1.1763744354248047,R,1.465341329574585,R,2.5066518783569336,R,2.0716609954833984,R,1.6814372539520264,R,2.0141372680664062,R,1.187880516052246,R,1.6028079986572266,R,1.6483098268508911,R,2.3771371841430664,R,2.036057710647583
403,R,1.9509787758191426,R,1.3652851581573486,R,3.5828442573547363,I,1.5770032405853271,I,1.1406350135803223,L,1.6533788442611694,L,1.671010971069336,L,0.9759731292724609,L,1.7740739583969116,G,1.726174235343933,G,1.7236424684524536,L,1.7079042196273804,I,1.3213034868240356,K,1.0929352045059204,S,2.1742920875549316,L,1.832628607749939,L,1.6150784492492676,L,1.995510458946228,L,1.7080819606781006,L,6.239270210266113,G,3.026475667953491,L,1.7997820377349854,L,1.5069490671157837,L,1.704896330833435,L,1.908361554145813
404,M,2.442925840616226,I,1.8013982772827148,I,2.2963955402374268,G,6.206693172454834,N,2.9926586151123047,S,4.434365749359131,S,3.8506860733032227,S,3.403369426727295,G,3.2870523929595947,V,1.8324573040008545,V,1.8230195045471191,G,1.8010741472244263,M,1.4158447980880737,M,2.802168846130371,L,1.8280951976776123,G,3.3383636474609375,G,0.9504199028015137,G,1.4586353302001953,S,3.4587583541870117,G,1.4294716119766235,V,2.4070844650268555,G,1.5875521898269653,G,1.7659600973129272,G,1.027364730834961,G,1.4313308000564575
405,F,1.9707022209962208,W,2.543678045272827,S,4.015665054321289,F,1.6303240060806274,F,1.7184301614761353,F,1.6214340925216675,F,1.5827497243881226,F,1.6244242191314697,F,1.79075288772583,L,2.686509847640991,L,2.615405559539795,F,3.4061355590820312,L,2.033081293106079,A,1.5658807754516602,I,1.1634877920150757,F,1.8231918811798096,F,1.8913040161132812,F,1.6747212409973145,F,1.604264259338379,F,2.033517360687256,L,1.4659768342971802,F,1.4671863317489624,F,1.5906647443771362,F,1.974941372871399,F,1.773126244544983
406,T,1.982924943168958,D,1.4366480112075806,A,1.323353886604309,A,1.8102996349334717,V,1.855053186416626,V,1.578694224357605,V,1.6600258350372314,V,1.4109923839569092,A,1.9126269817352295,T,2.271109104156494,T,2.2996714115142822,A,1.6699920892715454,T,1.4782837629318237,A,1.1032758951187134,A,1.2761610746383667,A,1.9111303091049194,G,2.15828800201416,A,4.138515472412109,V,1.7187550067901611,T,2.779381036758423,T,2.5631566047668457,A,1.5826544761657715,A,1.8043553829193115,G,1.7894004583358765,A,4.058374404907227
407,K,1.5024037594380586,-,,R,2.2554073333740234,K,4.465941905975342,K,0.8532304167747498,K,1.1591696739196777,K,0.8220999836921692,K,1.2411192655563354,K,1.343855857849121,K,1.0829997062683105,K,1.079691767692566,K,2.0870468616485596,K,1.5142379999160767,V,0.9800748229026794,K,1.357212781906128,K,1.2752634286880493,K,1.3938425779342651,K,1.6867424249649048,K,0.8378546237945557,K,1.8367582559585571,K,1.3117419481277466,K,1.2379835844039917,K,1.6503925323486328,K,1.3689215183258057,K,1.7136971950531006
408,V,1.7446408219959424,-,,I,1.1074178218841553,L,1.7456331253051758,I,1.6333889961242676,M,1.42702317237854,M,1.6825021505355835,M,1.8205339908599854,T,1.944738745689392,V,1.6820317506790161,V,1.5928632020950317,T,1.106251835823059,I,3.650059223175049,I,1.7009499073028564,I,4.195460796356201,A,1.9234950542449951,I,0.9684522151947021,A,1.824798822402954,M,1.6979520320892334,M,1.9397430419921875,V,0.975774884223938,A,1.7293628454208374,A,1.0031051635742188,I,1.102221965789795,A,1.672978162765503
409,F,2.907641369363536,-,,Y,1.2392154932022095,S,2.1951305866241455,C,3.5085675716400146,C,6.854526042938232,C,7.321704387664795,C,6.743225574493408,C,3.022006034851074,N,1.3434343338012695,N,1.318472981452942,C,2.2933175563812256,N,1.0398601293563843,I,1.897633671760559,I,2.527799606323242,C,3.194033145904541,S,1.7461436986923218,C,1.1202470064163208,C,6.854033946990967,S,1.2639954090118408,N,1.2848273515701294,C,5.523792266845703,C,1.6353871822357178,S,1.7518616914749146,C,1.1965358257293701
410,A,2.3357433236163594,-,,A,1.6999151706695557,A,1.4360098838806152,H,1.4197129011154175,H,1.284728765487671,H,1.314426064491272,H,1.278909683227539,H,1.5021740198135376,Q,2.90667462348938,Q,3.168022871017456,H,3.2014005184173584,A,1.843528389930725,T,1.7578376531600952,A,2.0214285850524902,H,1.3738317489624023,H,4.898364067077637,H,2.234701156616211,H,1.37324857711792,H,3.9328041076660156,A,1.9564483165740967,H,1.5060583353042603,H,4.929530620574951,H,4.513091564178467,H,2.1692488193511963
411,L,2.151295921076899,-,,L,2.480168342590332,L,3.2007548809051514,F,2.091944456100464,L,1.732092022895813,L,1.8534382581710815,L,2.359912872314453,I,1.687762975692749,L,1.8091356754302979,L,1.77676260471344,L,1.470023512840271,L,2.7719907760620117,F,3.490065097808838,L,1.7417278289794922,I,1.668588638305664,M,1.1780006885528564,I,2.8443968296051025,L,1.7411810159683228,L,4.614588737487793,M,1.6480218172073364,I,1.6666197776794434,I,1.6008191108703613,M,1.10707426071167,I,2.9447360038757324
412,I,2.4135345842527305,-,,I,1.7310872077941895,V,3.5088300704956055,V,3.068946123123169,I,3.9828429222106934,I,3.8486745357513428,I,3.324021100997925,I,2.644404172897339,V,2.9903531074523926,V,2.952822685241699,I,1.5458247661590576,V,1.2785487174987793,I,1.4339263439178467,T,2.4277708530426025,I,2.7154693603515625,I,1.2266173362731934,I,1.2564526796340942,I,3.9078927040100098,I,2.9196488857269287,I,2.0597455501556396,I,2.3900749683380127,I,1.9930481910705566,I,1.1847344636917114,I,1.1195586919784546
413,T,2.1671997010707855,F,1.5700327157974243,T,1.8982081413269043,T,3.3036389350891113,T,2.31504225730896,T,1.9552319049835205,T,1.9507633447647095,T,1.8342937231063843,T,3.0500476360321045,S,1.3648383617401123,S,1.3253943920135498,T,2.995314598083496,T,0.9772205352783203,T,1.5469119548797607,T,2.825075387954712,T,3.104083776473999,T,2.905891180038452,T,1.6712921857833862,T,1.957918405532837,T,1.881959319114685,T,2.5404438972473145,T,2.0559747219085693,T,2.3572115898132324,T,2.8477187156677246,T,1.7782851457595825
414,T,2.0902104352911315,L,1.5222123861312866,I,3.937175989151001,Y,1.4458259344100952,I,2.3329107761383057,V,1.7396196126937866,V,1.684317708015442,V,1.5857300758361816,I,2.4561243057250977,T,1.2784028053283691,T,1.413832187652588,V,2.0080246925354004,T,1.8066084384918213,I,1.3721778392791748,V,1.1797131299972534,I,2.4629158973693848,I,3.850191354751587,V,2.680283546447754,V,1.7067447900772095,V,0.9057866930961609,T,2.989993095397949,V,2.217930316925049,V,1.5474345684051514,I,3.432359218597412,V,2.6087350845336914
415,I,1.8745459864536922,D,1.1908448934555054,I,2.025306463241577,L,1.6411616802215576,L,2.4742519855499268,L,1.0229920148849487,L,1.1028996706008911,L,2.618349313735962,L,1.5125857591629028,I,2.9500577449798584,I,2.9340627193450928,L,2.3896071910858154,I,2.0453648567199707,I,2.263322591781616,V,2.1826283931732178,L,2.0491042137145996,L,1.7750518321990967,L,1.7555463314056396,L,1.1012996435165405,L,1.3450933694839478,I,1.870996117591858,L,1.3270519971847534,L,1.8132468461990356,L,1.7939507961273193,L,1.8043272495269775
416,D,2.94062169889609,F,2.799919843673706,D,1.5674586296081543,D,1.6161831617355347,D,4.196121692657471,D,3.8261139392852783,D,3.670943260192871,D,3.5903494358062744,D,4.311476707458496,D,1.5965207815170288,D,1.4189057350158691,D,1.17356276512146,D,2.120999574661255,D,1.7647656202316284,D,1.1432440280914307,D,4.244856834411621,D,4.34035062789917,D,3.056838035583496,D,3.726783037185669,D,1.5963070392608643,D,5.8272929191589355,D,4.576480865478516,D,1.4073998928070068,D,4.259963512420654,D,2.7420828342437744
417,D,2.713757038116455,Y,1.9673718214035034,D,1.6754825115203857,D,1.6425397396087646,D,1.766821026802063,D,1.7465004920959473,D,1.7812793254852295,D,1.903480887413025,D,4.855769634246826,D,1.7729229927062988,D,1.7130224704742432,D,3.485206127166748,D,3.5654308795928955,D,4.92214822769165,D,1.2633458375930786,D,4.692214488983154,D,5.420109272003174,D,1.2723637819290161,D,1.7415692806243896,D,1.5962145328521729,D,1.1425697803497314,D,4.8203959465026855,D,4.373117446899414,D,4.695552349090576,D,1.3147400617599487
418,V,2.984183962146441,Q,1.3775317668914795,I,1.0088943243026733,M,2.1480348110198975,M,3.9173216819763184,M,3.2851617336273193,M,3.181269645690918,I,3.3215038776397705,M,1.5091745853424072,V,3.934041738510132,V,4.085841178894043,M,3.9686944484710693,V,2.2275359630584717,V,1.884838342666626,V,2.2813847064971924,M,1.5237969160079956,I,4.937847137451172,M,3.94995379447937,M,3.2750701904296875,M,1.120668649673462,V,1.3033722639083862,M,2.9764950275421143,M,5.376079082489014,I,4.962594985961914,M,4.063308238983154
419,Y,2.443502721687158,P,4.230895519256592,Y,2.7632663249969482,Y,3.4667985439300537,Y,1.9206922054290771,Y,2.0689821243286133,Y,1.978499174118042,Y,2.365591287612915,Y,2.0088024139404297,Y,1.1745206117630005,Y,1.167099952697754,Y,2.627507448196411,F,2.6031062602996826,Y,1.1250653266906738,Y,1.341507077217102,Y,2.012756824493408,Y,3.0516934394836426,Y,4.9419846534729,Y,1.9805210828781128,Y,2.6272075176239014,Y,0.9190471768379211,Y,1.9552147388458252,Y,2.8261613845825195,Y,3.0761325359344482,Y,4.411011695861816
420,D,2.0905657609303794,Y,2.6804990768432617,D,2.5490808486938477,D,1.5206104516983032,D,0.9371083974838257,D,1.066240668296814,D,1.0441656112670898,D,0.9635955095291138,D,0.9215447902679443,D,3.5926175117492676,D,3.386953115463257,D,1.9267092943191528,D,0.9806822538375854,D,2.935643434524536,D,2.6510276794433594,D,0.9367094039916992,D,3.933058977127075,D,2.981358528137207,D,1.0529159307479858,D,2.5310442447662354,D,1.6525778770446777,D,0.8269380331039429,D,2.099947690963745,D,3.955885887145996,D,3.0466630458831787
421,V,1.5902353475491207,F,1.830180287361145,V,1.1194850206375122,T,1.216687798500061,T,1.6630233526229858,T,1.411231517791748,T,1.382500410079956,T,1.788617730140686,T,1.5439653396606445,V,1.671944499015808,V,1.6710739135742188,T,2.236863613128662,I,1.5230658054351807,V,1.2727649211883545,V,1.8147934675216675,T,1.5213918685913086,T,1.7304701805114746,T,2.1941070556640625,T,1.4135992527008057,V,1.579716682434082,V,1.4759703874588013,L,1.2186590433120728,L,0.9951151609420776,T,1.729080319404602,T,2.1613407135009766
422,Y,1.7847358402998552,S,2.1414825916290283,Y,1.1712206602096558,-,,F,1.402445912361145,F,1.883652687072754,F,1.7717742919921875,F,1.8741718530654907,F,1.9396411180496216,Y,1.4232048988342285,Y,1.19449782371521,F,1.3687928915023804,Y,1.6766958236694336,Y,1.9461534023284912,Y,2.071636199951172,F,1.8987128734588623,F,2.3965682983398438,F,0.871661901473999,F,1.438900351524353,F,2.8762619495391846,Y,3.432324171066284,F,1.603902816772461,F,1.4162688255310059,F,2.3701705932617188,F,0.8787823915481567
423,G,1.6702915529410045,K,1.809018611907959,G,1.5319850444793701,Y,1.7993793487548828,G,1.6480681896209717,G,1.0827300548553467,G,1.1729875802993774,G,1.355280876159668,G,1.8988666534423828,G,2.0958242416381836,G,1.995008111000061,G,1.5087506771087646,G,3.912804365158081,G,2.798682689666748,G,1.7133129835128784,G,1.8750373125076294,G,0.9027786254882812,G,1.1533174514770508,G,1.2138426303863525,G,1.7380448579788208,G,1.166391372680664,G,1.8663086891174316,G,1.7220786809921265,G,0.8030993938446045,G,1.3233988285064697
424,T,1.9186221212148666,V,1.639277696609497,T,1.6530284881591797,D,1.5562011003494263,T,1.4602103233337402,T,1.3384591341018677,T,1.3028147220611572,T,1.7599103450775146,T,1.5953434705734253,S,3.1351547241210938,S,3.42987060546875,T,1.4789067506790161,T,3.158681631088257,T,2.062053918838501,T,4.409466743469238,T,1.6165542602539062,T,1.3599450588226318,T,1.6714733839035034,T,1.3246614933013916,T,0.8534365892410278,T,3.026686668395996,T,1.5809094905853271,T,1.5716617107391357,T,1.3712610006332397,T,1.6909615993499756
425,L,2.29834775129954,D,1.5422388315200806,L,4.587197303771973,F,1.3399771451950073,I,2.0884993076324463,I,4.665064811706543,I,4.4734392166137695,M,1.5123567581176758,V,2.6445472240448,L,1.399074912071228,L,1.5754469633102417,V,1.782597541809082,L,1.07663893699646,I,3.713397264480591,L,1.0536649227142334,V,2.6150190830230713,M,1.8962010145187378,L,1.7434741258621216,I,4.5487189292907715,V,2.272160530090332,L,1.2560127973556519,V,2.3521006107330322,V,1.2854058742523193,M,1.9199119806289673,L,1.817199945449829
426,D,2.1130144397417703,G,1.666928768157959,E,1.4202513694763184,D,2.0860347747802734,D,4.801815509796143,D,2.3257014751434326,D,2.3128724098205566,D,3.4139626026153564,D,2.7205655574798584,E,0.9253062009811401,E,0.8959793448448181,D,2.197800874710083,E,1.7595841884613037,E,0.985093891620636,D,2.0227210521698,D,2.668365955352783,E,2.169755458831787,D,1.7617700099945068,D,2.335632085800171,D,1.9352407455444336,P,1.7989412546157837,D,2.16549015045166,E,2.492793321609497,E,2.2256617546081543,D,1.6240777969360352
427,E,2.038052886724472,K,6.123140811920166,E,1.9698468446731567,E,2.731135129928589,E,1.254170298576355,E,1.8294565677642822,E,1.7526497840881348,E,1.0853631496429443,E,1.793897271156311,E,2.0391550064086914,E,1.8294456005096436,E,2.3360939025878906,E,1.2737809419631958,E,1.5502690076828003,E,1.7138231992721558,E,1.742427945137024,E,1.616210699081421,E,2.3180854320526123,E,1.7624421119689941,E,1.5891728401184082,E,2.207772970199585,E,1.6751744747161865,E,2.9121804237365723,E,1.619198203086853,E,2.1883766651153564
428,L,2.42409876982371,I,2.9686648845672607,L,1.9854947328567505,I,1.4339717626571655,L,1.1374082565307617,L,1.8101356029510498,L,1.8450944423675537,L,2.8117880821228027,L,3.7736823558807373,L,3.392228603363037,L,3.4346835613250732,L,1.9818055629730225,L,1.308732032775879,L,4.397830963134766,P,1.2966082096099854,L,3.8342127799987793,L,1.9774324893951416,L,2.0508925914764404,L,1.8921557664871216,L,2.0206072330474854,L,4.51901388168335,L,2.367922306060791,L,1.5959811210632324,L,1.7013827562332153,L,2.6406404972076416
429,E,1.9259983400503795,V,1.4365253448486328,E,1.8285986185073853,K,1.3152744770050049,R,2.4511327743530273,R,1.1689671277999878,R,1.1570063829421997,R,1.7036558389663696,E,1.1082775592803955,E,2.876065969467163,E,2.759187936782837,E,3.172069787979126,Q,2.1195483207702637,E,2.3987607955932617,Q,0.992951512336731,E,1.118699550628662,K,1.8511877059936523,E,2.1519229412078857,R,1.1677286624908447,E,4.60080099105835,E,1.083595633506775,K,1.7739250659942627,K,2.8698487281799316,E,1.8755751848220825,E,1.242653250694275
430,L,2.2020437976588374,-,,L,1.252223253250122,I,5.41492223739624,L,1.9359822273254395,L,2.7742581367492676,L,2.7603189945220947,L,2.451611280441284,L,1.741373062133789,L,2.3721745014190674,L,2.3902246952056885,L,1.8073376417160034,L,1.914380431175232,L,1.2105913162231445,L,1.6491577625274658,L,1.7841377258300781,L,1.8718348741531372,L,2.776888132095337,L,2.7707104682922363,L,1.739725112915039,L,0.7689840793609619,L,1.9431517124176025,L,1.640753149986267,L,1.9257599115371704,L,3.750506639480591
431,F,2.2164324366528056,-,,F,1.5680055618286133,F,1.4990957975387573,F,2.262053966522217,F,3.8894176483154297,F,3.7179620265960693,F,3.662342071533203,F,1.6119658946990967,F,1.727783203125,F,1.9083805084228516,F,1.145448923110962,F,3.9361586570739746,L,1.2385659217834473,F,1.9647992849349976,F,1.633899450302124,L,2.964179039001465,F,1.4118307828903198,F,3.4281978607177734,F,1.5063012838363647,F,2.3464691638946533,F,1.340391755104065,F,2.2402503490448,L,2.7134416103363037,F,1.2610052824020386
432,T,1.8981547329736792,-,,T,2.4716265201568604,T,1.5156103372573853,T,1.744654655456543,T,1.5034363269805908,T,1.4175317287445068,T,1.7659000158309937,T,1.3571256399154663,T,1.5703096389770508,T,1.6595251560211182,T,1.6778151988983154,T,0.9280716776847839,T,1.9462939500808716,T,1.967332124710083,T,1.362688660621643,T,2.9402167797088623,T,1.7411407232284546,T,1.4222339391708374,T,2.1654839515686035,T,1.844465732574463,T,4.339190483093262,T,1.5721410512924194,T,2.933450698852539,T,1.8113138675689697
433,D,1.580894462440325,-,,K,1.4864414930343628,K,1.8994477987289429,A,1.4937461614608765,A,0.9844903349876404,A,0.961936891078949,S,0.8905948400497437,A,1.1589456796646118,D,1.2788079977035522,D,1.2169609069824219,A,2.653998613357544,T,1.3809784650802612,D,1.5124982595443726,D,3.35136079788208,A,1.1883121728897095,A,1.9084539413452148,S,1.0320615768432617,A,0.9392848610877991,A,2.038447141647339,N,1.4482828378677368,A,1.6209619045257568,A,2.7668240070343018,A,1.9388189315795898,S,1.2089170217514038
434,V,2.5033039424730386,-,,A,1.6223217248916626,A,1.3619569540023804,A,1.6356158256530762,A,4.80621862411499,A,4.696689128875732,A,4.243468284606934,A,4.5077643394470215,A,1.4098871946334839,A,1.3557661771774292,T,0.8106322288513184,A,3.432223081588745,M,1.5660380125045776,A,2.813693046569824,A,4.496631622314453,A,0.8429555892944336,A,2.398136615753174,A,4.697081565856934,T,2.4417176246643066,I,1.4817861318588257,A,2.269960880279541,A,1.2889518737792969,A,0.8549163341522217,A,2.5415778160095215
435,V,1.8569567721822988,-,,V,2.6719112396240234,I,1.5048819780349731,V,2.148935079574585,V,1.3298289775848389,V,1.284668207168579,V,1.0392870903015137,M,1.432958960533142,V,1.710614800453186,V,1.6212471723556519,M,2.382007360458374,I,1.942535400390625,I,2.039475202560425,I,1.8320963382720947,M,1.472967505455017,F,2.847601890563965,I,1.8755282163619995,V,1.2416702508926392,I,1.186105489730835,V,2.7797117233276367,I,1.4651662111282349,I,2.3939807415008545,F,2.8527424335479736,I,1.654083490371704
436,E,1.581379330676535,-,,E,1.8649113178253174,K,1.8937067985534668,T,1.4509557485580444,K,1.5025017261505127,K,1.2878090143203735,K,1.2504980564117432,K,1.4857141971588135,D,1.4451484680175781,D,1.3650747537612915,K,1.0729349851608276,Q,1.3318780660629272,R,1.4540691375732422,R,1.042787790298462,K,1.4723148345947266,K,1.6787846088409424,K,2.382291555404663,K,1.2208170890808105,K,1.648682713508606,N,3.005464792251587,K,1.0545215606689453,K,1.4778028726577759,K,1.624320149421692,K,2.358734369277954
437,R,1.8686905995659207,-,,R,1.289404273033142,R,1.2328639030456543,R,2.348987579345703,R,2.4301116466522217,R,2.308396100997925,R,2.458343505859375,R,2.211395502090454,R,1.499051570892334,R,1.6459351778030396,R,1.8373031616210938,R,1.8829106092453003,R,1.6275861263275146,R,1.5056928396224976,R,2.1120760440826416,R,1.43520188331604,R,2.23929762840271,R,2.2812376022338867,R,1.304429292678833,S,2.6980109214782715,R,1.9627094268798828,R,1.25472092628479,R,1.4636131525039673,R,1.9506049156188965
438,W,2.0773978336997656,-,,W,1.2935113906860352,W,1.8656494617462158,W,4.623005390167236,W,1.388666033744812,W,1.383623719215393,W,1.321673035621643,W,1.3873556852340698,W,3.1311707496643066,W,3.544227123260498,W,2.2406630516052246,W,3.666325807571411,W,3.380488395690918,W,1.6927624940872192,W,1.4006876945495605,W,1.8090527057647705,W,1.762128472328186,W,1.3870152235031128,W,1.2341686487197876,W,2.2376675605773926,W,1.5601774454116821,W,2.117922067642212,W,1.7152856588363647,W,1.6369223594665527
439,D,2.215272867161295,-,,D,3.125051975250244,D,5.795493125915527,D,1.3708611726760864,D,1.304927110671997,D,1.9187644720077515,D,1.8477742671966553,N,2.1390016078948975,D,1.3212029933929443,D,1.283103585243225,D,1.8480453491210938,D,1.5183024406433105,D,2.0643162727355957,D,5.354170322418213,D,2.082587242126465,D,1.5486392974853516,D,2.5025439262390137,D,1.9846452474594116,D,2.6427295207977295,D,1.654649257659912,D,1.7736786603927612,D,1.574102759361267,D,1.7225908041000366,D,2.574094533920288
440,I,2.700373282035192,L,2.4247915744781494,A,2.60945987701416,A,1.8695369958877563,K,1.4222391843795776,P,3.340467929840088,P,4.4868669509887695,R,3.9439175128936768,P,3.5771055221557617,I,2.8165135383605957,I,2.49023175239563,P,2.425244092941284,I,3.8178186416625977,N,2.603121519088745,I,2.0357203483581543,P,3.5187265872955322,P,1.840653419494629,P,1.7810237407684326,P,5.034246444702148,P,1.3910185098648071,I,1.4930988550186157,P,4.589479923248291,P,1.832741379737854,P,1.8576750755310059,P,1.6072593927383423
441,N,2.1224366376797357,D,1.5348995923995972,K,2.1913037300109863,S,1.622037410736084,S,2.370054244995117,S,1.2466435432434082,S,1.5663090944290161,S,1.4164758920669556,S,1.6262173652648926,R,1.9685726165771484,R,1.7206827402114868,S,4.714265823364258,E,1.190378189086914,K,1.3402355909347534,E,1.023648738861084,S,1.6250932216644287,S,3.9759602546691895,S,2.0559816360473633,S,1.6475396156311035,S,2.125798225402832,N,1.6619048118591309,S,1.5160675048828125,S,4.4266204833984375,S,4.341451644897461,S,2.030337333679199
442,A,2.034756898880005,E,2.034756898880005,-,,-,,-,,-,,-,,-,,-,,-,,-,,-,,-,,-,,-,,-,,-,,-,,-,,-,,-,,-,,-,,-,,-,
443,-,1.9438545852899551,K,1.5611742734909058,T,1.419044017791748,I,2.364731788635254,A,1.7760262489318848,T,1.695406198501587,T,1.9393107891082764,E,1.5154541730880737,A,1.8000590801239014,A,1.661434292793274,A,1.8849270343780518,S,1.6951730251312256,S,1.6011972427368164,S,2.1794657707214355,S,2.4153499603271484,A,1.7947876453399658,S,1.4263238906860352,A,3.9009196758270264,T,2.012515068054199,A,1.6741288900375366,A,1.7711377143859863,A,1.7592084407806396,A,1.5137492418289185,S,1.36314058303833,A,3.927845001220703
444,M,2.041009912888209,Y,3.515040159225464,I,2.3370323181152344,I,2.6946752071380615,T,2.5064287185668945,T,2.4347689151763916,T,2.50780987739563,I,2.4165029525756836,A,2.1302661895751953,M,1.8808869123458862,M,1.8469411134719849,I,1.9250210523605347,M,2.1531600952148438,I,0.788994312286377,I,1.1946115493774414,A,2.1298980712890625,I,1.5769672393798828,T,1.576122522354126,T,2.6153013706207275,M,1.6957532167434692,I,1.681609034538269,T,2.524007558822632,T,1.6975868940353394,I,1.556396722793579,T,1.5984559059143066
445,D,1.7580194771289825,L,1.4906772375106812,H,2.8884646892547607,K,1.0000691413879395,E,1.1916314363479614,Q,1.6908600330352783,Q,1.7916953563690186,E,1.5318655967712402,D,1.7568522691726685,E,1.364704966545105,E,1.3503844738006592,D,1.8729749917984009,K,1.5957883596420288,S,2.477712392807007,N,1.1942274570465088,D,1.7798360586166382,E,1.9158772230148315,E,1.7236878871917725,E,2.0541157722473145,E,1.4944933652877808,D,1.7031335830688477,D,1.9836028814315796,D,2.5309879779815674,E,2.083597421646118,E,1.725226879119873
446,Q,2.1467646608750024,V,3.033839702606201,E,1.629364013671875,G,1.0775140523910522,C,1.3524832725524902,C,1.8477524518966675,C,1.843912124633789,C,2.8304388523101807,C,1.7799360752105713,Q,1.71086847782135,Q,1.6748862266540527,C,1.8853002786636353,Q,2.6101181507110596,Q,1.7473831176757812,Q,3.1646060943603516,C,1.8159348964691162,C,1.7556545734405518,C,1.835024118423462,C,1.7205193042755127,C,5.191715717315674,E,2.9914355278015137,C,2.01680850982666,C,1.864832878112793,C,2.25626802444458,C,1.8857554197311401
447,L,1.7270684589942296,R,3.292349100112915,L,1.504154086112976,L,2.2847867012023926,L,1.342973232269287,L,1.1772844791412354,L,1.1893762350082397,L,1.2542604207992554,L,1.4645534753799438,L,1.8684900999069214,L,1.8225523233413696,L,1.26701021194458,L,3.5998709201812744,L,1.395630121231079,L,1.9408323764801025,L,1.4813753366470337,L,1.6440818309783936,L,1.9735782146453857,L,1.1214350461959839,L,1.1535615921020508,L,1.97745943069458,L,1.3062255382537842,L,2.0952658653259277,L,1.5455164909362793,L,1.74701988697052
448,P,1.8104595616459846,T,1.3860430717468262,P,1.7378391027450562,P,1.3903839588165283,P,1.2341346740722656,P,1.815345048904419,P,1.744999885559082,P,1.9474308490753174,P,2.2899489402770996,P,2.1938607692718506,P,2.2179930210113525,P,1.317724347114563,P,1.2503776550292969,P,2.486764907836914,P,3.7602145671844482,P,2.301551580429077,P,0.963749349117279,P,1.7227970361709595,P,1.6821584701538086,P,1.7910704612731934,P,1.6163578033447266,P,2.32027268409729,P,1.4178860187530518,P,1.0702018737792969,P,1.7919234037399292
449,D,1.924524188041687,P,1.8343188762664795,D,1.703556776046753,E,1.182509422302246,E,6.280153274536133,E,1.3751964569091797,E,1.2956609725952148,E,1.2569626569747925,E,1.5513125658035278,E,1.8825358152389526,E,1.8175235986709595,E,2.169889450073242,P,1.1784635782241821,Y,4.169060230255127,H,1.041581630706787,E,1.526979684829712,D,1.746333360671997,E,1.3805608749389648,E,1.058563232421875,E,2.5466411113739014,D,2.1496944427490234,Q,1.3581348657608032,Q,2.3274524211883545,D,1.942521095275879,E,1.4129741191864014
450,Y,2.1354608088731766,S,2.1464576721191406,Y,1.7138071060180664,F,2.7257626056671143,Y,1.0372366905212402,Y,2.5485339164733887,Y,2.3212664127349854,Y,2.718601942062378,Y,1.4660651683807373,Y,4.617535591125488,Y,4.613677501678467,Y,1.4318418502807617,Y,1.263777494430542,Y,2.096770763397217,Y,1.3275452852249146,Y,1.479791283607483,Y,1.70785653591156,Y,2.3725204467773438,Y,2.066481590270996,Y,1.380365014076233,Y,3.1218509674072266,Y,1.626605749130249,Y,1.351008415222168,Y,1.7231587171554565,Y,2.392540693283081
451,M,2.132725179195404,Q,1.0887705087661743,M,2.079645872116089,M,1.399251937866211,M,2.8626761436462402,M,2.748089075088501,M,3.3130834102630615,M,2.471243381500244,M,3.32515025138855,M,1.561531662940979,M,1.527940034866333,M,1.4758797883987427,M,1.8959789276123047,M,1.5542224645614624,L,3.64939284324646,M,3.360097646713257,M,1.6755456924438477,M,1.4796627759933472,M,2.8694534301757812,M,1.376333236694336,L,2.6009626388549805,M,2.1025125980377197,M,1.6223876476287842,M,1.602996587753296,M,1.5425957441329956
452,K,2.043027157584826,M,2.861876964569092,K,1.5026205778121948,K,1.8187834024429321,K,1.663954257965088,K,1.6894350051879883,K,1.5646002292633057,K,1.4919521808624268,K,1.7805875539779663,K,1.5205312967300415,K,1.4937399625778198,K,2.573392391204834,Q,2.689431667327881,Q,2.8568108081817627,Q,1.5683674812316895,K,1.77457857131958,K,2.8844032287597656,K,1.4613763093948364,K,1.4126944541931152,K,2.1306843757629395,K,3.975250005722046,K,1.80718994140625,K,2.3567357063293457,K,2.7117841243743896,K,1.4418712854385376
453,I,2.0968160207072892,P,2.6278188228607178,L,1.466436505317688,V,1.750970721244812,G,1.7547216415405273,G,1.3631149530410767,G,1.6455931663513184,G,0.9990419745445251,G,2.0603384971618652,I,1.5073132514953613,I,1.3735203742980957,G,1.8858723640441895,I,1.2906168699264526,V,2.4993841648101807,L,2.2457618713378906,G,2.041569948196411,G,1.9029428958892822,G,3.4519190788269043,G,3.5101873874664307,G,2.561835527420044,I,4.063120365142822,G,1.2359745502471924,G,1.7099711894989014,G,1.918827772140503,G,3.456730604171753
454,C,1.6370198279619217,L,1.9788401126861572,P,2.655478000640869,A,1.8870567083358765,V,2.631181001663208,V,1.116036057472229,V,1.111224889755249,V,1.002377986907959,M,1.1874030828475952,C,1.8194308280944824,C,1.968902826309204,V,1.8220391273498535,C,1.614863634109497,C,1.7310186624526978,C,2.195164442062378,V,1.224982738494873,V,1.3081449270248413,V,1.6936142444610596,V,0.9735245704650879,V,1.2936561107635498,C,2.165623188018799,I,1.3106213808059692,I,1.2510731220245361,V,1.3416827917099,V,2.004535436630249
455,F,2.3605850537618003,I,1.299936294555664,F,2.350064516067505,F,1.101262092590332,Y,4.938689231872559,Y,2.964646100997925,Y,2.883544683456421,Y,2.5894739627838135,Y,2.280637502670288,Y,2.026836633682251,Y,2.0255126953125,Y,1.2367662191390991,Y,2.952467441558838,Y,5.882257461547852,Y,2.084347724914551,Y,2.0141961574554443,Y,1.248529314994812,Y,2.1717426776885986,Y,2.766174554824829,Y,1.9627619981765747,F,2.2753336429595947,Y,2.8960092067718506,Y,1.319868564605713,Y,1.2573033571243286,Y,2.1256792545318604
456,L,2.2539985353748,K,3.377129077911377,F,1.7186089754104614,K,6.757390022277832,I,1.1093453168869019,I,2.6144163608551025,T,2.6751184463500977,I,3.641289234161377,M,1.134605050086975,L,1.2791386842727661,L,1.3048810958862305,I,2.8059890270233154,L,2.858412742614746,L,1.6465673446655273,L,0.9274104237556458,L,1.1761537790298462,M,2.8710155487060547,M,1.2233201265335083,T,2.4721992015838623,M,2.162200927734375,L,2.3828208446502686,M,1.4052588939666748,M,2.5940964221954346,M,2.760737419128418,M,1.1978598833084106
457,T,2.2750999877850213,T,1.1287226676940918,T,1.5362331867218018,A,1.1190096139907837,D,1.7431831359863281,V,3.878412961959839,V,3.874282121658325,I,3.2163102626800537,I,4.22059965133667,A,1.4347865581512451,A,1.3630168437957764,A,1.0942931175231934,A,2.9194657802581787,A,2.4183316230773926,A,1.267375111579895,I,4.458752632141113,A,1.091798186302185,I,2.4960503578186035,V,3.668867588043213,M,1.5360667705535889,A,1.1921184062957764,M,4.277737617492676,M,1.4220534563064575,A,1.0630594491958618,I,2.181872606277466
458,L,2.1419148246447244,I,1.8529548645019531,L,2.8385324478149414,F,1.0847907066345215,L,2.8834481239318848,L,1.2900755405426025,L,1.3313851356506348,L,1.262711524963379,V,1.3430956602096558,L,1.7731883525848389,L,1.7924968004226685,V,4.544037342071533,L,2.353393316268921,L,1.984619379043579,I,1.7210853099822998,L,1.4638302326202393,V,4.956157684326172,V,1.1518563032150269,L,1.2343428134918213,V,1.4890565872192383,C,1.2124546766281128,V,1.4892418384552002,V,4.294671535491943,V,4.905881881713867,V,1.1526477336883545
459,H,2.017965351541837,C,2.425339460372925,F,1.8555006980895996,D,1.076581597328186,Y,1.3217790126800537,Y,1.6360950469970703,Y,1.5979206562042236,Y,1.9138376712799072,Y,1.826547384262085,Y,1.9189335107803345,Y,1.7501193284988403,Y,1.2200169563293457,F,4.132560729980469,Y,2.1407411098480225,Y,4.181326389312744,Y,1.798699975013733,Y,1.1793080568313599,Y,4.201481819152832,Y,1.5289435386657715,Y,1.3121212720870972,Y,1.146836280822754,Y,1.534124732017517,Y,1.3726435899734497,Y,1.1867684125900269,Y,4.172941207885742
460,N,1.8730970323085785,E,1.630534291267395,N,2.0733354091644287,E,1.2532602548599243,E,1.1462347507476807,E,1.3290983438491821,E,1.1669611930847168,E,2.2851037979125977,D,3.1732888221740723,N,1.3165370225906372,N,1.4234223365783691,D,2.2524971961975098,N,2.01395583152771,N,1.6118444204330444,N,3.181316375732422,D,3.187680244445801,D,2.0423130989074707,N,1.4570467472076416,E,1.0724700689315796,H,3.870972156524658,N,1.1804193258285522,N,1.195874571800232,N,1.5779104232788086,D,2.0073447227478027,N,1.5049073696136475
461,S,1.8756330957015355,Y,1.8029592037200928,T,2.4243874549865723,A,2.114330768585205,T,1.7827715873718262,T,1.6264939308166504,T,1.7198710441589355,T,1.6435320377349854,T,1.7102108001708984,T,3.219215154647827,T,3.2997326850891113,T,1.2459650039672852,F,1.45265793800354,F,1.3679662942886353,F,2.5860161781311035,T,1.8010236024856567,N,1.3145049810409546,T,1.740846872329712,T,1.5804016590118408,T,3.0184361934661865,A,1.5220468044281006,T,1.5513460636138916,T,1.2348649501800537,N,1.340411901473999,T,1.915201187133789
462,V,1.843824326992035,V,1.563552975654602,V,2.0586113929748535,V,2.8078510761260986,V,2.7983250617980957,V,1.2036259174346924,V,1.4133106470108032,V,1.4469916820526123,V,1.5928072929382324,T,1.8456227779388428,T,1.89239501953125,V,1.6122519969940186,V,1.1536744832992554,V,1.1053386926651,V,1.7524020671844482,V,1.5264062881469727,I,1.6770179271697998,V,3.469447374343872,V,1.3513544797897339,V,1.7862476110458374,T,1.4313627481460571,V,1.9659316539764404,V,1.5990434885025024,I,1.7111992835998535,V,3.4870119094848633
463,N,1.7079311162233353,S,2.121281385421753,N,1.4814623594284058,K,3.506955146789551,N,1.2203102111816406,N,1.2996324300765991,N,1.3181835412979126,N,1.2812118530273438,N,1.357398271560669,N,1.8872398138046265,N,1.9057505130767822,N,1.749162197113037,N,2.111753225326538,S,1.2427490949630737,S,2.82580304145813,N,1.3374779224395752,N,1.3171030282974243,N,1.6897258758544922,N,1.1824373006820679,N,1.4227921962738037,N,2.334575653076172,N,1.278930425643921,N,1.8623063564300537,N,1.4533261060714722,N,1.8027788400650024
464,E,1.855450967947642,E,3.270705461502075,E,4.368982315063477,D,1.2541084289550781,E,1.8665231466293335,E,2.4691224098205566,E,2.3072848320007324,E,2.1927103996276855,E,2.041583776473999,D,1.1342252492904663,D,1.0371826887130737,E,1.296381950378418,E,2.17057204246521,E,1.6732418537139893,E,1.2490826845169067,E,2.110408067703247,E,1.126956820487976,E,1.4988220930099487,E,2.5075998306274414,E,1.3838880062103271,E,1.6636627912521362,E,1.7346702814102173,E,1.2994714975357056,E,1.11726975440979,E,1.7563668489456177
465,M,1.7617635478576024,Q,1.1919939517974854,M,1.5583040714263916,M,3.574769973754883,L,3.2786014080047607,M,1.743226170539856,M,1.8086967468261719,M,1.653077244758606,I,1.4097377061843872,I,1.388383150100708,I,1.4149408340454102,M,1.9871019124984741,M,1.2029088735580444,R,1.3197664022445679,L,2.0108249187469482,T,1.6069585084915161,M,2.4140868186950684,M,1.4227769374847412,M,1.486413598060608,M,1.1262332201004028,L,1.6806293725967407,M,1.2002108097076416,M,1.7657078504562378,M,2.4835011959075928,M,1.5534734725952148
466,A,2.1029764165480933,F,1.4548473358154297,A,3.046931266784668,A,3.68741774559021,A,1.694298505783081,A,1.7644119262695312,A,2.243723154067993,A,1.9845292568206787,C,1.933035135269165,A,2.2677745819091797,A,2.283700942993164,A,1.5091713666915894,A,1.2917535305023193,A,3.630052328109741,A,1.2529711723327637,S,1.8870806694030762,A,1.8726688623428345,S,1.9301795959472656,A,1.8079700469970703,A,2.778801441192627,S,1.4194400310516357,S,3.6042323112487793,S,1.2086906433105469,A,1.9479035139083862,S,1.9698486328125
467,L,2.3426574394106865,-,,-,,Q,2.3647005558013916,R,1.7661223411560059,K,2.5453410148620605,Q,2.50193452835083,R,2.6487529277801514,Q,1.7803764343261719,-,,-,,R,2.3589372634887695,-,,-,,-,,R,1.6752474308013916,R,2.1717610359191895,Q,1.6203746795654297,Q,4.116285800933838,R,2.961388111114502,-,,A,1.6231169700622559,A,3.7437760829925537,R,2.1973071098327637,Q,1.4070967435836792
468,D,1.8354855328798294,-,,-,,E,1.615060567855835,E,1.575289011001587,E,2.175398588180542,E,1.5259840488433838,E,1.3929657936096191,E,1.5929253101348877,-,,-,,E,2.719367027282715,-,,-,,-,,E,1.7401063442230225,E,1.5696675777435303,E,1.8633025884628296,E,1.8937474489212036,V,2.4656291007995605,-,,E,2.4051668643951416,E,1.5989086627960205,E,1.5837512016296387,E,1.650498390197754
469,T,1.8555003915514265,-,,Y,1.533536672592163,-,,-,,-,,-,,-,,-,,Y,2.1165053844451904,Y,2.2171359062194824,-,,Y,1.7194099426269531,Y,1.6549372673034668,Y,2.2481985092163086,-,,-,,-,,-,,-,,Y,1.498779058456421,-,,-,,-,,-,
470,-,,-,,-,,-,,-,,-,,-,,-,,-,,-,,-,,-,,-,,-,,-,,-,,-,,-,,-,,-,,-,,-,,-,,-,,-,
471,-,1.684880290712629,-,,D,1.5347304344177246,-,,-,,-,,-,,-,,-,,E,1.7680567502975464,E,1.9139248132705688,-,,D,1.363519549369812,D,1.5258344411849976,D,1.7856522798538208,-,,-,,-,,-,,-,,N,1.902443766593933,-,,-,,-,,-,
472,-,2.6055256180141284,-,,V,3.116750717163086,A,1.9747542142868042,A,4.821651458740234,A,2.625995397567749,A,2.342681884765625,A,2.8645904064178467,A,1.9834799766540527,A,3.4915883541107178,A,3.513840913772583,A,1.833630084991455,T,1.153588891029358,I,1.4531924724578857,I,1.3897508382797241,A,2.0476224422454834,A,5.668768882751465,A,1.8186265230178833,A,2.410825490951538,A,1.295231819152832,T,1.7871230840682983,A,3.0578360557556152,A,2.322354316711426,A,5.065253734588623,A,1.8879512548446655
473,M,1.7964580629182898,-,,L,2.589850664138794,K,1.744814395904541,H,1.944960355758667,Q,1.4384523630142212,Q,1.4451451301574707,R,1.3662422895431519,E,2.0936572551727295,L,1.3044462203979492,L,1.4060730934143066,E,2.294755458831787,L,3.1436641216278076,L,1.4003759622573853,F,1.397006630897522,E,1.97542405128479,Q,1.769651174545288,D,1.4628105163574219,Q,1.2414342164993286,E,1.1250032186508179,L,0.8903144598007202,Q,2.4740242958068848,Q,3.204632043838501,Q,1.8180025815963745,D,1.7877949476242065
474,K,2.6101517573646875,-,,E,1.493096947669983,K,1.677496075630188,K,1.575452446937561,K,3.3464112281799316,K,4.330312252044678,K,3.3582115173339844,K,3.201693058013916,K,1.1745026111602783,K,1.1917816400527954,E,1.9222999811172485,R,1.4689470529556274,K,2.6546432971954346,R,5.270284652709961,K,3.9135797023773193,K,1.5071638822555542,K,2.7856390476226807,K,3.279681444168091,K,4.380917072296143,T,2.5155110359191895,K,2.6589252948760986,K,2.4132821559906006,K,1.5330876111984253,K,2.380570411682129
475,E,1.785576221735581,-,,E,1.1948020458221436,T,1.4438234567642212,S,1.461479902267456,S,1.2922827005386353,S,1.2730547189712524,S,2.6763577461242676,A,1.2776496410369873,E,1.2975034713745117,E,1.2932813167572021,A,3.3945231437683105,D,1.6239368915557861,D,1.7203463315963745,D,1.2146170139312744,A,1.168097972869873,I,2.9235849380493164,A,1.7203640937805176,S,1.5005004405975342,A,2.2559242248535156,N,2.003046989440918,A,0.9266119599342346,A,2.635819673538208,I,2.7467026710510254,A,2.0239417552948
476,Q,1.586375263830026,A,3.051623582839966,H,1.3629982471466064,Q,1.5209139585494995,Q,1.572558879852295,Q,1.3393996953964233,Q,1.3723578453063965,Q,1.4033098220825195,Q,2.0867879390716553,E,1.3389620780944824,E,1.3462082147598267,Q,1.5514376163482666,K,0.909058153629303,Q,0.9866003394126892,K,1.1257423162460327,Q,2.021259069442749,Q,1.7332477569580078,Q,3.5730504989624023,Q,1.319420576095581,Q,1.1738762855529785,K,1.0005581378936768,Q,1.2625998258590698,Q,0.9186045527458191,Q,1.6818734407424927,Q,2.4205574989318848
477,R,1.8655800074338913,P,2.1521003246307373,N,2.106105089187622,G,1.417168140411377,G,0.9883692264556885,G,4.265329360961914,G,2.5107760429382324,G,1.1582088470458984,G,1.3671483993530273,G,1.9373425245285034,G,1.9359267950057983,G,1.8698561191558838,G,1.3210545778274536,H,2.438898801803589,G,4.220877647399902,G,1.4072877168655396,G,1.359457015991211,G,1.2006981372833252,G,3.351245641708374,G,1.435831904411316,G,1.1730550527572632,G,1.2209395170211792,G,1.214908480644226,G,1.3415846824645996,G,1.37975013256073
478,F,1.9197760621706645,S,2.280768632888794,F,3.1708905696868896,R,1.1143722534179688,R,2.165891647338867,R,1.0110394954681396,R,1.1276544332504272,R,1.320352554321289,R,1.994135856628418,L,2.2722105979919434,L,2.2757935523986816,R,1.3607218265533447,F,3.8522913455963135,F,1.805201530456543,F,1.4999945163726807,R,2.076932907104492,W,1.0784224271774292,R,2.229226589202881,R,1.027030110359192,R,1.50020170211792,F,4.972148418426514,R,0.9701027870178223,R,1.1475532054901123,W,1.1879101991653442,R,2.6337783336639404
479,-,,-,,-,,-,,-,,-,,-,,-,,-,,-,,-,,-,,-,,-,,-,,-,,-,,-,,-,,-,,-,,-,,-,,-,,-,
480,H,1.5869622652729352,K,1.3915865421295166,V,2.265662431716919,D,1.6323498487472534,D,2.1027846336364746,D,1.2217565774917603,D,1.6888221502304077,D,1.3752317428588867,N,1.249243140220642,D,2.2643849849700928,D,2.273707628250122,D,1.7816132307052612,N,1.5474140644073486,N,1.1176409721374512,N,2.0828332901000977,D,1.5009714365005493,D,1.1771824359893799,D,1.488466739654541,D,1.1982038021087646,D,1.443819522857666,F,1.4359979629516602,D,2.2265117168426514,D,0.888283908367157,D,1.1554301977157593,D,1.577195405960083
481,I,2.3641336113214493,N,0.8396636247634888,T,1.5717198848724365,T,2.937920570373535,T,2.975442886352539,T,3.45158314704895,T,3.28141713142395,T,3.6290180683135986,T,3.2613134384155273,V,2.6629679203033447,V,2.664449453353882,T,1.32054603099823,S,0.8533539175987244,S,1.4163901805877686,S,4.672466278076172,T,3.7213194370269775,T,1.2213327884674072,T,1.2820266485214233,T,3.391580581665039,T,0.9148158431053162,V,1.0461581945419312,T,4.451683044433594,T,2.7337372303009033,T,1.1953486204147339,T,1.24295175075531
482,I,2.571828489502271,I,1.7853902578353882,V,1.3960036039352417,L,3.044368028640747,L,1.2885185480117798,L,1.5887324810028076,L,1.5106741189956665,L,1.5077111721038818,L,1.798017978668213,I,1.8366870880126953,I,1.837814211845398,L,3.595278024673462,T,5.082630634307861,I,1.8090972900390625,L,1.868901014328003,L,1.8611879348754883,V,4.40340518951416,L,1.8364403247833252,L,1.5499975681304932,L,2.8923048973083496,H,6.941575050354004,L,2.0154268741607666,L,4.236421585083008,V,4.258619785308838,L,1.7786800861358643
483,K,2.0713429575165114,T,2.248868465423584,E,1.4798762798309326,D,1.5397106409072876,N,1.1346461772918701,N,1.7899234294891357,N,1.9085043668746948,N,2.1373541355133057,D,1.3917744159698486,P,1.262258768081665,P,1.2578455209732056,T,1.8608707189559937,P,0.6448431611061096,P,4.7699809074401855,P,1.9775482416152954,D,1.6350845098495483,S,2.295971632003784,N,3.9232144355773926,S,1.7392683029174805,N,1.0666595697402954,P,3.564176082611084,N,1.4954782724380493,N,1.9665508270263672,S,2.473792314529419,N,4.148029804229736
484,Y,2.0891309728225074,Q,3.3070921897888184,Y,2.995687246322632,Y,1.2552117109298706,Y,4.6247076988220215,Y,2.653075695037842,Y,2.2660045623779297,Y,3.2628791332244873,Y,2.119903802871704,Y,1.5744918584823608,Y,1.5642260313034058,Y,1.5645593404769897,Y,0.8922334909439087,Y,1.2609599828720093,Y,1.9641222953796387,Y,2.6039786338806152,Y,1.5051907300949097,Y,2.0469789505004883,Y,2.65283465385437,Y,1.3124181032180786,Y,1.148802399635315,Y,2.406663656234741,Y,1.6520615816116333,Y,1.4944056272506714,Y,2.0106539726257324
485,L,1.7349642838040988,V,2.2343666553497314,L,1.2931609153747559,A,3.839801549911499,A,1.6937236785888672,V,1.1230852603912354,V,1.177483081817627,A,1.1457535028457642,A,0.9123414158821106,L,1.394396185874939,L,1.3953111171722412,A,2.1485135555267334,L,0.8137063980102539,L,3.920943021774292,L,1.7104852199554443,A,1.1049951314926147,A,2.2511978149414062,C,1.6547114849090576,V,1.1149684190750122,A,1.8356207609176636,L,1.429272174835205,A,1.1263904571533203,A,2.407179355621338,A,2.2057883739471436,C,1.7059472799301147
486,K,3.0114411612351737,I,2.0185647010803223,K,1.7679893970489502,R,2.150331735610962,R,1.4537136554718018,R,5.076602935791016,R,5.224388122558594,R,4.42512321472168,R,4.484686374664307,K,2.3565573692321777,K,2.510413646697998,R,1.1782196760177612,R,3.43912935256958,Q,4.896167278289795,H,1.342650294303894,R,4.756231784820557,R,1.5180667638778687,R,2.9300544261932373,R,5.066699028015137,R,3.2822465896606445,K,1.7928880453109741,R,5.457531452178955,R,1.118661642074585,R,1.4036378860473633,R,2.624032497406006
487,K,2.4175230811039605,W,2.229926347732544,N,1.4866570234298706,K,1.4191478490829468,E,1.045373558998108,Q,1.779586672782898,Q,1.4529011249542236,L,1.5383068323135376,Q,2.026474952697754,K,3.2543766498565674,K,3.564760446548462,E,4.996769428253174,K,1.5741462707519531,R,1.36131751537323,K,1.5678913593292236,R,2.59584903717041,K,5.295952796936035,Q,1.2088195085525513,Q,1.7692712545394897,Q,2.0230460166931152,K,1.5978202819824219,Q,2.213714122772217,Q,5.450068950653076,K,5.315513610839844,Q,1.2528623342514038
488,A,1.8594477077325184,E,1.1863594055175781,S,1.6664255857467651,A,1.457324743270874,A,1.5403753519058228,A,1.8435604572296143,A,1.8692125082015991,A,1.6362907886505127,A,1.0382845401763916,V,1.8110567331314087,V,1.9233393669128418,A,1.6992191076278687,A,1.365434169769287,S,0.7737840414047241,S,1.0913959741592407,A,1.3310251235961914,S,2.0077285766601562,A,4.685655117034912,A,1.792564034461975,A,1.7865508794784546,A,1.193177580833435,A,1.5488736629486084,A,2.213801860809326,S,1.9652488231658936,A,5.200056552886963
489,W,1.490852822860082,V,1.3510252237319946,W,1.9721993207931519,W,1.3548035621643066,L,1.2047768831253052,L,1.0828503370285034,L,1.1234290599822998,L,1.0460903644561768,W,1.034597396850586,W,1.9040125608444214,W,1.2867803573608398,W,1.3254262208938599,W,3.384608745574951,W,1.5370097160339355,W,1.507868766784668,W,1.1571952104568481,W,1.569530725479126,W,2.1308045387268066,L,1.090586543083191,W,1.0774307250976562,W,1.2883071899414062,W,1.0859403610229492,W,1.582557201385498,W,1.5537052154541016,W,2.1289315223693848
490,V,1.5397395963470142,V,3.1564087867736816,A,2.471736192703247,E,1.0375328063964844,E,1.5310333967208862,E,0.9563477635383606,E,1.0535609722137451,E,1.0585709810256958,D,1.041343331336975,T,2.0116615295410156,T,2.2847955226898193,E,1.1585311889648438,V,2.8730955123901367,V,2.17155385017395,L,1.681120753288269,D,1.017363429069519,E,1.1492670774459839,E,1.3511549234390259,E,0.9718818664550781,E,1.1830670833587646,Q,1.9373290538787842,E,1.2298039197921753,E,1.1092512607574463,E,1.1516679525375366,E,1.365671157836914
491,D,1.56219066431125,R,2.501004219055176,E,1.9061866998672485,V,1.453413486480713,D,1.4624699354171753,A,1.321916103363037,A,1.3520947694778442,E,1.4084395170211792,E,1.2808904647827148,D,2.279911756515503,D,1.2762936353683472,A,1.1569894552230835,D,2.579483985900879,S,1.875900149345398,D,1.3874708414077759,D,1.5192817449569702,A,0.9529697895050049,E,1.2815606594085693,A,1.338924527168274,A,2.7099928855895996,D,1.8030555248260498,V,1.3113350868225098,V,1.1680876016616821,A,0.9146364331245422,E,1.250266671180725
492,L,1.9609678934017818,Y,1.5652625560760498,L,3.3461403846740723,Y,4.368784427642822,Y,1.253670334815979,Y,2.3247179985046387,Y,2.302034378051758,Y,2.5486865043640137,Y,1.3046201467514038,L,3.2657759189605713,L,3.484499931335449,Y,1.2312264442443848,L,1.5632234811782837,L,1.6999164819717407,L,3.0573008060455322,Y,1.3415578603744507,F,1.1952868700027466,Y,1.218278408050537,Y,2.2708959579467773,C,1.0905190706253052,L,1.423020362854004,Y,1.4247665405273438,Y,1.3121684789657593,F,1.3512009382247925,Y,1.1196751594543457
493,C,1.7765076756477356,I,1.2785996198654175,C,1.6845628023147583,I,0.9681758880615234,L,1.6333589553833008,I,1.837451457977295,I,1.83119535446167,I,1.7016470432281494,L,3.3269574642181396,C,1.5903215408325195,C,1.7238819599151611,I,1.3925076723098755,V,1.245496392250061,V,1.349980354309082,V,2.025303363800049,L,3.532855987548828,I,1.554064154624939,I,1.3973749876022339,I,1.802271842956543,F,2.0691988468170166,C,1.3688952922821045,L,2.7840018272399902,L,1.4449857473373413,I,1.523511290550232,I,1.5695843696594238
494,R,1.8241735349098842,K,1.503345012664795,R,1.5471885204315186,D,1.8533351421356201,G,2.673283100128174,G,1.549561858177185,G,1.5333788394927979,G,1.5753213167190552,D,1.1538666486740112,K,1.3572087287902832,K,1.6191034317016602,D,3.437077283859253,E,1.7378932237625122,E,1.7170594930648804,E,1.7840652465820312,D,1.1385812759399414,G,2.154411792755127,D,1.416014313697815,G,1.5418294668197632,D,2.7415242195129395,N,2.151148796081543,D,1.195860743522644,D,2.864084005355835,G,2.1118006706237793,D,1.4232217073440552
495,Y,1.9354452441136043,G,1.2785216569900513,C,1.7271194458007812,A,1.9222606420516968,S,3.165262222290039,A,2.426168918609619,A,2.0677297115325928,A,1.8911309242248535,S,1.041530728340149,S,2.220978260040283,S,2.3822834491729736,S,1.180915355682373,S,2.811305046081543,G,1.923732042312622,A,1.385736107826233,S,1.1223887205123901,A,1.2774503231048584,A,3.0063469409942627,A,2.027942180633545,S,2.878357410430908,S,2.145354747772217,S,1.2144250869750977,S,1.2101823091506958,A,1.2049640417099,A,2.9385995864868164
496,Y,2.0923641870419183,V,1.4211305379867554,Y,2.5807316303253174,Y,1.9252293109893799,Y,2.945509910583496,Y,5.378810882568359,Y,5.234183311462402,Y,4.896488189697266,Y,1.4086976051330566,Y,1.3105883598327637,Y,1.3310039043426514,Y,1.2128123044967651,Y,1.4840145111083984,Y,1.2923575639724731,Y,1.5264313220977783,Y,1.3947128057479858,Y,1.1279301643371582,Y,1.2189123630523682,Y,4.97100830078125,Y,1.4691730737686157,Y,0.8818390369415283,Y,1.6392626762390137,Y,1.3368120193481445,Y,1.0253891944885254,Y,1.2037115097045898
497,L,2.3380967875321708,K,1.7794294357299805,L,1.5072647333145142,M,1.475172519683838,L,2.109646797180176,H,2.792375326156616,H,3.560185670852661,L,3.0373120307922363,M,2.569580554962158,I,2.3668978214263916,I,2.3107826709747314,M,1.5460690259933472,L,1.3248225450515747,L,2.9436473846435547,F,1.480870008468628,M,2.4457263946533203,I,4.893515110015869,M,1.0641183853149414,H,3.1574668884277344,M,1.5540200471878052,I,1.8414595127105713,M,2.485405445098877,V,1.6447691917419434,I,5.12708854675293,M,1.0966968536376953
498,V,1.7672109802563984,D,1.9796222448349,E,1.4205282926559448,K,2.5737082958221436,K,1.1233032941818237,K,1.724672555923462,K,1.7017412185668945,K,1.8188029527664185,Q,1.417406439781189,V,1.5272642374038696,V,1.5131608247756958,Q,2.3501391410827637,I,1.0371934175491333,K,1.8242299556732178,L,2.8351356983184814,Q,1.4038597345352173,Q,1.3223637342453003,Q,1.4777973890304565,K,1.180954098701477,Q,3.815885066986084,I,1.3084478378295898,Q,1.4158837795257568,Q,2.5099172592163086,Q,1.6315823793411255,Q,1.499463677406311
499,E,1.9238007937868435,E,1.700871467590332,E,5.490649223327637,E,1.835336685180664,E,0.7393849492073059,E,1.8830761909484863,E,1.5401477813720703,E,1.7692797183990479,E,1.8132230043411255,E,1.4530339241027832,E,1.4371211528778076,E,1.462982416152954,E,2.458678722381592,E,1.0827651023864746,E,1.2287079095840454,E,1.8781335353851318,E,1.422476887702942,E,2.7320003509521484,E,1.5530792474746704,E,2.376859188079834,E,2.909308671951294,E,1.9367504119873047,E,1.4291057586669922,E,1.3153053522109985,E,2.7229413986206055
500,A,2.1625491877396903,I,2.08957576751709,A,2.8701987266540527,A,1.1732194423675537,A,1.7700276374816895,A,3.1395580768585205,A,3.07267427444458,A,2.6888108253479004,A,2.0805654525756836,A,2.511676073074341,A,2.724092721939087,A,1.7542487382888794,A,1.8651466369628906,A,1.4122027158737183,A,2.959136962890625,A,2.1474413871765137,A,2.2800838947296143,A,1.3900086879730225,A,2.630092144012451,A,1.5990486145019531,A,1.855389952659607,A,2.1348841190338135,A,1.9244755506515503,A,2.4358952045440674,A,1.3927268981933594
501,K,1.9057482083638508,H,2.4939284324645996,K,1.9289829730987549,E,1.9574964046478271,E,1.4432145357131958,E,1.2083959579467773,E,1.1915583610534668,E,1.201371669769287,K,1.465620517730713,R,1.3015170097351074,R,1.2855011224746704,R,2.270698308944702,K,3.0418782234191895,Y,1.3659948110580444,K,1.6461396217346191,K,1.625193476676941,K,1.9175846576690674,K,1.785737156867981,E,1.9945241212844849,K,4.6185503005981445,K,2.8409180641174316,K,1.446484088897705,K,2.1292495727539062,K,1.8097604513168335,K,1.7676571607589722
502,W,1.6681008984645207,I,1.8572232723236084,W,1.379945158958435,W,1.277495265007019,W,1.0739936828613281,W,1.2903311252593994,W,1.3188117742538452,W,1.5783982276916504,W,1.688137412071228,W,2.1166601181030273,W,2.0520942211151123,W,1.2516326904296875,W,1.2983344793319702,W,3.4275219440460205,W,1.0480329990386963,W,2.0808634757995605,W,1.2786872386932373,W,2.0151546001434326,W,1.2239964008331299,W,2.017981767654419,W,2.0595791339874268,W,2.059846878051758,W,1.4407060146331787,W,1.2032833099365234,W,1.9957103729248047
503,Y,1.6098962674538295,R,1.2427867650985718,F,1.6886001825332642,L,2.230567455291748,I,1.9280035495758057,I,1.1663914918899536,I,1.195090889930725,I,1.2895021438598633,I,1.237943172454834,Y,1.570900321006775,Y,1.5447317361831665,I,1.6548068523406982,Y,1.875643253326416,Y,1.6831884384155273,F,1.3666396141052246,I,1.560442566871643,I,1.9573192596435547,I,1.267816424369812,I,1.181797742843628,I,2.9377026557922363,F,1.5420722961425781,I,1.5607236623764038,I,2.0331950187683105,I,1.6594315767288208,I,1.2622133493423462
504,S,1.7804361581802368,G,2.4872517585754395,Y,1.191880702972412,A,1.6345241069793701,-,,-,,-,,-,,V,1.9204773902893066,S,1.5211098194122314,S,1.4947317838668823,-,,Y,1.2526241540908813,Y,1.5673153400421143,H,2.0965073108673096,-,,-,,A,1.949407935142517,-,,A,1.3110989332199097,N,2.149559259414673,A,2.462867498397827,A,1.5354725122451782,-,,A,2.1317138671875
505,N,2.2387528987157914,D,2.2260756492614746,S,1.251062273979187,T,3.954707384109497,S,8.39007568359375,S,1.9547250270843506,S,1.9113824367523193,S,1.6000326871871948,-,,N,2.2267730236053467,N,2.1681692600250244,A,1.3151737451553345,M,1.0580118894577026,N,2.601236581802368,S,1.9037123918533325,A,2.156261920928955,S,1.564225196838379,-,,S,1.8429286479949951,T,1.5346986055374146,D,1.2876852750778198,T,2.1419808864593506,T,2.400740385055542,S,1.5241519212722778,-,
506,-,1.7805872742946331,K,0.9922913908958435,-,,-,,T,1.4369609355926514,T,1.8931918144226074,S,1.8560576438903809,M,2.226975917816162,T,1.7043416500091553,-,,-,,T,2.0851216316223145,-,,-,,-,,T,2.1259467601776123,S,1.940446376800537,S,1.5657930374145508,S,1.8195257186889648,-,,-,,-,,-,,S,1.9348224401474,S,1.5661592483520508
507,K,1.966739633504082,S,1.3436763286590576,-,,G,1.3822898864746094,G,1.6189048290252686,G,1.7049390077590942,G,1.716762661933899,G,1.479936122894287,G,3.5489277839660645,-,,-,,G,1.691802740097046,-,,-,,-,,G,2.281514883041382,G,1.881306529045105,G,2.2709314823150635,G,1.752718210220337,G,1.9676194190979004,-,,G,2.2502200603485107,G,2.1494736671447754,G,2.1391587257385254,G,2.2543914318084717
508,Y,1.9604964085987635,-,,G,1.3495243787765503,-,,-,,-,,-,,-,,-,,G,3.0230140686035156,G,3.0415027141571045,-,,G,2.3605706691741943,G,1.535177230834961,G,1.1187920570373535,-,,-,,-,,-,,-,,G,1.294893741607666,-,,-,,-,,-,
509,R,2.098695069551468,F,3.9781830310821533,Y,1.5269593000411987,Y,1.2991306781768799,Y,4.889565467834473,Y,1.5676164627075195,Y,1.6412078142166138,Y,1.545964002609253,Y,2.035505771636963,Y,1.3144912719726562,Y,1.3252136707305908,Y,3.3790907859802246,H,1.6143587827682495,Y,1.8244770765304565,Y,3.8779244422912598,Y,1.35679292678833,Y,2.509202480316162,E,1.9859185218811035,Y,1.6159874200820923,Y,1.35166335105896,Y,1.097247838973999,Y,1.5777887105941772,Y,2.290443181991577,Y,2.550828695297241,E,2.2131199836730957
510,-,1.9015832245349884,T,1.6259570121765137,K,1.7268919944763184,M,2.5363171100616455,I,1.511138677597046,L,1.6261130571365356,L,1.735324501991272,L,1.5935674905776978,L,2.70013427734375,K,1.1162331104278564,K,1.1269021034240723,L,2.4689319133758545,K,1.8486402034759521,K,1.8874651193618774,T,4.696645736694336,L,1.4404430389404297,L,1.5769420862197876,V,2.366492986679077,L,1.696520209312439,L,1.1038014888763428,T,2.3246045112609863,L,1.5683926343917847,L,1.5944838523864746,L,1.4353135824203491,V,2.3307406902313232
511,P,2.6028769637147584,L,0.9235957264900208,P,1.4161468744277954,P,3.98844313621521,P,1.783596158027649,P,3.895684003829956,P,3.570455312728882,P,3.9713664054870605,P,4.611424922943115,P,4.065449237823486,P,3.7616114616394043,P,2.4139750003814697,P,2.529369831085205,P,1.3309129476547241,P,1.0215641260147095,P,3.6107091903686523,P,1.5430715084075928,P,1.4909560680389404,P,3.621046781539917,P,1.2265903949737549,P,3.6511759757995605,P,3.417668342590332,P,1.5716639757156372,P,1.5890347957611084,P,1.463534951210022
512,S,2.278863437473774,S,1.3795260190963745,T,2.510430335998535,S,1.3494218587875366,T,4.363787651062012,T,2.054337739944458,T,2.0384979248046875,T,1.7964023351669312,T,4.888038158416748,T,1.544710636138916,T,1.5554320812225342,S,4.475203514099121,S,2.4331934452056885,S,1.3250383138656616,T,0.9625641703605652,T,1.6433148384094238,T,3.6339054107666016,T,1.4505302906036377,T,2.150783061981201,T,1.7431344985961914,T,1.3417242765426636,T,1.5528894662857056,T,3.401344060897827,T,3.620051145553589,T,1.4784612655639648
513,L,2.2261558373769126,L,2.5941286087036133,L,2.0702052116394043,L,4.8003644943237305,F,1.9916913509368896,F,1.4976917505264282,F,1.7039166688919067,F,1.7592968940734863,F,2.224132776260376,L,2.910782814025879,L,2.9580154418945312,F,4.544089317321777,L,2.3044869899749756,L,1.2289773225784302,L,1.653680443763733,F,1.7903380393981934,F,1.4163769483566284,F,3.477489709854126,F,1.5541460514068604,F,1.3827354907989502,F,1.5168534517288208,F,1.7216830253601074,F,1.456314206123352,F,1.3633424043655396,F,3.507000684738159
514,Q,2.7893743316332498,Q,1.8092414140701294,K,1.7478461265563965,E,1.8314646482467651,E,1.6713424921035767,D,4.980442047119141,D,4.719597339630127,E,5.033918380737305,A,5.801365375518799,E,1.9821293354034424,E,1.8618764877319336,D,1.798689365386963,E,2.4235095977783203,E,3.2087340354919434,E,2.1731650829315186,A,5.015018939971924,D,1.2189795970916748,E,1.9200564622879028,D,5.0076141357421875,E,1.7258979082107544,N,1.3011112213134766,E,4.9842023849487305,E,1.863553762435913,D,1.1672751903533936,E,1.6979526281356812
515,E,2.744388535618782,E,2.0233826637268066,K,1.1897728443145752,E,2.314687728881836,E,1.251941204071045,E,2.4286012649536133,E,2.4557645320892334,E,2.2712388038635254,E,2.7584240436553955,E,1.7844821214675903,E,1.8083373308181763,E,6.032580852508545,E,1.3756338357925415,E,3.418872356414795,E,1.9103598594665527,E,2.4436652660369873,E,5.701772689819336,E,1.8331382274627686,E,2.447479248046875,E,1.3804984092712402,E,4.186072826385498,E,2.2044119834899902,E,4.998647212982178,E,5.655578136444092,E,1.9899814128875732
516,Y,2.312727600336075,Y,2.3086416721343994,Y,1.547401785850525,Y,1.6951239109039307,Y,2.054102897644043,Y,2.097055435180664,Y,2.1183135509490967,Y,2.0141332149505615,Y,2.1785342693328857,Y,1.7282140254974365,Y,1.812841534614563,Y,2.946197748184204,Y,1.342138409614563,Y,2.2893853187561035,Y,1.6528161764144897,Y,1.7911242246627808,Y,2.878514289855957,Y,5.05858850479126,Y,2.0531275272369385,Y,1.6375576257705688,F,2.0707948207855225,Y,1.9625515937805176,Y,2.200988292694092,Y,2.9930567741394043,Y,5.074258804321289
517,I,1.9114749977986019,D,1.655975580215454,I,2.5487382411956787,L,3.0991101264953613,L,2.7142627239227295,F,1.3879512548446655,F,1.400497555732727,F,1.4216407537460327,Y,1.1461434364318848,L,1.5470207929611206,L,1.5317977666854858,Y,2.2898120880126953,M,2.6196937561035156,L,1.4819610118865967,L,3.727651596069336,Y,1.4386082887649536,L,2.0212998390197754,Y,2.232609748840332,F,1.3839093446731567,L,1.316006064414978,I,1.3438761234283447,L,1.3507784605026245,L,1.9869071245193481,L,1.9905048608779907,Y,2.2386434078216553
518,E,1.8248470773299534,D,2.1424620151519775,E,2.614830493927002,E,1.8081884384155273,E,1.362178087234497,E,1.7096095085144043,E,1.7131526470184326,K,1.662878394126892,E,1.9831407070159912,E,3.213395118713379,E,3.301779270172119,E,1.090656042098999,K,1.7450785636901855,N,1.7973748445510864,N,1.5647166967391968,E,1.9996094703674316,E,1.381456971168518,E,1.925938606262207,E,1.7043384313583374,E,1.439111590385437,E,1.3874056339263916,E,1.6229662895202637,E,1.3011351823806763,E,1.4148355722427368,E,1.9100912809371948
519,N,1.5870263427495956,F,1.7012900114059448,N,1.6771920919418335,N,1.362200379371643,N,1.112669825553894,N,2.0711569786071777,N,2.1019418239593506,N,2.0902721881866455,N,1.5291531085968018,N,1.1272785663604736,N,1.133998155593872,N,1.4696168899536133,N,1.449069857597351,N,1.135604739189148,N,1.4661526679992676,N,1.7705026865005493,N,1.9205876588821411,N,1.4397724866867065,N,2.091674566268921,N,1.3163034915924072,N,1.4446240663528442,N,1.6879774332046509,N,1.5677299499511719,N,1.9997903108596802,N,1.4220722913742065
520,A,1.5172167743245761,R,1.4718559980392456,A,1.8627504110336304,G,1.0685014724731445,G,1.3224189281463623,G,1.1671335697174072,G,1.2000542879104614,G,1.141895055770874,G,0.807633101940155,A,1.400770664215088,A,1.3386530876159668,G,1.6551339626312256,S,2.8203916549682617,A,1.6353485584259033,S,1.2774721384048462,G,0.9233801364898682,G,2.108916997909546,G,1.7665824890136719,G,1.1609995365142822,G,2.262746572494507,A,1.3846155405044556,G,1.0251911878585815,G,1.6655662059783936,G,2.1983814239501953,G,1.7468096017837524
521,W,1.5846377188960712,D,2.3738973140716553,S,1.2090559005737305,K,1.4974793195724487,K,1.8382527828216553,K,1.5189080238342285,K,1.5684564113616943,K,1.515284538269043,K,1.0450868606567383,W,1.3597677946090698,W,1.4344770908355713,K,0.9051440358161926,W,1.941501259803772,K,3.3125715255737305,K,3.099281072616577,K,1.139140009880066,K,1.1988388299942017,K,1.5919251441955566,K,1.5165518522262573,K,0.8970911502838135,Y,1.813848853111267,K,1.5255638360977173,K,1.0288931131362915,K,1.1161658763885498,K,1.584122657775879
522,I,1.476503352324168,K,1.5694706439971924,L,1.303755521774292,V,1.7696431875228882,V,1.3512189388275146,A,1.4738142490386963,V,1.5150940418243408,V,1.6427251100540161,V,0.9922057390213013,T,1.4551620483398438,T,1.4815256595611572,V,1.137402892112732,I,1.3398436307907104,I,1.909186601638794,M,1.6216667890548706,V,1.079928994178772,V,1.3319014310836792,V,1.061144232749939,V,1.4583938121795654,V,1.8543809652328491,M,2.85452938079834,V,1.274854063987732,V,1.4539551734924316,V,1.380094289779663,V,1.1241830587387085
523,S,1.7838224520285924,V,5.3627119064331055,S,1.3684748411178589,S,1.2748525142669678,S,2.0371525287628174,S,1.9448384046554565,S,2.024437427520752,S,1.6483759880065918,S,1.6381891965866089,S,1.5389074087142944,S,1.5430021286010742,S,1.1406034231185913,S,1.9857616424560547,S,1.2977850437164307,T,1.259238362312317,S,1.6586101055145264,S,1.512871265411377,S,1.2851536273956299,S,1.9473093748092651,S,2.3496203422546387,S,1.8528778553009033,S,1.9693119525909424,S,1.2056598663330078,S,1.5513683557510376,S,1.4146252870559692
524,I,1.6182157198588054,T,1.6865980625152588,I,1.080296516418457,A,1.871612548828125,S,1.3025317192077637,S,1.1058429479599,S,1.0730409622192383,S,1.2106412649154663,S,1.0349713563919067,I,2.0649914741516113,I,2.071988821029663,C,1.7031716108322144,I,3.381173610687256,I,3.198636531829834,I,1.604660987854004,S,1.059436321258545,F,1.662036657333374,S,1.3065552711486816,S,1.2300524711608887,S,0.9054358005523682,I,1.6740615367889404,S,1.4569344520568848,S,2.0228424072265625,F,1.7260456085205078,S,1.403618335723877
525,G,1.8957122738162677,A,2.160132884979248,G,1.803370475769043,G,3.218904972076416,A,1.5887305736541748,G,1.993326187133789,G,1.9955341815948486,G,2.0484683513641357,G,2.611189365386963,A,2.097940444946289,A,2.0849270820617676,G,1.1447503566741943,G,1.909312129020691,S,1.1068781614303589,T,1.9924489259719849,G,2.5191586017608643,G,1.4154313802719116,G,1.9282253980636597,G,1.8452486991882324,A,0.9763578772544861,G,1.9873231649398804,G,2.2886416912078857,G,1.4260817766189575,G,1.3469430208206177,G,2.0077688694000244
526,A,2.0086923291285834,S,1.372385025024414,G,2.332827091217041,S,2.2047109603881836,H,1.2796865701675415,H,1.4810987710952759,H,1.5064918994903564,H,1.4627224206924438,H,2.4619839191436768,G,1.8510138988494873,G,1.8392237424850464,H,2.7690460681915283,G,1.327292799949646,A,2.127368927001953,C,3.4090585708618164,H,2.435886859893799,S,2.215090751647949,H,1.2783304452896118,H,1.4884464740753174,H,4.262976169586182,I,2.254589080810547,H,1.5239505767822266,H,2.377652406692505,S,1.9419647455215454,H,1.0048177242279053
527,P,2.00273389617602,P,2.009533166885376,Q,4.6845479011535645,R,1.760244369506836,R,1.261311650276184,R,1.540321707725525,R,1.592010498046875,R,1.4800922870635986,R,1.1736623048782349,P,2.430431604385376,P,2.426450490951538,R,2.212040662765503,I,2.8669309616088867,P,1.4753825664520264,P,1.592056393623352,R,1.162516713142395,R,1.6587961912155151,R,2.36784029006958,R,1.5353381633758545,R,3.865936040878296,A,1.7288484573364258,R,1.6355022192001343,R,1.4754879474639893,R,1.69271981716156,R,2.4376111030578613
528,T,1.3533850808938344,M,0.8279211521148682,I,2.4026541709899902,V,2.1476995944976807,I,1.2301583290100098,I,1.0859911441802979,I,1.0929934978485107,I,0.9131598472595215,T,0.9239692091941833,V,1.212315559387207,V,1.208337664604187,I,1.2801642417907715,P,1.8129677772521973,T,1.9757033586502075,A,1.69394052028656,T,0.9148296117782593,I,1.49319589138031,V,1.4056620597839355,I,1.091188669204712,P,0.8438671827316284,P,1.472303032875061,V,0.8994969725608826,V,1.5104478597640991,I,1.5193570852279663,V,1.5229175090789795
529,I,1.7826374098658562,A,1.6387511491775513,I,2.125448703765869,V,1.8821961879730225,A,3.255239248275757,A,1.4147111177444458,A,1.444059133529663,A,1.6652607917785645,A,1.537722110748291,A,2.8817079067230225,A,2.913287401199341,S,0.9823558330535889,I,1.343123435974121,I,2.1884403228759766,I,1.9321777820587158,S,1.578275442123413,T,1.0275706052780151,S,1.471556544303894,A,1.4320768117904663,C,2.5543899536132812,I,2.115154981613159,S,1.8723357915878296,S,0.8621856570243835,T,1.1239800453186035,S,1.5412908792495728
530,L,1.5507143636544545,H,1.2963567972183228,F,1.0415416955947876,T,1.0027533769607544,T,0.8747574090957642,T,1.1035020351409912,T,1.1196718215942383,T,0.951508641242981,A,1.0029360055923462,L,1.65605890750885,L,1.6611651182174683,A,1.6680289506912231,L,1.7502241134643555,I,2.0247740745544434,V,1.384487271308899,A,0.9865185022354126,T,1.912885308265686,A,1.056471824645996,T,1.1350793838500977,A,5.247222900390625,I,2.2597782611846924,A,1.0904089212417603,A,1.918988585472107,T,2.0182619094848633,A,1.0537629127502441
531,V,2.3409550289312997,A,1.107985496520996,V,1.7067906856536865,L,1.9381271600723267,L,2.4364800453186035,L,3.3567211627960205,L,3.4310004711151123,L,3.7988932132720947,L,3.081141948699951,V,3.3795151710510254,G,3.4071249961853027,L,1.0864760875701904,S,1.8402483463287354,S,1.1290583610534668,S,1.840085744857788,L,2.9490904808044434,L,1.7013428211212158,L,1.5289785861968994,L,3.386366128921509,L,1.2068508863449097,R,3.5190439224243164,L,3.3014683723449707,L,2.020458221435547,L,1.4974567890167236,L,1.5322155952453613
532,H,1.8611168016990025,V,2.0900092124938965,Y,1.701370358467102,Q,1.4203850030899048,Q,2.9686479568481445,Q,1.5414247512817383,Q,1.553432583808899,Q,1.426957368850708,Q,1.5083187818527222,H,1.2386009693145752,H,1.247942328453064,Q,2.745056629180908,H,2.2907142639160156,Q,1.5404812097549438,E,1.9355194568634033,Q,1.4558404684066772,E,3.2192459106445312,Q,1.0360567569732666,Q,1.5166773796081543,Q,0.6849805116653442,H,3.0218665599823,Q,1.6457256078720093,Q,2.746366024017334,E,3.0964653491973877,Q,1.0347177982330322
533,A,2.2382755720097087,-,,A,5.702810764312744,P,1.093319296836853,P,0.9176926016807556,P,1.5780211687088013,P,1.560895562171936,P,2.132298469543457,P,1.7013022899627686,A,4.243614673614502,A,4.317606449127197,P,1.471998929977417,L,2.8412692546844482,L,1.6835103034973145,I,1.5065704584121704,P,1.76381516456604,P,1.6968698501586914,P,3.276610851287842,P,1.5794717073440552,P,0.7648516893386841,A,3.432959794998169,P,1.8083423376083374,P,1.5268880128860474,P,1.6188687086105347,P,3.2607498168945312
534,Y,2.19454388320446,S,2.50642728805542,F,2.2528271675109863,-,,-,,-,,-,,-,,-,,Y,2.9409382343292236,Y,2.8514480590820312,-,,F,1.916090488433838,Y,2.4233193397521973,Y,1.398537039756775,-,,-,,-,,-,,-,,Y,1.26676344871521,-,,-,,-,,-,
535,-,1.9130468264870022,-,,F,1.0562496185302734,I,1.2786515951156616,I,1.4627223014831543,T,2.6368625164031982,I,2.49465274810791,I,2.6280782222747803,I,2.386793851852417,F,1.6107844114303589,F,1.558553695678711,I,2.0439069271087646,F,1.638083815574646,F,1.6233675479888916,F,1.2034989595413208,I,2.5000791549682617,M,1.91357421875,I,1.6216970682144165,T,2.5715935230255127,I,1.0535935163497925,L,2.1070594787597656,M,2.8787765502929688,M,2.1671619415283203,M,1.940548062324524,I,1.6237872838974
536,F,1.877847249309222,D,1.2872170209884644,S,1.4491175413131714,L,3.7920210361480713,L,2.256030559539795,F,1.0369449853897095,F,1.0503712892532349,L,1.0549768209457397,L,1.0406185388565063,S,1.52029550075531,S,1.4703117609024048,L,2.5061182975769043,R,1.814738154411316,T,1.861132025718689,A,3.215463876724243,L,1.0565158128738403,L,3.0624747276306152,L,2.068622350692749,F,1.0035650730133057,L,2.496755599975586,L,1.3069525957107544,L,1.0662168264389038,L,2.887441873550415,L,2.6609885692596436,L,2.103443145751953
537,F,1.6617641970515251,L,1.362099528312683,L,2.3958353996276855,S,1.1884791851043701,M,1.9896243810653687,M,1.350057601928711,M,1.4841315746307373,T,1.512584924697876,T,1.7616833448410034,F,2.110236406326294,F,2.2573747634887695,T,1.1690040826797485,L,1.0878455638885498,L,1.2009098529815674,F,2.798429250717163,T,1.7323256731033325,T,1.2933467626571655,T,2.7540459632873535,M,1.3484883308410645,T,0.9101411700248718,T,1.2025885581970215,T,1.847992181777954,T,1.099146842956543,T,1.2980002164840698,T,2.727969169616699
538,-,2.040719747543335,-,,T,1.0945172309875488,-,,-,,-,,-,,-,,-,,G,1.7977594137191772,G,1.766381859779358,-,,T,1.5462595224380493,A,4.2521467208862305,A,1.787253737449646,-,,-,,-,,-,,-,,-,,-,,-,,-,,-,
539,V,1.513371757839037,T,2.28898549079895,K,1.1285918951034546,L,1.0820738077163696,L,1.1817171573638916,L,1.5221961736679077,L,1.5770186185836792,L,1.0505881309509277,M,1.220184564590454,Q,1.1586978435516357,Q,1.1455868482589722,M,1.350503921508789,D,2.887688636779785,N,1.506420612335205,N,2.4122254848480225,M,1.2625415325164795,L,1.5676164627075195,T,1.0700972080230713,L,1.5994714498519897,L,1.9420667886734009,-,,M,1.6305537223815918,M,1.7504276037216187,L,1.4021466970443726,T,1.0701497793197632
540,T,2.2525293976068497,H,1.6379467248916626,S,1.8476333618164062,D,4.972672462463379,D,5.7824625968933105,D,2.5469377040863037,D,2.2947375774383545,D,2.4538283348083496,D,1.595522403717041,K,1.7819709777832031,K,2.024441719055176,D,1.6030532121658325,S,2.870098352432251,S,2.9493958950042725,S,1.8938274383544922,D,1.682315468788147,G,1.475306749343872,D,1.3331669569015503,D,2.540393114089966,D,3.9760518074035645,L,0.9240422248840332,D,1.6434614658355713,D,1.639282464981079,G,1.2571567296981812,D,1.3349997997283936
541,N,2.083163022994995,E,2.4319937229156494,I,1.6939196586608887,V,3.1874849796295166,V,4.571160793304443,I,1.800348162651062,I,1.8020414113998413,I,1.7949751615524292,I,1.78847336769104,-,,-,,I,4.647463321685791,-,,-,,-,,I,2.554940700531006,F,1.9781880378723145,I,1.0889708995819092,I,1.7590100765228271,I,1.04891037940979,T,1.181286334991455,I,1.3718628883361816,I,1.6289546489715576,F,2.1595075130462646,I,1.09060537815094
542,P,1.9160805477036371,R,2.297022581100464,-,,P,1.6110502481460571,P,1.2671195268630981,P,2.362891674041748,P,2.0089621543884277,P,2.655452013015747,P,2.106405258178711,-,,-,,P,2.1504549980163574,-,,-,,-,,P,2.448195695877075,P,1.590059518814087,P,1.8660333156585693,P,1.809157371520996,P,1.1895596981048584,S,2.3535375595092773,P,1.9835522174835205,P,1.302689790725708,P,1.6241278648376465,P,1.8631783723831177
543,I,2.120229030648867,F,3.4957778453826904,T,1.9698741436004639,L,0.7294310331344604,F,0.9593733549118042,F,3.062784433364868,F,3.1634740829467773,F,2.0725488662719727,F,2.1660587787628174,M,1.6758465766906738,M,1.7353401184082031,F,1.4620521068572998,I,1.3008582592010498,I,1.398854374885559,I,1.2555474042892456,F,2.742338180541992,L,2.665346622467041,F,1.6100211143493652,F,2.995574474334717,F,2.5902414321899414,V,2.9022293090820312,F,2.7051355838775635,F,1.9851760864257812,L,2.642876625061035,F,1.5987359285354614
544,T,2.018517399827639,S,1.8999696969985962,N,1.5712400674819946,S,1.5459091663360596,P,1.9017949104309082,P,1.340201735496521,P,1.3158096075057983,P,2.616569995880127,P,1.8015103340148926,P,2.0923538208007812,P,1.8681318759918213,P,2.307522773742676,E,3.692366600036621,D,1.0409133434295654,D,1.8184669017791748,P,1.6280800104141235,P,2.7973883152008057,P,2.1133947372436523,P,2.112797498703003,P,1.5803170204162598,T,2.1276791095733643,P,1.639908790588379,P,2.667679786682129,P,2.856497287750244,P,2.1079142093658447
545,K,2.146056607365608,Y,1.4956953525543213,E,4.176753997802734,D,1.4473891258239746,P,1.0503792762756348,H,1.3571094274520874,H,1.392545223236084,H,1.18052339553833,P,4.75710391998291,F,2.8890132904052734,F,2.906372308731079,D,1.3122518062591553,E,1.7016006708145142,E,1.1769447326660156,K,3.1759495735168457,P,1.0791151523590088,P,2.0582644939422607,E,2.953878879547119,H,1.2738590240478516,D,0.7745351791381836,E,5.574357032775879,P,1.1048647165298462,P,1.6435580253601074,P,2.1030311584472656,E,2.9202628135681152
546,E,1.8878586739301682,E,1.5011826753616333,A,1.215409278869629,D,3.937368869781494,H,2.693345546722412,H,1.7465951442718506,H,1.8642491102218628,H,1.9525480270385742,H,0.9646865129470825,E,2.2449452877044678,E,2.4601638317108154,H,1.8711916208267212,E,3.6259851455688477,T,2.479750394821167,T,1.9097929000854492,H,1.10807466506958,R,1.2301408052444458,H,1.8840548992156982,H,1.4519445896148682,H,1.9322303533554077,E,2.004849672317505,H,0.8889948129653931,H,1.1006399393081665,R,1.1467915773391724,H,2.093672513961792
547,A,1.3406195938587189,A,1.9151430130004883,L,1.328474998474121,I,1.0008386373519897,V,1.6244398355484009,I,1.112014889717102,V,1.1069817543029785,I,1.125918984413147,I,0.8324339389801025,-,,-,,I,1.429857850074768,D,0.8828615546226501,A,1.9088529348373413,E,1.5388803482055664,I,1.020688772201538,I,1.2334513664245605,V,1.1701887845993042,V,1.0742745399475098,I,2.938157081604004,A,2.081293821334839,I,0.880135178565979,I,0.9033952951431274,I,1.2239105701446533,V,1.161436915397644
548,L,2.8259794811407724,Y,3.211184024810791,E,1.642003059387207,L,1.7463237047195435,L,2.2818191051483154,L,6.127801895141602,L,6.058340549468994,L,6.299230575561523,L,3.9700303077697754,A,1.2345037460327148,A,1.2565609216690063,L,1.2523845434188843,A,2.696991205215454,I,1.2298262119293213,V,1.3916593790054321,L,5.240121364593506,L,1.085339903831482,L,1.0462048053741455,L,6.401804447174072,L,3.2890048027038574,L,1.6207460165023804,L,5.697046279907227,L,0.8857803344726562,L,1.1176738739013672,L,1.0411264896392822
549,D,2.841752916574478,T,0.8170769214630127,S,1.0134861469268799,K,2.222343921661377,Q,3.3541250228881836,Q,3.5772156715393066,Q,3.489407777786255,Q,2.530745506286621,K,2.175501585006714,L,4.355841159820557,L,4.442486763000488,K,3.6394405364990234,E,0.9643880724906921,E,2.98565673828125,E,1.4279862642288208,K,2.542950391769409,Q,4.651949405670166,K,0.8663558959960938,Q,3.651441812515259,K,1.8158460855484009,Q,3.1226398944854736,K,3.547884225845337,K,5.32504415512085,Q,4.754328727722168,K,0.9279273152351379
550,C,2.1060808663782864,-,,L,2.888485908508301,E,1.6444748640060425,E,1.0785824060440063,E,1.1059494018554688,E,1.1037909984588623,E,1.2842481136322021,E,0.9779008626937866,N,1.1688331365585327,N,1.076462984085083,E,2.7380409240722656,S,0.7583493590354919,S,2.0337231159210205,S,3.2229199409484863,E,1.0974606275558472,E,2.887401819229126,E,5.190064430236816,E,1.3516876697540283,E,1.8879903554916382,H,2.0977728366851807,E,1.0455893278121948,E,3.548036813735962,E,2.9807212352752686,E,5.2713727951049805
551,-,2.945729653040568,-,,-,,-,,-,,-,,-,,-,,V,1.9459083080291748,-,,-,,-,,-,,-,,-,,-,,-,,V,3.5843803882598877,-,,-,,-,,-,,-,,-,,V,3.3069002628326416
552,-,1.0166282653808594,N,1.0166282653808594,-,,-,,-,,-,,-,,-,,-,,-,,-,,-,,-,,-,,-,,-,,-,,-,,-,,-,,-,,-,,-,,-,,-,
553,L,1.696237251872108,P,1.5201530456542969,Q,2.049983501434326,I,1.025260090827942,I,1.3150266408920288,I,1.8197822570800781,I,1.7949799299240112,I,1.3659968376159668,-,,Y,1.619941234588623,Y,1.4853302240371704,V,1.1931002140045166,M,1.3745661973953247,L,1.9512884616851807,V,1.27490234375,V,2.0059375762939453,I,1.6161683797836304,-,,I,1.7458187341690063,V,5.178893089294434,I,0.928633451461792,V,1.8824844360351562,V,1.0395114421844482,I,1.4332242012023926,-,
554,E,2.265281210343043,A,5.651646137237549,E,1.8542306423187256,D,3.4493134021759033,D,3.2308859825134277,D,2.7740638256073,D,2.8302571773529053,D,2.5740256309509277,D,1.9002083539962769,S,1.9668159484863281,S,2.34920334815979,D,1.7955743074417114,H,1.7172685861587524,Y,2.6051039695739746,Y,1.8466532230377197,D,2.172816276550293,D,1.8938907384872437,D,1.5172590017318726,D,2.712531566619873,D,1.5868680477142334,E,0.8333371877670288,D,1.7157936096191406,D,1.8714985847473145,D,2.0952556133270264,D,1.4222478866577148
555,E,2.149460458237192,-,,G,2.06968355178833,Y,2.111874580383301,F,1.8603562116622925,F,0.948029637336731,F,1.0598931312561035,F,0.9875110387802124,F,1.4252209663391113,N,1.667259693145752,N,1.626649022102356,F,1.8355516195297241,K,3.668588876724243,Q,7.264030456542969,K,2.8592135906219482,F,1.444174885749817,F,2.671797275543213,I,1.8077094554901123,F,0.9649973511695862,F,2.2942302227020264,R,3.104206085205078,F,1.1963543891906738,F,1.7081626653671265,F,2.9730899333953857,I,1.8890058994293213
556,Y,1.7587363421916962,F,1.1971795558929443,H,3.122741937637329,P,1.1308244466781616,P,1.2556337118148804,P,2.482160806655884,P,1.764477014541626,P,2.11039662361145,P,1.9773352146148682,T,1.3923200368881226,T,1.346643328666687,P,1.6000866889953613,Y,2.850512742996216,Y,1.1274573802947998,Y,1.8543546199798584,P,2.4062998294830322,P,1.4639559984207153,P,1.892027735710144,P,2.3106203079223633,P,1.904099464416504,A,1.0192629098892212,P,1.1723097562789917,P,1.2388838529586792,P,1.6072680950164795,P,1.9828201532363892
557,P,1.6613369236389797,M,1.0893521308898926,H,1.4589698314666748,S,1.3427177667617798,S,1.6229513883590698,S,2.0306544303894043,S,1.8810538053512573,S,1.7578518390655518,S,2.824446439743042,S,1.5460940599441528,S,1.5678341388702393,S,2.604278564453125,H,2.1195952892303467,H,1.0011287927627563,H,1.0760395526885986,S,2.2016959190368652,S,1.040743112564087,S,1.5247831344604492,S,1.983756184577942,S,1.8031318187713623,E,2.017407178878784,S,1.6260130405426025,S,1.2021952867507935,S,1.03444242477417,S,1.5149500370025635
558,N,1.6922751342256863,E,2.1850838661193848,A,1.9488129615783691,R,2.4048569202423096,K,1.974097728729248,K,1.3040958642959595,N,1.4862641096115112,K,1.5540955066680908,K,1.6314224004745483,S,1.775407075881958,S,1.7682831287384033,K,2.1258466243743896,D,2.3707196712493896,N,1.592149019241333,D,1.6562912464141846,K,1.5855687856674194,K,1.4191491603851318,Q,1.9874038696289062,K,1.1955883502960205,K,0.8125191330909729,S,1.5705194473266602,N,1.2460970878601074,N,1.5894675254821777,K,1.4999594688415527,K,1.9309042692184448
559,I,2.4018364200989404,L,1.1001225709915161,A,2.277209758758545,F,3.176907539367676,F,2.8302481174468994,F,1.8116978406906128,F,2.1151325702667236,F,2.503876209259033,L,2.869961977005005,L,2.5672552585601807,L,2.536348581314087,L,1.4865845441818237,I,5.417191505432129,I,1.2681281566619873,I,1.9689297676086426,L,2.53725528717041,F,1.4397698640823364,L,2.3247320652008057,F,1.9807051420211792,L,3.5229251384735107,M,4.927402496337891,L,1.9929720163345337,L,1.2590062618255615,F,1.4600194692611694,L,2.2696919441223145
560,I,2.090799182653427,E,2.3760149478912354,C,1.6215450763702393,D,1.324784517288208,N,1.6721746921539307,N,2.4770286083221436,N,2.3497328758239746,N,2.8447234630584717,N,3.1451919078826904,I,1.630403995513916,I,1.6394853591918945,N,2.5419070720672607,V,1.6778515577316284,L,1.0288833379745483,L,2.3567121028900146,N,3.204850435256958,N,2.523066759109497,N,1.2490785121917725,N,2.3201379776000977,N,1.8741071224212646,I,1.491206407546997,N,3.241283416748047,N,2.007781982421875,N,2.356222152709961,N,1.225006103515625
561,R,2.081667944788933,N,1.2654014825820923,R,1.5300216674804688,E,1.3911532163619995,D,1.4863777160644531,D,2.3631844520568848,D,2.729071617126465,E,2.3312292098999023,D,2.7185215950012207,K,1.5339891910552979,K,1.602652907371521,D,2.755148410797119,R,2.34218692779541,Y,2.3614883422851562,Y,1.4493201971054077,D,2.328766107559204,D,2.2160804271698,D,2.6343960762023926,D,2.410088300704956,D,1.3137307167053223,R,1.0829061269760132,D,2.553309440612793,D,2.9516098499298096,D,2.3204545974731445,D,2.2889420986175537
562,W,2.3138036181529364,R,1.7314307689666748,Q,2.1581616401672363,L,1.5360511541366577,L,1.4741148948669434,F,1.7143168449401855,F,1.7931233644485474,L,1.438387155532837,L,1.6845293045043945,W,3.6568987369537354,W,3.728121757507324,L,2.6613736152648926,A,2.900704860687256,L,2.3756632804870605,L,3.9710350036621094,L,1.5444471836090088,L,2.8409676551818848,L,2.6888041496276855,F,1.782714605331421,L,1.5540918111801147,N,1.4331140518188477,L,1.8673748970031738,L,2.6208255290985107,L,2.4004967212677,L,3.9745378494262695
563,S,1.6383172869682312,C,1.4416016340255737,G,2.1981987953186035,L,1.2513612508773804,A,1.5240609645843506,A,1.1987286806106567,A,1.4099680185317993,A,1.252280831336975,A,1.567034125328064,S,1.1552751064300537,S,1.1618138551712036,A,1.6835864782333374,S,2.1055946350097656,S,1.7563434839248657,S,1.1725889444351196,A,1.5863265991210938,I,1.5212180614471436,A,2.334493637084961,A,1.3934799432754517,I,1.307112455368042,A,2.0587735176086426,A,2.195420026779175,A,1.9387073516845703,T,1.6215649843215942,A,2.484081506729126
564,S,1.975350059568882,S,3.5023388862609863,S,1.5997917652130127,C,2.1474037170410156,G,1.6857731342315674,C,1.2976189851760864,C,1.357588768005371,C,1.7304515838623047,C,1.818433403968811,S,3.094759225845337,S,3.0608272552490234,C,1.1473630666732788,C,0.3562811613082886,G,0.8350716233253479,G,3.323349714279175,S,1.9510672092437744,C,1.3510804176330566,S,1.6205852031707764,C,1.3057503700256348,C,1.648560881614685,C,2.5551841259002686,C,4.775628089904785,C,2.237884044647217,C,1.4221116304397583,S,1.583497166633606
565,I,1.7723414798577626,E,1.775139570236206,L,1.3414671421051025,L,3.012226104736328,S,1.6634069681167603,S,1.5625221729278564,S,1.6687554121017456,S,1.4460396766662598,A,1.1843913793563843,M,1.5233163833618164,M,1.4047479629516602,A,1.4696605205535889,T,2.756981611251831,T,1.5892527103424072,M,0.931300938129425,A,1.371793270111084,A,1.777614712715149,A,1.8947992324829102,S,1.6788097620010376,I,1.2087199687957764,L,0.9844450354576111,A,1.5959374904632568,A,4.8309855461120605,A,1.8822287321090698,A,1.9816532135009766
566,I,2.0646563371022544,I,1.5419538021087646,M,1.6102420091629028,T,1.5905282497406006,I,1.347066879272461,I,1.5931627750396729,I,1.6631625890731812,I,1.5466545820236206,I,1.4840636253356934,I,1.594835638999939,I,1.5078974962234497,I,1.0306230783462524,I,2.1473748683929443,I,7.617517471313477,L,3.3504798412323,I,1.7283252477645874,I,1.2024226188659668,I,2.8119547367095947,I,1.5565744638442993,I,3.385789155960083,I,1.8859483003616333,I,2.0623652935028076,I,1.5835602283477783,I,1.2471665143966675,I,2.462082624435425
567,A,1.833341583609581,I,2.2540993690490723,L,4.0446648597717285,L,1.1141018867492676,L,1.1013708114624023,L,1.6326537132263184,L,1.6686210632324219,L,1.7354363203048706,L,1.0423253774642944,F,1.7854808568954468,F,2.051629066467285,L,1.4827977418899536,L,3.3930981159210205,L,1.2022672891616821,L,1.2699331045150757,L,1.1654287576675415,L,1.6054261922836304,L,1.2202672958374023,L,1.733551025390625,L,2.323051691055298,V,2.7391879558563232,L,2.5482144355773926,L,2.2264633178710938,L,1.473637342453003,L,1.1864904165267944
568,R,1.636458434164524,T,2.6028499603271484,R,1.204751968383789,R,1.8141891956329346,R,3.559122085571289,R,1.4536291360855103,R,1.4703404903411865,R,1.5179150104522705,R,1.8261117935180664,R,0.7476654052734375,R,0.8148953318595886,R,1.0096224546432495,R,1.2228049039840698,R,2.1516120433807373,R,1.4580122232437134,R,1.445239782333374,R,1.1344847679138184,R,1.543515682220459,R,1.1655219793319702,R,1.7176785469055176,R,1.9041392803192139,R,2.2798519134521484,R,2.5747952461242676,R,1.150656819343567,R,1.505596399307251
569,L,2.0608079309264817,Y,0.7589882016181946,L,1.423082709312439,L,1.952085018157959,L,1.3138301372528076,L,1.2522817850112915,L,1.2981266975402832,L,1.34635591506958,L,1.3431662321090698,L,4.25422477722168,L,3.852646589279175,L,1.809975504875183,L,3.5349812507629395,L,3.143697500228882,L,2.2183032035827637,L,1.2981383800506592,L,3.1975507736206055,L,2.189228057861328,L,1.3213939666748047,L,1.595110535621643,L,1.8009146451950073,L,0.9414747953414917,L,2.1040737628936768,L,3.20908522605896,L,2.3006746768951416
570,A,2.2073061764240265,F,0.92824786901474,A,1.8858550786972046,R,1.5523338317871094,R,1.418610692024231,R,4.194286346435547,R,4.303447246551514,R,3.470414638519287,R,2.942920207977295,C,2.0279393196105957,C,2.3418970108032227,R,1.1221975088119507,A,1.890626311302185,A,1.5182164907455444,P,2.8845834732055664,R,3.8805439472198486,K,1.4629652500152588,R,1.397434115409851,R,4.379307270050049,R,1.8044618368148804,T,1.4308828115463257,R,2.4035656452178955,R,0.9005144238471985,K,1.470284104347229,R,1.363812804222107
571,D,1.8084757427374523,N,2.743988037109375,D,1.2452449798583984,G,1.4657602310180664,G,1.6261651515960693,G,1.2248481512069702,C,1.1788017749786377,G,1.2430057525634766,G,1.0539010763168335,D,1.1020904779434204,D,1.2008850574493408,G,3.9117398262023926,D,1.6396781206130981,D,2.003657102584839,D,1.6693367958068848,G,1.3112549781799316,G,3.410435438156128,G,1.2974154949188232,G,1.2508069276809692,G,2.122300624847412,N,2.321154832839966,G,1.0264891386032104,G,2.435932159423828,G,3.431600570678711,G,1.4869251251220703
572,D,1.5352882221341133,D,1.364097237586975,D,2.0053176879882812,D,1.5904614925384521,D,1.6516666412353516,D,1.2894947528839111,D,1.3328520059585571,D,1.3150150775909424,D,1.1743956804275513,D,1.1902774572372437,D,1.1651946306228638,D,1.1848158836364746,D,2.494502305984497,D,1.8971515893936157,D,1.2855451107025146,D,1.3485172986984253,D,1.221211314201355,D,2.866635322570801,D,1.4090441465377808,D,1.6846938133239746,D,0.9462719559669495,D,1.2516716718673706,D,1.0406019687652588,D,1.2297860383987427,D,2.90769624710083
573,-,1.806016973086766,-,,L,1.448997139930725,-,,-,,-,,-,,-,,-,,L,1.707522988319397,L,1.759933352470398,-,,M,1.522969126701355,L,2.7265870571136475,L,1.5853701829910278,-,,-,,-,,-,,-,,M,1.8907389640808105,-,,-,,-,,-,
574,-,2.1054738759994507,-,,G,1.633679986000061,-,,-,,-,,-,,-,,-,,A,2.4747471809387207,A,2.2079944610595703,-,,-,,-,,-,,-,,-,,-,,-,,-,,-,,-,,-,,-,,-,
575,L,1.8881729808118608,V,0.8290068507194519,T,2.887026309967041,T,3.8027632236480713,T,1.875988483428955,T,2.33551025390625,T,2.0679659843444824,T,2.4046316146850586,T,2.5934746265411377,-,,-,,T,1.1510186195373535,-,,-,,-,,T,2.047391653060913,T,1.4765819311141968,T,1.2440111637115479,T,2.19407057762146,T,1.3714420795440674,-,,T,1.825907826423645,T,1.2627900838851929,T,1.364007830619812,T,1.2535245418548584
576,G,1.6397037506103516,C,1.9733836650848389,L,1.9100703001022339,R,1.2798165082931519,R,1.6266953945159912,R,1.6638264656066895,R,1.5945581197738647,R,1.4937573671340942,R,1.159338116645813,-,,-,,R,2.1827797889709473,G,1.3709372282028198,G,1.4075675010681152,G,2.731245994567871,R,1.2377943992614746,Q,1.8212882280349731,R,1.3132067918777466,R,1.6027705669403076,R,1.7230627536773682,G,1.6308460235595703,R,1.2232099771499634,R,1.8570977449417114,Q,1.8029848337173462,R,1.4672447443008423
577,T,1.7860055747239485,T,1.0618952512741089,-,,T,2.250262975692749,C,3.5465052127838135,C,2.141450881958008,C,2.1133430004119873,C,1.8128284215927124,C,1.59224271774292,T,1.2324069738388062,T,1.2672606706619263,C,1.4707268476486206,T,1.2703109979629517,T,1.1610698699951172,T,1.2183090448379517,C,1.5362416505813599,C,1.382489562034607,C,1.813086748123169,C,2.2013180255889893,C,4.331429481506348,T,1.4345178604125977,C,1.8860011100769043,C,1.2933785915374756,C,1.3892042636871338,C,1.6718480587005615
578,S,2.0084571579228276,S,2.0850822925567627,-,,F,2.636277914047241,Y,3.4399406909942627,Y,1.7256110906600952,Y,1.8170547485351562,Y,1.7623368501663208,Y,1.496505856513977,S,1.990328073501587,S,1.8843327760696411,Y,1.4480849504470825,S,1.0290303230285645,S,2.0752756595611572,T,4.04218053817749,Y,1.703490138053894,Y,1.9329475164413452,Y,1.510048747062683,Y,1.4943170547485352,Y,1.998674988746643,S,3.050504446029663,Y,1.901850700378418,Y,1.8450465202331543,Y,1.914559245109558,Y,1.4110335111618042
579,T,2.6106000294288,D,1.4875534772872925,S,1.5806533098220825,K,3.393036365509033,Q,1.452871322631836,Q,4.1267194747924805,Q,3.919555425643921,Q,4.142061710357666,K,3.629655599594116,S,1.1789491176605225,S,1.113648772239685,K,2.0843496322631836,L,5.269546985626221,Q,1.3417506217956543,T,1.7832340002059937,K,3.8108303546905518,K,1.479990839958191,Q,2.230034112930298,Q,3.9836177825927734,K,1.2447576522827148,S,4.368041515350342,Q,3.61858868598938,Q,1.6961946487426758,K,1.4920234680175781,Q,2.226735830307007
580,D,2.231919914484024,R,2.0438168048858643,D,1.6677559614181519,A,1.3048129081726074,N,1.4617769718170166,A,2.047158718109131,A,2.064720392227173,A,2.0405876636505127,A,2.422030210494995,D,0.9673656225204468,D,1.0702065229415894,A,4.567741394042969,D,2.243701457977295,H,2.7170491218566895,F,1.339320421218872,A,2.240344285964966,A,3.408315420150757,A,1.6923342943191528,A,2.092694044113159,A,2.4919192790985107,D,2.614854097366333,E,2.2514891624450684,E,3.5933351516723633,A,3.338258981704712,A,1.8844890594482422
581,E,2.0455725441376367,E,1.3246543407440186,E,2.50410795211792,E,1.5853266716003418,D,2.0118656158447266,D,1.985550045967102,D,2.0230045318603516,D,1.6353107690811157,D,2.006354808807373,E,2.3571436405181885,E,2.7272496223449707,D,1.2704904079437256,E,1.4896955490112305,E,2.5648529529571533,E,1.5570827722549438,D,1.8237534761428833,D,2.0890378952026367,D,2.934644937515259,D,2.025625705718994,D,1.736741542816162,E,2.339101791381836,D,1.6596280336380005,D,2.2665059566497803,D,2.116727828979492,D,3.059284210205078
582,L,1.9804855932792027,R,0.6956135034561157,M,3.7061407566070557,A,2.13043212890625,R,2.093919515609741,M,2.2173049449920654,R,2.314499616622925,R,2.661785840988159,R,2.247119665145874,V,1.941115379333496,V,2.2052371501922607,R,1.872802734375,V,1.3454508781433105,L,1.305283784866333,M,1.8803128004074097,R,2.378697633743286,R,1.7864903211593628,R,1.6824389696121216,R,2.2942984104156494,R,1.2947484254837036,L,2.032336950302124,R,2.0096986293792725,R,1.88688325881958,R,1.782254695892334,R,1.7667882442474365
583,K,1.8951324447989464,L,1.2562828063964844,K,3.886016845703125,D,1.5498244762420654,A,1.6674351692199707,A,1.3296316862106323,A,1.3793917894363403,D,1.2751473188400269,A,0.915704071521759,A,3.616504430770874,A,3.3927085399627686,A,2.113863468170166,E,1.7598835229873657,E,1.208893895149231,K,1.4389326572418213,A,0.9043241739273071,A,2.6434316635131836,A,1.9754692316055298,A,1.3169608116149902,A,1.7100112438201904,E,2.546987295150757,A,1.0765154361724854,A,1.987064242362976,A,2.5952858924865723,A,1.9369080066680908
584,R,1.7179661790529888,D,3.637392282485962,R,3.408503293991089,R,1.1576368808746338,R,1.4923157691955566,R,1.3250136375427246,R,1.3777326345443726,R,1.1145614385604858,R,1.400648593902588,R,2.441131353378296,R,2.5790252685546875,R,1.0967060327529907,R,1.257136583328247,R,1.217868447303772,R,1.2135939598083496,R,1.2806739807128906,R,1.232587456703186,R,2.336301326751709,R,1.4593818187713623,R,3.097707986831665,R,1.3554496765136719,R,1.4099876880645752,R,1.07960844039917,R,1.2242769002914429,R,2.035946846008301
585,G,1.861041744550069,E,2.1108224391937256,G,2.022736072540283,G,2.930983781814575,G,1.6426599025726318,G,2.050180673599243,G,2.070114850997925,G,1.6763110160827637,G,2.278480052947998,G,3.0221011638641357,G,2.901397943496704,G,1.2004517316818237,G,1.5904357433319092,G,2.0517053604125977,G,1.3933823108673096,G,2.4089572429656982,G,1.4127644300460815,G,1.1073534488677979,G,2.1320395469665527,G,1.225484013557434,G,1.641879677772522,G,1.890051245689392,G,1.3754103183746338,G,1.4378468990325928,G,1.0914520025253296
586,D,2.040579249461492,D,1.2664368152618408,D,1.5413563251495361,E,1.5695550441741943,E,4.277191162109375,E,2.733177661895752,E,2.613879442214966,E,2.1698668003082275,E,1.733345627784729,D,2.0058417320251465,D,2.0375843048095703,E,2.5674331188201904,D,1.5415186882019043,D,1.218192458152771,D,1.7625517845153809,E,1.8223110437393188,E,1.5428210496902466,E,1.3467992544174194,E,3.4628689289093018,E,4.051382541656494,D,1.287390947341919,E,1.5644488334655762,E,1.875896692276001,E,1.5640296936035156,E,1.4180220365524292
587,V,2.15061354637146,P,1.1603584289550781,V,1.8894766569137573,V,2.2417728900909424,E,1.958605170249939,E,1.7740488052368164,E,1.8757823705673218,K,1.8042569160461426,E,2.095446825027466,V,1.746042251586914,V,2.1852529048919678,E,1.7859350442886353,V,3.174443483352661,V,5.081873416900635,V,1.7018431425094604,E,2.088622570037842,E,2.617804527282715,E,2.1389265060424805,E,2.077998638153076,E,2.6564738750457764,I,1.4252411127090454,E,1.6354155540466309,E,1.7007725238800049,E,2.7167060375213623,E,2.081625461578369
588,P,1.6826631849010785,F,1.776853084564209,P,1.5301460027694702,V,1.4479824304580688,A,1.1123021841049194,A,2.5834429264068604,A,2.6566319465637207,A,3.174151659011841,A,1.1416387557983398,P,1.3354506492614746,P,1.309903860092163,A,1.9432047605514526,P,1.051063060760498,P,1.2978821992874146,A,0.5840368866920471,A,1.1517024040222168,A,1.7467557191848755,A,1.8567038774490356,A,1.1959919929504395,A,1.7519606351852417,P,1.2900253534317017,T,3.3742120265960693,T,1.6360470056533813,A,1.7431483268737793,A,1.692678689956665
589,K,1.7311287174622219,N,3.7493464946746826,K,2.4546444416046143,S,1.8154189586639404,S,1.6950217485427856,S,1.283900260925293,S,1.46970534324646,S,1.5149180889129639,S,1.260925054550171,K,1.3834967613220215,K,1.3461503982543945,S,1.8446897268295288,K,1.492714762687683,K,1.8687334060668945,K,1.091569423675537,S,1.975124478340149,S,1.1106139421463013,S,1.9313660860061646,S,1.5431177616119385,S,1.4581665992736816,K,1.8045445680618286,S,1.19233238697052,S,3.349473476409912,S,1.123183012008667,S,1.78793203830719
590,A,2.141447072227796,S,2.2355704307556152,S,1.541207194328308,C,1.702776551246643,C,1.4587537050247192,C,1.5801160335540771,C,1.5703977346420288,C,1.8773993253707886,S,2.0682034492492676,S,1.14324951171875,S,1.1273761987686157,S,1.325995922088623,S,1.3580716848373413,A,1.433329463005066,A,8.554364204406738,S,2.368628740310669,A,2.1477973461151123,C,3.442751169204712,C,1.6429228782653809,S,1.6749759912490845,S,1.9210264682769775,C,2.394359588623047,C,1.1837787628173828,A,2.146005868911743,C,3.495671510696411
591,I,2.4808757454156876,V,2.759324073791504,I,2.2415130138397217,I,1.3936913013458252,I,1.3208141326904297,I,2.302908182144165,I,2.1899595260620117,I,2.131089448928833,I,2.6990346908569336,I,5.200929164886475,I,5.19996976852417,I,2.4943349361419678,V,2.270750045776367,I,2.141977071762085,I,2.1854286193847656,I,2.5606184005737305,V,3.0362308025360107,I,1.2080107927322388,I,2.20603084564209,I,2.050462007522583,I,2.428239583969116,I,2.923753499984741,I,2.406704902648926,V,2.9742205142974854,I,1.2150225639343262
592,Q,1.9071642930308979,F,1.0596857070922852,Q,1.8515650033950806,T,1.659570336341858,S,1.637562870979309,S,1.302565574645996,S,1.292605996131897,S,1.440488576889038,S,1.1043236255645752,Q,1.8364524841308594,Q,1.7633126974105835,S,2.388096809387207,Q,3.5548839569091797,Q,1.245355486869812,Q,1.935425043106079,S,1.0622695684432983,S,2.483916759490967,S,2.89349102973938,S,1.374443769454956,S,2.898831844329834,Q,1.7539949417114258,S,0.9425106644630432,S,2.900892734527588,S,2.481088638305664,S,2.908608913421631
593,C,1.7565394689639409,I,1.2448713779449463,C,3.573249340057373,C,3.6078155040740967,C,2.1575000286102295,C,1.459007978439331,C,1.5020525455474854,C,1.268562912940979,C,1.6985055208206177,C,1.2430230379104614,C,1.1941670179367065,C,1.2481200695037842,C,1.7781141996383667,C,1.8314456939697266,C,2.34236478805542,C,1.6286041736602783,C,1.2232998609542847,C,2.575878858566284,C,1.552457332611084,C,1.366843342781067,C,1.2762486934661865,C,1.4239857196807861,C,0.9644995927810669,C,1.226197361946106,C,2.770132303237915
594,Y,2.1391858011484146,L,2.972156286239624,Y,1.7411092519760132,Y,2.248002529144287,Y,1.906264066696167,Y,2.809511423110962,Y,3.0249788761138916,Y,1.9635215997695923,Y,1.900146484375,Y,2.1998822689056396,Y,2.1488330364227295,Y,1.2926281690597534,Y,1.2369049787521362,Y,2.007255792617798,Y,3.966813087463379,Y,2.3980753421783447,Y,1.8679604530334473,Y,1.1096338033676147,Y,3.204878091812134,Y,1.9543384313583374,Y,3.0060060024261475,Y,2.048835277557373,Y,1.4405455589294434,Y,1.805365800857544,Y,1.0868126153945923
595,M,2.405701811114947,M,1.417656660079956,M,3.2952113151550293,M,4.6202898025512695,M,4.415869235992432,M,2.770561933517456,M,3.0181517601013184,M,2.4470198154449463,M,2.6892404556274414,M,1.546161413192749,M,1.5600963830947876,M,1.5073821544647217,M,1.4631463289260864,M,1.886673092842102,M,3.1790401935577393,M,2.945737838745117,M,1.7848243713378906,M,1.757034182548523,M,2.7914211750030518,M,1.7751909494400024,M,2.143761396408081,M,3.193671941757202,M,2.0640242099761963,M,1.7467106580734253,M,1.7179661989212036
596,N,2.1591936151186624,D,1.0862548351287842,H,1.110817313194275,K,1.317143201828003,K,3.6346495151519775,K,1.3515069484710693,K,1.3309955596923828,K,3.3617987632751465,K,2.0662150382995605,Y,1.0811136960983276,Y,0.9550432562828064,K,3.858670234680176,N,2.4022278785705566,N,0.965319812297821,K,2.469456911087036,K,1.1536061763763428,K,4.093316078186035,K,2.0703814029693604,K,1.3585933446884155,K,2.581268787384033,H,2.778581142425537,K,1.3843629360198975,K,3.2263314723968506,K,4.164834976196289,K,2.018157482147217
597,E,2.8317083617051444,L,2.258702039718628,D,1.2018717527389526,D,1.7882436513900757,D,2.5583760738372803,D,5.17322301864624,D,4.938067436218262,D,4.627991676330566,D,5.20259428024292,E,1.3922851085662842,E,1.50095796585083,D,1.1141033172607422,E,1.2866870164871216,D,1.6513097286224365,E,3.6189751625061035,D,5.511383056640625,D,1.351399302482605,D,2.9865665435791016,D,4.942478179931641,D,2.184643030166626,E,1.8635598421096802,D,5.1489362716674805,D,1.3916430473327637,D,1.3344486951828003,D,2.9325544834136963
598,T,3.00375759601593,D,1.3883472681045532,-,,H,1.5773893594741821,N,1.1814109086990356,N,1.7778606414794922,H,1.7563650608062744,N,1.5870641469955444,N,3.5430307388305664,-,,-,,N,5.416545867919922,-,,-,,-,,N,4.064433574676514,H,4.021772861480713,N,3.0777642726898193,N,1.7774593830108643,N,3.940805196762085,S,2.8381495475769043,N,4.022373199462891,N,5.126734256744385,H,3.8714346885681152,N,3.098695755004883
599,-,2.221881902736166,P,2.206345796585083,T,1.7751717567443848,P,1.4591435194015503,P,1.256184697151184,P,1.3809208869934082,P,1.398280143737793,P,1.297325849533081,P,1.2262694835662842,A,1.3091760873794556,A,1.376726508140564,P,1.9779279232025146,K,1.2401609420776367,T,3.1643314361572266,H,2.361055374145508,P,1.268727421760559,P,2.067331075668335,P,5.569065093994141,P,1.3633959293365479,P,4.549600601196289,-,,P,1.2684738636016846,P,3.96895170211792,P,2.0702762603759766,P,5.548441410064697
600,G,1.6195386449495952,S,1.339558482170105,G,2.0232787132263184,G,1.4412990808486938,G,1.7213953733444214,G,1.3649191856384277,G,1.4687080383300781,G,1.3392746448516846,G,1.3712066411972046,G,2.1895132064819336,G,2.324540138244629,G,1.3210694789886475,N,2.8668391704559326,N,1.1561357975006104,N,1.2586071491241455,G,1.5466331243515015,G,1.3045421838760376,G,2.0350890159606934,G,1.4163000583648682,G,1.1519649028778076,G,2.0352399349212646,G,1.5790915489196777,G,1.2747832536697388,G,1.3258379697799683,G,2.0131003856658936
601,A,1.9096479018529255,L,2.7444021701812744,A,1.547343134880066,S,1.6771397590637207,S,2.091902017593384,S,1.5585790872573853,S,1.6787620782852173,S,1.7212272882461548,V,1.9292234182357788,V,3.452960252761841,V,3.5141382217407227,V,1.2581888437271118,A,1.758515477180481,A,2.434612512588501,A,1.4365806579589844,A,1.9218120574951172,I,1.4191101789474487,T,1.3713555335998535,S,1.5880327224731445,L,1.0051109790802002,A,3.292118787765503,A,2.103827714920044,A,1.5981189012527466,I,1.3486807346343994,T,1.3798071146011353
602,S,1.7971015969912212,N,2.5454330444335938,S,1.5445890426635742,N,1.423004388809204,T,1.5239239931106567,T,1.613563895225525,T,1.670378565788269,T,1.5101141929626465,T,2.1120946407318115,S,1.663082242012024,S,1.7024074792861938,S,1.8472572565078735,S,1.556966781616211,S,2.136359214782715,S,1.8805229663848877,T,2.041027069091797,T,2.1516427993774414,T,1.566646933555603,T,1.6592872142791748,T,1.7074329853057861,T,1.670013666152954,T,2.038057804107666,T,2.1091887950897217,T,1.8847711086273193,T,1.5726722478866577
603,E,1.7094306896130245,F,1.964615821838379,E,1.463012456893921,E,1.489759087562561,E,1.3960994482040405,Q,1.545148253440857,Q,1.5885028839111328,E,1.3267408609390259,E,1.4756789207458496,E,1.8904881477355957,E,1.82980477809906,E,1.972729206085205,E,1.09133780002594,E,3.789078712463379,E,1.0986400842666626,E,1.6107231378555298,E,1.5577653646469116,E,2.258667230606079,Q,1.7268214225769043,E,1.6786718368530273,E,1.3075400590896606,E,1.3651366233825684,E,1.7343876361846924,E,1.821574091911316,E,2.043412685394287
604,E,1.6512803610633402,A,0.9853243827819824,-,,E,2.4270129203796387,E,2.9051945209503174,E,1.2649928331375122,E,1.2477494478225708,E,1.1645703315734863,E,1.0702303647994995,-,,-,,E,1.8096874952316284,-,,-,,-,,E,1.0229017734527588,E,2.227339744567871,E,1.9563798904418945,E,1.381131887435913,E,1.461492896080017,-,,E,1.0576003789901733,E,1.5074243545532227,E,2.6076724529266357,E,1.9750604629516602
605,-,1.3730970621109009,K,1.3730970621109009,-,,-,,-,,-,,-,,-,,-,,-,,-,,-,,-,,-,,-,,-,,-,,-,,-,,-,,-,,-,,-,,-,,-,
606,-,3.0268644243478775,S,3.695049285888672,D,1.9705018997192383,-,,-,,-,,-,,-,,-,,S,5.176757335662842,S,5.174063205718994,-,,E,2.6585910320281982,R,2.1331725120544434,E,1.082689881324768,-,,-,,-,,-,,-,,M,2.3240902423858643,-,,-,,-,,-,
607,-,2.184598207473755,C,2.184598207473755,-,,-,,-,,-,,-,,-,,-,,-,,-,,-,,-,,-,,-,,-,,-,,-,,-,,-,,-,,-,,-,,-,,-,
608,-,1.7116119861602783,D,1.7116119861602783,-,,-,,-,,-,,-,,-,,-,,-,,-,,-,,-,,-,,-,,-,,-,,-,,-,,-,,-,,-,,-,,-,,-,
609,G,2.2214195877313614,V,1.3524682521820068,E,2.088622570037842,D,2.812558174133301,D,2.6774849891662598,D,1.6947858333587646,D,1.8363385200500488,D,1.3589235544204712,D,2.152651071548462,V,5.184975624084473,V,5.077452182769775,D,1.103480339050293,E,4.265091419219971,E,2.928400754928589,E,2.803823709487915,D,2.127732753753662,D,1.3600260019302368,D,1.6210426092147827,D,1.7591615915298462,D,1.7633898258209229,E,1.3636209964752197,D,1.776984453201294,D,1.0410748720169067,D,1.5087273120880127,D,1.6552526950836182
610,A,2.366811995704969,V,2.0905423164367676,A,1.837376594543457,A,2.9060919284820557,A,2.053847551345825,A,3.8121089935302734,A,4.062702178955078,A,3.431175470352173,A,2.336508274078369,A,2.223097801208496,A,2.3643784523010254,A,2.036994695663452,A,1.6919320821762085,A,2.1225297451019287,A,1.7585914134979248,A,2.1239614486694336,A,1.7581454515457153,A,1.3907465934753418,A,4.068961143493652,A,1.9332835674285889,A,3.734659433364868,A,2.1439223289489746,A,1.6033384799957275,A,2.0486812591552734,A,1.2699106931686401
611,R,2.5832563241322837,V,1.0250393152236938,R,2.419823408126831,L,3.187734365463257,L,2.757619857788086,L,3.234144449234009,L,3.316693067550659,L,3.3520524501800537,L,3.2715892791748047,R,2.0665407180786133,R,2.1334545612335205,L,2.1377222537994385,R,2.436016321182251,V,1.9282571077346802,R,1.4068994522094727,L,3.493785858154297,V,2.2118756771087646,L,2.804887533187866,L,3.362766742706299,L,2.4805679321289062,R,2.650435209274292,L,3.334609031677246,L,1.9820961952209473,V,2.0741822719573975,L,2.929358720779419
612,E,2.61819356183211,E,2.3903820514678955,E,4.406290531158447,N,3.636040687561035,N,3.495790481567383,N,2.687896728515625,N,2.717221260070801,N,3.9756245613098145,D,2.642864465713501,D,1.8426063060760498,D,1.8055014610290527,D,3.050638198852539,E,2.2421443462371826,E,2.380094051361084,E,1.2631256580352783,D,3.022382974624634,N,3.132382392883301,N,1.9984309673309326,N,2.68007755279541,N,0.7965248823165894,A,1.3082385063171387,N,2.844907283782959,N,3.3726940155029297,N,3.1265506744384766,N,2.018235445022583
613,Y,2.1544958104689917,H,2.435114860534668,H,1.285226583480835,Y,1.327823281288147,H,1.1590372323989868,H,1.8133915662765503,H,1.8416380882263184,H,1.7044181823730469,H,3.4835329055786133,H,1.8470124006271362,H,1.8084368705749512,H,3.0169665813446045,H,1.64862060546875,H,3.001953363418579,H,1.203166127204895,H,2.8378329277038574,Q,2.828991413116455,H,2.4233028888702393,H,1.807227611541748,H,1.2664514780044556,Y,1.669129490852356,H,2.9651565551757812,H,3.0414469242095947,Q,2.862663507461548,H,2.4293580055236816
614,I,2.403975839416186,A,1.8011952638626099,I,1.5299363136291504,L,1.3784701824188232,I,1.2158056497573853,I,2.153046131134033,I,1.1309524774551392,I,3.9768500328063965,I,2.1382291316986084,I,4.349473476409912,I,4.411967754364014,I,2.7458834648132324,V,0.8482197523117065,V,2.4927868843078613,I,1.5881588459014893,I,2.338759183883667,V,2.1914727687835693,L,2.6886651515960693,I,1.1297852993011475,I,6.070483684539795,I,1.7517975568771362,L,2.3789639472961426,L,2.89217472076416,V,1.9703752994537354,I,2.5219671726226807
615,K,1.627631773551305,Y,2.011716604232788,K,2.204580068588257,N,1.39924955368042,N,1.9555069208145142,N,1.1888957023620605,N,1.226204514503479,N,1.745018482208252,N,1.1006897687911987,K,1.5003162622451782,K,1.493148684501648,N,2.52465558052063,R,1.2652734518051147,K,2.3925187587738037,R,1.24591064453125,N,1.275527000427246,N,1.2541242837905884,N,2.3974831104278564,N,1.214203119277954,N,1.3060705661773682,K,1.1899546384811401,N,1.1961874961853027,N,2.309621572494507,N,1.2764720916748047,N,2.389833688735962
616,Y,1.8352471192677815,N,1.7033672332763672,F,2.0693142414093018,S,1.720215916633606,G,1.3700134754180908,N,1.886675238609314,N,1.7966523170471191,G,2.1861066818237305,A,1.5041272640228271,Y,1.2925244569778442,Y,1.1104059219360352,A,1.2792737483978271,S,3.4146525859832764,F,4.301532745361328,F,5.055489540100098,A,1.5000593662261963,A,1.2057907581329346,A,1.1324493885040283,N,1.8482437133789062,F,1.4847888946533203,Q,1.0311144590377808,V,1.5423773527145386,V,1.24729323387146,A,1.238204836845398,A,1.1252574920654297
617,L,1.67447134355704,K,3.1637237071990967,L,1.165164589881897,L,1.0741363763809204,M,1.5090347528457642,M,1.5015369653701782,M,1.5555672645568848,M,1.2561942338943481,M,1.4853060245513916,L,1.4194365739822388,L,1.4693907499313354,M,1.7813900709152222,L,1.9720226526260376,L,2.5057501792907715,L,1.5140339136123657,M,1.4996743202209473,M,2.1119325160980225,M,1.2923262119293213,M,1.544142484664917,M,2.1895358562469482,F,1.1847385168075562,M,1.7934787273406982,M,1.699260950088501,M,2.0891733169555664,M,1.4103612899780273
618,I,1.7221948603789012,M,1.0554568767547607,I,1.1745866537094116,I,1.5776337385177612,I,1.3310939073562622,I,1.2491796016693115,I,1.3211592435836792,I,1.0338739156723022,I,1.2433435916900635,I,2.087575674057007,I,2.0318965911865234,I,1.459333062171936,I,4.035149574279785,I,1.4462823867797852,M,1.148632526397705,I,1.2430951595306396,V,1.616910457611084,I,3.590862512588501,I,1.3334752321243286,I,1.8223451375961304,I,1.1819173097610474,I,1.1986316442489624,I,1.9440089464187622,V,1.6142672300338745,I,3.591965675354004
619,S,1.8748528584837914,Q,2.312619686126709,S,2.746278762817383,D,2.8211638927459717,E,2.7316479682922363,E,1.8261421918869019,E,2.0048880577087402,E,1.9063103199005127,S,1.7978482246398926,D,1.0972341299057007,D,1.1315068006515503,S,1.3504952192306519,D,4.415956974029541,R,2.4841322898864746,R,1.2243132591247559,S,1.8595170974731445,D,1.2994015216827393,S,1.7369616031646729,E,1.946182131767273,R,1.3249938488006592,V,0.9654707312583923,S,1.9172344207763672,S,1.1988463401794434,D,1.2877857685089111,S,1.6095373630523682
620,A,1.7439825385808945,A,1.4319376945495605,E,1.8168812990188599,E,2.477534294128418,K,2.407395124435425,E,1.4442875385284424,E,1.5581631660461426,D,1.5240882635116577,D,1.3806321620941162,E,1.5541958808898926,E,1.5148499011993408,D,1.268044352531433,Q,1.9189867973327637,E,2.1413161754608154,E,3.1010427474975586,D,1.4142683744430542,N,2.0178232192993164,D,1.0393563508987427,E,1.408801794052124,D,1.7015347480773926,E,1.9388247728347778,G,1.816617727279663,G,1.916940450668335,N,2.010704517364502,D,1.0513535737991333
621,T,1.4791309187809627,F,0.922290027141571,I,1.473910927772522,R,0.7409237027168274,Q,0.8499236106872559,T,1.0050467252731323,T,1.0518475770950317,T,2.048628330230713,V,1.0610601902008057,A,1.452415108680725,A,1.4307992458343506,V,1.3764315843582153,T,2.4118969440460205,A,1.0357842445373535,A,1.895833969116211,V,1.087012529373169,L,2.011045217514038,V,1.6591076850891113,T,1.0809417963027954,A,1.2162466049194336,T,2.690260171890259,V,1.5771034955978394,V,1.6222858428955078,L,2.1212852001190186,V,1.6770613193511963
622,W,1.8972281143069267,L,0.8923267722129822,W,1.0851504802703857,L,1.2584648132324219,I,1.6997833251953125,I,2.574810743331909,I,2.5856659412384033,I,2.4438765048980713,I,2.7917771339416504,W,1.7791082859039307,W,1.738390564918518,I,1.0434801578521729,W,1.8547195196151733,W,1.3302582502365112,W,3.1689555644989014,I,2.87261962890625,T,1.0460788011550903,I,1.486908197402954,I,2.5352282524108887,I,1.1392858028411865,W,3.7978968620300293,I,2.336639404296875,I,1.5532398223876953,T,1.0353962182998657,I,1.4834136962890625
623,K,2.167889883120855,K,1.8519240617752075,K,1.556374192237854,K,5.8645524978637695,K,6.3245015144348145,K,1.7504574060440063,K,1.8252387046813965,K,1.6309107542037964,R,1.8331338167190552,K,1.1441987752914429,K,1.1349291801452637,K,2.4567742347717285,K,2.7721498012542725,K,1.9107458591461182,K,1.1687391996383667,R,1.876069188117981,K,2.5305559635162354,K,1.486316204071045,K,1.8358957767486572,R,1.5215486288070679,K,1.554174542427063,K,1.6189157962799072,K,2.339909315109253,K,2.5546860694885254,K,1.4866557121276855
624,K,2.155926249921322,L,0.911872386932373,E,3.499643325805664,E,1.5738359689712524,E,1.4018559455871582,K,1.9668796062469482,K,2.121452569961548,Q,2.2370147705078125,G,3.8311846256256104,K,2.6529009342193604,K,2.636547803878784,G,1.9031213521957397,M,2.058523654937744,E,1.1740168333053589,Q,2.8997933864593506,G,3.964099168777466,E,1.6629078388214111,G,2.551706314086914,K,2.1109087467193604,E,0.9923015236854553,K,1.608687162399292,G,2.184109926223755,E,1.5967438220977783,E,1.6419681310653687,G,2.5601541996002197
625,M,2.314742147922516,K,2.684410333633423,M,1.2653526067733765,L,1.069939374923706,L,1.3271024227142334,L,4.275979042053223,L,3.801567792892456,L,2.1312789916992188,L,3.4748802185058594,M,1.7946897745132446,M,1.6724313497543335,L,3.618729591369629,M,1.9300739765167236,M,1.038832426071167,M,1.5942997932434082,L,3.7770166397094727,L,1.815899133682251,L,1.8616137504577637,L,4.007933139801025,L,1.186043620109558,L,1.626446008682251,L,3.745185136795044,L,2.2596018314361572,L,1.7181165218353271,L,1.8763880729675293
626,N,2.480537305275599,E,1.1833492517471313,N,1.1358493566513062,N,2.036579132080078,N,2.1327528953552246,N,1.967459797859192,N,1.3561944961547852,N,2.063931465148926,N,1.3221938610076904,N,4.277276992797852,N,4.576623916625977,N,3.396728038787842,N,1.8857097625732422,N,2.4958841800689697,N,1.403092622756958,N,1.3961368799209595,N,3.827915906906128,N,4.111078262329102,N,1.5388708114624023,N,1.6361584663391113,N,2.698643922805786,N,1.4760496616363525,N,3.739588975906372,N,3.774798631668091,N,4.100028038024902
627,K,1.6950422823429108,E,2.1820027828216553,D,1.4778923988342285,W,1.611208200454712,W,1.488326072692871,R,1.3123832941055298,W,1.1946351528167725,W,1.1274770498275757,W,1.178201675415039,E,1.3872125148773193,E,1.386706829071045,W,1.567256212234497,K,1.2034010887145996,T,3.40462589263916,T,2.5663912296295166,W,1.3416621685028076,W,1.5777509212493896,W,3.3343617916107178,W,1.2449209690093994,W,1.238916277885437,K,1.1720519065856934,W,1.3035247325897217,W,1.4758005142211914,W,1.5567749738693237,W,3.3475301265716553
628,D,1.640673170487086,I,1.5689351558685303,E,1.2688472270965576,E,1.818672776222229,E,1.401008129119873,E,2.064845085144043,E,2.3226866722106934,E,2.7551605701446533,E,1.759057641029358,C,1.2560596466064453,C,1.2442784309387207,E,1.1602526903152466,E,1.5271410942077637,V,1.4025861024856567,A,1.9134001731872559,E,1.8959397077560425,E,1.2315515279769897,E,1.5428247451782227,E,2.1398584842681885,E,1.901270866394043,E,1.0664896965026855,E,2.1590981483459473,E,1.299932599067688,E,1.157299518585205,E,1.518959403038025
629,R,1.8456261368358837,L,1.8196269273757935,-,,Y,1.4424809217453003,L,1.4641598463058472,L,1.9636799097061157,L,1.71776282787323,L,2.0456552505493164,L,1.6866933107376099,-,,-,,L,1.7880159616470337,-,,-,,-,,L,1.9194656610488892,L,2.253108501434326,L,1.3830339908599854,L,1.7977614402770996,L,2.7917325496673584,-,,L,1.6326841115951538,L,2.20890736579895,L,2.0995259284973145,L,1.3613498210906982
630,A,1.5825943400462468,E,1.9198933839797974,D,2.9286561012268066,L,1.186368465423584,L,1.2237439155578613,L,1.0278939008712769,M,1.0297139883041382,L,1.003905177116394,L,1.1537871360778809,L,1.1196811199188232,L,1.1375935077667236,L,1.691241979598999,M,1.6410107612609863,T,1.6818292140960693,A,2.267207384109497,L,1.3121691942214966,L,1.764824628829956,L,2.3021419048309326,L,1.0289912223815918,L,1.5403900146484375,R,2.3217484951019287,L,1.299098253250122,L,1.6175042390823364,L,1.5608855485916138,L,2.221984624862671
631,A,1.4638359149297078,-,,-,,-,,-,,-,,-,,-,,N,0.8987773656845093,-,,-,,-,,-,,-,,-,,-,,-,,K,1.7497237920761108,-,,K,2.0825657844543457,-,,K,1.0199517011642456,K,1.2916412353515625,-,,K,1.7403556108474731
632,-,,-,,-,,-,,-,,-,,-,,-,,-,,-,,-,,-,,-,,-,,-,,-,,-,,-,,-,,-,,-,,-,,-,,-,,-,
633,S,3.229446589946747,-,,E,3.5056753158569336,-,,-,,-,,-,,-,,-,,V,3.4738690853118896,V,3.5756726264953613,-,,-,,T,2.3625693321228027,-,,-,,-,,-,,-,,-,,-,,-,,-,,-,,-,
634,S,1.4896907806396484,-,,-,,-,,-,,-,,-,,-,,-,,-,,-,,-,,M,1.0669150352478027,-,,A,0.9968934059143066,-,,-,,-,,-,,-,,Q,2.405263900756836,-,,-,,-,,-,
635,-,,-,,-,,-,,-,,-,,-,,-,,-,,-,,-,,-,,-,,-,,-,,-,,-,,-,,-,,-,,-,,-,,-,,-,,-,
636,-,,-,,-,,-,,-,,-,,-,,-,,-,,-,,-,,-,,-,,-,,-,,-,,-,,-,,-,,-,,-,,-,,-,,-,,-,
637,-,,-,,-,,-,,-,,-,,-,,-,,-,,-,,-,,-,,-,,-,,-,,-,,-,,-,,-,,-,,-,,-,,-,,-,,-,
638,-,,-,,-,,-,,-,,-,,-,,-,,-,,-,,-,,-,,-,,-,,-,,-,,-,,-,,-,,-,,-,,-,,-,,-,,-,
639,-,1.47058850924174,S,3.3840866088867188,-,,-,,K,1.1360878944396973,K,1.0315909385681152,K,1.124444842338562,R,1.2857669591903687,-,,-,,-,,K,0.9681875109672546,-,,A,2.9865152835845947,A,1.9700641632080078,N,0.6879078149795532,R,1.0629956722259521,-,,K,1.1635053157806396,-,,E,1.4049888849258423,P,1.893019437789917,P,0.9992514252662659,R,0.9604148864746094,-,
640,-,1.5749611173357283,A,1.365299940109253,Y,2.7265663146972656,K,1.360520839691162,P,1.327710747718811,P,1.578726053237915,P,1.6362738609313965,P,1.616895079612732,P,1.8845242261886597,Y,1.6873714923858643,P,1.4016079902648926,P,1.3630876541137695,-,,S,1.3557243347167969,N,2.220240831375122,P,1.4349873065948486,P,1.2541604042053223,P,1.0996919870376587,P,1.6910268068313599,P,2.4061381816864014,I,1.4212573766708374,-,,-,,P,1.1382657289505005,P,1.1041063070297241
641,-,1.5309206644694011,S,2.1530954837799072,N,1.8874024152755737,T,1.185867190361023,D,1.9496290683746338,D,1.9416191577911377,D,1.8038990497589111,D,1.8643684387207031,N,1.2745424509048462,N,1.4121919870376587,S,1.517185091972351,D,1.6050782203674316,T,1.0341733694076538,D,1.3668005466461182,N,2.1978538036346436,N,1.320941686630249,D,1.1218684911727905,N,0.7586251497268677,D,1.520129680633545,D,1.9092024564743042,G,1.2852401733398438,D,1.5425398349761963,D,1.8595141172409058,D,1.480479121208191,N,0.7498489618301392
642,P,1.941861813267072,D,1.2602519989013672,S,1.376936674118042,D,1.4674195051193237,K,1.4898816347122192,N,2.898097515106201,N,2.4375545978546143,N,2.625852346420288,S,1.7050683498382568,T,1.587717890739441,T,1.7104215621948242,I,1.1872762441635132,S,4.900761604309082,C,1.113984227180481,C,3.139493227005005,S,1.4943369626998901,S,1.7332799434661865,S,1.3438148498535156,N,2.407541513442993,N,2.637356996536255,S,1.3882054090499878,S,1.672904372215271,S,1.5186394453048706,S,2.0127670764923096,S,1.495119571685791
643,F,2.1093253095944724,E,1.4770214557647705,I,1.2872815132141113,N,1.4837040901184082,N,3.4177403450012207,N,2.24212646484375,N,1.9553611278533936,N,1.9494271278381348,S,3.5863165855407715,P,2.2876338958740234,P,2.1810054779052734,N,1.4601997137069702,S,1.865079641342163,P,2.600842237472534,P,1.5557334423065186,S,2.835299015045166,G,2.3969576358795166,S,1.4147648811340332,N,2.262113094329834,S,1.6192519664764404,E,4.005415916442871,G,1.382843017578125,S,1.6567198038101196,G,2.1669974327087402,S,1.5339715480804443
644,-,1.7445834502577782,E,3.321103572845459,F,3.850707530975342,V,2.617213249206543,V,1.2507132291793823,V,1.3288389444351196,V,1.3662914037704468,V,1.2784899473190308,V,1.2626302242279053,F,2.2155380249023438,F,2.175969362258911,V,4.099895000457764,F,1.577825903892517,F,0.9932003021240234,F,0.9743704199790955,V,1.0226945877075195,V,1.6937922239303589,V,1.2889865636825562,V,1.3917944431304932,V,1.5568803548812866,F,1.3588708639144897,V,1.0391744375228882,V,1.4209165573120117,V,1.5058906078338623,V,1.2782150506973267
645,S,1.698409693936507,E,1.4753799438476562,S,1.4200351238250732,P,1.162707805633545,P,1.2989577054977417,P,2.5629513263702393,P,2.8126258850097656,P,3.1264684200286865,P,0.9286561608314514,L,1.3578507900238037,L,1.2568930387496948,P,0.8722323775291443,S,2.8462600708007812,T,1.4392105340957642,V,3.4651637077331543,P,1.3130322694778442,P,1.1308914422988892,P,1.4619344472885132,P,2.5830025672912598,P,1.6164275407791138,P,1.9938089847564697,P,0.9711478352546692,P,1.0435912609100342,P,1.1218892335891724,P,1.5007141828536987
646,H,1.5758927315473557,R,1.6120096445083618,K,1.1341086626052856,I,1.2018786668777466,I,3.3527095317840576,I,0.9039499759674072,I,1.2669174671173096,I,0.9673144221305847,I,0.7240200042724609,Q,2.239281177520752,Q,2.091780185699463,I,0.848358154296875,K,1.5830399990081787,D,2.160285234451294,N,2.076213836669922,I,0.9104935526847839,I,3.097775459289551,I,0.9639360308647156,I,0.9990038275718689,I,1.7363992929458618,Q,2.1466057300567627,I,0.9600764513015747,I,0.9668565988540649,I,2.9017529487609863,I,0.9766587018966675
647,I,1.8970991571744282,L,3.2467808723449707,E,1.3415513038635254,I,2.6378142833709717,S,1.369572639465332,S,2.5055859088897705,S,2.0386409759521484,S,1.7360355854034424,S,1.6854181289672852,P,2.057710647583008,P,2.0169618129730225,S,0.9932790994644165,Y,3.046849250793457,D,1.8312032222747803,D,3.3170886039733887,S,1.991725206375122,S,1.0250980854034424,S,1.1917307376861572,S,2.385849714279175,T,2.4400689601898193,E,1.6614344120025635,S,1.880064845085144,S,0.9614063501358032,S,0.9649971723556519,S,1.2035119533538818
648,F,3.0348507165908813,A,2.7093145847320557,F,3.418855905532837,S,1.6570618152618408,S,1.8094747066497803,S,3.8325486183166504,S,4.513888359069824,S,4.808038234710693,S,5.007730007171631,L,4.5408782958984375,L,4.46929931640625,A,1.4337822198867798,F,1.5715010166168213,L,1.8630187511444092,F,4.567674160003662,S,5.17352819442749,Y,2.8952348232269287,A,1.315320611000061,S,3.621736764907837,S,1.543716549873352,F,1.423123836517334,S,4.967193603515625,S,1.7060056924819946,Y,2.669828414916992,A,1.3176627159118652
649,I,2.0848591352502504,L,1.2129852771759033,V,1.503399133682251,K,1.8920478820800781,K,0.9874081015586853,K,1.5211389064788818,K,1.3273065090179443,K,1.2641570568084717,K,1.4333951473236084,I,1.422900676727295,I,1.6757736206054688,K,4.616025924682617,V,1.791770577430725,V,2.336428642272949,V,2.032383918762207,K,1.5467532873153687,K,3.8223721981048584,K,1.7835456132888794,K,1.4557554721832275,K,1.3891109228134155,V,2.517282009124756,K,1.86769700050354,K,5.006259441375732,K,3.8852880001068115,K,1.7454339265823364
650,E,1.9149277036388714,A,1.8337585926055908,Q,1.2145031690597534,G,0.9237584471702576,K,1.3410255908966064,K,1.5632566213607788,K,1.5573508739471436,K,2.2734954357147217,K,1.576823115348816,N,2.039029359817505,N,1.909684181213379,K,1.2877055406570435,Q,1.278625249862671,A,2.296250581741333,V,1.0265196561813354,K,1.7636995315551758,K,1.6323813199996948,K,4.424653053283691,K,1.6522009372711182,K,1.1585309505462646,D,3.3318943977355957,K,2.1151788234710693,K,1.8921606540679932,K,1.5686439275741577,K,4.297134876251221
651,I,2.386505683263143,R,1.0943955183029175,A,3.521711587905884,N,2.012739419937134,H,2.580571413040161,H,1.6663844585418701,P,1.5820889472961426,H,3.5757837295532227,H,4.237761974334717,A,1.651936411857605,A,1.581529974937439,H,1.8448375463485718,V,2.956127882003784,A,1.7979079484939575,G,4.3042521476745605,H,4.4580078125,V,1.5299656391143799,H,1.4337027072906494,H,1.5288141965866089,H,2.007868528366089,C,2.276615858078003,I,4.646923065185547,I,2.165653705596924,V,1.410881757736206,H,1.4096741676330566
652,A,2.2881354664762816,M,0.7044872641563416,C,3.1140079498291016,A,3.732520341873169,A,1.3532319068908691,A,1.344484806060791,A,1.4822912216186523,S,1.6747796535491943,V,2.1354382038116455,G,1.1938629150390625,G,1.1690062284469604,A,4.351436614990234,S,0.8779964447021484,A,2.032008171081543,A,1.228482723236084,V,2.029921770095825,A,2.885546922683716,A,2.0193023681640625,A,1.4098364114761353,A,4.109218597412109,V,4.392645359039307,N,2.0581233501434326,N,4.659548282623291,A,2.911731243133545,A,2.045342445373535
653,L,1.8463678856690724,I,1.442467212677002,K,1.4322950839996338,Y,2.020498514175415,F,1.195501446723938,F,2.1327898502349854,F,1.8219246864318848,F,1.5492916107177734,F,1.696143627166748,L,1.713535189628601,F,1.6884708404541016,F,2.2300751209259033,A,1.1011357307434082,A,2.6069412231445312,A,1.1271742582321167,F,1.683850884437561,F,1.7983145713806152,F,3.182891607284546,F,1.8828188180923462,F,1.508223056793213,I,1.211382269859314,F,1.8603057861328125,F,2.0095467567443848,F,2.334320545196533,F,3.082930564880371
654,N,1.714473235110442,K,3.898390054702759,N,1.6710407733917236,N,1.2364956140518188,N,1.4750099182128906,D,1.1543500423431396,D,1.0334861278533936,D,0.9468743801116943,D,1.3088829517364502,N,1.1346584558486938,N,1.1187537908554077,D,1.8498269319534302,N,1.448687195777893,N,1.6897428035736084,S,1.3001471757888794,D,1.346386432647705,D,1.793856143951416,D,4.150882720947266,D,1.0840044021606445,D,1.7175447940826416,N,0.850801408290863,D,1.4321305751800537,D,1.8473583459854126,D,1.5350679159164429,D,4.122978687286377
655,L,1.5843714003761609,T,2.18281626701355,L,1.593690276145935,L,2.2194862365722656,I,2.207536458969116,I,1.784898281097412,I,1.9129793643951416,I,1.7125320434570312,I,1.5428917407989502,L,1.3548603057861328,L,1.3340091705322266,I,1.1759612560272217,L,1.8500250577926636,L,1.3523955345153809,L,1.3283950090408325,I,1.3835350275039673,I,1.079733967781067,I,1.7638674974441528,I,1.8915205001831055,I,1.7349343299865723,L,0.8504953980445862,I,1.5736403465270996,I,1.4054912328720093,I,1.0481525659561157,I,1.7410657405853271
656,A,1.7591225057840347,R,1.1711856126785278,G,2.422295570373535,S,1.3203765153884888,S,2.958733558654785,S,2.3644773960113525,S,2.5933823585510254,S,2.5173587799072266,S,2.1522271633148193,A,0.8872787356376648,A,0.8768981099128723,A,1.6528205871582031,A,1.080957293510437,A,1.0285351276397705,G,1.0793492794036865,S,2.1566824913024902,C,1.3483262062072754,S,1.0677355527877808,N,2.409226417541504,S,2.8506298065185547,P,1.7437189817428589,T,2.1440892219543457,T,1.6908694505691528,C,1.4144327640533447,S,1.2873531579971313
657,R,1.7640736909473644,E,2.599696159362793,-,,K,1.6933009624481201,R,1.6937644481658936,R,1.48099684715271,R,1.4422334432601929,R,1.3973894119262695,R,1.6517764329910278,-,,-,,R,2.21946120262146,-,,-,,-,,R,1.7175312042236328,R,2.038450002670288,R,1.8838492631912231,R,1.538041114807129,R,0.7100235819816589,-,,R,1.6476565599441528,R,2.1077985763549805,R,2.4689090251922607,R,1.6983745098114014
658,-,4.258504390716553,D,4.258504390716553,-,,-,,-,,-,,-,,-,,-,,-,,-,,-,,-,,-,,-,,-,,-,,-,,-,,-,,-,,-,,-,,-,,-,
659,-,2.1496213227510452,S,1.299786925315857,R,1.7497659921646118,-,,-,,-,,-,,-,,-,,R,3.609934091567993,R,3.6039655208587646,-,,R,1.9828710556030273,R,0.8802351951599121,R,2.110271453857422,-,,-,,-,,-,,-,,R,1.960140347480774,-,,-,,-,,-,
660,-,1.4900965690612793,L,1.4900965690612793,-,,-,,-,,-,,-,,-,,-,,-,,-,,-,,-,,-,,-,,-,,-,,-,,-,,-,,-,,-,,-,,-,,-,
661,-,2.0271949768066406,I,2.0271949768066406,-,,-,,-,,-,,-,,-,,-,,-,,-,,-,,-,,-,,-,,-,,-,,-,,-,,-,,-,,-,,-,,-,,-,
662,-,1.5667355060577393,G,1.5667355060577393,-,,-,,-,,-,,-,,-,,-,,-,,-,,-,,-,,-,,-,,-,,-,,-,,-,,-,,-,,-,,-,,-,,-,
663,-,1.527393102645874,Y,1.527393102645874,-,,-,,-,,-,,-,,-,,-,,-,,-,,-,,-,,-,,-,,-,,-,,-,,-,,-,,-,,-,,-,,-,,-,
664,-,1.6966191530227661,V,1.6966191530227661,-,,-,,-,,-,,-,,-,,-,,-,,-,,-,,-,,-,,-,,-,,-,,-,,-,,-,,-,,-,,-,,-,,-,
665,-,2.413769245147705,L,2.413769245147705,-,,-,,-,,-,,-,,-,,-,,-,,-,,-,,-,,-,,-,,-,,-,,-,,-,,-,,-,,-,,-,,-,,-,
666,M,1.95977687338988,H,0.9542117118835449,M,2.8421084880828857,G,1.7792150974273682,G,1.1607221364974976,G,1.8069969415664673,G,1.6414076089859009,A,1.700730323791504,A,2.079967498779297,M,2.3777334690093994,M,2.403792381286621,A,1.5857574939727783,M,2.1059415340423584,A,1.8557480573654175,V,3.555964469909668,A,2.121377944946289,V,2.451983690261841,A,2.1375391483306885,G,1.7695014476776123,V,1.0880447626113892,M,1.452746033668518,A,2.1338720321655273,A,1.586880087852478,V,2.3508310317993164,A,2.091571569442749
667,A,1.8329167813062668,E,2.0294203758239746,S,2.8838284015655518,L,1.2351996898651123,L,1.1906219720840454,L,1.7088000774383545,L,1.6238055229187012,F,1.691031813621521,F,1.8695083856582642,A,2.077880620956421,A,2.130525827407837,F,1.4841718673706055,A,2.2066760063171387,A,2.7971410751342773,A,2.1851422786712646,F,1.9125456809997559,F,2.2842538356781006,F,1.2741038799285889,L,1.660727858543396,W,1.0787712335586548,G,1.0636975765228271,F,2.0199637413024902,F,2.1142311096191406,F,2.1453678607940674,F,1.3225860595703125
668,Q,1.9883628139893215,V,3.2382683753967285,L,1.8093310594558716,Q,1.346636414527893,H,2.568093776702881,H,2.076981782913208,H,2.0378191471099854,H,2.021188259124756,H,1.815785527229309,H,1.6993390321731567,H,1.6723395586013794,H,1.7255892753601074,Q,2.3167741298675537,Q,1.6208558082580566,N,1.1654630899429321,H,1.9068121910095215,H,1.885963797569275,H,1.9742060899734497,H,1.8619818687438965,H,3.7400970458984375,H,1.712702751159668,H,1.7192091941833496,H,1.9796427488327026,H,1.8542771339416504,H,1.9713494777679443
669,C,2.0041844099760056,C,2.131906509399414,F,2.466290235519409,L,1.942260503768921,H,3.5325446128845215,H,1.5000689029693604,H,1.578899621963501,H,1.4545881748199463,Y,1.374895691871643,C,1.9202568531036377,C,1.9000365734100342,Y,2.1106581687927246,W,2.885344982147217,F,1.2911449670791626,F,1.654965877532959,Y,1.4280158281326294,Y,2.0455245971679688,C,1.9070322513580322,H,1.551257848739624,H,2.5347468852996826,F,3.917170524597168,Y,1.4336323738098145,Y,1.7072274684906006,Y,1.897907018661499,Y,1.934049367904663
670,L,2.0672286550203958,C,1.5662400722503662,M,3.211970090866089,L,4.137726783752441,F,1.3692584037780762,F,1.8021656274795532,F,1.7513197660446167,L,1.771937608718872,G,1.6869193315505981,M,3.7321996688842773,M,3.6521718502044678,G,1.4761486053466797,I,1.6398156881332397,I,1.1545177698135376,V,1.980592966079712,G,1.8120012283325195,G,1.4300264120101929,G,1.886535406112671,F,1.7130706310272217,G,3.81571102142334,M,1.680655837059021,G,1.7211791276931763,G,1.4211491346359253,G,1.3465772867202759,G,1.8535974025726318
671,Y,2.3832511454820633,V,1.391216516494751,Y,2.7915561199188232,Y,1.3762612342834473,Y,1.523826241493225,Y,3.4205322265625,Y,3.687237024307251,Y,4.016947269439697,Y,3.8307156562805176,Y,1.2306426763534546,Y,1.2347694635391235,Y,1.9018720388412476,Y,1.320968508720398,Y,2.1096866130828857,Y,3.9904725551605225,Y,3.657947301864624,Y,1.88677978515625,Y,1.5686262845993042,Y,4.030712604522705,Y,1.8805042505264282,Y,1.6016842126846313,Y,3.5643227100372314,Y,1.7006577253341675,Y,1.9301904439926147,Y,1.5498980283737183
672,-,1.7708488702774048,-,,-,,-,,-,,-,,-,,-,,-,,-,,-,,-,,Q,1.7708488702774048,-,,-,,-,,-,,-,,-,,-,,-,,-,,-,,-,,-,
673,Q,2.449335684378942,E,6.350945949554443,Q,3.7430245876312256,K,1.596814751625061,K,1.699103593826294,N,1.318946123123169,N,1.3033483028411865,R,1.4139585494995117,K,2.1558220386505127,E,1.233595371246338,E,1.1684684753417969,K,4.257552146911621,H,1.3312067985534668,L,3.725670337677002,V,1.147806167602539,K,2.387748956680298,K,3.1387600898742676,K,1.917250633239746,N,1.350651502609253,R,5.687264919281006,T,1.7206158638000488,K,1.7476532459259033,K,4.034546375274658,K,2.541738510131836,K,1.8115631341934204
674,H,1.8190175493558247,D,1.3776990175247192,H,2.588581085205078,E,2.252243995666504,Y,3.5764718055725098,Y,1.139082670211792,Y,1.1621311902999878,Y,1.1943995952606201,Y,1.122003197669983,R,1.0650582313537598,H,1.0605391263961792,Y,2.1920857429504395,E,1.1665810346603394,D,1.8254835605621338,E,1.4968208074569702,Y,1.2740893363952637,Y,1.3743913173675537,Y,4.1990742683410645,Y,1.1408745050430298,Y,2.3109445571899414,D,1.756062388420105,Y,1.21883225440979,Y,1.7028498649597168,Y,1.2172369956970215,Y,4.242884635925293
675,G,1.7251120954751968,G,1.2714613676071167,G,2.1505043506622314,R,3.330437183380127,R,1.0979905128479004,R,1.0533137321472168,R,0.973259449005127,R,0.9499452114105225,R,1.0412795543670654,G,3.299335241317749,G,3.345325231552124,R,1.104182243347168,S,3.8360822200775146,G,1.525619387626648,G,1.5702331066131592,R,1.2571405172348022,R,1.1163883209228516,R,1.9483389854431152,R,1.0821465253829956,R,2.4108996391296387,G,1.52827787399292,R,1.1752021312713623,R,1.173525333404541,R,1.0309573411941528,R,2.130844831466675
676,D,1.8187963639696438,Y,1.129273533821106,D,1.733825922012329,D,0.9226840734481812,D,1.2442641258239746,D,2.5949060916900635,D,2.5627622604370117,D,2.917855739593506,D,2.4117770195007324,D,0.6497690677642822,D,0.6464285254478455,D,0.9946579337120056,D,2.104656934738159,D,1.3249059915542603,D,1.3682935237884521,D,2.411820888519287,D,1.040937900543213,D,1.288502812385559,D,2.627058744430542,D,4.246862411499023,D,3.719829559326172,D,2.3785548210144043,D,1.1549808979034424,D,0.8921743035316467,D,1.2843296527862549
677,G,1.7288689017295837,A,2.529163360595703,G,2.661043882369995,G,1.1150949001312256,G,1.3992069959640503,G,1.0533604621887207,G,1.0594100952148438,G,0.9517010450363159,G,0.9969338178634644,G,1.3247325420379639,G,1.4820055961608887,G,2.644835948944092,G,1.2928661108016968,G,5.093206882476807,G,1.7461700439453125,G,1.1284915208816528,G,2.5375399589538574,G,1.1084601879119873,G,1.056909203529358,G,1.6112207174301147,K,1.7527656555175781,G,1.0371747016906738,G,2.3239433765411377,G,2.409501791000366,G,1.1771148443222046
678,H,1.7722156345844269,R,1.4849134683609009,H,1.948124647140503,F,1.0305441617965698,Y,4.206495761871338,Y,1.4740816354751587,Y,1.2915879487991333,Y,1.4769399166107178,Y,1.149322509765625,H,3.6025424003601074,H,3.6072185039520264,Y,1.0357009172439575,F,0.9982307553291321,H,1.1981350183486938,F,1.2531836032867432,Y,1.3169152736663818,F,0.9082903265953064,Y,2.5022780895233154,Y,1.4844856262207031,Y,1.8032151460647583,H,2.9193191528320312,Y,1.230098843574524,Y,1.0143591165542603,F,0.8560959100723267,Y,2.7410964965820312
679,G,1.5191572393689836,-,,A,1.3179750442504883,T,1.3594306707382202,T,2.3034465312957764,T,1.4546115398406982,T,1.3878251314163208,T,1.135596752166748,S,1.7536277770996094,G,1.6810681819915771,G,1.768524169921875,S,1.0153721570968628,-,,G,1.6496306657791138,-,,S,1.293270230293274,S,1.2684972286224365,S,1.1407965421676636,T,1.3490818738937378,S,2.569164514541626,G,2.4772017002105713,S,1.45750093460083,S,1.19896399974823,S,1.2125581502914429,S,1.1081582307815552
680,L,2.8788948473723037,D,1.057983636856079,S,1.7142254114151,V,2.126267194747925,V,3.4401919841766357,V,5.0138726234436035,V,5.006020545959473,V,4.720070838928223,V,5.9119486808776855,F,2.5643768310546875,F,2.74751353263855,V,1.1600648164749146,G,1.800921082496643,-,,G,1.3058483600616455,V,6.474282264709473,V,1.2226072549819946,V,1.1605112552642822,V,5.040816783905029,F,1.7470341920852661,K,1.9648692607879639,V,5.791249752044678,V,1.3057706356048584,V,1.6234136819839478,V,1.314720869064331
681,-,4.750176668167114,-,,-,,-,,-,,-,,-,,-,,-,,S,4.674301624298096,S,4.826051712036133,-,,-,,-,,-,,-,,-,,-,,-,,-,,-,,-,,-,,-,,-,
682,-,3.375251889228821,-,,-,,-,,-,,-,,-,,-,,-,,N,3.324719190597534,N,3.4257845878601074,-,,-,,-,,-,,-,,-,,-,,-,,-,,-,,-,,-,,-,,-,
683,-,,-,,-,,-,,-,,-,,-,,-,,-,,-,,-,,-,,-,,-,,-,,-,,-,,-,,-,,-,,-,,-,,-,,-,,-,
684,G,2.76491603964851,H,3.297818183898926,-,,F,2.945359706878662,A,1.9965569972991943,A,2.9347097873687744,S,3.2341952323913574,S,2.0758719444274902,A,2.151177406311035,-,,-,,A,5.810911178588867,M,1.9191644191741943,V,1.574218511581421,V,1.7813310623168945,A,1.8459465503692627,A,4.934762477874756,A,1.3981605768203735,A,3.040705919265747,A,1.181287169456482,P,1.4182404279708862,S,3.1086666584014893,S,5.7778849601745605,A,4.185143947601318,A,1.4511237144470215
685,-,,-,,-,,-,,-,,-,,-,,-,,-,,-,,-,,-,,-,,-,,-,,-,,-,,-,,-,,-,,-,,-,,-,,-,,-,
686,-,1.8504824936389923,-,,Q,1.6829776763916016,-,,-,,-,,-,,-,,-,,-,,-,,-,,Q,1.7554484605789185,Q,1.7427563667297363,Q,2.220747470855713,-,,-,,-,,-,,-,,-,,-,,-,,-,,-,
687,N,2.9962072656268166,K,2.0000150203704834,D,1.2749818563461304,S,2.8982722759246826,N,3.069476842880249,S,3.384906530380249,S,3.357182264328003,S,3.8312785625457764,N,2.1231021881103516,-,,-,,N,2.1353681087493896,H,1.901503562927246,H,2.03572154045105,H,1.2045619487762451,N,2.0400795936584473,S,2.3521523475646973,N,7.282624244689941,S,3.4223694801330566,N,3.87404727935791,-,,S,2.497140645980835,S,3.320768356323242,S,2.430189847946167,S,6.484610080718994
688,R,2.294752831260363,P,1.901861310005188,S,3.0713610649108887,I,4.409108638763428,S,2.224379062652588,N,2.0354421138763428,N,2.0195202827453613,N,2.1743855476379395,I,1.9603594541549683,E,1.0343270301818848,E,0.966264009475708,V,2.63800048828125,S,1.4249320030212402,S,3.7671797275543213,S,1.785454273223877,I,1.949974775314331,I,3.4393150806427,I,1.8412498235702515,N,1.6026207208633423,V,1.4172989130020142,D,1.7996842861175537,V,2.359050750732422,V,3.310147285461426,V,3.841870069503784,I,2.100281238555908
689,E,3.142692049344381,L,1.7778470516204834,H,1.6589372158050537,E,4.814848899841309,E,1.6677024364471436,E,5.63887357711792,E,5.990678787231445,E,6.697403907775879,E,5.4063029289245605,L,1.3254859447479248,L,1.1683177947998047,E,1.7005473375320435,L,3.452519655227661,E,1.4808297157287598,K,2.051830530166626,E,1.6628450155258179,E,2.1068713665008545,E,2.261972188949585,E,5.674618721008301,E,2.222834825515747,M,1.9001686573028564,E,5.769176483154297,E,2.444593667984009,E,4.405998229980469,E,2.143404245376587
690,T,3.1096902936697006,M,1.2147912979125977,S,1.5261906385421753,T,5.794367790222168,T,3.4871628284454346,T,3.6889917850494385,T,3.664482593536377,T,2.904938220977783,T,2.3751168251037598,D,1.084265947341919,D,1.3067381381988525,T,5.336389541625977,V,1.6977052688598633,I,1.343752145767212,I,4.364826202392578,T,2.2005815505981445,I,5.5424370765686035,T,2.106503963470459,T,3.9330501556396484,T,1.8019616603851318,F,1.3111412525177002,T,3.839313268661499,T,5.908279895782471,I,5.966283321380615,T,2.2332956790924072
691,K,2.6200812309980392,K,3.3938100337982178,R,1.4072932004928589,K,4.936522006988525,R,1.307159662246704,K,2.507981538772583,K,2.6266024112701416,K,2.069035530090332,K,2.827788829803467,K,1.4995059967041016,K,2.884897232055664,K,3.7723052501678467,N,2.043287754058838,H,2.9110124111175537,H,1.9027371406555176,K,2.2499876022338867,K,3.4705779552459717,K,1.9808059930801392,K,2.570734739303589,K,2.093954563140869,K,2.508157968521118,K,2.1894519329071045,K,3.9233508110046387,K,3.924402952194214,K,1.88058602809906
692,D,2.733504056930542,A,2.4369969367980957,K,1.651684045791626,N,2.4136574268341064,N,1.6631757020950317,N,4.0377702713012695,N,4.388838768005371,N,3.980786085128784,S,3.2968714237213135,K,6.719433307647705,K,1.300458550453186,S,3.003269910812378,K,1.3923841714859009,Q,1.6598727703094482,Q,1.3253122568130493,S,4.272934436798096,N,2.1236202716827393,S,2.419747829437256,N,3.539712429046631,S,1.5828940868377686,P,2.239532232284546,S,3.4396021366119385,S,2.1156790256500244,N,2.3090620040893555,S,2.2908012866973877
693,R,2.2748534232378006,F,1.8380736112594604,R,2.1560237407684326,F,1.853251338005066,L,3.2752833366394043,L,1.795495867729187,L,1.9852402210235596,L,2.0227174758911133,L,1.6783303022384644,R,1.31300687789917,R,2.767007350921631,L,2.8535830974578857,M,2.1062004566192627,Q,2.3977890014648438,Q,1.0837593078613281,L,1.5207501649856567,L,3.6379075050354004,L,2.244513750076294,L,1.7800159454345703,L,1.0772614479064941,Y,3.3617074489593506,L,1.8984248638153076,L,3.4400901794433594,L,4.226747035980225,L,2.283301830291748
694,I,2.1650102535883584,L,3.0303592681884766,I,3.747955322265625,I,2.0023393630981445,V,1.9242660999298096,V,1.514635682106018,V,1.5197402238845825,V,1.2347362041473389,V,2.370748519897461,V,1.8933277130126953,V,2.494023561477661,V,1.3514680862426758,L,1.3530759811401367,M,1.5671114921569824,M,1.2284300327301025,V,2.6316492557525635,V,1.8244949579238892,V,4.018696308135986,V,1.866357445716858,V,2.1785500049591064,V,2.547877550125122,V,1.9241803884506226,V,1.8541735410690308,V,1.8004708290100098,V,4.081578254699707
695,L,2.189079920450846,E,1.8557406663894653,S,1.2894011735916138,Y,1.5587828159332275,I,1.3851243257522583,I,2.5981452465057373,I,2.7170639038085938,V,2.6359262466430664,K,4.207910060882568,L,1.1632403135299683,L,1.2135757207870483,T,2.5366604328155518,R,3.902250051498413,G,2.5019142627716064,A,1.7849130630493164,R,4.772329807281494,T,1.8641040325164795,K,1.4632610082626343,I,2.45114803314209,M,1.7341388463974,F,1.6726524829864502,M,2.1975150108337402,M,1.9847382307052612,T,1.6219937801361084,K,1.4253885746002197
696,S,1.8938506096601486,E,2.7662808895111084,D,1.4948168992996216,R,1.059501051902771,K,3.0730650424957275,K,1.2914469242095947,K,1.4939453601837158,R,1.2703804969787598,R,1.0209966897964478,L,1.8034056425094604,L,1.56986403465271,R,4.230097770690918,G,1.6127561330795288,G,1.790207862854004,E,1.0852717161178589,R,1.0660400390625,R,2.8160159587860107,R,2.4138169288635254,K,1.3023278713226318,R,1.6820749044418335,S,1.4925938844680786,R,1.3556188344955444,R,2.687396764755249,R,2.4273977279663086,R,2.647095203399658
697,L,1.7991211290160816,E,1.4473706483840942,L,1.45908522605896,M,3.9597742557525635,T,1.6228151321411133,T,1.1920591592788696,T,1.2108787298202515,T,1.1916782855987549,T,0.8292872905731201,L,1.832099437713623,L,2.1463804244995117,T,0.9980636835098267,L,2.246148109436035,L,1.3268694877624512,L,3.339272975921631,T,0.8871471285820007,T,1.2104301452636719,T,4.405224800109863,T,1.1964203119277954,T,1.3600835800170898,L,1.0752750635147095,T,1.2120535373687744,T,1.4450647830963135,T,1.1621432304382324,T,4.423281669616699
698,L,2.3316472644607225,I,1.569664716720581,I,3.1000542640686035,M,2.438957452774048,V,1.6728847026824951,V,3.8466498851776123,V,3.8126394748687744,V,3.8806533813476562,V,4.088662147521973,L,2.1574511528015137,L,2.190002918243408,L,0.8294432163238525,L,3.0116710662841797,L,1.647409200668335,L,1.1901888847351074,V,3.5574660301208496,V,0.965338408946991,V,1.187846064567566,V,3.792509078979492,V,1.543251633644104,F,2.455186605453491,L,3.7603142261505127,L,1.1722931861877441,V,0.9478570222854614,V,1.1411396265029907
699,I,2.2278016060590744,T,0.9704062342643738,I,1.277621865272522,I,1.433577060699463,L,1.5573499202728271,L,1.969091534614563,L,1.9407387971878052,L,2.0221359729766846,I,1.6658923625946045,A,1.6229256391525269,A,1.6055588722229004,L,4.2582478523254395,F,4.685612201690674,F,2.717982053756714,F,1.1598682403564453,I,1.6419587135314941,V,4.3086137771606445,I,0.8993298411369324,L,2.027080535888672,I,2.907331705093384,V,2.2365829944610596,L,1.8848193883895874,L,3.6928396224975586,V,4.034736156463623,I,0.9469372034072876
700,Q,2.0663351267576218,K,1.1194549798965454,N,1.1603487730026245,G,1.3081438541412354,E,1.8982791900634766,E,2.546048402786255,E,2.3720967769622803,E,2.758967638015747,D,2.1313400268554688,E,1.6754511594772339,E,1.4669784307479858,E,1.6663682460784912,D,1.5103232860565186,Q,1.8937939405441284,Y,1.7001365423202515,D,2.299255132675171,E,2.4283556938171387,D,4.0009989738464355,E,2.39758563041687,E,1.790543794631958,N,1.4687976837158203,E,2.1864068508148193,E,1.8340030908584595,E,2.3734912872314453,D,3.6048736572265625
701,P,1.9574203143517177,S,2.6938343048095703,P,1.8397116661071777,S,3.007051706314087,P,4.431059837341309,P,1.8051154613494873,P,1.6794465780258179,P,1.9372144937515259,P,1.6312016248703003,P,1.3537497520446777,P,1.5768520832061768,S,1.974159836769104,R,1.194392442703247,P,1.4672789573669434,P,2.2621188163757324,P,1.6630592346191406,T,2.5366854667663574,P,1.5991122722625732,P,1.7886652946472168,P,1.322165608406067,P,1.0080448389053345,P,1.7028777599334717,P,2.1345653533935547,T,2.57426381111145,P,1.7954603433609009
702,I,1.9666337966918945,L,1.7264562845230103,I,2.9771616458892822,I,1.54433274269104,V,1.0501677989959717,V,1.801839828491211,V,2.094996213912964,L,1.856879472732544,V,1.3526463508605957,F,1.551924467086792,F,1.5631321668624878,V,1.6111379861831665,Y,1.3960323333740234,Y,3.239287853240967,Y,3.768739700317383,V,1.3578938245773315,V,1.7591626644134521,V,1.9755271673202515,V,1.9026031494140625,V,2.660714864730835,I,2.1754114627838135,V,1.6676926612854004,V,1.978291630744934,V,1.7816436290740967,V,2.4055352210998535
703,P,1.584881217583366,A,1.4219399690628052,P,1.9141950607299805,P,1.2799490690231323,P,1.4407843351364136,P,1.3739792108535767,P,1.2055872678756714,P,1.3582403659820557,T,1.7851088047027588,K,2.5313711166381836,K,2.1513726711273193,P,1.4300131797790527,E,1.1930257081985474,V,1.163819432258606,Q,1.2320671081542969,T,1.7669528722763062,P,1.3756356239318848,T,1.623246669769287,P,1.0969750881195068,P,1.918764591217041,-,,P,2.3479623794555664,P,1.7607746124267578,P,1.39790678024292,T,1.6825960874557495
704,-,1.3597720861434937,E,1.9469504356384277,-,,-,,-,,-,,-,,-,,-,,F,1.0378355979919434,F,1.0945302248001099,-,,-,,-,,-,,-,,-,,-,,-,,-,,-,,-,,-,,-,,-,
705,L,1.6721742517418332,K,0.9301229119300842,-,,-,,M,1.470970630645752,M,1.4302499294281006,M,1.5134563446044922,M,1.5961560010910034,L,1.328029751777649,M,2.250457286834717,M,2.0453011989593506,L,1.719542384147644,-,,-,,-,,L,1.290845274925232,L,2.151142120361328,L,1.7063595056533813,M,1.3635470867156982,L,1.2886767387390137,-,,L,1.5291560888290405,L,2.586034059524536,L,1.8355809450149536,L,2.0635082721710205
706,N,1.1816328763961792,V,1.1816328763961792,-,,-,,-,,-,,-,,-,,-,,-,,-,,-,,-,,-,,-,,-,,-,,-,,-,,-,,-,,-,,-,,-,,-,
707,K,1.4745168685913086,K,1.4745168685913086,-,,-,,-,,-,,-,,-,,-,,-,,-,,-,,-,,-,,-,,-,,-,,-,,-,,-,,-,,-,,-,,-,,-,
708,D,2.8972833156585693,F,2.8972833156585693,-,,-,,-,,-,,-,,-,,-,,-,,-,,-,,-,,-,,-,,-,,-,,-,,-,,-,,-,,-,,-,,-,,-,
709,-,0.8404458165168762,N,0.8404458165168762,-,,-,,-,,-,,-,,-,,-,,-,,-,,-,,-,,-,,-,,-,,-,,-,,-,,-,,-,,-,,-,,-,,-,
710,-,1.1150046586990356,P,1.1150046586990356,-,,-,,-,,-,,-,,-,,-,,-,,-,,-,,-,,-,,-,,-,,-,,-,,-,,-,,-,,-,,-,,-,,-,
711,-,1.8598220348358154,V,1.8598220348358154,-,,-,,-,,-,,-,,-,,-,,-,,-,,-,,-,,-,,-,,-,,-,,-,,-,,-,,-,,-,,-,,-,,-,
712,-,1.2864692211151123,E,1.2864692211151123,-,,-,,-,,-,,-,,-,,-,,-,,-,,-,,-,,-,,-,,-,,-,,-,,-,,-,,-,,-,,-,,-,,-,
713,-,3.5590896606445312,S,3.5590896606445312,-,,-,,-,,-,,-,,-,,-,,-,,-,,-,,-,,-,,-,,-,,-,,-,,-,,-,,-,,-,,-,,-,,-,
714,-,2.9828543663024902,E,2.9828543663024902,-,,-,,-,,-,,-,,-,,-,,-,,-,,-,,-,,-,,-,,-,,-,,-,,-,,-,,-,,-,,-,,-,,-,
