MSA_Column,Q93X23_Residue,Mean_GAT_Attention,A4FVP2_AA,A4FVP2_GAT_ATT,C0KWV3_AA,C0KWV3_GAT_ATT,C0KWV5_AA,C0KWV5_GAT_ATT,C0PPR1_AA,C0PPR1_GAT_ATT,F2XF99_AA,F2XF99_GAT_ATT,G0Y7D1_AA,G0Y7D1_GAT_ATT,H2ELN1_AA,H2ELN1_GAT_ATT,Q5UB07_AA,Q5UB07_GAT_ATT,Q672F7_AA,Q672F7_GAT_ATT,Q84NC8_AA,Q84NC8_GAT_ATT,Q84NC9_AA,Q84NC9_GAT_ATT,Q84ND0_AA,Q84ND0_GAT_ATT,Q9LRZ6_AA,Q9LRZ6_GAT_ATT,Q9ZUH4_AA,Q9ZUH4_GAT_ATT,R9QMW1_AA,R9QMW1_GAT_ATT
1,-,,-,,-,,-,,-,,-,,-,,-,,-,,-,,-,,-,,-,,-,,-,,-,
2,-,,-,,-,,-,,-,,-,,-,,-,,-,,-,,-,,-,,-,,-,,-,,-,
3,-,,-,,-,,-,,-,,-,,-,,-,,-,,-,,-,,-,,-,,-,,-,,-,
4,-,,-,,-,,-,,-,,-,,-,,-,,-,,-,,-,,-,,-,,-,,-,,-,
5,-,2.358668804168701,-,,-,,-,,-,,-,,-,,-,,-,,-,,-,,-,,A,2.358668804168701,-,,-,,-,
6,-,,-,,-,,-,,-,,-,,-,,-,,-,,-,,-,,-,,-,,-,,-,,-,
7,T,1.448204755783081,S,1.448204755783081,-,,-,,-,,-,,-,,-,,-,,-,,-,,-,,-,,-,,-,,-,
8,S,2.3076672554016113,Q,1.8321638107299805,Q,3.3013522624969482,E,2.020857095718384,-,,-,,A,2.076295852661133,-,,-,,-,,-,,-,,-,,-,,-,,-,
9,P,1.8687698245048523,P,2.876862049102783,I,1.4641191959381104,I,1.5524065494537354,-,,-,,L,1.5816915035247803,-,,-,,-,,-,,-,,-,,-,,-,,-,
10,D,1.9379014372825623,L,2.008138418197632,L,1.5475058555603027,L,1.8885893821716309,-,,-,,Q,2.3102569580078125,-,,V,1.572581171989441,V,2.3003368377685547,-,,-,,-,,-,,-,,-,
11,I,2.0343610644340515,V,1.7610154151916504,T,2.613159418106079,T,2.706733226776123,-,,-,,I,1.9131386280059814,-,,S,1.4162547588348389,S,1.7958649396896362,-,,-,,-,,-,,-,,-,
12,L,1.8571494619051616,S,1.7417317628860474,A,1.8390125036239624,A,1.8204360008239746,-,,-,,A,1.9207525253295898,-,,Q,1.902456283569336,Q,1.918507695198059,-,,-,,-,,-,,-,,-,
13,R,2.200069086892264,R,1.6908525228500366,R,2.1468093395233154,R,1.8972758054733276,-,,-,,R,1.7882579565048218,R,2.3615798950195312,R,4.025945663452148,R,1.4897624254226685,-,,-,,-,,-,,-,,-,
14,R,1.8292690856116158,R,2.405442476272583,R,1.7621654272079468,R,1.8356276750564575,-,,-,,R,1.6188384294509888,R,1.8577420711517334,K,1.5310286283493042,K,1.7940388917922974,-,,-,,-,,-,,-,,-,
15,S,1.8918012550898962,S,2.255553960800171,S,1.552444577217102,S,1.6020426750183105,-,,-,,S,2.219398260116577,S,2.185131311416626,S,1.5371519327163696,S,1.8908860683441162,-,,-,,-,,-,,-,,-,
16,A,1.7770065750394548,A,1.4681700468063354,G,1.7449748516082764,G,1.9593786001205444,-,,-,,A,2.033596992492676,G,1.577447772026062,A,1.0701501369476318,A,2.585327625274658,-,,-,,-,,-,,-,,-,
17,N,2.1062596695763722,N,2.0036189556121826,N,1.8206695318222046,N,1.885160207748413,-,,-,,N,2.355703830718994,N,2.3373093605041504,N,2.413417100906372,N,1.92793869972229,-,,-,,-,,-,,-,,-,
18,Y,2.3158981800079346,Y,2.3149237632751465,Y,2.8454668521881104,Y,2.894272804260254,-,,-,,Y,1.5711650848388672,Y,2.816880226135254,Y,1.9071900844573975,Y,1.8613884449005127,-,,-,,-,,-,,-,,-,
19,Q,2.292092646871294,Q,1.9914336204528809,Q,2.2817461490631104,Q,2.231130361557007,-,,-,,H,1.4917997121810913,Q,1.5421862602233887,Q,3.060203790664673,Q,3.446148633956909,-,,-,,-,,-,,-,,-,
20,P,2.143091559410095,P,2.434696912765503,P,2.487689971923828,P,2.5804824829101562,-,,-,,P,2.329897880554199,P,1.4203726053237915,P,2.35652232170105,P,1.3919787406921387,-,,-,,-,,-,,-,,-,
21,S,1.9293994222368513,S,2.1699588298797607,S,1.837138295173645,S,1.8679211139678955,-,,-,,S,2.0965373516082764,T,2.0575640201568604,N,1.882927656173706,N,1.593748688697815,-,,-,,-,,-,,-,,-,
22,I,1.681247319493975,L,1.4431114196777344,L,1.6450831890106201,L,1.6110033988952637,-,,-,,I,2.6673552989959717,M,1.9436347484588623,I,1.3550596237182617,I,1.1034835577011108,-,,-,,-,,-,,-,,-,
23,W,1.9166352578571864,W,2.0484702587127686,W,1.404829740524292,W,1.5441524982452393,-,,-,,W,2.2548863887786865,W,2.410187005996704,W,1.382163405418396,W,2.3717575073242188,-,,-,,-,,-,,-,,-,
24,N,2.128990190369742,Q,2.1321117877960205,D,2.1299126148223877,D,1.928971529006958,-,,-,,D,2.834970474243164,D,1.475496530532837,N,2.4282901287078857,N,1.9731782674789429,-,,-,,-,,-,,-,,-,
25,H,2.0435575587408885,H,2.6006786823272705,F,1.6587058305740356,F,2.1156041622161865,-,,-,,P,2.2116408348083496,F,1.133003830909729,Y,1.901938796043396,Y,2.683330774307251,-,,-,,-,,-,,-,,-,
26,D,2.070791006088257,E,1.8291712999343872,N,1.6284313201904297,N,1.7707961797714233,-,,-,,Q,2.324798107147217,E,2.7439231872558594,D,1.9963598251342773,D,2.202057123184204,-,,-,,-,,-,,-,,-,
27,Y,2.3121814131736755,Y,2.004578113555908,Y,2.5456981658935547,Y,2.3140125274658203,-,,-,,Y,2.1995232105255127,Y,2.6696250438690186,I,2.2096619606018066,Y,2.2315289974212646,-,,-,,-,,-,,H,2.3228232860565186,-,
28,I,2.060765862464905,L,1.817755937576294,L,3.286384344100952,L,2.144627571105957,-,,-,,I,2.032665729522705,I,2.3452231884002686,L,1.6453536748886108,L,1.4471194744110107,-,,-,,-,,-,,L,1.76699697971344,-,
29,E,1.9000642150640488,L,2.382023334503174,Q,1.503881573677063,Q,1.6900105476379395,-,,-,,E,1.3237884044647217,Q,1.7800850868225098,Q,2.0261011123657227,Q,2.098194122314453,-,,-,,-,,-,,L,2.3964295387268066,-,
30,S,1.7912874460220336,-,,S,2.0019240379333496,S,2.0858547687530518,-,,-,,S,1.5470237731933594,S,1.3341721296310425,-,,S,1.9874625205993652,-,,-,,-,,-,,-,,-,
31,L,1.7702067494392395,-,,L,1.6739046573638916,L,1.8665088415145874,-,,-,,-,,-,,-,,-,,-,,-,,-,,-,,-,,-,
32,R,1.8858387231826783,S,1.8151795864105225,N,1.769114375114441,N,1.740903615951538,-,,-,,-,,-,,S,2.2847888469696045,-,,-,,-,,-,,-,,S,1.8192071914672852,-,
33,I,1.7437420686086018,L,1.347080945968628,-,,-,,-,,-,,L,1.5907548666000366,I,1.6423165798187256,L,1.8268693685531616,L,2.2674009799957275,-,,-,,-,,-,,V,1.788029670715332,-,
34,E,2.0701099634170532,G,2.814596652984619,T,1.8668920993804932,T,2.08311128616333,-,,-,,K,1.8224416971206665,H,1.4688352346420288,K,2.789421796798706,K,1.9274144172668457,-,,-,,-,,-,,E,1.7881665229797363,-,
35,Y,2.133113490210639,N,1.6816766262054443,T,1.8452528715133667,T,1.9255186319351196,-,,-,,S,2.960184097290039,N,2.869058132171631,H,1.625807285308838,L,2.0957326889038086,-,,-,,-,,N,2.2568163871765137,N,1.9379746913909912,-,
36,-,1.8845552802085876,T,1.5280585289001465,H,2.2491660118103027,H,2.43599796295166,-,,-,,P,1.7677710056304932,D,1.449399471282959,D,2.1977925300598145,G,2.1178019046783447,-,,A,1.4716664552688599,-,,K,1.7121988534927368,K,1.915700078010559,-,
37,V,,-,,-,,-,,-,,-,,-,,-,,-,,-,,-,,-,,-,,-,,-,,-,
38,-,,-,,-,,-,,-,,-,,-,,-,,-,,-,,-,,-,,-,,-,,-,,-,
39,-,1.9359170463350084,Y,1.6231504678726196,Y,2.6708950996398926,Y,2.625250816345215,-,,-,,Y,1.5210272073745728,Y,1.740883231163025,Y,1.566763162612915,Y,1.8369529247283936,-,,-,,-,,Y,2.5257134437561035,F,1.3126170635223389,-,
40,-,1.9206276072396173,V,2.5518760681152344,K,1.919393539428711,K,1.858837366104126,-,,-,,G,2.239413022994995,A,1.8118932247161865,E,1.4843454360961914,A,1.7439888715744019,-,,-,,-,,V,1.5664591789245605,A,2.1094417572021484,-,
41,G,1.9396375959569758,K,2.406022071838379,E,2.044489622116089,E,1.8404889106750488,-,,-,,D,2.0633740425109863,G,1.718295693397522,D,1.958553433418274,D,1.901062250137329,-,,E,1.6673040390014648,E,1.8403936624526978,N,2.126619815826416,K,1.7694100141525269,-,
42,E,2.056699961423874,E,2.460724115371704,V,1.9901604652404785,E,2.543863534927368,-,,P,1.8271926641464233,E,2.3593175411224365,D,1.3674346208572388,A,2.9484214782714844,A,1.6859512329101562,A,2.3011913299560547,-,,L,1.747137427330017,E,1.7402241230010986,D,1.7087810039520264,-,
43,T,2.1020412842432656,D,1.9088592529296875,R,1.8424103260040283,R,1.834199070930481,-,,C,1.8099102973937988,C,2.2437655925750732,K,1.9495431184768677,R,1.576464056968689,H,1.7761768102645874,E,1.8759031295776367,L,3.021280288696289,-,,K,1.9831407070159912,K,3.4028427600860596,-,
44,C,1.940348249215346,N,1.2266474962234497,H,1.5837782621383667,H,1.7272956371307373,-,,Y,1.8254661560058594,F,2.6757962703704834,Y,3.14849591255188,Y,1.7008687257766724,Y,2.7841038703918457,L,1.7182683944702148,P,1.9093879461288452,P,1.8627358675003052,E,1.6513562202453613,R,1.4103264808654785,-,
45,T,2.081679811080297,V,1.0315481424331665,L,2.8174538612365723,L,1.448995590209961,-,,R,1.87704598903656,G,1.789240837097168,M,3.507472276687622,V,1.985940933227539,E,1.9312775135040283,P,1.9403351545333862,-,,M,2.105501651763916,V,2.1489012241363525,V,2.39644455909729,-,
46,R,2.078490525484085,E,2.5808610916137695,K,1.5282729864120483,K,1.789781928062439,-,,E,2.6043524742126465,T,2.056278705596924,K,1.5909990072250366,D,2.7329912185668945,D,1.78944730758667,M,2.0821118354797363,M,1.9758837223052979,-,,I,2.1483330726623535,R,2.062572956085205,-,
47,Q,1.9277402758598328,R,1.5784904956817627,R,1.6719881296157837,R,2.109377384185791,-,,R,1.7333221435546875,R,1.6162221431732178,R,3.1922218799591064,R,2.445418119430542,M,1.9125947952270508,D,1.630196213722229,D,1.7236168384552002,D,1.6082022190093994,T,2.101957082748413,E,1.7723993062973022,R,1.8923571109771729
48,I,1.9514379245894296,V,1.5429112911224365,E,1.736768364906311,E,2.406456708908081,-,,A,1.6773611307144165,L,1.8085691928863525,F,2.2455220222473145,S,1.5375868082046509,A,1.5323430299758911,Y,2.2223613262176514,Y,2.4069128036499023,Y,2.296674966812134,R,1.978972315788269,R,2.164742946624756,A,1.7629480361938477
49,N,1.9919271724564689,T,2.1655116081237793,A,2.159087657928467,A,1.8139034509658813,-,,E,1.8700459003448486,E,1.6976842880249023,N,3.309077501296997,R,2.030029058456421,K,1.7603062391281128,E,2.1744284629821777,E,1.2717822790145874,E,1.9892972707748413,H,1.4676302671432495,D,2.003382444381714,E,2.174813985824585
50,V,1.9861558335168021,L,3.1341159343719482,E,2.696185350418091,E,1.7604029178619385,-,,R,2.07888126373291,K,1.776921033859253,E,0.8918511867523193,R,1.3905117511749268,K,2.02302885055542,G,1.7697134017944336,G,2.0666632652282715,G,1.5998451709747314,V,2.5261683464050293,L,2.0543625354766846,R,2.0375306606292725
51,L,2.052617375055949,L,2.106325387954712,L,1.8002971410751343,L,2.212519645690918,L,2.284769058227539,L,3.038039445877075,L,1.7060415744781494,L,1.4516583681106567,L,1.7297123670578003,L,1.9998353719711304,K,2.0495505332946777,K,2.2032668590545654,K,2.2526276111602783,L,2.057380437850952,L,2.329385995864868,L,1.5678508281707764
52,K,2.1282761017481486,K,2.2564146518707275,I,1.600871205329895,I,2.408752202987671,I,2.0000991821289062,I,1.4403796195983887,K,2.3037009239196777,K,1.522051453590393,Q,3.1669812202453613,Q,3.2801918983459473,I,1.9411574602127075,I,2.1978702545166016,I,1.7639579772949219,K,2.0476138591766357,K,2.1046977043151855,I,1.889401912689209
53,E,2.044968008995056,Q,1.1181222200393677,E,1.9849847555160522,E,2.0183894634246826,G,1.8774073123931885,G,1.9776084423065186,F,2.34087872505188,E,1.2215133905410767,E,1.409475326538086,E,1.3842754364013672,Q,2.487208604812622,K,1.9969377517700195,K,2.4935050010681152,K,3.809934139251709,E,2.0538198947906494,D,2.500459671020508
54,Q,2.0004447221755983,E,2.122554302215576,Q,1.6866525411605835,Q,1.5877145528793335,E,1.7917890548706055,E,1.4191594123840332,E,1.7985728979110718,E,1.94808030128479,E,3.7367360591888428,E,2.2021446228027344,G,2.3609094619750977,E,2.139605760574341,E,2.0861783027648926,K,1.1166621446609497,K,1.6383107900619507,E,2.37160062789917
55,V,1.8858580430348715,V,1.8554266691207886,V,2.095006227493286,V,1.6641581058502197,V,1.477174997329712,V,2.4797844886779785,A,2.0484726428985596,M,1.7344635725021362,V,1.509809136390686,V,2.1434710025787354,T,1.622510313987732,T,1.9509323835372925,T,2.5098671913146973,V,1.7994545698165894,V,1.692221999168396,V,1.7051173448562622
56,R,2.1521332025527955,S,4.71630859375,K,1.550592064857483,K,1.5667369365692139,K,1.846198558807373,K,2.1207761764526367,K,1.8626590967178345,K,3.956594467163086,K,1.0542280673980713,R,2.3690998554229736,R,1.509014368057251,R,2.3770039081573486,R,1.334059476852417,K,1.761468768119812,R,1.9429831504821777,R,2.314274549484253
57,M,2.1469882011413572,K,1.2343058586120605,M,2.0656938552856445,M,2.106416702270508,E,2.266303539276123,E,5.4627509117126465,R,2.180551052093506,K,2.019204616546631,R,1.5384175777435303,R,1.7555253505706787,H,1.8451669216156006,H,1.8565376996994019,H,2.23810076713562,K,1.7555339336395264,K,2.417790651321411,D,1.4625235795974731
58,M,2.097026300430298,M,2.051248073577881,L,2.5398664474487305,L,1.7506682872772217,I,2.1188178062438965,M,1.553011417388916,L,1.994594693183899,M,1.5869282484054565,M,3.277090072631836,I,2.5282180309295654,L,1.580095648765564,L,2.3706963062286377,L,1.673518419265747,M,2.3819210529327393,M,1.7897146940231323,I,2.259005308151245
59,L,2.137342127164205,L,1.6200907230377197,L,2.075471878051758,L,2.8173482418060303,I,2.7749664783477783,F,2.828094005584717,L,2.327094554901123,I,2.0379586219787598,I,2.2480318546295166,I,1.577832818031311,L,2.67368745803833,L,1.306795358657837,L,2.04325008392334,L,2.2743444442749023,L,1.674041986465454,F,1.781123399734497
60,H,2.0058619101842243,N,1.4832807779312134,E,1.9960983991622925,D,2.275599241256714,N,2.1048033237457275,N,1.3538742065429688,E,1.2904877662658691,M,3.0251688957214355,K,1.6216679811477661,K,1.4523860216140747,H,2.2295644283294678,H,2.344649314880371,H,2.1637067794799805,E,2.2675650119781494,N,1.8038369417190552,S,2.6752395629882812
61,K,1.6000242233276367,-,,-,,-,,S,1.5560212135314941,S,1.6745407581329346,-,,-,,-,,-,,-,,-,,-,,-,,-,,S,1.5695106983184814
62,V,2.020610491434733,-,,-,,-,,I,1.9409215450286865,V,2.213951826095581,-,,-,,-,,-,,-,,-,,-,,-,,-,,M,1.9069581031799316
63,-,1.7355056405067444,-,,-,,-,,S,1.82552969455719,-,,-,,-,,-,,-,,-,,-,,-,,-,,-,,S,1.6454815864562988
64,-,2.1682451963424683,-,,-,,-,,V,2.1128108501434326,-,,-,,-,,-,,-,,-,,-,,-,,-,,-,,L,2.223679542541504
65,-,1.8456259369850159,-,,-,,-,,E,1.7891957759857178,R,1.902056097984314,-,,-,,-,,-,,-,,-,,-,,-,,-,,-,
66,-,,-,,-,,-,,-,,-,,-,,-,,-,,-,,-,,-,,-,,-,,-,,-,
67,-,,-,,-,,-,,-,,-,,-,,-,,-,,-,,-,,-,,-,,-,,-,,-,
68,-,2.03660249710083,-,,-,,-,,D,2.03660249710083,-,,-,,-,,-,,-,,-,,-,,-,,-,,-,,-,
69,-,2.6408283710479736,-,,-,,-,,G,2.6408283710479736,-,,-,,-,,-,,-,,-,,-,,-,,-,,-,,-,
70,-,2.2425858974456787,-,,-,,-,,E,2.0172343254089355,-,,-,,-,,-,,-,,-,,-,,-,,-,,-,,E,2.467937469482422
71,-,1.8930869102478027,-,,-,,-,,L,1.7907742261886597,-,,-,,-,,-,,-,,-,,-,,-,,E,1.7343412637710571,-,,D,2.1541452407836914
72,-,1.812531332174937,E,1.024520993232727,-,,-,,I,1.8282305002212524,L,1.8209675550460815,-,,A,1.6348090171813965,D,1.2753201723098755,D,2.007290840148926,L,2.4025096893310547,L,1.5699317455291748,L,2.2668657302856445,V,1.3496499061584473,D,2.0710513591766357,G,2.4992284774780273
73,-,1.9190254211425781,-,,-,,-,,T,1.646471381187439,S,2.054340362548828,-,,-,,-,,-,,K,2.091557741165161,K,2.0486598014831543,K,2.1478958129882812,-,,-,,E,1.525227427482605
74,-,,-,,-,,-,,-,,-,,-,,-,,-,,-,,-,,-,,-,,-,,-,,-,
75,-,2.2767299839428494,T,2.3580360412597656,E,2.5861291885375977,E,1.6728265285491943,P,1.581604242324829,P,1.6207964420318604,A,3.2561185359954834,E,3.151278018951416,E,2.9173896312713623,D,2.1011645793914795,D,1.897370457649231,G,2.1355466842651367,G,1.774335265159607,E,1.60537588596344,E,3.2162482738494873,-,
76,-,1.8539615316050393,-,,E,2.08111834526062,E,1.8489444255828857,L,1.837111234664917,L,3.3455963134765625,T,1.6047359704971313,G,1.1855721473693848,N,1.8806215524673462,K,2.168043375015259,E,1.6927675008773804,E,2.2613258361816406,E,1.7281581163406372,T,0.9262128472328186,Q,1.7253183126449585,F,1.6699354648590088
77,V,2.2349164406458537,E,5.787352085113525,M,1.5561860799789429,M,1.891923189163208,N,2.979459524154663,N,2.1811273097991943,I,1.6096404790878296,S,1.3861969709396362,V,1.9282571077346802,A,2.385709762573242,N,1.773457646369934,N,2.1270973682403564,N,1.7348785400390625,K,3.090850830078125,K,1.6172722578048706,S,1.4743374586105347
78,N,2.0783253652708873,G,1.5605278015136719,E,1.9126064777374268,G,2.829761266708374,D,1.9727178812026978,D,3.097017288208008,E,3.911623954772949,Q,1.0996334552764893,-,,E,2.028933525085449,D,1.4954897165298462,D,1.7744966745376587,D,2.0615804195404053,S,1.2930717468261719,T,1.8314695358276367,D,2.2276253700256348
79,P,1.802856011050088,L,1.3444679975509644,A,1.6639431715011597,A,2.1120288372039795,L,2.0652825832366943,L,2.0959043502807617,P,1.0229672193527222,E,2.9013867378234863,-,,I,1.7121894359588623,P,1.7034764289855957,P,1.7050644159317017,P,1.557969570159912,R,2.089081287384033,Y,1.5240261554718018,L,1.742195963859558
80,L,2.1323035785130093,L,2.186741352081299,V,2.275520086288452,V,1.5653048753738403,I,1.7401041984558105,L,1.208488941192627,L,0.9992159605026245,L,1.1019957065582275,-,,W,1.312290906906128,I,3.4133553504943848,I,1.7189898490905762,I,3.8640217781066895,L,3.35876202583313,L,2.6153621673583984,I,2.4920969009399414
81,E,2.05599308013916,E,1.9510983228683472,Q,2.4262096881866455,Q,2.355388879776001,Q,1.6001150608062744,Q,2.6049411296844482,S,2.194427251815796,E,2.550662040710449,N,1.7206394672393799,T,1.8084371089935303,E,1.5550366640090942,E,2.1463775634765625,E,1.5678266286849976,E,2.0293498039245605,D,2.5007121562957764,Q,1.8286744356155396
82,Q,2.004999574025472,Q,1.3387149572372437,Q,1.8271948099136353,K,1.6827917098999023,R,2.341625213623047,G,2.5092406272888184,W,1.439845323562622,K,2.323829174041748,I,3.228301525115967,T,2.970611333847046,S,1.8295753002166748,S,1.5488661527633667,S,1.7571864128112793,K,1.8826465606689453,Q,1.109087347984314,R,2.2854771614074707
83,L,2.2046132644017535,L,1.1594228744506836,L,2.208566904067993,L,2.058256149291992,L,1.8326334953308105,L,1.4827165603637695,L,3.2070443630218506,L,1.4468801021575928,L,0.8453117609024048,L,2.1978375911712646,L,2.3019726276397705,L,3.512422800064087,L,2.5620503425598145,L,2.948026418685913,L,3.340165138244629,L,1.9658918380737305
84,E,1.8307820638020833,E,2.3565280437469482,E,1.399024486541748,D,2.026333808898926,S,1.9820510149002075,S,2.180140256881714,E,1.5479494333267212,E,1.1559193134307861,E,2.1509923934936523,E,1.6541799306869507,I,2.2861690521240234,I,1.6254642009735107,I,1.5159260034561157,E,1.8688409328460693,E,2.3113362789154053,W,1.4008758068084717
85,L,1.9123559872309366,L,1.971807837486267,L,1.6928576231002808,L,2.0283443927764893,I,2.120668649673462,M,1.6085219383239746,L,2.1038930416107178,L,1.1351842880249023,L,3.09421968460083,L,1.0383180379867554,F,1.5747982263565063,F,2.1358907222747803,F,2.1382429599761963,L,1.9046039581298828,F,1.586715817451477,M,2.5512726306915283
86,I,2.1609075546264647,I,1.216882586479187,V,1.7637827396392822,V,2.270136594772339,V,2.870774269104004,V,2.449263572692871,V,1.9308384656906128,I,2.600858688354492,I,2.1603269577026367,I,2.9130029678344727,V,1.710475206375122,V,2.1817615032196045,V,2.305969476699829,I,1.7805848121643066,I,2.16274094581604,V,2.096214532852173
87,E,2.1334445158640545,D,2.9061734676361084,D,4.028624057769775,D,1.3715994358062744,D,1.998231053352356,D,1.4116582870483398,D,3.1322600841522217,D,1.1606420278549194,D,1.2806396484375,D,2.580996036529541,D,2.321037530899048,D,1.643010139465332,D,1.5476917028427124,D,2.8601038455963135,D,1.6391764879226685,D,2.119823932647705
88,I,1.9635130643844605,T,1.8405869007110596,D,2.3259994983673096,D,2.1463425159454346,N,1.916033387184143,S,2.2369461059570312,S,1.6261672973632812,N,4.025454998016357,T,1.7538235187530518,D,1.7586044073104858,A,1.7699495553970337,A,2.320932388305664,A,1.3699716329574585,D,1.3726270198822021,D,1.465360164642334,N,1.52389657497406
89,L,1.814940865834554,L,1.8801358938217163,L,1.2757606506347656,L,1.6661524772644043,I,1.960230827331543,V,1.4865856170654297,I,1.4732927083969116,L,1.4948415756225586,V,1.814954400062561,V,1.7263139486312866,T,1.9222133159637451,T,1.907538652420044,T,2.790353775024414,L,2.446537494659424,L,1.778627872467041,V,1.6005737781524658
90,Q,1.9148501634597779,Q,1.777706265449524,K,1.8811144828796387,K,2.925743341445923,E,1.6496179103851318,E,1.5844216346740723,Q,1.242487907409668,Q,1.8997299671173096,K,2.443787097930908,K,3.6429929733276367,Q,2.246098279953003,L,1.6618351936340332,L,1.7360553741455078,Q,1.2555469274520874,Q,1.4100894927978516,E,1.3655256032943726
91,R,1.9683499415715535,R,2.127514362335205,N,1.3542553186416626,N,2.4194793701171875,R,1.8518798351287842,R,2.7506587505340576,R,1.525889277458191,R,2.5445759296417236,Q,1.3824353218078613,R,0.8165745735168457,R,1.5991630554199219,R,1.5125796794891357,R,1.8992578983306885,K,1.9273520708084106,K,3.1156301498413086,R,2.6980035305023193
92,L,1.820154102643331,L,1.792710542678833,L,1.463081955909729,L,1.3812540769577026,L,1.616593599319458,L,2.1715850830078125,L,1.1537002325057983,L,1.537651777267456,L,1.3869097232818604,L,2.5259554386138916,L,1.8881266117095947,L,2.6444902420043945,L,1.6315512657165527,L,2.2753734588623047,L,1.9656167030334473,L,1.867710828781128
93,G,2.1968114376068115,G,4.410031318664551,G,2.1227474212646484,G,2.0669546127319336,G,1.7859879732131958,G,1.2508440017700195,G,2.061314821243286,G,1.9662457704544067,G,1.2851492166519165,G,2.465837240219116,G,3.0202555656433105,G,1.8493263721466064,G,1.8135308027267456,G,2.0364389419555664,G,1.7090096473693848,G,3.1084978580474854
94,L,2.0399825890858967,V,1.400935411453247,L,1.7023621797561646,L,1.329509973526001,I,2.096266269683838,I,2.4799458980560303,V,1.6493663787841797,V,2.754028558731079,L,3.276533603668213,L,1.9370489120483398,V,1.5651578903198242,V,1.8739256858825684,V,1.7944297790527344,V,1.5309489965438843,V,2.5615265369415283,I,2.6477527618408203
95,S,1.7782389005025228,S,1.7037885189056396,S,1.368547797203064,S,1.4197980165481567,D,2.1890313625335693,D,1.210396409034729,A,2.497678756713867,S,1.2484420537948608,S,1.4034391641616821,G,1.021791934967041,N,2.334696054458618,N,1.7215529680252075,N,2.996710777282715,S,1.9374241828918457,S,0.9937694072723389,D,2.626516103744507
96,Y,1.9445913235346477,Y,1.4763163328170776,Y,3.854076862335205,Y,2.2207086086273193,R,2.197122573852539,R,1.3870617151260376,Y,1.8911174535751343,Y,1.5250803232192993,Y,2.5537772178649902,Y,2.043537139892578,H,1.9197230339050293,H,1.7067686319351196,H,1.6447877883911133,Y,1.2911295890808105,Y,2.2042343616485596,R,1.2534282207489014
97,H,2.145181894302368,H,1.5011436939239502,F,2.2790305614471436,F,1.6135923862457275,H,2.241410493850708,H,1.8322181701660156,H,2.3480217456817627,H,0.9818356037139893,H,3.472242832183838,H,1.8956019878387451,H,1.8978545665740967,H,1.7915714979171753,H,2.6794960498809814,H,3.9575037956237793,H,2.0684728622436523,H,1.6177321672439575
98,F,1.947520391146342,F,2.593733072280884,F,2.295785665512085,F,1.265051245689392,F,2.050504207611084,F,2.484333038330078,F,2.966212034225464,F,1.1092479228973389,F,1.729171633720398,F,2.046818494796753,F,1.5353033542633057,F,2.90240216255188,F,1.536973476409912,F,1.961072325706482,F,1.0925214290618896,F,1.6436758041381836
99,E,1.9987106879552206,E,1.2938188314437866,E,2.06219220161438,E,3.6805338859558105,K,2.6019599437713623,K,3.6901743412017822,E,1.3746123313903809,K,2.177203416824341,E,1.2398794889450073,E,1.1992504596710205,Q,2.018594741821289,Q,1.6701815128326416,Q,2.14255952835083,E,1.666483998298645,E,1.586090087890625,K,1.5771255493164062
100,E,2.0502958138783773,Q,3.249255895614624,D,1.0249483585357666,D,2.414555549621582,N,1.6302109956741333,N,2.2124316692352295,D,2.3502144813537598,H,1.1108394861221313,E,1.9280383586883545,K,1.4970015287399292,K,1.4489877223968506,K,2.8506712913513184,K,1.573813796043396,Q,3.481292724609375,A,2.092545986175537,N,1.8896293640136719
101,E,2.0636457125345866,E,1.9555102586746216,Q,1.4637196063995361,Q,2.2635743618011475,E,1.6478631496429443,E,1.8441044092178345,E,4.046543121337891,E,2.8068461418151855,E,2.9083423614501953,E,1.2718583345413208,E,2.3185184001922607,E,1.520302176475525,E,1.715721607208252,E,1.0251903533935547,E,2.0633363723754883,E,2.103255033493042
102,I,1.9727355400721232,I,1.6188738346099854,I,2.7457549571990967,I,1.9165713787078857,I,1.535779595375061,I,1.6442002058029175,I,1.4936009645462036,I,2.659167528152466,I,1.9065438508987427,I,2.922469139099121,I,2.4666123390197754,I,2.145718574523926,I,1.7043644189834595,I,1.0327504873275757,I,1.3110758066177368,I,2.4875500202178955
103,K,2.090762495994568,K,1.3640775680541992,K,2.0245816707611084,K,1.0243996381759644,K,1.60415780544281,K,3.776465892791748,K,1.7563072443008423,M,4.827673435211182,G,1.3608057498931885,R,1.182094693183899,E,2.7084996700286865,E,1.5684179067611694,E,2.744598627090454,N,1.8026480674743652,D,2.140024423599243,K,1.4766850471496582
104,R,1.898633861541748,K,1.3642983436584473,Q,1.6821368932724,Q,1.4889739751815796,S,2.1795542240142822,S,1.6299357414245605,E,1.4391274452209473,Q,1.8583980798721313,E,2.057866096496582,E,2.47918438911438,E,3.027630090713501,E,1.7710437774658203,E,2.091669797897339,N,1.536727786064148,N,1.7242481708526611,S,2.1487131118774414
105,I,1.9177288134892783,T,2.5381226539611816,I,1.4359724521636963,I,2.8442583084106445,A,1.899396538734436,A,1.3878593444824219,G,0.899695634841919,I,2.3205389976501465,A,1.4484833478927612,V,2.013620138168335,I,2.332789182662964,I,1.689743995666504,I,2.843341827392578,I,2.261807680130005,I,1.4815391302108765,A,1.3687629699707031
106,L,2.05793133576711,L,1.336409091949463,L,3.2033920288085938,L,2.1773664951324463,L,1.64182710647583,L,2.178784132003784,L,1.3239549398422241,L,2.139094829559326,L,1.2748397588729858,L,1.668426275253296,L,2.0219194889068604,L,2.6820390224456787,L,3.2160966396331787,L,1.2696137428283691,L,1.6324063539505005,L,3.102800130844116
107,D,1.9397401571273805,T,1.465006947517395,T,2.391815185546875,T,1.5921508073806763,D,3.1098599433898926,D,1.9172555208206177,D,1.7003740072250366,S,1.6801981925964355,D,1.371923804283142,N,1.2075716257095337,R,1.357513189315796,R,2.0882115364074707,R,1.7459975481033325,T,3.200031042098999,T,2.9317092895507812,D,1.3364837169647217
108,G,1.9142081578572592,N,1.5520522594451904,F,2.395772695541382,F,1.383152723312378,Y,2.1650514602661133,Y,2.196275234222412,G,3.50993275642395,S,1.0578632354736328,R,2.0886459350585938,K,1.2650179862976074,K,1.6079041957855225,K,2.7985410690307617,K,1.8069360256195068,N,1.3507792949676514,S,1.3069605827331543,Y,2.2282369136810303
109,V,2.0736936648686726,V,3.2503867149353027,I,1.0422399044036865,I,2.834458351135254,V,2.566596508026123,V,1.2517856359481812,V,1.5110571384429932,I,1.2938679456710815,F,2.079188823699951,F,3.1349520683288574,S,2.0763678550720215,S,2.9077024459838867,S,1.8784465789794922,F,2.0769569873809814,S,1.525771975517273,V,1.6756260395050049
110,Y,2.2338962299483165,H,2.53541898727417,Y,1.6531879901885986,Y,2.293944835662842,Y,2.701624631881714,Y,1.4070817232131958,Y,3.5940966606140137,K,3.0595293045043945,L,1.9393200874328613,L,2.105778217315674,Y,1.8995461463928223,Y,1.7343915700912476,Y,1.8021382093429565,-,,Y,1.3786647319793701,Y,3.1698241233825684
111,-,,-,,-,,-,,-,,-,,-,,-,,-,,-,,-,,-,,-,,-,,-,,-,
112,-,,-,,-,,-,,-,,-,,-,,-,,-,,-,,-,,-,,-,,-,,-,,-,
113,-,,-,,-,,-,,-,,-,,-,,-,,-,,-,,-,,-,,-,,-,,-,,-,
114,-,,-,,-,,-,,-,,-,,-,,-,,-,,-,,-,,-,,-,,-,,-,,-,
115,N,2.3326232552528383,V,1.8967580795288086,N,2.2529802322387695,N,2.910886764526367,-,,-,,G,1.7232667207717896,-,,S,3.6033082008361816,S,1.4299243688583374,A,1.950516939163208,A,1.8600255250930786,A,2.490802049636841,-,,K,3.207763671875,-,
116,N,1.9163324965371027,K,1.8550293445587158,E,1.9631890058517456,E,1.047236680984497,S,2.370260238647461,S,1.6663137674331665,V,2.0030601024627686,-,,-,,L,2.3859899044036865,-,,-,,-,,-,,K,2.0597920417785645,S,1.8961213827133179
117,D,1.7307397921880086,-,,-,,-,,Y,2.0353429317474365,Y,1.2322908639907837,-,,-,,-,,-,,-,,-,,-,,-,,-,,Y,1.9245855808258057
118,H,1.8485783338546753,N,2.3555753231048584,H,1.574109673500061,H,1.5668898820877075,W,1.5444709062576294,W,2.397634744644165,-,,-,,-,,-,,-,,-,,-,,H,1.7264962196350098,-,,W,1.774871587753296
119,G,2.0907791376113893,-,,K,2.972193479537964,E,2.3397324085235596,N,1.775137186050415,S,1.7574965953826904,-,,-,,-,,-,,-,,-,,-,,-,,-,,S,1.609336018562317
120,G,1.9028657163892473,V,1.3670406341552734,C,3.3634514808654785,C,1.9961662292480469,E,1.3045384883880615,E,2.5586130619049072,-,,-,,-,,-,,-,,-,,-,,L,1.279322862625122,-,,E,1.4509272575378418
121,-,,-,,-,,-,,-,,-,,-,,-,,-,,-,,-,,-,,-,,-,,-,,-,
122,D,1.956589475274086,R,1.444356083869934,F,1.3788915872573853,F,1.543647289276123,K,3.2887589931488037,K,2.7885799407958984,-,,-,,-,,-,,-,,-,,-,,E,1.5233423709869385,D,1.8074826002120972,K,1.8776569366455078
123,T,2.276354322830836,A,1.7286852598190308,H,1.3554975986480713,R,2.905491828918457,G,1.8483023643493652,G,1.9298202991485596,-,,-,,L,2.125826358795166,-,,T,2.381965160369873,T,1.8770277500152588,T,1.7924437522888184,N,4.03388786315918,R,1.9242355823516846,G,3.4130680561065674
124,W,2.067505488793055,H,1.3916516304016113,S,1.9291211366653442,S,3.2952964305877686,I,2.3116414546966553,I,2.1911520957946777,-,,-,,E,3.9311211109161377,-,,M,2.0188140869140625,M,1.788962483406067,M,1.5239113569259644,G,1.223283290863037,T,1.3239141702651978,I,1.8811966180801392
125,K,2.102095057566961,K,2.1096596717834473,N,1.844106912612915,N,1.4801594018936157,G,1.5105388164520264,G,2.7924609184265137,-,,-,,K,1.6961005926132202,N,1.9489234685897827,K,1.601589560508728,K,2.4569251537323,K,1.4110747575759888,K,2.0940237045288086,-,,G,4.279577732086182
126,A,1.8819753885269166,N,1.054159164428711,S,1.498590350151062,-,,C,2.620823383331299,C,1.1837598085403442,-,,-,,C,2.3869094848632812,-,,S,2.4746365547180176,S,1.8228199481964111,S,1.5936272144317627,N,1.3701186180114746,-,,C,2.8143093585968018
127,-,,-,,-,,-,,-,,-,,-,,-,,-,,-,,-,,-,,-,,-,,-,,-,
128,-,,-,,-,,-,,-,,-,,-,,-,,-,,-,,-,,-,,-,,-,,-,,-,
129,-,2.4316830960187046,R,1.9612196683883667,I,2.0026867389678955,-,,G,2.060106039047241,G,1.9644161462783813,-,,-,,S,2.254814386367798,T,1.5142444372177124,P,2.540217399597168,P,1.554996371269226,P,5.144042491912842,I,4.255320072174072,-,,G,1.4964503049850464
130,-,1.9861750235924354,I,2.468005895614624,I,2.112093210220337,-,,R,2.757685422897339,R,2.0103988647460938,-,,Q,1.2563196420669556,G,1.5705686807632446,C,2.105400800704956,S,1.3597832918167114,I,1.4720592498779297,I,1.981261134147644,W,1.5466713905334473,N,2.0226173400878906,T,3.1574103832244873
131,-,1.9114382692745753,D,2.1535046100616455,E,3.3699581623077393,V,1.3252075910568237,E,1.4831821918487549,E,1.0812124013900757,G,1.9786840677261353,H,2.1380996704101562,R,1.6777912378311157,-,,I,2.334929943084717,I,1.6127558946609497,I,1.3425383567810059,K,1.9244023561477661,I,2.742671489715576,K,1.5951977968215942
132,-,2.4211956560611725,R,1.5567259788513184,A,2.3843157291412354,E,2.042475700378418,-,,-,,A,3.8357672691345215,S,1.3661057949066162,N,1.8492218255996704,V,2.2679595947265625,C,3.115175724029541,C,5.2488484382629395,C,1.2650539875030518,C,2.7652766704559326,-,,S,1.3574211597442627
133,-,1.8601719032634387,N,2.3367557525634766,E,1.3220748901367188,A,1.7790237665176392,S,2.2025012969970703,S,1.1250325441360474,H,2.101923942565918,T,1.6051287651062012,N,3.1949234008789062,-,,-,,E,1.4102997779846191,-,,D,1.3613691329956055,-,,I,2.022857666015625
134,E,2.121988912423452,R,1.992739200592041,E,1.8480383157730103,K,1.550360918045044,V,1.260583519935608,V,3.05769944190979,A,1.9998149871826172,P,4.212717533111572,F,1.2974101305007935,-,,K,1.6417142152786255,-,,E,2.127551794052124,K,1.9029865264892578,Q,2.5722503662109375,-,
135,-,2.0686405340830487,W,2.0900163650512695,I,3.347432851791382,E,2.2807583808898926,I,2.4375510215759277,V,2.409456729888916,G,1.172366738319397,A,1.3224748373031616,G,2.051643133163452,H,3.3029427528381348,Y,1.8766118288040161,Y,1.3956960439682007,Y,1.5020722150802612,E,2.6700682640075684,E,1.6849578619003296,I,1.4855589866638184
136,-,2.087155739466349,G,3.369314432144165,R,2.2814791202545166,R,2.213613986968994,T,1.4716233015060425,T,4.1051025390625,D,1.9423595666885376,D,1.0389821529388428,R,1.4522895812988281,R,1.7432096004486084,H,1.9344208240509033,H,1.3429343700408936,H,1.7885513305664062,E,1.935915231704712,S,1.6378731727600098,T,3.0496668815612793
137,N,2.1330951849619546,D,1.6821584701538086,D,1.6370412111282349,D,3.1840407848358154,D,2.6376519203186035,D,1.7336995601654053,D,3.4762988090515137,S,1.1925294399261475,S,1.183353066444397,S,3.257657766342163,T,1.7688312530517578,T,1.9703048467636108,T,2.323000431060791,D,1.5930606126785278,D,1.4999291896820068,N,2.856870412826538
138,L,1.844470779101054,L,2.2446212768554688,L,1.8905458450317383,L,2.5717098712921143,L,1.3127501010894775,L,2.0030627250671387,L,1.2770479917526245,L,2.2946393489837646,L,1.373916506767273,L,1.9075018167495728,L,2.5180931091308594,L,1.3758623600006104,L,1.8710291385650635,L,1.526980996131897,L,1.4344455003738403,L,2.0648550987243652
139,Y,1.7243534406026204,Y,1.5152233839035034,Y,1.483557939529419,Y,1.298177719116211,N,1.9029158353805542,N,1.057910680770874,Y,1.4137409925460815,Y,1.947049617767334,H,1.2210556268692017,D,2.983689546585083,H,1.7430816888809204,H,1.916677713394165,H,1.7363255023956299,H,1.358406901359558,H,2.405905246734619,N,1.8815832138061523
140,A,2.069563849767049,A,1.4805119037628174,F,1.38939368724823,F,2.211606979370117,S,2.4104301929473877,S,2.326923131942749,T,1.88569974899292,A,2.0875542163848877,E,2.801159620285034,K,1.5453615188598633,D,2.2851059436798096,E,2.4138946533203125,E,2.602832794189453,A,1.6551120281219482,A,1.9456623792648315,S,2.002208948135376
141,T,1.9942158063252766,T,3.252309560775757,T,1.5581506490707397,T,1.4924157857894897,T,2.209759473800659,S,2.1070265769958496,A,1.6267822980880737,T,3.0099174976348877,T,1.342228889465332,T,1.3870060443878174,V,2.001146078109741,V,1.644910454750061,V,2.281463146209717,T,2.4284772872924805,T,1.4186351299285889,T,2.153008222579956
142,A,1.9193715413411458,A,1.5961029529571533,A,2.9754014015197754,A,2.416121006011963,A,1.3427261114120483,A,1.5864338874816895,A,1.8677104711532593,A,1.3873652219772339,A,1.878096580505371,A,1.7527036666870117,S,1.580992341041565,S,1.7420867681503296,S,2.1514549255371094,A,1.6647499799728394,A,3.036810874938965,A,1.811816930770874
143,L,2.042038337389628,L,1.7945315837860107,L,1.9469788074493408,L,2.5320651531219482,L,2.1216509342193604,L,1.0596407651901245,L,1.6338832378387451,L,2.0101118087768555,L,3.337279796600342,L,2.2118983268737793,L,1.874762773513794,L,2.629417657852173,L,2.0888986587524414,L,1.7405638694763184,L,1.9895180463790894,L,1.6593736410140991
144,K,2.1507448037465413,E,2.017848014831543,G,1.8329029083251953,G,2.144843101501465,G,1.45110023021698,G,1.892982840538025,Q,1.786622405052185,K,1.3885910511016846,R,2.635591506958008,C,1.9913036823272705,F,1.8630969524383545,F,2.330289840698242,F,3.757500410079956,E,3.0405611991882324,E,1.7645539045333862,G,2.3633840084075928
145,F,1.6554265101750691,F,1.89887535572052,F,1.348796010017395,F,1.4633194208145142,L,1.573934555053711,F,3.000214099884033,F,1.4178798198699951,F,1.0359089374542236,F,1.404258131980896,F,1.6518011093139648,F,1.181925654411316,F,2.1762638092041016,F,1.5806362628936768,F,2.094174861907959,F,1.3772358894348145,F,1.626173734664917
146,R,2.062268439928691,R,1.550018310546875,R,1.457627773284912,R,1.3833651542663574,R,1.4847235679626465,R,1.6283979415893555,R,1.5843236446380615,R,4.0224690437316895,R,1.995840072631836,R,1.5704240798950195,C,3.096557378768921,R,2.113842725753784,R,0.8477833271026611,R,1.942859411239624,R,4.5802741050720215,R,1.6755200624465942
147,L,2.2044070243835447,L,3.1344499588012695,L,2.091184616088867,L,1.4067914485931396,T,2.46737003326416,A,1.4271937608718872,L,1.4002101421356201,L,1.4559576511383057,L,2.5171000957489014,L,2.043206214904785,L,3.0218214988708496,L,3.7375423908233643,L,2.722350597381592,L,1.8215656280517578,L,1.9799834489822388,T,1.8393778800964355
148,L,2.043483551343282,L,1.7273890972137451,L,1.5045408010482788,L,2.2792415618896484,L,2.712176561355591,L,2.0714166164398193,L,1.9912749528884888,L,1.748787760734558,L,2.199077606201172,L,1.540623426437378,M,2.618488311767578,M,1.5558098554611206,M,2.1707780361175537,L,2.309213399887085,F,1.7611974477767944,L,2.46223783493042
149,R,2.054681630929311,R,1.1879222393035889,R,1.5202635526657104,R,2.8906936645507812,R,4.055357933044434,R,3.0105974674224854,R,3.0227890014648438,R,2.1594560146331787,R,1.2477893829345703,R,1.33070707321167,R,2.009260654449463,R,0.8315322995185852,R,1.1992731094360352,R,2.006577491760254,R,1.6182711124420166,R,2.729733467102051
150,Q,1.9274838288625082,Q,2.3527793884277344,Q,1.963571310043335,Q,1.8654805421829224,L,1.2829525470733643,L,1.8881784677505493,Q,1.2276586294174194,E,2.9296436309814453,E,1.3689969778060913,E,1.4470521211624146,Q,1.9833961725234985,Q,2.740661382675171,Q,2.445983648300171,Q,1.4480853080749512,Q,1.3979275226593018,L,2.569889783859253
151,H,2.179365348815918,H,1.7030484676361084,H,2.9092113971710205,H,1.4774253368377686,H,1.1615797281265259,H,1.8414183855056763,H,1.5600547790527344,H,3.59466552734375,Y,1.277492880821228,Y,3.139427423477173,H,2.1217503547668457,H,2.205052137374878,H,3.9645638465881348,H,2.436877727508545,H,1.4285480976104736,H,1.8693641424179077
152,G,2.159759187698364,G,3.116839647293091,G,2.023719072341919,G,1.4118983745574951,G,2.1811892986297607,G,1.6019405126571655,G,3.899778127670288,G,1.736843228340149,G,1.3114913702011108,G,2.278829574584961,G,1.4750066995620728,G,1.191086769104004,G,2.6748476028442383,G,1.9325706958770752,G,3.9848899841308594,G,1.5754568576812744
153,Y,1.8971960226694742,F,1.6371984481811523,F,1.7190437316894531,F,1.9769924879074097,Y,1.9932044744491577,Y,1.893932819366455,Y,1.4133857488632202,F,1.1106702089309692,Y,2.318692684173584,S,1.724808931350708,R,1.9603663682937622,R,2.4900872707366943,R,1.6874454021453857,F,1.9180103540420532,F,1.6022298336029053,Y,3.011871576309204
154,S,1.9009691874186199,S,2.430222749710083,Q,2.1414833068847656,Q,1.459288477897644,P,2.601762294769287,P,2.0971338748931885,G,1.7892919778823853,H,0.9775518178939819,D,1.241487741470337,D,1.3430074453353882,Y,1.760817050933838,Y,3.939795970916748,Y,1.6412835121154785,G,1.218573808670044,N,1.5449814796447754,P,2.3278563022613525
155,V,2.0565088748931886,I,1.8147985935211182,I,2.0961532592773438,V,1.442551851272583,V,2.4176547527313232,V,2.2175002098083496,V,2.3872289657592773,I,1.8656338453292847,I,2.0977585315704346,V,1.416307806968689,V,1.8373725414276123,V,2.811459541320801,V,3.048189878463745,V,2.4987142086029053,V,1.2534801959991455,V,1.6428289413452148
156,S,1.680963428815206,A,1.3498698472976685,S,1.598693609237671,S,1.9897912740707397,S,1.9912536144256592,S,1.00015389919281,T,1.0983140468597412,S,0.7927759885787964,S,1.598210334777832,S,2.907890796661377,S,2.2272329330444336,S,1.685742735862732,S,1.6808757781982422,S,1.3204848766326904,S,1.731583833694458,S,2.2415778636932373
157,Q,,-,,-,,-,,-,,-,,-,,-,,-,,-,,-,,-,,-,,-,,-,,-,
158,-,2.402078914642334,Q,2.19867205619812,Q,1.6282215118408203,Q,3.243271589279175,S,2.0252928733825684,S,1.4941980838775635,P,2.1644492149353027,Q,3.935889482498169,P,1.7897225618362427,A,1.2880282402038574,A,5.345861911773682,A,1.6429998874664307,A,1.6195122003555298,E,3.780564785003662,E,1.9732954502105713,A,1.9012038707733154
159,-,,-,,-,,-,,-,,-,,-,,-,,-,,-,,-,,-,,-,,-,,-,,-,
160,E,1.859031367301941,D,1.8374687433242798,E,1.8555305004119873,E,1.853364109992981,D,1.4160634279251099,D,1.6002782583236694,D,1.4913424253463745,E,1.7475334405899048,D,2.9490115642547607,D,1.0695240497589111,D,1.098189353942871,D,3.094681739807129,D,2.8885207176208496,D,1.4430755376815796,D,1.7140071392059326,D,1.8268795013427734
161,V,1.6957793916974748,V,1.4886846542358398,V,1.4725807905197144,V,1.7199550867080688,V,1.4214190244674683,-,,I,1.445845127105713,I,2.0117299556732178,I,1.9822052717208862,I,2.766169786453247,V,1.098097324371338,V,1.6787256002426147,V,1.674168586730957,I,1.429390788078308,V,2.320450782775879,V,1.2314887046813965
162,F,1.8280542813814604,F,1.453220009803772,F,2.958102226257324,F,2.108100175857544,F,1.707322359085083,-,,F,1.467126488685608,-,,F,1.8191126585006714,F,2.4769740104675293,F,1.9786136150360107,F,1.5857800245285034,F,1.3423771858215332,F,1.4728306531906128,F,1.4117883443832397,L,1.9833579063415527
163,N,2.0937045079011183,D,1.5036673545837402,D,1.0870869159698486,D,2.1764535903930664,E,1.6076210737228394,-,,N,2.2933743000030518,-,,E,2.1527743339538574,E,2.7041115760803223,N,2.2644739151000977,N,2.8143763542175293,N,3.452195882797241,D,1.8247950077056885,D,1.5514929294586182,K,1.7857353687286377
164,S,1.922008957181658,G,2.1137032508850098,C,1.946650505065918,C,1.5979899168014526,Q,2.0519466400146484,V,3.223175048828125,K,3.016544818878174,-,,K,1.6252596378326416,R,1.8671079874038696,N,1.5038450956344604,N,1.6713249683380127,N,1.5844194889068604,V,2.080012798309326,V,1.3674668073654175,H,1.2586784362792969
165,F,1.8752707157816206,N,3.2766153812408447,F,1.6428115367889404,F,1.7213044166564941,F,1.7249457836151123,F,1.4718680381774902,F,1.6188502311706543,-,,F,1.791060209274292,F,2.0943782329559326,F,0.8949111700057983,F,1.335777759552002,F,2.032717704772949,I,1.4548869132995605,F,2.3351757526397705,F,2.8584868907928467
166,K,1.9834392155919756,I,1.2157890796661377,K,1.770141363143921,K,1.905680775642395,K,2.1332039833068848,K,1.6830739974975586,L,1.742310643196106,-,,K,2.9616122245788574,L,2.0837955474853516,K,1.4191659688949585,K,3.4682910442352295,K,1.9709386825561523,I,1.5650651454925537,M,2.202313184738159,R,1.6467673778533936
167,-,1.3977056741714478,-,,-,,-,,-,,-,,-,,-,,-,,-,,-,,-,,-,,D,1.3977056741714478,-,,-,
168,D,1.878130555152893,-,,N,1.7656651735305786,N,1.4866474866867065,E,2.354598045349121,D,1.2302833795547485,-,,-,,-,,D,1.4473788738250732,-,,-,,-,,K,2.3954901695251465,-,,N,2.466850757598877
169,-,,-,,-,,-,,-,,-,,-,,-,,-,,-,,-,,-,,-,,-,,-,,-,
170,-,2.3318244218826294,G,4.12413215637207,E,2.2141482830047607,E,3.020618438720703,-,,-,,E,2.3691959381103516,-,,D,1.4445921182632446,-,,G,2.1906685829162598,G,1.5851824283599854,G,2.348243474960327,I,2.7557599544525146,E,1.2657028436660767,-,
171,E,1.6800414415506215,-,,E,2.986541986465454,E,1.143460750579834,Q,1.6832096576690674,Q,1.3207191228866577,K,1.977441430091858,-,,H,1.5690852403640747,Q,1.3460745811462402,E,1.4343589544296265,E,2.0686838626861572,E,1.7016552686691284,E,1.439010500907898,N,2.0007128715515137,Q,1.1695845127105713
172,R,1.9077390432357788,V,1.5156117677688599,G,2.494642734527588,G,1.997549057006836,N,1.6767348051071167,N,2.2070837020874023,E,1.756177306175232,F,1.356558918952942,N,2.805121421813965,N,1.3041163682937622,S,1.2126551866531372,S,1.9656416177749634,S,1.5462756156921387,S,1.7281949520111084,C,2.882744073867798,I,2.166978120803833
173,G,1.9855765581130982,D,1.913708209991455,S,1.7307119369506836,S,1.6332238912582397,G,3.481692314147949,G,2.110766649246216,R,2.2201247215270996,D,2.607837677001953,G,2.0211644172668457,G,1.2370507717132568,G,1.4246684312820435,G,2.330850601196289,G,1.1089195013046265,N,2.4292993545532227,G,1.235037088394165,G,2.2985928058624268
174,S,1.747102439403534,-,,D,1.8384912014007568,D,1.8848319053649902,Q,1.094747543334961,Q,1.6283727884292603,T,2.0561442375183105,G,1.4180537462234497,N,1.9380826950073242,N,2.23870849609375,R,2.7553656101226807,R,1.6966631412506104,R,1.140807032585144,T,1.2452906370162964,K,1.7437900304794312,Q,1.7800850868225098
175,F,2.1677333286830356,L,2.0801219940185547,F,3.1256215572357178,F,1.7905679941177368,F,1.342844009399414,F,3.5137062072753906,F,2.7171058654785156,L,3.4297540187835693,F,1.5753672122955322,F,1.044540524482727,F,2.2185850143432617,F,1.5482938289642334,F,1.4232861995697021,F,1.754542350769043,F,2.7839298248291016,-,
176,-,,-,,-,,-,,-,,-,,-,,-,,-,,-,,-,,-,,-,,-,,-,,-,
177,K,1.825360316496629,-,,K,2.8727617263793945,K,1.9027187824249268,A,1.2129441499710083,A,2.2652740478515625,K,1.2157962322235107,S,1.8186140060424805,K,1.8410025835037231,K,2.457113027572632,K,1.309975266456604,K,1.1032674312591553,K,1.3452755212783813,K,2.9441535472869873,-,,F,1.4407877922058105
178,A,1.8334043820699055,-,,A,1.3279061317443848,A,2.5500102043151855,C,1.8687834739685059,C,1.6342426538467407,A,1.3852870464324951,E,1.3224802017211914,A,1.8681886196136475,T,1.5387908220291138,E,1.132249116897583,E,1.1423170566558838,E,1.3769972324371338,-,,-,,V,4.853600025177002
179,C,1.8757456243038177,-,,R,1.7911632061004639,S,2.296562671661377,S,1.8587653636932373,S,1.2462878227233887,C,2.000502347946167,T,1.7406980991363525,-,,S,2.6572163105010986,-,,-,,-,,-,,-,,S,1.414769172668457
180,L,2.2414366404215493,-,,L,1.597942590713501,L,2.109262228012085,A,2.575383186340332,A,2.480314016342163,T,2.38657546043396,H,4.0439372062683105,C,2.1943182945251465,L,2.1815085411071777,E,1.711887001991272,E,1.4323813915252686,E,2.624901294708252,-,,-,,C,1.5588284730911255
181,C,2.0249536470933394,D,1.9617946147918701,-,,-,,I,1.3060343265533447,N,1.6597130298614502,-,,T,2.306469440460205,L,3.237314224243164,V,1.804680347442627,L,2.2473971843719482,L,1.342221736907959,L,3.142906904220581,-,,D,1.0717995166778564,P,2.1941587924957275
182,E,2.008420439866873,D,2.8487601280212402,G,1.646620512008667,G,1.4744075536727905,Q,2.300307035446167,T,0.8455371856689453,S,1.2890734672546387,-,,V,1.7685269117355347,-,,K,5.978957653045654,K,1.3811231851577759,K,1.7325801849365234,S,1.2070856094360352,R,1.5472755432128906,S,2.0892107486724854
183,-,1.9082053899765015,-,,-,,-,,-,,Q,1.9082053899765015,-,,-,,-,,-,,-,,-,,-,,-,,-,,-,
184,-,,-,,-,,-,,-,,-,,-,,-,,-,,-,,-,,-,,-,,-,,-,,-,
185,-,,-,,-,,-,,-,,-,,-,,-,,-,,-,,-,,-,,-,,-,,-,,-,
186,-,,-,,-,,-,,-,,-,,-,,-,,-,,-,,-,,-,,-,,-,,-,,-,
187,-,,-,,-,,-,,-,,-,,-,,-,,-,,-,,-,,-,,-,,-,,-,,-,
188,-,,-,,-,,-,,-,,-,,-,,-,,-,,-,,-,,-,,-,,-,,-,,-,
189,-,,-,,-,,-,,-,,-,,-,,-,,-,,-,,-,,-,,-,,-,,-,,-,
190,-,,-,,-,,-,,-,,-,,-,,-,,-,,-,,-,,-,,-,,-,,-,,-,
191,-,,-,,-,,-,,-,,-,,-,,-,,-,,-,,-,,-,,-,,-,,-,,-,
192,-,,-,,-,,-,,-,,-,,-,,-,,-,,-,,-,,-,,-,,-,,-,,-,
193,-,,-,,-,,-,,-,,-,,-,,-,,-,,-,,-,,-,,-,,-,,-,,-,
194,-,,-,,-,,-,,-,,-,,-,,-,,-,,-,,-,,-,,-,,-,,-,,-,
195,-,,-,,-,,-,,-,,-,,-,,-,,-,,-,,-,,-,,-,,-,,-,,-,
196,-,,-,,-,,-,,-,,-,,-,,-,,-,,-,,-,,-,,-,,-,,-,,-,
197,-,,-,,-,,-,,-,,-,,-,,-,,-,,-,,-,,-,,-,,-,,-,,-,
198,-,,-,,-,,-,,-,,-,,-,,-,,-,,-,,-,,-,,-,,-,,-,,-,
199,-,,-,,-,,-,,-,,-,,-,,-,,-,,-,,-,,-,,-,,-,,-,,-,
200,-,,-,,-,,-,,-,,-,,-,,-,,-,,-,,-,,-,,-,,-,,-,,-,
201,-,1.0810860395431519,-,,-,,-,,-,,-,,-,,-,,-,,-,,-,,-,,-,,-,,-,,E,1.0810860395431519
202,-,2.9956812858581543,-,,-,,-,,T,2.113656997680664,T,3.4726080894470215,-,,-,,-,,-,,-,,-,,-,,-,,-,,T,3.4007787704467773
203,-,1.8762562274932861,-,,-,,-,,E,2.3714263439178467,E,1.975154161453247,-,,-,,-,,-,,-,,-,,-,,-,,-,,E,1.2821881771087646
204,-,1.7958400170008342,K,1.3392925262451172,D,2.024707794189453,D,2.571690320968628,G,1.2489678859710693,G,3.4806008338928223,L,1.8030738830566406,K,1.160510778427124,Q,1.388073444366455,N,1.7074350118637085,R,1.768547534942627,R,2.642977237701416,R,1.7020593881607056,D,1.5286105871200562,D,1.5035841464996338,E,1.0674688816070557
205,D,2.221395007769267,D,1.2936550378799438,D,1.8434265851974487,D,3.1123745441436768,E,3.2077836990356445,E,2.575672149658203,D,1.450150966644287,D,1.7842611074447632,D,1.6529228687286377,N,4.201113224029541,D,1.8382362127304077,D,3.1543846130371094,D,1.742523193359375,N,1.4714055061340332,D,1.9409428834915161,D,2.052072525024414
206,T,1.482145941257477,I,1.0536662340164185,T,1.2784987688064575,T,1.0494229793548584,I,2.1218955516815186,M,2.4613075256347656,A,0.8916835188865662,T,2.158729314804077,I,0.8922162055969238,V,1.4307689666748047,T,1.0741336345672607,T,1.6678482294082642,T,1.8111133575439453,I,1.6064457893371582,I,1.2701114416122437,I,1.4643476009368896
207,K,2.2046360969543457,K,1.8027410507202148,K,3.6423494815826416,K,1.8728559017181396,K,5.233858108520508,R,1.5351723432540894,K,1.685784935951233,K,1.2326631546020508,K,1.9528782367706299,K,1.776921033859253,R,0.9359879493713379,R,1.6903945207595825,R,5.582970142364502,T,1.1899350881576538,Y,1.9608691930770874,R,0.9741603136062622
208,G,2.2623826185862224,G,1.0874323844909668,G,1.118564248085022,G,1.671152114868164,K,1.7276041507720947,G,2.349764347076416,G,2.0826992988586426,G,2.9122793674468994,G,1.9434515237808228,G,2.2480082511901855,G,1.3625104427337646,G,1.772914171218872,G,1.0991041660308838,S,4.687873363494873,G,5.205094337463379,S,2.6672871112823486
209,M,2.2735416730244955,I,4.639416217803955,L,2.0645365715026855,L,1.917399525642395,V,1.6545251607894897,V,1.9220870733261108,L,1.3779945373535156,M,1.8838369846343994,M,3.985997438430786,M,1.196108341217041,L,1.689340591430664,L,1.702887773513794,L,1.0014675855636597,I,3.428480863571167,L,1.9825263023376465,M,3.656520128250122
210,L,1.6781007885932921,L,1.0515165328979492,L,1.1308412551879883,V,1.453723430633545,L,1.3231024742126465,L,1.3308732509613037,L,1.8151097297668457,L,1.5337474346160889,L,2.0734703540802,L,1.3856837749481201,V,0.9355525374412537,V,5.598326206207275,V,1.2505910396575928,I,1.3273676633834839,I,1.5073187351226807,V,1.4542874097824097
211,S,2.118904145558675,S,1.4767364263534546,Q,2.7362477779388428,Q,2.514660358428955,N,1.8102842569351196,N,1.398787498474121,S,2.2435193061828613,Y,3.830482244491577,S,1.6304097175598145,S,3.9113612174987793,E,3.290177345275879,E,1.0938369035720825,E,1.161653757095337,T,1.3912627696990967,S,2.402939558029175,N,0.8912030458450317
212,L,1.7796059449513753,L,1.617261290550232,L,2.561441421508789,L,1.1918975114822388,L,1.8121445178985596,L,1.4889639616012573,L,2.2938568592071533,L,2.312952756881714,L,2.033405303955078,L,1.6782968044281006,L,3.3333873748779297,L,1.0022790431976318,L,1.1300522089004517,L,1.4029617309570312,L,1.4383935928344727,L,1.3967947959899902
213,Y,2.3923949639002484,Y,1.9904217720031738,Y,1.9538183212280273,Y,5.529266834259033,F,1.6243430376052856,F,3.671741247177124,Y,1.5744540691375732,Y,1.6745214462280273,Y,1.3470478057861328,Y,3.605135440826416,Y,1.3154679536819458,Y,1.2506887912750244,Y,1.963364601135254,Y,4.871881008148193,Y,1.5404412746429443,Y,1.9733308553695679
214,E,1.763353745142619,E,1.5662306547164917,E,2.345165967941284,E,1.249213457107544,R,0.9594054222106934,R,1.2819139957427979,E,4.132645130157471,E,3.613750696182251,D,1.4849836826324463,E,1.8472158908843994,E,1.3769358396530151,E,1.1494923830032349,E,1.2843658924102783,E,1.231837272644043,E,1.7768901586532593,R,1.1502597332000732
215,A,2.217309522628784,A,6.31063175201416,A,1.5997782945632935,A,1.4956738948822021,A,1.3861732482910156,A,1.789942741394043,A,1.7755745649337769,A,1.543960690498352,A,3.206624746322632,A,1.2994343042373657,A,2.8604490756988525,A,1.1183245182037354,A,2.7239789962768555,A,1.1842215061187744,A,1.473667860031128,A,3.491206645965576
216,S,1.8294559796651204,S,1.7580089569091797,S,2.516812324523926,S,1.726273536682129,S,1.8361040353775024,S,2.594918727874756,S,1.3725850582122803,S,1.3109984397888184,S,1.3533140420913696,S,2.194509267807007,A,1.7320388555526733,A,2.0012998580932617,A,2.46405291557312,S,1.3832521438598633,S,1.7389171123504639,S,1.4587544202804565
217,F,1.5759500980377197,Y,0.9953320026397705,F,1.0891703367233276,F,2.309366464614868,L,1.2815868854522705,L,1.3471025228500366,H,1.4443755149841309,F,1.5792406797409058,F,1.8627848625183105,F,1.1400516033172607,Q,1.6789394617080688,Q,1.271083950996399,Q,1.5155497789382935,Y,1.7328801155090332,Y,2.084507703781128,L,2.307279586791992
218,F,2.3323549032211304,L,1.2753032445907593,L,1.7593083381652832,L,1.5537669658660889,I,3.9539108276367188,V,1.8587937355041504,T,2.9372377395629883,L,1.4736015796661377,L,2.0685787200927734,L,1.5866193771362305,L,2.7970800399780273,L,2.7121005058288574,L,2.0473458766937256,L,4.409248352050781,L,2.3102004528045654,I,2.242227792739868
219,L,2.0379189332326253,S,1.9392520189285278,L,1.572859525680542,L,2.6018524169921875,A,1.3901902437210083,A,1.27006995677948,M,2.9393856525421143,A,2.575546979904175,S,2.6474268436431885,S,1.614424705505371,S,1.8100166320800781,S,2.456537961959839,S,2.32222580909729,S,1.1695208549499512,S,2.3437061309814453,A,1.9157682657241821
220,-,1.8217958211898804,-,,-,,-,,-,,-,,-,,-,,-,,-,,-,,-,,-,,-,,-,,F,1.8217958211898804
221,-,,-,,-,,-,,-,,-,,-,,-,,-,,-,,-,,-,,-,,-,,-,,-,
222,I,2.2211653153101603,T,3.11822509765625,R,3.2333309650421143,R,1.159114956855774,F,2.4115641117095947,F,1.5591627359390259,I,1.4067051410675049,T,2.1949336528778076,Y,3.0040194988250732,Y,1.7635514736175537,F,2.5012009143829346,F,1.5128883123397827,F,1.4087297916412354,T,2.0084519386291504,T,3.724064826965332,P,2.3115363121032715
223,E,1.7918433121272497,R,2.009075164794922,E,1.6331061124801636,E,1.7244219779968262,P,2.2061076164245605,P,1.6126434803009033,H,0.9305562973022461,E,1.4609650373458862,E,1.5708129405975342,E,2.457671880722046,E,2.5326743125915527,E,2.028170585632324,E,1.6602892875671387,K,1.8633348941802979,K,1.3959767818450928,-,
224,-,,-,,-,,-,,-,,-,,-,,-,,-,,-,,-,,-,,-,,-,,-,,-,
225,-,,-,,-,,-,,-,,-,,-,,-,,-,,-,,-,,-,,-,,-,,-,,-,
226,-,,-,,-,,-,,-,,-,,-,,-,,-,,-,,-,,-,,-,,-,,-,,-,
227,G,1.807577133178711,I,1.8818838596343994,G,1.8760706186294556,G,1.6875717639923096,G,1.628879189491272,G,1.8154919147491455,G,1.8520716428756714,G,1.013118028640747,G,1.3439958095550537,G,1.4273182153701782,G,2.1629478931427,G,2.31820011138916,G,2.6276662349700928,S,1.4739370346069336,L,1.8598878383636475,G,2.1446168422698975
228,-,,-,,-,,-,,-,,-,,-,,-,,-,,-,,-,,-,,-,,-,,-,,-,
229,E,1.9801437934239705,D,1.7867822647094727,E,2.1813788414001465,E,2.6457982063293457,E,1.8328545093536377,E,3.6552021503448486,E,2.6923255920410156,E,1.992571234703064,E,1.769206166267395,E,1.3397881984710693,E,1.40333092212677,E,1.3975547552108765,E,1.3366889953613281,D,1.6676706075668335,D,1.9616031646728516,E,2.0394012928009033
230,N,2.079836440086365,T,1.5657004117965698,D,1.7074743509292603,D,1.5422561168670654,K,1.8028169870376587,K,3.4701626300811768,E,2.2756600379943848,S,1.3783814907073975,Q,2.9270613193511963,Q,3.108562707901001,R,2.1167006492614746,R,1.6493016481399536,R,2.3592963218688965,T,2.2281880378723145,K,2.0150136947631836,E,1.050970196723938
231,I,1.9409252320017134,K,1.381362795829773,T,1.1925073862075806,T,1.9031902551651,V,1.8847990036010742,V,1.9720804691314697,V,3.096343517303467,-,,I,1.218878984451294,I,1.360449194908142,I,1.5608001947402954,I,2.9293887615203857,I,3.1544973850250244,K,2.5672926902770996,N,1.478798747062683,V,1.4725638628005981
232,-,2.3515295130865916,L,1.3225154876708984,L,3.9970510005950928,L,2.1230363845825195,-,,-,,L,0.9922038316726685,-,,-,,L,4.012150287628174,-,,-,,-,,L,2.965343952178955,L,1.048405647277832,-,
233,L,2.4286223888397216,K,2.709709882736206,-,,-,,M,2.595745086669922,M,3.235013008117676,-,,-,,L,4.5626630783081055,-,,L,1.176866888999939,L,1.3156418800354004,L,1.9145700931549072,H,3.8085954189300537,Q,1.3492666482925415,M,1.6181519031524658
234,E,1.797872585909707,-,,E,1.6974239349365234,E,1.6569981575012207,E,1.0213755369186401,E,2.439642906188965,E,2.325124979019165,E,1.2429001331329346,D,1.2815494537353516,D,1.548426628112793,D,1.4462635517120361,D,2.3456685543060303,D,1.0426369905471802,K,1.6921602487564087,I,2.02351450920105,E,3.4065306186676025
235,E,1.9581416567166647,E,1.6750571727752686,L,2.369425058364868,L,1.2628358602523804,E,1.434866189956665,D,1.4971518516540527,D,0.9114946722984314,L,2.2380614280700684,E,1.5674539804458618,K,2.314952850341797,E,2.788236141204834,E,3.1667354106903076,E,2.7159712314605713,V,2.266669273376465,F,1.474769115447998,E,1.6884446144104004
236,A,2.309632968902588,S,1.3324329853057861,A,2.1692378520965576,A,3.9305224418640137,A,1.5715091228485107,A,1.536280632019043,A,5.130215167999268,E,3.2252113819122314,A,1.8053221702575684,A,2.281848907470703,A,2.9203174114227295,A,1.8925937414169312,A,1.8168445825576782,I,1.4832096099853516,I,1.7983534336090088,A,1.7505950927734375
237,R,1.8327757279078165,I,1.2575939893722534,R,1.7637789249420166,R,1.7466319799423218,E,3.1304261684417725,E,1.4616248607635498,K,1.816506266593933,Q,2.6813201904296875,N,2.572577953338623,N,2.4920406341552734,E,2.0342812538146973,E,1.044921636581421,E,1.4306645393371582,R,0.9508019685745239,R,1.8451321125030518,E,1.2633334398269653
238,D,2.0750567356745404,Y,1.3797845840454102,Q,2.829975128173828,Q,2.173693895339966,I,1.8213911056518555,R,1.535163402557373,E,1.3573107719421387,A,1.383334755897522,A,1.1208479404449463,A,2.813192129135132,N,1.8250290155410767,N,2.729011058807373,N,3.495774745941162,P,1.3667336702346802,P,3.8730058670043945,R,1.4216029644012451
239,F,1.816147502263387,Y,1.598331093788147,Y,1.3865858316421509,Y,2.4090511798858643,F,1.6857038736343384,F,1.865883231163025,F,1.5999679565429688,W,2.3321785926818848,F,1.56123685836792,F,1.38167405128479,F,1.2556136846542358,F,1.8046919107437134,F,2.898256778717041,F,1.9335565567016602,F,1.6024210453033447,F,1.9270598888397217
240,S,1.9470733086268106,T,3.7639594078063965,A,1.1428852081298828,A,1.9753124713897705,S,1.14017915725708,S,1.1942723989486694,S,1.5780363082885742,T,2.143259286880493,T,3.366685628890991,T,1.2547918558120728,S,1.3142621517181396,S,1.44710111618042,S,1.7294683456420898,A,1.4641932249069214,A,3.4770114421844482,S,2.214681625366211
241,T,1.90892440478007,T,1.396380066871643,T,1.130022406578064,T,2.827342987060547,T,1.6411713361740112,A,1.4420579671859741,V,2.97285532951355,E,2.1425869464874268,S,2.1283109188079834,S,1.9327270984649658,R,1.9965298175811768,R,3.4654273986816406,R,1.2390315532684326,T,1.1200863122940063,T,1.4874852895736694,E,1.711850643157959
242,K,1.9051014026006063,K,1.0692343711853027,K,3.1751840114593506,K,1.4589338302612305,I,2.629389524459839,I,1.2866942882537842,K,3.190601110458374,K,1.3247371912002563,I,1.1421831846237183,F,1.8374357223510742,Q,1.3487896919250488,Q,2.8794357776641846,Q,1.1083126068115234,E,1.5681679248809814,Q,1.29544198513031,K,3.261979818344116
243,H,1.8152519941329956,R,2.262186050415039,F,0.9833558797836304,F,1.1678721904754639,Y,2.472764253616333,Y,1.7406357526779175,H,1.6467522382736206,H,1.5496158599853516,H,3.3478505611419678,H,1.1441121101379395,I,1.584841012954712,I,1.7230868339538574,I,1.7296478748321533,Q,2.57974910736084,Q,1.3214672803878784,Y,1.97484290599823
244,L,1.7301352739334106,L,1.5243381261825562,L,3.0644371509552,L,1.2092030048370361,L,1.7760844230651855,L,1.9617919921875,L,1.0927304029464722,L,1.4087908267974854,L,1.1598236560821533,L,1.4649103879928589,L,2.5943899154663086,L,1.2373998165130615,L,1.449185848236084,I,1.4898394346237183,L,2.9951727390289307,L,1.5239313840866089
245,E,2.2250762542088824,R,2.151742935180664,Q,2.209838628768921,Q,2.8615620136260986,K,3.416085720062256,K,2.142202138900757,N,1.2166471481323242,R,1.7079157829284668,K,2.1232962608337402,K,1.356312870979309,H,2.208130359649658,H,1.1001559495925903,H,3.2443199157714844,R,3.3883862495422363,R,2.9943344593048096,K,1.2552133798599243
246,E,1.8541568517684937,K,1.7833750247955322,K,2.4951400756835938,K,1.2294014692306519,E,2.1862010955810547,E,2.0839712619781494,Y,1.7816027402877808,E,3.1092655658721924,D,1.4701589345932007,S,1.654077172279358,G,1.7153892517089844,G,1.7250123023986816,G,1.7064040899276733,N,1.1956515312194824,D,1.2213211059570312,E,2.455381155014038
247,Y,1.806881579068991,F,2.560792922973633,K,1.5214016437530518,K,2.7786495685577393,A,1.6032226085662842,A,1.4163674116134644,L,2.3205583095550537,-,,L,1.6387473344802856,-,,N,2.7743964195251465,N,1.5274001359939575,N,1.4159746170043945,F,1.230768084526062,F,0.9009063839912415,T,1.8002750873565674
248,-,,-,,-,,-,,-,,-,,-,,-,,-,,-,,-,,-,,-,,-,,-,,-,
249,-,,-,,-,,-,,-,,-,,-,,-,,-,,-,,-,,-,,-,,-,,-,,-,
250,-,,-,,-,,-,,-,,-,,-,,-,,-,,-,,-,,-,,-,,-,,-,,-,
251,V,2.0488932132720947,-,,V,1.8085637092590332,V,1.8625887632369995,L,1.288467288017273,L,4.250576496124268,-,,-,,-,,-,,-,,-,,-,,-,,-,,L,1.0342698097229004
252,K,2.0493932962417603,-,,D,2.937081813812256,D,2.2172911167144775,-,,K,1.3152910470962524,-,,-,,-,,-,,-,,-,,-,,-,,-,,Q,1.7279092073440552
253,-,,-,,-,,-,,-,,-,,-,,-,,-,,-,,-,,-,,-,,-,,-,,-,
254,-,1.793455461661021,V,0.9433679580688477,-,,-,,-,,T,1.5712631940841675,-,,Y,1.631372332572937,-,,-,,-,,-,,-,,V,1.7722986936569214,V,2.2048022747039795,K,2.6376283168792725
255,-,2.2170730431874595,E,1.648697018623352,-,,-,,-,,-,,-,,L,1.6563971042633057,-,,I,1.8455904722213745,-,,-,,-,,D,2.445772647857666,D,3.0692484378814697,I,2.636732578277588
256,-,1.5504788160324097,V,1.3557357788085938,-,,-,,-,,-,,-,,K,1.3600852489471436,-,,H,2.3850042819976807,-,,-,,-,,-,,T,1.1010899543762207,-,
257,-,,-,,-,,-,,-,,-,,-,,-,,-,,-,,-,,-,,-,,-,,-,,-,
258,-,,-,,-,,-,,-,,-,,-,,-,,-,,-,,-,,-,,-,,-,,-,,-,
259,-,,-,,-,,-,,-,,-,,-,,-,,-,,-,,-,,-,,-,,-,,-,,-,
260,-,,-,,-,,-,,-,,-,,-,,-,,-,,-,,-,,-,,-,,-,,-,,-,
261,-,,-,,-,,-,,-,,-,,-,,-,,-,,-,,-,,-,,-,,-,,-,,-,
262,-,,-,,-,,-,,-,,-,,-,,-,,-,,-,,-,,-,,-,,-,,-,,-,
263,-,,-,,-,,-,,-,,-,,-,,-,,-,,-,,-,,-,,-,,-,,-,,-,
264,-,2.2884727716445923,N,1.8190487623214722,-,,-,,L,2.521512031555176,V,1.5556014776229858,-,,-,,-,,-,,-,,-,,-,,-,,H,3.2577288150787354,-,
265,-,1.8434911114828927,K,1.4837896823883057,H,1.6471035480499268,H,1.5396499633789062,K,2.086317777633667,P,1.5404795408248901,-,,-,,-,,-,,-,,-,,-,,D,3.4034316539764404,S,1.2036656141281128,-,
266,-,,-,,-,,-,,-,,-,,-,,-,,-,,-,,-,,-,,-,,-,,-,,-,
267,Q,2.1523721575737,-,,E,2.5940518379211426,E,1.659648060798645,-,,-,,M,2.870720863342285,N,2.6063544750213623,-,,E,1.4327627420425415,L,1.4688825607299805,L,3.2683510780334473,L,2.2577993869781494,E,1.117174506187439,N,2.247976064682007,-,
268,N,1.8141872485478718,N,1.3150198459625244,L,2.189517021179199,L,3.1563127040863037,-,,-,,G,1.805321455001831,K,1.7843066453933716,S,1.096735954284668,E,1.4743674993515015,A,3.104862928390503,A,1.697352647781372,A,1.546938419342041,S,1.220501184463501,E,1.3790106773376465,-,
269,K,2.07998392979304,E,1.9261844158172607,I,1.3984432220458984,I,2.1577939987182617,-,,-,,N,1.0038527250289917,N,2.8266570568084717,E,1.7788801193237305,D,4.138014316558838,S,2.9124510288238525,G,1.4053668975830078,G,1.537082314491272,E,1.9724087715148926,D,1.902672290802002,-,
270,E,2.534103136796218,T,1.849406123161316,-,,D,2.667459487915039,I,1.9342728853225708,I,2.4820973873138428,L,4.667848110198975,I,2.006075382232666,G,2.1043810844421387,I,1.981245994567871,M,2.7283530235290527,M,2.2358434200286865,M,3.6281449794769287,T,2.8370859622955322,F,1.821126937866211,-,
271,-,,-,,-,,-,,-,,-,,-,,-,,-,,-,,-,,-,,-,,-,,-,,-,
272,K,2.1421988050142926,K,3.239360809326172,D,1.9408758878707886,D,2.125136375427246,P,1.8374241590499878,C,1.438978910446167,Q,1.7775671482086182,D,1.1701276302337646,R,3.041714668273926,N,1.0690404176712036,E,5.378323078155518,E,1.5276554822921753,E,1.7951254844665527,Y,0.942237913608551,G,1.7194974422454834,P,3.1299166679382324
273,-,2.2004569123188653,S,2.7954280376434326,D,1.4297698736190796,D,1.4848930835723877,V,2.766355276107788,S,1.732208490371704,N,1.6171445846557617,Q,0.9794837832450867,S,2.0419278144836426,N,2.7220098972320557,-,,-,,-,,N,3.7671170234680176,S,1.5109590291976929,D,3.5581860542297363
274,-,2.160383931795756,Y,3.2336103916168213,N,1.2529953718185425,S,1.9137777090072632,C,1.657020092010498,G,2.687204122543335,N,1.7403563261032104,N,3.3492565155029297,S,1.6324200630187988,I,1.4325475692749023,D,1.2701947689056396,D,1.5389517545700073,D,3.7806618213653564,I,1.0626872777938843,C,2.261399984359741,C,3.59267520904541
275,-,,-,,-,,-,,-,,-,,-,,-,,-,,-,,-,,-,,-,,-,,-,,-,
276,-,,-,,-,,-,,-,,-,,-,,-,,-,,-,,-,,-,,-,,-,,-,,-,
277,N,2.3002626399199166,T,2.94105863571167,N,2.141998767852783,N,1.4397715330123901,S,3.456982135772705,S,1.3342256546020508,-,,-,,I,2.041022539138794,-,,N,0.8100179433822632,N,3.6767585277557373,N,2.7952375411987305,M,1.841555118560791,D,3.3462114334106445,S,1.778311848640442
278,L,1.8602363824844361,L,1.8412178754806519,L,1.766401767730713,L,1.3548020124435425,L,2.5262489318847656,L,1.7522835731506348,L,1.4036415815353394,V,1.3956537246704102,L,1.3646445274353027,L,2.219644546508789,L,1.6565403938293457,L,1.771288514137268,L,1.3645902872085571,L,1.4690635204315186,M,3.5488903522491455,L,2.4686341285705566
279,A,2.002209528287252,R,1.9303793907165527,L,2.277064561843872,L,2.142521858215332,S,2.047292947769165,S,1.5692245960235596,R,1.3618183135986328,A,1.85194730758667,I,1.6622509956359863,L,1.8325036764144897,R,1.576027750968933,R,3.74177622795105,R,2.883415460586548,R,1.819891333580017,V,2.0200185775756836,S,1.3170099258422852
280,T,1.865205446879069,R,1.6737512350082397,S,1.3628630638122559,S,1.912577748298645,R,1.582603931427002,G,2.1372666358947754,E,2.0023269653320312,K,2.5314533710479736,D,2.977396249771118,E,1.5098222494125366,R,0.9348329305648804,R,2.815967321395874,R,1.2851523160934448,E,2.090118169784546,E,1.7929751873016357,R,1.3689743280410767
281,L,1.507291066646576,M,1.3936352729797363,W,2.7878434658050537,W,1.9058464765548706,E,1.9951095581054688,E,1.1472419500350952,Q,2.0356459617614746,L,1.138066053390503,Q,1.8621371984481812,Q,1.257773756980896,S,1.4377647638320923,S,1.3507041931152344,S,1.0790613889694214,M,1.390421986579895,I,0.8323848843574524,E,0.9957290887832642
282,V,1.953699525197347,V,1.435060977935791,I,2.979374885559082,I,1.4389771223068237,I,2.1842503547668457,I,5.004708766937256,V,1.3656604290008545,V,1.863035798072815,V,1.8066142797470093,V,0.9912440776824951,V,1.2665555477142334,V,2.7652530670166016,V,1.6877270936965942,A,1.4893574714660645,V,1.9865976572036743,I,1.041075348854065
283,N,1.9485803763071696,I,1.3717117309570312,L,2.206568479537964,R,1.5082039833068848,A,1.6658316850662231,E,1.6038756370544434,Q,1.4041857719421387,H,3.3697564601898193,N,2.561432361602783,N,1.7013980150222778,G,1.52969229221344,G,1.1514893770217896,G,2.130406379699707,I,2.2818024158477783,V,2.476116418838501,G,2.2662346363067627
284,H,2.08250808318456,H,1.336095929145813,H,1.4100563526153564,H,3.184772253036499,Y,1.5570495128631592,Y,1.351065754890442,H,1.6834851503372192,R,2.3858091831207275,H,1.54013192653656,H,2.566899538040161,N,1.289963960647583,N,1.174636960029602,N,0.8758001923561096,H,2.795696973800659,Q,2.1478378772735596,D,5.938319683074951
285,S,1.917240317662557,A,1.5081732273101807,S,1.5619351863861084,S,2.7986505031585693,V,1.303149700164795,V,1.4912972450256348,A,1.5492641925811768,A,1.8705629110336304,S,1.6859666109085083,A,3.175748586654663,K,4.081918239593506,K,1.6765882968902588,K,1.683588981628418,A,1.3102271556854248,A,1.4714407920837402,V,1.5900931358337402
286,L,2.160327116648356,L,2.5756733417510986,L,1.8694055080413818,L,1.5800364017486572,L,3.0293853282928467,L,2.1316213607788086,L,2.48661208152771,L,1.6752865314483643,L,1.5784990787506104,L,2.649425983428955,L,2.979057550430298,L,2.1177220344543457,L,1.5145235061645508,L,1.8669040203094482,L,1.2733955383300781,L,3.0773584842681885
287,E,1.8599249045054118,E,1.0468430519104004,E,1.4798998832702637,E,1.7832062244415283,E,1.1581194400787354,E,1.883903980255127,E,4.7673211097717285,E,2.922840118408203,E,1.3011661767959595,E,1.3509095907211304,R,1.3055344820022583,R,0.8789112567901611,R,2.300288438796997,E,1.9519490003585815,D,1.9479646682739258,E,1.8200161457061768
288,F,2.2454466899236043,M,2.8976309299468994,I,1.7626564502716064,I,1.7722265720367432,Y,1.3734509944915771,Y,3.783121347427368,M,1.4767842292785645,L,1.7170169353485107,L,2.5955617427825928,L,1.2059677839279175,Y,1.782962679862976,Y,1.6728485822677612,Y,1.6170231103897095,I,6.318809509277344,M,1.8003244400024414,H,1.9053150415420532
289,P,1.7531911691029867,P,1.7593129873275757,P,1.9812909364700317,P,1.5329351425170898,G,2.3405380249023438,G,1.5126285552978516,P,1.450736165046692,P,1.947440266609192,P,1.647181510925293,P,1.6080197095870972,P,1.7822741270065308,P,1.4839179515838623,P,3.216791868209839,P,0.9525699615478516,P,1.6446608304977417,G,1.437569499015808
290,L,1.8170727213223776,Y,2.6997337341308594,L,1.4607253074645996,L,1.8360416889190674,W,1.1787874698638916,W,1.4693632125854492,L,1.6351596117019653,L,0.9334262013435364,L,1.8936076164245605,L,2.614886522293091,F,3.2121524810791016,F,2.2655768394470215,F,2.1406407356262207,Y,0.840991735458374,Y,1.80233895778656,W,1.2726587057113647
291,H,1.8013817230860392,H,2.437403440475464,H,3.259547710418701,H,2.168518543243408,H,1.37769615650177,L,2.602428913116455,H,1.509445309638977,H,1.0247218608856201,Y,1.578127145767212,H,1.9036939144134521,H,1.7822778224945068,H,1.5876739025115967,H,1.5125821828842163,H,1.6226469278335571,Y,1.4577711820602417,H,1.1961908340454102
292,W,1.929094131787618,R,1.7938406467437744,W,1.6483876705169678,W,1.622727394104004,M,1.7439767122268677,T,1.600844144821167,W,1.6841987371444702,W,1.9151779413223267,R,1.4578742980957031,R,1.5217862129211426,K,1.6056104898452759,T,4.036821365356445,T,3.800077199935913,W,1.3560818433761597,W,1.74171781539917,T,1.4072895050048828
293,R,2.072786728541056,R,2.0582358837127686,R,1.6122504472732544,R,3.208125114440918,N,1.5447949171066284,N,1.3534132242202759,R,1.3334712982177734,R,3.1032214164733887,R,1.151705265045166,R,2.9791345596313477,S,1.1152395009994507,S,2.0828423500061035,S,1.937025547027588,R,1.4755263328552246,Q,2.1141371726989746,N,4.022677898406982
294,M,2.147125069300334,V,1.4939732551574707,I,3.3034441471099854,I,1.7544854879379272,L,1.4134639501571655,F,2.363058567047119,M,1.9997631311416626,M,1.746634602546692,V,1.7283329963684082,I,1.627312183380127,I,1.3833194971084595,I,1.4285448789596558,I,2.1032047271728516,M,4.2925214767456055,M,2.955916166305542,L,2.612900972366333
295,P,1.807308514912923,G,1.4579569101333618,Q,1.4400529861450195,Q,1.7059434652328491,P,1.7407782077789307,P,1.3857502937316895,P,1.5455925464630127,L,2.652377128601074,Q,1.812393307685852,H,2.222951889038086,A,1.5955324172973633,A,3.5961971282958984,A,1.154089331626892,R,1.1379752159118652,R,1.5701484680175781,P,2.091888427734375
296,R,2.269165317217509,R,1.8044602870941162,R,1.957364797592163,R,3.2470638751983643,R,4.067364692687988,R,2.0837810039520264,R,1.3693101406097412,R,3.837951421737671,S,1.8717708587646484,R,1.5564243793487549,R,2.5391736030578613,R,1.75686514377594,R,1.8710212707519531,R,1.2312304973602295,R,2.210083484649658,R,2.6336143016815186
297,L,2.070182275772095,L,2.029472589492798,L,1.7680468559265137,L,1.4649595022201538,L,2.2740745544433594,L,1.35658597946167,L,1.8779518604278564,L,2.0734190940856934,L,1.8426520824432373,L,1.2480756044387817,F,3.7289445400238037,F,1.8968894481658936,F,1.3858189582824707,L,2.7842020988464355,L,2.5596699714660645,L,2.7619709968566895
298,E,1.8440952936808268,E,2.7397913932800293,E,1.4401159286499023,E,1.9418532848358154,E,2.0767910480499268,E,1.8638306856155396,E,1.622035264968872,E,3.1953585147857666,E,1.6525596380233765,E,2.8330342769622803,T,1.3686938285827637,T,1.0582226514816284,T,1.8325749635696411,E,1.4216358661651611,S,1.2703944444656372,E,1.344537615776062
299,A,1.732870356241862,A,1.4072158336639404,A,1.5642684698104858,A,1.730745792388916,A,2.651655435562134,A,1.4479126930236816,A,1.8193029165267944,A,1.344799518585205,A,2.5272533893585205,A,1.7468751668930054,G,1.3912065029144287,G,2.0758614540100098,G,1.7796034812927246,T,1.5102022886276245,T,1.2384343147277832,A,1.7577180862426758
300,-,2.22263858535073,R,2.172650098800659,R,1.5207545757293701,R,1.464117407798767,-,,-,,K,2.7227141857147217,R,2.4369583129882812,R,2.122640609741211,R,1.5715806484222412,I,2.3270771503448486,-,,R,1.4997283220291138,R,3.369716167449951,R,3.241086959838867,-,
301,R,1.88742948662151,W,1.7208285331726074,W,1.379239559173584,W,1.5717651844024658,R,2.8644142150878906,R,1.7874329090118408,H,3.3779473304748535,W,1.0542519092559814,-,,W,1.8469985723495483,-,,-,,-,,W,1.4591944217681885,W,2.1144626140594482,R,1.5851891040802002
302,W,1.770246148109436,-,,-,,-,,N,1.3741549253463745,N,1.2240326404571533,Y,1.3293626308441162,F,1.4935219287872314,W,2.7360050678253174,Y,1.4873905181884766,N,1.727575659751892,R,1.2677383422851562,N,3.427598476409912,-,,-,,N,1.6350812911987305
303,F,1.9115260541439056,Y,1.5090945959091187,F,1.1613720655441284,F,1.5799742937088013,Y,1.5089133977890015,Y,1.7900525331497192,-,,-,,F,1.9118784666061401,-,,Y,1.1167970895767212,N,2.18255877494812,Y,2.3319597244262695,Y,1.960615873336792,Y,3.946625232696533,Y,1.9384706020355225
304,I,1.7185748855272929,I,2.7810637950897217,L,1.6821558475494385,L,1.353885293006897,I,1.475700855255127,I,3.1355533599853516,I,0.8595481514930725,I,2.0712366104125977,I,1.4462196826934814,T,1.1447367668151855,D,1.49282705783844,Y,1.7139365673065186,D,1.7282884120941162,I,1.86284339427948,I,1.7643163204193115,I,1.2663111686706543
305,N,1.6709195216496786,E,2.6737794876098633,D,1.1600607633590698,D,1.2086358070373535,D,1.982722520828247,D,2.7999155521392822,D,1.058067798614502,S,1.841843605041504,D,1.9951748847961426,E,1.9230058193206787,D,1.393364429473877,D,1.3833873271942139,D,1.4827414751052856,D,1.3993356227874756,D,0.9658586978912354,D,1.7958990335464478
306,I,1.969253961245219,V,2.689810037612915,A,1.8637276887893677,A,1.6146221160888672,V,1.8605835437774658,I,1.4366035461425781,V,1.726180076599121,F,2.591703414916992,S,2.2408227920532227,S,2.152097702026367,D,0.958908200263977,D,3.4244837760925293,D,1.5703239440917969,A,1.9352993965148926,V,2.010239362716675,V,1.4634038209915161
307,Y,2.2709428707758588,Y,2.391462802886963,Y,1.6508868932724,Y,1.1804039478302002,F,1.1874475479125977,F,1.661298155784607,N,4.9232072830200195,Y,3.1971681118011475,Y,3.034897565841675,Y,2.256535053253174,L,2.040469169616699,D,2.2493174076080322,L,1.4104011058807373,Y,2.7950613498687744,Y,2.412999153137207,F,1.672587513923645
308,R,1.770172119140625,-,,-,,-,,G,1.3906948566436768,G,2.135823965072632,-,,-,,-,,-,,-,,-,,-,,-,,-,,G,1.7839975357055664
309,-,,-,,-,,-,,-,,-,,-,,-,,-,,-,,-,,-,,-,,-,,-,,-,
310,-,,-,,-,,-,,-,,-,,-,,-,,-,,-,,-,,-,,-,,-,,-,,-,
311,-,,-,,-,,-,,-,,-,,-,,-,,-,,-,,-,,-,,-,,-,,-,,-,
312,-,,-,,-,,-,,-,,-,,-,,-,,-,,-,,-,,-,,-,,-,,-,,-,
313,-,,-,,-,,-,,-,,-,,-,,-,,-,,-,,-,,-,,-,,-,,-,,-,
314,-,,-,,-,,-,,-,,-,,-,,-,,-,,-,,-,,-,,-,,-,,-,,-,
315,-,1.3121713399887085,-,,-,,-,,Q,1.3121713399887085,-,,-,,-,,-,,-,,-,,-,,-,,-,,-,,-,
316,-,1.9753862023353577,-,,-,,-,,D,1.6476408243179321,-,,-,,-,,-,,-,,-,,-,,-,,-,,-,,Q,2.303131580352783
317,-,,-,,-,,-,,-,,-,,-,,-,,-,,-,,-,,-,,-,,-,,-,,-,
318,-,,-,,-,,-,,-,,-,,-,,-,,-,,-,,-,,-,,-,,-,,-,,-,
319,-,,-,,-,,-,,-,,-,,-,,-,,-,,-,,-,,-,,-,,-,,-,,-,
320,-,1.659706473350525,-,,-,,-,,P,1.5441639423370361,-,,-,,-,,-,,-,,-,,-,,-,,-,,-,,D,1.7752490043640137
321,-,1.8724678754806519,-,,-,,-,,I,2.6259984970092773,K,1.7711468935012817,-,,-,,-,,-,,-,,-,,-,,-,,-,,T,1.2202582359313965
322,-,1.7184123595555623,-,,-,,-,,Y,0.9923564195632935,D,1.2784900665283203,-,,-,,-,,-,,-,,-,,-,,-,,-,,K,2.8843905925750732
323,-,1.9428301774538481,G,3.68794584274292,A,2.073369264602661,A,1.7938406467437744,L,0.9969083070755005,T,1.643101692199707,G,1.0978578329086304,K,1.6471924781799316,E,2.9648916721343994,S,1.444508671760559,-,,L,1.728095531463623,-,,E,1.4450021982192993,G,1.5816926956176758,N,3.1523854732513428
324,-,1.4748739004135132,-,,-,,-,,-,,-,,-,,-,,-,,-,,-,,G,1.4748739004135132,-,,-,,-,,-,
325,-,1.0587184429168701,-,,-,,-,,-,,-,,-,,-,,-,,-,,-,,-,,G,1.0587184429168701,-,,-,,-,
326,-,,-,,-,,-,,-,,-,,-,,-,,-,,-,,-,,-,,-,,-,,-,,-,
327,-,2.7973471054664025,E,2.870695114135742,S,3.344212055206299,T,1.6612112522125244,T,4.227263927459717,S,2.979616403579712,R,3.9954826831817627,K,1.7321836948394775,N,2.7125895023345947,R,1.8175162076950073,G,6.513119697570801,-,,-,,K,1.5111923217773438,K,1.5741645097732544,M,1.426265001296997
328,H,2.0454745143651962,R,2.028524160385132,-,,-,,L,2.3690667152404785,-,,-,,-,,-,,-,,G,2.6719164848327637,G,1.5612986087799072,G,1.7814288139343262,K,2.955509662628174,R,1.5536223649978638,E,1.4424293041229248
329,N,1.6517761303828313,H,0.5988754034042358,R,1.566247820854187,R,2.050570487976074,-,,P,1.4912554025650024,S,2.097273826599121,R,2.361886501312256,R,1.5589064359664917,R,1.7789322137832642,M,1.3917492628097534,M,1.4105905294418335,M,1.9647300243377686,-,,Q,1.2685792446136475,S,1.9334925413131714
330,Q,2.184119143656322,-,,R,3.8994359970092773,H,3.3435468673706055,N,1.2614734172821045,C,2.6827752590179443,D,0.9848582148551941,Q,1.8474242687225342,K,1.148785948753357,K,3.149101734161377,Y,1.4871606826782227,Y,1.0501881837844849,Y,1.8629677295684814,H,2.6646311283111572,N,3.571108341217041,N,1.624210238456726
331,D,2.4868476390838623,D,2.39163875579834,D,1.8138477802276611,D,1.5612704753875732,M,4.0827741622924805,L,1.7282497882843018,E,1.5867502689361572,D,1.1633435487747192,D,3.427833080291748,D,2.555163621902466,E,2.226186990737915,E,1.7537060976028442,E,5.873740196228027,D,1.5947264432907104,Y,3.7243924140930176,R,1.8190909624099731
332,V,2.3608478705088296,M,3.760284185409546,M,4.0818023681640625,V,3.877873659133911,R,1.2657489776611328,Q,1.606164813041687,R,1.6760035753250122,M,2.7424628734588623,A,1.8309050798416138,A,2.8530595302581787,W,1.8782730102539062,W,1.947575569152832,W,2.493854522705078,M,1.8735564947128296,K,1.67205810546875,K,1.853095293045044
333,N,1.9182994445164998,N,1.2578761577606201,N,1.6722365617752075,N,1.804710865020752,T,2.031956195831299,T,2.2869696617126465,N,2.155076265335083,I,1.5233008861541748,N,3.1059422492980957,N,1.8798726797103882,G,3.6227011680603027,G,1.9724712371826172,G,1.5671464204788208,N,1.1320676803588867,N,1.4383044242858887,T,1.3238592147827148
334,P,2.2343288898468017,P,1.1486871242523193,Q,2.633427143096924,P,4.021474361419678,Q,1.5704264640808105,E,1.7467645406723022,M,1.722354531288147,P,1.126206874847412,K,1.087409257888794,W,3.828416109085083,K,1.1947684288024902,K,5.881187915802002,K,1.6303837299346924,L,1.478702187538147,L,1.9458264112472534,E,2.4988982677459717
335,I,1.9562700668970743,I,3.508293628692627,I,1.612829327583313,I,1.5888843536376953,K,1.5424818992614746,K,2.2309350967407227,V,1.0455665588378906,L,2.7413129806518555,V,1.3408432006835938,V,2.207909107208252,T,2.0567893981933594,T,2.4373629093170166,T,1.3546966314315796,F,1.9686789512634277,V,1.5213702917099,K,2.186096668243408
336,L,1.88062473932902,L,1.4842294454574585,I,2.5482611656188965,I,2.6123604774475098,L,1.9042071104049683,L,2.0319933891296387,L,2.4862184524536133,L,1.6624372005462646,L,1.1849981546401978,L,2.1953017711639404,L,1.170655369758606,L,1.573583722114563,L,1.1906901597976685,L,1.5692516565322876,V,3.3637216091156006,L,1.2314614057540894
337,L,1.938272523880005,L,2.045480728149414,L,1.414812684059143,L,1.5582466125488281,I,1.3916378021240234,L,1.859426736831665,L,2.7262985706329346,L,2.2089405059814453,L,1.509529709815979,L,3.2929677963256836,R,1.2786457538604736,R,1.6091557741165161,R,2.9480462074279785,A,1.9048843383789062,V,1.04598867893219,L,2.2800259590148926
338,E,1.8488077640533447,E,1.1909455060958862,E,1.2652148008346558,E,2.8194870948791504,E,1.632696509361267,E,1.5602868795394897,E,1.2717115879058838,E,3.241241216659546,E,2.059328556060791,E,2.491438627243042,E,1.7631380558013916,E,1.3471392393112183,E,1.7743957042694092,E,1.740127444267273,E,1.6350958347320557,E,1.9398694038391113
339,F,1.7155110518137613,L,2.3948874473571777,L,1.7624857425689697,L,1.5197608470916748,L,1.2033870220184326,L,1.0453238487243652,L,2.390960216522217,L,1.2899200916290283,A,1.5466265678405762,A,1.3749221563339233,L,1.2183326482772827,L,1.1838873624801636,L,2.590817451477051,F,1.2278417348861694,F,3.2700278759002686,L,1.713484764099121
340,A,1.983539891242981,A,1.1030054092407227,A,1.5899758338928223,A,1.352766752243042,A,1.6136068105697632,A,2.401198387145996,A,1.679897665977478,A,2.0187551975250244,A,1.8529936075210571,A,1.3334885835647583,A,1.261542797088623,A,3.0007901191711426,A,1.2629228830337524,A,4.566573143005371,A,2.4255123138427734,A,2.2900688648223877
341,E,2.21695294380188,K,3.0139079093933105,K,2.3293967247009277,K,1.7372561693191528,K,1.7503401041030884,K,4.866639614105225,R,1.667533278465271,I,1.2495092153549194,K,2.0779197216033936,K,3.1719164848327637,L,1.4864755868911743,L,1.7851258516311646,L,1.2141318321228027,K,3.6039037704467773,K,1.2744479179382324,K,2.025789976119995
342,L,1.82065908908844,L,2.3255677223205566,L,2.0495476722717285,L,1.7524101734161377,L,2.0560224056243896,L,1.5693930387496948,L,1.3288146257400513,L,1.5642414093017578,L,2.6823017597198486,L,1.7134459018707275,M,1.139372706413269,M,2.6050922870635986,M,1.24521803855896,I,1.4131274223327637,I,1.5362496376037598,L,2.3290815353393555
343,D,1.7955684185028076,D,4.91938591003418,D,1.9527184963226318,D,2.235337495803833,E,1.1289259195327759,E,1.4543633460998535,D,1.17550790309906,D,1.2125301361083984,N,1.8841458559036255,D,2.354207754135132,D,1.3248741626739502,D,1.265465259552002,D,1.65766441822052,D,1.17112398147583,D,2.053011894226074,E,1.144263744354248
344,F,1.9559474865595499,F,1.9770158529281616,F,2.0710713863372803,F,1.6750006675720215,F,5.110759735107422,F,1.5853021144866943,F,3.2918152809143066,F,1.257353663444519,F,1.456803798675537,F,1.5282055139541626,L,2.545305013656616,L,1.2103458642959595,L,1.654866337776184,F,1.355594277381897,F,1.1103253364562988,F,1.509447455406189
345,N,1.9026347478230794,N,1.617795705795288,N,2.1396594047546387,N,1.6110769510269165,N,2.144005298614502,N,1.6965041160583496,N,2.2003655433654785,N,1.60986328125,N,1.5270286798477173,N,2.713284730911255,Q,2.076019287109375,Q,1.2396973371505737,Q,1.5197978019714355,N,2.9719629287719727,N,1.5428555011749268,N,1.9296046495437622
346,I,2.1228718757629395,F,1.321502447128296,I,1.8345623016357422,I,2.660276174545288,I,1.470805287361145,I,1.5020184516906738,F,1.7575894594192505,I,1.7629507780075073,I,4.3730597496032715,M,1.6499758958816528,V,1.6874046325683594,V,1.6535190343856812,V,1.4184954166412354,I,1.4917219877243042,I,5.2872633934021,I,1.971933126449585
347,V,2.3750163316726685,V,1.4716191291809082,I,2.5737946033477783,I,1.868714451789856,F,2.8996448516845703,F,1.7283570766448975,V,5.3574700355529785,V,2.682927370071411,V,1.6406890153884888,V,1.2625641822814941,E,4.881257057189941,E,1.6372984647750854,E,1.4479131698608398,V,1.0790965557098389,V,1.5234239101409912,F,3.5704751014709473
348,Q,1.9755651156107585,Q,1.8974096775054932,Q,1.351881742477417,Q,2.6264710426330566,H,1.8091778755187988,H,2.662931442260742,Q,3.66688871383667,Q,2.184462785720825,Q,1.0067341327667236,Q,1.5061147212982178,R,1.4476789236068726,R,1.5270140171051025,R,2.2275891304016113,Q,2.2466866970062256,Q,1.8410320281982422,Q,1.6314038038253784
349,A,1.960189163684845,A,1.5096790790557861,A,1.8772796392440796,A,1.4672887325286865,S,3.0842409133911133,S,2.7517638206481934,S,1.0853749513626099,A,1.5721768140792847,S,1.3568445444107056,S,2.859290599822998,S,0.9625378251075745,S,1.4120595455169678,S,2.23018741607666,T,4.340853214263916,A,1.2230571508407593,S,1.6702032089233398
350,A,2.1142707506815595,I,1.1494064331054688,T,2.88280987739563,T,2.9103519916534424,L,3.6693060398101807,L,1.9936342239379883,K,1.961917519569397,A,1.1688090562820435,T,3.3585317134857178,T,2.1976115703582764,V,1.5613833665847778,V,1.4475632905960083,V,2.2131497859954834,A,0.9398419857025146,I,1.880399465560913,I,2.379344940185547
351,H,1.988436488310496,H,2.1534948348999023,Q,1.4982678890228271,Q,1.6360976696014404,Q,2.005434274673462,Q,2.1402015686035156,H,3.094493865966797,H,1.2393715381622314,L,2.4224531650543213,L,1.5625790357589722,Y,1.7595208883285522,Y,2.2645263671875,Y,4.0639119148254395,H,0.8475894331932068,H,1.657196044921875,Q,1.4814088344573975
352,Q,1.8411723693211874,Q,2.4343578815460205,Q,2.2973830699920654,Q,1.3578674793243408,Q,1.3613219261169434,Q,1.6976938247680664,Q,1.067790150642395,I,2.683926582336426,Q,1.2497493028640747,Q,1.960949420928955,Q,1.968132734298706,Q,2.258420944213867,Q,1.2371294498443604,Q,2.7817418575286865,Q,2.0108048915863037,E,1.2503160238265991
353,A,2.0411468267440798,D,1.1767444610595703,E,1.5430994033813477,E,3.3787081241607666,E,2.594890594482422,R,1.3228384256362915,E,1.8562453985214233,Q,2.268676996231079,Q,1.3313229084014893,K,2.856135845184326,E,1.0384482145309448,E,2.1873347759246826,E,1.2553812265396118,E,3.2498083114624023,E,1.5716301202774048,T,2.9859375953674316
354,D,1.812915317217509,E,1.3786611557006836,E,1.3739466667175293,E,1.2429916858673096,E,1.6748566627502441,E,1.0146729946136475,E,1.1702839136123657,D,1.879762887954712,D,2.3509504795074463,D,1.5313717126846313,E,2.185946464538574,E,4.207934856414795,E,1.4745268821716309,D,1.0461090803146362,E,2.7991671562194824,E,1.8625471591949463
355,L,1.8609363317489624,L,1.422288179397583,L,1.9708449840545654,L,2.0487165451049805,L,1.3466219902038574,L,3.3574366569519043,L,2.3257389068603516,L,1.585184931755066,L,1.6005456447601318,L,1.9140784740447998,L,1.6272755861282349,L,1.2693705558776855,L,2.0124475955963135,V,1.006292700767517,L,1.5712828636169434,L,2.855919361114502
356,K,2.1049017667770387,K,2.2110040187835693,K,3.6389217376708984,K,1.4449514150619507,K,2.242999792098999,K,1.811352252960205,K,3.2974648475646973,K,1.6958203315734863,K,1.7272876501083374,Q,1.481314778327942,L,3.5816385746002197,L,1.2988872528076172,L,1.4896440505981445,K,1.983994722366333,K,2.431915521621704,E,1.2363295555114746
357,Q,2.017939571539561,S,5.077922821044922,D,1.7292603254318237,D,1.4679067134857178,H,1.1552393436431885,Q,1.463843584060669,E,1.3056774139404297,Y,2.558643341064453,E,3.5298569202423096,E,3.603834629058838,Q,1.318516731262207,Q,1.6222341060638428,Q,1.6216603517532349,Y,0.7981438040733337,N,1.5980056524276733,S,1.4183478355407715
358,V,1.9109951416651407,L,1.6498531103134155,L,1.7395683526992798,L,2.042998790740967,V,1.8119053840637207,V,1.5405479669570923,V,1.8972840309143066,V,1.6515552997589111,M,1.6151515245437622,M,1.614794373512268,V,1.701298713684082,V,1.5478774309158325,V,2.681628465652466,V,4.229490280151367,V,1.5174453258514404,L,1.4235280752182007
359,S,1.8075168967247008,S,2.4581081867218018,S,1.778894066810608,S,2.296295642852783,S,1.6300029754638672,S,2.070150375366211,S,1.3222076892852783,A,2.131040573120117,S,3.775998830795288,S,0.9370882511138916,S,1.6106799840927124,S,1.597181797027588,S,0.9536609053611755,S,1.7231615781784058,S,1.1163444519042969,L,1.7119381427764893
360,T,2.3646639267603557,S,2.2676382064819336,R,2.375067949295044,R,1.8884609937667847,R,1.6055152416229248,R,7.151839256286621,R,2.581350326538086,R,1.3326512575149536,R,1.3165616989135742,R,1.1785427331924438,K,2.347874402999878,K,1.719315528869629,K,3.759812355041504,C,0.5948772430419922,S,3.4991726875305176,R,1.8512790203094482
361,W,1.8575927337010703,W,1.8768192529678345,W,2.1907880306243896,W,1.653490424156189,W,1.0792672634124756,W,1.4633526802062988,W,2.3992671966552734,W,2.289884090423584,W,1.569361686706543,W,1.4702978134155273,W,1.6688451766967773,W,2.6020195484161377,W,1.7098320722579956,W,1.7746027708053589,W,2.281816005706787,W,1.8342469930648804
362,W,1.9375625054041545,W,0.9956891536712646,W,1.881840467453003,W,1.8074548244476318,W,1.6175537109375,W,2.2250523567199707,W,3.8023386001586914,W,2.4921762943267822,W,1.324357509613037,W,1.9633861780166626,W,1.5913127660751343,W,1.0365688800811768,W,1.318666696548462,W,2.4298319816589355,W,1.864317774772644,W,2.712890386581421
363,K,2.030050575733185,S,1.3546441793441772,K,1.4830142259597778,N,2.8650991916656494,K,1.0344102382659912,K,2.6388754844665527,R,1.47808837890625,K,2.0054192543029785,K,1.2208123207092285,K,1.6147228479385376,N,3.06112003326416,N,3.8297152519226074,N,0.9276509881019592,K,2.6732370853424072,M,2.128688335418701,N,2.135260820388794
364,S,2.057784636815389,K,2.515104055404663,S,0.9402269124984741,S,1.937326192855835,D,1.9448819160461426,D,1.6148046255111694,D,1.8697541952133179,E,2.3730721473693848,G,1.5163432359695435,G,1.2710412740707397,E,1.1357665061950684,E,1.7604657411575317,E,2.901296854019165,E,2.721195697784424,E,3.8947441577911377,D,2.4707460403442383
365,-,1.9639304984699597,T,1.4099053144454956,S,1.2275168895721436,T,1.8619556427001953,-,,-,,L,1.6723488569259644,T,2.343750476837158,-,,M,3.2913410663604736,L,1.8604061603546143,L,1.3267936706542969,L,1.8947594165802002,T,3.7470920085906982,T,0.9673659801483154,-,
366,T,2.723785972595215,-,,-,,-,,S,3.0832533836364746,S,2.502048969268799,-,,-,,M,1.9369559288024902,G,4.357369899749756,-,,-,,-,,-,,-,,S,1.7393016815185547
367,G,2.152139433792659,G,1.8415322303771973,C,3.650103807449341,C,1.5725605487823486,G,2.702934980392456,G,1.2263528108596802,G,3.8120553493499756,G,1.2270572185516357,G,4.312444686889648,-,,G,1.3162529468536377,G,0.9239706993103027,G,1.1980466842651367,G,1.87969970703125,G,2.2772300243377686,G,2.1897103786468506
368,-,,-,,-,,-,,-,,-,,-,,-,,-,,-,,-,,-,,-,,-,,-,,-,
369,L,2.225429969174521,L,2.984236717224121,L,1.289416790008545,L,1.0313162803649902,F,2.9514265060424805,F,4.021725654602051,L,1.355912685394287,L,2.1217734813690186,L,1.6572819948196411,L,1.9235738515853882,L,1.9404489994049072,L,2.92793607711792,L,2.7817440032958984,L,1.5888766050338745,L,2.580349922180176,-,
370,V,1.8683202465375264,T,1.4270719289779663,A,2.533111572265625,V,1.3445664644241333,S,1.9380207061767578,S,3.5398197174072266,A,2.05484938621521,A,1.6342936754226685,A,1.8581823110580444,A,1.9292912483215332,Y,1.3974868059158325,Y,1.9199646711349487,Y,1.5015848875045776,G,2.6716296672821045,G,0.9025629162788391,S,1.3723677396774292
371,E,2.0958233063037577,K,1.221849799156189,E,3.4837210178375244,E,3.37277889251709,-,,-,,K,1.0752555131912231,E,3.0879249572753906,P,2.0279629230499268,P,1.654375433921814,K,2.3724257946014404,K,1.2055788040161133,K,2.6704673767089844,S,2.4682042598724365,K,1.289478063583374,P,1.3156801462173462
372,N,1.966365381081899,H,1.207751989364624,K,1.522688388824463,K,1.2912402153015137,Q,1.7298270463943481,Q,3.1441566944122314,K,1.6675491333007812,N,2.060267210006714,R,1.4641921520233154,K,2.3203859329223633,K,4.027237415313721,K,2.8118205070495605,K,1.2275187969207764,Q,0.981464684009552,Q,2.538686513900757,Q,1.5006940364837646
373,L,2.1633205811182656,L,3.0137619972229004,L,2.5084080696105957,L,2.1482994556427,M,1.2058886289596558,L,2.0027458667755127,L,2.3186349868774414,L,1.275352120399475,L,1.5208576917648315,L,1.2522163391113281,L,2.662973642349243,L,1.4176448583602905,L,1.599683403968811,L,4.5916218757629395,L,2.6472926139831543,I,2.2844271659851074
374,S,1.9533470233281454,D,1.120174765586853,P,1.6765426397323608,P,3.51425838470459,A,1.284219741821289,T,1.035723328590393,G,1.4850101470947266,P,1.7444214820861816,S,2.281944990158081,S,2.666583299636841,T,1.6494195461273193,N,2.7069215774536133,N,1.7341212034225464,H,1.3272627592086792,Y,3.6163270473480225,T,1.4572744369506836
375,F,2.0235305031140647,F,4.400024890899658,F,2.698408603668213,F,1.645516276359558,Y,1.4922473430633545,F,1.4443553686141968,F,2.1546318531036377,F,1.8062890768051147,F,2.3642172813415527,F,1.082112431526184,L,2.202549695968628,L,1.2302589416503906,L,2.4570395946502686,F,0.6984589695930481,F,2.1585540771484375,F,2.5182931423187256
376,A,2.190197555224101,V,1.264884114265442,V,1.203439474105835,V,2.322265386581421,A,1.7503122091293335,T,1.7114965915679932,S,2.3111672401428223,A,1.8935458660125732,G,0.9263709783554077,S,4.8957109451293945,A,3.838977813720703,A,1.6267139911651611,A,3.417354106903076,V,1.9294679164886475,A,2.007112979888916,T,1.7541437149047852
377,R,1.818255607287089,R,2.1096577644348145,R,1.5988366603851318,R,1.6724165678024292,R,1.3332233428955078,R,1.1960792541503906,R,1.1029067039489746,R,3.180861711502075,R,0.9859350919723511,R,1.5068325996398926,R,1.4729413986206055,R,1.7495818138122559,R,2.7577524185180664,R,1.4876495599746704,R,3.4961183071136475,R,1.6230409145355225
378,D,2.102094558874766,D,1.0823326110839844,D,3.8352456092834473,D,2.747850179672241,H,2.423645496368408,H,2.1453728675842285,D,0.971364438533783,D,1.6772019863128662,D,1.3453654050827026,D,1.9037805795669556,N,1.5753862857818604,N,2.499354839324951,N,1.9545139074325562,D,1.4418771266937256,D,3.1980478763580322,H,2.730079174041748
379,R,2.26014670530955,R,1.5759899616241455,R,1.5326502323150635,R,1.1729274988174438,R,1.7175315618515015,R,3.78999924659729,R,1.6395496129989624,R,2.8431899547576904,R,5.554492950439453,R,1.6556026935577393,R,1.372757077217102,R,3.483999729156494,R,1.2551976442337036,R,2.3108134269714355,R,1.8872933387756348,R,2.11020565032959
380,P,2.3054092566172284,I,1.6516852378845215,L,2.1091854572296143,L,1.5114665031433105,H,1.9397214651107788,H,2.233518600463867,L,4.891676902770996,L,1.4862735271453857,L,2.00319766998291,L,1.2412739992141724,P,1.5950921773910522,P,2.8561882972717285,P,3.538973093032837,I,1.8182462453842163,I,3.7231550216674805,H,1.9814846515655518
381,V,1.8902459780375163,T,1.381990909576416,V,2.8028876781463623,V,3.6332156658172607,V,2.4026939868927,V,1.3723483085632324,V,1.6572749614715576,V,1.486558437347412,M,1.3452167510986328,M,2.3335163593292236,F,1.0369850397109985,F,1.7277910709381104,F,1.8511326313018799,V,2.3038065433502197,V,1.548261046409607,V,1.4700102806091309
382,E,2.1616695086161295,E,1.557363510131836,E,1.6117630004882812,E,1.535314917564392,E,1.7280316352844238,E,3.4551780223846436,E,2.3911232948303223,E,1.9280774593353271,E,2.9463462829589844,E,2.819044828414917,E,1.4322713613510132,E,1.2912540435791016,E,1.8644722700119019,E,4.249459266662598,E,1.6394524574279785,E,1.9758902788162231
383,N,2.0706268469492595,G,2.2072701454162598,S,1.4839973449707031,S,2.2190933227539062,F,2.100768566131592,F,1.2055201530456543,N,1.7483621835708618,N,5.659646987915039,C,1.774442434310913,C,1.270020604133606,F,1.9490059614181519,F,3.629669666290283,F,0.7817678451538086,N,1.6479570865631104,N,2.0794990062713623,Y,1.3023813962936401
384,F,2.172453991572062,Y,1.365584373474121,Y,2.6904194355010986,Y,2.7334787845611572,Y,2.5176756381988525,Y,1.3171782493591309,Y,1.5087237358093262,F,1.0239759683609009,F,3.6791229248046875,F,1.5601516962051392,Y,2.0195178985595703,Y,1.770728588104248,Y,1.3759701251983643,Y,2.7057628631591797,Y,2.289334297180176,Y,4.0291852951049805
385,F,1.7206971923510233,F,1.9582749605178833,F,1.503769874572754,F,1.6591801643371582,T,1.5764895677566528,T,2.0396218299865723,L,1.5764193534851074,F,0.8946015238761902,F,1.0648090839385986,F,2.614246368408203,M,1.2331018447875977,T,1.9062385559082031,T,1.7178854942321777,F,2.3607001304626465,F,1.8721805810928345,T,1.832938551902771
386,W,1.781695286432902,S,3.1297216415405273,W,1.105774998664856,W,2.2080881595611572,L,1.3772088289260864,L,2.0623018741607666,W,1.3441345691680908,W,2.4250619411468506,W,1.610145926475525,W,1.939568042755127,W,1.3769595623016357,W,0.7823638916015625,W,1.748857021331787,W,2.0396170616149902,W,1.5312496423721313,L,2.0443761348724365
387,T,1.7561594088872274,S,1.4663352966308594,A,2.2843992710113525,A,2.0449695587158203,A,2.7963318824768066,A,1.4633519649505615,A,2.258005380630493,T,2.4533214569091797,A,1.7087233066558838,T,1.1477409601211548,S,1.216551423072815,S,1.3899686336517334,S,1.9019286632537842,T,1.3317244052886963,T,1.3381849527359009,A,1.5408539772033691
388,V,1.9372313171625137,V,2.200756788253784,I,2.454756498336792,I,1.9678422212600708,-,,-,,V,1.4648724794387817,I,2.1796817779541016,A,1.2386629581451416,V,0.981485903263092,M,3.0668909549713135,M,1.7210137844085693,M,1.701850175857544,V,3.1058943271636963,I,1.1630679368972778,-,
389,G,2.1524057467778523,G,3.642071485519409,A,1.0603727102279663,A,1.1371034383773804,S,1.6513760089874268,S,1.8797096014022827,G,1.9274704456329346,G,2.130877733230591,G,2.9233291149139404,G,1.3266717195510864,V,4.768503665924072,V,1.752400517463684,V,1.177565574645996,G,1.388780951499939,G,4.312464714050293,S,1.2073885202407837
390,-,2.1364577134450276,V,1.9367775917053223,L,1.2303110361099243,L,2.3314201831817627,C,2.907411813735962,C,1.7723088264465332,I,2.129713773727417,V,1.782720923423767,M,1.3414251804351807,M,4.864630699157715,I,2.2295258045196533,I,1.908320665359497,I,2.14129376411438,M,1.5582668781280518,Q,1.6559233665466309,C,2.256815195083618
391,L,1.6915178298950195,-,,-,,-,,I,1.564935564994812,I,1.9438680410385132,-,,-,,-,,-,,L,1.3180084228515625,L,1.7455083131790161,L,1.590628981590271,-,,-,,I,1.9861576557159424
392,I,2.060118881861369,M,1.7088892459869385,F,1.6896470785140991,F,2.311399221420288,A,1.3553706407546997,A,4.740066051483154,A,1.2290419340133667,N,2.505891799926758,T,0.995815634727478,A,2.0686726570129395,T,1.949521780014038,A,1.173649549484253,A,2.1357362270355225,I,2.825951099395752,I,1.639101505279541,A,2.573028802871704
393,-,1.637120246887207,-,,-,,-,,-,,-,,-,,-,,P,1.637120246887207,-,,-,,-,,-,,-,,-,,-,
394,F,2.0284152825673423,Y,1.2120463848114014,E,2.188770055770874,E,1.108151912689209,I,1.816153645515442,I,1.7200064659118652,P,1.3611067533493042,F,1.8234018087387085,F,1.97084641456604,F,2.3240110874176025,D,1.7532589435577393,D,2.0298078060150146,D,4.566257953643799,Y,1.7600125074386597,Q,1.8544080257415771,F,2.9379894733428955
395,Q,2.3373985449473063,E,1.1932839155197144,P,4.479599952697754,P,1.2504358291625977,D,1.998147964477539,E,2.164583444595337,E,1.564879059791565,L,2.740187406539917,E,1.633876919746399,E,2.334954023361206,Y,1.6938549280166626,Y,1.5904958248138428,Y,3.5036206245422363,E,4.914727687835693,E,2.2909486293792725,E,1.7073819637298584
396,P,1.7939489682515461,P,1.5602967739105225,H,1.344655990600586,H,1.6117926836013794,P,2.5356051921844482,P,2.642531633377075,P,2.1515989303588867,P,1.58426833152771,P,1.9274773597717285,P,1.7959576845169067,I,1.2588615417480469,I,2.1398239135742188,I,1.6017600297927856,P,1.7094184160232544,P,1.0223116874694824,P,2.022874355316162
397,Q,2.041578475634257,E,3.293126106262207,Q,2.1474804878234863,Q,2.284569025039673,Q,2.5425221920013428,K,1.8846796751022339,K,1.9762868881225586,Q,1.159769058227539,Q,1.7155497074127197,K,1.5520873069763184,N,1.6162947416305542,N,4.526856899261475,N,1.8227667808532715,Q,1.2215936183929443,Q,1.109697937965393,Q,1.7703967094421387
398,F,2.4139473994572955,F,3.658302068710327,Y,1.5316648483276367,Y,4.458492755889893,H,1.5173958539962769,H,1.8963512182235718,F,5.561927318572998,Y,2.713538885116577,F,1.9604281187057495,Y,1.2664307355880737,L,2.1462478637695312,L,3.5245161056518555,L,1.4365241527557373,F,1.6151007413864136,Y,1.672623634338379,H,1.249666690826416
399,G,2.0454747557640074,A,0.993755042552948,G,1.5167772769927979,G,1.3555558919906616,S,2.4161205291748047,S,1.094080924987793,S,1.091869592666626,G,2.2399494647979736,S,3.5957443714141846,S,1.7525951862335205,S,2.981069803237915,S,1.6968828439712524,S,2.3568062782287598,G,1.5133806467056274,G,4.4020161628723145,S,1.6755173206329346
400,Y,1.738758397102356,Y,2.4136641025543213,Y,1.5498685836791992,Y,2.1744544506073,S,1.7866157293319702,A,2.044929265975952,N,1.7710990905761719,Y,1.1256917715072632,N,2.584888219833374,D,1.6871503591537476,E,1.415522813796997,E,1.630764365196228,E,1.19850754737854,Y,1.3193488121032715,Y,1.8247122764587402,G,1.5541585683822632
401,C,1.7559802850087485,H,1.9943666458129883,H,1.1733479499816895,H,1.654862880706787,F,1.3836414813995361,F,1.5123199224472046,C,3.6336984634399414,S,1.5576417446136475,I,1.0410583019256592,L,1.9685330390930176,Q,1.6764569282531738,Q,1.4247301816940308,Q,1.590010166168213,I,1.8746588230133057,V,2.268808364868164,F,1.5855693817138672
402,R,1.9299561580022175,R,2.264847993850708,R,2.300020217895508,R,1.5730606317520142,R,1.6098535060882568,R,1.2160539627075195,R,1.3006651401519775,R,3.4543936252593994,R,1.6157716512680054,R,2.625035285949707,R,1.5220612287521362,R,2.3644542694091797,R,1.5640571117401123,R,1.8481498956680298,R,2.0489113330841064,R,1.642006516456604
403,R,1.953784735997518,Q,3.1283822059631348,K,1.7577366828918457,K,1.5276119709014893,L,4.88593864440918,L,2.652907133102417,K,1.1640629768371582,R,1.8763940334320068,K,1.7235000133514404,K,1.3035904169082642,V,1.257381558418274,V,1.319626808166504,V,2.529421806335449,R,1.282307505607605,Q,1.8061769008636475,L,1.091732382774353
404,M,1.7338800152142844,M,3.309950113296509,I,1.5753315687179565,I,1.1448947191238403,G,1.8799711465835571,G,1.8249940872192383,G,1.5710234642028809,I,1.7565654516220093,G,2.8949475288391113,G,1.2693387269973755,E,1.9026553630828857,E,1.3982107639312744,E,1.4174760580062866,I,0.9889004826545715,T,1.4034452438354492,G,1.6704955101013184
405,F,2.1630422035853067,L,2.198535680770874,A,2.209412097930908,A,2.147568702697754,F,1.7331759929656982,F,1.925558090209961,L,2.164816379547119,E,2.743382215499878,L,1.5239473581314087,L,1.9186116456985474,L,1.5607153177261353,L,1.5565835237503052,L,1.8430958986282349,V,1.527611255645752,M,1.4566891193389893,F,5.935929775238037
406,T,2.119352114200592,T,0.8172776103019714,A,1.9635359048843384,A,1.791371464729309,T,1.349566102027893,A,1.2478725910186768,T,1.7893154621124268,T,2.926243305206299,T,1.7397475242614746,T,2.9057743549346924,T,2.777238368988037,T,2.5460011959075928,T,1.7970033884048462,A,4.106025695800781,T,2.492377281188965,A,1.5409314632415771
407,K,1.9063775062561035,K,1.4178216457366943,K,1.2844947576522827,K,1.5420771837234497,K,1.9919484853744507,K,2.3460919857025146,K,1.7861675024032593,K,2.132591962814331,K,3.432913303375244,K,1.489689588546753,K,3.0993916988372803,K,1.446641206741333,K,1.5066442489624023,I,2.239935874938965,K,1.2563780546188354,K,1.6228750944137573
408,V,2.1496537923812866,V,1.6688677072525024,I,1.739579677581787,I,2.228663444519043,I,5.661228656768799,L,1.288636326789856,L,1.5945591926574707,V,3.949183940887451,V,1.0758929252624512,V,2.1620547771453857,S,1.8368418216705322,S,1.8670475482940674,S,1.328226089477539,V,2.1366021633148193,I,1.3726848363876343,A,2.334737777709961
409,F,2.204094084103902,F,2.292484998703003,I,3.1553924083709717,I,1.963537335395813,T,1.3287289142608643,C,4.818353176116943,I,1.6063827276229858,N,2.150594472885132,C,1.8962631225585938,T,1.7077645063400269,V,1.7934675216674805,V,1.9994797706604004,V,1.474184274673462,A,2.500185489654541,N,2.5223355293273926,C,1.8522570133209229
410,A,1.7622633218765258,M,2.4959161281585693,T,1.8844518661499023,T,1.250436544418335,Y,1.8686074018478394,Y,1.3514353036880493,S,1.1346501111984253,A,1.4251697063446045,S,1.5588538646697998,S,1.3263217210769653,A,2.171247720718384,A,1.2718391418457031,A,2.225069046020508,A,2.4961588382720947,A,1.4696851968765259,H,2.5041072368621826
411,L,2.707543404897054,L,2.9396169185638428,L,4.715338706970215,L,1.7569115161895752,L,2.763836622238159,L,1.595262885093689,I,2.312753677368164,L,2.8605124950408936,L,6.074945449829102,L,4.531445503234863,F,3.538344383239746,F,1.3221383094787598,F,2.500342607498169,L,1.1292251348495483,L,1.2828458547592163,I,1.2896310091018677
412,I,2.118731212615967,I,2.9748497009277344,I,1.2253060340881348,I,3.0891690254211426,G,2.1359660625457764,G,1.9884750843048096,L,1.5495243072509766,V,1.8531383275985718,I,2.367582082748413,I,2.143448829650879,I,1.1089482307434082,I,1.4409971237182617,I,2.1696951389312744,I,1.4805362224578857,L,1.5845307111740112,I,4.668801307678223
413,T,2.3394469062487286,T,3.5465800762176514,T,2.4478070735931396,T,1.8337311744689941,T,1.9128825664520264,I,1.8775629997253418,T,4.246115684509277,T,1.7820552587509155,T,0.9127879738807678,T,0.9348212480545044,Y,1.695815920829773,Y,2.4308507442474365,Y,2.1808226108551025,T,2.2026774883270264,T,2.2793262004852295,T,4.80786657333374
414,T,1.9758496284484863,T,2.734290361404419,S,1.3395178318023682,S,4.746033191680908,V,1.1804730892181396,V,1.4196898937225342,V,2.0888068675994873,A,1.4226716756820679,L,1.096569538116455,T,1.5387835502624512,L,1.4922499656677246,L,2.479041576385498,L,1.950413465499878,V,1.281913161277771,T,1.8671422004699707,V,3.000148057937622
415,I,2.0672741651535036,I,1.2178244590759277,L,1.5559709072113037,L,1.2725718021392822,L,3.9940414428710938,L,1.7183661460876465,I,1.3548617362976074,I,1.1270191669464111,I,1.111422061920166,I,2.8008320331573486,I,1.7738277912139893,I,2.1709249019622803,I,2.89421010017395,I,1.380897879600525,I,4.661856651306152,L,1.9744853973388672
416,D,2.0400312383969625,D,1.8267830610275269,D,1.3882086277008057,D,2.417656660079956,D,4.405062198638916,D,2.1556906700134277,D,2.550612688064575,D,1.5308789014816284,D,1.6845781803131104,D,2.8826744556427,D,2.5864436626434326,D,2.1506853103637695,D,1.1127674579620361,D,2.1372299194335938,D,0.9479770660400391,D,0.8232197165489197
417,D,1.8690269072850545,D,1.8625717163085938,D,1.5508044958114624,D,1.222860336303711,D,2.5480329990386963,D,1.7479679584503174,D,1.3184700012207031,D,1.4733766317367554,D,3.169591188430786,D,1.4326740503311157,D,2.7887041568756104,D,1.924705982208252,D,1.5931289196014404,D,1.97315514087677,D,2.1082422733306885,D,1.3211177587509155
418,V,1.8046200593312582,I,1.318037986755371,V,1.5859899520874023,V,1.3790196180343628,I,1.8772014379501343,I,1.661009669303894,I,1.2964764833450317,V,1.9271297454833984,I,1.4398956298828125,I,1.778171420097351,I,1.2728941440582275,I,2.8993561267852783,I,1.307288646697998,I,1.4316622018814087,I,4.589971542358398,M,1.3051962852478027
419,Y,1.9158579428990683,Y,1.4751185178756714,Y,2.0046794414520264,Y,1.2498387098312378,Y,1.096113920211792,Y,1.72945237159729,Y,3.090419054031372,Y,2.7619712352752686,Y,3.241162061691284,Y,3.910269260406494,F,1.248407006263733,F,1.1237727403640747,F,1.2929701805114746,Y,1.671107292175293,Y,0.9675920009613037,Y,1.8749953508377075
420,D,1.7352789481480917,D,1.8106950521469116,D,2.1715259552001953,D,1.499823808670044,D,1.6695367097854614,D,1.6482219696044922,D,1.9471467733383179,D,1.3903958797454834,D,1.061538577079773,D,0.99797523021698,D,1.826208472251892,D,1.592137336730957,D,2.9940085411071777,D,2.303295612335205,D,1.508573293685913,D,1.6081010103225708
421,V,2.122543756167094,I,2.4774253368377686,I,1.0086833238601685,I,1.4185948371887207,T,1.2399506568908691,T,2.5575551986694336,V,3.357161521911621,V,2.018501043319702,V,1.936586618423462,V,1.764037847518921,V,1.407318353652954,V,1.2460427284240723,V,3.3290698528289795,I,3.2462031841278076,I,2.3915271759033203,L,2.4394986629486084
422,Y,1.9214365919431051,Y,1.865094780921936,Y,1.5704996585845947,Y,2.1691548824310303,F,1.3602856397628784,F,1.8445161581039429,Y,0.948556125164032,F,1.5404942035675049,Y,4.435229301452637,H,1.5701267719268799,Y,1.8428617715835571,Y,1.3074086904525757,Y,1.519868016242981,Y,2.2782111167907715,Y,2.461702823638916,F,2.107538938522339
423,G,2.5121501127878827,G,3.3229188919067383,G,1.6563996076583862,G,4.074613094329834,G,1.460392713546753,G,1.1013633012771606,G,2.285534620285034,G,1.4970605373382568,G,2.0101749897003174,G,6.536285877227783,G,4.803587436676025,G,3.0127038955688477,G,1.1420464515686035,G,1.0454068183898926,G,2.1052474975585938,G,1.6285159587860107
424,T,2.0129021485646565,T,1.4147335290908813,T,3.688730239868164,T,1.01774001121521,T,2.153278350830078,T,1.8110215663909912,S,1.8854281902313232,T,1.2579429149627686,T,1.439124345779419,T,2.302154302597046,T,1.0063096284866333,T,3.353306770324707,T,2.1468281745910645,T,2.1898090839385986,T,2.1478562355041504,T,2.3792688846588135
425,L,2.2492188096046446,L,1.9115105867385864,L,1.9778422117233276,L,1.8164079189300537,M,2.052114248275757,M,1.7761099338531494,L,5.673041343688965,L,4.030097484588623,L,1.2106566429138184,L,0.9753870368003845,L,1.3035383224487305,L,1.6031650304794312,L,1.2285429239273071,P,3.5627593994140625,L,2.832101821899414,V,1.7850072383880615
426,D,1.7717875560124716,E,2.6325600147247314,D,3.0391812324523926,D,1.3883103132247925,D,1.4163129329681396,D,1.3206026554107666,D,1.8059660196304321,D,0.9716057777404785,D,2.071719169616699,E,1.3397539854049683,D,1.6727827787399292,D,1.1606836318969727,D,1.7363090515136719,E,1.2444180250167847,E,2.8278005123138428,D,1.9488072395324707
427,E,1.7492308020591736,E,2.443190336227417,E,1.2452261447906494,E,3.278742790222168,E,1.988694429397583,E,1.3670527935028076,E,1.0648174285888672,E,2.034391403198242,E,0.9600464701652527,E,1.1268928050994873,E,1.2115397453308105,E,2.1767966747283936,E,4.095523834228516,E,0.8919109106063843,E,1.0260263681411743,E,1.327609896659851
428,L,1.8413484334945678,L,1.1887167692184448,L,1.1788007020950317,L,1.9943647384643555,L,1.974656105041504,L,1.870089054107666,L,2.623643636703491,L,1.7583218812942505,L,2.036376953125,L,1.3873958587646484,L,0.968858003616333,L,1.3205835819244385,L,1.1322786808013916,L,2.1650872230529785,L,1.6878657341003418,L,4.333187580108643
429,E,2.332233023643494,Q,4.5623602867126465,Q,2.586521625518799,Q,2.6733028888702393,E,1.5560308694839478,E,4.6756157875061035,E,1.0532523393630981,Q,0.9479824304580688,E,2.988551378250122,E,2.8416848182678223,I,1.8666160106658936,I,1.6553975343704224,I,1.3476667404174805,E,3.302640914916992,Q,1.2973713874816895,K,1.6285003423690796
430,L,2.0515339454015096,L,2.054298162460327,L,1.225087285041809,L,1.2819178104400635,L,3.1534783840179443,L,1.8797162771224976,L,1.594525933265686,C,1.4520472288131714,L,1.7466599941253662,L,1.6180363893508911,I,1.5361028909683228,I,4.1923747062683105,I,1.5611611604690552,L,2.117903709411621,L,3.1059539318084717,L,2.2537453174591064
431,F,2.194066580136617,F,1.8669631481170654,F,2.1717848777770996,F,1.1818344593048096,F,3.2142906188964844,F,1.5523625612258911,F,1.7692104578018188,F,2.4362330436706543,F,5.2719879150390625,F,3.91957950592041,F,1.6152137517929077,F,1.1942932605743408,F,1.849924921989441,F,1.259837031364441,F,2.115020513534546,F,1.4924626350402832
432,T,1.958595597743988,T,1.5113266706466675,T,3.728456974029541,T,2.5742921829223633,T,2.2013373374938965,T,1.919726848602295,T,1.1015933752059937,T,1.8238873481750488,T,3.404515504837036,T,0.9965905547142029,T,3.0525312423706055,T,1.1436686515808105,T,1.16890287399292,T,2.6146063804626465,T,1.083226203918457,T,1.0542718172073364
433,D,1.8229739665985107,T,2.0575783252716064,D,1.008723258972168,D,1.3744624853134155,A,1.8652101755142212,A,1.6293833255767822,E,1.3967746496200562,D,1.2096519470214844,T,1.5121809244155884,A,1.9293270111083984,E,2.145432472229004,E,1.7407132387161255,E,1.5287142992019653,A,3.4088222980499268,V,2.497650384902954,A,2.039984703063965
434,V,2.1766337394714355,I,1.3266642093658447,A,2.630998134613037,A,1.9761956930160522,A,1.5493340492248535,A,3.799808979034424,A,1.7600470781326294,A,5.5438008308410645,A,2.051194906234741,I,2.696430206298828,A,2.0779948234558105,A,1.8615715503692627,A,1.4642040729522705,M,1.063283085823059,A,1.2665016651153564,A,1.5814768075942993
435,V,2.109639223416646,V,1.1108230352401733,I,2.3988196849823,I,3.723405361175537,V,1.540526270866394,I,1.7713125944137573,V,3.757716417312622,I,4.108716011047363,V,1.5903810262680054,V,2.7999532222747803,V,1.1211726665496826,V,1.2016130685806274,V,1.9400057792663574,V,1.5918738842010498,F,1.1856293678283691,I,1.8026399612426758
436,E,1.9638463536898294,E,1.4271546602249146,Q,1.1179918050765991,Q,0.9950992465019226,K,2.9523706436157227,K,1.5579220056533813,K,1.5101701021194458,Q,1.3030778169631958,E,2.256105899810791,E,1.4121043682098389,N,1.5981088876724243,N,1.5959833860397339,N,3.4153313636779785,Q,1.6994106769561768,E,2.1649272441864014,K,4.451937198638916
437,R,2.0460286935170493,K,1.8187466859817505,R,2.842991828918457,R,2.498810291290283,R,1.7237404584884644,R,1.0795515775680542,R,3.409337282180786,R,1.1261067390441895,S,1.254340410232544,S,1.2292413711547852,K,4.048509120941162,K,1.4708526134490967,K,1.737009048461914,N,2.0131638050079346,N,2.9279892444610596,R,1.5100399255752563
438,W,1.9938576420148213,W,1.6654490232467651,W,2.615590810775757,W,2.275210380554199,W,1.8691860437393188,W,1.224835753440857,W,1.0147305727005005,W,1.5038186311721802,W,0.9517616629600525,W,2.7112724781036377,W,2.009021520614624,W,1.9555549621582031,W,1.9793305397033691,W,2.374340295791626,W,4.0778021812438965,W,1.679959774017334
439,D,2.04696950117747,D,1.341570258140564,D,2.2066726684570312,D,1.0878835916519165,H,4.385779857635498,D,1.4948012828826904,D,0.7524885535240173,N,1.7947049140930176,D,3.583595037460327,D,2.8346478939056396,D,1.3616255521774292,D,3.4463844299316406,D,1.3982629776000977,D,1.4071916341781616,D,0.9823443293571472,D,2.62658953666687
440,I,2.110080663363139,V,2.5566935539245605,T,0.9501844048500061,T,2.8041906356811523,P,1.7637861967086792,P,1.3905328512191772,I,3.277496337890625,T,3.862649440765381,I,1.5107500553131104,I,1.9934532642364502,Y,0.9913793206214905,Y,1.720782995223999,Y,2.0953903198242188,I,3.1219844818115234,I,1.727907657623291,P,1.884028434753418
441,N,1.8817604859670003,N,1.9402525424957275,E,1.3951621055603027,E,2.901177167892456,S,1.9327245950698853,S,1.873703956604004,E,2.3031396865844727,D,1.1630969047546387,N,1.2928773164749146,K,1.4324740171432495,S,1.145440936088562,S,1.972611427307129,S,3.097416639328003,N,1.386565923690796,N,2.327268600463867,S,2.062495470046997
442,A,,-,,-,,-,,-,,-,,-,,-,,-,,-,,-,,-,,-,,-,,-,,-,
443,-,1.883151920636495,R,1.8800886869430542,S,1.3520667552947998,S,2.2067015171051025,A,2.2778220176696777,A,1.248986005783081,A,1.306279182434082,E,1.8636325597763062,A,2.561408519744873,A,1.8621262311935425,A,1.479385256767273,A,1.3968244791030884,A,1.283643364906311,R,1.5751533508300781,R,4.534761905670166,A,1.4183989763259888
444,M,1.765515955289205,L,1.1364352703094482,I,1.8213462829589844,I,0.9377386569976807,A,1.8944288492202759,T,1.430621862411499,L,2.280285596847534,L,2.4663240909576416,I,1.489100456237793,M,2.093554735183716,T,1.3318315744400024,T,2.091561794281006,T,1.2555054426193237,L,2.5325872898101807,L,1.454188346862793,T,2.2672290802001953
445,D,1.7561038335164387,E,1.3119175434112549,S,2.373992681503296,S,1.2075656652450562,E,1.957582950592041,E,1.369901180267334,E,1.9334272146224976,D,1.1884711980819702,Q,1.9119222164154053,Q,1.29610013961792,D,2.6561145782470703,D,3.0970335006713867,D,1.2834208011627197,D,2.0045619010925293,D,1.3365683555603027,D,1.4129775762557983
446,Q,2.381769585609436,E,2.528719663619995,R,2.1884400844573975,R,1.3429994583129883,G,1.3421976566314697,C,2.0838751792907715,T,1.914701223373413,N,1.1701315641403198,I,1.2041081190109253,V,4.045502662658691,T,5.278414249420166,T,1.2852747440338135,T,3.135711431503296,E,3.6046383380889893,E,2.8565609455108643,C,1.74526846408844
447,L,1.8845434466997781,L,2.1895601749420166,L,1.2911782264709473,L,1.8242837190628052,L,2.2393763065338135,L,1.5220773220062256,L,2.229952096939087,L,1.821454405784607,L,2.7816736698150635,L,1.7157474756240845,L,2.2044079303741455,L,1.2543607950210571,L,2.082632541656494,L,0.9258155226707458,L,2.1145660877227783,L,2.0710654258728027
448,P,2.328801385561625,P,1.7583086490631104,P,3.62606143951416,A,2.3480217456817627,P,1.5300672054290771,P,2.9087023735046387,P,4.0984368324279785,P,1.7583483457565308,P,2.3748838901519775,P,3.916830062866211,P,2.627270221710205,P,1.2832401990890503,P,1.2084600925445557,P,2.428870916366577,P,1.2345619201660156,P,1.8299568891525269
449,D,1.8245208422342936,N,1.8130115270614624,Y,1.7808096408843994,Y,2.117907762527466,E,1.4523779153823853,E,2.0229222774505615,E,2.5912296772003174,D,1.3636003732681274,E,1.920624852180481,E,1.451509714126587,D,1.0806183815002441,E,3.1644253730773926,E,1.9361683130264282,E,1.9700194597244263,E,1.4542667865753174,Q,1.2483205795288086
450,Y,2.250058563550313,Y,1.4744869470596313,Y,1.9989981651306152,Y,1.2475848197937012,Y,2.754589080810547,Y,1.8660199642181396,Y,2.1523680686950684,N,2.2799079418182373,Y,3.4589059352874756,Y,0.8698462247848511,N,2.6677911281585693,N,2.053820848464966,N,1.7695255279541016,Y,5.923556804656982,Y,1.872889757156372,Y,1.360587239265442
451,M,2.1749207655588787,M,1.1288244724273682,M,1.0253398418426514,M,3.613677501678467,M,1.8793973922729492,M,1.490455150604248,M,5.5185017585754395,M,3.4790289402008057,M,2.359295606613159,M,1.7004939317703247,M,1.2821004390716553,M,1.2118793725967407,M,1.8165197372436523,M,2.1550939083099365,M,1.8473219871520996,M,2.1158814430236816
452,K,1.9964987834294636,K,1.2907650470733643,Q,2.482998847961426,Q,1.7812473773956299,K,1.930127739906311,K,1.395996332168579,K,2.651203155517578,K,2.365601062774658,K,2.834526777267456,K,1.7270123958587646,K,1.257021188735962,K,1.979027271270752,K,3.7902328968048096,K,1.40358304977417,R,1.6086091995239258,K,1.4495294094085693
453,I,2.2333744764328003,L,2.5878849029541016,L,1.3558293581008911,L,1.9968082904815674,G,1.3290351629257202,G,1.9660630226135254,I,2.1164631843566895,M,1.5267475843429565,I,1.9799777269363403,I,1.1128590106964111,M,3.274646282196045,M,1.8185750246047974,M,1.155536413192749,L,3.2933759689331055,L,3.666593313217163,G,4.320221900939941
454,C,1.9300089120864867,C,1.3002793788909912,F,1.7086920738220215,F,1.0102399587631226,V,2.325174331665039,V,2.1593008041381836,C,2.5246360301971436,C,1.8018602132797241,F,1.9494616985321045,S,3.1651604175567627,C,2.1100246906280518,C,1.5612826347351074,C,1.7205464839935303,C,2.630284070968628,C,1.658751368522644,I,1.324439525604248
455,F,1.9657518545786539,F,1.6661475896835327,Y,1.7837764024734497,Y,2.460315465927124,Y,1.4384357929229736,Y,2.8328869342803955,Y,2.295531988143921,Y,1.7427111864089966,F,1.2498000860214233,F,1.7033183574676514,Y,1.1834678649902344,C,4.055032730102539,C,1.7092801332473755,F,1.633421778678894,F,2.2548699378967285,Y,1.4772815704345703
456,L,2.287620711326599,L,5.163800239562988,M,1.84054696559906,M,1.3793952465057373,M,5.276210308074951,M,1.4437979459762573,L,1.3297489881515503,F,1.0923391580581665,L,1.4592113494873047,L,1.399938941001892,M,5.231496810913086,M,1.2061820030212402,M,2.461245059967041,L,1.6126519441604614,L,2.1209006309509277,M,1.2968450784683228
457,T,1.720251210530599,C,1.2433276176452637,V,2.3948822021484375,V,1.6720290184020996,M,1.3423762321472168,V,1.659485101699829,A,1.384148120880127,A,2.578871250152588,A,1.176202654838562,A,1.2724895477294922,T,2.0233829021453857,T,1.7591322660446167,T,1.9119436740875244,T,2.6357998847961426,V,0.9686815738677979,M,1.7810161113739014
458,L,1.7918105761210124,L,2.490645170211792,L,1.1451441049575806,L,1.9115465879440308,F,1.7211865186691284,F,2.538386344909668,L,1.1244635581970215,L,1.0659892559051514,L,1.7777451276779175,L,2.787041664123535,L,1.334915041923523,L,1.7678844928741455,L,1.7892831563949585,L,1.601059913635254,I,1.9594218730926514,V,1.8624458312988281
459,H,1.837175710995992,V,1.207061529159546,Y,1.866946816444397,Y,1.7675738334655762,Y,1.5217695236206055,Y,1.9643058776855469,F,1.6475350856781006,D,0.957793116569519,Y,1.5831071138381958,Y,2.0250983238220215,L,1.848164677619934,L,2.4715495109558105,L,1.7032885551452637,F,3.5740301609039307,Y,2.046381950378418,Y,1.3730295896530151
460,N,2.382259186108907,N,1.5311399698257446,N,2.471837043762207,N,2.6830849647521973,E,1.8381105661392212,E,2.1242027282714844,N,1.6734552383422852,D,2.1891655921936035,T,1.3652899265289307,N,1.4909958839416504,D,4.7530436515808105,D,1.9015161991119385,D,5.372099876403809,N,2.7172176837921143,N,1.9016199111938477,N,1.7211085557937622
461,S,2.416279983520508,E,2.553874969482422,F,2.4305243492126465,F,1.1738718748092651,T,1.5276397466659546,C,6.979639530181885,F,1.551956295967102,F,3.77410626411438,T,2.120959758758545,T,4.195246696472168,T,1.626342535018921,T,1.7844582796096802,T,1.9586071968078613,E,1.8476016521453857,E,1.6369365453720093,T,1.082434058189392
462,V,2.174039053916931,I,3.5462841987609863,V,1.5820362567901611,V,1.8368455171585083,V,1.6086050271987915,V,2.1340131759643555,V,2.5189566612243652,I,1.9692777395248413,V,1.5205315351486206,V,2.4612557888031006,I,1.619655728340149,I,1.692766785621643,I,1.455278992652893,I,2.375910520553589,V,2.3418569564819336,V,3.9473109245300293
463,N,2.196447738011678,N,1.9468398094177246,P,1.9595187902450562,S,2.5526375770568848,N,2.0950112342834473,N,1.7294440269470215,H,1.5874085426330566,N,1.3348402976989746,N,1.7588050365447998,N,2.320399045944214,N,1.0364270210266113,N,5.3476643562316895,N,3.5098154544830322,N,1.0687514543533325,N,3.045182466506958,N,1.6539709568023682
464,E,2.379182489713033,Q,1.2408242225646973,R,7.045668601989746,E,3.0988197326660156,E,1.7639052867889404,Q,1.5524988174438477,E,2.0906567573547363,E,1.4455335140228271,D,1.5275012254714966,E,1.6674036979675293,G,3.2168915271759033,G,1.9487450122833252,G,1.8288850784301758,A,0.8407104015350342,S,3.6513397693634033,E,2.7683537006378174
465,M,1.838323744138082,I,1.2453669309616089,L,2.322909116744995,L,1.4664785861968994,M,1.728739857673645,M,1.5772515535354614,V,1.4590948820114136,V,1.5828441381454468,F,1.4685505628585815,L,1.7177767753601074,T,1.509871244430542,T,1.437756061553955,T,1.4794813394546509,M,2.8968753814697266,I,2.23518443107605,M,3.4466753005981445
466,A,2.0648028424807956,G,2.5381290912628174,A,2.4182519912719727,A,1.5067384243011475,A,2.1851820945739746,A,1.750775694847107,S,1.4323766231536865,-,,T,1.348763108253479,A,1.6105787754058838,S,0.862787127494812,S,3.4787485599517822,S,1.9647319316864014,G,1.4813905954360962,A,4.985996723175049,S,1.3427890539169312
467,L,2.0114959875742593,-,,-,,-,,R,2.5691521167755127,R,1.0630879402160645,-,,-,,-,,-,,-,,-,,-,,-,,-,,A,2.402247905731201
468,D,1.7640128930409749,-,,-,,-,,E,2.750649929046631,E,1.3855544328689575,-,,-,,-,,-,,-,,-,,-,,-,,-,,E,1.1558343172073364
469,T,2.2166617783633145,Y,1.2970448732376099,Y,1.7402266263961792,Y,7.045067310333252,-,,-,,Y,1.5257607698440552,-,,Y,2.0767648220062256,Y,1.5204719305038452,Q,1.6255687475204468,Q,1.8314380645751953,Q,1.5482202768325806,C,1.2169389724731445,C,2.955777168273926,-,
470,-,,-,,-,,-,,-,,-,,-,,-,,-,,-,,-,,-,,-,,-,,-,,-,
471,-,2.0284167528152466,F,3.4672839641571045,D,2.077908515930176,D,2.549381732940674,-,,-,,D,2.524397134780884,-,,D,0.9469271898269653,D,1.1715608835220337,K,1.6205447912216187,K,1.4700026512145996,K,2.2802906036376953,D,2.457021713256836,E,1.747265100479126,-,
472,-,1.7744274054254805,V,1.8931466341018677,G,1.7897744178771973,G,2.2340288162231445,A,1.3159735202789307,A,1.7345073223114014,T,1.2600871324539185,-,,T,3.512197256088257,A,2.312140703201294,I,0.9865322113037109,I,1.9485366344451904,I,1.2673691511154175,V,2.032466173171997,I,1.3573631048202515,A,1.197860598564148
473,M,1.6343667592321123,L,1.4459228515625,L,1.1161575317382812,L,1.6965351104736328,E,1.5278687477111816,E,1.7576839923858643,L,2.7360482215881348,-,,I,1.4013749361038208,L,1.593141794204712,Y,1.4352649450302124,Y,1.5473710298538208,Y,1.2279987335205078,L,2.008188247680664,L,2.146453380584717,Q,1.2411251068115234
474,K,1.695682602269309,R,2.263780355453491,K,1.3527108430862427,K,2.0561177730560303,K,1.378489375114441,K,1.2832016944885254,K,1.6644941568374634,-,,K,1.0946087837219238,R,1.3822484016418457,E,4.741360664367676,E,2.2883517742156982,E,0.6964885592460632,K,1.2179664373397827,R,1.419524908065796,K,0.9002127051353455
475,E,1.690452249844869,D,2.3597567081451416,E,1.2138210535049438,E,1.7835177183151245,C,1.5884337425231934,T,2.219099521636963,D,1.0713462829589844,A,1.5285776853561401,E,1.1677721738815308,E,1.9509605169296265,K,1.288706660270691,K,1.2595142126083374,K,1.7819640636444092,C,2.0208349227905273,T,1.3171794414520264,A,2.8052990436553955
476,Q,2.0137255668640135,K,2.1276869773864746,K,2.0942201614379883,K,1.1887620687484741,Q,1.1645402908325195,Q,1.7622185945510864,Y,1.236132025718689,C,1.5915155410766602,T,3.230431079864502,Q,1.4187543392181396,Y,1.5080657005310059,H,1.2380136251449585,H,3.2898032665252686,K,2.78511118888855,K,1.295423984527588,Q,4.275204658508301
477,R,2.0182061115900676,G,1.1802661418914795,G,1.412432074546814,G,1.343425989151001,G,1.9146358966827393,G,1.6189639568328857,G,5.8070454597473145,D,1.6636515855789185,G,1.820399284362793,G,2.1440608501434326,G,3.769501209259033,G,0.6975530385971069,G,1.8148021697998047,N,1.4303280115127563,N,1.7061680555343628,G,1.9498579502105713
478,F,1.9144468148549398,F,1.5416436195373535,F,2.806138515472412,F,1.166994571685791,R,1.230488896369934,R,1.1687629222869873,W,1.7291712760925293,A,1.5333302021026611,H,0.9666125774383545,H,1.508134126663208,H,2.519953966140747,Y,1.7527655363082886,Y,3.385403871536255,I,4.413204669952393,I,1.2901614904403687,R,1.703935980796814
479,-,,-,,-,,-,,-,,-,,-,,-,,-,,-,,-,,-,,-,,-,,-,,-,
480,H,2.260229782263438,N,2.999650478363037,I,1.8291093111038208,I,1.720093011856079,D,4.501674175262451,D,2.0541257858276367,N,1.0859683752059937,L,1.0725736618041992,D,5.039715766906738,D,1.5183234214782715,N,2.1504876613616943,N,3.3052170276641846,N,0.9631550908088684,D,1.8482279777526855,N,1.3367860317230225,D,2.4783389568328857
481,I,2.575493327776591,V,1.2233140468597412,T,1.8903555870056152,T,1.3791189193725586,T,1.6699644327163696,T,1.0291357040405273,I,2.3419735431671143,I,5.6039137840271,I,4.314577102661133,I,3.2719533443450928,P,5.976578712463379,P,1.8182997703552246,P,2.0545263290405273,V,2.2556312084198,V,2.6803252696990967,T,1.122732162475586
482,I,2.7669369061787923,I,2.276451826095581,I,1.0445055961608887,I,3.0234854221343994,L,2.059401035308838,L,3.9417521953582764,L,4.418343544006348,V,3.6997668743133545,L,1.583004355430603,L,1.929949402809143,I,2.9140777587890625,I,3.384229898452759,I,3.170180559158325,I,1.4714034795761108,I,1.5934416055679321,L,4.994060039520264
483,K,1.7686799128850301,P,2.5277159214019775,P,1.5806268453598022,P,1.8880712985992432,N,2.38049054145813,S,1.5090481042861938,P,1.5027058124542236,P,1.8150744438171387,P,1.265276551246643,P,1.106719732284546,D,2.5720417499542236,D,1.0975075960159302,D,1.7060941457748413,P,1.467751383781433,P,1.8864432573318481,N,2.2246313095092773
484,Y,1.739437961578369,Y,2.7029197216033936,Y,1.152622938156128,Y,1.9507001638412476,Y,1.4407824277877808,Y,1.6413915157318115,F,0.9654029607772827,Y,2.287675380706787,Y,1.130844235420227,Y,2.5933613777160645,S,1.8593579530715942,S,2.0606026649475098,S,1.9691789150238037,Y,1.422132968902588,F,1.3388720750808716,Y,1.5757241249084473
485,L,2.321082925796509,L,2.207731246948242,L,3.5237553119659424,L,1.0099648237228394,A,3.7660627365112305,A,2.318343162536621,I,1.9611634016036987,L,3.5670464038848877,L,1.2319804430007935,L,1.3714146614074707,L,1.9957154989242554,L,3.149156093597412,L,4.877655029296875,F,1.5242807865142822,L,1.3063068389892578,A,1.0056674480438232
486,K,1.7066988786061605,K,2.1276674270629883,Q,1.8308833837509155,Q,1.6029819250106812,R,1.3299560546875,R,1.071989893913269,R,1.4154859781265259,R,1.8742585182189941,V,1.1876267194747925,T,0.9331341981887817,K,1.87954843044281,K,1.7140971422195435,K,2.1289541721343994,K,1.2219963073730469,K,4.015052795410156,R,1.266850233078003
487,K,1.5406066258748372,E,1.0751104354858398,R,2.4496803283691406,R,1.1681993007659912,Q,1.3938907384872437,N,1.4662994146347046,E,1.3296798467636108,N,1.535261631011963,K,1.2495487928390503,K,1.059003233909607,T,1.0307053327560425,T,1.9776158332824707,T,2.3123626708984375,K,1.4747416973114014,K,2.307915449142456,Q,1.2790846824645996
488,A,2.1278896570205688,S,1.520843267440796,S,1.676118016242981,S,3.635836124420166,A,2.079984426498413,T,1.4663879871368408,E,2.3715782165527344,A,3.129122018814087,V,2.9087719917297363,A,1.4195740222930908,T,0.8778109550476074,T,4.870721340179443,T,1.8301855325698853,S,1.6448978185653687,S,1.0889010429382324,A,1.3976120948791504
489,W,2.0823890129725138,W,1.5894423723220825,W,1.109084963798523,W,1.8111937046051025,L,1.1157644987106323,W,1.8491181135177612,W,2.2739312648773193,W,3.6231114864349365,W,1.7664566040039062,W,3.084022283554077,W,1.589787483215332,W,2.115180015563965,W,2.421313762664795,W,1.3317636251449585,W,2.7479448318481445,W,2.807720184326172
490,V,1.920177682240804,A,1.6579831838607788,A,1.4550575017929077,A,2.305032730102539,E,2.007899522781372,E,1.463678002357483,E,2.7036707401275635,T,1.85373055934906,S,2.835829973220825,S,0.7705920338630676,K,1.616804838180542,K,2.317805767059326,K,2.247466564178467,A,3.448183059692383,T,0.9762951731681824,E,1.1426355838775635
491,D,1.8272244413693746,D,1.5243667364120483,D,1.6950594186782837,D,1.737818717956543,A,1.4342913627624512,A,2.0548412799835205,R,1.4430110454559326,D,1.0761438608169556,D,1.234278678894043,D,6.726451396942139,S,1.3681790828704834,S,1.8284893035888672,S,0.9262711405754089,D,1.774078369140625,D,1.2520266771316528,D,1.333059549331665
492,L,2.11015518506368,M,2.302596092224121,L,2.083381414413452,L,1.081075668334961,Y,2.1310503482818604,V,2.7573535442352295,L,1.2169921398162842,L,2.2148587703704834,M,2.0671279430389404,M,5.151687145233154,L,1.9119700193405151,L,2.4268698692321777,L,1.3835548162460327,L,1.9540808200836182,V,1.3321318626403809,C,1.6375973224639893
493,C,2.105721688270569,C,3.3290531635284424,V,2.1610519886016846,V,1.4290072917938232,I,1.4170253276824951,F,1.733667254447937,C,3.548346757888794,C,1.4639313220977783,L,1.6751000881195068,L,2.3664164543151855,C,2.4534552097320557,C,2.280160903930664,C,1.9265031814575195,C,1.2186188697814941,S,2.125953435897827,L,2.457534074783325
494,R,1.4183053255081177,T,2.2735776901245117,E,3.0228383541107178,E,1.663457989692688,D,1.0359784364700317,D,1.1734681129455566,M,1.5510495901107788,K,1.0586833953857422,K,0.8654623627662659,K,0.5838050246238708,S,1.3254430294036865,S,0.9227520227432251,S,1.4604233503341675,K,1.474317193031311,K,1.4459342956542969,D,1.4173890352249146
495,Y,1.6719822645187379,T,1.7259856462478638,A,2.484180212020874,A,2.1052136421203613,S,1.358031153678894,A,1.1579272747039795,S,1.284580945968628,S,1.7881618738174438,A,2.282052993774414,A,1.1573013067245483,A,1.1142511367797852,A,1.398500680923462,A,1.2015910148620605,A,2.8090038299560547,A,1.2787728309631348,S,1.934179425239563
496,Y,2.1219345808029173,F,2.036607265472412,Y,1.7500041723251343,Y,2.1808667182922363,Y,1.8485461473464966,F,0.813302755355835,Y,1.904636263847351,Y,2.185539722442627,F,1.3844102621078491,F,1.4732062816619873,F,1.645774483680725,F,1.8983932733535767,F,1.9722522497177124,Y,2.4168787002563477,Y,6.216701030731201,Y,2.1018993854522705
497,L,1.8625110467274983,L,1.4036288261413574,L,1.56550931930542,L,3.000880002975464,M,1.5540485382080078,L,4.616576194763184,L,1.2316162586212158,L,1.9510935544967651,L,2.24074125289917,L,1.4939998388290405,L,1.2602425813674927,L,1.460241675376892,L,2.4397051334381104,L,0.9383506774902344,L,1.2721972465515137,M,1.5088346004486084
498,V,2.20419598420461,K,1.4318243265151978,K,1.3059775829315186,K,2.4820258617401123,K,1.710614800453186,E,3.6254916191101074,V,1.9049310684204102,I,2.230531692504883,Q,2.2743947505950928,Q,1.2307026386260986,V,3.7938523292541504,V,1.199110746383667,V,1.8176525831222534,V,2.4910340309143066,V,3.5428333282470703,Q,2.0219624042510986
499,E,1.6897371768951417,E,2.9197757244110107,E,1.9120323657989502,E,1.7396540641784668,E,1.883437991142273,E,1.4472318887710571,E,1.345625638961792,E,2.269894599914551,E,1.7613180875778198,E,1.2753181457519531,E,1.1369550228118896,E,1.9730169773101807,E,0.9041979312896729,E,1.885268211364746,E,1.4098987579345703,E,1.482432246208191
500,A,1.9589826424916585,A,1.6855087280273438,A,3.4135680198669434,A,1.5864616632461548,A,1.237281084060669,A,1.8293575048446655,A,1.702324628829956,A,2.1035399436950684,A,1.8255541324615479,A,2.104233503341675,A,1.7142887115478516,A,2.45375394821167,A,1.575067400932312,A,1.121644139289856,A,2.6656501293182373,A,2.3665060997009277
501,K,1.6788306713104248,K,1.5995264053344727,K,2.441164970397949,K,1.2573845386505127,K,1.1775038242340088,K,1.3833060264587402,E,2.3729686737060547,K,1.461979627609253,K,1.597389578819275,K,1.4858183860778809,K,1.5484331846237183,K,1.8225280046463013,K,1.2448077201843262,K,1.4501277208328247,K,2.265280246734619,K,2.0742411613464355
502,W,1.753903325398763,W,1.8941799402236938,W,1.2814216613769531,W,1.8262989521026611,W,1.4296971559524536,W,0.9988975524902344,W,1.5715001821517944,W,1.6332343816757202,W,1.686696171760559,W,1.121019959449768,W,1.0307663679122925,W,0.9043638706207275,W,3.5744307041168213,W,1.5392247438430786,W,3.590848684310913,W,2.2259695529937744
503,Y,2.1741631031036377,Y,1.4457147121429443,Y,1.375474452972412,F,3.648972272872925,I,2.196363925933838,I,3.449026107788086,F,2.4183506965637207,Y,1.710821270942688,C,1.3740229606628418,C,4.531998157501221,S,1.177526831626892,S,1.571086049079895,S,1.4228500127792358,Y,3.14336895942688,Y,1.5922045707702637,I,1.5546655654907227
504,S,1.96195330619812,K,1.7349879741668701,Y,2.8684475421905518,Y,2.3086929321289062,S,1.954477310180664,S,2.1409008502960205,G,1.8022229671478271,F,2.3842735290527344,H,3.616708517074585,R,1.5141469240188599,A,2.7501027584075928,A,1.2426540851593018,A,1.129162073135376,K,1.0760382413864136,K,1.2511041164398193,A,1.6553797721862793
505,N,1.9315607914557824,S,1.9462110996246338,N,1.2598522901535034,N,1.2881660461425781,-,,-,,N,1.3042881488800049,S,1.6457171440124512,N,1.1414775848388672,E,1.3447157144546509,S,2.271047353744507,S,3.5295352935791016,S,1.2258033752441406,G,3.228253126144409,S,1.5476512908935547,T,3.3775718212127686
506,-,2.527713894844055,-,,-,,-,,S,3.1272201538085938,S,1.9282076358795166,-,,-,,-,,-,,-,,-,,-,,-,,-,,-,
507,K,1.9253745476404827,-,,-,,-,,G,1.521435260772705,G,2.763103485107422,-,,-,,-,,-,,-,,-,,-,,-,,-,,G,1.4915848970413208
508,Y,1.4568005601565044,G,1.0314600467681885,G,1.7504154443740845,G,1.4019379615783691,-,,-,,G,1.0474066734313965,K,1.2892569303512573,K,1.3958282470703125,K,1.5680692195892334,G,0.9320170879364014,G,1.4233300685882568,G,1.0858309268951416,G,2.7438201904296875,G,1.8122339248657227,-,
509,R,2.7016767899195355,Y,1.705261468887329,Y,1.9975531101226807,Y,2.772674560546875,F,2.0364041328430176,Y,3.4638586044311523,N,3.119701385498047,Y,3.3173205852508545,H,2.545548439025879,H,1.2827469110488892,S,7.960386276245117,S,1.1270461082458496,S,1.8103216886520386,Y,3.804185390472412,H,1.6841659545898438,F,1.8979772329330444
510,-,2.386305097738902,K,2.2930052280426025,T,1.490034818649292,T,1.3206868171691895,L,3.3925013542175293,I,2.2257776260375977,K,2.3409366607666016,I,2.633629560470581,M,1.6852774620056152,L,2.1722941398620605,L,3.7742111682891846,L,1.220813512802124,L,2.6882193088531494,K,0.6824665665626526,K,2.8949334621429443,L,4.979788780212402
511,P,1.7694125413894652,P,2.9494283199310303,P,2.1211118698120117,P,2.00838303565979,P,1.4585840702056885,P,1.3064396381378174,P,1.2335273027420044,P,3.1458680629730225,P,1.1661401987075806,P,1.197643518447876,P,2.121941566467285,P,1.0804102420806885,P,1.2307108640670776,P,1.9977575540542603,P,1.309494137763977,P,2.21374773979187
512,S,1.866381831963857,N,1.3336066007614136,S,2.4425461292266846,S,2.0232431888580322,T,1.5961600542068481,T,1.4133304357528687,A,2.08425235748291,T,1.2820476293563843,K,2.0126430988311768,K,1.69405996799469,S,0.8464155793190002,S,1.8171124458312988,S,2.2578701972961426,S,3.5263113975524902,N,1.786012053489685,T,1.88011634349823
513,L,2.6630874554316204,F,4.6566996574401855,M,2.6780407428741455,M,1.4945939779281616,F,6.099501609802246,F,1.2022631168365479,L,1.666487693786621,M,3.397815704345703,F,1.658381462097168,F,2.7973320484161377,A,1.479550838470459,A,2.6747524738311768,A,4.692614555358887,V,2.4172372817993164,L,1.6952102184295654,F,1.3358304500579834
514,Q,1.7651451110839844,E,3.752894401550293,E,1.4439810514450073,E,2.0758018493652344,E,2.274923801422119,E,1.1861127614974976,D,1.3332743644714355,E,2.0568346977233887,D,2.0360870361328125,E,1.250974416732788,N,1.2161273956298828,N,1.2303156852722168,N,1.6838061809539795,E,1.1902077198028564,E,2.157564163208008,E,1.588271141052246
515,E,1.8617955764134726,E,2.0779287815093994,E,1.9653598070144653,E,2.248922109603882,E,1.440794587135315,E,1.4142972230911255,E,1.6907169818878174,E,1.093011498451233,D,2.298419713973999,H,1.9215073585510254,E,2.5101325511932373,E,2.2831780910491943,E,2.2267849445343018,E,1.3510836362838745,E,1.692288875579834,E,1.7125074863433838
516,Y,2.1058565616607665,Y,1.7376347780227661,Y,2.444488048553467,Y,3.1670796871185303,Y,1.3966593742370605,Y,1.556663155555725,Y,1.441967248916626,Y,3.7360715866088867,Y,3.268979072570801,Y,1.5197155475616455,Y,1.6210963726043701,Y,4.700944423675537,Y,0.9784806966781616,Y,1.7515487670898438,Y,1.2154065370559692,Y,1.0511131286621094
517,I,1.9528415123621623,M,3.026069402694702,L,2.0530693531036377,L,1.4019476175308228,L,1.7781028747558594,L,2.8362300395965576,L,3.7839136123657227,M,1.397932529449463,L,1.8373864889144897,L,1.4821648597717285,L,1.5904545783996582,L,1.6940070390701294,L,1.5558894872665405,M,1.539373517036438,M,1.8777168989181519,L,1.4383643865585327
518,E,1.674090309937795,Q,1.5818222761154175,N,1.7795518636703491,N,1.867964267730713,D,2.0094165802001953,E,1.3686445951461792,R,1.8460733890533447,D,1.1457542181015015,N,1.980032205581665,N,1.21193528175354,E,2.3024208545684814,E,2.2134923934936523,E,0.771757185459137,Q,1.2167009115219116,Q,2.565570592880249,E,1.2502180337905884
519,N,2.2057974855105082,N,2.0348892211914062,N,2.3081164360046387,N,2.29343318939209,N,1.1990387439727783,N,3.5663862228393555,N,2.0186214447021484,N,1.7845172882080078,N,1.7191545963287354,N,3.030930280685425,N,1.2320843935012817,N,0.9742664694786072,N,3.4259934425354004,N,3.4797396659851074,N,2.056217670440674,N,1.9635732173919678
520,A,1.6827634970347087,G,1.1146925687789917,A,1.218963861465454,A,2.069079875946045,G,1.3604580163955688,G,1.0476850271224976,G,0.9018555879592896,A,1.3064805269241333,A,2.1706650257110596,A,1.8928862810134888,E,1.1799193620681763,E,1.543975591659546,E,3.9777040481567383,A,2.0968592166900635,A,1.888424277305603,G,1.4718031883239746
521,W,1.9496531208356223,W,1.735494613647461,Y,1.537539005279541,Y,1.7913122177124023,K,1.9949886798858643,K,1.3843857049942017,W,1.5712430477142334,W,5.390479564666748,W,1.5432322025299072,W,2.5822927951812744,K,2.0615646839141846,K,0.7678176760673523,K,1.1901434659957886,W,1.246512532234192,R,2.0369017124176025,K,2.410888910293579
522,I,2.300285816192627,I,1.6746606826782227,I,2.071725845336914,I,2.036054849624634,V,1.8257145881652832,V,2.4749910831451416,I,3.1527466773986816,I,1.4203402996063232,V,2.1912643909454346,V,2.91172456741333,V,3.2199361324310303,V,3.4361703395843506,V,1.5029264688491821,I,2.110366106033325,I,2.92195200920105,V,1.5537132024765015
523,S,1.8780314763387045,S,3.231544017791748,S,1.6077260971069336,S,1.2218551635742188,S,1.3814512491226196,S,1.3813807964324951,S,1.908872365951538,S,1.2568538188934326,S,2.5676186084747314,S,1.4736329317092896,S,1.200951337814331,S,3.974924087524414,S,1.6043230295181274,S,2.3690476417541504,S,1.3289833068847656,S,1.661307692527771
524,I,1.8392324050267537,S,2.52490234375,I,2.1959116458892822,I,1.6321790218353271,F,2.4359567165374756,F,1.7003697156906128,V,1.999154806137085,I,0.920915424823761,V,1.1838023662567139,V,1.4166725873947144,S,2.5543134212493896,S,1.1919058561325073,S,1.1463195085525513,I,2.478130578994751,I,3.309506416320801,S,0.8984456658363342
525,G,1.8162899653116862,S,2.680190086364746,G,3.1088263988494873,G,1.3356183767318726,G,1.727418303489685,G,1.393171787261963,G,2.992259979248047,S,2.0497078895568848,S,1.8537219762802124,S,1.3478968143463135,G,1.5702546834945679,G,1.50287663936615,G,1.577936053276062,S,1.1207023859024048,S,1.0847896337509155,A,1.8989784717559814
526,A,2.1127400159835816,V,1.067130446434021,A,2.04099178314209,A,2.4527883529663086,Y,1.480280876159668,Y,4.6046881675720215,G,1.4520092010498047,A,4.317571640014648,G,0.9384071826934814,G,1.6445783376693726,V,2.089360475540161,V,1.6095939874649048,V,3.731584310531616,A,2.056121349334717,S,1.1179553270339966,H,1.0880388021469116
527,P,1.7263882637023926,P,1.1693110466003418,T,1.177019715309143,T,2.3490397930145264,R,1.258070707321167,R,1.9572910070419312,P,1.1615095138549805,P,1.2917981147766113,V,1.8779741525650024,V,2.7019550800323486,Y,1.4499707221984863,Y,1.1487094163894653,Y,1.6506407260894775,P,1.6573256254196167,P,1.7498964071273804,R,3.29531192779541
528,T,2.22934897740682,T,1.7685447931289673,P,2.8478171825408936,P,2.6781678199768066,I,1.687196135520935,A,2.793428897857666,V,1.9451844692230225,V,1.1413946151733398,V,3.454686164855957,V,3.6690008640289307,V,1.3940106630325317,V,1.5751628875732422,V,3.4803996086120605,T,1.3689355850219727,T,2.0023927688598633,V,1.633912205696106
529,I,1.9061932841936746,I,2.252769708633423,V,2.0540497303009033,V,2.070132255554199,G,0.9770969748497009,A,2.64556622505188,A,1.4656429290771484,I,0.9057469367980957,L,2.1660215854644775,I,1.3653206825256348,V,1.9504345655441284,V,3.7392585277557373,V,1.8237656354904175,M,1.7063956260681152,I,1.6311571598052979,S,1.839540719985962
530,L,2.1369085987408956,L,1.557739019393921,I,2.018333911895752,I,1.1982860565185547,T,4.506874084472656,T,1.2676175832748413,M,5.9486894607543945,L,0.9739037156105042,L,1.8907498121261597,L,1.178684949874878,L,1.5306077003479004,L,1.6513665914535522,L,1.51583731174469,L,2.724820613861084,F,1.2727346420288086,A,2.8173835277557373
531,V,2.3089717944463093,L,2.490755558013916,S,2.3297033309936523,S,2.806994915008545,L,1.6731127500534058,L,1.1982718706130981,V,1.7023358345031738,V,1.7135955095291138,T,4.518605709075928,T,1.709611415863037,I,2.3588671684265137,V,3.517211675643921,V,2.5436573028564453,I,2.7572813034057617,V,2.2430694103240967,L,1.0715031623840332
532,H,2.012001101175944,H,1.5820473432540894,Q,2.3858067989349365,Q,1.9979424476623535,Q,1.8105442523956299,Q,2.019382953643799,H,2.2408790588378906,H,1.88800048828125,H,4.158289909362793,H,1.626557469367981,H,1.3441799879074097,H,1.8197680711746216,H,1.7367947101593018,H,2.150729179382324,H,1.5498541593551636,Q,1.8692396879196167
533,A,2.0349510351816815,L,1.4998542070388794,V,1.4582066535949707,V,2.208519458770752,P,2.510195732116699,P,2.0549261569976807,A,1.1687582731246948,A,5.372234344482422,S,2.4446873664855957,A,1.7419581413269043,L,1.5154024362564087,L,1.5081707239151,L,1.6980878114700317,F,1.8329092264175415,F,1.7642712593078613,P,1.7460837364196777
534,Y,2.007366339365641,F,2.299787998199463,F,1.7624123096466064,F,2.3460135459899902,-,,-,,Y,3.952073335647583,Y,1.0360987186431885,Y,1.6972779035568237,Y,1.7367355823516846,F,1.3521181344985962,F,2.5473897457122803,F,1.229424238204956,Y,1.404006004333496,Y,2.7250585556030273,-,
535,-,2.5055964310963947,C,1.5277594327926636,F,1.4158813953399658,F,2.3734121322631836,I,1.093869924545288,I,1.694166660308838,F,2.089240312576294,F,2.6137425899505615,F,2.9482595920562744,F,3.119431734085083,F,2.94128680229187,C,1.751779317855835,C,2.7158589363098145,C,2.380157947540283,C,7.251786231994629,M,1.6673134565353394
536,F,1.8048548221588134,L,3.068953037261963,T,2.707937240600586,T,1.398510217666626,L,1.3430777788162231,L,0.9206103682518005,L,2.5520694255828857,L,2.470376491546631,L,0.8970094323158264,L,2.2879347801208496,L,2.366422653198242,L,1.7059763669967651,L,1.296421766281128,A,1.6125930547714233,V,1.178404688835144,L,1.2665250301361084
537,F,1.3799443713256292,-,,L,1.5264695882797241,L,1.7367304563522339,T,1.3578791618347168,T,1.631285309791565,Q,1.2417168617248535,I,1.5387921333312988,L,0.9484906792640686,L,0.8241856098175049,M,1.1053824424743652,M,1.2329775094985962,M,1.466845154762268,F,1.7142523527145386,F,0.9988269805908203,T,1.9953869581222534
538,-,1.9142880174848769,L,3.234431266784668,A,1.908284068107605,A,1.4241975545883179,-,,-,,G,1.710193157196045,A,2.228498935699463,N,1.5073487758636475,N,1.831626296043396,-,,-,,-,,S,1.8717005252838135,S,1.512311577796936,-,
539,V,1.9978202382723491,-,,-,,-,,L,1.9772515296936035,L,2.701476812362671,R,1.492262840270996,N,0.9468564391136169,R,3.168936252593994,H,1.2650352716445923,-,,-,,-,,G,1.862038254737854,D,1.816413402557373,M,2.7501113414764404
540,T,1.9981886148452759,S,1.4203730821609497,T,1.8785028457641602,T,2.630913019180298,G,2.2642388343811035,D,2.6444156169891357,P,2.3792591094970703,P,1.0931129455566406,N,2.198812246322632,N,3.0416972637176514,G,1.4294631481170654,G,2.691267728805542,G,1.864017367362976,Q,1.2191762924194336,Q,1.5179349184036255,D,1.6996448040008545
541,N,1.7650319735209148,-,,-,,-,,I,1.7841702699661255,V,1.682053804397583,I,1.759934663772583,V,2.172337532043457,-,,T,1.7816879749298096,L,1.4978525638580322,L,1.2905315160751343,L,2.786827802658081,-,,-,,I,1.1298916339874268
542,P,2.226442716338418,D,1.8266668319702148,S,1.5270079374313354,S,1.6581248044967651,P,2.5936853885650635,P,4.926930904388428,-,,-,,-,,-,,G,2.5985870361328125,G,1.4548954963684082,G,1.1051541566848755,I,4.4649810791015625,L,1.4318979978561401,P,0.9029382467269897
543,I,2.105189839998881,Q,1.7822622060775757,I,2.1511850357055664,I,1.946378231048584,F,1.871703863143921,L,1.6679680347442627,R,1.6116933822631836,N,3.1195802688598633,I,1.3679701089859009,T,2.050657272338867,G,1.5764762163162231,G,1.8810545206069946,G,1.103453278541565,S,6.60620641708374,S,1.9516170024871826,F,0.8896417617797852
544,T,2.3008621079581126,T,2.2076282501220703,D,1.3848767280578613,D,1.8896276950836182,P,3.3377583026885986,P,2.921799421310425,K,1.4572194814682007,K,1.091313362121582,T,1.7208737134933472,-,,T,2.9239697456359863,T,2.7853174209594727,T,1.8162026405334473,V,1.026557207107544,I,2.2891104221343994,P,5.3598151206970215
545,K,1.7566800117492676,L,1.834644079208374,K,1.8970667123794556,K,1.5979746580123901,H,1.143136739730835,L,1.2251508235931396,D,2.0258922576904297,E,1.827597975730896,K,1.9363380670547485,K,1.9899916648864746,N,2.310525894165039,S,1.1044394969940186,S,1.6614673137664795,Q,1.2054792642593384,Q,1.0277506113052368,P,3.562744617462158
546,E,2.4915748153414046,D,0.8900735378265381,P,1.48871648311615,P,2.1287031173706055,H,1.0016425848007202,H,4.695382118225098,-,,A,4.482824325561523,E,6.021043300628662,E,4.683631420135498,R,2.286579132080078,R,1.1003175973892212,R,1.9267685413360596,I,1.5267024040222168,V,1.6005526781082153,H,1.0491101741790771
547,A,2.283061671257019,I,1.7689034938812256,V,2.349804162979126,V,1.3832558393478394,I,4.431228160858154,I,2.1341488361358643,S,1.3330578804016113,L,1.6499645709991455,G,2.573254108428955,V,3.828829288482666,G,2.1202468872070312,G,1.8211857080459595,G,3.0607340335845947,L,1.3278355598449707,L,2.5036985874176025,I,1.9597779512405396
548,L,2.0648385445276896,L,2.2188236713409424,I,1.1570491790771484,I,2.0366995334625244,L,2.005850076675415,L,1.1206209659576416,I,3.089116096496582,H,1.479960560798645,L,1.7475764751434326,L,2.772681951522827,S,1.0085221529006958,S,1.6605286598205566,S,4.374815940856934,E,1.088173270225525,E,3.4741883277893066,L,1.737971305847168
549,D,2.0279649337132772,G,2.2916035652160645,D,3.9461801052093506,E,1.5354975461959839,Q,1.9688273668289185,Q,1.493355631828308,N,4.365460395812988,Y,1.545270323753357,G,2.4361653327941895,E,1.7167412042617798,I,1.2534081935882568,I,1.9486132860183716,I,1.3364413976669312,S,1.7562918663024902,T,1.6015855073928833,K,1.2240322828292847
550,C,2.1739136775334678,S,3.686288356781006,S,2.1837918758392334,S,2.333695411682129,E,1.0104328393936157,E,1.6486955881118774,F,1.157285451889038,L,1.65839421749115,Y,1.2941735982894897,A,1.6170213222503662,E,4.222991466522217,E,3.012336492538452,E,1.5630419254302979,L,1.6593642234802246,L,4.407070636749268,E,1.15412175655365
551,-,2.0273305773735046,-,,-,,-,,I,1.74213445186615,I,2.3125267028808594,-,,-,,-,,-,,-,,-,,-,,-,,-,,-,
552,-,3.7488200664520264,-,,-,,-,,-,,D,3.7488200664520264,-,,-,,-,,-,,-,,-,,-,,-,,-,,-,
553,L,1.9515516757965088,Y,1.3011715412139893,L,2.952138900756836,L,1.1566745042800903,-,,-,,L,2.4291014671325684,-,,L,1.289729118347168,L,1.1891827583312988,L,1.4442859888076782,L,4.368330955505371,L,1.4060462713241577,V,1.9119855165481567,S,2.219052314758301,V,1.7509207725524902
554,E,1.647677086866819,-,,Y,1.3910853862762451,Y,3.8268935680389404,D,0.9810603260993958,-,,D,2.1715219020843506,R,1.2965145111083984,E,1.5453721284866333,E,2.0699241161346436,N,1.1546036005020142,N,1.339425802230835,N,1.2632911205291748,Q,1.2229893207550049,Q,1.9215625524520874,D,1.2355577945709229
555,E,1.7236670811971029,N,1.27085280418396,E,1.9097263813018799,E,2.217254400253296,F,2.4981534481048584,F,1.2308567762374878,H,1.415682315826416,N,2.5155506134033203,N,1.216844081878662,N,1.8632973432540894,D,1.6893641948699951,D,1.5742902755737305,D,1.5415520668029785,Q,1.8481833934783936,H,1.11252760887146,F,1.9508705139160156
556,Y,2.169686700616564,-,,Y,1.524876594543457,Y,2.931142807006836,P,2.2107975482940674,P,2.2401442527770996,G,1.2334696054458618,Y,1.702521562576294,C,1.179538369178772,Y,1.9874985218048096,T,1.027126431465149,T,1.3898918628692627,T,4.61639928817749,Q,2.4899649620056152,Q,2.1932127475738525,P,3.64902925491333
557,P,1.859778928756714,H,4.245538711547852,H,1.7426639795303345,H,1.3706659078598022,S,1.841325283050537,S,2.276796579360962,S,2.208726644515991,H,1.9016146659851074,P,1.432173490524292,H,1.2324907779693604,R,1.0281330347061157,Q,1.2432341575622559,Q,1.5892525911331177,Q,1.733230471611023,Q,1.479934573173523,S,2.5709030628204346
558,N,1.7586567719777426,S,1.653040885925293,R,1.6824901103973389,R,1.9065498113632202,R,2.316340923309326,R,2.7623353004455566,E,1.6305681467056274,D,1.1550755500793457,M,1.8011690378189087,A,1.7974765300750732,E,2.221143960952759,E,1.501362919807434,E,1.2326476573944092,D,1.5457621812820435,N,1.2880899906158447,N,1.8857985734939575
559,I,2.881572890281677,V,2.553940534591675,I,2.0952818393707275,I,1.5604894161224365,L,3.9443931579589844,F,3.004282236099243,L,3.24906063079834,I,4.292879581451416,L,4.339712619781494,L,2.64827561378479,L,1.7802096605300903,L,4.640407085418701,L,1.3175792694091797,V,4.080149173736572,V,1.5454199314117432,L,2.1715126037597656
560,I,2.3474469264348348,V,1.4481329917907715,L,2.196181535720825,L,1.9733738899230957,N,1.7304304838180542,N,1.6718071699142456,I,1.3851923942565918,I,2.1449995040893555,L,1.302177906036377,L,3.5772616863250732,M,4.925517559051514,M,1.5637565851211548,M,0.8683509826660156,V,4.151739120483398,V,1.9092886447906494,N,4.3634934425354
561,R,1.991400710741679,R,1.681027889251709,R,2.9161057472229004,R,1.7332730293273926,D,1.6557731628417969,D,1.2343775033950806,Y,1.0659078359603882,R,1.6054316759109497,Q,3.8003079891204834,K,3.2965049743652344,S,1.690084457397461,S,1.2318263053894043,S,2.456550121307373,R,1.588876724243164,R,2.3508169651031494,D,1.5641462802886963
562,W,1.963271943728129,S,1.011978030204773,L,2.362403631210327,L,2.124805450439453,L,1.5930992364883423,L,1.2270994186401367,W,4.113993167877197,W,2.912839412689209,T,1.7431254386901855,R,1.2423882484436035,S,2.2723255157470703,S,1.313890814781189,S,2.526075601577759,C,1.0328640937805176,C,1.8997724056243896,L,2.072418689727783
563,S,1.7845107992490132,S,1.9490247964859009,S,2.4935028553009033,S,2.1606969833374023,A,1.5229159593582153,A,2.1220643520355225,S,2.3077077865600586,S,1.3206102848052979,P,1.328366994857788,P,1.0515062808990479,I,1.292565107345581,I,0.8633593916893005,I,1.20119309425354,S,2.133180618286133,S,2.4275448322296143,A,2.5934226512908936
564,S,2.4613171021143594,A,1.393773078918457,G,3.650070905685425,G,2.9565725326538086,G,1.3241304159164429,A,1.7568230628967285,S,2.363162040710449,A,2.0758256912231445,S,1.545231819152832,S,1.3192169666290283,A,4.053670883178711,A,2.443342685699463,A,5.277714252471924,A,1.5662484169006348,S,2.9369962215423584,C,2.2569775581359863
565,I,1.7582088390986124,T,1.631662368774414,I,1.013466477394104,M,1.660597562789917,S,1.642231822013855,S,1.3762166500091553,V,1.417532205581665,L,3.0483510494232178,I,1.4877336025238037,I,1.5995757579803467,I,3.5182607173919678,I,2.529311180114746,I,1.8636701107025146,T,1.40179443359375,S,1.3000811338424683,A,0.8826475143432617
566,I,1.7816383759180705,I,2.3563215732574463,L,1.407199740409851,L,2.5667221546173096,I,1.5099074840545654,I,1.7801399230957031,A,1.1515263319015503,I,1.3922555446624756,I,2.6080451011657715,I,1.108044147491455,I,1.374030351638794,I,1.2064138650894165,I,2.544245719909668,V,1.472459316253662,V,1.8118655681610107,M,2.435398817062378
567,A,1.9341681520144145,L,2.393012285232544,V,1.1380683183670044,V,3.6853723526000977,L,1.4796205759048462,L,1.3110921382904053,T,1.3083361387252808,L,1.5355020761489868,F,1.321816086769104,F,1.3666354417800903,V,1.7225737571716309,F,5.237184047698975,F,0.9355505108833313,L,2.6302924156188965,F,1.9087016582489014,L,1.038764476776123
568,R,1.8099569876988728,R,1.804507851600647,R,1.8717581033706665,R,0.9839057922363281,R,1.2612617015838623,R,1.5552935600280762,R,1.4487048387527466,R,1.77475905418396,R,1.488153100013733,R,1.5157427787780762,R,1.244619607925415,R,1.8803285360336304,R,4.187628746032715,R,2.0780515670776367,R,2.798124313354492,R,1.2565152645111084
569,L,2.117640749613444,L,1.7219793796539307,L,1.2199655771255493,L,1.3830807209014893,L,3.614269495010376,L,2.6943552494049072,L,2.201974391937256,L,1.4106742143630981,L,0.9956803321838379,L,1.838174819946289,I,2.3931636810302734,L,2.5441668033599854,L,4.823237895965576,L,1.9482486248016357,L,1.1102408170700073,L,1.8653992414474487
570,A,1.789064888159434,A,1.983445405960083,P,3.994514226913452,P,1.1118661165237427,K,1.0943142175674438,R,1.7914425134658813,N,1.500274896621704,A,1.3130191564559937,C,2.8287439346313477,C,1.0124708414077759,W,1.7230844497680664,W,0.9406659007072449,W,1.3531724214553833,A,2.635502815246582,A,2.299898386001587,R,1.2535580396652222
571,D,2.0055434385935467,N,1.8792576789855957,D,1.7419135570526123,D,1.8788403272628784,G,1.2884577512741089,G,2.3097472190856934,D,2.430216073989868,N,1.3522992134094238,N,1.7921916246414185,N,1.6451740264892578,N,1.6204323768615723,N,4.193613052368164,N,1.5294016599655151,N,3.404305934906006,N,1.2251696586608887,G,1.7921314239501953
572,D,2.612023862202962,D,1.3662891387939453,D,2.128159523010254,D,1.173094630241394,D,2.5807275772094727,D,3.9330360889434814,D,1.9367204904556274,D,1.1857904195785522,D,2.073894739151001,D,8.43131160736084,D,2.376814842224121,D,4.838155746459961,D,1.757541537284851,D,1.7790056467056274,D,1.7947810888290405,D,1.8250348567962646
573,-,2.0126294940710068,-,,L,2.08156681060791,L,4.528656959533691,-,,-,,L,1.1687489748001099,L,1.1560415029525757,-,,L,1.256333827972412,L,1.38884699344635,L,1.3543386459350586,L,3.1665022373199463,-,,-,,-,
574,-,1.7210053205490112,-,,-,,-,,-,,-,,G,1.4318479299545288,G,1.7826697826385498,-,,G,1.948498249053955,-,,-,,-,,-,,-,,-,
575,L,2.1373443484306334,L,1.4569553136825562,-,,-,,I,1.5117391347885132,V,1.5112704038619995,T,2.7478840351104736,T,1.690171718597412,L,2.2734100818634033,T,1.475344181060791,-,,-,,-,,L,1.5889172554016113,L,3.491105318069458,T,3.626646041870117
576,G,1.8177109589943519,A,2.7173666954040527,G,2.29359769821167,G,1.6657761335372925,H,1.8693945407867432,C,1.4577134847640991,-,,-,,A,0.8225805759429932,S,1.4192677736282349,G,2.187401294708252,G,1.5290266275405884,G,1.4368916749954224,A,2.312814235687256,V,1.7211856842041016,R,2.197226047515869
577,T,2.3939285228649774,T,3.5785927772521973,T,4.928147792816162,T,2.009239435195923,S,1.6862192153930664,G,2.7448298931121826,-,,-,,T,0.9354838728904724,-,,C,1.4339524507522583,S,1.748244047164917,S,1.442728877067566,T,2.618002414703369,T,3.7332372665405273,C,1.8684642314910889
578,S,2.676907854420798,S,1.5316578149795532,S,1.061837911605835,S,1.976574420928955,Y,4.2524027824401855,Y,1.742217779159546,S,1.3317736387252808,S,4.644359588623047,S,3.475597620010376,-,,A,4.85914945602417,A,3.187133312225342,A,2.7029967308044434,S,1.178057312965393,S,3.1730000972747803,Y,2.3599514961242676
579,T,1.8394012729326883,S,0.8310840129852295,P,2.981285333633423,P,2.2406671047210693,Q,1.8227757215499878,K,1.121544599533081,K,1.509727120399475,S,1.0767194032669067,S,5.241102695465088,T,2.1516597270965576,K,2.1219990253448486,K,1.4283885955810547,K,1.815873384475708,P,0.8707395195960999,P,1.3217666149139404,Q,1.0556862354278564
580,D,2.0174882729848225,E,1.4181931018829346,F,2.2158360481262207,F,4.911928176879883,A,2.047771453857422,A,1.114501953125,A,1.6147187948226929,D,1.141710638999939,A,1.5530264377593994,A,1.7332788705825806,N,1.168594479560852,N,1.4438817501068115,N,2.770005464553833,D,1.8270971775054932,D,3.9173450469970703,A,1.384434700012207
581,E,1.8956609169642131,E,1.6213223934173584,E,1.8625634908676147,E,1.0397273302078247,E,2.735454559326172,E,1.416622519493103,E,1.1929848194122314,E,1.8142489194869995,E,2.7707066535949707,E,1.9837327003479004,E,1.1278642416000366,E,2.7185449600219727,E,2.5958800315856934,E,2.0040335655212402,E,1.4761223793029785,D,2.0751051902770996
582,L,2.1323333183924356,L,3.4145846366882324,M,2.4572596549987793,M,2.925842523574829,R,1.2565441131591797,R,1.50641667842865,M,1.0695868730545044,L,4.269017696380615,L,1.3100510835647583,L,1.0544418096542358,H,1.6873666048049927,H,1.8159370422363281,H,3.1299164295196533,L,3.426384925842285,L,1.0448191165924072,R,1.616830587387085
583,K,1.8902933200200398,A,2.8867831230163574,K,1.0416011810302734,K,2.4070098400115967,S,1.4042294025421143,S,2.165245294570923,K,3.9359607696533203,K,1.1670434474945068,E,1.9404126405715942,Q,1.3815363645553589,Q,1.2505812644958496,Q,2.7834274768829346,Q,1.3683570623397827,A,1.7480155229568481,A,1.3373069763183594,A,1.5368894338607788
584,R,2.037342635790507,R,2.637068510055542,R,2.5543336868286133,R,1.7239707708358765,R,2.6207778453826904,R,1.5858540534973145,R,1.3269500732421875,R,1.0570677518844604,R,1.506443977355957,R,1.3633837699890137,N,1.7159874439239502,N,2.593113422393799,N,1.2801728248596191,R,3.6202611923217773,R,1.2277604341506958,R,3.7469937801361084
585,G,2.2631071130434672,G,2.894186496734619,G,1.5721784830093384,G,2.3781256675720215,G,2.0932319164276123,G,1.1078394651412964,G,1.3771109580993652,G,1.6166868209838867,G,2.032649040222168,G,3.7836527824401855,G,1.9618868827819824,G,3.1141018867492676,G,0.9030655026435852,G,3.1370325088500977,G,4.680600643157959,G,1.294257640838623
586,D,2.139974347750346,D,3.313781499862671,D,1.2127293348312378,D,0.9348061084747314,E,2.1032655239105225,E,3.2126598358154297,D,2.838716506958008,D,2.2234959602355957,E,1.6701347827911377,E,2.0361454486846924,K,3.279305934906006,K,1.3679661750793457,K,1.6436630487442017,D,1.2489601373672485,D,2.678738594055176,E,2.3352463245391846
587,V,1.8632146994272867,T,1.9461933374404907,V,2.154139757156372,V,2.487520217895508,E,2.724553346633911,E,1.0794730186462402,V,1.212823748588562,V,1.7423853874206543,G,0.9065446853637695,V,1.1656144857406616,D,1.604673147201538,D,1.2799129486083984,D,1.2545732259750366,V,4.215080261230469,V,1.3545806407928467,E,2.8201522827148438
588,P,1.4333158214886983,M,3.89587140083313,P,1.322950005531311,P,1.5152231454849243,S,1.4292082786560059,A,1.5331391096115112,P,1.1341339349746704,P,1.2497676610946655,A,1.4448931217193604,A,1.4715325832366943,G,0.891425609588623,G,0.9010984301567078,G,1.0774017572402954,L,1.5761202573776245,C,1.0036954879760742,T,1.053276538848877
589,K,1.8744849999745687,K,1.9327831268310547,K,3.90765643119812,K,1.3727490901947021,S,2.0590617656707764,S,4.075797080993652,K,1.7974923849105835,K,1.0579731464385986,N,1.4577265977859497,N,1.38224196434021,S,1.4395447969436646,S,1.6548690795898438,S,2.3102991580963135,K,0.9687415361404419,K,1.4866321086883545,S,1.2137067317962646
590,A,2.0489052971204122,S,1.3355344533920288,A,2.9319770336151123,T,2.15295672416687,G,2.637261390686035,S,1.244347095489502,A,1.7441071271896362,S,2.0123257637023926,S,0.9540366530418396,S,1.476226568222046,Y,5.693898677825928,Y,1.2612642049789429,Y,2.325667381286621,S,1.3276060819625854,S,1.6873583793640137,C,1.9490119218826294
591,I,1.8078446467717488,V,1.9971818923950195,I,1.2366623878479004,I,1.3045070171356201,I,1.2864012718200684,I,1.47882878780365,V,1.2044565677642822,I,4.242964744567871,I,1.5073221921920776,I,1.9459946155548096,L,1.7239075899124146,L,1.0798572301864624,L,1.764400601387024,V,1.3304792642593384,I,1.7461894750595093,I,3.2685160636901855
592,Q,2.7359930555025738,Q,5.257096767425537,Q,1.4859031438827515,E,3.846050262451172,S,1.4153984785079956,S,2.9000864028930664,E,1.7670390605926514,Q,0.9899993538856506,I,4.8255534172058105,L,4.929827690124512,D,1.292423129081726,N,2.296229124069214,N,1.8602348566055298,Q,5.293214797973633,Q,1.6692124605178833,S,1.2116268873214722
593,C,2.488385621706645,C,1.1206358671188354,L,1.299750804901123,L,2.73026180267334,C,3.077376365661621,C,2.33408784866333,C,4.683267593383789,C,1.7182643413543701,C,2.7470667362213135,S,1.6040661334991455,C,2.5989770889282227,C,2.3316948413848877,C,1.8623238801956177,C,2.361499786376953,C,1.7092548608779907,C,5.147256374359131
594,Y,2.305482546488444,H,1.3663254976272583,Y,2.822620153427124,Y,1.2630754709243774,Y,3.243441343307495,Y,1.522739291191101,Y,1.9761006832122803,Y,3.027632713317871,Y,1.433724284172058,C,2.8494842052459717,Y,1.7045824527740479,Y,1.760918140411377,Y,4.18438196182251,Y,2.2850914001464844,Y,1.18971848487854,Y,3.952402114868164
595,M,1.6022282361984252,M,1.966442584991455,M,1.6138111352920532,M,1.6029331684112549,M,1.1161439418792725,M,0.944390058517456,M,1.237911343574524,M,1.4562005996704102,M,2.7551584243774414,M,2.712806224822998,K,1.055774211883545,K,1.7215039730072021,K,1.5463210344314575,M,1.084675908088684,M,2.0048930644989014,M,1.2144578695297241
596,N,1.895937689145406,H,1.166478157043457,K,3.4365196228027344,K,1.3131407499313354,K,4.776240348815918,K,1.5804479122161865,I,1.3895117044448853,N,1.447441577911377,N,1.7763736248016357,H,2.000685691833496,K,1.7811325788497925,K,1.8610275983810425,K,1.6290580034255981,H,1.5746451616287231,S,1.2099701166152954,K,1.4963924884796143
597,E,2.2437798817952475,E,1.2473288774490356,E,2.215183734893799,E,2.8875467777252197,D,2.0508015155792236,D,2.8113362789154053,Q,1.61054265499115,E,1.0975227355957031,E,1.7189111709594727,E,1.8447952270507812,E,2.208071231842041,E,4.17317533493042,E,2.4237875938415527,E,2.9424116611480713,E,2.3687000274658203,D,2.0565834045410156
598,T,1.5449910362561543,-,,-,,-,,N,1.2484312057495117,N,1.4380745887756348,-,,-,,-,,-,,H,1.7449184656143188,H,1.5506844520568848,H,1.3482853174209595,-,,-,,N,1.9395521879196167
599,-,1.5726872007052104,T,1.0633063316345215,R,1.715531826019287,R,1.248967170715332,P,1.3305364847183228,P,2.210742473602295,T,2.014425754547119,K,1.4087164402008057,N,1.93297278881073,N,1.2176612615585327,I,1.4893699884414673,I,1.6356549263000488,I,0.9396868348121643,T,1.9071989059448242,T,1.8182246685028076,P,1.6573121547698975
600,G,1.8874321103096008,G,3.1522982120513916,N,1.1870441436767578,N,3.3783698081970215,E,1.8268048763275146,G,1.5916409492492676,G,1.3226302862167358,K,1.0744911432266235,G,3.6310369968414307,D,1.9550360441207886,N,1.2359503507614136,N,2.498791456222534,N,0.8855474591255188,G,1.3183447122573853,G,2.157654285430908,G,1.0958409309387207
601,A,2.0758304516474406,A,1.7488892078399658,A,2.8258891105651855,A,2.2732086181640625,S,1.8852182626724243,A,2.0672354698181152,E,3.1184983253479004,V,4.184689998626709,V,1.9675102233886719,I,1.4347960948944092,L,1.6772005558013916,L,1.3268623352050781,L,1.456336498260498,V,1.6929305791854858,A,1.638803482055664,A,1.8393880128860474
602,S,1.846095625559489,S,2.145516872406006,T,1.880071997642517,T,1.6407748460769653,T,2.560938596725464,T,1.4599268436431885,S,2.1565325260162354,S,1.439643383026123,S,1.1872045993804932,G,1.6934773921966553,T,2.659891366958618,T,0.9355212450027466,T,3.2390975952148438,S,1.2945863008499146,S,1.4014315605163574,T,1.996819257736206
603,E,1.6361634055773417,E,1.4189467430114746,E,1.7278635501861572,E,1.1014913320541382,E,1.42044198513031,E,1.7785720825195312,Y,1.7302459478378296,E,1.4275155067443848,E,1.6059725284576416,E,1.377524971961975,A,1.256542682647705,A,0.8526597619056702,A,2.055163621902466,E,1.7442365884780884,E,1.494743824005127,E,3.550529956817627
604,E,2.7928916613260903,-,,-,,-,,E,2.205104112625122,E,3.247065305709839,-,,-,,-,,-,,-,,-,,-,,-,,-,,E,2.9265055656433105
605,-,,-,,-,,-,,-,,-,,-,,-,,-,,-,,-,,-,,-,,-,,-,,-,
606,-,1.804534097512563,A,3.1330878734588623,I,1.4522656202316284,I,3.059084892272949,-,,-,,E,3.008636951446533,E,1.0398733615875244,E,1.6171976327896118,E,1.6352217197418213,A,0.9307340383529663,A,1.4293618202209473,A,1.3357936143875122,E,1.617927074432373,D,1.3952245712280273,-,
607,-,,-,,-,,-,,-,,-,,-,,-,,-,,-,,-,,-,,-,,-,,-,,-,
608,-,,-,,-,,-,,-,,-,,-,,-,,-,,-,,-,,-,,-,,-,,-,,-,
609,G,1.978295866648356,E,1.0253913402557373,E,2.15158748626709,E,1.7122102975845337,D,2.4164469242095947,D,1.4985982179641724,D,1.3907073736190796,E,2.039701223373413,V,1.9136877059936523,S,2.9614038467407227,Q,2.2581448554992676,Q,3.2613415718078613,Q,1.4305545091629028,E,1.578188419342041,K,1.2206251621246338,D,2.8158490657806396
610,A,2.432239468892415,S,1.6257044076919556,A,1.82370126247406,A,1.4114580154418945,A,2.8489513397216797,A,1.41157066822052,A,2.1307272911071777,A,5.003026485443115,A,2.746481418609619,A,3.2011585235595703,V,1.378665566444397,A,2.182823419570923,A,3.2513718605041504,A,1.6856451034545898,A,3.594125509262085,A,2.188181161880493
611,R,1.8435169378916423,R,2.969740390777588,Q,1.2240209579467773,Q,1.3848176002502441,V,3.705549478530884,L,1.2492766380310059,R,2.8552587032318115,R,1.7306981086730957,Y,1.287112832069397,H,2.3333542346954346,H,1.013584017753601,H,1.3097840547561646,H,1.967335820198059,R,1.6626347303390503,R,1.7210144996643066,L,1.2385720014572144
612,E,2.2818167924880983,A,3.6482036113739014,E,4.1367621421813965,E,3.2821044921875,T,2.0779149532318115,N,2.733246088027954,E,2.274543046951294,Q,1.8346871137619019,K,4.687030792236328,Q,1.553799033164978,E,1.2580984830856323,E,1.4124354124069214,E,1.0053260326385498,T,1.5484482049942017,S,1.380237102508545,N,1.3944153785705566
613,Y,1.7808227260907492,Y,0.9819690585136414,H,1.851088285446167,H,1.8434664011001587,Y,1.260574221611023,Q,1.2666127681732178,H,2.3758318424224854,H,1.1404485702514648,H,3.4054787158966064,H,1.1105362176895142,H,1.7451679706573486,H,3.27064847946167,H,1.583450198173523,H,2.0453977584838867,H,1.0534687042236328,R,1.778201699256897
614,I,1.671809236208598,I,2.019773483276367,V,2.1481196880340576,V,1.2119413614273071,I,1.261350154876709,I,1.4746149778366089,I,1.8139362335205078,I,3.253541946411133,I,1.3242205381393433,I,1.2706491947174072,A,1.3377875089645386,A,1.947665810585022,A,1.3287583589553833,V,1.304912805557251,V,2.200571298599243,L,1.1792951822280884
615,K,1.8940283377965292,Q,2.4630279541015625,R,1.1222906112670898,R,3.55023193359375,N,1.5450855493545532,D,1.4119775295257568,Q,2.565753698348999,R,1.0867633819580078,Q,1.4981106519699097,H,2.380035161972046,L,2.182016134262085,L,0.996202826499939,L,1.3491945266723633,Q,1.640236735343933,R,2.6288862228393555,N,1.9906121492385864
616,Y,1.9525651613871255,G,1.8347638845443726,F,1.9328184127807617,F,2.103747844696045,A,1.8551502227783203,T,4.73433256149292,G,1.724557876586914,L,1.6193856000900269,N,1.8314664363861084,S,2.6319899559020996,E,1.3860036134719849,E,1.5615943670272827,E,0.9792979955673218,Q,1.487025499343872,Q,2.019774913787842,V,1.5865682363510132
617,L,2.1693260113398236,I,2.0634570121765137,L,1.816413402557373,L,1.9984596967697144,M,1.223336100578308,M,1.744421124458313,L,6.662044525146484,L,1.3501733541488647,L,1.1442909240722656,L,1.6813610792160034,L,1.9847497940063477,L,1.3015491962432861,L,1.614922285079956,M,4.504664421081543,M,1.929844617843628,M,1.52020263671875
618,I,1.9407131592432658,I,1.6473376750946045,I,1.4409499168395996,I,1.0727710723876953,I,1.7667564153671265,I,3.77947998046875,V,1.6462745666503906,I,2.800621509552002,L,1.3332064151763916,L,2.23667049407959,V,2.2600386142730713,V,1.3243149518966675,V,1.7677382230758667,I,1.1417503356933594,I,2.4340837001800537,I,2.4587035179138184
619,S,1.9969382921854655,G,1.8103923797607422,R,2.9458274841308594,R,1.8040170669555664,N,1.5615061521530151,K,1.849373459815979,R,1.5205808877944946,S,1.270437240600586,D,1.189832091331482,N,2.354762315750122,A,4.79984188079834,A,1.0166507959365845,A,3.428863286972046,S,1.046622633934021,N,1.7366609573364258,S,1.6187057495117188
620,A,1.9076746304829915,V,1.3463244438171387,E,3.6843369007110596,E,1.8418164253234863,R,1.4248067140579224,E,3.335526466369629,D,1.6645210981369019,E,3.612598419189453,Q,1.4292207956314087,E,1.4325429201126099,I,1.3681607246398926,I,1.5931200981140137,I,1.507199764251709,H,1.3281402587890625,D,0.8413329124450684,G,2.2054715156555176
621,T,2.1362143834431966,A,3.2605772018432617,A,1.3456017971038818,A,1.3898262977600098,L,3.622523069381714,K,1.7075018882751465,C,1.410238265991211,T,1.7658575773239136,T,1.5020685195922852,T,1.848202109336853,E,1.2293214797973633,E,1.725333333015442,E,1.9723504781723022,T,2.198394775390625,L,3.324397087097168,V,3.7410218715667725
622,W,2.2438000679016112,W,0.9555022716522217,W,3.2753868103027344,W,2.9002673625946045,L,1.5908952951431274,I,1.2661030292510986,W,1.504773736000061,W,1.4859814643859863,W,3.0973575115203857,W,2.7450153827667236,W,1.8740485906600952,W,3.5000619888305664,W,2.4702346324920654,W,2.130415439605713,W,3.3730309009552,I,1.4879266023635864
623,K,1.9425434033075968,D,1.6400351524353027,K,1.6297413110733032,R,2.7523279190063477,K,2.0597076416015625,K,3.562655210494995,K,1.6501555442810059,K,1.762291431427002,K,1.7348862886428833,K,2.600482702255249,K,1.6498901844024658,K,1.677364706993103,K,0.9285062551498413,D,2.665372848510742,D,1.4440196752548218,K,1.3807141780853271
624,K,2.120082688331604,D,1.9747710227966309,E,2.2071402072906494,E,1.5571726560592651,E,1.6731988191604614,E,2.4716243743896484,K,1.887070894241333,K,3.7132296562194824,K,3.378497362136841,K,1.2081094980239868,R,1.2940175533294678,R,2.031912088394165,R,2.475860595703125,E,2.1717114448547363,E,1.514603853225708,E,2.2423202991485596
625,M,2.0454167127609253,L,1.0312175750732422,M,1.457141637802124,M,3.388842821121216,L,2.0860252380371094,L,1.2834872007369995,M,1.6171425580978394,L,1.696764349937439,M,1.1316397190093994,M,4.432239532470703,L,1.141115665435791,L,2.4432294368743896,L,2.5652108192443848,M,2.1739144325256348,M,2.452735662460327,L,1.7805440425872803
626,N,2.0603577772776287,N,1.7236377000808716,N,2.3533921241760254,N,3.7051169872283936,N,2.014899253845215,N,3.2619714736938477,N,1.136667013168335,N,1.3487046957015991,N,1.4411225318908691,N,3.28468918800354,N,3.5465991497039795,N,0.9162113666534424,N,1.4033668041229248,N,2.0274133682250977,N,1.6772541999816895,N,1.0643208026885986
627,K,1.6539798935254415,M,1.1534194946289062,T,1.5371841192245483,T,2.0889949798583984,W,2.550656318664551,W,1.2938700914382935,E,2.334290027618408,E,1.4881421327590942,K,1.7319440841674805,R,1.0599240064620972,K,1.5887783765792847,K,2.5939443111419678,K,0.9403576254844666,Y,0.9427357912063599,Y,2.493896961212158,W,1.011560082435608
628,D,2.2419657548268637,E,4.10245418548584,A,3.3304052352905273,A,1.5066368579864502,E,1.8731586933135986,E,1.266283392906189,E,2.4698984622955322,A,2.0578994750976562,D,1.7576464414596558,D,1.1476892232894897,E,1.2766979932785034,E,2.5171334743499756,E,2.4099602699279785,E,3.3610568046569824,E,3.0216708183288574,E,1.5308949947357178
629,R,1.5891526142756145,-,,-,,-,,F,1.0136616230010986,F,1.9367316961288452,-,,-,,-,,-,,-,,-,,-,,-,,-,,L,1.8170645236968994
630,A,2.267721156279246,K,2.1213114261627197,T,1.4482368230819702,T,2.4960198402404785,L,0.9561585783958435,L,4.211608409881592,C,4.193716526031494,H,1.7489514350891113,R,4.167419910430908,R,1.5902025699615479,S,2.738100290298462,S,1.4733378887176514,S,1.2286871671676636,A,2.4141685962677,K,1.392716407775879,L,1.835181474685669
631,A,2.1662184397379556,K,4.281905174255371,-,,-,,K,1.810165286064148,K,1.3412361145019531,-,,-,,-,,-,,-,,-,,-,,R,1.7924911975860596,M,2.4920835494995117,K,1.279429316520691
632,-,1.8065918684005737,-,,-,,-,,-,,-,,-,,-,,-,,-,,-,,-,,-,,T,1.8065918684005737,-,,-,
633,S,1.699020544687907,-,,A,1.3886525630950928,A,1.8467340469360352,-,,-,,L,1.3276950120925903,N,1.9977061748504639,-,,F,1.1365689039230347,-,,-,,-,,A,2.4967665672302246,-,,-,
634,S,2.0894101560115814,S,1.255918264389038,A,1.5881510972976685,A,3.3801846504211426,-,,-,,-,,-,,-,,-,,F,2.1296803951263428,F,0.9327021837234497,F,1.923543930053711,A,1.8339769840240479,A,3.671123743057251,-,
635,-,,-,,-,,-,,-,,-,,-,,-,,-,,-,,-,,-,,-,,-,,-,,-,
636,-,,-,,-,,-,,-,,-,,-,,-,,-,,-,,-,,-,,-,,-,,-,,-,
637,-,,-,,-,,-,,-,,-,,-,,-,,-,,-,,-,,-,,-,,-,,-,,-,
638,-,,-,,-,,-,,-,,-,,-,,-,,-,,-,,-,,-,,-,,-,,-,,-,
639,-,1.804658219218254,-,,-,,-,,-,,-,,-,,V,2.9257869720458984,V,1.0771818161010742,-,,N,1.739105463027954,N,2.2103679180145264,N,1.5884473323822021,R,2.5152692794799805,H,1.3511921167373657,P,1.0299148559570312
640,-,2.2364953557650247,-,,V,1.811437726020813,A,1.2697983980178833,P,1.5824037790298462,P,1.9798845052719116,-,,A,2.09743332862854,I,2.1222448348999023,I,0.9938764572143555,L,5.08909273147583,L,1.2394179105758667,L,3.792992115020752,S,3.347585916519165,S,1.5117765665054321,-,
641,-,1.7859404342515128,-,,D,1.141617774963379,D,1.379583477973938,H,1.9117484092712402,D,2.0277462005615234,K,1.2468626499176025,A,1.0753178596496582,N,1.3869149684906006,H,3.303072929382324,N,2.394871234893799,N,1.9203802347183228,N,2.2954325675964355,S,1.2645591497421265,S,2.6536500453948975,D,1.001408576965332
642,P,1.608180856704712,C,1.7952632904052734,C,1.4683172702789307,C,1.5414948463439941,S,1.962404727935791,S,1.3040919303894043,C,1.0760900974273682,H,1.385813593864441,S,1.7135688066482544,S,1.47414231300354,H,2.9821906089782715,H,1.6498548984527588,H,2.04721736907959,S,1.7640401124954224,S,1.0171887874603271,S,0.941034197807312
643,F,2.13367182413737,R,1.6380746364593506,P,3.780177593231201,P,1.6955173015594482,N,0.9004726409912109,N,2.406284809112549,C,2.2530741691589355,P,1.5380500555038452,P,1.4796839952468872,P,1.5013104677200317,D,2.486253261566162,D,3.82584810256958,D,2.466242790222168,L,3.081937313079834,I,1.316209316253662,G,1.6359409093856812
644,-,2.6923877318700153,L,1.787882924079895,F,2.24222993850708,F,1.1225886344909668,V,3.120979070663452,V,2.6520347595214844,L,1.7065004110336304,F,1.7333468198776245,S,1.7569071054458618,F,1.9562076330184937,S,3.5551347732543945,S,2.2761051654815674,S,6.291306018829346,L,1.2306623458862305,L,3.433243751525879,V,5.520686626434326
645,S,1.511369280020396,H,1.5959422588348389,T,0.992577850818634,T,1.457131266593933,P,1.1397778987884521,P,1.1907374858856201,P,1.2981666326522827,P,1.445907711982727,S,1.6121267080307007,P,2.242654800415039,V,1.4043306112289429,V,2.0318453311920166,V,1.482290506362915,S,1.5377110242843628,H,1.3868701457977295,P,1.8524689674377441
646,H,2.107754373550415,Q,1.4162862300872803,D,1.742562174797058,D,4.331869602203369,I,1.4439085721969604,I,1.7307361364364624,K,1.4606397151947021,K,1.4030249118804932,K,3.490856885910034,E,2.8574843406677246,S,2.1417510509490967,S,2.4603500366210938,S,2.7013726234436035,R,1.5152170658111572,H,1.0592546463012695,I,1.8610016107559204
647,I,2.6151066462198895,G,1.9153687953948975,D,2.041738748550415,D,2.7039387226104736,T,4.314712047576904,S,1.1906144618988037,S,2.3712875843048096,M,1.875179409980774,Y,2.4724395275115967,P,1.5448307991027832,S,1.7104796171188354,S,6.198973655700684,S,3.852386236190796,R,1.1049422025680542,D,1.4015105962753296,S,4.528197288513184
648,F,1.9095860163370768,F,1.4260234832763672,L,3.874220848083496,L,1.1633074283599854,S,1.3520270586013794,S,1.8942761421203613,Y,1.9896870851516724,F,2.324983835220337,F,2.0497705936431885,F,1.7757261991500854,F,1.7740910053253174,F,1.6548805236816406,F,2.8393404483795166,F,1.1572175025939941,F,1.3656543493270874,S,2.0025837421417236
649,I,2.3258092323939006,L,2.581874370574951,V,1.3234814405441284,V,1.6707367897033691,K,2.0139400959014893,K,3.6524717807769775,V,1.529683232307434,V,2.1980795860290527,S,1.99173104763031,V,1.3329253196716309,K,1.119079351425171,K,2.6958940029144287,K,1.7301795482635498,V,4.671799659729004,M,4.573452949523926,K,1.801809310913086
650,E,1.9314916531244914,E,1.358682632446289,T,1.2947533130645752,A,2.141591787338257,K,3.6223371028900146,K,2.0515077114105225,E,2.7083418369293213,K,1.2132893800735474,E,1.7509845495224,E,1.220792531967163,Q,2.2662765979766846,Q,3.8197035789489746,Q,1.7398216724395752,E,1.1493247747421265,E,1.2109453678131104,K,1.4240219593048096
651,I,2.1716740926106772,A,1.6469371318817139,A,1.0373365879058838,A,4.19337272644043,H,1.7089024782180786,H,1.3049542903900146,T,1.7020708322525024,S,4.393468379974365,T,1.3166865110397339,I,3.292886972427368,A,3.5053772926330566,A,2.8380203247070312,A,1.620633602142334,T,1.1988160610198975,T,1.1823855638504028,I,1.6332626342773438
652,A,1.795143715540568,A,1.827597737312317,A,2.322737216949463,A,1.1971850395202637,A,1.4355391263961792,A,1.4732943773269653,V,4.0792036056518555,A,1.6317399740219116,I,1.4181767702102661,A,1.1014444828033447,A,1.3339223861694336,A,1.7072041034698486,A,1.5437366962432861,A,1.969625473022461,V,1.8465348482131958,N,2.0392138957977295
653,L,1.8402688026428222,A,1.7329504489898682,A,1.2046986818313599,A,1.3715907335281372,F,1.064040184020996,F,3.0777862071990967,L,1.555134892463684,M,1.2607426643371582,I,0.9756168127059937,T,3.5735421180725098,L,1.512158751487732,L,1.7352111339569092,L,1.3188600540161133,M,1.4577045440673828,I,4.130358695983887,F,1.6336361169815063
654,N,1.9759354829788207,N,1.6792222261428833,N,1.1612999439239502,N,1.1403236389160156,D,1.5850639343261719,D,1.438044786453247,N,1.3069475889205933,N,2.375516176223755,N,1.2464896440505981,N,1.9128738641738892,N,2.233670234680176,N,1.6175981760025024,N,3.892134428024292,N,4.591843605041504,N,1.2622768878936768,D,2.1957271099090576
655,L,2.154848011334737,L,4.16705846786499,L,1.1563581228256226,L,1.529354214668274,I,2.4405341148376465,I,1.9469213485717773,M,1.924441933631897,L,1.2693313360214233,L,4.039977073669434,L,1.676802635192871,F,3.7056283950805664,L,1.5640685558319092,L,2.509505033493042,L,1.1662698984146118,L,1.2235767841339111,I,2.002892255783081
656,A,1.6031930526097615,G,2.375098466873169,G,3.8187129497528076,G,1.316864013671875,L,1.2878851890563965,L,1.5446678400039673,V,1.1117984056472778,A,1.4934031963348389,A,1.1312943696975708,A,1.5917056798934937,A,1.6105760335922241,A,1.3202776908874512,A,1.116435170173645,A,1.2249940633773804,A,1.4354076385498047,T,1.6687750816345215
657,R,2.1665950218836465,-,,-,,-,,R,2.0035319328308105,R,3.0428173542022705,-,,-,,-,,-,,-,,-,,-,,-,,-,,R,1.4534357786178589
658,-,,-,,-,,-,,-,,-,,-,,-,,-,,-,,-,,-,,-,,-,,-,,-,
659,-,1.9788349370161693,R,2.1808688640594482,R,1.510256052017212,R,1.9799290895462036,-,,-,,R,1.9432425498962402,R,1.5182733535766602,R,1.2200651168823242,R,2.225083589553833,R,1.6374719142913818,R,3.918113946914673,R,1.9190329313278198,R,1.571653962135315,R,2.12202787399292,-,
660,-,,-,,-,,-,,-,,-,,-,,-,,-,,-,,-,,-,,-,,-,,-,,-,
661,-,,-,,-,,-,,-,,-,,-,,-,,-,,-,,-,,-,,-,,-,,-,,-,
662,-,,-,,-,,-,,-,,-,,-,,-,,-,,-,,-,,-,,-,,-,,-,,-,
663,-,,-,,-,,-,,-,,-,,-,,-,,-,,-,,-,,-,,-,,-,,-,,-,
664,-,,-,,-,,-,,-,,-,,-,,-,,-,,-,,-,,-,,-,,-,,-,,-,
665,-,,-,,-,,-,,-,,-,,-,,-,,-,,-,,-,,-,,-,,-,,-,,-,
666,M,1.9321908672650656,V,3.193110942840576,A,1.061588168144226,A,1.11299467086792,A,1.600872278213501,A,1.8138835430145264,T,1.3868976831436157,M,1.8129850625991821,I,0.9765433669090271,I,1.3616501092910767,M,2.281916379928589,M,2.509735584259033,M,2.3398921489715576,M,3.972598075866699,M,1.8564084768295288,A,1.7017865180969238
667,A,1.9947982629140217,A,2.1323940753936768,A,2.687673330307007,A,3.6063387393951416,F,2.207167863845825,F,1.7520384788513184,A,1.3419867753982544,A,1.2914314270019531,S,1.4554213285446167,A,3.052151918411255,V,1.513493537902832,V,1.1345453262329102,V,1.332834005355835,S,1.0605616569519043,S,1.314826250076294,F,4.039109230041504
668,Q,2.0999590436617535,Q,1.4953160285949707,Q,3.245884895324707,Q,1.4548590183258057,Y,1.437136173248291,Y,2.0297932624816895,Q,1.0869855880737305,Q,1.5322482585906982,H,7.222700119018555,Q,2.807912826538086,P,2.29693603515625,P,1.918007254600525,P,1.1262043714523315,Q,1.1122372150421143,Q,0.998126208782196,H,1.73503839969635
669,C,1.9721219221750894,C,1.2195905447006226,F,3.986345052719116,F,1.0319700241088867,H,1.9595617055892944,H,2.471489906311035,C,3.5461995601654053,C,1.3385483026504517,C,1.5404845476150513,C,2.7840077877044678,L,1.9643454551696777,L,2.3151438236236572,L,1.6405882835388184,C,1.3838202953338623,C,1.2491602897644043,Y,1.1505732536315918
670,L,2.3217759648958842,V,0.987872302532196,M,2.1892454624176025,M,2.8549132347106934,L,3.076136350631714,L,1.2867753505706787,I,3.2429168224334717,M,1.7669355869293213,T,2.294424295425415,T,1.8752999305725098,M,2.088970184326172,M,1.3279145956039429,M,3.3130061626434326,M,2.221578598022461,M,5.1646647453308105,G,1.1359858512878418
671,Y,1.6412988384564717,Y,2.0795645713806152,Y,1.243344783782959,Y,2.729628324508667,Y,1.693343162536621,Y,1.4454549551010132,Y,1.7422034740447998,Y,2.0186338424682617,Y,1.1868152618408203,Y,1.5231692790985107,Y,2.007901430130005,Y,1.1276400089263916,Y,1.1020992994308472,Y,1.6217155456542969,Y,0.7928908467292786,Y,2.3050777912139893
672,-,,-,,-,,-,,-,,-,,-,,-,,-,,-,,-,,-,,-,,-,,-,,-,
673,Q,1.714266840616862,Q,3.1499056816101074,L,1.2701985836029053,L,3.365093946456909,K,1.524850845336914,K,1.2819781303405762,Q,1.309868574142456,Q,1.1001229286193848,Q,2.1913130283355713,Q,1.0111134052276611,S,1.6243934631347656,S,1.631892204284668,S,1.9591894149780273,Q,1.4922515153884888,Q,1.7912698984146118,K,1.0105609893798828
674,H,1.7457725008328755,Y,1.804596185684204,D,1.0022157430648804,D,2.082625150680542,D,1.312311053276062,Y,1.5221372842788696,H,1.444977045059204,H,1.3902318477630615,Y,1.3409444093704224,T,1.2075926065444946,Y,2.580254316329956,Y,3.333503246307373,Y,2.5150325298309326,H,0.9041844010353088,Y,2.5323972702026367,Y,1.2135844230651855
675,G,1.7901329437891642,G,1.4058334827423096,G,1.6406699419021606,G,2.3368723392486572,R,2.2709805965423584,R,1.2282795906066895,G,1.9004415273666382,G,2.5247139930725098,G,2.2991507053375244,G,1.3013395071029663,D,1.5656107664108276,D,1.0983188152313232,D,2.9669525623321533,G,1.473464846611023,G,1.4467002153396606,R,1.3926652669906616
676,D,2.4484055201212565,D,1.7424088716506958,D,1.2804769277572632,D,1.194815993309021,D,1.1802242994308472,D,1.3896608352661133,D,2.3840866088867188,D,7.197271823883057,D,1.9023709297180176,D,1.4144445657730103,N,1.0807914733886719,H,1.9579975605010986,H,1.390478253364563,D,5.050978660583496,D,1.6639654636383057,D,5.896110534667969
677,G,2.0391364235144396,G,2.1799182891845703,-,,-,,G,1.4274982213974,G,2.897826910018921,G,1.456722617149353,G,1.6105953454971313,G,1.9214720726013184,G,3.417471170425415,N,2.622480630874634,N,2.512258291244507,N,1.295365810394287,G,0.8249581456184387,G,1.0063996315002441,G,3.335806369781494
678,H,1.819905244387113,H,1.6539384126663208,-,,-,,F,1.2670084238052368,F,3.4821224212646484,I,1.6536954641342163,H,1.3152079582214355,H,1.544723629951477,H,1.3740880489349365,R,1.456880807876587,Q,2.95538330078125,Q,2.2688374519348145,H,1.2819697856903076,H,1.0090444087982178,Y,2.3958680629730225
679,G,2.2498827163989725,G,1.8179845809936523,-,,-,,S,6.692451000213623,S,3.067401885986328,G,1.3887096643447876,G,1.1965641975402832,G,3.537259101867676,G,1.3053609132766724,R,1.628509759902954,R,1.3966267108917236,R,1.7178082466125488,G,2.2474777698516846,G,1.1107287406921387,S,2.1415927410125732
680,L,2.235391367565502,C,1.4199000597000122,-,,-,,V,1.7428948879241943,I,2.28289794921875,T,2.0326855182647705,G,0.9741389751434326,A,2.1485555171966553,A,1.932780385017395,-,,G,1.3024065494537354,-,,C,1.3022903203964233,S,3.833287477493286,V,5.617467403411865
681,-,,-,,-,,-,,-,,-,,-,,-,,-,,-,,-,,-,,-,,-,,-,,-,
682,-,,-,,-,,-,,-,,-,,-,,-,,-,,-,,-,,-,,-,,-,,-,,-,
683,-,,-,,-,,-,,-,,-,,-,,-,,-,,-,,-,,-,,-,,-,,-,,-,
684,G,1.8364526683633977,P,1.3144068717956543,G,1.756537914276123,G,0.951807975769043,T,2.612788438796997,A,2.144881010055542,-,,Q,3.071552038192749,-,,-,,G,1.642468810081482,-,,G,1.2583308219909668,P,1.3663086891174316,P,0.9316051006317139,S,3.150291681289673
685,-,,-,,-,,-,,-,,-,,-,,-,,-,,-,,-,,-,,-,,-,,-,,-,
686,-,1.5521718263626099,D,1.7661057710647583,N,1.538538932800293,N,1.671573519706726,-,,-,,S,1.334608554840088,-,,P,1.2073742151260376,P,2.17325496673584,-,,-,,-,,D,1.285707712173462,E,1.4402109384536743,-,
687,N,2.1026024520397186,K,1.3988349437713623,H,1.5017483234405518,H,1.2545441389083862,R,2.0345640182495117,N,1.690484642982483,T,2.7483949661254883,N,3.0233278274536133,D,3.051811695098877,D,1.4273788928985596,-,,-,,-,,K,1.5675270557403564,K,0.8228226900100708,S,4.709790229797363
688,R,1.926004695892334,A,1.8358700275421143,S,1.9657037258148193,S,1.7793450355529785,N,3.833620548248291,N,1.4655983448028564,G,1.857729434967041,S,1.0884313583374023,T,1.8304722309112549,S,1.5175575017929077,P,1.2082767486572266,P,2.2882370948791504,P,2.1724143028259277,A,1.0886341333389282,A,2.019134044647217,V,2.9390459060668945
689,E,2.630744973818461,K,3.3437600135803223,Q,3.4241280555725098,Q,1.5748279094696045,E,1.4033687114715576,E,2.9069318771362305,V,2.182321071624756,E,2.58232045173645,L,1.4032433032989502,I,3.463658094406128,V,2.792764186859131,V,1.7413984537124634,V,2.8202178478240967,K,3.8771719932556152,K,4.05938196182251,E,1.8856806755065918
690,T,2.7246082146962483,T,1.5335642099380493,L,2.308163642883301,L,1.5563404560089111,I,2.173006534576416,T,1.7369630336761475,T,5.103583335876465,T,1.5044169425964355,A,6.427871227264404,A,4.303888320922852,L,2.1210544109344482,L,1.1351680755615234,L,4.016494274139404,I,1.6365933418273926,I,3.401327610015869,T,1.910687804222107
691,K,1.87495170434316,V,1.2384052276611328,H,1.2090197801589966,H,1.8770065307617188,R,3.6043038368225098,K,1.102415919303894,Q,1.7115812301635742,Q,1.6677727699279785,K,1.2681788206100464,K,1.6907559633255005,E,1.9912569522857666,E,2.21106219291687,E,2.4530491828918457,V,1.6102427244186401,V,1.3760361671447754,K,3.1131882667541504
692,D,1.93482586145401,N,2.5160024166107178,Q,1.51816987991333,Q,3.3972322940826416,N,2.113327980041504,S,2.1971256732940674,D,1.5936312675476074,N,1.6502394676208496,N,1.1638697385787964,N,1.0191638469696045,E,1.014944076538086,E,2.878422975540161,E,1.8770270347595215,D,0.8055230975151062,D,3.923779010772705,S,1.3539291620254517
693,R,1.8957299908002219,H,0.8443847298622131,R,1.2917554378509521,R,2.471940040588379,L,1.6942596435546875,L,1.7753616571426392,R,1.9094730615615845,R,1.434278130531311,R,1.6969496011734009,R,2.342496871948242,Y,1.481619954109192,Y,4.027669906616211,Y,3.017059803009033,R,1.8072106838226318,R,1.4775402545928955,F,1.1639500856399536
694,I,2.361908729871114,V,1.710111141204834,I,3.639991044998169,I,1.2597757577896118,V,3.0787642002105713,V,1.5136594772338867,V,1.458981990814209,I,2.736194133758545,I,1.7713911533355713,V,1.7965480089187622,V,3.0140841007232666,V,2.471240758895874,V,1.8542503118515015,V,4.465024471282959,V,1.3313896656036377,V,3.3272247314453125
695,L,1.7054116169611613,R,1.8432679176330566,A,1.0751464366912842,A,1.565759301185608,M,1.1622700691223145,M,1.7060505151748657,I,1.6318211555480957,M,1.1658357381820679,K,1.7593412399291992,K,1.1009725332260132,K,2.6352884769439697,K,1.8658157587051392,K,1.1685773134231567,Q,3.431121587753296,M,1.682981252670288,M,1.786924958229065
696,S,1.6629384199778239,S,1.3943722248077393,C,2.066068172454834,S,1.2332415580749512,T,1.0436673164367676,R,1.3415966033935547,S,1.4060940742492676,A,1.6824966669082642,A,1.4134749174118042,S,2.328355312347412,F,1.2751729488372803,F,3.0466887950897217,F,1.056467056274414,T,1.7711737155914307,S,1.5041766166687012,R,2.381030321121216
697,L,1.8025532007217406,L,1.5736935138702393,L,1.167803406715393,L,3.5391857624053955,T,1.231024980545044,T,1.3673523664474487,L,1.455952525138855,L,2.0177206993103027,L,1.2265315055847168,L,3.909339427947998,M,2.0415546894073486,M,1.848739743232727,M,1.4177533388137817,L,1.0105606317520142,L,1.4047825336456299,T,1.8263028860092163
698,L,2.1076099713643393,L,1.6694610118865967,L,0.9124349355697632,L,1.062839150428772,V,4.265848159790039,L,4.922924995422363,I,2.1551601886749268,L,1.4697668552398682,I,2.0476431846618652,I,1.861318588256836,L,1.377902865409851,L,1.1665887832641602,L,2.1110053062438965,L,2.8513290882110596,L,1.7129966020584106,L,2.0269298553466797
699,I,1.8959684292475383,V,2.281212568283081,F,2.9012463092803955,F,2.1003527641296387,I,1.1369879245758057,L,1.4480985403060913,C,1.4672983884811401,F,1.2314400672912598,L,2.035895586013794,I,1.3743515014648438,S,1.3653302192687988,S,1.059789776802063,S,3.6388192176818848,V,1.3532594442367554,F,3.6639888286590576,L,1.3814553022384644
700,Q,2.2289704935891286,H,2.209327220916748,E,5.100247859954834,E,1.0373655557632446,E,2.416821241378784,E,2.3478403091430664,E,3.1192269325256348,E,,E,1.4150524139404297,E,4.130802154541016,D,1.335662841796875,D,1.4226559400558472,D,1.6934230327606201,D,1.6519354581832886,N,1.7667206525802612,E,1.5585052967071533
701,P,1.672300934791565,P,1.3245519399642944,P,1.7712022066116333,P,0.919572114944458,H,2.441455841064453,T,1.31039297580719,P,1.1611835956573486,S,,P,1.535308599472046,P,2.111415147781372,-,,-,,-,,P,1.8489837646484375,P,1.8800630569458008,P,2.0911810398101807
702,I,1.8837647546421399,L,1.4341017007827759,Y,2.6148276329040527,Y,2.7483460903167725,V,1.3721919059753418,V,2.198455810546875,V,2.00262451171875,I,,I,1.1081117391586304,I,1.4064465761184692,-,,-,,-,,I,1.4977295398712158,I,2.7217564582824707,V,1.6168203353881836
703,P,2.3271891962398183,P,2.0147862434387207,A,3.322796583175659,A,4.806608200073242,P,2.4948151111602783,P,2.4294774532318115,P,1.1059857606887817,P,,N,1.9869855642318726,V,1.656736969947815,-,,-,,-,,P,1.6837024688720703,P,2.0846712589263916,P,2.0125155448913574
704,-,2.059563954671224,L,2.0348081588745117,-,,-,,-,,-,,S,2.4559314250946045,P,,-,,L,1.6879522800445557,-,,-,,-,,-,,-,,-,
705,L,1.9362600644429524,N,1.7057702541351318,-,,-,,L,2.581028461456299,F,1.8632686138153076,Q,2.180710554122925,A,,-,,N,2.1189584732055664,-,,-,,-,,-,,-,,L,1.1678240299224854
706,N,1.2804445028305054,-,,-,,-,,-,,-,,W,1.4203095436096191,-,,-,,G,1.1405794620513916,-,,-,,-,,-,,-,,-,
707,K,2.159885823726654,-,,-,,-,,-,,-,,P,1.6555384397506714,-,,-,,D,2.6642332077026367,-,,-,,-,,-,,-,,-,
708,D,3.120126724243164,-,,-,,-,,-,,-,,-,,-,,-,,I,3.120126724243164,-,,-,,-,,-,,-,,-,
709,-,1.6011053323745728,-,,-,,-,,-,,-,,-,,-,,-,,Y,1.6011053323745728,-,,-,,-,,-,,-,,-,
710,-,,-,,-,,-,,-,,-,,-,,-,,-,,-,,-,,-,,-,,-,,-,,-,
711,-,,-,,-,,-,,-,,-,,-,,-,,-,,-,,-,,-,,-,,-,,-,,-,
712,-,,-,,-,,-,,-,,-,,-,,-,,-,,-,,-,,-,,-,,-,,-,,-,
713,-,,-,,-,,-,,-,,-,,-,,-,,-,,-,,-,,-,,-,,-,,-,,-,
714,-,,-,,-,,-,,-,,-,,-,,-,,-,,-,,-,,-,,-,,-,,-,,-,
